# https://github.com/mikedh/trimesh
v 3.67780256 47.89195251 73.97765350
v 3.66656280 47.74598694 74.90476990
v 0.00343853 48.03279495 73.97758484
v 0.00343853 47.88639450 74.90470123
v -3.67092562 47.89195251 73.97765350
v -3.65968585 47.74598694 74.90476990
v -7.32372713 47.47025299 73.97784424
v -7.30131340 47.32557678 74.90496826
v -10.93352985 46.77017593 73.97817230
v -10.90007401 46.62763977 74.90528870
v -14.47914982 45.79582214 73.97863007
v -14.43484879 45.65626526 74.90574646
v -17.93978119 44.55291367 73.97920990
v -17.88489342 44.41716003 74.90632629
v -21.29511452 43.04874039 73.97991180
v -21.22996140 42.91759109 74.90702057
v -24.52545738 41.29213715 73.98072815
v -24.45441437 41.16398621 74.90784454
v -27.61185646 39.29340363 73.98166656
v -27.52738380 39.17374039 74.90876770
v -30.53619957 37.06427765 73.98270416
v -30.44277954 36.95143127 74.90980530
v -33.28132248 34.61783218 73.98384857
v -33.17950439 34.51247025 74.91094971
v -35.83111572 31.96842957 73.98508453
v -35.72150040 31.87117195 74.91217804
v -38.17061996 29.13161659 73.98641205
v -38.05384445 29.04303551 74.91349792
v -40.28610229 26.12403870 73.98781586
v -40.16285706 26.04465866 74.91490173
v -42.16514969 22.96334839 73.98928833
v -42.03615570 22.89363670 74.91637421
v -43.79673386 19.66809082 73.99082947
v -43.66275024 19.60846138 74.91790771
v -45.17128372 16.25760841 73.99241638
v -45.03309631 16.20840836 74.91949463
v -46.28072739 12.75191021 73.99405670
v -46.13914871 12.71343517 74.92112732
v -47.11856079 9.17157173 73.99572754
v -46.97441483 9.14404869 74.92279053
v -47.67986298 5.53760290 73.99742126
v -47.53400040 5.52119684 74.92448425
v -47.96133804 1.87133014 73.99913788
v -47.81461716 1.86613894 74.92618561
v -47.96133804 -1.80573189 74.00085449
v -47.81461716 -1.79967499 74.92790222
v -47.67986298 -5.47200441 74.00256348
v -47.53400040 -5.45473289 74.92960358
v -47.11856079 -9.10597324 74.00425720
v -46.97441483 -9.07758522 74.93129730
v -46.28072739 -12.68631172 74.00592804
v -46.13914871 -12.64697170 74.93296051
v -45.17128372 -16.19200897 74.00756836
v -45.03309631 -16.14194489 74.93459320
v -43.79673386 -19.60249329 74.00916290
v -43.66275024 -19.54199600 74.93618011
v -42.16514969 -22.89774895 74.01069641
v -42.03615570 -22.82717323 74.93771362
v -40.28610229 -26.05844116 74.01217651
v -40.16285706 -25.97819519 74.93918610
v -38.17061996 -29.06601715 74.01358032
v -38.05384445 -28.97657204 74.94058990
v -35.83111572 -31.90283012 74.01490021
v -35.72150040 -31.80470848 74.94190979
v -33.28132248 -34.55223465 74.01613617
v -33.17950439 -34.44600677 74.94313812
v -30.53619957 -36.99867630 74.01728058
v -30.44277954 -36.88496780 74.94427490
v -27.61185646 -39.22780609 74.01831818
v -27.52738380 -39.10727692 74.94531250
v -24.45441437 -41.09752274 74.94624329
v -24.24057770 -40.72852325 75.78237915
v -21.04088402 -42.46886444 75.78318787
v -20.74638939 -41.87377167 76.44660950
v -17.72560310 -43.95507812 75.78388214
v -17.47750282 -43.33919144 76.44728851
v -14.30628014 -45.18315125 75.78445435
v -14.10602951 -44.55007935 76.44785309
v -10.80298138 -46.14587402 75.78490448
v -10.65175629 -45.49932861 76.44830322
v -7.23626709 -46.83759689 75.78523254
v -7.13495445 -46.18137360 76.44861603
v -3.62706685 -47.25426483 75.78542328
v -3.57626152 -46.59220505 76.44880676
v 0.00343853 -47.39342499 75.78549194
v 0.00343853 -46.72941971 76.44887543
v 3.63394380 -47.25426483 75.78542328
v 3.58313847 -46.59220505 76.44880676
v 7.24314404 -46.83759689 75.78523254
v 7.14183140 -46.18137360 76.44861603
v 10.80985832 -46.14587402 75.78490448
v 10.65863323 -45.49932861 76.44830322
v 14.31315708 -45.18315125 75.78445435
v 14.11290646 -44.55007935 76.44785309
v 17.73247910 -43.95507812 75.78388214
v 17.48437881 -43.33919144 76.44728851
v 21.04776192 -42.46886444 75.78318787
v 20.75326729 -41.87377167 76.44660950
v 24.23954773 -40.73322296 75.78237915
v 23.90038681 -40.16242218 76.44580841
v 27.28910637 -38.75835037 75.78145599
v 26.90727043 -38.21518707 76.44490051
v 30.17854118 -36.55583191 75.78042603
v 29.75626945 -36.04348755 76.44388580
v 32.89089584 -34.13858795 75.77930450
v 32.43066788 -33.66007233 76.44277191
v 35.41025543 -31.52080917 75.77807617
v 34.91477203 -31.07892609 76.44156647
v 37.72183228 -28.71785736 75.77677155
v 37.19400024 -28.31519890 76.44027710
v 39.81206512 -25.74618149 75.77538300
v 39.25498199 -25.38510704 76.43891144
v 41.66868210 -22.62321663 75.77392578
v 41.08562088 -22.30584717 76.43746948
v 43.28079224 -19.36729431 75.77240753
v 42.67517090 -19.09548759 76.43597412
v 44.63893509 -15.99751949 75.77083588
v 44.01430511 -15.77287006 76.43442535
v 45.73513794 -12.53366756 75.76921844
v 45.09516907 -12.35749054 76.43283081
v 46.56296921 -8.99606514 75.76756287
v 45.91141510 -8.86939430 76.43119812
v 47.11756897 -5.40547371 75.76588440
v 46.45825195 -5.32904911 76.42955017
v 47.39568710 -1.78296316 75.76419830
v 46.73247910 -1.75723195 76.42787933
v 47.39568710 1.85020792 75.76249695
v 46.73247910 1.82509637 76.42620850
v 47.11756897 5.47271824 75.76081085
v 46.45825195 5.39691353 76.42453766
v 46.56296921 9.06331062 75.75913239
v 45.91141510 8.93725872 76.42288971
v 45.73513794 12.60091209 75.75748444
v 45.09516907 12.42535496 76.42125702
v 44.63893509 16.06476402 75.75586700
v 44.01430511 15.84073448 76.41966248
v 43.28079224 19.43453979 75.75428772
v 42.67517090 19.16335297 76.41811371
v 41.66868210 22.69046211 75.75276947
v 41.08562088 22.37371254 76.41661072
v 39.81206512 25.81342506 75.75131226
v 39.25498199 25.45297241 76.41517639
v 37.72183228 28.78510284 75.74992371
v 37.19400024 28.38306427 76.41381073
v 35.41025543 31.58805466 75.74861908
v 34.91477203 31.14679146 76.41252136
v 32.89089584 34.20583344 75.74739838
v 32.43066788 33.72793579 76.41131592
v 30.17854118 36.62307358 75.74626923
v 29.75626945 36.11135101 76.41020203
v 27.28910637 38.82559586 75.74523926
v 26.90727043 38.28305054 76.40918732
v 24.23954773 40.80046844 75.74431610
v 23.90038681 40.23028564 76.40827942
v 21.04776192 42.53610611 75.74350739
v 20.75326729 41.94163513 76.40747833
v 17.73247910 44.02232361 75.74281311
v 17.48437881 43.40705490 76.40679169
v 14.31315708 45.25039673 75.74224091
v 14.11290646 44.61794281 76.40622711
v 10.80985832 46.21311951 75.74179077
v 10.65863323 45.56719208 76.40578461
v 7.24314404 46.90484238 75.74147034
v 7.14183140 46.24923706 76.40547180
v 3.63394380 47.32150650 75.74127197
v 3.58313847 46.66006851 76.40527344
v 0.00343853 47.46066666 75.74121094
v 0.00343853 46.79728317 76.40521240
v -3.62706685 47.32150650 75.74127197
v -3.57626152 46.66006851 76.40527344
v -7.23626709 46.90484238 75.74147034
v -7.13495445 46.24923706 76.40547180
v -10.80298138 46.21311951 75.74179077
v -10.65175629 45.56719208 76.40578461
v -14.30628014 45.25039673 75.74224091
v -14.10602951 44.61794281 76.40622711
v -17.72560310 44.02232361 75.74281311
v -17.47750282 43.40705490 76.40679169
v -21.04088402 42.53610611 75.74350739
v -20.74638939 41.94163513 76.40747833
v -24.24057770 40.79576874 75.74431610
v -23.90520477 40.22333145 76.40827942
v -27.28222847 38.82559586 75.74523926
v -26.90039253 38.28305054 76.40918732
v -30.17166328 36.62307358 75.74626923
v -29.74939346 36.11135101 76.41020203
v -32.88402176 34.20583344 75.74739838
v -32.42379379 33.72793579 76.41131592
v -35.40337753 31.58805466 75.74861908
v -34.90789413 31.14679146 76.41252136
v -37.71495819 28.78510284 75.74992371
v -37.18712616 28.38306427 76.41381073
v -39.80518723 25.81342506 75.75131226
v -39.24810410 25.45297241 76.41517639
v -41.66180801 22.69046211 75.75276947
v -41.07874298 22.37371254 76.41661072
v -43.27391815 19.43453979 75.75428772
v -42.66829300 19.16335297 76.41811371
v -44.63205719 16.06476402 75.75586700
v -44.00742722 15.84073448 76.41966248
v -45.72826004 12.60091209 75.75748444
v -45.08829117 12.42535496 76.42125702
v -46.55609131 9.06331062 75.75913239
v -45.90453720 8.93725872 76.42288971
v -47.11069489 5.47271824 75.76081085
v -46.45137787 5.39691353 76.42453766
v -47.38880920 1.85020792 75.76249695
v -46.72560120 1.82509637 76.42620850
v -47.38880920 -1.78296316 75.76419830
v -46.72560120 -1.75723195 76.42787933
v -47.11069489 -5.40547371 75.76588440
v -46.45137787 -5.32904911 76.42955017
v -46.55609131 -8.99606514 75.76756287
v -45.90453720 -8.86939430 76.43119812
v -45.72826004 -12.53366756 75.76921844
v -45.08829117 -12.35749054 76.43283081
v -44.63205719 -15.99751949 75.77083588
v -44.00742722 -15.77287006 76.43442535
v -43.27391815 -19.36729431 75.77240753
v -42.66829300 -19.09548759 76.43597412
v -41.66180801 -22.62321663 75.77392578
v -41.07874298 -22.30584717 76.43746948
v -39.80518723 -25.74618149 75.77538300
v -39.24810410 -25.38510704 76.43891144
v -37.71495819 -28.71785736 75.77677155
v -37.18712616 -28.31519890 76.44027710
v -35.40337753 -31.52080917 75.77807617
v -34.90789413 -31.07892609 76.44156647
v -32.88402176 -34.13858795 75.77930450
v -32.42379379 -33.66007233 76.44277191
v -30.17166328 -36.55583191 75.78042603
v -29.74939346 -36.04348755 76.44388580
v -27.28222847 -38.75835037 75.78145599
v -26.90039253 -38.21518707 76.44490051
v -23.90520477 -40.15546799 76.44580841
v -23.48145676 -39.43425369 76.87158966
v -20.37530518 -41.12410736 76.87237549
v -23.01115799 -38.63527298 77.01804352
v -19.86610794 -40.34154510 77.01884460
v 7.30819082 47.32557678 74.90496826
v 7.33060408 47.47025299 73.97784424
v 10.90695095 46.62763977 74.90528870
v 10.94040680 46.77017593 73.97817230
v 14.44172573 45.65626526 74.90574646
v 14.48602772 45.79582214 73.97863007
v 17.89176941 44.41716003 74.90632629
v 17.94665718 44.55291367 73.97920990
v 21.23683929 42.91759109 74.90702057
v 21.30199051 43.04874039 73.97991180
v 24.45730209 41.16635895 74.90784454
v 24.53233528 41.29213715 73.98072815
v 27.53425980 39.17374039 74.90876770
v 27.61873436 39.29340363 73.98166656
v 30.44965553 36.95143127 74.90980530
v 30.54307556 37.06427765 73.98270416
v 33.18638229 34.51247025 74.91094971
v 33.28820038 34.61783218 73.98384857
v 35.72837830 31.87117195 74.91217804
v 35.83799362 31.96842957 73.98508453
v 38.06072235 29.04303551 74.91349792
v 38.17749786 29.13161659 73.98641205
v 40.16973495 26.04465866 74.91490173
v 40.29298019 26.12403870 73.98781586
v 42.04303360 22.89363670 74.91637421
v 42.17202759 22.96334839 73.98928833
v 43.66962814 19.60846138 74.91790771
v 43.80361176 19.66809082 73.99082947
v 45.03997421 16.20840836 74.91949463
v 45.17816162 16.25760841 73.99241638
v 46.14602280 12.71343517 74.92112732
v 46.28760529 12.75191021 73.99405670
v 46.98129272 9.14404869 74.92279053
v 47.12543869 9.17157173 73.99572754
v 47.54087830 5.52119684 74.92448425
v 47.68673706 5.53760290 73.99742126
v 47.82149124 1.86613894 74.92618561
v 47.96821594 1.87133014 73.99913788
v 47.82149124 -1.79967499 74.92790222
v 47.96821594 -1.80573189 74.00085449
v 47.54087830 -5.45473289 74.92960358
v 47.68673706 -5.47200441 74.00256348
v 46.98129272 -9.07758522 74.93129730
v 47.12543869 -9.10597324 74.00425720
v 46.14602280 -12.64697170 74.93296051
v 46.28760529 -12.68631172 74.00592804
v 45.03997421 -16.14194489 74.93459320
v 45.17816162 -16.19200897 74.00756836
v 43.66962814 -19.54199600 74.93618011
v 43.80361176 -19.60249329 74.00916290
v 42.04303360 -22.82717323 74.93771362
v 42.17202759 -22.89774895 74.01069641
v 40.16973495 -25.97819519 74.93918610
v 40.29298019 -26.05844116 74.01217651
v 38.06072235 -28.97657204 74.94058990
v 38.17749786 -29.06601715 74.01358032
v 35.72837830 -31.80470848 74.94190979
v 35.83799362 -31.90283012 74.01490021
v 33.18638229 -34.44600677 74.94313812
v 33.28820038 -34.55223465 74.01613617
v 30.44965553 -36.88496780 74.94427490
v 30.54307556 -36.99867630 74.01728058
v 27.53425980 -39.10727692 74.94531250
v 27.61873436 -39.22780609 74.01831818
v 24.45730209 -41.09989548 74.94624329
v 24.53233528 -41.22653580 74.01925659
v 21.23683929 -42.85112381 74.94706726
v 21.30199051 -42.98314285 74.02007294
v 17.89176941 -44.35069656 74.94776154
v 17.94665718 -44.48731232 74.02077484
v 14.44172573 -45.58980179 74.94834137
v 14.48602772 -45.73022079 74.02135468
v 10.90695095 -46.56117630 74.94879913
v 10.94040680 -46.70457458 74.02181244
v 7.30819082 -47.25911331 74.94911957
v 7.33060408 -47.40465546 74.02214050
v 3.66656280 -47.67952347 74.94931793
v 3.67780256 -47.82635498 74.02233887
v 0.00343853 -47.81993103 74.94938660
v 0.00343853 -47.96719742 74.02239990
v -3.65968585 -47.67952347 74.94931793
v -3.67092562 -47.82635498 74.02233887
v -7.30131340 -47.25911331 74.94911957
v -7.32372713 -47.40465546 74.02214050
v -10.90007401 -46.56117630 74.94879913
v -10.93352985 -46.70457458 74.02181244
v -14.43484879 -45.58980179 74.94834137
v -14.47914982 -45.73022079 74.02135468
v -17.88489342 -44.35069656 74.94776154
v -17.93978119 -44.48731232 74.02077484
v -21.22996140 -42.85112381 74.94706726
v -21.29511452 -42.98314285 74.02007294
v -24.52545738 -41.22653580 74.01925659
v -44.85430908 -3.54105735 77.00166321
v -45.88991165 -1.72500026 76.85398102
v -44.99656296 0.03419969 76.99999237
v -45.88991165 1.79326260 76.85234070
v -44.85430908 3.60945678 76.99832153
v -45.62059021 5.30120230 76.85070038
v -44.42845154 7.16210985 76.99666595
v -45.08353043 8.77823257 76.84908295
v -43.72168350 10.66969872 76.99502563
v -44.28187943 12.20394897 76.84748077
v -42.73846817 14.11004543 76.99342346
v -43.22034836 15.55824757 76.84591675
v -41.48502350 17.46140099 76.99185944
v -41.90516281 18.82144547 76.84439087
v -39.96928024 20.70257568 76.99034119
v -40.34403992 21.97439194 76.84291840
v -38.20081329 23.81307793 76.98889160
v -38.54613876 24.99858284 76.84150696
v -36.19080734 26.77324295 76.98751068
v -36.52201843 27.87627411 76.84016418
v -33.95196915 29.56435585 76.98620605
v -34.28355026 30.59057426 76.83889771
v -31.49845505 32.16876984 76.98499298
v -31.84387207 33.12556076 76.83771515
v -28.84577560 34.57001495 76.98387146
v -29.21730042 35.46635056 76.83662415
v -26.01070213 36.75291824 76.98284912
v -26.41925049 37.59920883 76.83562469
v -23.01115799 38.70367050 76.98194122
v -23.48145676 39.50251389 76.83473969
v -20.37530518 41.19236755 76.83394623
v -45.62059021 -5.23293972 76.85562134
v -44.42845154 -7.09371042 77.00331879
v -45.08353043 -8.70997047 76.85724640
v -43.72168350 -10.60129929 77.00495911
v -44.28187943 -12.13568687 76.85884094
v -42.73846817 -14.04164600 77.00656128
v -43.22034836 -15.48998547 76.86041260
v -41.48502350 -17.39300156 77.00812531
v -41.90516281 -18.75318336 76.86193085
v -39.96928024 -20.63417625 77.00964355
v -40.34403992 -21.90612984 76.86340332
v -38.20081329 -23.74467850 77.01109314
v -38.54613876 -24.93032074 76.86481476
v -36.19080734 -26.70484352 77.01247406
v -36.52201843 -27.80801201 76.86615753
v -33.95196915 -29.49595642 77.01377869
v -34.28355026 -30.52231216 76.86742401
v -31.49845505 -32.10036850 77.01499176
v -31.84387207 -33.05729675 76.86860657
v -28.84577560 -34.50161743 77.01611328
v -29.21730042 -35.39808655 76.86970520
v -26.01070213 -36.68451691 77.01713562
v -26.41925049 -37.53094864 76.87069702
v -17.16487694 -42.56331635 76.87304688
v -16.59543800 -41.79254913 77.01951599
v -13.85369873 -43.75254822 76.87360382
v -13.21982384 -42.97911072 77.02007294
v -10.46120167 -44.68482208 76.87403870
v -9.76060772 -43.89373016 77.02050018
v -7.00729275 -45.35466766 76.87435150
v -6.23966026 -44.53062057 77.02079773
v -3.51224279 -45.75815582 76.87454224
v -2.67924213 -44.88576126 77.02096558
v 0.00343853 -45.89291382 76.87460327
v 0.89813697 -44.95690155 77.02099609
v 3.51911998 -45.75815582 76.87454224
v 4.46985960 -44.74359131 77.02089691
v 7.01417017 -45.35466766 76.87435150
v 8.01334381 -44.24718475 77.02066803
v 10.46807861 -44.68482208 76.87403870
v 11.50618744 -43.47081757 77.02030182
v 13.86057568 -43.75254822 76.87360382
v 14.92630577 -42.41939545 77.01981354
v 17.17175484 -42.56331635 76.87304688
v 18.25207710 -41.09956741 77.01919556
v 20.38218307 -41.12410736 76.87237549
v 21.46247673 -39.51968002 77.01845551
v 23.47301865 -39.44336319 76.87158966
v 24.53720284 -37.68972015 77.01760101
v 26.42612839 -37.53094864 76.87069702
v 27.45681953 -35.62125778 77.01663971
v 29.22417831 -35.39808655 76.86970520
v 30.20286751 -33.32736969 77.01556396
v 31.85074806 -33.05729675 76.86860657
v 32.75798416 -30.82255745 77.01439667
v 34.29042816 -30.52231216 76.86742401
v 35.10601807 -28.12266159 77.01313782
v 36.52889633 -27.80801201 76.86615753
v 37.23212051 -25.24474716 77.01179504
v 38.55301666 -24.93032074 76.86481476
v 39.12285233 -22.20701218 77.01037598
v 40.35091400 -21.90612984 76.86340332
v 40.76625443 -19.02865982 77.00888824
v 41.91203690 -18.75318336 76.86193085
v 42.15194702 -15.72978687 77.00735474
v 43.22722626 -15.48998547 76.86041260
v 43.27116013 -12.33124828 77.00576782
v 44.28875732 -12.13568687 76.85884094
v 44.11682129 -8.85453224 77.00414276
v 45.09040833 -8.70997047 76.85724640
v 44.68358231 -5.32161856 77.00249481
v 45.62746811 -5.23293972 76.85562134
v 44.96786118 -1.75484335 77.00082397
v 45.89678574 -1.72500026 76.85398102
v 44.96786118 1.82324266 76.99916077
v 45.89678574 1.79326260 76.85234070
v 45.62746811 5.30120230 76.85070038
v 44.68358231 5.39001751 76.99748993
v 45.09040833 8.77823257 76.84908295
v 44.11682129 8.92293167 76.99584198
v 44.28875732 12.20394897 76.84748077
v 43.27116013 12.39964771 76.99421692
v 43.22722626 15.55824757 76.84591675
v 42.15194702 15.79818630 76.99263000
v 41.91203690 18.82144547 76.84439087
v 40.76625443 19.09705925 76.99109650
v 40.35091400 21.97439194 76.84291840
v 39.12285233 22.27541161 76.98960876
v 38.55301666 24.99858284 76.84150696
v 37.23212051 25.31314659 76.98818970
v 36.52889633 27.87627411 76.84016418
v 35.10601807 28.19105911 76.98684692
v 34.29042816 30.59057426 76.83889771
v 32.75798416 30.89095688 76.98558807
v 31.85074806 33.12556076 76.83771515
v 30.20286751 33.39576721 76.98442078
v 29.22417831 35.46635056 76.83662415
v 27.45681953 35.68965530 76.98334503
v 26.42612839 37.59920883 76.83562469
v 24.53720284 37.75811768 76.98238373
v 23.47301865 39.51162338 76.83473206
v 21.46247673 39.58807755 76.98152924
v 20.38218307 41.19236755 76.83394623
v 18.25207710 41.16796494 76.98078918
v 17.17175484 42.63158035 76.83327484
v 14.92630577 42.48779297 76.98017120
v 13.86057568 43.82081223 76.83271790
v 11.50618744 43.53921509 76.97968292
v 10.46807861 44.75308609 76.83228302
v 8.01334381 44.31558228 76.97931671
v 7.01417017 45.42293167 76.83197021
v 4.46985960 44.81199265 76.97908783
v 3.51911998 45.82641983 76.83178711
v 0.89813697 45.02529907 76.97898865
v 0.00343853 45.96117783 76.83171844
v -2.67924213 44.95415878 76.97901917
v -3.51224279 45.82641983 76.83178711
v -6.23966026 44.59902191 76.97918701
v -7.00729275 45.42293167 76.83197021
v -9.76060772 43.96212769 76.97948456
v -10.46120167 44.75308609 76.83228302
v -13.21982384 43.04751205 76.97991180
v -13.85369873 43.82081223 76.83271790
v -16.59543800 41.86094666 76.98046875
v -17.16487694 42.63158035 76.83327484
v -19.86610794 40.40994263 76.98114014
v -34.42956543 -36.44663620 74.01702118
v -34.42956543 -36.44290161 82.01702118
v -34.29555893 -35.81619644 74.01673126
v -34.29555893 -35.81246185 82.01672363
v -34.42956543 -35.18575287 74.01643372
v -34.42956543 -35.18201828 82.01643372
v -34.80840683 -34.66432190 74.01618958
v -34.80840683 -34.66058731 82.01618958
v -35.36658478 -34.34206009 74.01603699
v -35.36658478 -34.33832550 82.01603699
v -36.00757980 -34.27468872 74.01600647
v -36.00757980 -34.27095413 82.01600647
v -36.62055969 -34.47385788 74.01609802
v -36.62055969 -34.47012329 82.01609802
v -37.09953690 -34.90512848 74.01630402
v -37.09953690 -34.90139389 82.01630402
v -37.36169052 -35.49393463 74.01657867
v -37.36169052 -35.49020004 82.01657867
v -37.36169052 -36.13845825 74.01687622
v -37.36169052 -36.13472366 82.01687622
v -37.09953690 -36.72726440 74.01715088
v -37.09953690 -36.72352982 82.01715088
v -36.62055969 -37.15853500 74.01735687
v -36.62055969 -37.15480042 82.01735687
v -36.00757980 -37.35770416 74.01744843
v -36.00757980 -37.35396957 82.01744843
v -35.36658478 -37.29033279 74.01741791
v -35.36658478 -37.28659821 82.01741791
v -34.80840683 -36.96807098 74.01726532
v -34.80840683 -36.96433640 82.01726532
v 37.26843262 35.25135422 73.98355103
v 37.26843262 35.25508881 81.98355103
v 37.40243912 35.88179398 73.98325348
v 37.40243912 35.88552856 81.98325348
v 37.26843262 36.51223755 73.98296356
v 37.26843262 36.51597214 81.98296356
v 36.88959122 37.03366852 73.98271942
v 36.88959122 37.03740311 81.98271942
v 36.33141327 37.35593033 73.98256683
v 36.33141327 37.35966492 81.98256683
v 35.69041824 37.42330170 73.98253632
v 35.69041824 37.42703629 81.98253632
v 35.07743835 37.22413254 73.98262787
v 35.07743835 37.22786713 81.98262787
v 34.59846115 36.79286194 73.98283386
v 34.59846115 36.79659653 81.98283386
v 34.33630753 36.20405579 73.98310852
v 34.33630753 36.20779419 81.98310852
v 34.33630753 35.55953217 73.98340607
v 34.33630753 35.56326675 81.98340607
v 34.59846115 34.97072601 73.98368073
v 34.59846115 34.97446060 81.98368073
v 35.07743835 34.53945541 73.98388672
v 35.07743835 34.54319000 81.98388672
v 35.69041824 34.34028625 73.98397827
v 35.69041824 34.34402084 81.98397827
v 36.33141327 34.40765762 73.98394775
v 36.33141327 34.41139221 81.98394775
v 36.88959122 34.72991943 73.98379517
v 36.88959122 34.73365402 81.98379517
v 52.11753464 -0.59764254 74.00028992
v 52.11753464 -0.59390789 82.00028992
v 52.25153732 0.03279918 73.99999237
v 52.25153732 0.03653386 81.99999237
v 52.11753464 0.66324091 73.99969482
v 52.11753464 0.66697562 81.99969482
v 51.73868942 1.18467355 73.99945831
v 51.73868942 1.18840826 81.99945068
v 51.18051529 1.50693667 73.99930573
v 51.18051529 1.51067126 81.99930573
v 50.53952026 1.57430792 73.99927521
v 50.53952026 1.57804263 81.99927521
v 49.92653656 1.37513840 73.99936676
v 49.92653656 1.37887311 81.99936676
v 49.44756317 0.94386625 73.99956512
v 49.44756317 0.94760090 81.99956512
v 49.18540955 0.35506228 73.99983978
v 49.18540955 0.35879695 81.99983978
v 49.18540955 -0.28946391 74.00014496
v 49.18540955 -0.28572923 82.00014496
v 49.44756317 -0.87826788 74.00041962
v 49.44756317 -0.87453318 82.00041962
v 49.92653656 -1.30954003 74.00061798
v 49.92653656 -1.30580533 82.00061798
v 50.53952026 -1.50870955 74.00070953
v 50.53952026 -1.50497496 82.00070953
v 51.18051529 -1.44133830 74.00067902
v 51.18051529 -1.43760359 82.00067902
v 51.73868942 -1.11907518 74.00053406
v 51.73868942 -1.11534047 82.00052643
v -49.27866745 -0.59764254 74.00028992
v -49.27866745 -0.59390789 82.00028992
v -49.14466095 0.03279918 73.99999237
v -49.14466095 0.03653386 81.99999237
v -49.27866745 0.66324091 73.99969482
v -49.27866745 0.66697562 81.99969482
v -49.65750885 1.18467355 73.99945831
v -49.65750885 1.18840826 81.99945068
v -50.21568298 1.50693667 73.99930573
v -50.21568298 1.51067126 81.99930573
v -50.85668182 1.57430792 73.99927521
v -50.85668182 1.57804263 81.99927521
v -51.46966171 1.37513840 73.99936676
v -51.46966171 1.37887311 81.99936676
v -51.94863892 0.94386625 73.99956512
v -51.94863892 0.94760090 81.99956512
v -52.21078873 0.35506228 73.99983978
v -52.21078873 0.35879695 81.99983978
v -52.21078873 -0.28946391 74.00014496
v -52.21078873 -0.28572923 82.00014496
v -51.94863892 -0.87826788 74.00041962
v -51.94863892 -0.87453318 82.00041962
v -51.46966171 -1.30954003 74.00061798
v -51.46966171 -1.30580533 82.00061798
v -50.85668182 -1.50870955 74.00070953
v -50.85668182 -1.50497496 82.00070953
v -50.21568298 -1.44133830 74.00067902
v -50.21568298 -1.43760359 82.00067902
v -49.65750885 -1.11907518 74.00053406
v -49.65750885 -1.11534047 82.00052643
v 1.41943395 -51.29573822 74.02395630
v 1.41943395 -51.29200363 82.02395630
v 1.55343854 -50.66529465 74.02365875
v 1.55343854 -50.66156006 82.02365875
v 1.41943395 -50.03485489 74.02336884
v 1.41943395 -50.03112030 82.02336884
v 1.04059100 -49.51342010 74.02312469
v 1.04059100 -49.50968552 82.02312469
v 0.48241487 -49.19115829 74.02297211
v 0.48241487 -49.18742371 82.02297211
v -0.15858059 -49.12378693 74.02294159
v -0.15858059 -49.12005234 82.02294159
v -0.77156144 -49.32295609 74.02303314
v -0.77156144 -49.31922150 82.02303314
v -1.25053787 -49.75422668 74.02323151
v -1.25053787 -49.75049210 82.02323151
v -1.51269031 -50.34303284 74.02350616
v -1.51269031 -50.33929825 82.02350616
v -1.51269031 -50.98755646 74.02381134
v -1.51269031 -50.98382187 82.02381134
v -1.25053787 -51.57636261 74.02408600
v -1.25053787 -51.57262802 82.02408600
v -0.77156144 -52.00763321 74.02428436
v -0.77156144 -52.00389862 82.02428436
v -0.15858059 -52.20680237 74.02438354
v -0.15858059 -52.20306778 82.02437592
v 0.48241487 -52.13943100 74.02434540
v 0.48241487 -52.13569641 82.02434540
v 1.04059100 -51.81716919 74.02420044
v 1.04059100 -51.81343460 82.02420044
v 1.41943395 50.10045242 73.97661591
v 1.41943395 50.10418701 81.97661591
v 1.55343854 50.73089218 73.97632599
v 1.55343854 50.73462677 81.97632599
v 1.41943395 51.36133575 73.97602844
v 1.41943395 51.36507034 81.97602844
v 1.04059100 51.88276672 73.97578430
v 1.04059100 51.88650131 81.97578430
v 0.48241487 52.20503235 73.97563934
v 0.48241487 52.20876694 81.97563934
v -0.15858059 52.27240372 73.97560883
v -0.15858059 52.27613831 81.97560120
v -0.77156144 52.07323074 73.97570038
v -0.77156144 52.07696915 81.97570038
v -1.25053787 51.64196014 73.97589874
v -1.25053787 51.64569473 81.97589874
v -1.51269031 51.05315781 73.97617340
v -1.51269031 51.05689240 81.97617340
v -1.51269031 50.40863037 73.97647858
v -1.51269031 50.41236496 81.97647095
v -1.25053787 49.81982803 73.97675323
v -1.25053787 49.82356262 81.97675323
v -0.77156144 49.38855362 73.97695160
v -0.77156144 49.39228821 81.97695160
v -0.15858059 49.18938446 73.97704315
v -0.15858059 49.19311905 81.97704315
v 0.48241487 49.25675583 73.97701263
v 0.48241487 49.26049042 81.97701263
v 1.04059100 49.57901764 73.97686005
v 1.04059100 49.58275223 81.97686005
v 37.26843262 -36.44663620 74.01702118
v 37.26843262 -36.44290161 82.01702118
v 37.40243912 -35.81619644 74.01673126
v 37.40243912 -35.81246185 82.01672363
v 37.26843262 -35.18575287 74.01643372
v 37.26843262 -35.18201828 82.01643372
v 36.88959122 -34.66432190 74.01618958
v 36.88959122 -34.66058731 82.01618958
v 36.33141327 -34.34206009 74.01603699
v 36.33141327 -34.33832550 82.01603699
v 35.69041824 -34.27468872 74.01600647
v 35.69041824 -34.27095413 82.01600647
v 35.07743835 -34.47385788 74.01609802
v 35.07743835 -34.47012329 82.01609802
v 34.59846115 -34.90512848 74.01630402
v 34.59846115 -34.90139389 82.01630402
v 34.33630753 -35.49393463 74.01657867
v 34.33630753 -35.49020004 82.01657867
v 34.33630753 -36.13845825 74.01687622
v 34.33630753 -36.13472366 82.01687622
v 34.59846115 -36.72726440 74.01715088
v 34.59846115 -36.72352982 82.01715088
v 35.07743835 -37.15853500 74.01735687
v 35.07743835 -37.15480042 82.01735687
v 35.69041824 -37.35770416 74.01744843
v 35.69041824 -37.35396957 82.01744843
v 36.33141327 -37.29033279 74.01741791
v 36.33141327 -37.28659821 82.01741791
v 36.88959122 -36.96807098 74.01726532
v 36.88959122 -36.96433640 82.01726532
v -34.42956543 35.25135422 73.98355103
v -34.42956543 35.25508881 81.98355103
v -34.29555893 35.88179398 73.98325348
v -34.29555893 35.88552856 81.98325348
v -34.42956543 36.51223755 73.98296356
v -34.42956543 36.51597214 81.98296356
v -34.80840683 37.03366852 73.98271942
v -34.80840683 37.03740311 81.98271942
v -35.36658478 37.35593033 73.98256683
v -35.36658478 37.35966492 81.98256683
v -36.00757980 37.42330170 73.98253632
v -36.00757980 37.42703629 81.98253632
v -36.62055969 37.22413254 73.98262787
v -36.62055969 37.22786713 81.98262787
v -37.09953690 36.79286194 73.98283386
v -37.09953690 36.79659653 81.98283386
v -37.36169052 36.20405579 73.98310852
v -37.36169052 36.20779419 81.98310852
v -37.36169052 35.55953217 73.98340607
v -37.36169052 35.56326675 81.98340607
v -37.09953690 34.97072601 73.98368073
v -37.09953690 34.97446060 81.98368073
v -36.62055969 34.53945541 73.98388672
v -36.62055969 34.54319000 81.98388672
v -36.00757980 34.34028625 73.98397827
v -36.00757980 34.34402084 81.98397827
v -35.36658478 34.40765762 73.98394775
v -35.36658478 34.41139221 81.98394775
v -34.80840683 34.72991943 73.98379517
v -34.80840683 34.73365402 81.98379517
v 1.41768909 63.39891434 73.97041321
v 1.41768909 63.40264893 81.97041321
v 1.55169356 64.02935791 73.97011566
v 1.55169356 64.03308868 81.97011566
v 1.41768909 64.65979767 73.96982574
v 1.41768909 64.66352844 81.96981812
v 1.03884602 65.18122864 73.96958160
v 1.03884602 65.18496704 81.96958160
v 0.48066995 65.50349426 73.96942902
v 0.48066995 65.50722504 81.96942902
v -0.16032551 65.57086182 73.96939850
v -0.16032551 65.57460022 81.96939850
v -0.77330637 65.37169647 73.96949005
v -0.77330637 65.37542725 81.96949005
v -1.25228274 64.94042206 73.96968842
v -1.25228274 64.94416046 81.96968842
v -1.51443517 64.35161591 73.96996307
v -1.51443517 64.35535431 81.96996307
v -1.51443517 63.70709229 73.97026825
v -1.51443517 63.71082687 81.97026825
v -1.25228274 63.11828995 73.97054291
v -1.25228274 63.12202454 81.97054291
v -0.77330637 62.68701553 73.97074127
v -0.77330637 62.69075012 81.97074127
v -0.16032551 62.48784637 73.97083282
v -0.16032551 62.49158096 81.97083282
v 0.48066995 62.55521774 73.97080231
v 0.48066995 62.55895233 81.97080231
v 1.03884602 62.87747955 73.97065735
v 1.03884602 62.88121414 81.97065735
v -54.00793839 -32.60107422 74.01522827
v -54.00793839 -32.59733963 82.01522827
v -53.87393188 -31.97063446 74.01493073
v -53.87393188 -31.96689987 82.01493073
v -54.00793839 -31.34019279 74.01464081
v -54.00793839 -31.33645821 82.01464081
v -54.38677979 -30.81875992 74.01439667
v -54.38677979 -30.81502533 82.01439667
v -54.94495773 -30.49649620 74.01424408
v -54.94495773 -30.49276161 82.01424408
v -55.58595276 -30.42912483 74.01421356
v -55.58595276 -30.42539024 82.01421356
v -56.19893265 -30.62829399 74.01430511
v -56.19893265 -30.62455940 82.01430511
v -56.67790985 -31.05956650 74.01451111
v -56.67790985 -31.05583191 82.01450348
v -56.94005966 -31.64837074 74.01478577
v -56.94005966 -31.64463615 82.01477814
v -56.94005966 -32.29289627 74.01508331
v -56.94005966 -32.28916168 82.01508331
v -56.67790985 -32.88170242 74.01535797
v -56.67790985 -32.87796783 82.01535797
v -56.19893265 -33.31297302 74.01555634
v -56.19893265 -33.30923843 82.01555634
v -55.58595276 -33.51214218 74.01565552
v -55.58595276 -33.50840759 82.01565552
v -54.94495773 -33.44477081 74.01562500
v -54.94495773 -33.44103622 82.01561737
v -54.38677979 -33.12250900 74.01547241
v -54.38677979 -33.11877441 82.01547241
v 56.84331512 31.39891624 73.98535156
v 56.84331512 31.40265274 81.98535156
v 56.97731781 32.02935791 73.98505402
v 56.97731781 32.03309250 81.98505402
v 56.84331512 32.65980148 73.98476410
v 56.84331512 32.66353607 81.98476410
v 56.46447372 33.18123245 73.98451996
v 56.46447372 33.18496704 81.98451996
v 55.90629578 33.50349808 73.98436737
v 55.90629578 33.50723267 81.98436737
v 55.26530075 33.57086945 73.98433685
v 55.26530075 33.57460403 81.98433685
v 54.65232086 33.37169647 73.98442841
v 54.65232086 33.37543106 81.98442841
v 54.17334366 32.94042587 73.98462677
v 54.17334366 32.94416046 81.98462677
v 53.91119003 32.35162354 73.98490143
v 53.91119003 32.35535812 81.98490143
v 53.91119003 31.70709610 73.98520660
v 53.91119003 31.71083069 81.98520660
v 54.17334366 31.11829185 73.98548126
v 54.17334366 31.12202644 81.98548126
v 54.65232086 30.68701935 73.98567963
v 54.65232086 30.69075394 81.98567963
v 55.26530075 30.48785019 73.98577881
v 55.26530075 30.49158478 81.98577118
v 55.90629578 30.55522156 73.98574066
v 55.90629578 30.55895615 81.98574066
v 56.46447372 30.87748528 73.98559570
v 56.46447372 30.88121986 81.98559570
v 1.41768909 -64.60107422 74.03016663
v 1.41768909 -64.59733582 82.03016663
v 1.55169356 -63.97063065 74.02986908
v 1.55169356 -63.96689606 82.02986908
v 1.41768909 -63.34018707 74.02957916
v 1.41768909 -63.33645248 82.02957916
v 1.03884602 -62.81875610 74.02933502
v 1.03884602 -62.81502151 82.02933502
v 0.48066995 -62.49649429 74.02918243
v 0.48066995 -62.49275970 82.02918243
v -0.16032551 -62.42912292 74.02915192
v -0.16032551 -62.42538834 82.02915192
v -0.77330637 -62.62829208 74.02924347
v -0.77330637 -62.62455750 82.02924347
v -1.25228274 -63.05956268 74.02944946
v -1.25228274 -63.05582809 82.02944183
v -1.51443517 -63.64836884 74.02972412
v -1.51443517 -63.64463425 82.02972412
v -1.51443517 -64.29289246 74.03002167
v -1.51443517 -64.28916168 82.03002167
v -1.25228274 -64.88169861 74.03029633
v -1.25228274 -64.87796021 82.03029633
v -0.77330637 -65.31297302 74.03049469
v -0.77330637 -65.30923462 82.03049469
v -0.16032551 -65.51213837 74.03059387
v -0.16032551 -65.50840759 82.03059387
v 0.48066995 -65.44477081 74.03056335
v 0.48066995 -65.44103241 82.03055573
v 1.03884602 -65.12250519 74.03041077
v 1.03884602 -65.11876678 82.03041077
v 56.84331512 -32.60107422 74.01522827
v 56.84331512 -32.59733963 82.01522827
v 56.97731781 -31.97063446 74.01493073
v 56.97731781 -31.96689987 82.01493073
v 56.84331512 -31.34019279 74.01464081
v 56.84331512 -31.33645821 82.01464081
v 56.46447372 -30.81875992 74.01439667
v 56.46447372 -30.81502533 82.01439667
v 55.90629578 -30.49649620 74.01424408
v 55.90629578 -30.49276161 82.01424408
v 55.26530075 -30.42912483 74.01421356
v 55.26530075 -30.42539024 82.01421356
v 54.65232086 -30.62829399 74.01430511
v 54.65232086 -30.62455940 82.01430511
v 54.17334366 -31.05956650 74.01451111
v 54.17334366 -31.05583191 82.01450348
v 53.91119003 -31.64837074 74.01478577
v 53.91119003 -31.64463615 82.01477814
v 53.91119003 -32.29289627 74.01508331
v 53.91119003 -32.28916168 82.01508331
v 54.17334366 -32.88170242 74.01535797
v 54.17334366 -32.87796783 82.01535797
v 54.65232086 -33.31297302 74.01555634
v 54.65232086 -33.30923843 82.01555634
v 55.26530075 -33.51214218 74.01565552
v 55.26530075 -33.50840759 82.01565552
v 55.90629578 -33.44477081 74.01562500
v 55.90629578 -33.44103622 82.01561737
v 56.46447372 -33.12250900 74.01547241
v 56.46447372 -33.11877441 82.01547241
v -56.25228119 4.01046133 72.99813843
v -56.25228119 4.01092815 73.99813843
v -56.39276123 0.03233235 72.99999237
v -56.39276123 0.03279918 73.99999237
v -56.25228119 -3.94579649 73.00184631
v -56.25228119 -3.94532967 74.00184631
v -55.83153534 -7.90410614 73.00370026
v -55.83153534 -7.90363932 74.00370026
v -55.13262177 -11.82287693 73.00552368
v -55.13262177 -11.82241058 74.00552368
v -54.15902710 -15.68258667 73.00733185
v -54.15902710 -15.68211937 74.00733185
v -52.91559601 -19.46400452 73.00909424
v -52.91559601 -19.46353722 74.00909424
v -51.40852356 -23.14829254 73.01081085
v -51.40852356 -23.14782524 74.01081085
v -49.64532089 -26.71709633 73.01248169
v -49.64532089 -26.71662903 74.01248169
v -47.63476944 -30.15263557 73.01408386
v -47.63476944 -30.15216827 74.01408386
v -45.38688660 -33.43779373 73.01561737
v -45.38688660 -33.43732834 74.01561737
v -42.91287231 -36.55620575 73.01707458
v -42.91287231 -36.55574036 74.01707458
v -40.22505188 -39.49233627 73.01844788
v -40.22505188 -39.49187088 74.01844788
v -37.33681488 -42.23155975 73.01972198
v -37.33681488 -42.23109055 74.01972198
v -34.26255035 -44.76022339 73.02090454
v -34.26255035 -44.75975418 74.02090454
v -31.01757240 -47.06573105 73.02198029
v -31.01757240 -47.06526566 74.02198029
v -27.61805153 -49.13660049 73.02294922
v -27.61805153 -49.13613510 74.02294922
v -24.08092117 -50.96251297 73.02379608
v -24.08092117 -50.96204758 74.02379608
v -20.42380333 -52.53437424 73.02453613
v -20.42380333 -52.53390503 74.02453613
v -16.66491890 -53.84434509 73.02514648
v -16.66491890 -53.84387970 74.02514648
v -12.82299328 -54.88591003 73.02562714
v -12.82299328 -54.88544083 74.02562714
v -8.91716766 -55.65387344 73.02598572
v -8.91716766 -55.65340424 74.02598572
v -4.96689892 -56.14440918 73.02621460
v -4.96689892 -56.14394379 74.02621460
v -0.99186873 -56.35507584 73.02631378
v -0.99186873 -56.35461044 74.02631378
v 2.98812008 -56.28482437 73.02628326
v 2.98812008 -56.28435898 74.02628326
v 6.95323944 -55.93400574 73.02612305
v 6.95323944 -55.93353653 74.02612305
v 10.88373566 -55.30436325 73.02582550
v 10.88373566 -55.30389404 74.02582550
v 14.76002598 -54.39903641 73.02540588
v 14.76002598 -54.39856720 74.02540588
v 18.56279945 -53.22253418 73.02485657
v 18.56279945 -53.22206879 74.02485657
v 22.27311325 -51.78071976 73.02417755
v 22.27311325 -51.78025436 74.02417755
v 25.87247849 -50.08077621 73.02338409
v 25.87247849 -50.08030701 74.02338409
v 29.34296608 -48.13116837 73.02247620
v 29.34296608 -48.13070297 74.02247620
v 32.66728592 -45.94161606 73.02145386
v 32.66728592 -45.94115067 74.02145386
v 35.82887650 -43.52302170 73.02032471
v 35.82887650 -43.52255630 74.02032471
v 38.81198502 -40.88743973 73.01909637
v 38.81198502 -40.88697052 74.01909637
v 41.60175323 -38.04799271 73.01776886
v 41.60175323 -38.04752731 74.01776886
v 44.18428040 -35.01883698 73.01635742
v 44.18428040 -35.01836777 74.01635742
v 46.54669952 -31.81505394 73.01486206
v 46.54669952 -31.81458664 74.01486206
v 48.67724228 -28.45261002 73.01329041
v 48.67724228 -28.45214272 74.01329041
v 50.56529617 -24.94825554 73.01165771
v 50.56529617 -24.94778824 74.01165771
v 52.20145035 -21.31944847 73.00996399
v 52.20145035 -21.31898308 74.00996399
v 53.57756042 -17.58426857 73.00821686
v 53.57756042 -17.58380318 74.00821686
v 54.68676758 -13.76132393 73.00643158
v 54.68676758 -13.76085758 74.00643158
v 55.52354050 -9.86966038 73.00461578
v 55.52354050 -9.86919308 74.00461578
v 56.08371735 -5.92866468 73.00277710
v 56.08371735 -5.92819786 74.00277710
v 56.36450577 -1.95797181 73.00092316
v 56.36450577 -1.95750499 74.00092316
v 56.36450577 2.02263665 72.99906158
v 56.36450577 2.02310348 73.99906158
v 56.08371735 5.99332952 72.99720764
v 56.08371735 5.99379635 73.99720764
v 55.52354050 9.93432522 72.99536896
v 55.52354050 9.93479156 73.99536896
v 54.68676758 13.82598877 72.99355316
v 54.68676758 13.82645607 73.99355316
v 53.57756042 17.64893341 72.99176788
v 53.57756042 17.64940071 73.99176788
v 52.20145035 21.38411331 72.99002838
v 52.20145035 21.38458061 73.99002838
v 50.56529617 25.01292038 72.98833466
v 50.56529617 25.01338768 73.98833466
v 48.67724228 28.51727486 72.98669434
v 48.67724228 28.51774216 73.98669434
v 46.54669952 31.87971878 72.98512268
v 46.54669952 31.88018608 73.98512268
v 44.18428040 35.08349991 72.98362732
v 44.18428040 35.08396530 73.98362732
v 41.60175323 38.11265945 72.98221588
v 41.60175323 38.11312485 73.98221588
v 38.81198502 40.95210266 72.98088837
v 38.81198502 40.95256805 73.98088837
v 35.82887650 43.58768845 72.97966003
v 35.82887650 43.58815384 73.97966003
v 32.66728592 46.00627899 72.97853088
v 32.66728592 46.00674820 73.97853088
v 29.34296608 48.19583511 72.97750854
v 29.34296608 48.19630051 73.97750854
v 25.87247849 50.14543915 72.97660065
v 25.87247849 50.14590836 73.97660065
v 22.27311325 51.84538269 72.97580719
v 22.27311325 51.84585190 73.97580719
v 18.56279945 53.28719711 72.97512817
v 18.56279945 53.28766632 73.97512817
v 14.76002598 54.46369934 72.97457886
v 14.76002598 54.46416855 73.97457886
v 10.88373566 55.36902618 72.97415924
v 10.88373566 55.36949539 73.97415924
v 6.95323944 55.99866867 72.97386932
v 6.95323944 55.99913788 73.97386932
v 2.98812032 56.34949112 72.97370148
v 2.98812032 56.34995651 73.97370148
v -0.99186873 56.41974258 72.97367096
v -0.99186873 56.42020798 73.97367096
v -4.96689892 56.20907593 72.97377014
v -4.96689892 56.20954132 73.97377014
v -8.91716766 55.71853638 72.97399902
v -8.91716766 55.71900558 73.97399902
v -12.82299328 54.95057297 72.97435760
v -12.82299328 54.95104218 73.97435760
v -16.66491890 53.90901184 72.97483826
v -16.66491890 53.90947723 73.97483826
v -20.42380333 52.59903717 72.97545624
v -20.42380333 52.59950256 73.97545624
v -24.08092117 51.02717972 72.97618866
v -24.08092117 51.02764511 73.97618866
v -27.61805153 49.20126724 72.97703552
v -27.61805153 49.20173264 73.97703552
v -31.01757240 47.13039780 72.97800446
v -31.01757240 47.13086319 73.97800446
v -34.26255035 44.82488632 72.97908020
v -34.26255035 44.82535553 73.97908020
v -37.33681488 42.29622269 72.98026276
v -37.33681488 42.29668808 73.98026276
v -40.22505188 39.55700302 72.98154449
v -40.22505188 39.55746841 73.98154449
v -42.91287231 36.62087250 72.98291016
v -42.91287231 36.62133789 73.98291016
v -45.38688660 33.50246048 72.98436737
v -45.38688660 33.50292587 73.98436737
v -47.63476944 30.21730042 72.98590088
v -47.63476944 30.21776581 73.98590088
v -49.64532089 26.78176117 72.98750305
v -49.64532089 26.78222847 73.98750305
v -51.40852356 23.21295738 72.98917389
v -51.40852356 23.21342468 73.98917389
v -52.91559601 19.52866936 72.99089050
v -52.91559601 19.52913666 73.99089050
v -54.15902710 15.74725056 72.99265289
v -54.15902710 15.74771786 73.99265289
v -55.13262177 11.88754177 72.99446106
v -55.13262177 11.88800907 73.99446106
v -55.83153534 7.96877098 72.99628448
v -55.83153534 7.96923780 73.99628448
v -58.11693192 4.09697104 73.99809265
v -58.11693192 4.09650421 72.99809265
v -58.25885391 0.03279918 73.99999237
v -58.25885391 0.03233235 72.99999237
v -58.11693192 -4.03137255 74.00189209
v -58.11693192 -4.03183937 73.00189209
v -57.69185257 -8.07574368 74.00377655
v -57.69185257 -8.07621098 73.00377655
v -56.98568344 -12.08061123 74.00564575
v -56.98568344 -12.08107853 73.00564575
v -56.00187302 -16.02646446 74.00749207
v -56.00187302 -16.02692986 73.00749207
v -54.74520874 -19.89407730 74.00929260
v -54.74520874 -19.89454460 73.00929260
v -53.22181702 -23.66460800 74.01105499
v -53.22181702 -23.66507530 73.01105499
v -51.43911362 -27.31968880 74.01276398
v -51.43911362 -27.32015419 73.01276398
v -49.40578842 -30.84150887 74.01440430
v -49.40578842 -30.84197617 73.01440430
v -47.13174820 -34.21291351 74.01598358
v -47.13174820 -34.21338272 73.01598358
v -44.62806702 -37.41747665 74.01747894
v -44.62806702 -37.41794586 73.01747894
v -41.90694809 -40.43958664 74.01889038
v -41.90694809 -40.44005203 73.01889038
v -38.98164749 -43.26451874 74.02020264
v -38.98164749 -43.26498413 73.02020264
v -35.86641312 -45.87850952 74.02142334
v -35.86641312 -45.87897873 73.02142334
v -32.57642365 -48.26882553 74.02254486
v -32.57642365 -48.26929474 73.02254486
v -29.12770844 -50.42382050 74.02354431
v -29.12770844 -50.42428970 73.02354431
v -25.53706932 -52.33300018 74.02443695
v -25.53706932 -52.33346558 73.02443695
v -21.82200050 -53.98705292 74.02520752
v -21.82200050 -53.98752213 73.02520752
v -18.00060081 -55.37792969 74.02586365
v -18.00060081 -55.37839508 73.02586365
v -14.09148598 -56.49884796 74.02638245
v -14.09148598 -56.49931717 73.02638245
v -10.11370277 -57.34435272 74.02677917
v -10.11370277 -57.34482193 73.02677917
v -6.08662939 -57.91032028 74.02704620
v -6.08662939 -57.91078949 73.02704620
v -2.02988625 -58.19399643 74.02717590
v -2.02988625 -58.19446564 73.02717590
v 2.03676319 -58.19399643 74.02717590
v 2.03676319 -58.19446564 73.02717590
v 6.09350681 -57.91032028 74.02704620
v 6.09350681 -57.91078949 73.02704620
v 10.12057972 -57.34435272 74.02677917
v 10.12057972 -57.34482193 73.02677917
v 14.09836292 -56.49884796 74.02638245
v 14.09836292 -56.49931717 73.02638245
v 18.00747681 -55.37792969 74.02586365
v 18.00747681 -55.37839508 73.02586365
v 21.82887840 -53.98705292 74.02520752
v 21.82887840 -53.98752213 73.02520752
v 25.54394722 -52.33300018 74.02443695
v 25.54394722 -52.33346558 73.02443695
v 29.13458633 -50.42382050 74.02354431
v 29.13458633 -50.42428970 73.02354431
v 32.58330154 -48.26882553 74.02254486
v 32.58330154 -48.26929474 73.02254486
v 35.87328720 -45.87850952 74.02142334
v 35.87328720 -45.87897873 73.02142334
v 38.98852158 -43.26451874 74.02020264
v 38.98852158 -43.26498413 73.02020264
v 41.91382599 -40.43958664 74.01889038
v 41.91382599 -40.44005203 73.01889038
v 44.63494492 -37.41747665 74.01747894
v 44.63494492 -37.41794586 73.01747894
v 47.13862610 -34.21291351 74.01598358
v 47.13862610 -34.21338272 73.01598358
v 49.41266632 -30.84150887 74.01440430
v 49.41266632 -30.84197617 73.01440430
v 51.44599152 -27.31968880 74.01276398
v 51.44599152 -27.32015419 73.01276398
v 53.22869110 -23.66460800 74.01105499
v 53.22869110 -23.66507530 73.01105499
v 54.75208664 -19.89407730 74.00929260
v 54.75208664 -19.89454460 73.00929260
v 56.00875092 -16.02646446 74.00749207
v 56.00875092 -16.02692986 73.00749207
v 56.99256134 -12.08061123 74.00564575
v 56.99256134 -12.08107853 73.00564575
v 57.69872665 -8.07574368 74.00377655
v 57.69872665 -8.07621098 73.00377655
v 58.12380981 -4.03137255 74.00189209
v 58.12380981 -4.03183937 73.00189209
v 58.26573181 0.03279918 73.99999237
v 58.26573181 0.03233235 72.99999237
v 58.12380981 4.09697104 73.99809265
v 58.12380981 4.09650421 72.99809265
v 57.69872665 8.14134216 73.99620819
v 57.69872665 8.14087582 72.99620819
v 56.99256134 12.14620972 73.99433899
v 56.99256134 12.14574337 72.99433899
v 56.00875092 16.09206200 73.99249268
v 56.00875092 16.09159470 72.99249268
v 54.75208664 19.95967484 73.99069214
v 54.75208664 19.95920753 72.99069214
v 53.22869110 23.73020744 73.98892975
v 53.22869110 23.72974014 72.98892975
v 51.44599152 27.38528633 73.98722076
v 51.44599152 27.38481903 72.98722076
v 49.41266632 30.90710831 73.98558044
v 49.41266632 30.90664101 72.98558044
v 47.13862610 34.27851105 73.98400879
v 47.13862610 34.27804565 72.98400879
v 44.63494492 37.48307419 73.98251343
v 44.63494492 37.48260880 72.98251343
v 41.91382599 40.50518417 73.98110199
v 41.91382599 40.50471878 72.98110199
v 38.98852158 43.33011627 73.97978210
v 38.98852158 43.32965088 72.97978210
v 35.87328720 45.94410706 73.97856140
v 35.87328720 45.94364166 72.97856140
v 32.58330154 48.33442307 73.97744751
v 32.58330154 48.33395767 72.97744751
v 29.13458633 50.48942184 73.97644043
v 29.13458633 50.48895264 72.97644043
v 25.54394722 52.39859772 73.97554779
v 25.54394722 52.39812851 72.97554779
v 21.82887840 54.05265045 73.97477722
v 21.82887840 54.05218506 72.97477722
v 18.00747681 55.44352722 73.97412872
v 18.00747681 55.44306183 72.97412872
v 14.09836292 56.56444931 73.97360229
v 14.09836292 56.56398010 72.97360229
v 10.12057972 57.40995026 73.97320557
v 10.12057972 57.40948486 72.97320557
v 6.09350681 57.97592163 73.97294617
v 6.09350681 57.97545242 72.97294617
v 2.03676319 58.25959396 73.97280884
v 2.03676319 58.25912857 72.97280884
v -2.02988625 58.25959396 73.97280884
v -2.02988625 58.25912857 72.97280884
v -6.08662939 57.97592163 73.97294617
v -6.08662939 57.97545242 72.97294617
v -10.11370277 57.40995026 73.97320557
v -10.11370277 57.40948486 72.97320557
v -14.09148598 56.56444931 73.97360229
v -14.09148598 56.56398010 72.97360229
v -18.00060081 55.44352722 73.97412872
v -18.00060081 55.44306183 72.97412872
v -21.82200050 54.05265045 73.97477722
v -21.82200050 54.05218506 72.97477722
v -25.53706932 52.39859772 73.97554779
v -25.53706932 52.39812851 72.97554779
v -29.12770844 50.48942184 73.97644043
v -29.12770844 50.48895264 72.97644043
v -32.57642365 48.33442307 73.97744751
v -32.57642365 48.33395767 72.97744751
v -35.86641312 45.94410706 73.97856140
v -35.86641312 45.94364166 72.97856140
v -38.98164749 43.33011627 73.97978210
v -38.98164749 43.32965088 72.97978210
v -41.90694809 40.50518417 73.98110199
v -41.90694809 40.50471878 72.98110199
v -44.62806702 37.48307419 73.98251343
v -44.62806702 37.48260880 72.98251343
v -47.13174820 34.27851105 73.98400879
v -47.13174820 34.27804565 72.98400879
v -49.40578842 30.90710831 73.98558044
v -49.40578842 30.90664101 72.98558044
v -51.43911362 27.38528633 73.98722076
v -51.43911362 27.38481903 72.98722076
v -53.22181702 23.73020744 73.98892975
v -53.22181702 23.72974014 72.98892975
v -54.74520874 19.95967484 73.99069214
v -54.74520874 19.95920753 72.99069214
v -56.00187302 16.09206200 73.99249268
v -56.00187302 16.09159470 72.99249268
v -56.98568344 12.14620972 73.99433899
v -56.98568344 12.14574337 72.99433899
v -57.69185257 8.14134216 73.99620819
v -57.69185257 8.14087582 72.99620819
v -69.85562897 -4.40687466 74.00206757
v -69.99655914 0.03279918 73.99999237
v -69.85562897 4.47247314 73.99791718
v -69.43339539 8.89426994 73.99585724
v -68.73156738 13.28038502 73.99380493
v -67.75296783 17.61315727 73.99178314
v -66.50154114 21.87513733 73.98979950
v -64.98231506 26.04916763 73.98784637
v -63.20141983 30.11844063 73.98594666
v -55.88745880 30.60277367 73.98572540
v -56.42762756 30.91464233 73.98557281
v -56.79425049 31.41925430 73.98534393
v -61.16601944 34.06656647 73.98410797
v -56.92393112 32.02935791 73.98505402
v -56.79425049 32.63946533 73.98477173
v -56.42762756 33.14407730 73.98453522
v -58.88430786 37.87765121 73.98232269
v -55.88745880 33.45594406 73.98439026
v -55.26713943 33.52114105 73.98435974
v -56.36547852 41.53635025 73.98061371
v -54.67393112 33.32839584 73.98445129
v -54.21040726 32.91103745 73.98464203
v -53.95671082 32.34122467 73.98490906
v -53.95671082 31.71749115 73.98519897
v -54.21040726 31.14768028 73.98546600
v -54.67393112 30.73031998 73.98566437
v -55.26713943 30.53757668 73.98574829
v -53.61967087 45.02792740 73.97898865
v -50.65794373 48.33832550 73.97743988
v -47.49222183 51.45421219 73.97599030
v -44.13524628 54.36304474 73.97463226
v -40.60054398 57.05310822 73.97337341
v -36.90234375 59.51357269 73.97222137
v -33.05553818 61.73452759 73.97119141
v -29.07561302 63.70703125 73.97026825
v -24.97859764 65.42314148 73.96946716
v -20.78098869 66.87594604 73.96878815
v -16.49968719 68.05960083 73.96823883
v -12.15193367 68.96933746 73.96781158
v -7.75523567 69.60148621 73.96751404
v -3.32729554 69.95350647 73.96735382
v 1.11405599 70.02397919 73.96731567
v 5.55093575 69.81262970 73.96741486
v 9.96547699 69.32028961 73.96764374
v 14.33990574 68.54896545 73.96800995
v 18.65660477 67.50173950 73.96849823
v 22.89819527 66.18284607 73.96910858
v 27.04759789 64.59759521 73.96984863
v 31.08810234 62.75235748 73.97071075
v 35.00343704 60.65457153 73.97169495
v 38.77784348 58.31268311 73.97278595
v 42.39611816 55.73612213 73.97399139
v 45.84368896 52.93526459 73.97529602
v 49.10668182 49.92138672 73.97669983
v 52.17195129 46.70662308 73.97820282
v 55.02715683 43.30392456 73.97978973
v 57.66080093 39.72698593 73.98146057
v 60.06227875 35.99021149 73.98320770
v 62.22192001 32.10865402 73.98501587
v 64.13102722 28.09793282 73.98689270
v 65.78192139 23.97420692 73.98881531
v 67.16794586 19.75407600 73.99078369
v 68.28352356 15.45453453 73.99279022
v 69.12416077 11.09289551 73.99482727
v 69.68647003 6.68672132 73.99688721
v 69.96819305 2.25375438 73.99895477
v 69.96819305 -2.18815589 74.00102997
v 69.68647003 -6.62112331 74.00309753
v 69.12416077 -11.02729702 74.00515747
v 68.28352356 -15.38893604 74.00719452
v 67.16794586 -19.68847847 74.00920105
v 65.78192139 -23.90860748 74.01116943
v 64.13102722 -28.03233528 74.01309204
v 62.22192001 -32.04305267 74.01496887
v 60.06227875 -35.92461395 74.01677704
v 57.66080093 -39.66138840 74.01852417
v 55.02715683 -43.23832703 74.02019501
v 52.17195129 -46.64102554 74.02178192
v 49.10668182 -49.85578918 74.02328491
v 45.84368896 -52.86966705 74.02468872
v 42.39611816 -55.67052460 74.02599335
v 38.77784348 -58.24708557 74.02719879
v 35.00343704 -60.58897400 74.02828979
v 31.08810234 -62.68675995 74.02927399
v 27.04759789 -64.53199768 74.03013611
v 22.89819527 -66.11724854 74.03087616
v 18.65660477 -67.43614197 74.03148651
v 14.33990574 -68.48336792 74.03197479
v 9.96547699 -69.25469208 74.03234100
v 5.55093575 -69.74702454 74.03256989
v 1.11405599 -69.95838165 74.03266907
v -3.32729554 -69.88790894 74.03263092
v -7.75523567 -69.53588867 74.03247070
v -12.15193367 -68.90373230 74.03217316
v -16.49968719 -67.99400330 74.03175354
v -20.78098869 -66.81034851 74.03119659
v -24.97859764 -65.35754395 74.03051758
v -29.07561302 -63.64143372 74.02971649
v -33.05553818 -61.66893005 74.02880096
v -36.90234375 -59.44797516 74.02776337
v -40.60054398 -56.98751068 74.02661133
v -44.13524628 -54.29744720 74.02535248
v -47.49222183 -51.38861465 74.02399445
v -50.65794373 -48.27272797 74.02254486
v -53.61967087 -44.96232986 74.02099609
v -56.36547852 -41.47075272 74.01937103
v -58.88430786 -37.81205368 74.01766205
v -61.16601944 -34.00096893 74.01588440
v -63.20141983 -30.05284119 74.01403809
v -64.98231506 -25.98357010 74.01213837
v -66.50154114 -21.80953979 74.01019287
v -67.75296783 -17.54755783 74.00820160
v -68.73156738 -13.21478653 74.00617981
v -69.43339539 -8.82867146 74.00412750
v -56.25228119 4.01466274 81.99813843
v -56.25228119 4.01419592 80.99813843
v -56.39276123 0.03653386 81.99999237
v -56.39276123 0.03606703 80.99999237
v -56.25228119 -3.94159484 82.00184631
v -56.25228119 -3.94206166 81.00184631
v -55.83153534 -7.89990473 82.00370026
v -55.83153534 -7.90037155 81.00370026
v -55.13262177 -11.81867599 82.00552368
v -55.13262177 -11.81914234 81.00552368
v -54.15902710 -15.67838478 82.00733185
v -54.15902710 -15.67885113 81.00733185
v -52.91559601 -19.45980263 82.00909424
v -52.91559601 -19.46026993 81.00909424
v -51.40852356 -23.14409065 82.01081085
v -51.40852356 -23.14455795 81.01081085
v -49.64532089 -26.71289444 82.01248169
v -49.64532089 -26.71336174 81.01248169
v -47.63476944 -30.14843369 82.01408386
v -47.63476944 -30.14890099 81.01408386
v -45.38688660 -33.43359375 82.01561737
v -45.38688660 -33.43405914 81.01561737
v -42.91287231 -36.55200577 82.01707458
v -42.91287231 -36.55247116 81.01707458
v -40.22505188 -39.48813629 82.01844025
v -40.22505188 -39.48860168 81.01844025
v -37.33681488 -42.22735596 82.01972198
v -37.33681488 -42.22782516 81.01972198
v -34.26255035 -44.75601959 82.02090454
v -34.26255035 -44.75648880 81.02090454
v -31.01757240 -47.06153107 82.02198029
v -31.01757240 -47.06199646 81.02198029
v -27.61805153 -49.13240051 82.02294922
v -27.61805153 -49.13286591 81.02294922
v -24.08092117 -50.95831299 82.02379608
v -24.08092117 -50.95877838 81.02379608
v -20.42380333 -52.53017044 82.02452850
v -20.42380333 -52.53063965 81.02452850
v -16.66491890 -53.84014511 82.02514648
v -16.66491890 -53.84061050 81.02514648
v -12.82299328 -54.88170624 82.02562714
v -12.82299328 -54.88217545 81.02562714
v -8.91716766 -55.64966965 82.02598572
v -8.91716766 -55.65013885 81.02598572
v -4.96689892 -56.14020920 82.02621460
v -4.96689892 -56.14067459 81.02621460
v -0.99186873 -56.35087585 82.02631378
v -0.99186873 -56.35134125 81.02631378
v 2.98812008 -56.28062439 82.02628326
v 2.98812008 -56.28108978 81.02628326
v 6.95323944 -55.92980194 82.02611542
v 6.95323944 -55.93027115 81.02611542
v 10.88373566 -55.30015945 82.02582550
v 10.88373566 -55.30062866 81.02582550
v 14.76002598 -54.39483261 82.02540588
v 14.76002598 -54.39530182 81.02540588
v 18.56279945 -53.21833420 82.02485657
v 18.56279945 -53.21879959 81.02485657
v 22.27311325 -51.77651978 82.02417755
v 22.27311325 -51.77698517 81.02417755
v 25.87247849 -50.07657242 82.02338409
v 25.87247849 -50.07704163 81.02338409
v 29.34296608 -48.12696838 82.02247620
v 29.34296608 -48.12743378 81.02247620
v 32.66728592 -45.93741608 82.02145386
v 32.66728592 -45.93788147 81.02145386
v 35.82887650 -43.51882172 82.02032471
v 35.82887650 -43.51928711 81.02032471
v 38.81198502 -40.88323593 82.01909637
v 38.81198502 -40.88370514 81.01909637
v 41.60175323 -38.04379272 82.01776886
v 41.60175323 -38.04425812 81.01776886
v 44.18428040 -35.01463318 82.01635742
v 44.18428040 -35.01510239 81.01635742
v 46.54669952 -31.81085205 82.01486206
v 46.54669952 -31.81131935 81.01486206
v 48.67724228 -28.44840813 82.01329041
v 48.67724228 -28.44887543 81.01329041
v 50.56529617 -24.94405365 82.01165009
v 50.56529617 -24.94452095 81.01165009
v 52.20145035 -21.31524849 82.00995636
v 52.20145035 -21.31571388 81.00995636
v 53.57756042 -17.58006859 82.00821686
v 53.57756042 -17.58053398 81.00821686
v 54.68676758 -13.75712299 82.00643158
v 54.68676758 -13.75758934 81.00643158
v 55.52354050 -9.86545849 82.00461578
v 55.52354050 -9.86592579 81.00461578
v 56.08371735 -5.92446327 82.00277710
v 56.08371735 -5.92493010 81.00277710
v 56.36450577 -1.95377040 82.00092316
v 56.36450577 -1.95423722 81.00092316
v 56.36450577 2.02683806 81.99906158
v 56.36450577 2.02637124 80.99906158
v 56.08371735 5.99753094 81.99720764
v 56.08371735 5.99706411 80.99720764
v 55.52354050 9.93852615 81.99536896
v 55.52354050 9.93805981 80.99536896
v 54.68676758 13.83019066 81.99355316
v 54.68676758 13.82972336 80.99355316
v 53.57756042 17.65313530 81.99176788
v 53.57756042 17.65266800 80.99176788
v 52.20145035 21.38831520 81.99002075
v 52.20145035 21.38784790 80.99002075
v 50.56529617 25.01712227 81.98832703
v 50.56529617 25.01665497 80.98832703
v 48.67724228 28.52147675 81.98669434
v 48.67724228 28.52100945 80.98669434
v 46.54669952 31.88392067 81.98512268
v 46.54669952 31.88345337 80.98512268
v 44.18428040 35.08769989 81.98362732
v 44.18428040 35.08723450 80.98362732
v 41.60175323 38.11685944 81.98221588
v 41.60175323 38.11639404 80.98221588
v 38.81198502 40.95630646 81.98088837
v 38.81198502 40.95583725 80.98088837
v 35.82887650 43.59188843 81.97966003
v 35.82887650 43.59142303 80.97966003
v 32.66728592 46.01048279 81.97853088
v 32.66728592 46.01001358 80.97853088
v 29.34296608 48.20003510 81.97750854
v 29.34296608 48.19956970 80.97750854
v 25.87247849 50.14964294 81.97660065
v 25.87247849 50.14917374 80.97660065
v 22.27311325 51.84958649 81.97580719
v 22.27311325 51.84911728 80.97580719
v 18.56279945 53.29140091 81.97512817
v 18.56279945 53.29093170 80.97512817
v 14.76002598 54.46790314 81.97457886
v 14.76002598 54.46743393 80.97457886
v 10.88373566 55.37322998 81.97415924
v 10.88373566 55.37276077 80.97415924
v 6.95323944 56.00287247 81.97386169
v 6.95323944 56.00240326 80.97386169
v 2.98812032 56.35369110 81.97370148
v 2.98812032 56.35322571 80.97370148
v -0.99186873 56.42394257 81.97367096
v -0.99186873 56.42347717 80.97367096
v -4.96689892 56.21327591 81.97377014
v -4.96689892 56.21281052 80.97377014
v -8.91716766 55.72274017 81.97399902
v -8.91716766 55.72227097 80.97399902
v -12.82299328 54.95477676 81.97435760
v -12.82299328 54.95430756 80.97435760
v -16.66491890 53.91321182 81.97483826
v -16.66491890 53.91274643 80.97483826
v -20.42380333 52.60323715 81.97544861
v -20.42380333 52.60277176 80.97544861
v -24.08092117 51.03137970 81.97618866
v -24.08092117 51.03091431 80.97618866
v -27.61805153 49.20546722 81.97703552
v -27.61805153 49.20500183 80.97703552
v -31.01757240 47.13459778 81.97800446
v -31.01757240 47.13413239 80.97800446
v -34.26255035 44.82909012 81.97908020
v -34.26255035 44.82862091 80.97908020
v -37.33681488 42.30042267 81.98026276
v -37.33681488 42.29995728 80.98026276
v -40.22505188 39.56120300 81.98153687
v -40.22505188 39.56073761 80.98153687
v -42.91287231 36.62507248 81.98291016
v -42.91287231 36.62460709 80.98291016
v -45.38688660 33.50666046 81.98436737
v -45.38688660 33.50619507 80.98436737
v -47.63476944 30.22150230 81.98590088
v -47.63476944 30.22103500 80.98590088
v -49.64532089 26.78596306 81.98750305
v -49.64532089 26.78549576 80.98750305
v -51.40852356 23.21715927 81.98917389
v -51.40852356 23.21669197 80.98917389
v -52.91559601 19.53287125 81.99089050
v -52.91559601 19.53240395 80.99089050
v -54.15902710 15.75145245 81.99265289
v -54.15902710 15.75098610 80.99265289
v -55.13262177 11.89174366 81.99446106
v -55.13262177 11.89127636 80.99446106
v -55.83153534 7.97297239 81.99628448
v -55.83153534 7.97250557 80.99628448
v -58.11693192 4.10023880 80.99809265
v -58.11693192 4.10070562 81.99809265
v -58.25885391 0.03606703 80.99999237
v -58.25885391 0.03653386 81.99999237
v -58.11693192 -4.02810478 81.00189209
v -58.11693192 -4.02763796 82.00189209
v -57.69185257 -8.07247639 81.00377655
v -57.69185257 -8.07200909 82.00377655
v -56.98568344 -12.07734394 81.00564575
v -56.98568344 -12.07687664 82.00564575
v -56.00187302 -16.02319527 81.00749207
v -56.00187302 -16.02272987 82.00749207
v -54.74520874 -19.89080811 81.00929260
v -54.74520874 -19.89034271 82.00929260
v -53.22181702 -23.66134071 81.01105499
v -53.22181702 -23.66087341 82.01105499
v -51.43911362 -27.31641960 81.01276398
v -51.43911362 -27.31595421 82.01276398
v -49.40578842 -30.83824158 81.01440430
v -49.40578842 -30.83777428 82.01440430
v -47.13174820 -34.20964813 81.01597595
v -47.13174820 -34.20917892 82.01597595
v -44.62806702 -37.41421127 81.01747131
v -44.62806702 -37.41374207 82.01747131
v -41.90694809 -40.43631744 81.01888275
v -41.90694809 -40.43585205 82.01888275
v -38.98164749 -43.26124954 81.02020264
v -38.98164749 -43.26078415 82.02020264
v -35.86641312 -45.87524414 81.02142334
v -35.86641312 -45.87477493 82.02142334
v -32.57642365 -48.26556015 81.02253723
v -32.57642365 -48.26509094 82.02253723
v -29.12770844 -50.42055511 81.02354431
v -29.12770844 -50.42008591 82.02354431
v -25.53706932 -52.32973099 81.02443695
v -25.53706932 -52.32926178 82.02443695
v -21.82200050 -53.98378754 81.02520752
v -21.82200050 -53.98331833 82.02520752
v -18.00060081 -55.37466049 81.02585602
v -18.00060081 -55.37419510 82.02585602
v -14.09148598 -56.49558258 81.02638245
v -14.09148598 -56.49511337 82.02638245
v -10.11370277 -57.34108734 81.02677917
v -10.11370277 -57.34061813 82.02677917
v -6.08662939 -57.90705490 81.02703857
v -6.08662939 -57.90658569 82.02703857
v -2.02988625 -58.19072723 81.02717590
v -2.02988625 -58.19026184 82.02717590
v 2.03676319 -58.19072723 81.02717590
v 2.03676319 -58.19026184 82.02717590
v 6.09350681 -57.90705490 81.02703857
v 6.09350681 -57.90658569 82.02703857
v 10.12057972 -57.34108734 81.02677917
v 10.12057972 -57.34061813 82.02677917
v 14.09836292 -56.49558258 81.02638245
v 14.09836292 -56.49511337 82.02638245
v 18.00747681 -55.37466049 81.02585602
v 18.00747681 -55.37419510 82.02585602
v 21.82887840 -53.98378754 81.02520752
v 21.82887840 -53.98331833 82.02520752
v 25.54394722 -52.32973099 81.02443695
v 25.54394722 -52.32926178 82.02443695
v 29.13458633 -50.42055511 81.02354431
v 29.13458633 -50.42008591 82.02354431
v 32.58330154 -48.26556015 81.02253723
v 32.58330154 -48.26509094 82.02253723
v 35.87328720 -45.87524414 81.02142334
v 35.87328720 -45.87477493 82.02142334
v 38.98852158 -43.26124954 81.02020264
v 38.98852158 -43.26078415 82.02020264
v 41.91382599 -40.43631744 81.01888275
v 41.91382599 -40.43585205 82.01888275
v 44.63494492 -37.41421127 81.01747131
v 44.63494492 -37.41374207 82.01747131
v 47.13862610 -34.20964813 81.01597595
v 47.13862610 -34.20917892 82.01597595
v 49.41266632 -30.83824158 81.01440430
v 49.41266632 -30.83777428 82.01440430
v 51.44599152 -27.31641960 81.01276398
v 51.44599152 -27.31595421 82.01276398
v 53.22869110 -23.66134071 81.01105499
v 53.22869110 -23.66087341 82.01105499
v 54.75208664 -19.89080811 81.00929260
v 54.75208664 -19.89034271 82.00929260
v 56.00875092 -16.02319527 81.00749207
v 56.00875092 -16.02272987 82.00749207
v 56.99256134 -12.07734394 81.00564575
v 56.99256134 -12.07687664 82.00564575
v 57.69872665 -8.07247639 81.00377655
v 57.69872665 -8.07200909 82.00377655
v 58.12380981 -4.02810478 81.00189209
v 58.12380981 -4.02763796 82.00189209
v 58.26573181 0.03606703 80.99999237
v 58.26573181 0.03653386 81.99999237
v 58.12380981 4.10023880 80.99809265
v 58.12380981 4.10070562 81.99809265
v 57.69872665 8.14461040 80.99620819
v 57.69872665 8.14507675 81.99620819
v 56.99256134 12.14947796 80.99433899
v 56.99256134 12.14994431 81.99433899
v 56.00875092 16.09532928 80.99249268
v 56.00875092 16.09579659 81.99249268
v 54.75208664 19.96294403 80.99069214
v 54.75208664 19.96340942 81.99069214
v 53.22869110 23.73347473 80.98892975
v 53.22869110 23.73394203 81.98892975
v 51.44599152 27.38855362 80.98722076
v 51.44599152 27.38902092 81.98722076
v 49.41266632 30.91037560 80.98558044
v 49.41266632 30.91084290 81.98558044
v 47.13862610 34.28178024 80.98400116
v 47.13862610 34.28224564 81.98400116
v 44.63494492 37.48634338 80.98250580
v 44.63494492 37.48680878 81.98250580
v 41.91382599 40.50845337 80.98109436
v 41.91382599 40.50891876 81.98109436
v 38.98852158 43.33338547 80.97978210
v 38.98852158 43.33385086 81.97978210
v 35.87328720 45.94737625 80.97856140
v 35.87328720 45.94784164 81.97856140
v 32.58330154 48.33769226 80.97743988
v 32.58330154 48.33816147 81.97743988
v 29.13458633 50.49268723 80.97644043
v 29.13458633 50.49315643 81.97644043
v 25.54394722 52.40186310 80.97554779
v 25.54394722 52.40233231 81.97554779
v 21.82887840 54.05591965 80.97477722
v 21.82887840 54.05638504 81.97477722
v 18.00747681 55.44679642 80.97412109
v 18.00747681 55.44726181 81.97412109
v 14.09836292 56.56771469 80.97360229
v 14.09836292 56.56818390 81.97360229
v 10.12057972 57.41321945 80.97320557
v 10.12057972 57.41368484 81.97320557
v 6.09350681 57.97918701 80.97293854
v 6.09350681 57.97965622 81.97293854
v 2.03676319 58.26286316 80.97280884
v 2.03676319 58.26332855 81.97280884
v -2.02988625 58.26286316 80.97280884
v -2.02988625 58.26332855 81.97280884
v -6.08662939 57.97918701 80.97293854
v -6.08662939 57.97965622 81.97293854
v -10.11370277 57.41321945 80.97320557
v -10.11370277 57.41368484 81.97320557
v -14.09148598 56.56771469 80.97360229
v -14.09148598 56.56818390 81.97360229
v -18.00060081 55.44679642 80.97412109
v -18.00060081 55.44726181 81.97412109
v -21.82200050 54.05591965 80.97477722
v -21.82200050 54.05638504 81.97477722
v -25.53706932 52.40186310 80.97554779
v -25.53706932 52.40233231 81.97554779
v -29.12770844 50.49268723 80.97644043
v -29.12770844 50.49315643 81.97644043
v -32.57642365 48.33769226 80.97743988
v -32.57642365 48.33816147 81.97743988
v -35.86641312 45.94737625 80.97856140
v -35.86641312 45.94784164 81.97856140
v -38.98164749 43.33338547 80.97978210
v -38.98164749 43.33385086 81.97978210
v -41.90694809 40.50845337 80.98109436
v -41.90694809 40.50891876 81.98109436
v -44.62806702 37.48634338 80.98250580
v -44.62806702 37.48680878 81.98250580
v -47.13174820 34.28178024 80.98400116
v -47.13174820 34.28224564 81.98400116
v -49.40578842 30.91037560 80.98558044
v -49.40578842 30.91084290 81.98558044
v -51.43911362 27.38855362 80.98722076
v -51.43911362 27.38902092 81.98722076
v -53.22181702 23.73347473 80.98892975
v -53.22181702 23.73394203 81.98892975
v -54.74520874 19.96294403 80.99069214
v -54.74520874 19.96340942 81.99069214
v -56.00187302 16.09532928 80.99249268
v -56.00187302 16.09579659 81.99249268
v -56.98568344 12.14947796 80.99433899
v -56.98568344 12.14994431 81.99433899
v -57.69185257 8.14461040 80.99620819
v -57.69185257 8.14507675 81.99620819
v -69.85562897 4.47620773 81.99791718
v -69.99655914 0.03653386 81.99999237
v -69.85562897 -4.40314007 82.00206757
v -69.43339539 -8.82493687 82.00412750
v -68.73156738 -13.21105194 82.00617981
v -67.75296783 -17.54382324 82.00820160
v -66.50154114 -21.80580521 82.01018524
v -64.98231506 -25.97983551 82.01213837
v -63.20141983 -30.04910660 82.01403809
v -61.16601944 -33.99723434 82.01587677
v -58.88430786 -37.80831909 82.01766205
v -56.36547852 -41.46701813 82.01936340
v -53.61967087 -44.95859528 82.02099609
v -50.65794373 -48.26899338 82.02254486
v -47.49222183 -51.38488007 82.02399445
v -44.13524628 -54.29371262 82.02535248
v -40.60054398 -56.98377609 82.02661133
v -36.90234375 -59.44424057 82.02776337
v -33.05553818 -61.66519547 82.02879333
v -29.07561302 -63.63769913 82.02971649
v -24.97859764 -65.35380554 82.03051758
v -20.78098869 -66.80661774 82.03119659
v -16.49968719 -67.99026489 82.03174591
v -12.15193367 -68.90000153 82.03217316
v -7.75523567 -69.53215027 82.03247070
v -3.32729554 -69.88417053 82.03263092
v 1.11405599 -69.95465088 82.03266907
v 5.55093575 -69.74329376 82.03256989
v 9.96547699 -69.25096130 82.03234100
v 14.33990574 -68.47962952 82.03197479
v 18.65660477 -67.43241119 82.03148651
v 22.89819527 -66.11351776 82.03087616
v 27.04759789 -64.52825928 82.03013611
v 31.08810234 -62.68302536 82.02927399
v 35.00343704 -60.58523941 82.02828979
v 38.77784348 -58.24335098 82.02719879
v 42.39611816 -55.66679001 82.02599335
v 45.84368896 -52.86593246 82.02468872
v 49.10668182 -49.85205460 82.02328491
v 52.17195129 -46.63729095 82.02178192
v 55.02715683 -43.23458862 82.02019501
v 57.66080093 -39.65765381 82.01852417
v 60.06227875 -35.92087936 82.01677704
v 62.22192001 -32.03931808 82.01496887
v 64.13102722 -28.02860069 82.01309204
v 65.78192139 -23.90487289 82.01116943
v 67.16794586 -19.68474388 82.00920105
v 68.28352356 -15.38520145 82.00719452
v 69.12416077 -11.02356243 82.00515747
v 69.68647003 -6.61738825 82.00309753
v 69.96819305 -2.18442130 82.00102997
v 69.96819305 2.25748897 81.99895477
v 69.68647003 6.69045639 81.99688721
v 69.12416077 11.09663010 81.99482727
v 68.28352356 15.45826912 81.99279022
v 67.16794586 19.75781059 81.99078369
v 65.78192139 23.97794151 81.98881531
v 64.13102722 28.10166740 81.98689270
v 62.22192001 32.11238861 81.98501587
v 60.06227875 35.99394608 81.98320770
v 57.66080093 39.73072052 81.98146057
v 55.02715683 43.30765915 81.97978973
v 52.17195129 46.71035767 81.97820282
v 49.10668182 49.92512131 81.97669983
v 45.84368896 52.93899918 81.97529602
v 42.39611816 55.73985672 81.97399139
v 38.77784348 58.31641769 81.97278595
v 35.00343704 60.65830612 81.97169495
v 31.08810234 62.75609207 81.97071075
v 27.04759789 64.60132599 81.96984863
v 22.89819527 66.18658447 81.96910858
v 18.65660477 67.50547791 81.96849823
v 14.33990574 68.55269623 81.96800995
v 9.96547699 69.32402802 81.96764374
v 5.55093575 69.81636047 81.96741486
v 1.11405599 70.02771759 81.96731567
v -3.32729554 69.95723724 81.96735382
v -7.75523567 69.60521698 81.96751404
v -12.15193367 68.97306824 81.96781158
v -16.49968719 68.06333923 81.96823120
v -20.78098869 66.87968445 81.96878815
v -24.97859764 65.42687988 81.96946716
v -29.07561302 63.71076584 81.97026825
v -33.05553818 61.73826218 81.97118378
v -36.90234375 59.51730728 81.97222137
v -40.60054398 57.05684280 81.97337341
v -44.13524628 54.36677933 81.97463226
v -47.49222183 51.45794678 81.97599030
v -50.65794373 48.34206009 81.97743988
v -53.61967087 45.03166199 81.97898865
v -56.36547852 41.54008484 81.98061371
v -58.88430786 37.88138580 81.98232269
v -55.26713943 33.52487564 81.98435974
v -54.67393112 33.33213043 81.98445129
v -54.21040726 32.91477203 81.98464203
v -53.95671082 32.34495926 81.98490906
v -53.95671082 31.72122574 81.98519897
v -61.16601944 34.07030106 81.98410034
v -56.42762756 33.14781189 81.98453522
v -55.88745880 33.45967865 81.98439026
v -63.20141983 30.12217522 81.98594666
v -56.79425049 31.42298889 81.98533630
v -56.92393112 32.03309250 81.98505402
v -56.79425049 32.64319992 81.98477173
v -64.98231506 26.05290222 81.98784637
v -55.88745880 30.60650826 81.98571777
v -56.42762756 30.91837692 81.98557281
v -66.50154114 21.87887192 81.98979187
v -67.75296783 17.61689186 81.99178314
v -68.73156738 13.28411961 81.99380493
v -69.43339539 8.89800453 81.99585724
v -54.21040726 31.15141487 81.98546600
v -54.67393112 30.73405647 81.98566437
v -55.26713943 30.54131126 81.98574829
v -44.85430908 3.61179090 81.99832153
v -44.99656296 0.03653386 81.99999237
v -44.85430908 -3.53872323 82.00166321
v -44.42845154 -7.09137630 82.00331879
v -43.72168350 -10.59896469 82.00495911
v -42.73846817 -14.03931236 82.00656128
v -41.48502350 -17.39066696 82.00812531
v -39.96928024 -20.63184166 82.00964355
v -38.20081329 -23.74234390 82.01109314
v -36.19080734 -26.70250893 82.01247406
v -33.95196915 -29.49362183 82.01377869
v -31.49845505 -32.09803391 82.01499176
v -28.84577560 -34.49928284 82.01611328
v -26.01070213 -36.68218231 82.01713562
v -23.01115799 -38.63293839 82.01804352
v -19.86610794 -40.33921051 82.01883698
v -16.59543800 -41.79021454 82.01951599
v -13.21982384 -42.97677612 82.02007294
v -9.76060772 -43.89139557 82.02050018
v -6.23966026 -44.52828598 82.02079773
v -2.67924213 -44.88342667 82.02096558
v 0.89813697 -44.95456696 82.02099609
v 4.46985960 -44.74125671 82.02089691
v 8.01334381 -44.24485016 82.02066040
v 11.50618744 -43.46848297 82.02030182
v 14.92630577 -42.41706085 82.01981354
v 18.25207710 -41.09723282 82.01919556
v 21.46247673 -39.51734543 82.01845551
v 24.53720284 -37.68738556 82.01760101
v 27.45681953 -35.61892319 82.01663971
v 30.20286751 -33.32503510 82.01556396
v 32.75798416 -30.82022285 82.01439667
v 35.10601807 -28.12032700 82.01313782
v 37.23212051 -25.24241257 82.01179504
v 39.12285233 -22.20467758 82.01037598
v 40.76625443 -19.02632523 82.00888824
v 42.15194702 -15.72745228 82.00735474
v 43.27116013 -12.32891464 82.00576782
v 44.11682129 -8.85219765 82.00414276
v 44.68358231 -5.31928396 82.00249481
v 44.96786118 -1.75250912 82.00082397
v 44.96786118 1.82557690 81.99915314
v 44.68358231 5.39235210 81.99748993
v 44.11682129 8.92526531 81.99584198
v 43.27116013 12.40198231 81.99421692
v 42.15194702 15.80051994 81.99263000
v 40.76625443 19.09939384 81.99108887
v 39.12285233 22.27774429 81.98960876
v 37.23212051 25.31548119 81.98818970
v 35.10601807 28.19339371 81.98684692
v 32.75798416 30.89329147 81.98558807
v 30.20286751 33.39810181 81.98442078
v 27.45681953 35.69198990 81.98334503
v 24.53720284 37.76045227 81.98238373
v 21.46247673 39.59041214 81.98152924
v 18.25207710 41.17029953 81.98078918
v 14.92630577 42.49012756 81.98017120
v 11.50618744 43.54154968 81.97968292
v 8.01334381 44.31791687 81.97931671
v 4.46985960 44.81432724 81.97908783
v 0.89813697 45.02763367 81.97898865
v -2.67924213 44.95649338 81.97901917
v -6.23966026 44.60135651 81.97918701
v -9.76060772 43.96446228 81.97948456
v -13.21982384 43.04984665 81.97991180
v -16.59543800 41.86328125 81.98046875
v -19.86610794 40.41227722 81.98114014
v -23.01115799 38.70600510 81.98194122
v -26.01070213 36.75525284 81.98284912
v -28.84577560 34.57234955 81.98387146
v -31.49845505 32.17110062 81.98499298
v -33.95196915 29.56668854 81.98620605
v -36.19080734 26.77557755 81.98751068
v -38.20081329 23.81541252 81.98889160
v -39.96928024 20.70491028 81.99034119
v -41.48502350 17.46373558 81.99185944
v -42.73846817 14.11238003 81.99342346
v -43.72168350 10.67203236 81.99502563
v -44.42845154 7.16444397 81.99666595
v -29.62841225 9.91202068 -0.00462728
v -29.62841225 9.91342068 2.99537230
v -29.49472046 10.49776363 -0.00490072
v -29.49472046 10.49916458 2.99509907
v -29.62841225 11.08350658 -0.00517417
v -29.62841225 11.08490753 2.99482560
v -30.00300789 11.55323601 -0.00539345
v -30.00300789 11.55463696 2.99460626
v -30.54431725 11.81391621 -0.00551515
v -30.54431725 11.81531620 2.99448442
v -31.14512253 11.81391621 -0.00551515
v -31.14512253 11.81531620 2.99448442
v -31.68642998 11.55323601 -0.00539345
v -31.68642998 11.55463696 2.99460626
v -32.06102753 11.08350658 -0.00517417
v -32.06102753 11.08490753 2.99482560
v -32.19472122 10.49776363 -0.00490072
v -32.19472122 10.49916458 2.99509907
v -32.06102753 9.91202068 -0.00462728
v -32.06102753 9.91342068 2.99537230
v -31.68642998 9.44229126 -0.00440799
v -31.68642998 9.44369221 2.99559164
v -31.14512253 9.18161106 -0.00428630
v -31.14512253 9.18301201 2.99571347
v -30.54431725 9.18161106 -0.00428630
v -30.54431725 9.18301201 2.99571347
v -30.00300789 9.44229126 -0.00440799
v -30.00300789 9.44369221 2.99559164
v 31.37158775 9.91202068 -0.00462728
v 31.37158775 9.91342068 2.99537230
v 31.50527954 10.49776363 -0.00490072
v 31.50527954 10.49916458 2.99509907
v 31.37158775 11.08350658 -0.00517417
v 31.37158775 11.08490753 2.99482560
v 30.99699211 11.55323601 -0.00539345
v 30.99699211 11.55463696 2.99460626
v 30.45568275 11.81391621 -0.00551515
v 30.45568275 11.81531620 2.99448442
v 29.85487747 11.81391621 -0.00551515
v 29.85487747 11.81531620 2.99448442
v 29.31357002 11.55323601 -0.00539345
v 29.31357002 11.55463696 2.99460626
v 28.93897247 11.08350658 -0.00517417
v 28.93897247 11.08490753 2.99482560
v 28.80528069 10.49776363 -0.00490072
v 28.80528069 10.49916458 2.99509907
v 28.93897247 9.91202068 -0.00462728
v 28.93897247 9.91342068 2.99537230
v 29.31357002 9.44229126 -0.00440799
v 29.31357002 9.44369221 2.99559164
v 29.85487747 9.18161106 -0.00428630
v 29.85487747 9.18301201 2.99571347
v 30.45568275 9.18161106 -0.00428630
v 30.45568275 9.18301201 2.99571347
v 30.99699211 9.44229126 -0.00440799
v 30.99699211 9.44369221 2.99559164
v -50.81309128 -76.73992157 0.03582488
v -50.81309128 -67.23992157 0.03138995
v -50.81309128 -76.73852539 3.03582454
v -50.81309128 -67.23852539 3.03138971
v -50.56309128 -76.98852539 3.03594136
v -50.56309128 -76.98992157 0.03594159
v -50.68809128 -76.95503235 3.03592563
v -50.68809128 -76.95642853 0.03592595
v -50.77959824 -76.86352539 3.03588295
v -50.77959824 -76.86492157 0.03588324
v -48.06309128 -76.98992157 0.03594159
v -48.06309128 -76.98852539 3.03594136
v -47.81309128 -76.73852539 3.03582454
v -47.81309128 -76.73992157 0.03582488
v -47.84658432 -76.86352539 3.03588295
v -47.84658432 -76.86492157 0.03588324
v -47.93809128 -76.95503235 3.03592563
v -47.93809128 -76.95642853 0.03592595
v -47.81309128 -67.23992157 0.03138995
v -47.81309128 -67.23852539 3.03138971
v -48.06309128 -66.98852539 3.03127289
v -48.06309128 -66.98992157 0.03127324
v -47.93809128 -67.02201843 3.03128862
v -47.93809128 -67.02342224 0.03128888
v -47.84658432 -67.11352539 3.03133130
v -47.84658432 -67.11492157 0.03133160
v -50.56309128 -66.98992157 0.03127324
v -50.56309128 -66.98852539 3.03127289
v -50.77959824 -67.11352539 3.03133130
v -50.77959824 -67.11492157 0.03133160
v -50.68809128 -67.02201843 3.03128862
v -50.68809128 -67.02342224 0.03128888
v 67.39665985 27.87408829 2.98698783
v 67.39665985 27.87268829 -0.01301195
v 67.26265717 28.50452995 2.98669338
v 67.26265717 28.50312996 -0.01330626
v 67.39665985 29.13497162 2.98639917
v 67.39665985 29.13357162 -0.01360057
v 67.77550507 29.65640450 2.98615575
v 67.77550507 29.65500450 -0.01384399
v 68.33367920 29.97866821 2.98600531
v 68.33367920 29.97726631 -0.01399444
v 68.97467804 30.04603958 2.98597383
v 68.97467804 30.04463768 -0.01402589
v 69.58765411 29.84686852 2.98606682
v 69.58765411 29.84546852 -0.01393291
v 70.06663513 29.41559792 2.98626804
v 70.06663513 29.41419601 -0.01373158
v 70.32878113 28.82679367 2.98654294
v 70.32878113 28.82539177 -0.01345670
v 70.32878113 28.18226624 2.98684382
v 70.32878113 28.18086624 -0.01315581
v 70.06663513 27.59346390 2.98711872
v 70.06663513 27.59206200 -0.01288094
v 69.58765411 27.16219139 2.98732018
v 69.58765411 27.16078949 -0.01267961
v 68.97467804 26.96302223 2.98741293
v 68.97467804 26.96162033 -0.01258663
v 68.33367920 27.03039169 2.98738170
v 68.33367920 27.02899170 -0.01261808
v 67.77550507 27.35265541 2.98723125
v 67.77550507 27.35125542 -0.01276852
v 57.44243240 -60.67428970 3.02832532
v 57.44243240 -60.67568970 0.02832554
v 57.30426788 -59.84630585 3.02793860
v 57.30426788 -59.84770584 0.02793900
v 57.44243240 -59.01832199 3.02755213
v 57.44243240 -59.01972198 0.02755247
v 57.84195709 -58.28006363 3.02720761
v 57.84195709 -58.28146362 0.02720783
v 58.45954895 -57.71153259 3.02694201
v 58.45954895 -57.71293259 0.02694242
v 59.22827911 -57.37433624 3.02678466
v 59.22827911 -57.37573624 0.02678500
v 60.06484604 -57.30501556 3.02675223
v 60.06484604 -57.30641556 0.02675264
v 60.87858963 -57.51108551 3.02684855
v 60.87858963 -57.51248550 0.02684884
v 61.58133698 -57.97021103 3.02706289
v 61.58133698 -57.97161102 0.02706318
v 62.09692383 -58.63264084 3.02737212
v 62.09692383 -58.63404083 0.02737242
v 62.36948776 -59.42658997 3.02774262
v 62.36948776 -59.42798996 0.02774307
v 62.36948776 -60.26602173 3.02813458
v 62.36948776 -60.26742172 0.02813494
v 62.09692383 -61.05997086 3.02850533
v 62.09692383 -61.06137085 0.02850558
v 61.58133698 -61.72240067 3.02881455
v 61.58133698 -61.72380066 0.02881483
v 60.87858963 -62.18152618 3.02902889
v 60.87858963 -62.18292618 0.02902917
v 60.06484604 -62.38759613 3.02912498
v 60.06484604 -62.38899612 0.02912537
v 59.22827911 -62.31827545 3.02909279
v 59.22827911 -62.31967545 0.02909300
v 58.45954895 -61.98107910 3.02893519
v 58.45954895 -61.98247910 0.02893559
v 57.84195709 -61.41254807 3.02866983
v 57.84195709 -61.41394806 0.02867018
v 27.08714104 68.18360138 2.96816993
v 27.08714104 68.18220520 -0.03182984
v 26.95313644 68.81404114 2.96787548
v 26.95313644 68.81264496 -0.03212415
v 27.08714104 69.44448853 2.96758127
v 27.08714104 69.44308472 -0.03241846
v 27.46598434 69.96591949 2.96733785
v 27.46598434 69.96451569 -0.03266189
v 28.02416039 70.28818512 2.96718740
v 28.02416039 70.28678131 -0.03281233
v 28.66515541 70.35555267 2.96715593
v 28.66515541 70.35415649 -0.03284378
v 29.27813530 70.15638733 2.96724892
v 29.27813530 70.15498352 -0.03275080
v 29.75711250 69.72511292 2.96745014
v 29.75711250 69.72370911 -0.03254947
v 30.01926422 69.13630676 2.96772504
v 30.01926422 69.13491058 -0.03227459
v 30.01926422 68.49178314 2.96802592
v 30.01926422 68.49037933 -0.03197370
v 29.75711250 67.90297699 2.96830082
v 29.75711250 67.90158081 -0.03169883
v 29.27813530 67.47170258 2.96850228
v 29.27813530 67.47030640 -0.03149750
v 28.66515541 67.27253723 2.96859527
v 28.66515541 67.27113342 -0.03140452
v 28.02416039 67.33990479 2.96856380
v 28.02416039 67.33850861 -0.03143597
v 27.46598434 67.66217041 2.96841335
v 27.46598434 67.66076660 -0.03158642
v -29.91912842 68.18360138 2.96816993
v -29.91912842 68.18220520 -0.03182984
v -30.05313301 68.81404114 2.96787548
v -30.05313301 68.81264496 -0.03212415
v -29.91912842 69.44448853 2.96758127
v -29.91912842 69.44308472 -0.03241846
v -29.54028511 69.96591949 2.96733785
v -29.54028511 69.96451569 -0.03266189
v -28.98210907 70.28818512 2.96718740
v -28.98210907 70.28678131 -0.03281233
v -28.34111404 70.35555267 2.96715593
v -28.34111404 70.35415649 -0.03284378
v -27.72813225 70.15638733 2.96724892
v -27.72813225 70.15498352 -0.03275080
v -27.24915695 69.72511292 2.96745014
v -27.24915695 69.72370911 -0.03254947
v -26.98700333 69.13630676 2.96772504
v -26.98700333 69.13491058 -0.03227459
v -26.98700333 68.49178314 2.96802592
v -26.98700333 68.49037933 -0.03197370
v -27.24915695 67.90297699 2.96830082
v -27.24915695 67.90158081 -0.03169883
v -27.72813225 67.47170258 2.96850228
v -27.72813225 67.47030640 -0.03149750
v -28.34111404 67.27253723 2.96859527
v -28.34111404 67.27113342 -0.03140452
v -28.98210907 67.33990479 2.96856380
v -28.98210907 67.33850861 -0.03143597
v -29.54028511 67.66217041 2.96841335
v -29.54028511 67.66076660 -0.03158642
v -39.56309128 -76.98852539 3.03594136
v -39.56309128 -76.98992157 0.03594159
v -39.68809128 -76.95503235 3.03592563
v -39.68809128 -76.95642853 0.03592595
v -39.77959824 -76.86352539 3.03588295
v -39.77959824 -76.86492157 0.03588324
v -39.81309128 -76.73852539 3.03582454
v -39.81309128 -76.73992157 0.03582488
v -37.06309128 -76.98992157 0.03594159
v -37.06309128 -76.98852539 3.03594136
v -36.81309128 -76.73852539 3.03582454
v -36.81309128 -76.73992157 0.03582488
v -36.84658432 -76.86352539 3.03588295
v -36.84658432 -76.86492157 0.03588324
v -36.93809128 -76.95503235 3.03592563
v -36.93809128 -76.95642853 0.03592595
v -36.81309128 -67.23992157 0.03138995
v -36.81309128 -67.23852539 3.03138971
v -37.06309128 -66.98852539 3.03127289
v -37.06309128 -66.98992157 0.03127324
v -36.93809128 -67.02201843 3.03128862
v -36.93809128 -67.02342224 0.03128888
v -36.84658432 -67.11352539 3.03133130
v -36.84658432 -67.11492157 0.03133160
v -39.56309128 -66.98992157 0.03127324
v -39.56309128 -66.98852539 3.03127289
v -39.81309128 -67.23852539 3.03138971
v -39.81309128 -67.23992157 0.03138995
v -39.77959824 -67.11352539 3.03133130
v -39.77959824 -67.11492157 0.03133160
v -39.68809128 -67.02201843 3.03128862
v -39.68809128 -67.02342224 0.03128888
v 67.39665985 -29.13217354 3.01360035
v 67.39665985 -29.13357544 0.01360057
v 67.26265717 -28.50173187 3.01330590
v 67.26265717 -28.50313377 0.01330626
v 67.39665985 -27.87129021 3.01301169
v 67.39665985 -27.87269211 0.01301195
v 67.77550507 -27.34985733 3.01276827
v 67.77550507 -27.35125923 0.01276852
v 68.33367920 -27.02759552 3.01261783
v 68.33367920 -27.02899551 0.01261808
v 68.97467804 -26.96022415 3.01258636
v 68.97467804 -26.96162415 0.01258663
v 69.58765411 -27.15939331 3.01267934
v 69.58765411 -27.16079330 0.01267961
v 70.06663513 -27.59066582 3.01288056
v 70.06663513 -27.59206581 0.01288094
v 70.32878113 -28.17947006 3.01315546
v 70.32878113 -28.18087006 0.01315582
v 70.32878113 -28.82399559 3.01345634
v 70.32878113 -28.82539558 0.01345670
v 70.06663513 -29.41279984 3.01373124
v 70.06663513 -29.41419983 0.01373158
v 69.58765411 -29.84407234 3.01393247
v 69.58765411 -29.84547234 0.01393291
v 68.97467804 -30.04324150 3.01402545
v 68.97467804 -30.04464149 0.01402589
v 68.33367920 -29.97587013 3.01399422
v 68.33367920 -29.97727013 0.01399444
v 67.77550507 -29.65360641 3.01384377
v 67.77550507 -29.65500641 0.01384400
v 57.43756866 59.02249146 2.97244668
v 57.43756866 59.02109146 -0.02755311
v 57.29940414 59.85047531 2.97205997
v 57.29940414 59.84907532 -0.02793964
v 57.43756866 60.67845917 2.97167349
v 57.43756866 60.67705917 -0.02832617
v 57.83709717 61.41671753 2.97132874
v 57.83709717 61.41531754 -0.02867082
v 58.45468521 61.98524857 2.97106338
v 58.45468521 61.98384857 -0.02893623
v 59.22341537 62.32244492 2.97090602
v 59.22341537 62.32104492 -0.02909365
v 60.05998230 62.39176559 2.97087359
v 60.05998230 62.39036560 -0.02912601
v 60.87372589 62.18569946 2.97096992
v 60.87372589 62.18429565 -0.02902981
v 61.57647324 61.72657013 2.97118425
v 61.57647324 61.72517014 -0.02881547
v 62.09206390 61.06414032 2.97149348
v 62.09206390 61.06274033 -0.02850622
v 62.36462402 60.27019119 2.97186399
v 62.36462402 60.26879120 -0.02813558
v 62.36462402 59.43075943 2.97225595
v 62.36462402 59.42935944 -0.02774370
v 62.09206390 58.63681030 2.97262669
v 62.09206390 58.63541031 -0.02737306
v 61.57647324 57.97438049 2.97293591
v 61.57647324 57.97298050 -0.02706381
v 60.87372589 57.51525497 2.97315025
v 60.87372589 57.51385498 -0.02684948
v 60.05998230 57.30918503 2.97324634
v 60.05998230 57.30778503 -0.02675328
v 59.22341537 57.37850571 2.97321415
v 59.22341537 57.37710571 -0.02678564
v 58.45468521 57.71570206 2.97305655
v 58.45468521 57.71430206 -0.02694306
v 57.83709717 58.28423309 2.97279119
v 57.83709717 58.28283310 -0.02720847
v 50.56309128 -66.98852539 3.03127289
v 50.56309128 -66.98992157 0.03127324
v 50.68809128 -67.02201843 3.03128862
v 50.68809128 -67.02342224 0.03128888
v 50.77959824 -67.11352539 3.03133130
v 50.77959824 -67.11492157 0.03133160
v 50.81309128 -67.23852539 3.03138971
v 50.81309128 -67.23992157 0.03138995
v 48.06309128 -66.98992157 0.03127324
v 48.06309128 -66.98852539 3.03127289
v 47.81309128 -67.23852539 3.03138971
v 47.81309128 -67.23992157 0.03138995
v 47.84658432 -67.11352539 3.03133130
v 47.84658432 -67.11492157 0.03133160
v 47.93809128 -67.02201843 3.03128862
v 47.93809128 -67.02342224 0.03128888
v 47.81309128 -76.73992157 0.03582488
v 47.81309128 -76.73852539 3.03582454
v 48.06309128 -76.98852539 3.03594136
v 48.06309128 -76.98992157 0.03594159
v 47.93809128 -76.95503235 3.03592563
v 47.93809128 -76.95642853 0.03592595
v 47.84658432 -76.86352539 3.03588295
v 47.84658432 -76.86492157 0.03588324
v 50.56309128 -76.98992157 0.03594159
v 50.56309128 -76.98852539 3.03594136
v 50.81309128 -76.73852539 3.03582454
v 50.81309128 -76.73992157 0.03582488
v 50.77959824 -76.86352539 3.03588295
v 50.77959824 -76.86492157 0.03588324
v 50.68809128 -76.95503235 3.03592563
v 50.68809128 -76.95642853 0.03592595
v -62.25922394 59.01763153 2.97244883
v -62.25922394 59.01622772 -0.02755084
v -62.39738846 59.84561157 2.97206235
v -62.39738846 59.84421158 -0.02793737
v -62.25922394 60.67359543 2.97167587
v -62.25922394 60.67219543 -0.02832390
v -61.85969925 61.41185379 2.97133112
v -61.85969925 61.41045380 -0.02866855
v -61.24210739 61.98038864 2.97106576
v -61.24210739 61.97898865 -0.02893396
v -60.47337723 62.31758499 2.97090840
v -60.47337723 62.31618500 -0.02909137
v -59.63681412 62.38690186 2.97087598
v -59.63681412 62.38550186 -0.02912374
v -58.82306671 62.18083572 2.97097206
v -58.82306671 62.17943573 -0.02902754
v -58.12032318 61.72171021 2.97118640
v -58.12032318 61.72031021 -0.02881320
v -57.60473251 61.05928040 2.97149563
v -57.60473251 61.05787659 -0.02850395
v -57.33216858 60.26533127 2.97186637
v -57.33216858 60.26392746 -0.02813331
v -57.33216858 59.42589569 2.97225833
v -57.33216858 59.42449570 -0.02774143
v -57.60473251 58.63194656 2.97262883
v -57.60473251 58.63054657 -0.02737079
v -58.12032318 57.96951675 2.97293806
v -58.12032318 57.96811676 -0.02706155
v -58.82306671 57.51039124 2.97315240
v -58.82306671 57.50899124 -0.02684721
v -59.63681412 57.30432129 2.97324872
v -59.63681412 57.30292130 -0.02675101
v -60.47337723 57.37364197 2.97321630
v -60.47337723 57.37224197 -0.02678337
v -61.24210739 57.71083832 2.97305894
v -61.24210739 57.70943832 -0.02694079
v -61.85969925 58.27936935 2.97279358
v -61.85969925 58.27796936 -0.02720620
v 37.06309128 -76.98852539 3.03594136
v 37.06309128 -76.98992157 0.03594159
v 36.93809128 -76.95503235 3.03592563
v 36.93809128 -76.95642853 0.03592595
v 36.84658432 -76.86352539 3.03588295
v 36.84658432 -76.86492157 0.03588324
v 36.81309128 -76.73852539 3.03582454
v 36.81309128 -76.73992157 0.03582488
v 39.56309128 -76.98992157 0.03594159
v 39.56309128 -76.98852539 3.03594136
v 39.81309128 -76.73852539 3.03582454
v 39.81309128 -76.73992157 0.03582488
v 39.77959824 -76.86352539 3.03588295
v 39.77959824 -76.86492157 0.03588324
v 39.68809128 -76.95503235 3.03592563
v 39.68809128 -76.95642853 0.03592595
v 39.81309128 -67.23992157 0.03138995
v 39.81309128 -67.23852539 3.03138971
v 39.56309128 -66.98852539 3.03127289
v 39.56309128 -66.98992157 0.03127324
v 39.68809128 -67.02201843 3.03128862
v 39.68809128 -67.02342224 0.03128888
v 39.77959824 -67.11352539 3.03133130
v 39.77959824 -67.11492157 0.03133160
v 37.06309128 -66.98992157 0.03127324
v 37.06309128 -66.98852539 3.03127289
v 36.81309128 -67.23852539 3.03138971
v 36.81309128 -67.23992157 0.03138995
v 36.84658432 -67.11352539 3.03133130
v 36.84658432 -67.11492157 0.03133160
v 36.93809128 -67.02201843 3.03128862
v 36.93809128 -67.02342224 0.03128888
v -70.22864532 -29.13217354 3.01360035
v -70.22864532 -29.13357544 0.01360057
v -70.36265564 -28.50173187 3.01330590
v -70.36265564 -28.50313377 0.01330626
v -70.22864532 -27.87129021 3.01301169
v -70.22864532 -27.87269211 0.01301195
v -69.84980774 -27.34985733 3.01276827
v -69.84980774 -27.35125923 0.01276852
v -69.29162598 -27.02759552 3.01261783
v -69.29162598 -27.02899551 0.01261808
v -68.65063477 -26.96022415 3.01258636
v -68.65063477 -26.96162415 0.01258663
v -68.03765106 -27.15939331 3.01267934
v -68.03765106 -27.16079330 0.01267961
v -67.55867767 -27.59066582 3.01288056
v -67.55867767 -27.59206581 0.01288094
v -67.29652405 -28.17947006 3.01315546
v -67.29652405 -28.18087006 0.01315582
v -67.29652405 -28.82399559 3.01345634
v -67.29652405 -28.82539558 0.01345670
v -67.55867767 -29.41279984 3.01373124
v -67.55867767 -29.41419983 0.01373158
v -68.03765106 -29.84407234 3.01393247
v -68.03765106 -29.84547234 0.01393291
v -68.65063477 -30.04324150 3.01402545
v -68.65063477 -30.04464149 0.01402589
v -69.29162598 -29.97587013 3.01399422
v -69.29162598 -29.97727013 0.01399444
v -69.84980774 -29.65360641 3.01384377
v -69.84980774 -29.65500641 0.01384399
v -62.25436020 -60.67915344 3.02832747
v -62.25436020 -60.68055344 0.02832781
v -62.39252853 -59.85116959 3.02794099
v -62.39252853 -59.85256958 0.02794127
v -62.25436020 -59.02318573 3.02755451
v -62.25436020 -59.02458572 0.02755474
v -61.85483551 -58.28492737 3.02720976
v -61.85483551 -58.28632736 0.02721010
v -61.23724365 -57.71639252 3.02694440
v -61.23724365 -57.71779633 0.02694469
v -60.46851349 -57.37919617 3.02678704
v -60.46851349 -57.38059998 0.02678727
v -59.63195038 -57.30987930 3.02675462
v -59.63195038 -57.31127930 0.02675491
v -58.81820297 -57.51594543 3.02685070
v -58.81820297 -57.51734543 0.02685111
v -58.11545944 -57.97507095 3.02706504
v -58.11545944 -57.97647476 0.02706545
v -57.59986877 -58.63750076 3.02737427
v -57.59986877 -58.63890457 0.02737469
v -57.32730484 -59.43145370 3.02774501
v -57.32730484 -59.43285370 0.02774533
v -57.32730484 -60.27088547 3.02813697
v -57.32730484 -60.27228546 0.02813721
v -57.59986877 -61.06483459 3.02850747
v -57.59986877 -61.06623459 0.02850785
v -58.11545944 -61.72726440 3.02881670
v -58.11545944 -61.72866440 0.02881710
v -58.81820297 -62.18638992 3.02903104
v -58.81820297 -62.18778992 0.02903144
v -59.63195038 -62.39245987 3.02912736
v -59.63195038 -62.39385986 0.02912764
v -60.46851349 -62.32313919 3.02909493
v -60.46851349 -62.32453918 0.02909528
v -61.23724365 -61.98594284 3.02893758
v -61.23724365 -61.98734283 0.02893786
v -61.85483551 -61.41741180 3.02867222
v -61.85483551 -61.41881180 0.02867245
v -70.22864532 27.87408829 2.98698783
v -70.22864532 27.87268829 -0.01301195
v -70.36265564 28.50452995 2.98669338
v -70.36265564 28.50312996 -0.01330626
v -70.22864532 29.13497162 2.98639917
v -70.22864532 29.13357162 -0.01360057
v -69.84980774 29.65640450 2.98615575
v -69.84980774 29.65500450 -0.01384399
v -69.29162598 29.97866821 2.98600531
v -69.29162598 29.97726631 -0.01399444
v -68.65063477 30.04603958 2.98597383
v -68.65063477 30.04463768 -0.01402589
v -68.03765106 29.84686852 2.98606682
v -68.03765106 29.84546852 -0.01393291
v -67.55867767 29.41559792 2.98626804
v -67.55867767 29.41419601 -0.01373158
v -67.29652405 28.82679367 2.98654294
v -67.29652405 28.82539177 -0.01345670
v -67.29652405 28.18226624 2.98684382
v -67.29652405 28.18086624 -0.01315581
v -67.55867767 27.59346390 2.98711872
v -67.55867767 27.59206200 -0.01288094
v -68.03765106 27.16219139 2.98732018
v -68.03765106 27.16078949 -0.01267961
v -68.65063477 26.96302223 2.98741293
v -68.65063477 26.96162033 -0.01258663
v -69.29162598 27.03039169 2.98738170
v -69.29162598 27.02899170 -0.01261808
v -69.84980774 27.35265541 2.98723125
v -69.84980774 27.35125542 -0.01276852
v 27.08714104 -69.44168854 3.03241825
v 27.08714104 -69.44309235 0.03241846
v 26.95313644 -68.81124878 3.03212380
v 26.95313644 -68.81264496 0.03212415
v 27.08714104 -68.18080902 3.03182960
v 27.08714104 -68.18220520 0.03182984
v 27.46598434 -67.65937042 3.03158617
v 27.46598434 -67.66077423 0.03158642
v 28.02416039 -67.33711243 3.03143573
v 28.02416039 -67.33850861 0.03143597
v 28.66515541 -67.26973724 3.03140426
v 28.66515541 -67.27114105 0.03140452
v 29.27813530 -67.46891022 3.03149724
v 29.27813530 -67.47030640 0.03149750
v 29.75711250 -67.90017700 3.03169847
v 29.75711250 -67.90158081 0.03169883
v 30.01926422 -68.48898315 3.03197336
v 30.01926422 -68.49038696 0.03197371
v 30.01926422 -69.13350677 3.03227425
v 30.01926422 -69.13491058 0.03227460
v 29.75711250 -69.72231293 3.03254914
v 29.75711250 -69.72371674 0.03254947
v 29.27813530 -70.15358734 3.03275037
v 29.27813530 -70.15498352 0.03275080
v 28.66515541 -70.35275269 3.03284335
v 28.66515541 -70.35415649 0.03284378
v 28.02416039 -70.28538513 3.03281212
v 28.02416039 -70.28678894 0.03281233
v 27.46598434 -69.96311951 3.03266168
v 27.46598434 -69.96452332 0.03266189
v -29.91912842 -69.44168854 3.03241825
v -29.91912842 -69.44309235 0.03241846
v -30.05313301 -68.81124878 3.03212380
v -30.05313301 -68.81264496 0.03212415
v -29.91912842 -68.18080902 3.03182960
v -29.91912842 -68.18220520 0.03182984
v -29.54028511 -67.65937042 3.03158617
v -29.54028511 -67.66077423 0.03158642
v -28.98210907 -67.33711243 3.03143573
v -28.98210907 -67.33850861 0.03143597
v -28.34111404 -67.26973724 3.03140426
v -28.34111404 -67.27114105 0.03140452
v -27.72813225 -67.46891022 3.03149724
v -27.72813225 -67.47030640 0.03149750
v -27.24915695 -67.90017700 3.03169847
v -27.24915695 -67.90158081 0.03169883
v -26.98700333 -68.48898315 3.03197336
v -26.98700333 -68.49038696 0.03197371
v -26.98700333 -69.13350677 3.03227425
v -26.98700333 -69.13491058 0.03227460
v -27.24915695 -69.72231293 3.03254914
v -27.24915695 -69.72371674 0.03254947
v -27.72813225 -70.15358734 3.03275037
v -27.72813225 -70.15498352 0.03275080
v -28.34111404 -70.35275269 3.03284335
v -28.34111404 -70.35415649 0.03284378
v -28.98210907 -70.28538513 3.03281212
v -28.98210907 -70.28678894 0.03281233
v -29.54028511 -69.96311951 3.03266168
v -29.54028511 -69.96452332 0.03266189
v 95.35265350 -37.42529297 0.01747143
v 95.35265350 37.42529297 -0.01747143
v 95.35265350 -37.42388916 3.01747108
v 95.35265350 37.42669296 2.98252821
v 93.88819122 -40.95942307 3.01912165
v 93.88819122 -40.96082306 0.01912195
v 94.51000214 -40.20174026 3.01876783
v 94.51000214 -40.20314026 0.01876823
v 94.97205353 -39.33730698 3.01836443
v 94.97205353 -39.33870697 0.01836468
v 95.25658417 -38.39934158 3.01792645
v 95.25658417 -38.40074158 0.01792681
v 40.96083069 -93.88817596 0.04383029
v 40.96083069 -93.88677979 3.04382992
v 37.42529678 -95.35124207 3.04451370
v 37.42529678 -95.35264587 0.04451395
v 38.40074539 -95.25517273 3.04446888
v 38.40074539 -95.25656891 0.04446910
v 39.33871078 -94.97064209 3.04433584
v 39.33871078 -94.97204590 0.04433627
v 40.20314789 -94.50859070 3.04412031
v 40.20314789 -94.50999451 0.04412057
v -37.42529678 -95.35264587 0.04451395
v -37.42529678 -95.35124207 3.04451370
v -40.96083069 -93.88677979 3.04382992
v -40.96083069 -93.88817596 0.04383029
v -40.20314789 -94.50859070 3.04412031
v -40.20314789 -94.50999451 0.04412057
v -39.33871078 -94.97064209 3.04433584
v -39.33871078 -94.97204590 0.04433627
v -38.40074539 -95.25517273 3.04446888
v -38.40074539 -95.25656891 0.04446910
v -93.88819122 -40.96082306 0.01912195
v -93.88819122 -40.95942307 3.01912165
v -95.35265350 -37.42388916 3.01747108
v -95.35265350 -37.42529297 0.01747143
v -95.25658417 -38.39934158 3.01792645
v -95.25658417 -38.40074158 0.01792681
v -94.97205353 -39.33730698 3.01836443
v -94.97205353 -39.33870697 0.01836468
v -94.51000214 -40.20174026 3.01876783
v -94.51000214 -40.20314026 0.01876823
v -95.35265350 37.42529297 -0.01747143
v -95.35265350 37.42669296 2.98252821
v -93.88819122 40.96222687 2.98087764
v -93.88819122 40.96082306 -0.01912195
v -94.51000214 40.20454407 2.98123145
v -94.51000214 40.20314026 -0.01876823
v -94.97205353 39.34010696 2.98163509
v -94.97205353 39.33870697 -0.01836468
v -95.25658417 38.40214157 2.98207283
v -95.25658417 38.40074158 -0.01792681
v -40.96083069 93.88817596 -0.04383029
v -40.96083069 93.88957977 2.95616937
v -37.42529678 95.35404205 2.95548582
v -37.42529678 95.35264587 -0.04451395
v -38.40074539 95.25797272 2.95553064
v -38.40074539 95.25656891 -0.04446910
v -39.33871078 94.97344208 2.95566344
v -39.33871078 94.97204590 -0.04433627
v -40.20314789 94.51139069 2.95587921
v -40.20314789 94.50999451 -0.04412057
v 37.42529678 95.35264587 -0.04451395
v 37.42529678 95.35404205 2.95548582
v 40.96083069 93.88957977 2.95616937
v 40.96083069 93.88817596 -0.04383029
v 40.20314789 94.51139069 2.95587921
v 40.20314789 94.50999451 -0.04412057
v 39.33871078 94.97344208 2.95566344
v 39.33871078 94.97204590 -0.04433627
v 38.40074539 95.25797272 2.95553064
v 38.40074539 95.25656891 -0.04446910
v 93.88819122 40.96082306 -0.01912195
v 93.88819122 40.96222687 2.98087764
v 95.25658417 38.40214157 2.98207283
v 95.25658417 38.40074158 -0.01792681
v 94.97205353 39.34010696 2.98163509
v 94.97205353 39.33870697 -0.01836468
v 94.51000214 40.20454407 2.98123145
v 94.51000214 40.20314026 -0.01876823
v -18.69017982 -9.99195194 103.80467224
v -19.72930527 -7.78249741 103.80364227
v -19.73099518 -7.78225279 103.80364227
v -20.50495148 -5.46736526 103.80256653
v -20.50819206 -5.46664572 103.80256653
v -21.00663948 -3.07785082 103.80144501
v -21.01125145 -3.07645822 103.80144501
v -21.22758102 -0.64625621 103.80031586
v -21.23337364 -0.64402544 103.80030823
v -21.16479492 1.79454803 103.79917145
v -21.17154884 1.79774547 103.79917145
v -20.81912613 4.21156693 103.79804230
v -20.82661629 4.21582079 103.79804230
v -20.19524956 6.57212734 103.79694366
v -20.20324135 6.57748795 103.79694366
v -19.30159760 8.84431934 103.79588318
v -19.30985641 8.85079670 103.79588318
v -18.15025139 10.99742603 103.79487610
v -18.15855026 11.00499249 103.79487610
v -16.75677299 13.00234222 103.79393768
v -16.76489639 13.01093292 103.79393768
v -15.14000416 14.83196640 103.79309082
v -15.14774895 14.84148026 103.79308319
v -13.32898712 16.47187042 103.79232025
v -13.32179642 16.46156311 103.79232788
v -11.33321381 17.88004494 103.79166412
v -11.32672882 17.86910629 103.79167175
v -9.18742943 19.04695511 103.79112244
v -9.18177223 19.03556633 103.79112244
v -6.92066431 19.95681381 103.79069519
v -6.91592216 19.94517708 103.79070282
v -4.56358337 20.59731293 103.79039764
v -4.55980730 20.58563995 103.79039764
v -2.14807487 20.95978546 103.79022980
v -2.14527893 20.94829941 103.79022980
v 0.29318315 21.03932953 103.79019165
v 0.29502356 21.02824974 103.79019165
v 2.72716427 20.83486938 103.79028320
v 2.72811198 20.82441521 103.79029083
v 5.12094021 20.34916878 103.79051208
v 5.12109613 20.33954620 103.79051971
v 7.44212675 19.58879852 103.79086304
v 7.44162655 19.58020020 103.79087067
v 9.65932178 18.56404877 103.79134369
v 9.65833473 18.55664062 103.79135132
v 11.74252987 17.28877831 103.79193878
v 11.74125481 17.28270531 103.79194641
v 13.66356945 15.78024387 103.79264832
v 13.66223049 15.77561474 103.79264832
v 15.39645004 14.05885124 103.79344940
v 15.39529324 14.05574226 103.79344940
v 16.91772842 12.14788914 103.79434204
v 16.91701508 12.14633656 103.79434204
v 18.20682526 10.07320881 103.79531097
v -13.80097771 9.73831749 96.79546356
v -13.80097771 9.73856735 97.33046722
v -12.41950321 11.42481899 96.79467773
v -12.41950321 11.42506886 97.32967377
v -10.82971478 12.91657352 96.79398346
v -10.82971478 12.91682339 97.32897949
v -9.05881310 14.18805695 96.79338837
v -9.05881310 14.18830681 97.32838440
v -7.13710117 15.21751404 96.79290771
v -7.13710117 15.21776390 97.32790375
v -5.09745836 15.98732948 96.79254913
v -5.09745836 15.98757935 97.32754517
v -2.97478366 16.48433304 96.79231262
v -2.97478366 16.48458290 97.32731628
v -0.80539680 16.70001984 96.79221344
v -0.80539680 16.70026970 97.32721710
v 1.37358332 16.63069916 96.79224396
v 1.37358332 16.63094902 97.32724762
v 3.52487373 16.27755737 96.79241180
v 3.52487373 16.27780724 97.32740784
v 5.61166573 15.64663696 96.79270935
v 5.61166573 15.64688683 97.32770538
v 7.59825277 14.74873447 96.79312897
v 7.59825277 14.74898338 97.32812500
v 9.45064449 13.59921074 96.79366302
v 9.45064449 13.59946060 97.32865906
v 11.13714600 12.21773624 96.79430389
v 11.13714600 12.21798611 97.32930756
v 12.62890148 10.62794781 96.79505157
v 12.62890148 10.62819767 97.33004761
v 13.90038490 8.85704708 96.79587555
v 13.90038490 8.85729694 97.33087921
v 14.92984104 6.93533516 96.79677582
v 14.92984104 6.93558502 97.33177185
v 15.69965744 4.89569235 96.79772186
v 15.69965744 4.89594221 97.33272552
v 16.19666100 2.77301812 96.79871368
v 16.19666100 2.77326775 97.33371735
v 16.41234589 0.60363144 96.79972839
v 16.41234589 0.60388118 97.33473206
v 16.34302711 -1.57534850 96.80074310
v 16.34302711 -1.57509863 97.33574677
v 15.98988533 -3.72663879 96.80175018
v 15.98988533 -3.72638893 97.33675385
v 15.35896492 -5.81343031 96.80272675
v 15.35896492 -5.81318045 97.33772278
v 14.46106148 -7.80001736 96.80364990
v 14.46106148 -7.79976749 97.33865356
v 13.31153870 -9.65240860 96.80451965
v 13.31153870 -9.65215969 97.33951569
v 11.93006325 -11.33891010 96.80530548
v 11.93006325 -11.33866024 97.34030151
v 10.34027481 -12.83066463 96.80599976
v 10.34027481 -12.83041477 97.34100342
v 8.56937408 -14.10214806 96.80659485
v 8.56937408 -14.10189819 97.34159088
v 6.64766169 -15.13160515 96.80707550
v 6.64766169 -15.13135529 97.34207153
v 4.60801888 -15.90142059 96.80743408
v 4.60801888 -15.90117073 97.34243011
v 2.48534417 -16.39842415 96.80766296
v 2.48534417 -16.39817429 97.34266663
v 0.31595746 -16.61411095 96.80776978
v 0.31595746 -16.61386108 97.34276581
v -1.86302269 -16.54479027 96.80773163
v -1.86302269 -16.54454041 97.34273529
v -4.01431322 -16.19164848 96.80757141
v -4.01431322 -16.19139862 97.34256744
v -6.10110474 -15.56072807 96.80727386
v -6.10110474 -15.56047916 97.34227753
v -8.08769226 -14.66282558 96.80685425
v -8.08769226 -14.66257572 97.34185791
v -9.94008446 -13.51330185 96.80632019
v -9.94008446 -13.51305199 97.34131622
v -11.62658596 -12.13182735 96.80567169
v -11.62658596 -12.13157749 97.34067535
v -13.11834049 -10.54203892 96.80493164
v -13.11834049 -10.54178905 97.33993530
v -14.38982391 -8.77113819 96.80410767
v -14.38982391 -8.77088833 97.33910370
v -15.41928101 -6.84942627 96.80320740
v -15.41928101 -6.84917641 97.33821106
v -16.18909645 -4.80978346 96.80225372
v -16.18909645 -4.80953407 97.33725739
v -16.68610001 -2.68710923 96.80126190
v -16.68610001 -2.68685937 97.33626556
v -16.90178680 -0.51772267 96.80025482
v -16.90178680 -0.51747292 97.33525085
v -16.83246613 1.66125727 96.79923248
v -16.83246613 1.66150701 97.33423615
v -16.47932434 3.81254745 96.79823303
v -16.47932434 3.81279731 97.33322906
v -15.84840393 5.89933920 96.79725647
v -15.84840393 5.89958858 97.33226013
v -14.95050049 7.88592625 96.79632568
v -14.95050049 7.88617611 97.33132935
v 15.36679077 -11.36139774 97.34031677
v 15.36679077 -11.36164761 96.80531311
v 13.87829208 -13.16000462 97.34115601
v 13.87829208 -13.16025448 96.80615234
v 12.18384838 -14.76607895 97.34190369
v 12.18384838 -14.76632881 96.80690765
v 10.30816746 -16.15620041 97.34255219
v 10.30816746 -16.15645027 96.80755615
v 8.27860260 -17.31009865 97.34309387
v 8.27860260 -17.31034851 96.80809021
v 6.12474823 -18.21094704 97.34351349
v 6.12474823 -18.21119690 96.80850983
v 3.87801266 -18.84560776 97.34381104
v 3.87801266 -18.84585762 96.80880737
v 1.57115817 -19.20482826 97.34397888
v 1.57115817 -19.20507812 96.80897522
v -0.76217568 -19.28336716 97.34400940
v -0.76217568 -19.28361702 96.80901337
v -3.08796382 -19.08008194 97.34391785
v -3.08796382 -19.08033180 96.80891418
v -5.37229109 -18.59793663 97.34368896
v -5.37229109 -18.59818649 96.80869293
v -7.58184719 -17.84396172 97.34333801
v -7.58184719 -17.84421158 96.80834198
v -9.68441105 -16.82915115 97.34286499
v -9.68441105 -16.82940102 96.80786896
v -11.64932251 -15.56830406 97.34227753
v -11.64932251 -15.56855392 96.80728149
v -13.44793034 -14.07980633 97.34158325
v -13.44793034 -14.08005524 96.80658722
v -15.05400467 -12.38536263 97.34078979
v -15.05400467 -12.38561153 96.80579376
v -16.44412613 -10.50968170 97.33992004
v -16.44412613 -10.50993156 96.80491638
v -17.59802437 -8.48011684 97.33896637
v -17.59802437 -8.48036671 96.80397034
v -18.49887276 -6.32626295 97.33796692
v -18.49887276 -6.32651281 96.80296326
v -19.13353348 -4.07952785 97.33691406
v -19.13353348 -4.07977724 96.80191803
v -19.49275398 -1.77267361 97.33583832
v -19.49275398 -1.77292335 96.80083466
v -19.57129288 0.56066006 97.33474731
v -19.57129288 0.56041032 96.79975128
v -19.36800957 2.88644814 97.33366394
v -19.36800957 2.88619828 96.79866028
v -18.88586235 5.17077494 97.33259583
v -18.88586235 5.17052555 96.79759979
v -18.13188744 7.38033056 97.33156586
v -18.13188744 7.38008070 96.79656219
v -17.11707687 9.48289394 97.33058167
v -17.11707687 9.48264503 96.79558563
v -15.85622978 11.44780636 97.32966614
v -15.85622978 11.44755650 96.79467010
v -14.36773109 13.24641323 97.32882690
v -14.36773109 13.24616337 96.79382324
v -12.67328739 14.85248756 97.32807922
v -12.67328739 14.85223770 96.79307556
v -10.79760742 16.24260902 97.32743073
v -10.79760742 16.24235916 96.79242706
v -8.76804161 17.39650726 97.32688904
v -8.76804161 17.39625740 96.79189301
v -6.61418772 18.29735565 97.32646942
v -6.61418772 18.29710579 96.79146576
v -4.36745214 18.93201637 97.32617188
v -4.36745214 18.93176651 96.79117584
v -2.06059766 19.29123688 97.32600403
v -2.06059766 19.29098701 96.79100800
v 0.27273631 19.36977577 97.32596588
v 0.27273631 19.36952591 96.79096985
v 2.59852457 19.16649055 97.32606506
v 2.59852457 19.16624069 96.79106140
v 4.88285208 18.68434525 97.32628632
v 4.88285208 18.68409538 96.79129028
v 7.09240770 17.93037033 97.32663727
v 7.09240770 17.93012047 96.79164124
v 9.19497204 16.91555977 97.32711029
v 9.19497204 16.91530991 96.79211426
v 11.15988350 15.65471268 97.32770538
v 11.15988350 15.65446281 96.79270172
v 12.95849037 14.16621399 97.32839966
v 12.95849037 14.16596413 96.79339600
v 14.56456566 12.47177029 97.32918549
v 14.56456566 12.47152042 96.79418945
v 15.95468712 10.59609032 97.33006287
v 15.95468712 10.59584045 96.79506683
v 17.10858536 8.56652546 97.33100891
v 17.10858536 8.56627560 96.79601288
v 18.00943375 6.41267109 97.33201599
v 18.00943375 6.41242170 96.79701996
v 18.64409447 4.16593599 97.33306885
v 18.64409447 4.16568613 96.79806519
v 19.00331497 1.85908186 97.33414459
v 19.00331497 1.85883212 96.79914093
v 19.08185387 -0.47425178 97.33523560
v 19.08185387 -0.47450155 96.80023193
v 18.87856865 -2.80003977 97.33631897
v 18.87856865 -2.80028963 96.80131531
v 18.39642334 -5.08436680 97.33738708
v 18.39642334 -5.08461666 96.80238342
v 17.64244843 -7.29392242 97.33841705
v 17.64244843 -7.29417229 96.80341339
v 16.62763786 -9.39648628 97.33939362
v 16.62763786 -9.39673615 96.80439758
v -10.82971478 12.91984177 103.79398346
v -10.82971478 12.91959190 103.25897980
v -12.41950321 11.42808723 103.79467773
v -12.41950321 11.42783737 103.25967407
v -13.80097771 9.74158573 103.79546356
v -13.80097771 9.74133587 103.26045990
v -14.95050049 7.88919401 103.79632568
v -14.95050049 7.88894415 103.26132965
v -15.84840393 5.90260696 103.79725647
v -15.84840393 5.90235710 103.26225281
v -16.47932434 3.81581545 103.79823303
v -16.47932434 3.81556559 103.26322937
v -16.83246613 1.66452503 103.79923248
v -16.83246613 1.66427529 103.26423645
v -16.90178680 -0.51445484 103.80025482
v -16.90178680 -0.51470459 103.26525116
v -16.68610001 -2.68384147 103.80126190
v -16.68610001 -2.68409109 103.26626587
v -16.18909645 -4.80651569 103.80225372
v -16.18909645 -4.80676556 103.26725769
v -15.41928101 -6.84615850 103.80320740
v -15.41928101 -6.84640837 103.26820374
v -14.38982391 -8.76787090 103.80410767
v -14.38982391 -8.76812077 103.26910400
v -13.11834049 -10.53877163 103.80493164
v -13.11834049 -10.53902149 103.26992798
v -11.62658596 -12.12856007 103.80567169
v -11.62658596 -12.12880898 103.27067566
v -9.94008446 -13.51003456 103.80632019
v -9.94008446 -13.51028442 103.27131653
v -8.08769226 -14.65955734 103.80685425
v -8.08769226 -14.65980721 103.27185822
v -6.10110474 -15.55746078 103.80727386
v -6.10110474 -15.55771065 103.27227783
v -4.01431322 -16.18838120 103.80757141
v -4.01431322 -16.18863106 103.27256775
v -1.86302269 -16.54152107 103.80773163
v -1.86302269 -16.54177094 103.27273560
v 0.31595746 -16.61084175 103.80776215
v 0.31595746 -16.61109161 103.27276611
v 2.48534417 -16.39515495 103.80766296
v 2.48534417 -16.39540482 103.27266693
v 4.60801888 -15.89815235 103.80743408
v 4.60801888 -15.89840221 103.27243042
v 6.64766169 -15.12833691 103.80707550
v 6.64766169 -15.12858677 103.27207184
v 8.56937408 -14.09888077 103.80659485
v 8.56937408 -14.09912968 103.27159119
v 10.34027481 -12.82739735 103.80599976
v 10.34027481 -12.82764721 103.27099609
v 11.93006325 -11.33564281 103.80530548
v 11.93006325 -11.33589268 103.27030182
v 13.31153870 -9.64914131 103.80451965
v 13.31153870 -9.64939117 103.26951599
v 14.46106148 -7.79674959 103.80364990
v 14.46106148 -7.79699945 103.26865387
v 15.35896492 -5.81016254 103.80272675
v 15.35896492 -5.81041193 103.26772308
v 15.98988533 -3.72337079 103.80175018
v 15.98988533 -3.72362065 103.26674652
v 16.34302711 -1.57208061 103.80074310
v 16.34302711 -1.57233036 103.26574707
v 16.41234589 0.60689932 103.79972839
v 16.41234589 0.60664952 103.26472473
v 16.19666100 2.77628589 103.79871368
v 16.19666100 2.77603602 103.26371765
v 15.69965744 4.89896011 103.79772186
v 15.69965744 4.89871073 103.26272583
v 14.92984104 6.93860292 103.79677582
v 14.92984104 6.93835306 103.26177216
v 13.90038490 8.86031532 103.79587555
v 13.90038490 8.86006546 103.26087189
v 12.62890148 10.63121605 103.79505157
v 12.62890148 10.63096619 103.26004791
v 11.13714600 12.22100449 103.79430389
v 11.13714600 12.22075462 103.25930786
v 9.45064449 13.60247898 103.79366302
v 9.45064449 13.60222912 103.25865936
v 7.59825277 14.75200176 103.79312134
v 7.59825277 14.75175190 103.25812531
v 5.61166573 15.64990520 103.79270172
v 5.61166573 15.64965534 103.25770569
v 3.52487373 16.28082466 103.79241180
v 3.52487373 16.28057480 103.25740814
v 1.37358332 16.63396645 103.79224396
v 1.37358332 16.63371658 103.25724792
v -0.80539680 16.70328712 103.79221344
v -0.80539680 16.70303726 103.25721741
v -2.97478366 16.48760033 103.79231262
v -2.97478366 16.48735046 103.25731659
v -5.09745836 15.99059772 103.79254913
v -5.09745836 15.99034786 103.25754547
v -7.13710117 15.22078133 103.79290771
v -7.13710117 15.22053146 103.25790405
v -9.05881310 14.19132519 103.79338837
v -9.05881310 14.19107533 103.25838470
v 12.00134182 -14.59269142 103.27182007
v 12.00134182 -14.59244156 103.80682373
v 13.69578552 -12.98661709 103.27107239
v 13.69578552 -12.98636723 103.80607605
v 15.18428421 -11.18800926 103.27023315
v 15.18428421 -11.18776035 103.80523682
v 16.44513130 -9.22309780 103.26931763
v 16.44513130 -9.22284794 103.80431366
v 17.45994186 -7.12053394 103.26833344
v 17.45994186 -7.12028456 103.80333710
v 18.21391678 -4.91097879 103.26730347
v 18.21391678 -4.91072893 103.80230713
v 18.69606400 -2.62665153 103.26623535
v 18.69606400 -2.62640190 103.80123901
v 18.89934731 -0.30086356 103.26515198
v 18.89934731 -0.30061382 103.80014801
v 18.82080841 2.03246999 103.26406097
v 18.82080841 2.03271985 103.79906464
v 18.46158791 4.33932400 103.26298523
v 18.46158791 4.33957386 103.79798889
v 17.82692719 6.58605957 103.26194000
v 17.82692719 6.58630943 103.79693604
v 16.92607880 8.73991394 103.26093292
v 16.92607880 8.74016380 103.79592896
v 15.77218151 10.76947880 103.25998688
v 15.77218151 10.76972866 103.79498291
v 14.38205910 12.64515877 103.25910950
v 14.38205910 12.64540863 103.79410553
v 12.77598476 14.33960247 103.25831604
v 12.77598476 14.33985233 103.79331970
v 10.97737789 15.82810116 103.25762177
v 10.97737789 15.82835007 103.79262543
v 9.01246548 17.08894730 103.25703430
v 9.01246548 17.08919716 103.79203033
v 6.90990162 18.10375786 103.25656128
v 6.90990162 18.10400772 103.79155731
v 4.70034552 18.85773468 103.25621033
v 4.70034552 18.85798454 103.79120636
v 2.41601849 19.33987999 103.25598145
v 2.41601849 19.34012985 103.79098511
v 0.09023017 19.54316330 103.25588989
v 0.09023017 19.54341316 103.79088593
v -2.24310374 19.46462440 103.25592804
v -2.24310374 19.46487427 103.79092407
v -4.54995823 19.10540390 103.25609589
v -4.54995823 19.10565376 103.79109192
v -6.79669380 18.47074318 103.25638580
v -6.79669380 18.47099304 103.79138947
v -8.95054817 17.56989479 103.25680542
v -8.95054817 17.57014465 103.79180908
v -10.98011303 16.41599846 103.25734711
v -10.98011303 16.41624832 103.79235077
v -12.85579395 15.02587605 103.25799561
v -12.85579395 15.02612591 103.79299927
v -14.55023766 13.41980171 103.25874329
v -14.55023766 13.42005157 103.79374695
v -16.03873634 11.62119484 103.25958252
v -16.03873634 11.62144375 103.79458618
v -17.29958344 9.65628242 103.26050568
v -17.29958344 9.65653229 103.79550171
v -18.31439400 7.55371904 103.26148224
v -18.31439400 7.55396843 103.79648590
v -19.06836891 5.34416342 103.26251984
v -19.06836891 5.34441328 103.79751587
v -19.55051422 3.05983639 103.26358032
v -19.55051422 3.06008601 103.79858398
v -19.75379944 0.73404831 103.26467133
v -19.75379944 0.73429805 103.79966736
v -19.67526054 -1.59928536 103.26575470
v -19.67526054 -1.59903562 103.80075836
v -19.31604004 -3.90613937 103.26683807
v -19.31604004 -3.90588975 103.80183411
v -18.68137932 -6.15287495 103.26788330
v -18.68137932 -6.15262508 103.80288696
v -17.78053093 -8.30672932 103.26889038
v -17.78053093 -8.30647945 103.80388641
v -16.62663269 -10.33629417 103.26983643
v -16.62663269 -10.33604431 103.80484009
v -15.23651123 -12.21197414 103.27071381
v -15.23651123 -12.21172428 103.80570984
v -13.63043594 -13.90641785 103.27149963
v -13.63043594 -13.90616798 103.80650330
v -11.83182907 -15.39491558 103.27220154
v -11.83182907 -15.39466667 103.80719757
v -9.86691666 -16.65576363 103.27278900
v -9.86691666 -16.65551376 103.80778503
v -7.76435328 -17.67057419 103.27326202
v -7.76435328 -17.67032433 103.80825806
v -5.55479717 -18.42454910 103.27361298
v -5.55479717 -18.42429924 103.80860901
v -3.27047014 -18.90669441 103.27383423
v -3.27047014 -18.90644455 103.80883789
v -0.94468182 -19.10997963 103.27393341
v -0.94468182 -19.10972977 103.80892944
v 1.38865209 -19.03143883 103.27389526
v 1.38865209 -19.03118896 103.80889893
v 3.69550633 -18.67222023 103.27372742
v 3.69550633 -18.67197037 103.80873108
v 5.94224215 -18.03755951 103.27342987
v 5.94224215 -18.03730965 103.80843353
v 8.09609604 -17.13671112 103.27301025
v 8.09609604 -17.13646126 103.80801392
v 10.12566185 -15.98281288 103.27247620
v 10.12566185 -15.98256302 103.80747223
v 12.00549793 -8.61011314 103.80403137
v 12.00549793 -8.61338139 96.80403137
v 10.71269512 -10.19755840 103.80477142
v 10.71269512 -10.20082664 96.80477142
v 9.21577549 -11.59418201 103.80542755
v 9.21577549 -11.59744930 96.80542755
v 7.54262495 -12.77396584 103.80597687
v 7.54262495 -12.77723408 96.80597687
v 5.72441101 -13.71493435 103.80641174
v 5.72441101 -13.71820259 96.80641174
v 3.79500318 -14.39955902 103.80673218
v 3.79500318 -14.40282631 96.80673218
v 1.79034317 -14.81508541 103.80693054
v 1.79034317 -14.81835365 96.80693054
v -0.25222620 -14.95377445 103.80699158
v -0.25222620 -14.95704174 96.80699158
v -2.29465580 -14.81304169 103.80692291
v -2.29465580 -14.81630898 96.80693054
v -4.29889870 -14.39550877 103.80673218
v -4.29889870 -14.39877605 96.80673218
v -6.22762012 -13.70895386 103.80641174
v -6.22762012 -13.71222115 96.80641174
v -8.04489136 -12.76616573 103.80596924
v -8.04489136 -12.76943302 96.80596924
v -9.71686077 -11.58470726 103.80541992
v -9.71686077 -11.58797455 96.80541992
v -11.21238136 -10.18658638 103.80476379
v -11.21238136 -10.18985462 96.80476379
v -12.50359535 -8.59784794 103.80402374
v -12.50359535 -8.60111618 96.80402374
v -13.56645012 -6.84808683 103.80320740
v -13.56645012 -6.85135460 96.80320740
v -14.38114548 -4.96989775 103.80233002
v -14.38114548 -4.97316551 96.80233002
v -14.93250656 -2.99826765 103.80141449
v -14.93250656 -3.00153565 96.80141449
v -15.21026134 -0.96992475 103.80046082
v -15.21026134 -0.97319257 96.80046844
v -15.20923710 1.07734716 103.79950714
v -15.20923710 1.07407939 96.79950714
v -14.92945194 3.10541129 103.79856110
v -14.92945194 3.10214329 96.79856110
v -14.37611771 5.07648849 103.79763794
v -14.37611771 5.07322025 96.79764557
v -13.55954266 6.95386124 103.79676819
v -13.55954266 6.95059347 96.79676819
v -12.49493790 8.70255756 103.79595184
v -12.49493790 8.69928932 96.79595184
v -11.20213413 10.29000282 103.79520416
v -11.20213413 10.28673553 96.79521179
v -9.70521450 11.68662643 103.79455566
v -9.70521450 11.68335819 96.79455566
v -8.03206444 12.86641026 103.79400635
v -8.03206444 12.86314297 96.79400635
v -6.21385002 13.80737877 103.79356384
v -6.21385002 13.80411148 96.79356384
v -4.28444242 14.49200344 103.79324341
v -4.28444242 14.48873520 96.79324341
v -2.27978253 14.90752983 103.79305267
v -2.27978253 14.90426254 96.79305267
v -0.23721318 15.04621887 103.79298401
v -0.23721318 15.04295063 96.79299164
v 1.80521643 14.90548611 103.79305267
v 1.80521643 14.90221786 96.79305267
v 3.80945945 14.48795319 103.79325104
v 3.80945945 14.48468494 96.79325104
v 5.73818111 13.80139828 103.79357147
v 5.73818111 13.79813004 96.79357147
v 7.55545235 12.85861015 103.79400635
v 7.55545235 12.85534191 96.79400635
v 9.22742081 11.67715168 103.79456329
v 9.22742081 11.67388344 96.79456329
v 10.72294235 10.27903080 103.79521179
v 10.72294235 10.27576351 96.79521179
v 12.01415634 8.69029236 103.79595184
v 12.01415634 8.68702507 96.79595184
v 13.07701015 6.94053125 103.79676819
v 13.07701015 6.93726349 96.79676819
v 13.89170647 5.06234217 103.79764557
v 13.89170647 5.05907440 96.79764557
v 14.44306660 3.09071231 103.79856873
v 14.44306660 3.08744431 96.79856873
v 14.72082233 1.06236923 103.79951477
v 14.72082233 1.05910134 96.79951477
v 14.71979809 -0.98490274 103.80046844
v 14.71979809 -0.98817056 96.80046844
v 14.44001293 -3.01296663 103.80141449
v 14.44001293 -3.01623464 96.80142212
v 13.88667870 -4.98404408 103.80233765
v 13.88667870 -4.98731184 96.80233765
v 13.07010365 -6.86141682 103.80321503
v 13.07010365 -6.86468458 96.80321503
v -17.14629745 12.50636768 96.79417419
v -15.58510017 14.38424778 96.79329681
v -13.81645107 16.06818581 96.79251099
v -11.86426830 17.53540993 96.79182434
v -9.75495052 18.76608086 96.79125214
v -7.51702309 19.74355125 96.79079437
v -5.18075037 20.45460510 96.79045868
v -2.77772617 20.88962746 96.79026031
v -0.34044766 21.04273415 96.79018402
v 2.09812546 20.91185379 96.79024506
v 4.50501585 20.49875832 96.79044342
v 6.84767389 19.80903244 96.79076385
v 9.09441948 18.85200500 96.79120636
v 11.21486950 17.64061737 96.79177856
v 13.18034840 16.19125175 96.79244995
v 14.96427536 14.52350712 96.79322815
v 16.54252815 12.65993881 96.79409790
v 17.89376068 10.62574673 96.79505157
v 18.99970245 8.44844151 96.79606628
v 19.24594879 7.86375427 103.79634094
v 19.84539604 6.15746546 96.79713440
v 20.02159691 5.54862213 103.79742432
v 20.41940498 3.78380156 96.79824066
v 20.52328300 3.15910769 103.79853821
v 20.71396828 1.35954905 96.79937744
v 20.74422646 0.72751307 103.79967499
v 20.72509956 -1.08250821 96.80051422
v 20.68143845 -1.71329117 103.80081177
v 20.45265198 -3.50934529 96.80165100
v 20.33576965 -4.13031006 103.80194092
v 19.90030670 -5.88814402 96.80275726
v 19.71189308 -6.49087048 103.80303955
v 19.07553482 -8.18673420 96.80383301
v 18.81824112 -8.76306248 103.80410004
v 17.98948860 -10.37403297 96.80485535
v 17.66689491 -10.91616917 103.80510712
v 16.65685654 -12.42045879 96.80580902
v 16.27341843 -12.92108536 103.80604553
v 15.09566021 -14.29833889 96.80668640
v 14.65664864 -14.75070953 103.80690002
v 13.32701206 -15.98227692 96.80747223
v 12.83844090 -16.38030624 103.80765533
v 11.37482834 -17.44950294 96.80815887
v 10.84337330 -17.78784943 103.80831909
v 9.26551056 -18.68017197 96.80873108
v 8.69841671 -18.95430946 103.80886078
v 7.02758360 -19.65764236 96.80918884
v 6.43256664 -19.86392021 103.80928802
v 4.69131088 -20.36869621 96.80951691
v 4.07645226 -20.50438309 103.80958557
v 2.28828692 -20.80371857 96.80972290
v 1.66192365 -20.86704254 103.80975342
v -0.14899169 -20.95682526 96.80979156
v -0.77837896 -20.94699287 103.80979156
v -2.58756495 -20.82594490 96.80973053
v -3.21146750 -20.74315834 103.80969238
v -4.99445486 -20.41284943 96.80953979
v -5.60445118 -20.25828934 103.80947113
v -7.33711338 -19.72312355 96.80921936
v -7.92498207 -19.49894333 103.80911255
v -9.58385849 -18.76609612 96.80876923
v -10.14169025 -18.47538376 103.80863953
v -11.70430851 -17.55470848 96.80820465
v -12.22461033 -17.20144844 103.80804443
v -13.66978741 -16.10534286 96.80752563
v -14.14558601 -15.69435787 103.80733490
v -15.45371532 -14.43759918 96.80674744
v -15.87864780 -13.97448540 103.80653381
v -17.03196716 -12.57402992 96.80587769
v -17.40036964 -12.06507969 103.80564117
v -18.38319969 -10.53983784 96.80493164
v -19.48914146 -8.36253262 96.80391693
v -20.33483505 -6.07155657 96.80284119
v -20.90884399 -3.69789267 96.80173492
v -21.20340729 -1.27364028 96.80060577
v -21.21453857 1.16841698 96.79946136
v -20.94209099 3.59525418 96.79833221
v -20.38974571 5.97405243 96.79721832
v -19.56497383 8.27264309 96.79615021
v -18.47892761 10.45994091 96.79512787
v -17.40108490 -12.06663227 103.80564117
v -15.87980461 -13.97759438 103.80653381
v -14.14692497 -15.69898701 103.80734253
v -12.22588539 -17.20752144 103.80804443
v -10.14267731 -18.48279190 103.80863953
v -7.92548227 -19.50754166 103.80912018
v -5.60429573 -20.26791191 103.80947113
v -3.21051955 -20.75361252 103.80970001
v -0.77653855 -20.95807266 103.80979156
v 1.66471958 -20.87852859 103.80976105
v 4.08022833 -20.51605606 103.80958557
v 6.43730879 -19.87555695 103.80928802
v 8.70407391 -18.96569824 103.80886841
v 10.84985828 -17.79878807 103.80831909
v 12.84563160 -16.39061356 103.80766296
v 14.66439438 -14.76022339 103.80690002
v 16.28154182 -12.92967606 103.80604553
v 17.67519569 -10.92373562 103.80510712
v 18.82650185 -8.76953983 103.80410767
v 19.71988487 -6.49623108 103.80304718
v 20.34325981 -4.13456392 103.80194092
v 20.68819237 -1.71648860 103.80081177
v 20.75001717 0.72528225 103.79967499
v 20.52789688 3.15771508 103.79853821
v 20.02483559 5.54790258 103.79742432
v 19.24764061 7.86350965 103.79634094
v 3.34410143 20.78476715 96.79030609
v 5.72781277 20.22788048 96.79056549
v 8.03075600 19.39802933 96.79095459
v 10.22178745 18.30643272 96.79146576
v 12.27127743 16.96785545 96.79209137
v 14.15151024 15.40039635 96.79282379
v 15.83705807 13.62525463 96.79364777
v 17.30512810 11.66643620 96.79456329
v 18.53586578 9.55042934 96.79555511
v 19.51262856 7.30585051 96.79660034
v 20.22220802 4.96305370 96.79769135
v 20.65500641 2.55372071 96.79882050
v 20.80517197 0.11043385 96.79995728
v 20.67067337 -2.33376551 96.80110168
v 20.25333214 -4.74582386 96.80222321
v 19.55878830 -7.09312201 96.80332184
v 18.59643555 -9.34391689 96.80437469
v 17.37928963 -11.46777058 96.80536652
v 15.92380810 -13.43596172 96.80628204
v 14.24967575 -15.22187328 96.80711365
v 12.37953091 -16.80135345 96.80785370
v 10.33866501 -18.15304565 96.80848694
v 8.15467739 -19.25866508 96.80899811
v 5.85710192 -20.10326576 96.80939484
v 3.47701001 -20.67542267 96.80966187
v 1.04658794 -20.96739769 96.80979919
v -1.40129673 -20.97524643 96.80979919
v -3.83354068 -20.69885826 96.80967712
v -6.21725225 -20.14197159 96.80941010
v -8.52019501 -19.31212044 96.80902863
v -10.71122646 -18.22052383 96.80851746
v -12.76071644 -16.88194656 96.80789185
v -14.64094925 -15.31448746 96.80715942
v -16.32649803 -13.53934574 96.80632782
v -17.79456711 -11.58052731 96.80541992
v -19.02530479 -9.46452045 96.80442810
v -20.00206757 -7.21994162 96.80338287
v -20.71164703 -4.87714481 96.80228424
v -21.14444542 -2.46781182 96.80116272
v -21.29461098 -0.02452507 96.80001831
v -21.16011429 2.41967416 96.79888153
v -20.74277115 4.83173227 96.79775238
v -20.04822731 7.17903090 96.79666138
v -19.08587456 9.42982578 96.79560852
v -17.86872864 11.55367947 96.79461670
v -16.41324806 13.52187061 96.79370117
v -14.73911476 15.30778217 96.79286194
v -12.86896992 16.88726234 96.79212952
v -10.82810497 18.23895454 96.79149628
v -8.64411640 19.34457397 96.79097748
v -6.34654140 20.18917465 96.79058838
v -3.96644926 20.76133156 96.79032135
v -1.53602731 21.05330658 96.79018402
v 0.91185737 21.06115532 96.79017639
v -2.76505399 -20.81187820 105.00972748
v -2.77647042 -20.85041046 105.00974274
v -5.07174444 -20.40067101 105.00953674
v -5.08318329 -20.43959618 105.00955200
v -7.31826830 -19.73505783 105.00922394
v -7.32995176 -19.77497101 105.00924683
v -9.48893929 -18.86477089 105.00881958
v -9.47665977 -18.82332420 105.00879669
v 5.43767643 23.08073044 104.98923492
v 5.25285482 23.65985489 104.98896790
v 5.26301336 23.65647697 104.98896790
v 5.32074404 24.25535774 104.98868561
v 5.30496740 24.26552010 104.98868561
v 5.60217094 24.78713799 104.98844147
v 5.58599901 24.80456161 104.98843384
v 6.06488943 25.17169380 104.98825836
v 6.05272150 25.19406891 104.98825073
v 6.63334560 25.37412643 104.98816681
v 6.63918161 25.35107994 104.98817444
v 7.23856163 25.31703949 104.98818970
v 7.23851681 25.29827309 104.98820496
v 7.77527666 25.03158760 104.98832703
v 7.77259111 25.02122498 104.98832703
v 8.16093540 24.56167984 104.98854828
v 22.05190468 -6.56056404 105.00307465
v 22.33143425 -6.02177238 105.00282288
v 22.33482552 -6.02854109 105.00282288
v 22.79924774 -5.64460945 105.00264740
v 22.79644203 -5.63163996 105.00263977
v 23.37498665 -5.46679354 105.00256348
v 23.37561226 -5.44999552 105.00255585
v 23.97502708 -5.52196741 105.00258636
v 23.98013115 -5.50469589 105.00257874
v 24.51729012 -5.78735161 105.00271606
v 24.50868607 -5.80179214 105.00272369
v 24.90471458 -6.25461674 105.00292969
v 24.89530945 -6.26397753 105.00293732
v 25.08299065 -6.83483362 105.00320435
v 25.07646561 -6.83867264 105.00320435
v 25.02478027 -7.43902349 105.00348663
v -22.82546616 6.10963631 104.99716187
v -22.82547760 6.10964870 104.99716187
v -22.54403114 6.64494514 104.99691010
v -22.54404259 6.64495230 104.99691010
v -22.48887253 7.24720669 104.99662781
v -23.29034233 5.72279263 104.99733734
v -23.29033279 5.72277641 104.99733734
v -23.86785889 5.54326200 104.99742126
v -23.86786270 5.54327917 104.99742126
v -24.47011948 5.59842348 104.99739838
v -24.47011948 5.59843683 104.99739838
v -25.00542831 5.87986183 104.99726868
v -4.97521305 -25.32435799 106.21183014
v -4.97521305 -25.32351875 108.01183319
v -4.59801865 -24.53368950 106.21146393
v -4.59801865 -24.53284836 108.01146698
v -4.48361588 -23.66515923 106.21105957
v -4.48361588 -23.66431808 108.01106262
v -4.64320278 -22.80378532 106.21065521
v -4.64320278 -22.80294418 108.01065826
v -5.06115818 -22.03388405 106.21029663
v -5.06115818 -22.03304291 108.01029968
v -5.69657040 -21.43082047 106.21001434
v -5.69657040 -21.42998123 108.01001740
v -6.48723936 -21.05362701 106.20983887
v -6.48723936 -21.05278587 108.00984192
v -7.35577059 -20.93922234 106.20978546
v -7.35577059 -20.93838310 108.00978851
v -8.21714497 -21.09881020 106.20986176
v -8.21714497 -21.09796906 108.00986481
v -8.98704529 -21.51676559 106.21006012
v -8.98704529 -21.51592636 108.01005554
v -9.59010887 -22.15217781 106.21035004
v -9.59010887 -22.15133667 108.01035309
v -9.96730328 -22.94284630 106.21072388
v -9.96730328 -22.94200706 108.01071930
v -10.08170605 -23.81137657 106.21112823
v -10.08170605 -23.81053734 108.01112366
v -9.92211914 -24.67275238 106.21153259
v -9.92211914 -24.67191124 108.01152802
v -9.50416374 -25.44265175 106.21189117
v -9.50416374 -25.44181252 108.01188660
v -8.86875153 -26.04571533 106.21217346
v -8.86875153 -26.04487610 108.01216888
v -8.07808208 -26.42291069 106.21234894
v -8.07808208 -26.42206955 108.01234436
v -7.20955181 -26.53731346 106.21240234
v -7.20955181 -26.53647232 108.01239777
v -6.34817743 -26.37772560 106.21232605
v -6.34817743 -26.37688637 108.01232910
v -5.57827663 -25.95977020 106.21212769
v -5.57827663 -25.95893097 108.01213074
v -5.79651976 -24.17859077 106.21129608
v -5.74590826 -23.53605461 106.21099854
v -5.96101475 -22.92848396 106.21071625
v -6.40464640 -22.46093178 106.21049500
v -7.00009489 -22.21424294 106.21038055
v -7.64440107 -22.23107147 106.21038818
v -8.22615910 -22.50850868 106.21051788
v -8.64477825 -22.99858093 106.21074677
v -8.82787514 -23.61655426 106.21103668
v -8.74378967 -24.25557137 106.21133423
v -8.40706253 -24.80514336 106.21159363
v -7.87591553 -25.17024231 106.21176147
v -7.24218988 -25.28773880 106.21181488
v -6.61546183 -25.13731956 106.21174622
v -6.10409880 -24.74499130 106.21156311
v 9.11283779 22.22448730 106.18963623
v 9.11283779 22.22532845 107.98963928
v 9.49003220 23.01515770 106.18927002
v 9.49003220 23.01599693 107.98926544
v 9.60443497 23.88368797 106.18885803
v 9.60443497 23.88452721 107.98886108
v 9.44484806 24.74506187 106.18846130
v 9.44484806 24.74590302 107.98845673
v 9.02689266 25.51496315 106.18810272
v 9.02689266 25.51580238 107.98809814
v 8.39148045 26.11802673 106.18782043
v 8.39148045 26.11886597 107.98781586
v 7.60081100 26.49522018 106.18764496
v 7.60081100 26.49606133 107.98764038
v 6.73228025 26.60962296 106.18759155
v 6.73228025 26.61046410 107.98758698
v 5.87090588 26.45003700 106.18766022
v 5.87090588 26.45087624 107.98766327
v 5.10100555 26.03208160 106.18785858
v 5.10100555 26.03292084 107.98786163
v 4.49794197 25.39666939 106.18815613
v 4.49794197 25.39750862 107.98815155
v 4.12074757 24.60599899 106.18852234
v 4.12074757 24.60684013 107.98852539
v 4.00634432 23.73746872 106.18892670
v 4.00634432 23.73830986 107.98892975
v 4.16593122 22.87609482 106.18933105
v 4.16593122 22.87693405 107.98933411
v 4.58388710 22.10619354 106.18968964
v 4.58388710 22.10703468 107.98969269
v 5.21929884 21.50312996 106.18997192
v 5.21929884 21.50397110 107.98997498
v 6.00996828 21.12593651 106.19014740
v 6.00996828 21.12677574 107.99015045
v 6.87849903 21.01153374 106.19020081
v 6.87849903 21.01237297 107.99020386
v 7.73987341 21.17111969 106.19012451
v 7.73987341 21.17196083 107.99012756
v 8.50977421 21.58907509 106.18993378
v 8.50977421 21.58991623 107.98992920
v 8.29153061 23.37025642 106.18910217
v 8.34214306 24.01279068 106.18880463
v 8.12703609 24.62036324 106.18851471
v 7.68340445 25.08791542 106.18830109
v 7.08795595 25.33460426 106.18818665
v 6.44364977 25.31777573 106.18819427
v 5.86189127 25.04033852 106.18832397
v 5.44327259 24.55026436 106.18855286
v 5.26017570 23.93229294 106.18884277
v 5.34426117 23.29327393 106.18914032
v 5.68098831 22.74370384 106.18939209
v 6.21213531 22.37860489 106.18956757
v 6.84586096 22.26110649 106.18962097
v 7.47258902 22.41152763 106.18955231
v 7.98395205 22.80385590 106.18936920
v 8.34575653 23.98255539 104.98881531
v 5.82333469 22.61082268 104.98945618
v 6.36004972 22.32537270 104.98958588
v 6.96526575 22.26828575 104.98961639
v 7.54588985 22.44834328 104.98953247
v 8.01261234 22.83784866 104.98934937
v 8.29364395 23.37689018 104.98909760
v 26.18112183 -11.44119644 108.00535583
v 26.18112183 -11.44259644 105.00535583
v 27.16683578 -11.58538246 108.00541687
v 27.16683578 -11.58678341 105.00541687
v 28.15324402 -11.44602108 108.00535583
v 28.15324402 -11.44742107 105.00535583
v 29.06043243 -11.03440094 108.00516510
v 29.06043243 -11.03580189 105.00516510
v 29.81490707 -10.38387012 108.00485992
v 29.81490707 -10.38527107 105.00485992
v 30.35554314 -9.54713058 108.00447083
v 30.35554314 -9.54853058 105.00447083
v 30.63854408 -8.59196949 108.00402069
v 30.63854408 -8.59336948 105.00402069
v 30.64098167 -7.59576845 108.00355530
v 30.64098167 -7.59716892 105.00355530
v 30.36265755 -6.63923454 108.00311279
v 30.36265755 -6.64063501 105.00311279
v 29.82612038 -5.79985905 108.00271606
v 29.82612038 -5.80125999 105.00271606
v 29.07483864 -5.14564466 108.00241089
v 29.07483864 -5.14704514 105.00241089
v 28.16967583 -4.72959089 108.00222015
v 28.16967583 -4.73099136 105.00222015
v -26.69300652 11.52524853 107.99462891
v -26.69300652 11.52384853 104.99462891
v -27.67359924 11.65932083 107.99456787
v -27.67359924 11.65792084 104.99456787
v -28.65251923 11.51353073 107.99463654
v -28.65251923 11.51212978 104.99463654
v -29.55148888 11.09953499 107.99482727
v -29.55148888 11.09813404 104.99482727
v -30.29862404 10.45043755 107.99513245
v -30.29862404 10.44903755 104.99513245
v -30.83418274 9.61814308 107.99552155
v -30.83418274 9.61674213 104.99552155
v -31.11533928 8.66920185 107.99596405
v -31.11533928 8.66780186 104.99596405
v -31.11961365 7.67949533 107.99642944
v -31.11961365 7.67809486 104.99642944
v -30.84666443 6.72816133 107.99687195
v -30.84666443 6.72676086 104.99687195
v -30.31831551 5.89127159 107.99726105
v -30.31831551 5.88987112 104.99726105
v -29.57681465 5.23574495 107.99756622
v -29.57681465 5.23434448 104.99756622
v -28.68145370 4.81399918 107.99776459
v -28.68145370 4.81259871 104.99776459
v -2.76505399 -20.81047821 108.00972748
v -5.00522232 -28.37131310 108.01325989
v -5.00522232 -28.37271309 105.01325989
v -11.71682835 -26.38415909 105.01232910
v -11.71682835 -26.38275909 108.01232910
v -9.47665977 -18.82192421 108.00879669
v -11.86101532 -27.36847305 108.01278687
v -11.86101532 -27.36987305 105.01278687
v -11.72165298 -28.35488129 108.01325226
v -11.72165298 -28.35628128 105.01325226
v -11.31003284 -29.26206970 108.01367188
v -11.31003284 -29.26346970 105.01367188
v -10.65950203 -30.01654434 108.01402283
v -10.65950203 -30.01794434 105.01402283
v -9.82276249 -30.55718040 108.01427460
v -9.82276249 -30.55858040 105.01427460
v -8.86760139 -30.84018135 108.01441193
v -8.86760139 -30.84158134 105.01441193
v -7.87140036 -30.84261894 108.01441193
v -7.87140036 -30.84401894 105.01441193
v -6.91486597 -30.56429482 108.01428223
v -6.91486597 -30.56569481 105.01428223
v -6.07549095 -30.02775764 108.01403046
v -6.07549095 -30.02915955 105.01403046
v -5.42127609 -29.27647591 108.01367950
v -5.42127609 -29.27787590 105.01367950
v 2.28778243 20.88306808 104.99026489
v 2.30517483 20.94176865 104.99023438
v 4.59447289 20.47186089 104.99045563
v 4.61153030 20.52895164 104.99042511
v 6.85772085 19.86237526 104.99073792
v 6.84099722 19.80624771 104.99076843
v 9.01591778 18.95030212 104.99116516
v 8.99938869 18.89451408 104.99118805
v 11.23955727 26.45674896 107.98766327
v 11.23955727 26.45534897 104.98766327
v 11.38374329 27.44246292 107.98719788
v 11.38374329 27.44106293 104.98719788
v 11.24438190 28.42887115 107.98674011
v 11.24438190 28.42747116 104.98674011
v 10.83276176 29.33605957 107.98631287
v 10.83276176 29.33465958 104.98632050
v 10.18223095 30.09053421 107.98596191
v 10.18223095 30.08913422 104.98596191
v 9.34549141 30.63117027 107.98571014
v 9.34549141 30.62977028 104.98571014
v 8.39033031 30.91417122 107.98558044
v 8.39033031 30.91277122 104.98558044
v 7.39412928 30.91660881 107.98558044
v 7.39412928 30.91520882 104.98558044
v 6.43759489 30.63828468 107.98571014
v 6.43759489 30.63688469 104.98571014
v 5.59821939 30.10174942 107.98596191
v 5.59821939 30.10034752 104.98596191
v 4.94400454 29.35046577 107.98631287
v 4.94400454 29.34906578 104.98631287
v 4.52795124 28.44530296 107.98673248
v 4.52795124 28.44390297 104.98673248
v 8.99938869 18.89591408 107.99118805
v 2.28778243 20.88446808 107.99026489
v -28.68150711 4.81242085 104.99776459
v -28.68150711 4.81382132 107.99776459
v -26.69295311 11.52542686 107.99462891
v -26.69295311 11.52402592 104.99462891
v -23.23492050 9.77078152 107.99545288
v -19.09755707 9.27501869 107.99568176
v -22.44425201 9.39358711 107.99562836
v -21.80883980 8.79052448 107.99591064
v -24.96482658 9.72559834 107.99546814
v -24.10345078 9.88518524 107.99539948
v -26.33778954 8.67223072 107.99596405
v -25.73472595 9.30764198 107.99566650
v -26.71498489 7.88156128 107.99633026
v -26.82938766 7.01303053 107.99673462
v -26.66979980 6.15165615 107.99713898
v -26.25184441 5.38175583 107.99749756
v -25.61643219 4.77869225 107.99777985
v -24.82576370 4.40149784 107.99795532
v -21.08611107 2.56341338 107.99881744
v -23.95723343 4.28709507 107.99800873
v -23.09585762 4.44668198 107.99793243
v -22.32595825 4.86463737 107.99774170
v -21.72289467 5.50004911 107.99744415
v -18.05118752 2.95512843 107.99863434
v -17.54499054 5.16462231 107.99760437
v -18.27646828 0.69961363 107.99968719
v -21.23792267 0.21010016 107.99991608
v -18.21728325 -1.56635106 108.00074005
v -21.12492752 -2.14539576 108.00101471
v -17.87456322 -3.80702996 108.00178528
v -20.74855042 -4.47337151 108.00209808
v -20.11353683 -6.74446964 108.00315857
v -17.25371552 -5.98708630 108.00280762
v -19.22789764 -8.93005180 108.00418091
v -16.36452866 -8.07213974 108.00377655
v -18.10279655 -11.00255775 108.00514984
v -15.22102642 -10.02930641 108.00469208
v -16.75242424 -12.93585110 108.00605011
v -13.84124374 -11.82772255 108.00553131
v -15.19380856 -14.70555401 108.00687408
v -12.24693966 -13.43902397 108.00628662
v -13.44660378 -16.28934860 108.00761414
v -10.46325779 -14.83780098 108.00693512
v -11.53284359 -17.66726494 108.00826263
v -8.51832676 -16.00199318 108.00748444
v -6.44282007 -16.91324234 108.00790405
v -4.26947021 -17.55717468 108.00820923
v -2.03255153 -17.92363739 108.00837708
v -0.41174054 -20.96228981 108.00979614
v 0.23265840 -18.00684929 108.00841522
v 1.94375575 -20.84929466 108.00974274
v 2.49043560 -17.80549812 108.00832367
v 4.27173138 -20.47291756 108.00956726
v 4.70517397 -17.32276154 108.00810242
v 6.54282999 -19.83790398 108.00926971
v 6.84194517 -16.56625175 108.00774384
v 8.72841263 -18.95226288 108.00885773
v 8.86705208 -15.54789829 108.00727081
v 10.80091858 -17.82716370 108.00833130
v 10.74855614 -14.28376198 108.00668335
v 12.73421192 -16.47679138 108.00770569
v 12.45678520 -12.79377842 108.00598145
v 14.50391483 -14.91817570 108.00697327
v 16.08770943 -13.17097187 108.00615692
v 13.96480083 -11.10144520 108.00519562
v 17.46562576 -11.25721169 108.00526428
v 15.24881935 -9.23345280 108.00432587
v 18.62028503 -9.20102787 108.00431061
v 16.28859138 -7.21926022 108.00337982
v 20.73674393 -7.08013868 108.00331879
v 17.06772041 -5.09063196 108.00238800
v 20.85114861 -6.21160793 108.00291443
v 21.22834206 -5.42093849 108.00254059
v 22.74036789 -9.69167137 108.00453949
v 21.94969940 -9.31447697 108.00435638
v 21.31428719 -8.71141338 108.00408173
v 25.84323883 -8.59311962 108.00402069
v 25.24017525 -9.22853184 108.00431824
v 24.47027397 -9.64648724 108.00451660
v 26.22043228 -7.80245066 108.00365448
v 26.33483505 -6.93391991 108.00325012
v 26.17524910 -6.07254553 108.00284576
v 25.75729370 -5.30264521 108.00248718
v 25.12188148 -4.69958162 108.00220490
v 24.33121109 -4.32238722 108.00202942
v 20.60883904 -2.48942256 108.00117493
v 23.46268082 -4.20798445 108.00197601
v 22.60130692 -4.36757135 108.00205231
v 21.83140564 -4.78552675 108.00224304
v 17.57391548 -2.88113785 108.00135803
v 17.79919815 -0.62562299 108.00030518
v 20.76065063 -0.13610952 108.00007629
v 17.74001312 1.64034176 107.99924469
v 20.64765549 2.21938658 107.99897766
v 17.39729309 3.88102078 107.99819946
v 20.27127838 4.54736185 107.99788666
v 19.63626671 6.81846046 107.99682617
v 16.77644348 6.06107712 107.99718475
v 18.75062561 9.00404263 107.99581146
v 15.88725758 8.14612961 107.99620819
v 17.62552452 11.07654858 107.99484253
v 14.74375534 10.10329723 107.99529266
v 16.27515221 13.00984192 107.99393463
v 13.36397266 11.90171242 107.99445343
v 14.71653748 14.77954483 107.99311066
v 11.76966858 13.51301479 107.99370575
v 12.96933270 16.36334038 107.99237061
v 9.98598576 14.91179180 107.99304962
v 11.05557251 17.74125481 107.99172974
v 8.04105568 16.07598495 107.99250793
v 5.96554899 16.98723221 107.99208069
v 3.79219890 17.63116455 107.99178314
v 1.55528009 17.99762726 107.99160767
v -0.06553082 21.03627968 107.99018860
v -0.70992976 18.08083916 107.99156952
v -2.42102718 20.92328453 107.99024200
v -2.96770716 17.87948990 107.99166870
v -4.74900293 20.54690742 107.99041748
v -5.18244505 17.39675331 107.99188995
v -7.02010155 19.91189575 107.99071503
v -7.31921673 16.64024162 107.99224091
v -9.20568371 19.02625465 107.99112701
v -9.34432316 15.62188911 107.99272156
v -11.27818966 17.90115356 107.99165344
v -11.22582722 14.35775185 107.99330902
v -13.21148396 16.55078125 107.99228668
v -12.93405724 12.86776829 107.99400330
v -14.98118687 14.99216652 107.99301147
v -16.56498146 13.24496269 107.99382782
v -14.44207191 11.17543602 107.99479675
v -17.94289780 11.33120155 107.99472046
v -15.72609043 9.30744362 107.99566650
v -16.76586342 7.29325104 107.99660492
v -21.23129654 7.15924931 107.99666595
v -21.34569931 6.29071856 107.99707794
v -21.39088440 8.02062321 107.99626923
v 23.60890007 -9.80607414 108.00459290
v 20.89633179 -7.94151306 108.00371552
v 18.65880775 -9.21384144 105.00431061
v 18.62028503 -9.20242786 105.00431061
v -21.08611107 2.56201267 104.99881744
v -21.14191246 2.57854605 104.99880981
v 12.45678520 -12.79573917 103.80598450
v 13.96480083 -11.10340595 103.80519104
v 15.24881935 -9.23541355 103.80432129
v 16.28859138 -7.22122097 103.80338287
v 17.06772041 -5.09259272 103.80239105
v 17.57391548 -2.88309860 103.80135345
v 17.79919815 -0.62758368 103.80030060
v 17.74001312 1.63838100 103.79924774
v 17.39729309 3.87906003 103.79820251
v 16.77644348 6.05911636 103.79718018
v 15.88725758 8.14416981 103.79621124
v 14.74375534 10.10133648 103.79529572
v 13.36397266 11.89975166 103.79445648
v 11.76966858 13.51105404 103.79370117
v 9.98598576 14.90983105 103.79305267
v 8.04105568 16.07402420 103.79251099
v 5.96554899 16.98527145 103.79208374
v 3.79219890 17.62920380 103.79177856
v 1.55528009 17.99566650 103.79161072
v -0.70992976 18.07887840 103.79157257
v -2.96770716 17.87752914 103.79166412
v -5.18244505 17.39479256 103.79189301
v -7.31921673 16.63828087 103.79224396
v -9.34432316 15.61992836 103.79271698
v -11.22582722 14.35579109 103.79331207
v -12.93405724 12.86580753 103.79400635
v -14.44207191 11.17347527 103.79479218
v -15.72609043 9.30548286 103.79566956
v -16.76586342 7.29129028 103.79660797
v -17.54499054 5.16266203 103.79759979
v -18.05118752 2.95316768 103.79862976
v -18.27646828 0.69765294 103.79968262
v -18.21728325 -1.56831181 103.80074310
v -17.87456322 -3.80899072 103.80178833
v -17.25371552 -5.98904705 103.80281067
v -16.36452866 -8.07410049 103.80377960
v -15.22102642 -10.03126717 103.80469513
v -13.84124374 -11.82968235 103.80553436
v -12.24693966 -13.44098473 103.80628967
v -10.46325779 -14.83976173 103.80693817
v -8.51832676 -16.00395393 103.80747986
v -6.44282007 -16.91520309 103.80790710
v -4.26947021 -17.55913544 103.80821228
v -2.03255153 -17.92559814 103.80838013
v 0.23265840 -18.00881004 103.80841827
v 2.49043560 -17.80745888 103.80832672
v 4.70517397 -17.32472229 103.80809784
v 6.84194517 -16.56821251 103.80774689
v 8.86705208 -15.54985905 103.80727386
v 10.74855614 -14.28572178 103.80667877
v 20.60883904 -2.49082303 105.00117493
v 20.65027046 -2.50309849 105.00118256
v 20.19763184 -4.79751348 105.00225067
v 20.23745537 -4.80945396 105.00225830
v 19.57088089 -7.05564451 105.00330353
v 19.53201866 -7.04403734 105.00330353
v -19.15626907 9.29101372 104.99567413
v -19.09755707 9.27361774 104.99568176
v 25.84323883 -8.59396076 106.20402527
v 26.22043228 -7.80329084 106.20365143
v 26.33483505 -6.93476009 106.20324707
v 26.17524910 -6.07338619 106.20285034
v 25.75729370 -5.30348539 106.20248413
v 25.12188148 -4.70042181 106.20220947
v 24.33121109 -4.32322741 106.20202637
v 23.46268082 -4.20882463 106.20197296
v 22.60130692 -4.36841154 106.20204926
v 21.83140564 -4.78636694 106.20224762
v 21.22834206 -5.42177868 106.20254517
v 20.85114861 -6.21244812 106.20291138
v 20.73674393 -7.08097887 106.20331573
v 20.89633179 -7.94235325 106.20372009
v 21.31428719 -8.71225357 106.20407867
v 21.94969940 -9.31531715 106.20436096
v 22.74036789 -9.69251156 106.20453644
v 23.60890007 -9.80691433 106.20458984
v 24.47027397 -9.64732742 106.20451355
v 25.24017525 -9.22937202 106.20432281
v 25.02193069 -7.44819212 106.20349121
v 25.07254219 -6.80565643 106.20318604
v 24.85743713 -6.19808483 106.20290375
v 24.41380501 -5.73053265 106.20269012
v 23.81835747 -5.48384333 106.20256805
v 23.17404938 -5.50067234 106.20257568
v 22.59229088 -5.77810955 106.20270538
v 22.17367363 -6.26818323 106.20293427
v 21.99057579 -6.88615513 106.20322418
v 22.07466125 -7.52517319 106.20352173
v 22.41138840 -8.07474422 106.20378113
v 22.94253540 -8.43984318 106.20394897
v 23.57626152 -8.55734062 106.20401001
v 24.20298958 -8.40692139 106.20393372
v 24.71435165 -8.01459217 106.20375061
v -21.72289467 5.49920893 106.19744110
v -21.34569931 6.28987837 106.19707489
v -21.23129654 7.15840912 106.19667053
v -21.39088440 8.01978302 106.19626617
v -21.80883980 8.78968334 106.19590759
v -22.44425201 9.39274693 106.19562531
v -23.23492050 9.76994133 106.19544983
v -24.10345078 9.88434505 106.19539642
v -24.96482658 9.72475719 106.19547272
v -25.73472595 9.30680180 106.19566345
v -26.33778954 8.67139053 106.19596100
v -26.71498489 7.88072109 106.19633484
v -26.82938766 7.01219034 106.19673920
v -26.66979980 6.15081596 106.19714355
v -26.25184441 5.38091564 106.19750214
v -25.61643219 4.77785206 106.19778442
v -24.82576370 4.40065765 106.19795990
v -23.95723343 4.28625441 106.19801331
v -23.09585762 4.44584179 106.19793701
v -22.32595825 4.86379719 106.19773865
v -22.54420090 6.64497709 106.19690704
v -22.49358940 7.28751278 106.19660950
v -22.70869637 7.89508438 106.19632721
v -23.15232658 8.36263657 106.19610596
v -23.74777603 8.60932541 106.19599152
v -24.39208221 8.59249687 106.19599915
v -24.97384071 8.31505966 106.19612885
v -25.39245987 7.82498598 106.19635773
v -25.57555580 7.20701408 106.19664764
v -25.49147034 6.56799603 106.19694519
v -25.15474319 6.01842499 106.19720459
v -24.62359619 5.65332603 106.19737244
v -23.98987007 5.53582811 106.19742584
v -23.36314201 5.68624830 106.19735718
v -22.85177994 6.07857704 106.19717407
v -20.00929070 7.11522675 104.99668884
v -20.67490387 4.86870289 104.99774170
v 24.74524879 -7.97781563 105.00373840
v 24.28024292 -8.36794853 105.00392151
v 23.70107079 -8.54959202 105.00400543
v 23.09655380 -8.49489212 105.00397491
v 22.55939293 -8.21223640 105.00384521
v 22.17197037 -7.74497128 105.00362396
v 21.99369240 -7.16475439 105.00335693
v -22.48888016 7.24720907 104.99662781
v -22.66839027 7.82473183 104.99636078
v -23.05524826 8.28960037 104.99613953
v -23.59055519 8.57103920 104.99600983
v -24.19281578 8.62620068 104.99598694
v -24.77034187 8.44668579 104.99607086
v -25.23520851 8.05982685 104.99624634
v -25.51664543 7.52451754 104.99649811
v -25.57180214 6.92225552 104.99678040
v -25.39228439 6.34473085 104.99704742
v -25.00542641 5.87986946 104.99726868
v -20.73109627 4.88525867 104.99773407
v -20.06647110 7.13202620 104.99668121
v -2.74338865 -20.85439110 105.00975037
v -2.71030045 -20.85832024 105.00975037
v -2.67720628 -20.86219597 105.00975037
v -4.96411085 -28.59107971 105.01335907
v -5.34610271 -29.44973373 105.01375580
v -5.93731403 -30.18026161 105.01409912
v -6.69745493 -30.73288155 105.01435852
v -7.57472324 -31.06993103 105.01451874
v -8.50933456 -31.16844368 105.01456451
v -9.43759632 -31.02170372 105.01449585
v -10.29624939 -30.63971138 105.01431274
v -11.02677727 -30.04850006 105.01403809
v -11.57939720 -29.28836060 105.01368713
v -11.91644764 -28.41109085 105.01327515
v -12.01495934 -27.47648048 105.01284027
v -11.86821938 -26.54821968 105.01240540
v -9.58131504 -18.81933594 105.00879669
v -9.55054760 -18.83452988 105.00880432
v -9.51975632 -18.84967613 105.00881195
v 5.82602024 22.62118721 104.98944855
v 6.36009455 22.34413910 104.98957825
v 6.95942974 22.29133034 104.98960876
v 7.53372192 22.47071838 104.98952484
v 7.99644089 22.85527229 104.98934174
v 8.27786732 23.38705254 104.98908997
v 8.33559799 23.98593330 104.98881531
v 22.00021744 -7.16091537 105.00335693
v 22.18137550 -7.73561049 105.00362396
v 22.56799889 -8.19779587 105.00383759
v 23.10165596 -8.47762012 105.00396729
v 23.70169640 -8.53279400 105.00399780
v 24.27743530 -8.35497856 105.00391388
v 24.74185944 -7.97104692 105.00373077
v -24.19281197 8.62618351 104.99598694
v -23.59055519 8.57102585 104.99600983
v -24.77033424 8.44666958 104.99607086
v -25.23519707 8.05981350 104.99624634
v -25.51663208 7.52450991 104.99649811
v 24.29655647 -10.14160824 90.00474548
v 21.19641876 -9.22430706 90.00431824
v 24.29655647 -10.14034748 92.70474243
v 21.19641876 -9.22304630 92.70431519
v 20.44075775 -6.08085918 90.00284576
v 20.44075775 -6.07959890 92.70285034
v 22.78523254 -3.85471320 90.00180817
v 22.78523254 -3.85345268 92.70181274
v 25.88536835 -4.77201462 90.00223541
v 25.88536835 -4.77075434 92.70223999
v 26.64103127 -7.91546202 90.00370789
v 26.64103127 -7.91420174 92.70370483
v 24.60817719 -8.12091351 92.70380402
v 24.97308350 -7.58963442 92.70355225
v 25.09035110 -6.95586634 92.70325470
v 23.41974068 -8.54215813 92.70399475
v 24.05872726 -8.45784092 92.70395660
v 22.03382874 -7.35918808 92.70344543
v 22.31147575 -7.94084549 92.70372009
v 22.80170250 -8.35928631 92.70391083
v 22.73062897 -5.67554855 92.70265961
v 22.26323700 -6.11934996 92.70286560
v 22.01676559 -6.71488762 92.70314789
v 23.98067665 -5.51059914 92.70258331
v 23.33812141 -5.46022081 92.70256042
v 24.93970299 -6.32919312 92.70296478
v 24.54718781 -5.81797218 92.70272827
v -9.50880718 -21.40135574 90.01000214
v -6.36535931 -20.64569473 90.00965118
v -9.50880718 -21.40009689 92.70999908
v -6.36535931 -20.64443398 92.70964813
v -4.13921309 -22.99016953 90.01074219
v -4.13921309 -22.98890877 92.71073914
v -5.05651474 -26.09030533 90.01219177
v -5.05651474 -26.08904457 92.71218872
v -8.19996262 -26.84596634 90.01254272
v -8.19996262 -26.84470749 92.71253967
v -10.42610931 -24.50149345 90.01145172
v -10.42610931 -24.50023270 92.71144867
v -8.80679035 -23.46255684 92.71096039
v -8.78972721 -24.10685730 92.71126556
v -8.51207829 -24.68851471 92.71153259
v -7.48543262 -22.20789146 92.71038055
v -8.09292603 -22.42321968 92.71047974
v -8.56031704 -22.86701965 92.71068573
v -6.27636623 -22.56564331 92.71054077
v -6.84287834 -22.25827026 92.71040344
v -5.85047197 -24.33730507 92.71137238
v -5.73320436 -23.70353699 92.71107483
v -5.88385201 -23.07686234 92.71078491
v -6.76482677 -25.20551109 92.71177673
v -6.21537781 -24.86858368 92.71161652
v -8.02185249 -25.10695648 92.71173096
v -7.40381384 -25.28982735 92.71181488
v 9.93666935 24.58105278 89.98853302
v 9.01936817 21.48091698 89.98998260
v 9.93666935 24.58231354 92.68853760
v 9.01936817 21.48217583 92.68997955
v 5.87592030 20.72525406 89.99033356
v 5.87592030 20.72651482 92.69033051
v 3.64977384 23.06972885 89.98924255
v 3.64977384 23.07098961 92.68923950
v 4.56707525 26.16986465 89.98779297
v 4.56707525 26.17112541 92.68778992
v 7.71052313 26.92552757 89.98744202
v 7.71052313 26.92678833 92.68743896
v 7.79951620 25.00557899 92.68833923
v 7.23300457 25.31295204 92.68819427
v 6.59044981 25.36333084 92.68817139
v 8.22541142 23.23391724 92.68916321
v 8.34267807 23.86768532 92.68886566
v 8.19203091 24.49435806 92.68857574
v 7.31105614 22.36571121 92.68956757
v 7.86050510 22.70263863 92.68941498
v 5.56380415 22.88270569 92.68933105
v 6.05402994 22.46426582 92.68952179
v 6.67206860 22.28139305 92.68960571
v 5.26909304 24.10866356 92.68875885
v 5.28615570 23.46436310 92.68905640
v 5.98295689 25.14800262 92.68827057
v 5.51556540 24.70420074 92.68847656
v -24.78599548 10.22116756 89.99523926
v -21.68585777 9.30386639 89.99566650
v -24.78599548 10.22242832 92.69523621
v -21.68585777 9.30512714 92.69566345
v -20.93019676 6.16041899 89.99713135
v -20.93019676 6.16167974 92.69713593
v -23.27467155 3.93427300 89.99817657
v -23.27467155 3.93553352 92.69817352
v -26.37480736 4.85157442 89.99774170
v -26.37480736 4.85283518 92.69774628
v -27.13047028 7.99502182 89.99627686
v -27.13047028 7.99628258 92.69627380
v -24.84059715 8.40033245 92.69609070
v -25.30798912 7.95653152 92.69629669
v -25.55446243 7.36099386 92.69657135
v -23.59055138 8.56528187 92.69601440
v -24.23310471 8.61566067 92.69599152
v -22.63152313 7.74668837 92.69639587
v -23.02403831 8.25790882 92.69615173
v -22.96304893 5.95496750 92.69722748
v -22.59814453 6.48624659 92.69698334
v -22.48087692 7.12001514 92.69668579
v -24.15148544 5.53372335 92.69742584
v -23.51249886 5.61804056 92.69738770
v -25.53739929 6.71669340 92.69687653
v -25.25975037 6.13503599 92.69714355
v -24.76952553 5.71659517 92.69734192
v -23.05525017 8.28959274 104.99613953
v -25.57179451 6.92225313 104.99678040
v 18.62140083 -9.28841114 108.00434875
v 26.35028458 -11.57531548 108.00541687
v 18.62140083 -9.28981209 105.00434875
v 26.35028458 -11.57671642 105.00541687
v 27.27854538 -11.72345638 105.00548553
v 27.27854538 -11.72205544 108.00548553
v 28.21315765 -11.62494373 105.00543976
v 28.21315765 -11.62354374 108.00543976
v 29.09042549 -11.28789330 105.00527954
v 29.09042549 -11.28649330 108.00527954
v 29.85056686 -10.73527431 105.00502014
v 29.85056686 -10.73387337 108.00502014
v 30.44177818 -10.00474548 105.00468445
v 30.44177818 -10.00334549 108.00468445
v 30.82376862 -9.14609337 105.00428009
v 30.82376862 -9.14469242 108.00428009
v 30.97050858 -8.21783161 105.00384521
v 30.97050858 -8.21643066 108.00384521
v 30.87199783 -7.28322029 105.00341034
v 30.87199783 -7.28181982 108.00341034
v 30.53494644 -6.40595198 105.00299835
v 30.53494644 -6.40455151 108.00299835
v 29.98232651 -5.64581108 105.00264740
v 29.98232651 -5.64441061 108.00264740
v 29.25179863 -5.05460024 105.00237274
v 29.25179863 -5.05319929 108.00237274
v 28.39314651 -4.67260838 105.00218964
v 28.39314651 -4.67120790 108.00218964
v 20.66426277 -2.38430333 108.00112152
v 20.66426277 -2.38570404 105.00112152
v 18.64637184 -9.23918152 105.00432587
v 18.63390350 -9.26450539 105.00433350
v 20.65967178 -2.42484426 105.00114441
v 20.65500832 -2.46397567 105.00115967
v -19.11083984 9.38477707 107.99562836
v -26.83972359 11.67168140 107.99456024
v -19.11083984 9.38337708 104.99562836
v -26.83972359 11.67028141 104.99456024
v -27.76798630 11.81702137 104.99449158
v -27.76798630 11.81842136 107.99449158
v -28.70259666 11.71850872 104.99453735
v -28.70259666 11.71990967 107.99453735
v -29.57986450 11.38145828 104.99469757
v -29.57986450 11.38285923 107.99469757
v -30.34000587 10.82883930 104.99495697
v -30.34000587 10.83023930 107.99495697
v -30.93121719 10.09831047 104.99530029
v -30.93121719 10.09971142 107.99530029
v -31.31320953 9.23965836 104.99569702
v -31.31320953 9.24105835 107.99569702
v -31.45994949 8.31139660 104.99613190
v -31.45994949 8.31279659 107.99613190
v -31.36143684 7.37678528 104.99656677
v -31.36143684 7.37818575 107.99656677
v -31.02438545 6.49951696 104.99697876
v -31.02438545 6.50091743 107.99697876
v -30.47176743 5.73937607 104.99732971
v -30.47176743 5.74077654 107.99732971
v -29.74123764 5.14816475 104.99760437
v -29.74123764 5.14956522 107.99760437
v -28.88258553 4.76617336 104.99778748
v -28.88258553 4.76757383 107.99778748
v -21.15370178 2.48066926 107.99885559
v -21.15370178 2.47926879 104.99885559
v -19.14117622 9.32182598 104.99565887
v -19.12603378 9.35261345 104.99564362
v -21.14982414 2.51236749 104.99884033
v -21.14589500 2.54545999 104.99882507
v 9.09187603 18.91430092 107.99118042
v 11.37878036 26.64318466 107.98757172
v 9.09187603 18.91290092 104.99118042
v 11.37878036 26.64178276 104.98757172
v 11.52552032 27.57004547 104.98714447
v 11.52552032 27.57144547 107.98713684
v 11.42700863 28.50465584 104.98670197
v 11.42700863 28.50605774 107.98670197
v 11.08995724 29.38192368 104.98629761
v 11.08995724 29.38332558 107.98629761
v 10.53733826 30.14206505 104.98593903
v 10.53733826 30.14346504 107.98593903
v 9.80680943 30.73327637 104.98566437
v 9.80680943 30.73467636 107.98566437
v 8.94815636 31.11526871 104.98548889
v 8.94815636 31.11666870 107.98548889
v 8.01989460 31.26200867 104.98542023
v 8.01989460 31.26340866 107.98542023
v 7.08528376 31.16349602 104.98546600
v 7.08528376 31.16489601 107.98546600
v 6.20801544 30.82644463 104.98561859
v 6.20801544 30.82784653 107.98561859
v 5.44787455 30.27382660 104.98587799
v 5.44787455 30.27522659 107.98587799
v 4.85666323 29.54329872 104.98622131
v 4.85666323 29.54469872 107.98622131
v 4.47467184 28.68464470 104.98661804
v 4.47467184 28.68604469 107.98661804
v 2.18776703 20.95716286 107.99022675
v 2.18776703 20.95576096 104.99022675
v 9.04125309 18.93786812 104.99117279
v 9.06657314 18.92540169 104.99117279
v 2.22691154 20.95116997 104.99023438
v 2.26604772 20.94650650 104.99023438
v -9.58131504 -18.81793594 108.00879669
v -11.86821938 -26.54681778 108.01240540
v -12.01495934 -27.47508049 108.01284027
v -11.91644764 -28.40969086 108.01327515
v -11.57939720 -29.28695869 108.01368713
v -11.02677727 -30.04710007 108.01403809
v -10.29624939 -30.63831139 108.01431274
v -9.43759632 -31.02030373 108.01449585
v -8.50933456 -31.16704178 108.01456451
v -7.57472324 -31.06853104 108.01451874
v -6.69745493 -30.73147964 108.01435852
v -5.93731403 -30.17886162 108.01409912
v -5.34610271 -29.44833183 108.01375580
v -4.96411085 -28.58967972 108.01335907
v -2.67720628 -20.86079597 108.00975037
v 11.13402271 17.75769043 107.99172211
v 13.03472233 16.38093758 107.99236298
v 14.77034950 14.80115414 107.99310303
v 16.31932640 13.03798103 107.99392700
v 17.66239929 11.11333370 107.99482727
v 18.78287315 9.05113792 107.99578857
v 19.66681862 6.87702894 107.99680328
v 20.30324745 4.61803150 107.99785614
v 20.68424988 2.30222774 107.99893951
v 20.80508804 -0.04159587 108.00003052
v 17.46479034 -11.33055782 108.00530243
v 16.08803558 -13.23125839 108.00618744
v 14.50825310 -14.96688461 108.00699615
v 12.74507904 -16.51586151 108.00772095
v 10.82043266 -17.85893440 108.00834656
v 8.75823689 -18.97940826 108.00887299
v 6.58412695 -19.86335373 108.00928497
v 4.32512951 -20.49978256 108.00958252
v 2.00932527 -20.88078499 108.00975800
v -0.33449849 -21.00162315 108.00981903
v -11.62346172 -17.66132545 108.00825500
v -13.52416229 -16.28457069 108.00761414
v -15.25978851 -14.70478821 108.00687408
v -16.80876541 -12.94161510 108.00605011
v -18.15183830 -11.01696777 108.00515747
v -19.27231216 -8.95477200 108.00418854
v -20.15625763 -6.78066301 108.00317383
v -20.79268646 -4.52166605 108.00212097
v -21.17368889 -2.20586181 108.00104523
v -21.29452896 0.13796175 107.99994659
v -17.95422935 11.42692375 107.99467468
v -16.57747459 13.32762432 107.99378967
v -14.99769306 15.06324959 107.99298096
v -13.23451900 16.61222649 107.99225616
v -11.30987167 17.95529938 107.99163055
v -9.24767590 19.07577324 107.99110413
v -7.07356644 19.95971870 107.99069214
v -4.81456900 20.59614754 107.99039459
v -2.49876475 20.97714996 107.99021912
v -0.15494086 21.09799004 107.99016571
v 14.87887192 -11.45821762 96.80535889
v 13.38229084 -13.19730854 96.80617523
v 11.68699646 -14.74332619 96.80689240
v 9.81771183 -16.07372665 96.80751801
v 7.80169392 -17.16910934 96.80802917
v 5.66834116 -18.01350212 96.80841827
v 3.44876242 -18.59459114 96.80869293
v 1.17532468 -18.90390205 96.80883789
v -1.11882055 -18.93692589 96.80885315
v -3.40021944 -18.69318008 96.80873871
v -5.63560390 -18.17621994 96.80849457
v -7.79237747 -17.39358139 96.80812836
v -9.83908844 -16.35667992 96.80764771
v -11.74589252 -15.08063507 96.80705261
v -13.48498344 -13.58405399 96.80635071
v -15.03100204 -11.88876057 96.80555725
v -16.36140251 -10.01947594 96.80468750
v -17.45678520 -8.00345802 96.80374908
v -18.30117798 -5.87010574 96.80274963
v -18.88226700 -3.65052724 96.80171204
v -19.19157982 -1.37708974 96.80065155
v -19.22460175 0.91705519 96.79958344
v -18.98085594 3.19845390 96.79851532
v -18.46389580 5.43383837 96.79747009
v -17.68125725 7.59061146 96.79647064
v -16.64435577 9.63732243 96.79550934
v -15.36831093 11.54412651 96.79462433
v -13.87172985 13.28321743 96.79380798
v -12.17643642 14.82923508 96.79309082
v -10.30715084 16.15963554 96.79246521
v -8.29113293 17.25501823 96.79195404
v -6.15778017 18.09941101 96.79155731
v -3.93820190 18.68050003 96.79129028
v -1.66476405 18.98981094 96.79114532
v 0.62938124 19.02283478 96.79113007
v 2.91078019 18.77908897 96.79124451
v 5.14616489 18.26212883 96.79148865
v 7.30293798 17.47949028 96.79184723
v 9.34964943 16.44258881 96.79233551
v 11.25645351 15.16654396 96.79293060
v 12.99554443 13.66996288 96.79363251
v 14.54156303 11.97466946 96.79441833
v 15.87196350 10.10538483 96.79529572
v 16.96734619 8.08936691 96.79623413
v 17.81173897 5.95601416 96.79723358
v 18.39282799 3.73643613 96.79826355
v 18.70213890 1.46299851 96.79932404
v 18.73516273 -0.83114642 96.80039978
v 18.49141693 -3.11254501 96.80146027
v 17.97445679 -5.34792948 96.80250549
v 17.19181824 -7.50470257 96.80351257
v 16.15491676 -9.55141354 96.80446625
v 7.30293798 17.47631645 89.99185181
v 5.14616489 18.25895309 89.99148560
v 2.91078019 18.77591515 89.99124146
v 0.62938124 19.01966095 89.99112701
v -1.66476405 18.98663712 89.99114990
v -3.93820190 18.67732620 89.99128723
v -6.15778017 18.09623718 89.99156189
v -8.29113293 17.25184441 89.99195862
v -10.30715084 16.15646172 89.99246979
v -12.17643642 14.82606030 89.99308777
v -13.87172985 13.28004265 89.99381256
v -15.36831093 11.54095173 89.99462128
v -16.64435577 9.63414764 89.99551392
v -17.68125725 7.58743668 89.99646759
v -18.46389580 5.43066359 89.99747467
v -18.98085594 3.19527936 89.99851990
v -19.22460175 0.91388071 89.99958038
v -19.19157982 -1.38026428 90.00065613
v -18.88226700 -3.65370178 90.00171661
v -18.30117798 -5.87328005 90.00275421
v -17.45678520 -8.00663280 90.00374603
v -16.36140251 -10.02265072 90.00469208
v -15.03100204 -11.89193535 90.00556183
v -13.48498344 -13.58722878 90.00635529
v -11.74589252 -15.08380985 90.00704956
v -9.83908844 -16.35985565 90.00764465
v -7.79237747 -17.39675713 90.00813293
v -5.63560390 -18.17939377 90.00849915
v -3.40021944 -18.69635391 90.00873566
v -1.11882055 -18.94010162 90.00885010
v 1.17532468 -18.90707779 90.00883484
v 3.44876242 -18.59776497 90.00868988
v 5.66834116 -18.01667786 90.00842285
v 7.80169392 -17.17228508 90.00802612
v 9.81771183 -16.07690239 90.00751495
v 11.68699646 -14.74650097 90.00689697
v 13.38229084 -13.20048237 90.00617218
v 14.87887192 -11.46139240 90.00536346
v 16.15491676 -9.55458832 90.00447083
v 17.19181824 -7.50787687 90.00351715
v 17.97445679 -5.35110378 90.00251007
v 18.49141693 -3.11571956 90.00146484
v 18.73516273 -0.83432090 90.00039673
v 18.70213890 1.45982409 89.99932861
v 18.39282799 3.73326159 89.99826813
v 17.81173897 5.95283985 89.99723053
v 16.96734619 8.08619213 89.99623108
v 15.87196350 10.10221004 89.99529266
v 14.54156303 11.97149467 89.99442291
v 12.99554443 13.66678810 89.99362946
v 11.25645351 15.16336918 89.99292755
v 9.34964943 16.43941498 89.99233246
v -12.39151001 -55.02416611 108.02569580
v -14.11146736 -50.02726746 108.02336884
v -16.24600029 -54.03015900 108.02523804
v -14.75045490 -50.11158371 108.02340698
v -15.36849308 -49.92871094 108.02332306
v -8.47650623 -55.74380493 108.02603149
v -13.19711208 -49.15906143 108.02296448
v -13.56201839 -49.69033813 108.02320862
v -13.07984447 -48.52529144 108.02266693
v -4.52049208 -56.18548965 108.02623749
v -13.23049259 -47.89862061 108.02236938
v -0.54317588 -56.34702301 108.02631378
v 3.43562698 -56.22759628 108.02626038
v 7.39609432 -55.82780457 108.02607727
v 11.31849575 -55.14964676 108.02575684
v 15.18329048 -54.19649124 108.02531433
v 22.43536949 -44.21688843 108.02065277
v 22.45243263 -44.86118698 108.02095795
v 18.97122192 -52.97309494 108.02474213
v 22.73007965 -45.44284439 108.02122498
v 22.66342163 -51.48554611 108.02404785
v 23.22030640 -45.86128616 108.02142334
v 23.83834457 -46.04415894 108.02150726
v 26.24149513 -49.74126053 108.02323151
v 24.47733116 -45.95984268 108.02146912
v 25.02678108 -45.62291336 108.02130890
v 29.68761444 -47.74892807 108.02230072
v 25.39168739 -45.09163284 108.02106476
v 25.50895500 -44.45786667 108.02076721
v 32.98461151 -45.51847076 108.02126312
v 25.35830688 -43.83119202 108.02047729
v 24.96579170 -43.31997299 108.02023315
v 36.11606216 -43.06100082 108.02011108
v 39.06636810 -40.38876724 108.01886749
v 24.39928055 -43.01259995 108.02008820
v 41.82082367 -37.51507568 108.01752472
v 44.36571503 -34.45424652 108.01609802
v 46.68835449 -31.22153091 108.01458740
v 47.14037704 -15.28034210 108.00714874
v 48.77717972 -27.83302879 108.01300812
v 47.63060379 -15.69878292 108.00733948
v 50.62178040 -24.30562401 108.01136017
v 48.24864197 -15.88165474 108.00742340
v 52.21296692 -20.65688896 108.00965881
v 48.88763046 -15.79733753 108.00738525
v 49.43707657 -15.46041107 108.00723267
v 53.54280853 -16.90500259 108.00790405
v 49.80198288 -14.92913151 108.00698090
v 49.91925049 -14.29536343 108.00668335
v 54.60468674 -13.06865788 108.00611115
v 49.76860428 -13.66868973 108.00639343
v 49.37609100 -13.15746975 108.00615692
v 55.39330673 -9.16696453 108.00428772
v 48.80957794 -12.85009670 108.00601196
v 55.90473938 -5.21936178 108.00244904
v 48.16702271 -12.79971790 108.00598907
v 56.13644028 -1.24551642 108.00059509
v 47.55952835 -13.01504612 108.00608826
v 56.08725357 2.73477411 107.99873352
v 55.75741959 6.70168018 107.99687958
v 55.14859009 10.63543892 107.99504852
v 54.26379395 14.51645184 107.99323273
v 44.18121719 22.70713997 107.98941040
v 53.10743713 18.32538605 107.99145508
v 44.82020187 22.79145813 107.98937225
v 51.68528366 22.04326248 107.98972321
v 45.36965179 23.12838364 107.98921204
v 45.73455811 23.65966415 107.98896790
v 50.00441742 25.65156174 107.98803711
v 45.85182571 24.29343224 107.98867035
v 45.70117569 24.92010498 107.98838043
v 48.07321167 29.13230515 107.98641205
v 45.30866241 25.43132591 107.98813629
v 44.74214935 25.73869896 107.98799896
v 44.09959793 25.78907776 107.98797607
v 45.90128708 32.46815491 107.98485565
v 43.49210358 25.57374954 107.98807526
v 43.49946976 35.64248657 107.98337555
v 43.02471161 25.12994766 107.98828125
v 40.87971878 38.63949203 107.98197174
v 42.77824020 24.53441048 107.98855591
v 38.05508804 41.44423676 107.98066711
v 35.03964996 44.04274750 107.97945404
v 31.84842491 46.42208099 107.97834015
v 28.49731445 48.57038116 107.97734070
v 15.20714569 47.53867722 107.97782135
v 25.00301361 50.47694778 107.97644806
v 15.57205105 48.06995773 107.97756958
v 21.38292885 52.13227844 107.97567749
v 15.68931866 48.70372772 107.97727203
v 15.53867149 49.33039856 107.97698212
v 17.65509605 53.52812958 107.97502136
v 15.14615631 49.84162140 107.97674561
v 14.57964516 50.14899445 107.97660065
v 13.83808804 54.65754700 107.97449493
v 13.93709087 50.19937134 107.97657776
v 13.32959747 49.98404312 107.97667694
v 9.95092010 55.51490402 107.97409821
v 12.86220646 49.54024124 107.97688293
v 12.61573315 48.94470596 107.97716522
v 6.01295757 56.09592819 107.97382355
v 12.63279629 48.30040359 107.97746277
v 2.04382014 56.39772415 107.97368622
v -1.93671894 56.41878891 107.97367096
v -5.90882874 56.15901947 107.97379303
v -9.85272026 55.61970901 107.97404480
v -13.74874496 54.80354309 107.97442627
v -23.01674843 44.00253296 107.97946930
v -22.89948082 44.63629913 107.97917175
v -17.57749367 53.71458817 107.97493744
v -23.05012894 45.26297379 107.97888184
v -21.31989098 52.35827255 107.97557068
v -23.44264221 45.77419281 107.97864532
v -24.95729256 50.74134827 107.97632599
v -24.00915527 46.08156586 107.97850037
v -24.65170860 46.13194656 107.97847748
v -25.25920296 45.91661835 107.97857666
v -28.47157669 48.87187576 107.97719574
v -25.72659302 45.47281647 107.97878265
v -25.97306633 44.87727737 107.97906494
v -31.84523773 46.75916290 107.97817993
v -25.95600319 44.23297882 107.97936249
v -25.67835426 43.65132141 107.97963715
v -35.06146622 44.41373825 107.97927856
v -25.18812943 43.23287964 107.97982788
v -38.10424042 41.84729004 107.98047638
v -40.95839691 39.07259750 107.98177338
v -43.60972214 36.10348892 107.98315430
v -24.57008934 43.05000687 107.97991180
v -46.04500580 32.95475388 107.98462677
v -48.25211334 29.64208031 107.98617554
v -47.46042633 15.10047054 107.99296570
v -47.85293961 15.61169147 107.99272156
v -50.22005081 26.18197250 107.98778534
v -48.41945267 15.91906452 107.99257660
v -51.93901443 22.59166527 107.98946381
v -49.06200409 15.96944237 107.99255371
v -53.40044022 18.88904953 107.99119568
v -49.66949844 15.75411510 107.99266052
v -50.13689041 15.31031322 107.99286652
v -54.59704590 15.09256840 107.99296570
v -50.38336182 14.71477604 107.99314117
v -50.36629868 14.07047558 107.99344635
v -55.52286911 11.22113705 107.99477386
v -50.08864975 13.48881817 107.99371338
v -49.59842682 13.07037735 107.99391174
v -56.17330170 7.29404259 107.99660492
v -48.98038864 12.88750553 107.99399567
v -56.54510117 3.33084989 107.99845886
v -48.34140015 12.97182274 107.99395752
v -56.63641357 -0.64869702 108.00031281
v -56.44678497 -4.62477207 108.00217438
v -55.97716141 -8.57756710 108.00401306
v -44.35202408 -22.66973114 108.01059723
v -43.78551483 -22.97710419 108.01073456
v -55.22988510 -12.48738861 108.00584412
v -44.99457932 -22.61935234 108.01057434
v -54.20867157 -16.33475876 108.00763702
v -52.91861343 -20.10050964 108.00939178
v -51.36613464 -23.76588058 108.01110840
v -46.06946564 -23.27848053 108.01087952
v -45.60207367 -22.83468056 108.01067352
v -49.55897141 -27.31261063 108.01276398
v -46.29887390 -24.51832008 108.01145935
v -46.31593704 -23.87401962 108.01115417
v -47.50613022 -30.72303200 108.01435089
v -45.53099823 -25.51841736 108.01192474
v -46.02122498 -25.09997749 108.01172638
v -45.21783447 -33.98015213 108.01587677
v -44.27397537 -25.61697197 108.01197052
v -44.91296005 -25.70129013 108.01200867
v -43.72452545 -25.28004456 108.01181030
v -42.70548248 -37.06774521 108.01731873
v -43.35961914 -24.74876595 108.01156616
v -39.98159409 -39.97042847 108.01866913
v -37.05974197 -42.67374039 108.01993561
v -33.95447540 -45.16421509 108.02109528
v -30.68126869 -47.42943954 108.02215576
v -15.43956661 -47.24497604 108.02206421
v -27.25642967 -49.45813751 108.02310181
v -15.90695763 -47.68877411 108.02227783
v -23.69701958 -51.24019623 108.02393341
v -16.15343094 -48.28431320 108.02255249
v -20.02077103 -52.76673889 108.02464294
v -16.13636780 -48.92861557 108.02285004
v -15.85871887 -49.51027298 108.02312469
v 23.75672531 -42.96221924 108.02006531
v 23.14923286 -43.17754745 108.02017212
v 22.68184090 -43.62134933 108.02037811
v -13.62300682 -47.38739777 108.02213287
v -14.18951893 -47.08002472 108.02198792
v -14.83207321 -47.02964783 108.02196503
v -43.24235153 -24.11499786 108.01126862
v -43.39299774 -23.48832512 108.01097870
v -47.79195023 13.30875015 107.99379730
v -47.42704391 13.84002876 107.99355316
v -47.30977631 14.47379780 107.99325562
v -23.93110275 43.13432693 107.97987366
v -23.38165474 43.47125244 107.97972107
v 12.91044426 47.71874619 107.97773743
v 13.40067005 47.30030441 107.97792816
v 14.01870918 47.11743546 107.97801208
v 14.65769672 47.20175171 107.97797394
v 42.79530334 23.89011002 107.98886108
v 43.07295227 23.30845261 107.98912811
v 43.56317520 22.89001274 107.98932648
v 47.09214020 -13.45884705 108.00629425
v 46.84566498 -14.05438423 108.00657654
v 46.86272812 -14.69868469 108.00687408
v 9.05447388 44.06845856 89.97943878
v 12.52316475 43.19045639 89.97985077
v 15.91113186 42.03963852 89.98038483
v 19.19695663 40.62328339 89.98104858
v 22.35986519 38.95034790 89.98182678
v 25.37985992 37.03141022 89.98271942
v 28.23784828 34.87859726 89.98372650
v 30.91576004 32.50551987 89.98483276
v 33.39666367 29.92718506 89.98603821
v 35.66487885 27.15989304 89.98732758
v 37.70606232 24.22113991 89.98870087
v 39.50730515 21.12950325 89.99014282
v 41.05722427 17.90452957 89.99165344
v 42.34601974 14.56661034 89.99320984
v 43.36554337 11.13684750 89.99481201
v 44.10934830 7.63692570 89.99644470
v 44.57273102 4.08897209 89.99810028
v 44.75276566 0.51541829 89.99977112
v 44.64831161 -3.06114268 90.00144196
v 44.26002884 -6.61809874 90.00309753
v 43.59037399 -10.13296127 90.00473785
v 42.64357758 -13.58350849 90.00634766
v 41.42562866 -16.94792557 90.00791931
v 39.94422531 -20.20494080 90.00944519
v 38.20873260 -23.33396149 90.01090240
v 36.23012924 -26.31520653 90.01229095
v 34.02091599 -29.12982559 90.01361084
v 31.59506798 -31.76002693 90.01483917
v 28.96791649 -34.18917847 90.01596832
v 26.15607452 -36.40192413 90.01700592
v 23.17731857 -38.38427353 90.01792908
v 20.05047989 -40.12369156 90.01873779
v 16.79532814 -41.60918808 90.01943207
v 13.43244362 -42.83136368 90.02000427
v 9.98308849 -43.78249359 90.02044678
v 6.46906948 -44.45656204 90.02076721
v 2.91260362 -44.84931564 90.02095032
v -0.66382372 -44.95826340 90.02099609
v -4.23760128 -44.78271866 90.02091217
v -7.78613472 -44.32379150 90.02069855
v -11.28698826 -43.58438492 90.02035522
v -14.71802998 -42.56917191 90.01988220
v -18.05756569 -41.28457260 90.01927948
v -21.28448486 -39.73870468 90.01856232
v -24.37838173 -37.94134903 90.01772308
v -27.31969833 -35.90385818 90.01676941
v -30.08983803 -33.63912582 90.01571655
v -32.67128754 -31.16146088 90.01455688
v -35.04772568 -28.48653221 90.01330566
v -37.20412827 -25.63125229 90.01197815
v -39.12686157 -22.61367035 90.01056671
v -40.80377197 -19.45286751 90.00909424
v -42.22425079 -16.16882515 90.00756073
v -43.37932205 -12.78230667 90.00597382
v -44.26168442 -9.31472206 90.00435638
v -44.86575699 -5.78799629 90.00270844
v -45.18772125 -2.22442555 90.00104523
v -45.22554016 1.35346067 89.99937439
v -44.97897720 4.92304134 89.99771118
v -44.44958878 8.46174812 89.99606323
v -43.64072418 11.94720840 89.99443054
v -42.55749512 15.35738659 89.99284363
v -41.20674896 18.67072296 89.99129486
v -39.59703064 21.86626625 89.98979950
v -37.73851395 24.92381668 89.98837280
v -35.64294815 27.82404137 89.98702240
v -33.32358551 30.54860687 89.98574829
v -30.79508591 33.08028412 89.98456573
v -28.07343674 35.40306854 89.98348236
v -25.17584610 37.50227737 89.98250580
v -22.12063217 39.36463165 89.98163605
v -18.92711258 40.97836685 89.98088074
v -15.61547756 42.33327103 89.98024750
v -12.20666218 43.42078400 89.97973633
v -8.72222042 44.23402786 89.97936249
v -5.18418074 44.76786041 89.97911072
v -1.61491251 45.01890945 89.97899628
v 1.96301866 44.98558426 89.97901154
v 5.52699184 44.66809845 89.97915649
v -43.78551483 -22.97850418 105.01074219
v -44.35202408 -22.67113113 105.01059723
v -44.99457932 -22.62075233 105.01057434
v -45.60207367 -22.83608055 105.01067352
v -46.06946564 -23.27988243 105.01087952
v -46.31593704 -23.87541962 105.01115417
v -46.29887390 -24.51972008 105.01145935
v -46.02122498 -25.10137749 105.01172638
v -45.53099823 -25.51981735 105.01192474
v -44.91296005 -25.70269012 105.01200867
v -44.27397537 -25.61837196 105.01197052
v -43.72452545 -25.28144646 105.01181030
v -43.35961914 -24.75016594 105.01156616
v -43.24235153 -24.11639786 105.01126862
v -43.39299774 -23.48972511 105.01097870
v 45.30866241 25.42992592 104.98813629
v 44.74214935 25.73729897 104.98799896
v 44.09959793 25.78767586 104.98797607
v 43.49210358 25.57234955 104.98807526
v 43.02471161 25.12854767 104.98828125
v 42.77824020 24.53301048 104.98855591
v 42.79530334 23.88871002 104.98886108
v 43.07295227 23.30705261 104.98912811
v 43.56317520 22.88861084 104.98932648
v 44.18121719 22.70573997 104.98941040
v 44.82020187 22.79005623 104.98937225
v 45.36965179 23.12698364 104.98921204
v 45.73455811 23.65826225 104.98896790
v 45.85182571 24.29203224 104.98867035
v 45.70117569 24.91870499 104.98838043
v 15.14615631 49.84021759 104.97674561
v 14.57964516 50.14759445 104.97660065
v 13.93709087 50.19797134 104.97657776
v 13.32959747 49.98264313 104.97667694
v 12.86220646 49.53884125 104.97688293
v 12.61573315 48.94330597 104.97716522
v 12.63279629 48.29900360 104.97746277
v 12.91044426 47.71734619 104.97773743
v 13.40067005 47.29890442 104.97792816
v 14.01870918 47.11603546 104.97801971
v 14.65769672 47.20035172 104.97797394
v 15.20714569 47.53727722 104.97782135
v 15.57205105 48.06855774 104.97756958
v 15.68931866 48.70232391 104.97727203
v 15.53867149 49.32899857 104.97698212
v -13.62300682 -47.38879776 105.02213287
v -14.18951893 -47.08142471 105.02198792
v -14.83207321 -47.03104782 105.02196503
v -15.43956661 -47.24637604 105.02206421
v -15.90695763 -47.69017792 105.02227783
v -16.15343094 -48.28571320 105.02255249
v -16.13636780 -48.93001556 105.02285004
v -15.85871887 -49.51167297 105.02312469
v -15.36849308 -49.93011093 105.02332306
v -14.75045490 -50.11298370 105.02340698
v -14.11146736 -50.02866745 105.02336884
v -13.56201839 -49.69174194 105.02320862
v -13.19711208 -49.16046143 105.02296448
v -13.07984447 -48.52669144 105.02266693
v -13.23049259 -47.90002060 105.02236938
v -47.85293961 15.61029053 104.99272156
v -48.41945267 15.91766357 104.99258423
v -49.06200409 15.96804237 104.99255371
v -49.66949844 15.75271416 104.99266052
v -50.13689041 15.30891323 104.99286652
v -50.38336182 14.71337509 104.99314117
v -50.36629868 14.06907558 104.99344635
v -50.08864975 13.48741722 104.99371338
v -49.59842682 13.06897736 104.99391174
v -48.98038864 12.88610458 104.99399567
v -48.34140015 12.97042179 104.99395752
v -47.79195023 13.30734921 104.99379730
v -47.42704391 13.83862877 104.99355316
v -47.30977631 14.47239685 104.99325562
v -47.46042633 15.09906960 104.99296570
v 49.37609100 -13.15886974 105.00615692
v 48.80957794 -12.85149670 105.00601196
v 48.16702271 -12.80111885 105.00598907
v 47.55952835 -13.01644611 105.00608826
v 47.09214020 -13.46024704 105.00629425
v 46.84566498 -14.05578518 105.00657654
v 46.86272812 -14.70008564 105.00687408
v 47.14037704 -15.28174305 105.00714874
v 47.63060379 -15.70018387 105.00733948
v 48.24864197 -15.88305569 105.00742340
v 48.88763046 -15.79873848 105.00738525
v 49.43707657 -15.46181107 105.00723267
v 49.80198288 -14.93053246 105.00698090
v 49.91925049 -14.29676342 105.00668335
v 49.76860428 -13.67009068 105.00639343
v -23.44264221 45.77279282 104.97864532
v -24.00915527 46.08016586 104.97850037
v -24.65170860 46.13054657 104.97847748
v -25.25920296 45.91521835 104.97857666
v -25.72659302 45.47141647 104.97878265
v -25.97306633 44.87587738 104.97906494
v -25.95600319 44.23157883 104.97936249
v -25.67835426 43.64992142 104.97963715
v -25.18812943 43.23147964 104.97982788
v -24.57008934 43.04860687 104.97991180
v -23.93110275 43.13292694 104.97987366
v -23.38165474 43.46985245 104.97972107
v -23.01674843 44.00113297 104.97946930
v -22.89948082 44.63489914 104.97917175
v -23.05012894 45.26157379 104.97888184
v 24.96579170 -43.32137299 105.02023315
v 24.39928055 -43.01399994 105.02008820
v 23.75672531 -42.96362305 105.02006531
v 23.14923286 -43.17894745 105.02017212
v 22.68184090 -43.62274933 105.02037811
v 22.43536949 -44.21828842 105.02065277
v 22.45243263 -44.86258698 105.02095795
v 22.73007965 -45.44424438 105.02122498
v 23.22030640 -45.86268616 105.02142334
v 23.83834457 -46.04555893 105.02150726
v 24.47733116 -45.96124268 105.02146912
v 25.02678108 -45.62431335 105.02130890
v 25.39168739 -45.09303665 105.02106476
v 25.50895500 -44.45926666 105.02076721
v 25.35830688 -43.83259201 105.02047729
v 15.91113186 42.04664230 104.98038483
v 12.52316475 43.19745636 104.97984314
v 9.05447388 44.07546234 104.97943878
v 5.52699184 44.67510223 104.97915649
v 1.96301866 44.99258804 104.97900391
v -1.61491251 45.02591324 104.97898865
v -5.18418074 44.77486420 104.97911072
v -8.72222042 44.24103165 104.97935486
v -12.20666218 43.42778778 104.97973633
v -15.61547756 42.34027481 104.98024750
v -18.92711258 40.98536682 104.98088074
v -22.12063217 39.37163544 104.98162842
v -25.17584610 37.50927734 104.98249817
v -28.07343674 35.41007233 104.98348236
v -30.79508591 33.08728790 104.98456573
v -33.32358551 30.55560875 104.98574829
v -35.64294815 27.83104515 104.98702240
v -37.73851395 24.93081856 104.98837280
v -39.59703064 21.87326813 104.98979950
v -41.20674896 18.67772484 104.99129486
v -42.55749512 15.36438942 104.99283600
v -43.64072418 11.95421124 104.99443054
v -44.44958878 8.46875095 104.99605560
v -44.97897720 4.93004370 104.99771118
v -45.22554016 1.36046314 104.99937439
v -45.18772125 -2.21742296 105.00104523
v -44.86575699 -5.78099394 105.00270844
v -44.26168442 -9.30772018 105.00435638
v -43.37932205 -12.77530384 105.00597382
v -42.22425079 -16.16182137 105.00755310
v -40.80377197 -19.44586372 105.00908661
v -39.12686157 -22.60666847 105.01056671
v -37.20412827 -25.62425041 105.01197052
v -35.04772568 -28.47953033 105.01330566
v -32.67128754 -31.15445900 105.01455688
v -30.08983803 -33.63212204 105.01570892
v -27.31969833 -35.89685822 105.01676941
v -24.37838173 -37.93434525 105.01772308
v -21.28448486 -39.73170471 105.01856232
v -18.05756569 -41.27756882 105.01927948
v -14.71802998 -42.56217194 105.01988220
v -11.28698826 -43.57738495 105.02035522
v -7.78613472 -44.31679153 105.02069855
v -4.23760128 -44.77571869 105.02091217
v -0.66382372 -44.95125961 105.02099609
v 2.91260362 -44.84231186 105.02094269
v 6.46906948 -44.44956207 105.02075958
v 9.98308849 -43.77548981 105.02044678
v 13.43244362 -42.82435989 105.02000427
v 16.79532814 -41.60218430 105.01943207
v 20.05047989 -40.11669159 105.01873779
v 23.17731857 -38.37726974 105.01792908
v 26.15607452 -36.39492035 105.01699829
v 28.96791649 -34.18217468 105.01596832
v 31.59506798 -31.75302315 105.01483154
v 34.02091599 -29.12282372 105.01360321
v 36.23012924 -26.30820274 105.01229095
v 38.20873260 -23.32695770 105.01090240
v 39.94422531 -20.19793701 105.00943756
v 41.42562866 -16.94092178 105.00791931
v 42.64357758 -13.57650661 105.00634766
v 43.59037399 -10.12595844 105.00473785
v 44.26002884 -6.61109591 105.00309753
v 44.64831161 -3.05414009 105.00143433
v 44.75276566 0.52242082 104.99977112
v 44.57273102 4.09597445 104.99810028
v 44.10934830 7.64392805 104.99644470
v 43.36554337 11.14385033 104.99481201
v 42.34601974 14.57361317 104.99320984
v 41.05722427 17.91153145 104.99165344
v 39.50730515 21.13650513 104.99014282
v 37.70606232 24.22814178 104.98870087
v 35.66487885 27.16689682 104.98732758
v 33.39666367 29.93418884 104.98603821
v 30.91576004 32.51252365 104.98483276
v 28.23784828 34.88559723 104.98372650
v 25.37985992 37.03841019 104.98271942
v 22.35986519 38.95735168 104.98182678
v 19.19695663 40.63028717 104.98104095
v -20.02077103 -52.76813889 105.02464294
v -16.24600029 -54.03156281 105.02523804
v -12.39151001 -55.02556610 105.02569580
v -8.47650623 -55.74520493 105.02603149
v -4.52049208 -56.18688965 105.02624512
v -0.54317588 -56.34842300 105.02631378
v 3.43562698 -56.22899628 105.02626038
v 7.39609432 -55.82920456 105.02607727
v 11.31849575 -55.15104675 105.02575684
v 15.18329048 -54.19789124 105.02531433
v 18.97122192 -52.97449493 105.02474213
v 22.66342163 -51.48694611 105.02404785
v 26.24149513 -49.74266052 105.02323151
v 29.68761444 -47.75032806 105.02230072
v 32.98461151 -45.51987076 105.02126312
v 36.11606216 -43.06240463 105.02011108
v 39.06636810 -40.39016724 105.01886749
v 41.82082367 -37.51647568 105.01752472
v 44.36571503 -34.45565033 105.01609802
v 46.68835449 -31.22293091 105.01458740
v 48.77717972 -27.83442879 105.01300812
v 50.62178040 -24.30702400 105.01136017
v 52.21296692 -20.65828896 105.00965881
v 53.54280853 -16.90640450 105.00790405
v 54.60468674 -13.07005787 105.00611115
v 55.39330673 -9.16836452 105.00429535
v 55.90473938 -5.22076225 105.00244904
v 56.13644028 -1.24691689 105.00059509
v 56.08725357 2.73337364 104.99873352
v 55.75741959 6.70027971 104.99688721
v 55.14859009 10.63403797 104.99504852
v 54.26379395 14.51505184 104.99323273
v 53.10743713 18.32398415 104.99145508
v 51.68528366 22.04186249 104.98972321
v 50.00441742 25.65015984 104.98803711
v 48.07321167 29.13090515 104.98641205
v 45.90128708 32.46675491 104.98485565
v 43.49946976 35.64108658 104.98337555
v 40.87971878 38.63809204 104.98197174
v 38.05508804 41.44283676 104.98066711
v 35.03964996 44.04134750 104.97945404
v 31.84842491 46.42068100 104.97834015
v 28.49731445 48.56898117 104.97734070
v 25.00301361 50.47554779 104.97644806
v 21.38292885 52.13087845 104.97567749
v 17.65509605 53.52672958 104.97502136
v 13.83808804 54.65614700 104.97449493
v 9.95092010 55.51350403 104.97409821
v 6.01295757 56.09452820 104.97382355
v 2.04382014 56.39632416 104.97368622
v -1.93671894 56.41738892 104.97367096
v -5.90882874 56.15761948 104.97379303
v -9.85272026 55.61830902 104.97404480
v -13.74874496 54.80214310 104.97442627
v -17.57749367 53.71318817 104.97493744
v -21.31989098 52.35687256 104.97557068
v -24.95729256 50.73994827 104.97632599
v -28.47157669 48.87047195 104.97719574
v -31.84523773 46.75776291 104.97817993
v -35.06146622 44.41233826 104.97927856
v -38.10424042 41.84589005 104.98047638
v -40.95839691 39.07119751 104.98177338
v -43.60972214 36.10208893 104.98315430
v -46.04500580 32.95335388 104.98462677
v -48.25211334 29.64068031 104.98617554
v -50.22005081 26.18057060 104.98779297
v -51.93901443 22.59026527 104.98946381
v -53.40044022 18.88764763 104.99119568
v -54.59704590 15.09116745 104.99296570
v -55.52286911 11.21973610 104.99477386
v -56.17330170 7.29264212 104.99660492
v -56.54510117 3.32944942 104.99845886
v -56.63641357 -0.65009755 105.00031281
v -56.44678497 -4.62617254 105.00217438
v -55.97716141 -8.57896709 105.00401306
v -55.22988510 -12.48878860 105.00584412
v -54.20867157 -16.33615875 105.00763702
v -52.91861343 -20.10190964 105.00939941
v -51.36613464 -23.76728058 105.01110840
v -49.55897141 -27.31401253 105.01276398
v -47.50613022 -30.72443199 105.01435089
v -45.21783447 -33.98155212 105.01587677
v -42.70548248 -37.06914520 105.01731873
v -39.98159409 -39.97182846 105.01866913
v -37.05974197 -42.67514038 105.01993561
v -33.95447540 -45.16561508 105.02109528
v -30.68126869 -47.43084335 105.02215576
v -27.25642967 -49.45953751 105.02310181
v -23.69701958 -51.24159622 105.02393341
v 14.25528049 8.26316929 32.99614716
v 14.25528049 -38.73682404 33.01808548
v 14.25528049 8.26223564 30.99614716
v 14.25528049 -38.73775864 31.01808739
v -9.49471951 14.51456928 35.99322891
v 12.25528049 14.52950764 67.99322510
v 9.00528049 14.51456928 35.99322891
v 12.25528049 14.51550293 37.99322891
v 14.15528011 14.51456928 35.99322891
v 14.75528049 14.51550293 37.99322891
v 14.75528049 14.51456928 35.99322891
v -14.84471989 14.51456928 35.99322891
v -12.74471951 14.51550293 37.99322891
v -12.74471951 14.52950764 67.99322510
v 11.25528049 14.53044128 69.99322510
v 14.75528049 14.53044128 69.99322510
v -15.24471951 14.51456928 35.99322891
v -15.24471951 14.51550293 37.99322891
v -15.24471951 14.52950764 67.99322510
v -15.24471951 14.53044128 69.99322510
v -11.74471951 14.53044128 69.99322510
v 11.25528049 14.53277588 74.99322510
v -11.74471951 14.53277588 74.99322510
v 14.75528049 14.52950764 67.99322510
v 14.24400043 -38.88660049 33.01815796
v 14.21041393 -39.03300095 33.01822662
v 14.12130547 -39.23775864 31.01832008
v 14.15528011 -39.17271423 33.01829147
v 14.15528011 -39.17131424 36.01829147
v 13.93436337 -39.46948624 36.01842880
v 13.75528049 -39.60378265 31.01849174
v 13.61993027 -39.66656876 36.01852036
v 13.25528049 -39.73775864 31.01855469
v 13.25528049 -39.73542404 36.01855469
v 14.15528011 -44.98542404 36.02100372
v 11.25528049 -39.73542404 36.01855469
v 9.00528049 -41.98542404 36.01960373
v 9.11540318 -41.29013824 36.01927948
v 8.00528049 -44.98542404 36.02100372
v 8.50528049 -44.85144806 36.02094269
v 8.87130547 -44.48542404 36.02077103
v 9.00528049 -43.98542404 36.02053833
v 9.43499184 -40.66290665 36.01898575
v 9.93276310 -40.16513824 36.01875305
v 10.55999184 -39.84554672 36.01860428
v -14.74471951 8.26457024 35.99614716
v -14.84471989 -44.98542404 36.02100372
v -14.74471951 -38.73542404 36.01808548
v -14.61074543 -39.23542404 36.01832199
v -11.74471951 9.26457024 35.99567795
v -13.74471951 9.26457024 35.99567795
v -14.24471951 9.13059521 35.99574280
v -9.49471951 11.51456928 35.99462891
v -9.60484219 10.81928158 35.99495316
v -9.92443180 10.19205284 35.99524689
v -10.42220306 9.69428158 35.99547958
v -11.04943180 9.37469292 35.99562836
v -14.61074543 8.76457024 35.99591064
v -14.24471951 -39.60145187 36.01848984
v -13.74471951 -39.73542404 36.01855469
v -11.74471951 -39.73542404 36.01855469
v -11.04943180 -39.84554672 36.01860428
v -9.49471951 -43.98542404 36.02053833
v -9.36074543 -44.48542404 36.02077103
v -8.99471951 -44.85144806 36.02094269
v -8.49471951 -44.98542404 36.02100372
v -10.42220306 -40.16513824 36.01875305
v -9.92443180 -40.66290665 36.01898575
v -9.60484219 -41.29013824 36.01927948
v -9.49471951 -41.98542404 36.01960373
v 14.15528011 8.70045948 35.99594116
v 13.93436337 8.99863148 35.99580383
v 13.61993027 9.19571495 35.99571228
v 13.25528049 9.26457024 35.99567795
v 11.25528049 9.26457024 35.99567795
v 9.00528049 11.51456928 35.99462891
v 10.55999184 9.37469292 35.99562836
v 9.93276310 9.69428158 35.99547958
v 9.43499184 10.19205284 35.99524689
v 9.11540318 10.81928158 35.99495316
v 17.00527954 -19.33450127 36.00902939
v 16.40192413 -19.21680641 36.00897598
v 16.43756104 -19.18581200 36.00896072
v 15.98657799 -18.81027603 36.00878525
v 15.91330338 -18.84378815 36.00880051
v 15.73755646 -18.27886009 36.00853729
v 15.64073563 -18.29279137 36.00854492
v 15.73755646 -17.69199371 36.00826263
v 15.64073563 -17.67806244 36.00825500
v 15.91330338 -17.12706566 36.00799942
v 15.98657799 -17.16057968 36.00801468
v 16.40192413 -16.75404739 36.00782394
v 16.43756104 -16.78504181 36.00783920
v 17.00527954 -16.63635445 36.00777054
v 17.00527954 -41.33449936 36.01929855
v 16.40192413 -41.21680450 36.01924515
v 16.43756104 -41.18581009 36.01922989
v 15.98657799 -40.81027222 36.01905441
v 15.91330338 -40.84378815 36.01906967
v 15.73755646 -40.27885818 36.01880646
v 15.64073563 -40.29278946 36.01881409
v 15.73755646 -39.69198990 36.01853180
v 15.64073563 -39.67805862 36.01852798
v 15.91330338 -39.12706375 36.01826859
v 15.98657799 -39.16057587 36.01828384
v 16.40192413 -38.75404358 36.01809692
v 16.43756104 -38.78504181 36.01810837
v 17.00527954 -38.63635254 36.01803970
v -17.59471893 -19.33450127 36.00902939
v -18.19807625 -19.21680641 36.00897598
v -18.16243935 -19.18581200 36.00896072
v -18.61342239 -18.81027603 36.00878525
v -18.68669701 -18.84378815 36.00880051
v -18.86244392 -18.27886009 36.00853729
v -18.95926476 -18.29279137 36.00854492
v -18.86244392 -17.69199371 36.00826263
v -18.95926476 -17.67806244 36.00825500
v -18.68669701 -17.12706566 36.00799942
v -18.61342239 -17.16057968 36.00801468
v -18.19807625 -16.75404739 36.00782394
v -18.16243935 -16.78504181 36.00783920
v -17.59471893 -16.63635445 36.00777054
v 17.00527954 2.66549683 35.99876022
v 16.40192413 2.78319073 35.99870300
v 16.43756104 2.81418586 35.99869156
v 15.98657799 3.18972206 35.99851608
v 15.91330338 3.15620875 35.99853134
v 15.73755646 3.72113681 35.99826813
v 15.64073563 3.70720601 35.99827194
v 15.73755646 4.30800390 35.99799347
v 15.64073563 4.32193470 35.99798584
v 15.91330338 4.87293196 35.99773026
v 15.98657799 4.83941889 35.99774551
v 16.40192413 5.24595022 35.99755478
v 16.43756104 5.21495485 35.99757004
v 17.00527954 5.36364412 35.99750137
v 10.65528011 -49.13171387 36.02294159
v 10.10877514 -49.05944443 36.02290726
v 10.10597420 -48.96902084 36.02286530
v 9.63672161 -48.77474213 36.02277374
v 9.67359924 -48.59317780 36.02268982
v 9.31783295 -48.32507324 36.02256393
v 9.43601990 -48.07186890 36.02244568
v 9.20528030 -47.78542328 36.02231216
v 9.43601990 -47.49897766 36.02217865
v 9.31783295 -47.24577332 36.02206039
v 9.67359924 -46.97766876 36.02193451
v 9.63672161 -46.79610443 36.02185059
v 10.10597420 -46.60182571 36.02175903
v 10.10877514 -46.51140213 36.02171707
v 10.65528011 -46.43913269 36.02168274
v -17.59471893 -41.33449936 36.01929855
v -18.19807625 -41.21680450 36.01924515
v -18.16243935 -41.18581009 36.01922989
v -18.61342239 -40.81027222 36.01905441
v -18.68669701 -40.84378815 36.01906967
v -18.86244392 -40.27885818 36.01880646
v -18.95926476 -40.29278946 36.01881409
v -18.86244392 -39.69198990 36.01853180
v -18.95926476 -39.67805862 36.01852798
v -18.68669701 -39.12706375 36.01826859
v -18.61342239 -39.16057587 36.01828384
v -18.19807625 -38.75404358 36.01809692
v -18.16243935 -38.78504181 36.01810837
v -17.59471893 -38.63635254 36.01803970
v -17.59471893 2.66549683 35.99876022
v -18.19807625 2.78319073 35.99870300
v -18.16243935 2.81418586 35.99869156
v -18.61342239 3.18972206 35.99851608
v -18.68669701 3.15620875 35.99853134
v -18.86244392 3.72113681 35.99826813
v -18.95926476 3.70720601 35.99827194
v -18.86244392 4.30800390 35.99799347
v -18.95926476 4.32193470 35.99798584
v -18.68669701 4.87293196 35.99773026
v -18.61342239 4.83941889 35.99774551
v -18.19807625 5.24595022 35.99755478
v -18.16243935 5.21495485 35.99757004
v -17.59471893 5.36364412 35.99750137
v 8.00528049 -44.98682404 33.02100372
v -8.49471951 -44.98682404 33.02100372
v 8.00528049 -44.98775864 31.02100563
v -8.49471951 -44.98775864 31.02100563
v 13.15739346 12.15127659 75.99433899
v 12.87331390 12.70881367 75.99407196
v 13.25528049 11.53324318 75.99462128
v 12.43085098 13.15127659 75.99386597
v 11.87331390 13.43535614 75.99373627
v 11.25528049 13.53324318 75.99369049
v 8.21251392 3.11142516 75.99855804
v 8.61855030 1.59607768 75.99925995
v -11.74471951 13.53324318 75.99369049
v -0.24471968 9.03324318 75.99578857
v 1.31811392 8.89651299 75.99585724
v 2.83346152 8.49047661 75.99604797
v -12.36275387 13.43535614 75.99373627
v -13.74471951 11.53324318 75.99462128
v -8.70195293 3.11142516 75.99855804
v -8.03894806 4.53324366 75.99789429
v -12.92028999 13.15127659 75.99386597
v -13.36275387 12.70881367 75.99407196
v -13.64683247 12.15127659 75.99433899
v -13.74471951 -41.96675110 76.01959991
v -9.10798931 -1.52958918 76.00072479
v -9.24471951 0.03324422 75.99999237
v -9.10798931 1.59607768 75.99925995
v -13.64683247 -42.58478546 76.01988983
v -13.36275387 -43.14232254 76.02014923
v -12.92028999 -43.58478546 76.02035522
v -12.36275387 -43.86886215 76.02048492
v -11.74471951 -43.96675110 76.02053070
v -6.02980804 -6.86115503 76.00321198
v -7.13911963 -5.75184345 76.00269318
v 11.25528049 -43.96675110 76.02053070
v -0.24471968 -8.96675491 76.00419617
v -1.80755329 -8.83002472 76.00412750
v -3.32290101 -8.42398834 76.00394440
v 11.87331390 -43.86886215 76.02048492
v 13.25528049 -41.96675110 76.01959991
v 5.54036903 -6.86115503 76.00321198
v 4.25528049 -7.76098347 76.00363159
v 12.43085098 -43.58478546 76.02035522
v 12.87331390 -43.14232254 76.02014923
v 13.15739346 -42.58478546 76.01988983
v 8.61855030 -1.52958918 76.00072479
v 8.21251392 -3.04493666 76.00142670
v 7.54950905 -4.46675539 76.00209045
v -7.13911963 5.81833220 75.99729156
v -6.02980804 6.92764330 75.99677277
v -4.74471951 7.82747221 75.99635315
v -3.32290101 8.49047661 75.99604797
v -1.80755329 8.89651299 75.99585724
v 4.25528049 7.82747221 75.99635315
v 5.54036903 6.92764330 75.99677277
v 6.64968014 5.81833220 75.99729156
v 7.54950905 4.53324366 75.99789429
v 8.75528049 0.03324422 75.99999237
v 6.64968014 -5.75184345 76.00269318
v 2.83346152 -8.42398834 76.00394440
v 1.31811392 -8.83002472 76.00412750
v -4.74471951 -7.76098347 76.00363159
v -8.03894806 -4.46675539 76.00209045
v -8.70195293 -3.04493666 76.00142670
v 12.03173733 14.43055344 74.99327087
v 12.75528049 14.13085175 74.99340820
v 13.37660027 13.65409660 74.99363708
v 13.85335636 13.03277588 74.99392700
v 14.15305805 12.30923271 74.99426270
v 14.25528049 11.53277588 74.99462128
v -14.74471951 11.53277588 74.99462128
v -14.64249706 12.30923271 74.99426270
v -14.34279633 13.03277588 74.99392700
v -13.86604023 13.65409660 74.99363708
v -13.24471951 14.13085175 74.99340820
v -12.52117634 14.43055344 74.99327087
v -14.74471951 -41.96721649 75.01959991
v -11.74471951 -44.96721649 75.02100372
v -12.52117634 -44.86499405 75.02095032
v -13.24471951 -44.56529236 75.02081299
v -13.86604023 -44.08853912 75.02059174
v -14.34279633 -43.46721649 75.02030182
v -14.64249706 -42.74367523 75.01996613
v 11.25528049 -44.96721649 75.02100372
v 14.25528049 -41.96721649 75.01959991
v 14.15305805 -42.74367523 75.01996613
v 13.85335636 -43.46721649 75.02030182
v 13.37660027 -44.08853912 75.02059174
v 12.75528049 -44.56529236 75.02081299
v 12.03173733 -44.86499405 75.02095032
v 14.25528049 11.53044224 69.99462128
v 14.25528049 -41.96955109 70.01959991
v 14.25528049 -36.97048569 68.01726532
v 14.25528049 -36.97118759 66.51726532
v 14.25528049 -35.37165451 65.51651764
v 14.25528049 -42.97118759 66.52006531
v 14.25528049 -35.37636948 55.41651917
v 14.25528049 -36.47702026 54.01703644
v 14.25528049 -35.17702103 54.01642609
v 14.25528049 -42.98332214 40.52006912
v 14.25528049 -40.08358002 40.51871872
v 14.25528049 -39.88306808 40.51862335
v 14.25528049 -36.48332596 40.51703644
v 14.25528049 -35.17636871 55.41642761
v 14.25528049 -22.57165527 65.51054382
v 14.25528049 -20.97048759 68.00979614
v 14.25528049 -20.97118759 66.50979614
v 14.25528049 -14.97118950 66.50699615
v 14.25528049 -22.57637024 55.41054535
v 14.25528049 1.02880919 66.49952698
v 14.25528049 -21.47702408 54.01003265
v 14.25528049 -20.26673508 49.40946579
v 14.25528049 -21.47917175 49.41003418
v 14.25528049 -22.77637100 55.41064072
v 14.25528049 -22.77702332 54.01063919
v 14.25528049 -20.27089119 40.50946808
v 14.25528049 -18.08358383 40.50844574
v 14.25528049 -17.88306808 40.50835419
v 14.25528049 -14.00832653 40.50654221
v 14.25528049 -14.00949383 38.00654602
v 14.25528049 0.04050449 37.99998474
v 14.25528049 0.04167158 40.49998474
v 14.25528049 3.91641331 40.49817657
v 14.25528049 4.11692905 40.49808121
v 14.25528049 7.02880859 66.49672699
v 14.25528049 7.99167061 40.49627304
v 14.25528049 12.52950859 67.99415588
v 14.25528049 12.51550293 37.99415970
v 14.25528049 7.99050379 37.99627304
v 14.25528049 7.02950859 67.99672699
v 14.25528049 1.02950943 67.99952698
v 14.25528049 -14.97048855 68.00699615
v 11.25528049 -39.73775864 31.01855469
v 9.00528049 -41.98775864 31.01960564
v 9.11540318 -41.29246902 31.01927948
v 9.43499184 -40.66524124 31.01898766
v 9.93276310 -40.16746902 31.01875496
v 10.55999184 -39.84788132 31.01860619
v 9.00528049 -43.98775864 31.02053833
v 8.87130547 -41.98799133 30.51960564
v 8.87130547 -43.98799133 30.52053833
v 8.50528049 -41.98816299 30.15357971
v 8.50528049 -43.98816299 30.15451241
v 8.00528145 -41.98822403 30.01960564
v 8.00528049 -43.98822403 30.02053833
v 11.25528049 -39.60401917 30.51849174
v 10.63826275 -39.68524933 30.51852989
v 10.06329346 -39.92340851 30.51864052
v 9.56955624 -40.30226898 30.51881790
v 9.19069767 -40.79600525 30.51904869
v 8.95253754 -41.37097549 30.51931763
v 8.59898472 -41.27640915 30.15324783
v 8.87371063 -40.61316299 30.15293694
v 9.31073666 -40.04362106 30.15267181
v 9.88028049 -39.60659409 30.15246773
v 10.54352760 -39.33186722 30.15233994
v 10.41411877 -38.84896851 30.01813889
v 11.25528049 -39.23816299 30.15229607
v 11.25528049 -38.73822784 30.01808739
v 8.11602306 -41.14706421 30.01921272
v 8.44069958 -40.36322784 30.01884651
v 8.95718479 -39.69012833 30.01853180
v 9.63028145 -39.17364502 30.01829147
v 13.25528049 -39.60401917 30.51849174
v 13.25528049 -39.23816299 30.15229607
v 13.25528049 -38.73822784 30.01808739
v 14.12130547 -38.73799133 30.51808739
v 14.02979946 -39.14647675 30.53531456
v 13.66377354 -39.51250458 30.53548622
v 13.41377354 -39.26266861 30.18181610
v 13.77979946 -38.89664459 30.18164444
v 13.75528049 -38.73816299 30.15206146
v 14.12130547 -10.53799534 30.50492287
v 14.12130547 -1.13799667 30.50053406
v 14.12130547 8.26200199 30.49614716
v 13.75528049 8.26183128 30.13012123
v 13.75528049 -1.13816750 30.13451004
v 13.25528049 8.26176929 29.99614716
v 13.75528049 -10.53816605 30.13889694
v 13.75528049 -19.93816566 30.14328575
v 14.12130547 -19.93799400 30.50931168
v 14.12130547 -29.33799362 30.51369858
v 13.75528049 -29.33816528 30.14767456
v 13.25528049 9.12802792 30.49574280
v 13.25528049 9.26223564 30.99567986
v 13.66377354 9.03652954 30.51282120
v 13.75528049 9.12826061 30.99574280
v 14.12130547 8.76223564 30.99591255
v 14.02979946 8.67050362 30.51299286
v 13.77979946 8.42033863 30.15955544
v 13.41377354 8.78636456 30.15938568
v 13.25528049 8.76183128 30.12988663
v 14.15528011 8.69905949 32.99594116
v 14.21041393 8.55934334 32.99600601
v 14.24400043 8.41294575 32.99607468
v 11.25528049 9.26223564 30.99567986
v 11.25528049 9.12802792 30.49574280
v 11.25528049 8.76183128 30.12988853
v 11.25528049 8.26176929 29.99614716
v 9.37616825 10.04494095 30.49531364
v 9.48177052 10.12761974 30.99527550
v 9.75450802 9.65970135 30.49549294
v 9.97504520 9.66196632 30.99549294
v 10.20983791 9.36948395 30.49563026
v 10.58468628 9.36449146 30.99563217
v 10.71879864 9.18917561 30.49571419
v 10.63642979 8.83236790 30.12985420
v 10.04932499 9.04035950 30.12975693
v 9.52408600 9.37513638 30.12960052
v 9.08765602 9.81952381 30.12939453
v 8.69354248 9.51176929 29.99556351
v 9.20932388 8.98658371 29.99580765
v 9.83006096 8.59093857 29.99599266
v 10.52391148 8.34513092 29.99610710
v 9.29542828 10.40703583 31.00818253
v 9.15747929 10.69879246 31.04969597
v 9.04162121 11.10955334 31.15785408
v 9.00528049 11.51239967 31.32327271
v 8.87130547 11.67216778 30.84948540
v 8.93781185 11.36603451 30.86456871
v 8.96612358 11.12689590 30.78378296
v 9.01981926 10.88861561 30.72045135
v 9.09892845 10.65512848 30.67442894
v 8.87952042 10.60383606 30.33776855
v 8.93466759 10.47208118 30.32022858
v 8.62015057 10.34329224 30.09792519
v 8.69155884 10.19507313 30.08417320
v 8.22508335 10.46891785 30.05857086
v 8.44249058 9.94315434 30.00819778
v 8.75715446 10.07509995 30.07581520
v 8.82795143 9.95882797 30.07010269
v 9.05399513 10.23982620 30.29870224
v 9.11560631 10.13894939 30.29312325
v 9.25294590 10.34009457 30.63704491
v 9.30710316 10.25218391 30.63167572
v 9.36502838 10.16686630 30.62859726
v 9.18150234 10.04141808 30.28993416
v 8.90367222 9.84656239 30.06684494
v 9.14781189 10.54143143 30.65767670
v 8.99688911 10.34379005 30.30684853
v 9.20269871 10.43038464 30.64486504
v 8.06700993 11.10061646 30.17104530
v 8.45661354 10.81003571 30.16581154
v 8.55697060 10.49567509 30.11597824
v 8.00528049 11.83194542 30.37570572
v 8.36392021 11.45471096 30.32254028
v 8.39217281 11.13185120 30.23464012
v 8.73409176 11.15302563 30.45274353
v 8.79148579 10.87532234 30.38609123
v 8.50528049 11.78913403 30.50265312
v 8.70750332 11.43165588 30.53782082
v 9.00528049 14.51340199 33.49322891
v 9.00528049 13.66586113 32.57286072
v 8.95529556 14.51316833 32.99322891
v 8.87130547 13.99791622 32.19904327
v 8.84326077 14.51300526 32.64313507
v 8.64911556 14.51285553 32.32262039
v 8.50528049 14.24099731 31.92539215
v 8.36202621 14.51274490 32.08456802
v 8.00528049 14.51270199 31.99322891
v 8.00528049 13.70077610 31.32584381
v 8.50528049 13.08662987 31.09069633
v 8.00528049 12.80088711 30.78286552
v 9.00528049 12.65198326 31.83975029
v 8.87130547 12.90292740 31.40728378
v -9.44473553 14.51316833 32.99322891
v -9.33270073 14.51300526 32.64313507
v -9.13855457 14.51285553 32.32262039
v -8.85146523 14.51274490 32.08456802
v -8.49471951 14.51270199 31.99322891
v -14.74471951 11.53044224 69.99462128
v -14.64249706 12.30689907 69.99426270
v -14.34279633 13.03044224 69.99392700
v -13.86604023 13.65176201 69.99363708
v -13.24471951 14.12851810 69.99340820
v -12.52117729 14.42821884 69.99327087
v -14.74471951 8.26223564 30.99614716
v -14.74471951 -38.73775864 31.01808739
v -14.74471951 -41.96955109 70.01959991
v -14.74471951 7.02950859 67.99672699
v -14.74471951 12.52950859 67.99415588
v -14.74471951 7.02880859 66.49672699
v -14.74471951 7.99167061 40.49627304
v -14.74471951 -7.52982616 48.00352097
v -14.74471951 4.11692905 40.49808121
v -14.74471951 3.91641331 40.49817657
v -14.74471951 12.51550293 37.99415970
v -14.74471951 7.99050379 37.99627304
v -14.74471951 0.04167158 40.49998474
v -14.74471951 -7.53160048 44.20352173
v -14.74471951 -14.00832653 40.50654221
v -14.74471951 -13.43159962 44.20627594
v -14.74471951 -17.88306808 40.50835419
v -14.74471951 -18.08358383 40.50844574
v -14.74471951 0.04050449 37.99998474
v -14.74471951 -14.00949383 38.00654602
v -14.74471951 -20.27089119 40.50946808
v -14.74471951 -20.26673508 49.40946579
v -14.74471951 -13.42982578 48.00627518
v -14.74471951 -21.47702408 54.01003265
v -14.74471951 1.02880919 66.49952698
v -14.74471951 -21.47917175 49.41003418
v -14.74471951 -22.57637024 55.41054535
v -14.74471951 -22.77702332 54.01063919
v -14.74471951 -22.77637100 55.41064072
v -14.74471951 -14.97118950 66.50699615
v -14.74471951 -22.57165527 65.51054382
v -14.74471951 -20.97118759 66.50979614
v -14.74471951 -20.97048759 68.00979614
v -14.74471951 -35.37165451 65.51651764
v -14.74471951 -36.97048569 68.01726532
v -14.74471951 -36.97118759 66.51726532
v -14.74471951 -42.97118759 66.52006531
v -14.74471951 -35.37636948 55.41651917
v -14.74471951 -36.47702026 54.01703644
v -14.74471951 -35.17702103 54.01642609
v -14.74471951 -35.17636871 55.41642761
v -14.74471951 -36.48332596 40.51703644
v -14.74471951 -39.88306808 40.51862335
v -14.74471951 -40.08358002 40.51871872
v -14.74471951 -42.98332214 40.52006912
v -14.74471951 -14.97048855 68.00699615
v -14.74471951 1.02950943 67.99952698
v -13.74471951 9.26223564 30.99567986
v -14.24471951 9.12826061 30.99574280
v -14.61074543 8.76223564 30.99591255
v -11.74471951 9.26223564 30.99567986
v -11.74471951 9.12802792 30.49574280
v -13.74471951 9.12802792 30.49574280
v -11.74471951 8.76183128 30.12988853
v -13.74471951 8.76183128 30.12988663
v -11.74471951 8.26176929 29.99614716
v -13.74471951 8.26176929 29.99614716
v -14.61074543 8.26200199 30.49614716
v -14.51923847 8.67050362 30.51299286
v -14.15321350 9.03652954 30.51282120
v -13.90321350 8.78636456 30.15938568
v -14.26923847 8.42033863 30.15955544
v -14.24471951 8.26183128 30.13012123
v -14.61074543 -19.93799400 30.50931168
v -14.61074543 -29.33799362 30.51369858
v -14.61074543 -38.73799133 30.51808739
v -14.24471951 -38.73816299 30.15206146
v -14.24471951 -29.33816528 30.14767456
v -13.74471951 -38.73822784 30.01808739
v -14.24471951 -19.93816566 30.14328575
v -14.24471951 -10.53816605 30.13889694
v -14.61074543 -10.53799534 30.50492287
v -14.61074543 -1.13799667 30.50053406
v -14.24471951 -1.13816750 30.13451004
v -13.74471951 -39.60401917 30.51849174
v -13.74471951 -39.73775864 31.01855469
v -14.15321350 -39.51250458 30.53548622
v -14.24471951 -39.60378265 31.01849174
v -14.61074543 -39.23775864 31.01832008
v -14.51923847 -39.14647675 30.53531456
v -14.26923847 -38.89664459 30.18164444
v -13.90321350 -39.26266861 30.18181610
v -13.74471951 -39.23816299 30.15229607
v -11.74471951 -39.73775864 31.01855469
v -11.04943180 -39.84788132 31.01860619
v -10.42220306 -40.16746902 31.01875496
v -9.92443180 -40.66524124 31.01898766
v -9.60484219 -41.29246902 31.01927948
v -9.49471951 -41.98775864 31.01960564
v -16.99136353 5.24595022 35.99755478
v -17.24431610 5.33189011 38.49751663
v -17.84512329 5.33189011 38.49751663
v -18.38643074 5.07120991 38.49763489
v -18.76102829 4.60148048 38.49785614
v -18.89472008 4.01573753 38.49813080
v -18.76102829 3.42999458 38.49840164
v -18.38643074 2.96026516 38.49862289
v -17.84512329 2.69958496 38.49874496
v -17.24431610 2.69958496 38.49874496
v -16.99136353 2.78319073 35.99870300
v -16.70300865 2.96026516 38.49862289
v -16.50274277 3.15620875 35.99853134
v -16.32841110 3.42999458 38.49840164
v -16.23017502 3.70720601 35.99827194
v -16.19471931 4.01573753 38.49813080
v -16.23017502 4.32193470 35.99798584
v -16.32841110 4.60148048 38.49785614
v -16.50274277 4.87293196 35.99773026
v -16.70300865 5.07120991 38.49763489
v -16.11577797 1.54073775 38.49928665
v -20.34471893 1.54073775 38.49928665
v -14.68683624 4.01573753 38.49813080
v -16.11577797 6.49073744 38.49697495
v -20.34471893 6.49073744 38.49697495
v -16.11577797 -20.45925903 38.50955582
v -17.84512329 -19.30041313 38.50901413
v -20.34471893 -20.45925903 38.50955582
v -18.38643074 -19.03973198 38.50889206
v -18.76102829 -18.57000351 38.50867462
v -14.68683624 -17.98426056 38.50839996
v -16.32841110 -18.57000351 38.50867462
v -16.70300865 -19.03973198 38.50889206
v -17.24431610 -19.30041313 38.50901413
v -16.11577797 -15.50926018 38.50724411
v -16.32841110 -17.39851761 38.50812531
v -16.19471931 -17.98426056 38.50839996
v -20.34471893 -15.50926018 38.50724411
v -17.84512329 -16.66810799 38.50778580
v -17.24431610 -16.66810799 38.50778580
v -16.70300865 -16.92878723 38.50790787
v -18.89472008 -17.98426056 38.50839996
v -18.76102829 -17.39851761 38.50812531
v -18.38643074 -16.92878723 38.50790787
v -8.76972008 -46.35531616 38.52164459
v -9.89472008 -47.78425598 38.52231216
v -8.76972008 -50.58425522 38.52361679
v -10.02841187 -48.36999893 38.52258682
v -10.40300846 -48.83972931 38.52280426
v -11.24471951 -44.92637253 38.52097702
v -10.40300846 -46.72878265 38.52182007
v -10.02841187 -47.19851303 38.52203751
v -13.71971989 -46.35531616 38.52164459
v -12.08643055 -46.72878265 38.52182007
v -11.54512310 -46.46810532 38.52169800
v -10.94431686 -46.46810532 38.52169800
v -13.71971989 -50.58425522 38.52361679
v -12.59471989 -47.78425598 38.52231216
v -12.46102810 -47.19851303 38.52203751
v -11.54512310 -49.10041046 38.52292633
v -12.08643055 -48.83972931 38.52280426
v -12.46102810 -48.36999893 38.52258682
v -10.94431686 -49.10041046 38.52292633
v 15.62633801 6.49073744 38.49697495
v 17.35568428 5.33189011 38.49751663
v 19.85527992 6.49073744 38.49697495
v 17.89699173 5.07120991 38.49763489
v 18.27158737 4.60148048 38.49785614
v 14.19739628 4.01573753 38.49813080
v 15.83897209 4.60148048 38.49785614
v 16.21356964 5.07120991 38.49763489
v 16.75487709 5.33189011 38.49751663
v 15.62633801 1.54073775 38.49928665
v 15.83897209 3.42999458 38.49840164
v 15.70528030 4.01573753 38.49813080
v 19.85527992 1.54073775 38.49928665
v 17.35568428 2.69958496 38.49874496
v 16.75487709 2.69958496 38.49874496
v 16.21356964 2.96026516 38.49862289
v 18.40528107 4.01573753 38.49813080
v 18.27158737 3.42999458 38.49840164
v 17.89699173 2.96026516 38.49862289
v 15.62633801 -15.50926018 38.50724411
v 17.35568428 -16.66810799 38.50778580
v 19.85527992 -15.50926018 38.50724411
v 17.89699173 -16.92878723 38.50790787
v 18.27158737 -17.39851761 38.50812531
v 14.19739628 -17.98426056 38.50839996
v 15.83897209 -17.39851761 38.50812531
v 16.21356964 -16.92878723 38.50790787
v 16.75487709 -16.66810799 38.50778580
v 15.62633801 -20.45925903 38.50955582
v 15.83897209 -18.57000351 38.50867462
v 15.70528030 -17.98426056 38.50839996
v 19.85527992 -20.45925903 38.50955582
v 17.35568428 -19.30041313 38.50901413
v 16.75487709 -19.30041313 38.50901413
v 16.21356964 -19.03973198 38.50889206
v 18.40528107 -17.98426056 38.50839996
v 18.27158737 -18.57000351 38.50867462
v 17.89699173 -19.03973198 38.50889206
v 13.23027992 -46.35531616 38.52164459
v 12.10527992 -47.78425598 38.52231216
v 13.23027992 -50.58425522 38.52361679
v 11.97158813 -48.36999893 38.52258682
v 11.59699154 -48.83972931 38.52280426
v 10.75528049 -44.92637253 38.52097702
v 11.59699154 -46.72878265 38.52182007
v 11.97158813 -47.19851303 38.52203751
v 8.28028011 -46.35531616 38.52164459
v 9.91356945 -46.72878265 38.52182007
v 10.45487690 -46.46810532 38.52169800
v 11.05568314 -46.46810532 38.52169800
v 8.28028011 -50.58425522 38.52361679
v 9.40528011 -47.78425598 38.52231216
v 9.53897190 -47.19851303 38.52203751
v 10.45487690 -49.10041046 38.52292633
v 9.91356945 -48.83972931 38.52280426
v 9.53897190 -48.36999893 38.52258682
v 11.05568314 -49.10041046 38.52292633
v -16.11577797 -42.45925903 38.51982498
v -17.84512329 -41.30041122 38.51928329
v -20.34471893 -42.45925903 38.51982498
v -18.38643074 -41.03973007 38.51916122
v -18.76102829 -40.56999969 38.51894379
v -14.68683624 -39.98425674 38.51866913
v -16.32841110 -40.56999969 38.51894379
v -16.70300865 -41.03973007 38.51916122
v -17.24431610 -41.30041122 38.51928329
v -16.11577797 -37.50925827 38.51751328
v -16.32841110 -39.39851379 38.51839828
v -16.19471931 -39.98425674 38.51866913
v -20.34471893 -37.50925827 38.51751328
v -17.84512329 -38.66810608 38.51805496
v -17.24431610 -38.66810608 38.51805496
v -16.70300865 -38.92878723 38.51817703
v -18.89472008 -39.98425674 38.51866913
v -18.76102829 -39.39851379 38.51839828
v -18.38643074 -38.92878723 38.51817703
v 15.62633801 -37.50925827 38.51751328
v 17.35568428 -38.66810608 38.51805496
v 19.85527992 -37.50925827 38.51751328
v 17.89699173 -38.92878723 38.51817703
v 18.27158737 -39.39851379 38.51839828
v 14.19739628 -39.98425674 38.51866913
v 15.83897209 -39.39851379 38.51839828
v 16.21356964 -38.92878723 38.51817703
v 16.75487709 -38.66810608 38.51805496
v 15.62633801 -42.45925903 38.51982498
v 15.83897209 -40.56999969 38.51894379
v 15.70528030 -39.98425674 38.51866913
v 19.85527992 -42.45925903 38.51982498
v 17.35568428 -41.30041122 38.51928329
v 16.75487709 -41.30041122 38.51928329
v 16.21356964 -41.03973007 38.51916122
v 18.40528107 -39.98425674 38.51866913
v 18.27158737 -40.56999969 38.51894379
v 17.89699173 -41.03973007 38.51916122
v -16.99136353 -16.75404739 36.00782394
v -16.99136353 -19.21680641 36.00897598
v -16.50274277 -18.84378815 36.00880051
v -16.23017502 -18.29279137 36.00854492
v -16.23017502 -17.67806244 36.00825500
v -16.50274277 -17.12706566 36.00799942
v 17.60863686 5.24595022 35.99755478
v 17.60863686 2.78319073 35.99870300
v 18.09725761 3.15620875 35.99853134
v 18.36982536 3.70720601 35.99827194
v 18.36982536 4.32193470 35.99798584
v 18.09725761 4.87293196 35.99773026
v 17.60863686 -16.75404739 36.00782394
v 17.60863686 -19.21680641 36.00897598
v 18.09725761 -18.84378815 36.00880051
v 18.36982536 -18.29279137 36.00854492
v 18.36982536 -17.67806244 36.00825500
v 18.09725761 -17.12706566 36.00799942
v 11.20178604 -46.51140213 36.02171707
v 11.20178604 -49.05944443 36.02290726
v 11.67383862 -48.77474213 36.02277374
v 11.99272823 -48.32507324 36.02256393
v 12.10527992 -47.78542328 36.02231216
v 11.99272823 -47.24577332 36.02206039
v 11.67383862 -46.79610443 36.02185059
v -20.34471893 1.54167140 40.49928284
v -16.11577797 1.54167140 40.49928284
v -20.34471893 0.04167158 40.49998474
v -16.11577797 6.49167109 40.49697495
v -20.34471893 7.99167061 40.49627304
v -20.34471893 6.49167109 40.49697495
v -16.11577797 -15.50832653 40.50724411
v -20.34471893 -14.00832653 40.50654221
v -20.34471893 -15.50832653 40.50724411
v -8.76972008 -50.58332443 40.52361679
v -7.26971960 -50.58332443 40.52361679
v -8.76972008 -46.35438156 40.52164459
v -7.26971960 -44.98332214 40.52100372
v -11.14446163 -44.98332214 40.52100372
v 19.85527992 6.49167109 40.49697495
v 19.85527992 7.99167061 40.49627304
v 15.62633801 6.49167109 40.49697495
v 15.62633801 1.54167140 40.49928284
v 19.85527992 0.04167158 40.49998474
v 19.85527992 1.54167140 40.49928284
v 19.85527992 -15.50832653 40.50724411
v 19.85527992 -14.00832653 40.50654221
v 15.62633801 -15.50832653 40.50724411
v 10.65502262 -44.98332214 40.52100372
v 6.78028011 -44.98332214 40.52100372
v 8.28028011 -46.35438156 40.52164459
v 6.78028011 -50.58332443 40.52361679
v 8.28028011 -50.58332443 40.52361679
v 19.35527992 -36.00832367 40.51681519
v 19.35527992 -36.48332596 40.51703644
v 19.85527992 -36.00832367 40.51681519
v 19.85527992 -37.50832367 40.51751328
v 15.62633801 -37.50832367 40.51751328
v -16.11577797 -37.50832367 40.51751328
v -19.84471893 -36.48332596 40.51703644
v -20.34471893 -37.50832367 40.51751328
v -20.34471893 -36.00832367 40.51681519
v -19.84471893 -36.00832367 40.51681519
v 15.62633801 -20.45832634 40.50955582
v 14.95528030 -21.48332596 40.51003265
v 19.35527992 -21.48332596 40.51003265
v 19.35527992 -21.95832634 40.51025391
v 19.85527992 -21.95832634 40.51025391
v 19.85527992 -20.45832634 40.50955582
v -19.84471893 -21.48332596 40.51003265
v -15.44471931 -21.48332596 40.51003265
v -16.11577797 -20.45832634 40.50955582
v -20.34471893 -20.45832634 40.50955582
v -20.34471893 -21.95832634 40.51025391
v -19.84471893 -21.95832634 40.51025391
v -16.11577797 -42.45832443 40.51982498
v -15.21971989 -43.95832443 40.52052689
v -14.64683247 -43.60135651 40.52035904
v -14.36275387 -44.15889359 40.52061844
v -13.71971989 -46.35438156 40.52164459
v -13.92028999 -44.60135651 40.52082443
v -13.36275387 -44.88543701 40.52095795
v -12.74471951 -44.98332214 40.52100372
v -11.34497738 -44.98332214 40.52100372
v -20.34471893 -42.45832443 40.51982498
v -20.34471893 -43.95832443 40.52052689
v -15.21971989 -50.58332443 40.52361679
v -13.71971989 -50.58332443 40.52361679
v 10.85553837 -44.98332214 40.52100372
v 13.23027992 -46.35438156 40.52164459
v 12.25528049 -44.98332214 40.52100372
v 12.87331390 -44.88543701 40.52095795
v 13.43085098 -44.60135651 40.52082443
v 13.87331390 -44.15889359 40.52061844
v 14.73027992 -43.95832443 40.52052689
v 14.15739346 -43.60135651 40.52035904
v 15.62633801 -42.45832443 40.51982498
v 13.23027992 -50.58332443 40.52361679
v 14.73027992 -50.58332443 40.52361679
v 19.85527992 -43.95832443 40.52052689
v 19.85527992 -42.45832443 40.51982498
v -14.68683624 4.01667118 40.49813080
v -14.68683624 -39.98332596 40.51866913
v -14.68683624 -17.98332596 40.50839996
v -11.24471951 -44.92543793 40.52097702
v 10.75528049 -44.92543793 40.52097702
v 14.19739628 -39.98332596 40.51866913
v 14.19739628 -17.98332596 40.50839996
v 14.19739628 4.01667118 40.49813080
v -20.34471893 0.04050449 37.99998474
v -20.34471893 7.99050379 37.99627304
v -20.34471893 8.51550388 37.99602890
v -20.34471893 8.51457024 35.99602890
v -20.34471893 -44.58542252 36.02081680
v -20.34471893 -21.95949364 38.01025391
v -20.34471893 -14.00949383 38.00654602
v -20.34471893 -44.58449173 38.02081680
v -20.34471893 -43.95949173 38.02052689
v -20.34471893 -36.00949097 38.01681519
v 19.85527992 0.04050449 37.99998474
v 19.85527992 -14.00949383 38.00654602
v 6.78028011 -44.98448944 38.02100372
v -7.26971960 -44.98448944 38.02100372
v 6.78028011 -50.58449173 38.02362061
v -7.26971960 -50.58449173 38.02362061
v 14.73027992 -50.58449173 38.02362061
v 14.75528049 -50.58449173 38.02362061
v 14.73027992 -43.95949173 38.02052689
v 19.85527992 -44.58449173 38.02081680
v 19.85527992 -43.95949173 38.02052689
v -15.21971989 -43.95949173 38.02052689
v -15.24471951 -50.58449173 38.02362061
v -15.21971989 -50.58449173 38.02362061
v 19.35527992 -36.00949097 38.01681519
v 19.85527992 -36.00949097 38.01681519
v 19.35527992 -21.95949364 38.01025391
v 19.85527992 -21.95949364 38.01025391
v -19.84471893 -21.95949364 38.01025391
v -19.84471893 -36.00949097 38.01681519
v 19.85527992 8.51550388 37.99602890
v 14.15739346 13.13353729 37.99387360
v 13.87331390 13.69107342 37.99361420
v 13.43085098 14.13353729 37.99340439
v 12.87331390 14.41761589 37.99327469
v 19.85527992 7.99050379 37.99627304
v -13.36275387 14.41761589 37.99327469
v -13.92028999 14.13353729 37.99340439
v -14.36275387 13.69107342 37.99361420
v -14.64683247 13.13353729 37.99387360
v 19.85527992 8.51457024 35.99602890
v 19.85527992 -44.58542252 36.02081680
v 14.75528049 -50.58542252 36.02362061
v -15.24471951 -50.58542252 36.02362061
v 11.25528049 -44.96955109 70.02100372
v -11.74471951 -44.96955109 70.02100372
v 7.75528049 -44.97048569 68.02100372
v -8.24471951 -44.97048569 68.02100372
v 7.75528049 -44.97118759 66.52100372
v -8.24471951 -44.97118759 66.52100372
v -12.74471951 -44.97118759 66.52100372
v 12.25528049 -44.97118759 66.52100372
v -9.49471951 -43.98775864 31.02053833
v -9.36074543 -44.48775864 31.02077103
v -8.99471951 -44.85378265 31.02094269
v -9.36074543 -41.98799133 30.51960564
v -9.36074543 -43.98799133 30.52053833
v -8.99472046 -41.98816299 30.15357971
v -8.99471951 -43.98816299 30.15451241
v -8.49472046 -41.98822403 30.01960564
v -8.49471951 -43.98822403 30.02053833
v -8.49471951 -44.85401917 30.52094269
v -8.90321350 -44.76250458 30.53793716
v -9.26923847 -44.39647675 30.53776550
v -9.01923847 -44.14664459 30.18409538
v -8.65321350 -44.51266861 30.18426704
v -8.49471951 -44.48816299 30.15474701
v 8.00528049 -44.85401917 30.52094269
v -0.24471968 -44.85401917 30.52094269
v -0.24471968 -44.48816299 30.15474701
v 8.00528049 -44.48816299 30.15474701
v 8.77979946 -44.39647675 30.53776550
v 8.87130547 -44.48775864 31.02077103
v 8.50528049 -44.85378265 31.02094269
v 8.41377354 -44.76250458 30.53793716
v 8.16377354 -44.51266861 30.18426704
v 8.52979946 -44.14664459 30.18409538
v 6.84278631 2.46477938 29.99885178
v 6.25047064 3.76176929 29.99824715
v 5.42340231 4.92322493 29.99770546
v 7.17894125 1.07913101 29.99950027
v 7.24678516 -0.34509450 30.00016403
v 7.04386711 -1.75642204 30.00082397
v 6.57752037 -3.10384250 30.00145149
v 5.86460018 -4.33865643 30.00202942
v 4.93087292 -5.41623497 30.00253105
v 3.81008649 -6.29763079 30.00294304
v 2.54274869 -6.95098877 30.00324821
v 1.17466462 -7.35269451 30.00343513
v -0.24471968 -7.48822927 30.00349998
v -8.60546207 -41.14706421 30.01921272
v -8.93013859 -40.36322784 30.01884651
v -1.66410398 -7.35269451 30.00343513
v -3.03218818 -6.95098877 30.00324821
v -9.44662380 -39.69012833 30.01853180
v -4.29952574 -6.29763079 30.00294304
v -10.11972046 -39.17364502 30.01829147
v -5.42031240 -5.41623497 30.00253105
v -10.90355778 -38.84896851 30.01813889
v -6.35403919 -4.33865643 30.00202942
v -11.74471951 -38.73822784 30.01808739
v -7.53330660 -1.75642204 30.00082397
v -7.06695986 -3.10384250 30.00145149
v -7.73622465 -0.34509450 30.00016403
v -7.66838026 1.07913101 29.99950027
v -11.01335049 8.34513092 29.99610710
v -10.31950092 8.59093857 29.99599266
v -7.33222580 2.46477938 29.99885178
v -9.69876289 8.98658371 29.99580765
v -9.18298244 9.51176929 29.99556351
v -0.95763999 7.47780848 29.99651146
v -2.35771394 7.20796633 29.99663925
v -3.68141866 6.67803478 29.99688530
v 4.39147282 5.90716743 29.99724579
v 3.19197917 6.67803478 29.99688530
v 1.86827445 7.20796633 29.99663925
v 0.46820065 7.47780848 29.99651146
v -4.88091230 5.90716743 29.99724579
v -5.91284132 4.92322493 29.99770546
v -6.73991013 3.76176929 29.99824715
v 1.17466462 -7.35222769 31.00343513
v -0.24471968 -7.48776245 31.00349808
v -1.66410398 -7.35222769 31.00343513
v -3.03218818 -6.95052195 31.00324821
v -4.29952574 -6.29716396 31.00294304
v -5.42031240 -5.41576815 31.00253105
v -6.35403919 -4.33818960 31.00202942
v -7.06695986 -3.10337567 31.00145149
v -7.53330660 -1.75595522 31.00082397
v -7.73622465 -0.34462768 31.00016403
v -7.66838026 1.07959783 30.99950027
v -7.33222580 2.46524620 30.99885178
v -6.73991013 3.76223636 30.99824715
v -5.91284132 4.92369175 30.99770546
v -4.88091230 5.90763426 30.99724579
v -3.68141866 6.67850161 30.99688530
v -2.35771394 7.20843315 30.99663734
v -0.95763999 7.47827530 30.99651146
v 0.46820065 7.47827530 30.99651146
v 1.86827445 7.20843315 30.99663734
v 3.19197917 6.67850161 30.99688530
v 4.39147282 5.90763426 30.99724579
v 5.42340231 4.92369175 30.99770546
v 6.25047064 3.76223636 30.99824715
v 6.84278631 2.46524620 30.99885178
v 7.17894125 1.07959783 30.99950027
v 7.24678516 -0.34462768 31.00016403
v 7.04386711 -1.75595522 31.00082397
v 6.57752037 -3.10337567 31.00145149
v 5.86460018 -4.33818960 31.00202942
v 4.93087292 -5.41576815 31.00253105
v 3.81008649 -6.29716396 31.00294304
v 2.54274869 -6.95052195 31.00324821
v -0.24471968 -4.98776293 31.00233269
v -1.39779902 -4.85298729 31.00226974
v -2.48871565 -4.45592594 31.00208282
v -3.45865774 -3.81798506 31.00178528
v -4.25533581 -2.97355604 31.00139236
v -4.83580017 -1.96816194 31.00092125
v -5.16875839 -0.85600412 31.00040245
v -5.23626041 0.30296075 30.99986267
v -5.03466702 1.44625270 30.99932861
v -4.57484674 2.51223636 30.99883080
v -3.88158798 3.44344449 30.99839592
v -2.99226451 4.18967533 30.99804688
v -1.95482039 4.71069908 30.99780464
v -0.82518423 4.97842789 30.99767876
v 0.33574489 4.97842789 30.99767876
v 1.46538103 4.71069908 30.99780464
v 2.50282526 4.18967533 30.99804688
v 3.39214849 3.44344449 30.99839592
v 4.08540726 2.51223636 30.99883080
v 4.54522800 1.44625270 30.99932861
v 4.74682093 0.30296075 30.99986267
v 4.67931890 -0.85600412 31.00040245
v 4.34636068 -1.96816194 31.00092125
v 3.76589632 -2.97355604 31.00139236
v 2.96921825 -3.81798506 31.00178528
v 1.99927616 -4.45592594 31.00208282
v 0.90835965 -4.85298729 31.00226974
v 0.90835965 -4.85312700 30.70226860
v -0.24471968 -4.98790264 30.70233154
v -1.39779902 -4.85312700 30.70226860
v -2.48871565 -4.45606613 30.70208359
v -3.45865774 -3.81812525 30.70178604
v -4.25533581 -2.97369599 30.70139122
v -4.83580017 -1.96830201 30.70092201
v -5.16875839 -0.85614419 30.70040321
v -5.23626041 0.30282071 30.69986153
v -5.03466702 1.44611263 30.69932747
v -4.57484674 2.51209641 30.69883156
v -3.88158798 3.44330430 30.69839668
v -2.99226451 4.18953514 30.69804764
v -1.95482039 4.71055937 30.69780350
v -0.82518423 4.97828770 30.69767952
v 0.33574489 4.97828770 30.69767952
v 1.46538103 4.71055937 30.69780350
v 2.50282526 4.18953514 30.69804764
v 3.39214849 3.44330430 30.69839668
v 4.08540726 2.51209641 30.69883156
v 4.54522800 1.44611263 30.69932747
v 4.74682093 0.30282071 30.69986153
v 4.67931890 -0.85614419 30.70040321
v 4.34636068 -1.96830201 30.70092201
v 3.76589632 -2.97369599 30.70139122
v 2.96921825 -3.81812525 30.70178604
v 1.99927616 -4.45606613 30.70208359
v -0.24471968 -3.98790288 30.70186424
v -1.27999592 -3.85160637 30.70180130
v -2.24471974 -3.45200467 30.70161438
v -3.07314682 -2.81633019 30.70131874
v -3.70882130 -1.98790324 30.70093155
v -4.10842276 -1.02317941 30.70048141
v -4.24471951 0.01209660 30.69999695
v -4.10842276 1.04737270 30.69951439
v -3.70882130 2.01209641 30.69906425
v -3.07314682 2.84052348 30.69867706
v -2.24471974 3.47619772 30.69838142
v -1.27999592 3.87579942 30.69819450
v -0.24471968 4.01209593 30.69812965
v 0.79055649 3.87579942 30.69819450
v 1.75528038 3.47619772 30.69838142
v 2.58370733 2.84052348 30.69867706
v 3.21938205 2.01209641 30.69906425
v 3.61898351 1.04737270 30.69951439
v 3.75528026 0.01209660 30.69999695
v 3.61898351 -1.02317941 30.70048141
v 3.21938205 -1.98790324 30.70093155
v 2.58370733 -2.81633019 30.70131874
v 1.75528038 -3.45200467 30.70161438
v 0.79055649 -3.85160637 30.70180130
v 0.79055649 3.87477255 28.49819374
v -0.24471968 4.01106930 28.49813080
v -1.27999592 3.87477255 28.49819374
v -2.24471974 3.47517085 28.49838066
v -3.07314682 2.83949637 28.49867821
v -3.70882130 2.01106930 28.49906349
v -4.10842276 1.04634559 28.49951553
v -4.24471951 0.01106956 28.49999809
v -4.10842276 -1.02420652 28.50048065
v -3.70882130 -1.98893023 28.50093079
v -3.07314682 -2.81735730 28.50131798
v -2.24471974 -3.45303178 28.50161552
v -1.27999592 -3.85263324 28.50180244
v -0.24471968 -3.98892999 28.50186539
v 0.79055649 -3.85263324 28.50180244
v 1.75528038 -3.45303178 28.50161552
v 2.58370733 -2.81735730 28.50131798
v 3.21938205 -1.98893023 28.50093079
v 3.61898351 -1.02420652 28.50048065
v 3.75528026 0.01106956 28.49999809
v 3.61898351 1.04634559 28.49951553
v 3.21938205 2.01106930 28.49906349
v 2.58370733 2.83949637 28.49867821
v 1.75528038 3.47517085 28.49838066
v 0.08793902 1.57610559 28.49926758
v -0.57737839 1.57610559 28.49926758
v -1.18517613 1.30549657 28.49939346
v -1.63036036 0.81106949 28.49962425
v -1.83595467 0.17831509 28.49991989
v -1.76641011 -0.48335758 28.50022888
v -1.43375146 -1.05953932 28.50049782
v -0.89549834 -1.45060301 28.50068092
v -0.24471968 -1.58893025 28.50074577
v 0.40605894 -1.45060301 28.50068092
v 0.94431204 -1.05953932 28.50049782
v 1.27697074 -0.48335758 28.50022888
v 1.34651530 0.17831509 28.49991989
v 1.14092100 0.81106949 28.49962425
v 0.69573671 1.30549657 28.49939346
v 0.40605894 -1.44957602 30.70067978
v -0.24471968 -1.58790326 30.70074463
v -0.89549834 -1.44957602 30.70067978
v -1.43375146 -1.05851221 30.70049667
v -1.76641011 -0.48233053 30.70022774
v -1.83595467 0.17934212 30.69991875
v -1.63036036 0.81209654 30.69962502
v -1.18517613 1.30652368 30.69939423
v -0.57737839 1.57713258 30.69926643
v 0.08793902 1.57713258 30.69926643
v 0.69573671 1.30652368 30.69939423
v 1.14092100 0.81209654 30.69962502
v 1.34651530 0.17934212 30.69991875
v 1.27697074 -0.48233053 30.70022774
v 0.94431204 -1.05851221 30.70049667
v -8.49471951 13.70077419 31.32584381
v -8.49471951 12.80088425 30.78286362
v -8.49471951 11.83193874 30.37571144
v -8.55673122 11.09896946 30.17067719
v -8.71517467 10.46696854 30.05831337
v -8.93254948 9.94191265 30.00812340
v -9.36074543 13.99791622 32.19904327
v -9.49471951 13.66586113 32.57286072
v -9.49471951 14.51340199 33.49322891
v -8.99471951 14.24099731 31.92539215
v -9.36074543 12.90292740 31.40728378
v -8.99471951 13.08662891 31.09069633
v -8.99471951 11.78913116 30.50266457
v -9.36074829 11.67217350 30.84949303
v -9.49471951 12.65198421 31.83975220
v -9.49473000 11.51240063 31.32327271
v -9.54446507 11.04179287 31.13591385
v -9.64737415 10.69761848 31.04947090
v -9.81020164 10.36326694 31.00443268
v -9.97120857 10.12761974 30.99527550
v -10.46448421 9.66196632 30.99549294
v -11.07412529 9.36449242 30.99563217
v -11.20823765 9.18917561 30.49571419
v -10.69927788 9.36948395 30.49563026
v -10.24394798 9.65970135 30.49549484
v -9.86560631 10.04494095 30.49531364
v -9.57709599 9.81952381 30.12939453
v -10.01352596 9.37513638 30.12960052
v -10.53876495 9.04035950 30.12975693
v -11.12586880 8.83236790 30.12985420
v -9.82334995 10.21168518 30.62994957
v -9.60698986 10.60983086 30.66731262
v -9.52898502 10.82220745 30.70576477
v -9.47220516 11.03956509 30.75861359
v -9.44593430 11.18809414 30.80278397
v -9.21382904 11.22436523 30.47275543
v -9.19858360 11.39736271 30.52633095
v -8.85491848 11.41498470 30.31066895
v -8.85202503 11.51466751 30.34103584
v -8.66510201 11.51305485 30.28943825
v -8.66556549 11.61843586 30.32180214
v -8.85250378 11.61374664 30.37315559
v -9.19494915 11.56899166 30.58682442
v -9.19533157 11.48342228 30.55572510
v -9.42472458 11.41052055 30.88157272
v -9.42939568 11.33657742 30.85365677
v -9.42241573 11.48411942 30.91111755
v -8.66822147 11.40703297 30.25884056
v -8.68537998 11.19383526 30.20306206
v -8.71729755 10.98040962 30.15464592
v -8.90092087 11.01385880 30.20726585
v -8.97073078 10.72047615 30.14988327
v -9.30265427 10.79800987 30.37065506
v -9.38992596 10.55130005 30.33031273
v -8.79163170 10.66837597 30.09683418
v -8.89772320 10.36462688 30.05496216
v -9.19780540 9.80143166 30.01468849
v -9.63554478 10.09260368 30.29133415
v -9.35243797 9.90546227 30.06827354
v -9.07041359 10.43489647 30.10830307
v -9.24089241 11.05121708 30.42624092
v -8.87097740 11.21452904 30.25531578
v -11.74471951 -39.60401917 30.51849174
v -11.74471951 -39.23816299 30.15229607
v -9.44197750 -41.37097549 30.51931763
v -9.68013763 -40.79600525 30.51904869
v -10.05899525 -40.30226898 30.51881790
v -10.55273247 -39.92340851 30.51864052
v -11.12770176 -39.68524933 30.51852989
v -11.03296757 -39.33186722 30.15233994
v -10.36971951 -39.60659409 30.15246773
v -9.80017662 -40.04362106 30.15267181
v -9.36315060 -40.61316299 30.15293694
v -9.08842373 -41.27640915 30.15324783
v 14.15305805 -42.74600983 70.01996613
v 13.85335636 -43.46955109 70.02030182
v 13.37660027 -44.09087372 70.02059174
v 12.75528049 -44.56762695 70.02081299
v 12.03173733 -44.86732864 70.02095032
v -20.34471893 8.53044224 69.99602509
v -17.84512329 5.34659529 69.99751282
v -18.38643074 5.08591509 69.99763489
v -18.76102829 4.61618567 69.99785614
v -18.89472008 4.03044271 69.99812317
v -18.76102829 3.44469976 69.99839783
v -18.76102829 -17.38381195 70.00812531
v -18.38643074 2.97497034 69.99861908
v -18.38643074 -16.91408157 70.00790405
v -17.84512329 2.71429014 69.99874115
v -17.84512329 -16.65340233 70.00778198
v -17.24431610 -16.65340233 70.00778198
v -18.89472008 -17.96955490 70.00839996
v -20.34471893 -44.56955338 70.02081299
v -18.76102829 -18.55529785 70.00866699
v -18.76102829 -39.38380814 70.01839447
v -18.38643074 -19.02502632 70.00888824
v -18.38643074 -38.91408157 70.01817322
v -17.84512329 -19.28570747 70.00901031
v -17.84512329 -38.65340042 70.01805115
v -17.24431610 -38.65340042 70.01805115
v -15.24471951 -50.56954956 70.02361298
v -17.24431610 -41.28570557 70.01927948
v -17.84512329 -41.28570557 70.01927948
v -18.38643074 -41.02502441 70.01915741
v 14.75528049 -50.56954956 70.02361298
v -10.94431686 -49.08570480 70.02292633
v -11.54512310 -49.08570480 70.02292633
v -12.08643055 -48.82502365 70.02280426
v 19.85527992 -44.56955338 70.02081299
v 16.75487709 -41.28570557 70.01927948
v 19.85527992 8.53044224 69.99602509
v 18.40528107 -17.96955490 70.00839996
v 18.27158737 -18.55529785 70.00866699
v 18.27158737 -39.38380814 70.01839447
v 17.89699173 -19.02502632 70.00888824
v 17.89699173 -38.91408157 70.01817322
v 17.35568428 -19.28570747 70.00901031
v 17.35568428 -38.65340042 70.01805115
v 16.75487709 -19.28570747 70.00901031
v 16.75487709 -38.65340042 70.01805115
v 16.21356964 -38.91408157 70.01817322
v 16.21356964 -19.02502632 70.00888824
v 15.83897209 -39.38380814 70.01839447
v 15.83897209 -18.55529785 70.00866699
v 15.70528030 -17.96955490 70.00839996
v 15.70528030 4.03044271 69.99812317
v 15.83897209 4.61618567 69.99785614
v 17.35568428 5.34659529 69.99751282
v 17.89699173 5.08591509 69.99763489
v 12.03173733 14.42821884 69.99327087
v 12.75528049 14.12851810 69.99340820
v 13.37660027 13.65176201 69.99363708
v 13.85335636 13.03044224 69.99392700
v 14.15305805 12.30689907 69.99426270
v 16.21356964 -41.02502441 70.01915741
v 15.83897209 -40.55529404 70.01894379
v 15.70528030 -39.96955109 70.01866913
v 12.10527992 -47.76955032 70.02230835
v 11.97158813 -47.18380737 70.02203369
v 11.59699154 -46.71408081 70.02181244
v 11.05568314 -46.45339966 70.02169037
v 10.45487690 -46.45339966 70.02169037
v 9.91356945 -46.71408081 70.02181244
v -10.40300846 -46.71408081 70.02181244
v -10.94431686 -46.45339966 70.02169037
v -11.54512310 -46.45339966 70.02169037
v -12.08643055 -46.71408081 70.02181244
v -12.52117729 -44.86732864 70.02095032
v -12.46102810 -47.18380737 70.02203369
v -13.24471951 -44.56762695 70.02081299
v -12.59471989 -47.76955032 70.02230835
v -13.86604023 -44.09087372 70.02059174
v -14.34279633 -43.46955109 70.02030182
v -14.64249706 -42.74600983 70.01996613
v -16.70300865 -41.02502441 70.01915741
v -16.32841110 -40.55529404 70.01894379
v -16.19471931 -39.96955109 70.01866913
v -16.32841110 -39.38380814 70.01839447
v -16.32841110 -18.55529785 70.00866699
v -16.70300865 -19.02502632 70.00888824
v -16.19471931 -17.96955490 70.00839996
v -16.19471931 4.03044271 69.99812317
v -16.32841110 4.61618567 69.99785614
v -16.70300865 5.08591509 69.99763489
v -17.24431610 5.34659529 69.99751282
v 18.27158737 4.61618567 69.99785614
v 18.40528107 4.03044271 69.99812317
v 18.27158737 3.44469976 69.99839783
v 18.27158737 -17.38381195 70.00812531
v 17.89699173 2.97497034 69.99861908
v 17.89699173 -16.91408157 70.00790405
v 17.35568428 2.71429014 69.99874115
v 17.35568428 -16.65340233 70.00778198
v 16.75487709 2.71429014 69.99874115
v 16.75487709 -16.65340233 70.00778198
v 16.21356964 -16.91408157 70.00790405
v 16.21356964 2.97497034 69.99861908
v 15.83897209 -17.38381195 70.00812531
v 15.83897209 3.44469976 69.99839783
v 16.21356964 5.08591509 69.99763489
v 16.75487709 5.34659529 69.99751282
v 18.40528107 -39.96955109 70.01866913
v 18.27158737 -40.55529404 70.01894379
v 17.89699173 -41.02502441 70.01915741
v 17.35568428 -41.28570557 70.01927948
v 11.97158813 -48.35529327 70.02258301
v 11.59699154 -48.82502365 70.02280426
v 11.05568314 -49.08570480 70.02292633
v 10.45487690 -49.08570480 70.02292633
v -10.40300846 -48.82502365 70.02280426
v 9.91356945 -48.82502365 70.02280426
v -10.02841187 -48.35529327 70.02258301
v 9.53897190 -48.35529327 70.02258301
v -9.89472008 -47.76955032 70.02230835
v 9.40528011 -47.76955032 70.02230835
v -10.02841187 -47.18380737 70.02203369
v 9.53897190 -47.18380737 70.02203369
v -16.32841110 3.44469976 69.99839783
v -16.32841110 -17.38381195 70.00812531
v -16.70300865 2.97497034 69.99861908
v -16.70300865 -16.91408157 70.00790405
v -17.24431610 2.71429014 69.99874115
v -16.70300865 -38.91408157 70.01817322
v -17.24431610 -19.28570747 70.00901031
v -18.76102829 -40.55529404 70.01894379
v -18.89472008 -39.96955109 70.01866913
v -12.46102810 -48.35529327 70.02258301
v 18.08028030 4.03029108 69.67312622
v 17.94295692 4.54279089 69.67288971
v 17.56777954 4.91796684 69.67271423
v 17.05528069 5.05529118 69.67264557
v 16.54277992 4.91796684 69.67271423
v 16.16760445 4.54279089 69.67288971
v 16.03028107 4.03029108 69.67312622
v 16.16760445 3.51779103 69.67336273
v 16.54277992 3.14261508 69.67353821
v 17.05528069 3.00529122 69.67360687
v 17.56777954 3.14261508 69.67353821
v 17.94295692 3.51779103 69.67336273
v 17.94295692 4.54130888 66.49788666
v 18.08028030 4.02880907 66.49812317
v 17.94295692 3.51630902 66.49836731
v 17.56777954 3.14113283 66.49854279
v 17.05528069 3.00380898 66.49860382
v 16.54277992 3.14113283 66.49854279
v 16.16760445 3.51630902 66.49836731
v 16.03028107 4.02880907 66.49812317
v 16.16760445 4.54130888 66.49788666
v 16.54277992 4.91648483 66.49771118
v 17.05528069 5.05380869 66.49765015
v 17.56777954 4.91648483 66.49771118
v -20.34471893 2.02880907 66.49906158
v -17.54471970 3.00380898 66.49860382
v -15.74471951 2.02880907 66.49906158
v -17.03221893 3.14113283 66.49854279
v -16.65704346 3.51630902 66.49836731
v -20.34471893 6.02880859 66.49719238
v -18.56971931 4.02880907 66.49812317
v -18.43239594 3.51630902 66.49836731
v -18.05722046 3.14113283 66.49854279
v -15.74471951 6.02880859 66.49719238
v -17.54471970 5.05380869 66.49765015
v -18.05722046 4.91648483 66.49771118
v -18.43239594 4.54130888 66.49788666
v -15.24471951 6.16278315 66.49713135
v -16.51972008 4.02880907 66.49812317
v -16.65704346 4.54130888 66.49788666
v -17.03221893 4.91648483 66.49771118
v -14.87869453 6.52880859 66.49695587
v -14.87869453 1.52880907 66.49929047
v -15.24471951 1.89483452 66.49912262
v -14.87869453 -15.47118855 66.50723267
v -14.87869453 -20.47118759 66.50956726
v -15.24471951 -15.83721447 66.50740051
v -15.24471951 -20.10516357 66.50939178
v -16.51972008 -17.97118950 66.50839996
v -15.74471951 -19.97118759 66.50933075
v -16.65704346 -18.48368835 66.50863647
v -17.03221893 -18.85886383 66.50881195
v -17.54471970 -18.99618912 66.50887299
v -20.34471893 -19.97118759 66.50933075
v -18.05722046 -18.85886383 66.50881195
v -18.43239594 -18.48368835 66.50863647
v -18.56971931 -17.97118950 66.50839996
v -20.34471893 -15.97118855 66.50746155
v -18.43239594 -17.45868874 66.50815582
v -18.05722046 -17.08351326 66.50798035
v -17.54471970 -16.94618797 66.50791931
v -15.74471951 -15.97118855 66.50746155
v -17.03221893 -17.08351326 66.50798035
v -16.65704346 -17.45868874 66.50815582
v -14.87869453 -37.47118759 66.51750183
v -14.87869453 -42.47118759 66.51983643
v -15.24471951 -37.83721161 66.51766968
v -15.24471951 -42.10515976 66.51966095
v -16.51972008 -39.97118759 66.51866913
v -15.74471951 -41.97118759 66.51959991
v -16.65704346 -40.48368454 66.51890564
v -17.03221893 -40.85886383 66.51908112
v -17.54471970 -40.99618530 66.51914215
v -20.34471893 -41.97118759 66.51959991
v -18.05722046 -40.85886383 66.51908112
v -18.43239594 -40.48368454 66.51890564
v -18.56971931 -39.97118759 66.51866913
v -20.34471893 -37.97118759 66.51773071
v -18.43239594 -39.45868683 66.51842499
v -18.05722046 -39.08351135 66.51824951
v -17.54471970 -38.94618607 66.51818848
v -15.74471951 -37.97118759 66.51773071
v -17.03221893 -39.08351135 66.51824951
v -16.65704346 -39.45868683 66.51842499
v -13.74471951 -44.70323563 66.52087402
v -13.42875957 -44.85057068 66.52094269
v -13.47867489 -44.92647552 66.52098083
v -13.30502701 -45.22724152 66.52111816
v -13.09201622 -44.94079971 66.52098846
v -8.74471951 -45.10515976 66.52106476
v -9.11074543 -45.47118759 66.52123260
v -11.24471951 -46.74618530 66.52182770
v -9.24471951 -45.97118759 66.52146912
v -10.73221970 -46.88351059 66.52189636
v -10.35704327 -47.25868607 66.52207184
v -10.21971989 -47.77118683 66.52230835
v -9.24471951 -50.57118607 66.52361298
v -10.35704327 -48.28368378 66.52254486
v -10.73221970 -48.65886307 66.52272034
v -11.24471951 -48.79618454 66.52278900
v -13.24471951 -50.57118607 66.52361298
v -11.75721931 -48.65886307 66.52272034
v -12.13239574 -48.28368378 66.52254486
v -12.26972008 -47.77118683 66.52230835
v -13.24471951 -45.56926346 66.52127838
v -12.13239574 -47.25868607 66.52207184
v -11.75721931 -46.88351059 66.52189636
v 8.25528049 -45.10515976 66.52106476
v 8.62130547 -45.47118759 66.52123260
v 10.75528049 -46.74618530 66.52182770
v 8.75528049 -45.97118759 66.52146912
v 10.24278069 -46.88351059 66.52189636
v 9.86760426 -47.25868607 66.52207184
v 12.60257626 -44.94079971 66.52098846
v 12.81558800 -45.22724152 66.52111816
v 12.75528049 -45.56926346 66.52127838
v 11.26778030 -46.88351059 66.52189636
v 11.64295673 -47.25868607 66.52207184
v 11.78028011 -47.77118683 66.52230835
v 12.75528049 -50.57118607 66.52361298
v 11.64295673 -48.28368378 66.52254486
v 11.26778030 -48.65886307 66.52272034
v 10.75528049 -48.79618454 66.52278900
v 8.75528049 -50.57118607 66.52361298
v 10.24278069 -48.65886307 66.52272034
v 9.86760426 -48.28368378 66.52254486
v 9.73027992 -47.77118683 66.52230835
v 12.93932056 -44.85057068 66.52094269
v 12.98923588 -44.92647552 66.52098083
v 13.25528049 -44.70323563 66.52087402
v 14.38925457 -37.47118759 66.51750183
v 14.38925457 -42.47118759 66.51983643
v 14.75528049 -37.83721161 66.51766968
v 14.75528049 -42.10515976 66.51966095
v 16.03028107 -39.97118759 66.51866913
v 15.25528049 -41.97118759 66.51959991
v 16.16760445 -40.48368454 66.51890564
v 16.54277992 -40.85886383 66.51908112
v 15.25528049 -37.97118759 66.51773071
v 16.16760445 -39.45868683 66.51842499
v 16.54277992 -39.08351135 66.51824951
v 17.05528069 -38.94618607 66.51818848
v 19.85527992 -37.97118759 66.51773071
v 17.56777954 -39.08351135 66.51824951
v 17.94295692 -39.45868683 66.51842499
v 18.08028030 -39.97118759 66.51866913
v 19.85527992 -41.97118759 66.51959991
v 17.94295692 -40.48368454 66.51890564
v 17.56777954 -40.85886383 66.51908112
v 17.05528069 -40.99618530 66.51914215
v 14.38925457 -15.47118855 66.50723267
v 14.38925457 -20.47118759 66.50956726
v 14.75528049 -15.83721447 66.50740051
v 14.75528049 -20.10516357 66.50939178
v 16.03028107 -17.97118950 66.50839996
v 15.25528049 -19.97118759 66.50933075
v 16.16760445 -18.48368835 66.50863647
v 16.54277992 -18.85886383 66.50881195
v 15.25528049 -15.97118855 66.50746155
v 16.16760445 -17.45868874 66.50815582
v 16.54277992 -17.08351326 66.50798035
v 17.05528069 -16.94618797 66.50791931
v 19.85527992 -15.97118855 66.50746155
v 17.56777954 -17.08351326 66.50798035
v 17.94295692 -17.45868874 66.50815582
v 18.08028030 -17.97118950 66.50839996
v 19.85527992 -19.97118759 66.50933075
v 17.94295692 -18.48368835 66.50863647
v 17.56777954 -18.85886383 66.50881195
v 17.05528069 -18.99618912 66.50887299
v 14.38925457 6.52880859 66.49695587
v 14.38925457 1.52880907 66.49929047
v 14.75528049 6.16278315 66.49713135
v 14.75528049 1.89483452 66.49912262
v 15.25528049 2.02880907 66.49906158
v 15.25528049 6.02880859 66.49719238
v 19.85527992 6.02880859 66.49719238
v 19.85527992 2.02880907 66.49906158
v 17.94295692 -17.45720673 69.68315887
v 18.08028030 -17.96970749 69.68339539
v 17.94295692 -18.48220634 69.68363953
v 17.56777954 -18.85738182 69.68380737
v 17.05528069 -18.99470711 69.68387604
v 16.54277992 -18.85738182 69.68380737
v 16.16760445 -18.48220634 69.68363953
v 16.03028107 -17.96970749 69.68339539
v 16.16760445 -17.45720673 69.68315887
v 16.54277992 -17.08203125 69.68298340
v 17.05528069 -16.94470596 69.68291473
v 17.56777954 -17.08203125 69.68298340
v 17.94295692 -39.45720291 69.69342804
v 18.08028030 -39.96970367 69.69366455
v 17.94295692 -40.48220444 69.69390869
v 17.56777954 -40.85737991 69.69408417
v 17.05528069 -40.99470520 69.69414520
v 16.54277992 -40.85737991 69.69408417
v 16.16760445 -40.48220444 69.69390869
v 16.03028107 -39.96970367 69.69366455
v 16.16760445 -39.45720291 69.69342804
v 16.54277992 -39.08202744 69.69325256
v 17.05528069 -38.94470596 69.69319153
v 17.56777954 -39.08202744 69.69325256
v 11.64295673 -47.25720215 69.69706726
v 11.78028011 -47.76970291 69.69731140
v 11.64295673 -48.28220367 69.69754791
v 11.26778030 -48.65737915 69.69772339
v 10.75528049 -48.79470444 69.69778442
v 10.24278069 -48.65737915 69.69772339
v 9.86760426 -48.28220367 69.69754791
v 9.73027992 -47.76970291 69.69731140
v 9.86760426 -47.25720215 69.69706726
v 10.24278069 -46.88202667 69.69689178
v 10.75528049 -46.74470520 69.69683075
v 11.26778030 -46.88202667 69.69689178
v -18.43239594 4.54279089 69.67288971
v -18.56971931 4.03029108 69.67312622
v -18.43239594 3.51779103 69.67336273
v -18.05722046 3.14261508 69.67353821
v -17.54471970 3.00529122 69.67360687
v -17.03221893 3.14261508 69.67353821
v -16.65704346 3.51779103 69.67336273
v -16.51972008 4.03029108 69.67312622
v -16.65704346 4.54279089 69.67288971
v -17.03221893 4.91796684 69.67271423
v -17.54471970 5.05529118 69.67264557
v -18.05722046 4.91796684 69.67271423
v -18.43239594 -17.45720673 69.68315887
v -18.56971931 -17.96970749 69.68339539
v -18.43239594 -18.48220634 69.68363953
v -18.05722046 -18.85738182 69.68380737
v -17.54471970 -18.99470711 69.68387604
v -17.03221893 -18.85738182 69.68380737
v -16.65704346 -18.48220634 69.68363953
v -16.51972008 -17.96970749 69.68339539
v -16.65704346 -17.45720673 69.68315887
v -17.03221893 -17.08203125 69.68298340
v -17.54471970 -16.94470596 69.68291473
v -18.05722046 -17.08203125 69.68298340
v -18.43239594 -39.45720291 69.69342804
v -18.56971931 -39.96970367 69.69366455
v -18.43239594 -40.48220444 69.69390869
v -18.05722046 -40.85737991 69.69408417
v -17.54471970 -40.99470520 69.69414520
v -17.03221893 -40.85737991 69.69408417
v -16.65704346 -40.48220444 69.69390869
v -16.51972008 -39.96970367 69.69366455
v -16.65704346 -39.45720291 69.69342804
v -17.03221893 -39.08202744 69.69325256
v -17.54471970 -38.94470596 69.69319153
v -18.05722046 -39.08202744 69.69325256
v -12.13239574 -47.25720215 69.69706726
v -12.26972008 -47.76970291 69.69731140
v -12.13239574 -48.28220367 69.69754791
v -11.75721931 -48.65737915 69.69772339
v -11.24471951 -48.79470444 69.69778442
v -10.73221970 -48.65737915 69.69772339
v -10.35704327 -48.28220367 69.69754791
v -10.21971989 -47.76970291 69.69731140
v -10.35704327 -47.25720215 69.69706726
v -10.73221970 -46.88202667 69.69689178
v -11.24471951 -46.74470520 69.69683075
v -11.75721931 -46.88202667 69.69689178
v -15.74471951 2.02950931 67.99906158
v -20.34471893 2.02950931 67.99906158
v -14.87869453 1.52950943 67.99929047
v -15.24471951 1.89553475 67.99912262
v -14.87869453 6.52950907 67.99695587
v -15.24471951 6.16348362 67.99713135
v -15.74471951 6.02950907 67.99719238
v -20.34471893 8.52950859 67.99602509
v -20.34471893 6.02950907 67.99719238
v -14.64683247 13.14754200 67.99386597
v -14.36275387 13.70507812 67.99360657
v -13.92028999 14.14754200 67.99340057
v -13.36275387 14.43162060 67.99327087
v -15.74471951 -15.97048855 68.00746155
v -15.24471951 -15.83651447 68.00740051
v -14.87869453 -15.47048855 68.00723267
v -20.34471893 -15.97048855 68.00746155
v -15.24471951 -20.10446358 68.00939178
v -15.74471951 -19.97048759 68.00933075
v -15.74471951 -37.97048569 68.01773071
v -15.24471951 -37.83651352 68.01766968
v -14.87869453 -37.47048569 68.01750183
v -14.87869453 -20.47048759 68.00956726
v -20.34471893 -37.97048569 68.01773071
v -20.34471893 -19.97048759 68.00933075
v -15.24471951 -42.10446167 68.01966095
v -14.74471951 -42.97048569 68.02006531
v -15.74471951 -41.97048569 68.01959991
v -14.62410450 -43.65452576 68.02038574
v -20.34471893 -44.57048416 68.02081299
v -14.27680874 -44.25606155 68.02066803
v -15.24471951 -50.57048416 68.02361298
v -13.74471951 -44.70253754 68.02087402
v -13.24471951 -45.56856155 68.02127838
v -13.47867489 -44.92577362 68.02098083
v -13.30502701 -45.22654343 68.02111816
v -14.87869453 -42.47048569 68.01983643
v -13.24471951 -50.57048416 68.02361298
v -20.34471893 -41.97048569 68.01959991
v -9.11074543 -45.47048569 68.02123260
v -9.24471951 -45.97048569 68.02146912
v 8.75528049 -45.97048569 68.02146912
v 8.62130547 -45.47048569 68.02123260
v 8.25528049 -45.10446167 68.02106476
v -8.74471951 -45.10446167 68.02106476
v 8.75528049 -50.57048416 68.02361298
v -9.24471951 -50.57048416 68.02361298
v 12.81558800 -45.22654343 68.02111816
v 12.98923588 -44.92577362 68.02098083
v 12.75528049 -45.56856155 68.02127838
v 13.25528049 -44.70253754 68.02087402
v 14.75528049 -50.57048416 68.02361298
v 13.78736877 -44.25606155 68.02066803
v 19.85527992 -44.57048416 68.02081299
v 14.13466549 -43.65452576 68.02038574
v 15.25528049 -41.97048569 68.01959991
v 14.25528049 -42.97048569 68.02006531
v 14.75528049 -42.10446167 68.01966095
v 14.38925457 -42.47048569 68.01983643
v 19.85527992 -41.97048569 68.01959991
v 12.75528049 -50.57048416 68.02361298
v 14.75528049 -37.83651352 68.01766968
v 15.25528049 -37.97048569 68.01773071
v 15.25528049 -19.97048759 68.00933075
v 19.85527992 -37.97048569 68.01773071
v 19.85527992 -19.97048759 68.00933075
v 14.38925457 -37.47048569 68.01750183
v 14.75528049 -20.10446358 68.00939178
v 14.38925457 -20.47048759 68.00956726
v 14.75528049 -15.83651447 68.00740051
v 15.25528049 -15.97048855 68.00746155
v 15.25528049 2.02950931 67.99906158
v 19.85527992 -15.97048855 68.00746155
v 19.85527992 2.02950931 67.99906158
v 14.38925457 -15.47048855 68.00723267
v 14.75528049 1.89553475 67.99912262
v 14.38925457 1.52950943 67.99929047
v 14.75528049 6.16348362 67.99713135
v 15.25528049 6.02950907 67.99719238
v 19.85527992 8.52950859 67.99602509
v 19.85527992 6.02950907 67.99719238
v 14.38925457 6.52950907 67.99695587
v 14.15739346 13.14754200 67.99386597
v 13.87331390 13.70507812 67.99360657
v 13.43085098 14.14754200 67.99340057
v 12.87331390 14.43162060 67.99327087
v 13.43085098 -44.59494019 54.27082443
v 12.87331390 -44.87901688 54.27095795
v 13.87331390 -44.15247345 54.27061844
v 14.15739346 -43.59494019 54.27035904
v -14.64683247 -43.59494019 54.27035904
v -14.36275387 -44.15247345 54.27061844
v -13.92028999 -44.59494019 54.27082443
v -13.36275387 -44.87901688 54.27095795
v -13.36275387 14.42695236 57.99327087
v -13.36275387 14.42228413 47.99327087
v -13.92028999 14.13820553 47.99340439
v -14.36275387 13.69574165 47.99361038
v -14.64683247 13.13820553 47.99387360
v -14.64683247 13.14287376 57.99386978
v -14.36275387 13.70040989 57.99361038
v -13.92028999 14.14287376 57.99340439
v 14.15739346 13.14287376 57.99386978
v 14.15739346 13.13820553 47.99387360
v 13.87331390 13.69574165 47.99361038
v 13.43085098 14.13820553 47.99340439
v 12.87331390 14.42228413 47.99327087
v 12.87331390 14.42695236 57.99327087
v 13.43085098 14.14287376 57.99340439
v 13.87331390 13.70040989 57.99361038
v 19.35527992 -21.47702408 54.01003265
v 19.35527992 -36.47702026 54.01703644
v 14.95528030 -21.47917175 49.41003418
v -15.44471931 -21.47917175 49.41003418
v -19.84471893 -21.47702408 54.01003265
v 18.85527992 -35.17702103 54.01642609
v 18.85527992 -22.77702332 54.01063919
v -19.34471893 -22.77702332 54.01063919
v -19.84471893 -36.47702026 54.01703644
v -19.34471893 -35.17702103 54.01642609
v 18.85527992 -35.17636871 55.41642761
v -14.14472008 -35.37636948 55.41651917
v -19.34471893 -22.77637100 55.41064072
v -14.14472008 -22.57637024 55.41054535
v -19.34471893 -35.17636871 55.41642761
v 13.65528011 -22.57637024 55.41054535
v 13.65528011 -35.37636948 55.41651917
v 18.85527992 -22.77637100 55.41064072
v -14.14472008 -22.57165527 65.51054382
v -14.14472008 -35.37165451 65.51651764
v 13.65528011 -35.37165451 65.51651764
v 13.65528011 -22.57165527 65.51054382
v -16.99136353 -38.75404358 36.01809692
v -16.99136353 -41.21680450 36.01924515
v -16.50274277 -40.84378815 36.01906967
v -16.23017502 -40.29278946 36.01881409
v -16.23017502 -39.67805862 36.01852798
v -16.50274277 -39.12706375 36.01826859
v 17.60863686 -38.75404358 36.01809692
v 17.60863686 -41.21680450 36.01924515
v 18.09725761 -40.84378815 36.01906967
v 18.36982536 -40.29278946 36.01881409
v 18.36982536 -39.67805862 36.01852798
v 18.09725761 -39.12706375 36.01826859
v -13.74471951 -7.53160048 44.20352173
v -13.74471951 -13.43159962 44.20627594
v -13.74471951 -7.52982616 48.00352097
v -13.74471951 -13.42982578 48.00627518
v -9.10798931 -1.52935576 76.50072479
v -9.24471951 0.03347764 76.49999237
v -9.10798931 1.59631109 76.49925995
v -8.70195293 3.11165857 76.49855804
v -8.03894806 4.53347731 76.49789429
v -7.13911963 5.81856537 76.49729156
v -6.02980804 6.92787695 76.49677277
v -4.74471951 7.82770538 76.49635315
v -3.32290101 8.49071026 76.49604797
v -1.80755329 8.89674664 76.49585724
v -0.24471968 9.03347683 76.49578857
v 1.31811392 8.89674664 76.49585724
v 2.83346152 8.49071026 76.49604797
v 4.25528049 7.82770538 76.49635315
v 5.54036903 6.92787695 76.49677277
v 6.64968014 5.81856537 76.49729156
v 7.54950905 4.53347731 76.49789429
v 8.21251392 3.11165857 76.49855804
v 8.61855030 1.59631109 76.49925995
v 8.75528049 0.03347764 76.49999237
v 8.61855030 -1.52935576 76.50072479
v 8.21251392 -3.04470325 76.50142670
v 7.54950905 -4.46652174 76.50209045
v 6.64968014 -5.75161028 76.50269318
v 5.54036903 -6.86092138 76.50321198
v 4.25528049 -7.76075029 76.50363159
v 2.83346152 -8.42375469 76.50394440
v 1.31811392 -8.82979107 76.50412750
v -0.24471968 -8.96652126 76.50419617
v -1.80755329 -8.82979107 76.50412750
v -3.32290101 -8.42375469 76.50394440
v -4.74471951 -7.76075029 76.50363159
v -6.02980804 -6.86092138 76.50321198
v -7.13911963 -5.75161028 76.50269318
v -8.03894806 -4.46652174 76.50209045
v -8.70195293 -3.04470325 76.50142670
v -2.23712730 13.89097595 76.49352264
v -0.24471968 14.03347588 76.49345398
v 1.74768806 13.89097595 76.49352264
v 3.69953609 13.46637821 76.49372101
v 5.57109070 12.76832390 76.49404907
v 7.32425165 11.81102562 76.49449158
v 8.92333031 10.61397076 76.49505615
v 10.33577442 9.20152664 76.49571228
v 11.53283024 7.60244846 76.49645996
v 12.49012852 5.84928703 76.49727631
v 13.18818188 3.97773290 76.49815369
v 13.61278057 2.02588511 76.49906158
v 13.75528049 0.03347764 76.49999237
v 13.61278057 -1.95892990 76.50092316
v 13.18818188 -3.91077781 76.50183105
v 12.49012852 -5.78233194 76.50270844
v 11.53283024 -7.53549290 76.50352478
v 10.33577442 -9.13457203 76.50427246
v 8.92333031 -10.54701519 76.50492859
v 7.32425165 -11.74407101 76.50549316
v 5.57109070 -12.70136929 76.50593567
v 3.69953609 -13.39942265 76.50626373
v 1.74768806 -13.82402134 76.50646210
v -0.24471968 -13.96652126 76.50653076
v -2.23712730 -13.82402134 76.50646210
v -4.18897533 -13.39942265 76.50626373
v -6.06052971 -12.70136929 76.50593567
v -7.81369114 -11.74407101 76.50549316
v -9.41277027 -10.54701519 76.50492859
v -10.82521343 -9.13457203 76.50427246
v -12.02226925 -7.53549290 76.50352478
v -12.97956753 -5.78233194 76.50270844
v -13.67762089 -3.91077781 76.50183105
v -14.10221958 -1.95892990 76.50092316
v -14.24471951 0.03347764 76.49999237
v -14.10221958 2.02588511 76.49906158
v -13.67762089 3.97773290 76.49815369
v -12.97956753 5.84928703 76.49727631
v -12.02226925 7.60244846 76.49645996
v -10.82521343 9.20152664 76.49571228
v -9.41277027 10.61397076 76.49505615
v -7.81369114 11.81102562 76.49449158
v -6.06052971 12.76832390 76.49404907
v -4.18897533 13.46637821 76.49372101
v 1.74768806 13.89214325 78.99352264
v -0.24471968 14.03464317 78.99345398
v -2.23712730 13.89214325 78.99352264
v -4.18897533 13.46754456 78.99372101
v -6.06052971 12.76949120 78.99404907
v -7.81369114 11.81219292 78.99449158
v -9.41277027 10.61513805 78.99505615
v -10.82521343 9.20269394 78.99571228
v -12.02226925 7.60361528 78.99645996
v -12.97956753 5.85045433 78.99727631
v -13.67762089 3.97890019 78.99815369
v -14.10221958 2.02705216 78.99906158
v -14.24471951 0.03464473 78.99999237
v -14.10221958 -1.95776284 79.00092316
v -13.67762089 -3.90961075 79.00183105
v -12.97956753 -5.78116465 79.00270844
v -12.02226925 -7.53432608 79.00352478
v -10.82521343 -9.13340473 79.00427246
v -9.41277027 -10.54584789 79.00492859
v -7.81369114 -11.74290371 79.00549316
v -6.06052971 -12.70020199 79.00593567
v -4.18897533 -13.39825535 79.00626373
v -2.23712730 -13.82285404 79.00646210
v -0.24471968 -13.96535397 79.00653076
v 1.74768806 -13.82285404 79.00646210
v 3.69953609 -13.39825535 79.00626373
v 5.57109070 -12.70020199 79.00593567
v 7.32425165 -11.74290371 79.00549316
v 8.92333031 -10.54584789 79.00492859
v 10.33577442 -9.13340473 79.00427246
v 11.53283024 -7.53432608 79.00352478
v 12.49012852 -5.78116465 79.00270844
v 13.18818188 -3.90961075 79.00183105
v 13.61278057 -1.95776284 79.00092316
v 13.75528049 0.03464473 78.99999237
v 13.61278057 2.02705216 78.99906158
v 13.18818188 3.97890019 78.99815369
v 12.49012852 5.85045433 78.99727631
v 11.53283024 7.60361528 78.99645996
v 10.33577442 9.20269394 78.99571228
v 8.92333031 10.61513805 78.99505615
v 7.32425165 11.81219292 78.99449158
v 5.57109070 12.76949120 78.99404907
v 3.69953609 13.46754456 78.99372101
v -0.24471968 5.03464413 78.99765778
v -1.39779902 4.89986849 78.99771881
v -2.48871565 4.50280762 78.99790955
v -3.45865774 3.86486650 78.99820709
v -4.25533581 3.02043724 78.99859619
v -4.83580017 2.01504326 78.99906921
v -5.16875839 0.90288550 78.99958801
v -5.23626041 -0.25607938 79.00012970
v -5.03466702 -1.39937127 79.00066376
v -4.57484674 -2.46535492 79.00115967
v -3.88158798 -3.39656305 79.00159454
v -2.99226451 -4.14279366 79.00194550
v -1.95482039 -4.66381788 79.00218964
v -0.82518423 -4.93154669 79.00231171
v 0.33574489 -4.93154669 79.00231171
v 1.46538103 -4.66381788 79.00218964
v 2.50282526 -4.14279366 79.00194550
v 3.39214849 -3.39656305 79.00159454
v 4.08540726 -2.46535492 79.00115967
v 4.54522800 -1.39937127 79.00066376
v 4.74682093 -0.25607938 79.00012970
v 4.67931890 0.90288550 78.99958801
v 4.34636068 2.01504326 78.99906921
v 3.76589632 3.02043724 78.99859619
v 2.96921825 3.86486650 78.99820709
v 1.99927616 4.50280762 78.99790955
v 0.90835965 4.89986849 78.99771881
v 0.90835965 4.90070868 80.79772186
v -0.24471968 5.03548431 80.79766083
v -1.39779902 4.90070868 80.79772186
v -2.48871565 4.50364780 80.79790497
v -3.45865774 3.86570692 80.79820251
v -4.25533581 3.02127767 80.79859924
v -4.83580017 2.01588368 80.79906464
v -5.16875839 0.90372580 80.79958344
v -5.23626041 -0.25523907 80.80012512
v -5.03466702 -1.39853096 80.80065918
v -4.57484674 -2.46451473 80.80116272
v -3.88158798 -3.39572287 80.80159760
v -2.99226451 -4.14195347 80.80194092
v -1.95482039 -4.66297770 80.80218506
v -0.82518423 -4.93070602 80.80230713
v 0.33574489 -4.93070602 80.80230713
v 1.46538103 -4.66297770 80.80218506
v 2.50282526 -4.14195347 80.80194092
v 3.39214849 -3.39572287 80.80159760
v 4.08540726 -2.46451473 80.80116272
v 4.54522800 -1.39853096 80.80065918
v 4.74682093 -0.25523907 80.80012512
v 4.67931890 0.90372580 80.79958344
v 4.34636068 2.01588368 80.79906464
v 3.76589632 3.02127767 80.79859924
v 2.96921825 3.86570692 80.79820251
v 1.99927616 4.50364780 80.79790497
v -0.24471968 2.78548479 80.79870605
v -1.09451640 2.65089011 80.79877472
v -1.86112916 2.26028156 80.79895020
v -2.46951652 1.65189433 80.79924011
v -2.86012506 0.88528168 80.79959869
v -2.99471974 0.03548503 80.79999542
v -2.86012506 -0.81431162 80.80039215
v -2.46951652 -1.58092427 80.80074310
v -1.86112916 -2.18931150 80.80103302
v -1.09451640 -2.57992005 80.80121613
v -0.24471968 -2.71451473 80.80127716
v 0.60507703 -2.57992005 80.80121613
v 1.37168980 -2.18931150 80.80103302
v 1.98007703 -1.58092427 80.80074310
v 2.37068582 -0.81431162 80.80039215
v 2.50528026 0.03548503 80.79999542
v 2.37068582 0.88528168 80.79959869
v 1.98007703 1.65189433 80.79924011
v 1.37168980 2.26028156 80.79895020
v 0.60507703 2.65089011 80.79877472
v 0.60507703 2.65229058 83.79877472
v -0.24471968 2.78688526 83.79870605
v -1.09451640 2.65229058 83.79877472
v -1.86112916 2.26168203 83.79895020
v -2.46951652 1.65329480 83.79924011
v -2.86012506 0.88668215 83.79959869
v -2.99471974 0.03688553 83.79999542
v -2.86012506 -0.81291109 83.80039215
v -2.46951652 -1.57952368 83.80074310
v -1.86112916 -2.18791103 83.80103302
v -1.09451640 -2.57851958 83.80121613
v -0.24471968 -2.71311426 83.80127716
v 0.60507703 -2.57851958 83.80121613
v 1.37168980 -2.18791103 83.80103302
v 1.98007703 -1.57952368 83.80074310
v 2.37068582 -0.81291109 83.80039215
v 2.50528026 0.03688553 83.79999542
v 2.37068582 0.88668215 83.79959869
v 1.98007703 1.65329480 83.79924011
v 1.37168980 2.26168203 83.79895020
v -14.84471989 14.51316833 32.99322891
v 17.57299995 -19.18581200 36.00896072
v 18.02398300 -18.81027603 36.00878525
v 18.27300453 -18.27886009 36.00853729
v 18.27300453 -17.69199371 36.00826263
v 18.02398300 -17.16057968 36.00801468
v 17.57299995 -16.78504181 36.00783920
v 17.57299995 -41.18581009 36.01922989
v 18.02398300 -40.81027222 36.01905441
v 18.27300453 -40.27885818 36.01880646
v 18.27300453 -39.69198990 36.01853180
v 18.02398300 -39.16057587 36.01828384
v 17.57299995 -38.78504181 36.01810837
v -17.02700043 -19.18581200 36.00896072
v -16.57601738 -18.81027603 36.00878525
v -16.32699585 -18.27886009 36.00853729
v -16.32699585 -17.69199371 36.00826263
v -16.57601738 -17.16057968 36.00801468
v -17.02700043 -16.78504181 36.00783920
v 17.57299995 2.81418586 35.99869156
v 18.02398300 3.18972206 35.99851608
v 18.27300453 3.72113681 35.99826813
v 18.27300453 4.30800390 35.99799347
v 18.02398300 4.83941889 35.99774551
v 17.57299995 5.21495485 35.99757004
v 11.20458603 -48.96902084 36.02286530
v 11.63696098 -48.59317780 36.02268982
v 11.87454128 -48.07186890 36.02244568
v 11.87454128 -47.49897766 36.02217865
v 11.63696098 -46.97766876 36.02193451
v 11.20458603 -46.60182571 36.02175903
v -17.02700043 -41.18581009 36.01922989
v -16.57601738 -40.81027222 36.01905441
v -16.32699585 -40.27885818 36.01880646
v -16.32699585 -39.69198990 36.01853180
v -16.57601738 -39.16057587 36.01828384
v -17.02700043 -38.78504181 36.01810837
v -17.02700043 2.81418586 35.99869156
v -16.57601738 3.18972206 35.99851608
v -16.32699585 3.72113681 35.99826813
v -16.32699585 4.30800390 35.99799347
v -16.57601738 4.83941889 35.99774551
v -17.02700043 5.21495485 35.99757004
v 14.15528011 -44.98682404 33.02100372
v 14.15528011 14.51316833 32.99322891
v -14.84471989 -44.98682404 33.02100372
v 31.37158775 9.92742634 32.99536896
v 31.37158775 9.92882633 35.99536896
v 31.50527954 10.51316929 32.99509430
v 31.50527954 10.51456928 35.99509430
v 31.37158775 11.09891224 32.99482346
v 31.37158775 11.10031223 35.99482346
v 30.99699211 11.56864166 32.99460220
v 30.99699211 11.57004166 35.99460220
v 30.45568275 11.82932186 32.99448013
v 30.45568275 11.83072186 35.99448013
v 29.85487747 11.82932186 32.99448013
v 29.85487747 11.83072186 35.99448013
v 29.31357002 11.56864166 32.99460220
v 29.31357002 11.57004166 35.99460220
v 28.93897247 11.09891224 32.99482346
v 28.93897247 11.10031223 35.99482346
v 28.80528069 10.51316929 32.99509430
v 28.80528069 10.51456928 35.99509430
v 28.93897247 9.92742634 32.99536896
v 28.93897247 9.92882633 35.99536896
v 29.31357002 9.45769691 32.99559021
v 29.31357002 9.45909691 35.99558640
v 29.85487747 9.19701672 32.99570847
v 29.85487747 9.19841671 35.99570847
v 30.45568275 9.19701672 32.99570847
v 30.45568275 9.19841671 35.99570847
v 30.99699211 9.45769691 32.99559021
v 30.99699211 9.45909691 35.99558640
v -29.62841225 9.92742634 32.99536896
v -29.62841225 9.92882633 35.99536896
v -29.49472046 10.51316929 32.99509430
v -29.49472046 10.51456928 35.99509430
v -29.62841225 11.09891224 32.99482346
v -29.62841225 11.10031223 35.99482346
v -30.00300789 11.56864166 32.99460220
v -30.00300789 11.57004166 35.99460220
v -30.54431725 11.82932186 32.99448013
v -30.54431725 11.83072186 35.99448013
v -31.14512253 11.82932186 32.99448013
v -31.14512253 11.83072186 35.99448013
v -31.68642998 11.56864166 32.99460220
v -31.68642998 11.57004166 35.99460220
v -32.06102753 11.09891224 32.99482346
v -32.06102753 11.10031223 35.99482346
v -32.19472122 10.51316929 32.99509430
v -32.19472122 10.51456928 35.99509430
v -32.06102753 9.92742634 32.99536896
v -32.06102753 9.92882633 35.99536896
v -31.68642998 9.45769691 32.99559021
v -31.68642998 9.45909691 35.99558640
v -31.14512253 9.19701672 32.99570847
v -31.14512253 9.19841671 35.99570847
v -30.54431725 9.19701672 32.99570847
v -30.54431725 9.19841671 35.99570847
v -30.00300789 9.45769691 32.99559021
v -30.00300789 9.45909691 35.99558640
v -16.42841148 3.42742682 32.99840546
v -16.29471970 4.01316977 32.99813080
v -16.42841148 4.59891272 32.99785614
v -16.80300903 5.06864214 32.99763870
v -17.34431648 5.32932234 32.99751663
v -17.94512367 5.32932234 32.99751663
v -18.48643112 5.06864214 32.99763870
v -18.86102676 4.59891272 32.99785614
v -18.99472046 4.01316977 32.99813080
v -18.86102676 3.42742682 32.99840546
v -18.48643112 2.95769739 32.99862289
v -17.94512367 2.69701743 32.99874496
v -17.34431648 2.69701743 32.99874496
v -16.80300903 2.95769739 32.99862289
v -16.42841148 -40.57256699 33.01894379
v -16.29471970 -39.98682404 33.01866913
v -16.42841148 -39.40108109 33.01839828
v -16.80300903 -38.93135452 33.01817703
v -17.34431648 -38.67067337 33.01805496
v -17.94512367 -38.67067337 33.01805496
v -18.48643112 -38.93135452 33.01817703
v -18.86102676 -39.40108109 33.01839828
v -18.99472046 -39.98682404 33.01866913
v -18.86102676 -40.57256699 33.01894379
v -18.48643112 -41.04229736 33.01916504
v -17.94512367 -41.30297852 33.01928711
v -17.34431648 -41.30297852 33.01928711
v -16.80300903 -41.04229736 33.01916504
v 11.77158833 -48.37256622 33.02258682
v 11.90528011 -47.78682327 33.02231216
v 11.77158833 -47.20108032 33.02203751
v 11.39699173 -46.73135376 33.02182007
v 10.85568333 -46.47067261 33.02169800
v 10.25487709 -46.47067261 33.02169800
v 9.71356869 -46.73135376 33.02182007
v 9.33897209 -47.20108032 33.02203751
v 9.20528030 -47.78682327 33.02231216
v 11.39699173 -48.84229660 33.02280426
v 10.85568333 -49.10297775 33.02292633
v 10.25487709 -49.10297775 33.02292633
v 9.71356869 -48.84229660 33.02280426
v 9.33897209 -48.37256622 33.02258682
v 18.17158890 3.42742682 32.99840546
v 18.30528069 4.01316977 32.99813080
v 18.17158890 4.59891272 32.99785614
v 17.79699135 5.06864214 32.99763870
v 17.25568390 5.32932234 32.99751663
v 16.65487671 5.32932234 32.99751663
v 16.11356926 5.06864214 32.99763870
v 15.73897266 4.59891272 32.99785614
v 15.60527992 4.01316977 32.99813080
v 15.73897266 3.42742682 32.99840546
v 16.11356926 2.95769739 32.99862289
v 16.65487671 2.69701743 32.99874496
v 17.25568390 2.69701743 32.99874496
v 17.79699135 2.95769739 32.99862289
v -10.02841187 -47.20108032 33.02203751
v -9.89472008 -47.78682327 33.02231216
v -10.02841187 -48.37256622 33.02258682
v -10.40300846 -48.84229660 33.02280426
v -10.94431686 -49.10297775 33.02292633
v -11.54512310 -49.10297775 33.02292633
v -12.08643055 -48.84229660 33.02280426
v -12.46102810 -48.37256622 33.02258682
v -12.59471989 -47.78682327 33.02231216
v -12.46102810 -47.20108032 33.02203751
v -12.08643055 -46.73135376 33.02182007
v -11.54512310 -46.47067261 33.02169800
v -10.94431686 -46.47067261 33.02169800
v -10.40300846 -46.73135376 33.02182007
v -16.42841148 -18.57257080 33.00867462
v -16.29471970 -17.98682785 33.00839996
v -16.42841148 -17.40108490 33.00812531
v -16.80300903 -16.93135452 33.00790787
v -17.34431648 -16.67067528 33.00778580
v -17.94512367 -16.67067528 33.00778580
v -18.48643112 -16.93135452 33.00790787
v -18.86102676 -17.40108490 33.00812531
v -18.99472046 -17.98682785 33.00839996
v -18.86102676 -18.57257080 33.00867462
v -18.48643112 -19.04229927 33.00889206
v -17.94512367 -19.30298042 33.00901413
v -17.34431648 -19.30298042 33.00901413
v -16.80300903 -19.04229927 33.00889206
v 18.17158890 -40.57256699 33.01894379
v 18.30528069 -39.98682404 33.01866913
v 18.17158890 -39.40108109 33.01839828
v 17.79699135 -38.93135452 33.01817703
v 17.25568390 -38.67067337 33.01805496
v 16.65487671 -38.67067337 33.01805496
v 16.11356926 -38.93135452 33.01817703
v 15.73897266 -39.40108109 33.01839828
v 15.60527992 -39.98682404 33.01866913
v 15.73897266 -40.57256699 33.01894379
v 16.11356926 -41.04229736 33.01916504
v 16.65487671 -41.30297852 33.01928711
v 17.25568390 -41.30297852 33.01928711
v 17.79699135 -41.04229736 33.01916504
v 18.17158890 -18.57257080 33.00867462
v 18.30528069 -17.98682785 33.00839996
v 18.17158890 -17.40108490 33.00812531
v 17.79699135 -16.93135452 33.00790787
v 17.25568390 -16.67067528 33.00778580
v 16.65487671 -16.67067528 33.00778580
v 16.11356926 -16.93135452 33.00790787
v 15.73897266 -17.40108490 33.00812531
v 15.60527992 -17.98682785 33.00839996
v 15.73897266 -18.57257080 33.00867462
v 16.11356926 -19.04229927 33.00889206
v 16.65487671 -19.30298042 33.00901413
v 17.25568390 -19.30298042 33.00901413
v 17.79699135 -19.04229927 33.00889206
v 24.48541069 25.68920326 35.98801041
v 24.48541069 26.33372879 35.98770905
v 24.74756432 26.92253304 35.98743439
v 0.48066995 62.53747940 35.97080994
v 25.22653961 27.35380554 35.98723602
v 1.03884602 62.85974121 35.97065735
v 31.24771690 32.67268753 35.98475266
v 31.72669411 33.10395813 35.98455048
v 25.22653961 24.66912651 35.98848724
v 25.83952141 24.46995735 35.98857880
v 26.48051643 24.53732872 35.98854828
v 27.03869247 24.85959244 35.98839951
v 27.41753578 25.38102531 35.98815536
v 32.98067093 30.28748131 35.98586655
v 33.53884506 30.60974503 35.98571396
v 54.17334366 31.10055161 35.98548508
v 54.65232086 30.66927910 35.98568726
v 55.26530075 30.47010994 35.98577881
v 46.50169373 -6.73837662 36.00315094
v 47.00169373 -6.87235117 36.00321198
v 24.48541069 -25.66626549 36.01198578
v 24.74756432 -25.07746124 36.01171112
v 25.22653961 -24.64618874 36.01150894
v 28.34280968 -67.25951385 36.03140259
v 28.98380470 -67.32688904 36.03143311
v 32.98067093 -33.21251297 36.01551056
v 29.54198074 -67.64914703 36.03158569
v 54.65232086 -33.33071136 36.01556396
v 29.92082405 -68.17057800 36.03182983
v 55.26530075 -33.52988434 36.01565552
v 30.05482864 -68.80102539 36.03212357
v 55.90629578 -33.46251297 36.01562500
v 30.74725151 -72.21523285 36.03371811
v 72.22825623 -30.73423958 36.01435089
v -0.16032551 -62.44686127 36.02915573
v 0.48066995 -62.51423264 36.02918625
v 1.03884602 -62.83649445 36.02933884
v -28.02246475 -67.32688904 36.03143311
v -27.46428871 -67.64914703 36.03158569
v -27.08544540 -68.17057800 36.03182983
v -24.44845963 -25.98852730 36.01213455
v -24.58246422 -26.61896896 36.01243210
v -24.96130753 -27.14040184 36.01267242
v -24.44845963 26.01146698 35.98786163
v -24.58246422 25.38102531 35.98815536
v -24.96130753 24.85959244 35.98839951
v -24.58246422 26.64190865 35.98756790
v -0.16032551 62.47010803 35.97084045
v -24.96130753 27.16334152 35.98732376
v -0.77330637 62.66927719 35.97074890
v -31.46115303 32.91349411 35.98463821
v -1.25228274 63.10054779 35.97054672
v -28.02246475 67.35012817 35.96856308
v -27.46428871 67.67239380 35.96841049
v -1.51443517 63.68935394 35.97027206
v -27.08544540 68.19382477 35.96817017
v -1.51443517 64.33387756 35.96997070
v -26.95144081 68.82427216 35.96787262
v -1.25228274 64.92268372 35.96969604
v -27.08544540 69.45471191 35.96757889
v -0.77330637 65.35395813 35.96949387
v -27.46428871 69.97614288 35.96733475
v -29.32995796 72.82395935 35.96600723
v -28.02246475 70.29840851 35.96718597
v -28.66345978 70.36577606 35.96715546
v -29.27644157 70.16661072 35.96724701
v -29.84759521 72.75581360 35.96603775
v -30.32995796 72.55601501 35.96613312
v -54.00793839 -32.61881638 36.01523209
v -34.01443481 -32.06063843 36.01497269
v -53.87393188 -31.98837471 36.01493835
v -34.01443481 -31.41611099 36.01467133
v -46.49830627 -21.73837471 36.01015091
v -38.49830627 -21.73837471 36.01015091
v -33.75228119 -30.82730675 36.01439667
v -33.27330780 -30.39603424 36.01419449
v -33.75228119 -32.64944077 36.01524734
v -54.38677979 -33.14024734 36.01547623
v -33.27330780 -33.08071136 36.01544571
v -29.27644157 -67.45868683 36.03149414
v -32.66032410 -33.27988434 36.01554108
v -32.01932907 -33.21251297 36.01551056
v -31.46115303 -32.89024734 36.01535797
v -31.08231163 -32.36881638 36.01511383
v -25.51948357 -27.46266556 36.01282501
v -26.16047859 -27.53003693 36.01285553
v -29.75541687 -67.88995361 36.03169632
v -54.94495773 -33.46251297 36.01562500
v -30.01756859 -68.47875977 36.03197098
v -55.58595276 -33.52988434 36.01565552
v -30.74417114 -72.21523285 36.03371811
v -56.19893265 -33.33071136 36.01556396
v -72.22517395 -30.73423958 36.01435089
v -68.97297668 -30.03301811 36.01402283
v -69.58596039 -29.83384705 36.01393127
v -68.33198547 -29.96564674 36.01399231
v -56.67790985 -32.89944077 36.01536179
v -67.77380371 -29.64338303 36.01384354
v -56.94005966 -32.31063843 36.01508713
v -67.39496613 -29.12195015 36.01359940
v -56.94005966 -31.66611099 36.01478577
v -67.26096344 -28.49150848 36.01330566
v -56.67790985 -31.07730675 36.01451111
v -67.39496613 -27.86106682 36.01301193
v -56.19893265 -30.64603424 36.01430893
v -67.77380371 -27.33963394 36.01276779
v -55.58595276 -30.44686508 36.01421738
v -47.49830627 -20.73837471 36.00968552
v -47.36433029 -21.23837471 36.00991821
v -54.94495773 -30.51423645 36.01424789
v -54.38677979 -30.83650017 36.01440048
v -46.99830627 -21.60440063 36.01008987
v -54.00793839 -31.35793304 36.01464462
v -54.00793839 31.38117790 35.98535538
v -34.01443481 31.43935585 35.98532867
v -53.87393188 32.01161957 35.98506165
v -34.01443481 32.08388138 35.98502731
v -54.00793839 32.64205933 35.98476410
v -33.75228119 32.67268753 35.98475266
v -54.38677979 33.16349411 35.98452377
v -33.27330780 33.10395813 35.98455048
v -29.27644157 67.48192596 35.96850204
v -32.66032410 33.30312729 35.98445511
v -28.66345978 67.28276062 35.96859360
v -32.01932907 33.23575592 35.98448944
v -33.75228119 30.85055161 35.98560333
v -54.38677979 30.85974503 35.98559570
v -54.94495773 30.53748131 35.98574829
v -46.49830627 -6.73837662 36.00315094
v -38.49830627 -6.73837662 36.00315094
v -37.99830627 -6.87235117 36.00321198
v -37.63228226 -7.23837662 36.00338364
v -46.99830627 -6.87235117 36.00321198
v -55.58595276 30.47010994 35.98577881
v -67.77380371 27.36287880 35.98722839
v -56.19893265 30.66927910 35.98568726
v -67.39496613 27.88431168 35.98698807
v -56.67790985 31.10055161 35.98548508
v -67.26096344 28.51475334 35.98669052
v -56.94005966 31.68935585 35.98521042
v -67.39496613 29.14519501 35.98639679
v -56.94005966 32.33388138 35.98490906
v -67.77380371 29.66662788 35.98615265
v -56.67790985 32.92268753 35.98463440
v -68.33198547 29.98889160 35.98600388
v -56.19893265 33.35395813 35.98443222
v -68.97297668 30.05626297 35.98597336
v -72.22517395 30.75717735 35.98564529
v -69.58596039 29.85709381 35.98606491
v -70.06493378 29.42582130 35.98626709
v -72.54301453 30.34296417 35.98583984
v -70.32708740 28.83701706 35.98654175
v -72.74281311 29.86060143 35.98606491
v -72.81095886 29.34296417 35.98630524
v -30.74417114 72.23817444 35.96628189
v -55.58595276 33.55312729 35.98434067
v -30.01756859 68.50200653 35.96802521
v -54.94495773 33.48575592 35.98437119
v -29.75541687 67.91320038 35.96829987
v -25.51948357 24.53732872 35.98854828
v -26.16047859 24.46995735 35.98857880
v -26.77346039 24.66912651 35.98848724
v -27.25243568 25.10039902 35.98828506
v -33.27330780 30.41927910 35.98580170
v -32.66032410 30.22010994 35.98589706
v -27.51458931 25.68920326 35.98801041
v -32.01932907 30.28748131 35.98586655
v -27.51458931 26.33372879 35.98770905
v -31.46115303 30.60974503 35.98571396
v -27.25243568 26.92253304 35.98743439
v -31.08231163 31.13117790 35.98546982
v -26.77346039 27.35380554 35.98723602
v -30.94830704 31.76161957 35.98517609
v -26.16047859 27.55297470 35.98714066
v -31.08231163 32.39205933 35.98488235
v -25.51948357 27.48560333 35.98717117
v -30.01756859 69.14653015 35.96772385
v -29.75541687 69.73533630 35.96744919
v -30.94830704 -31.73837471 36.01482010
v -26.77346039 -27.33086777 36.01276398
v -31.08231163 -31.10793304 36.01452637
v -27.25243568 -26.89959526 36.01256180
v -31.46115303 -30.58650017 36.01428223
v -27.51458931 -26.31079102 36.01228714
v -32.01932907 -30.26423645 36.01413345
v -27.51458931 -25.66626549 36.01198578
v -32.66032410 -30.19686508 36.01409912
v -37.63228226 -21.23837471 36.00991821
v -37.99830627 -21.60440063 36.01008987
v -27.25243568 -25.07746124 36.01171112
v -37.49830627 -20.73837471 36.00968552
v -26.77346039 -24.64618874 36.01150894
v -26.16047859 -24.44701958 36.01141739
v -37.49830627 -7.73837662 36.00361633
v -25.51948357 -24.51439095 36.01144791
v -24.96130753 -24.83665466 36.01159668
v -24.58246422 -25.35808563 36.01184082
v 27.41753578 -26.61896896 36.01243210
v 31.72669411 -30.39603424 36.01419449
v 27.55154037 -25.98852730 36.01213455
v 32.33967590 -30.19686508 36.01409912
v 37.63566971 -21.23837471 36.00991821
v 32.98067093 -30.26423645 36.01413345
v 38.00169373 -21.60440063 36.01008987
v 33.53884506 -30.58650017 36.01428223
v 38.50169373 -21.73837471 36.01015091
v 33.91769028 -31.10793304 36.01452637
v 46.50169373 -21.73837471 36.01015091
v 34.05169296 -31.73837471 36.01482010
v 53.91119003 -31.66611099 36.01478577
v 53.91119003 -32.31063843 36.01508713
v 33.91769028 -32.36881638 36.01511383
v 54.17334366 -32.89944077 36.01536179
v 33.53884506 -32.89024734 36.01535797
v 31.24771690 -30.82730675 36.01439667
v 27.03869247 -27.14040184 36.01267242
v 30.98556519 -31.41611099 36.01467133
v 26.48051643 -27.46266556 36.01282501
v 30.98556519 -32.06063843 36.01497269
v 25.83952141 -27.53003693 36.01285553
v 31.24771690 -32.64944077 36.01524734
v 31.72669411 -33.08071136 36.01544571
v 32.33967590 -33.27988434 36.01554108
v 25.22653961 -27.33086777 36.01276398
v 24.74756432 -26.89959526 36.01256180
v 24.48541069 -26.31079102 36.01228714
v 25.83952141 -24.44701958 36.01141739
v 37.50169373 -7.73837662 36.00361633
v 37.63566971 -7.23837662 36.00338364
v 26.48051643 -24.51439095 36.01144791
v 37.50169373 -20.73837471 36.00968552
v 27.03869247 -24.83665466 36.01159668
v 27.41753578 -25.35808563 36.01184082
v 33.91769028 31.13117790 35.98546982
v 53.91119003 31.68935585 35.98521042
v 34.05169296 31.76161957 35.98517609
v 53.91119003 32.33388138 35.98490906
v 33.91769028 32.39205933 35.98488235
v 54.17334366 32.92268753 35.98463440
v 33.53884506 32.91349411 35.98463821
v 54.65232086 33.35395813 35.98443222
v 32.98067093 33.23575592 35.98448944
v 29.54198074 67.67239380 35.96841049
v 28.98380470 67.35012817 35.96856308
v 32.33967590 30.22010994 35.98589706
v 27.55154037 26.01146698 35.98786163
v 31.72669411 30.41927910 35.98580170
v 27.41753578 26.64190865 35.98756790
v 31.24771690 30.85055161 35.98560333
v 27.03869247 27.16334152 35.98732376
v 30.98556519 31.43935585 35.98532867
v 26.48051643 27.48560333 35.98717117
v 30.98556519 32.08388138 35.98502731
v 25.83952141 27.55297470 35.98714066
v 32.33967590 33.30312729 35.98445511
v 28.34280968 67.28276062 35.96859360
v 27.72982788 67.48192596 35.96850204
v 1.41768909 63.38117218 35.97041702
v 27.25085068 67.91320038 35.96829987
v 1.55169356 64.01161194 35.97011948
v 26.98869896 68.50200653 35.96802521
v 1.41768909 64.64205933 35.96982574
v 26.98869896 69.14653015 35.96772385
v 1.03884602 65.16349030 35.96958160
v 27.25085068 69.73533630 35.96744919
v 29.33303833 72.82395935 35.96600723
v 27.72982788 70.16661072 35.96724701
v 28.34280968 70.36577606 35.96715546
v -68.33198547 27.04061699 35.98738098
v -47.36433029 -7.23837662 36.00338364
v -68.97297668 26.97324562 35.98741150
v -68.97297668 -26.95000076 36.01258469
v -69.58596039 27.17241478 35.98731995
v -69.58596039 -27.14916992 36.01267624
v -72.81095886 -29.32002640 36.01369095
v -70.06493378 27.60368729 35.98711777
v -70.32708740 28.19249153 35.98684311
v -27.08544540 -69.43146515 36.03241730
v -1.25228274 -64.89943695 36.03030014
v -26.95144081 -68.80102539 36.03212357
v -1.51443517 -64.31063080 36.03002548
v -1.51443517 -63.66610718 36.02972412
v -1.25228274 -63.07730484 36.02944946
v -0.77330637 -62.64603043 36.02925110
v -0.77330637 -65.33071136 36.03050232
v -27.46428871 -69.95289612 36.03266144
v -29.32995796 -72.80102539 36.03398895
v -28.02246475 -70.27516174 36.03281021
v -28.66345978 -70.34252930 36.03284073
v -29.27644157 -70.14336395 36.03274918
v -29.84759521 -72.73287201 36.03395844
v -30.32995796 -72.53307343 36.03386307
v -29.75541687 -69.71208954 36.03254700
v -30.01756859 -69.12328339 36.03227234
v -28.66345978 -67.25951385 36.03140259
v -70.06493378 -29.40257645 36.01372910
v -72.54301453 -30.32002640 36.01416016
v -70.32708740 -28.81377220 36.01345444
v -72.74281311 -29.83766365 36.01393509
v -70.32708740 -28.16924477 36.01315308
v -70.06493378 -27.58044243 36.01287842
v -47.49830627 -7.73837662 36.00361633
v -68.33198547 -27.01737213 36.01261520
v 1.41768909 -64.61881256 36.03017044
v 26.98869896 -68.47875977 36.03197098
v 1.55169356 -63.98836899 36.02987671
v 1.41768909 -63.35792923 36.02958298
v 26.98869896 -69.12328339 36.03227234
v 1.03884602 -65.14024353 36.03041458
v 27.25085068 -69.71208954 36.03254700
v 29.33303833 -72.80102539 36.03398895
v 27.72982788 -70.14336395 36.03274918
v 28.34280968 -70.34252930 36.03284073
v 28.98380470 -70.27516174 36.03281021
v 29.85067558 -72.73287201 36.03395844
v 30.33303833 -72.53307343 36.03386307
v 0.48066995 -65.46250916 36.03056335
v -0.16032551 -65.52987671 36.03059387
v 29.92082405 -69.43146515 36.03241730
v 29.54198074 -69.95289612 36.03266144
v 27.25085068 -67.88995361 36.03169632
v 27.72982788 -67.45868683 36.03149414
v 38.00169373 -6.87235117 36.00321198
v 38.50169373 -6.73837662 36.00315094
v 68.03934479 27.17241478 35.98731995
v 47.36771774 -7.23837662 36.00338364
v 68.65232849 26.97324562 35.98741150
v 69.29331970 27.04061699 35.98738098
v 69.29331970 -27.01737213 36.01261520
v 69.85150146 27.36287880 35.98722839
v 69.85150146 -27.33963394 36.01276779
v 72.81404114 29.34296417 35.98630524
v 72.81404114 -29.32002640 36.01369095
v 70.23033905 -27.86106682 36.01301193
v 70.36434937 -28.49150848 36.01330566
v 47.50169373 -7.73837662 36.00361633
v 68.65232849 -26.95000076 36.01258469
v 68.03934479 -27.14916992 36.01267624
v 47.50169373 -20.73837471 36.00968552
v 67.56037140 -27.58044243 36.01287842
v 55.90629578 -30.51423645 36.01424789
v 56.46447372 -30.83650017 36.01440048
v 55.26530075 -30.44686508 36.01421738
v 47.36771774 -21.23837471 36.00991821
v 54.65232086 -30.64603424 36.01430893
v 47.00169373 -21.60440063 36.01008987
v 54.17334366 -31.07730675 36.01451111
v 29.92082405 68.19382477 35.96817017
v 55.26530075 33.55312729 35.98434067
v 30.05482864 68.82427216 35.96787262
v 55.90629578 33.48575592 35.98437119
v 30.74725151 72.23817444 35.96628189
v 72.22825623 30.75717735 35.98564529
v 56.46447372 33.16349411 35.98452377
v 68.65232849 30.05626297 35.98597336
v 68.03934479 29.85709381 35.98606491
v 56.84331512 32.64205933 35.98476410
v 67.56037140 29.42582130 35.98626709
v 56.97731781 32.01161957 35.98506165
v 67.29821777 28.83701706 35.98654175
v 56.84331512 31.38117790 35.98535538
v 67.29821777 28.19249153 35.98684311
v 56.46447372 30.85974503 35.98559570
v 67.56037140 27.60368729 35.98711777
v 55.90629578 30.53748131 35.98574829
v 28.98380470 70.29840851 35.96718597
v 29.85067558 72.75581360 35.96603775
v 30.33303833 72.55601501 35.96613312
v 29.54198074 69.97614288 35.96733475
v 29.92082405 69.45471191 35.96757889
v 70.23033905 -29.12195015 36.01359940
v 72.74589539 -29.83766365 36.01393509
v 72.54608917 -30.32002640 36.01416016
v 69.85150146 -29.64338303 36.01384354
v 69.29331970 -29.96564674 36.01399231
v 68.65232849 -30.03301811 36.01402283
v 56.46447372 -33.14024734 36.01547623
v 68.03934479 -29.83384705 36.01393127
v 56.84331512 -32.61881638 36.01523209
v 67.56037140 -29.40257645 36.01372910
v 56.97731781 -31.98837471 36.01493835
v 67.29821777 -28.81377220 36.01345444
v 56.84331512 -31.35793304 36.01464462
v 67.29821777 -28.16924477 36.01315308
v 70.23033905 29.14519501 35.98639679
v 70.36434937 28.51475334 35.98669052
v 70.23033905 27.88431168 35.98698807
v 69.29331970 29.98889160 35.98600388
v 69.85150146 29.66662788 35.98615265
v -0.16032551 65.55312347 35.96940231
v 0.48066995 65.48575592 35.96943283
v 24.74756432 25.10039902 35.98828506
v 72.74589539 29.86060143 35.98606491
v 72.54608917 30.34296417 35.98583984
v 33.91769028 -31.10933304 33.01452637
v 34.05169296 -31.73977470 33.01482010
v 33.91769028 -32.37021637 33.01511383
v 33.53884506 -32.89164734 33.01535797
v 32.98067093 -33.21391296 33.01551056
v 32.33967590 -33.28128433 33.01554108
v 31.72669411 -33.08211517 33.01544571
v 31.24771690 -32.65084076 33.01524734
v 30.98556519 -32.06203842 33.01497269
v 30.98556519 -31.41751099 33.01467133
v 31.24771690 -30.82870674 33.01439667
v 31.72669411 -30.39743614 33.01419449
v 32.33967590 -30.19826508 33.01410294
v 32.98067093 -30.26563644 33.01413345
v 33.53884506 -30.58790016 33.01428223
v 27.41753578 26.64050674 32.98756790
v 27.55154037 26.01006508 32.98786163
v 27.41753578 25.37962341 32.98815536
v 27.03869247 24.85819054 32.98839951
v 26.48051643 24.53592873 32.98854828
v 25.83952141 24.46855736 32.98858261
v 25.22653961 24.66772652 32.98848724
v 24.74756432 25.09899902 32.98828506
v 24.48541069 25.68780327 32.98801041
v 24.48541069 26.33232880 32.98770905
v 24.74756432 26.92113304 32.98743439
v 25.22653961 27.35240555 32.98723602
v 25.83952141 27.55157471 32.98714066
v 26.48051643 27.48420334 32.98717117
v 27.03869247 27.16193962 32.98732376
v 56.84331512 -31.35933304 33.01464462
v 56.97731781 -31.98977470 33.01493835
v 56.84331512 -32.62021637 33.01523209
v 56.46447372 -33.14164734 33.01547623
v 55.90629578 -33.46391296 33.01562500
v 55.26530075 -33.53128433 33.01565552
v 54.65232086 -33.33211517 33.01556396
v 54.17334366 -32.90084076 33.01536179
v 53.91119003 -32.31203842 33.01508713
v 53.91119003 -31.66751099 33.01478577
v 54.17334366 -31.07870674 33.01451111
v 54.65232086 -30.64743423 33.01431274
v 55.26530075 -30.44826508 33.01421738
v 55.90629578 -30.51563644 33.01424789
v 56.46447372 -30.83790016 33.01440048
v 1.41768909 64.64065552 32.96982574
v 1.55169356 64.01021576 32.97012329
v 1.41768909 63.37977219 32.97041702
v 1.03884602 62.85834122 32.97065735
v 0.48066995 62.53607941 32.97080994
v -0.16032551 62.46870804 32.97084045
v -0.77330637 62.66787720 32.97074890
v -1.25228274 63.09914780 32.97054672
v -1.51443517 63.68795395 32.97027206
v -1.51443517 64.33248138 32.96997070
v -1.25228274 64.92127991 32.96969604
v -0.77330637 65.35255432 32.96949387
v -0.16032551 65.55172729 32.96940231
v 0.48066995 65.48435211 32.96943283
v 1.03884602 65.16208649 32.96958542
v 70.23033905 29.14379501 32.98639679
v 70.36434937 28.51335335 32.98669434
v 70.23033905 27.88291168 32.98698807
v 69.85150146 27.36147881 32.98722839
v 69.29331970 27.03921509 32.98738098
v 68.65232849 26.97184372 32.98741150
v 68.03934479 27.17101479 32.98731995
v 67.56037140 27.60228539 32.98711777
v 67.29821777 28.19108963 32.98684311
v 67.29821777 28.83561707 32.98654175
v 67.56037140 29.42442131 32.98626709
v 68.03934479 29.85569191 32.98606491
v 68.65232849 30.05486298 32.98597336
v 69.29331970 29.98749161 32.98600388
v 69.85150146 29.66522789 32.98615646
v 70.23033905 -27.86246681 33.01301193
v 70.36434937 -28.49290848 33.01330566
v 70.23033905 -29.12335014 33.01359940
v 69.85150146 -29.64478302 33.01384354
v 69.29331970 -29.96704674 33.01399231
v 68.65232849 -30.03441811 33.01402283
v 68.03934479 -29.83524895 33.01393127
v 67.56037140 -29.40397644 33.01372910
v 67.29821777 -28.81517220 33.01345444
v 67.29821777 -28.17064667 33.01315308
v 67.56037140 -27.58184242 33.01287842
v 68.03934479 -27.15056992 33.01268005
v 68.65232849 -26.95140076 33.01258469
v 69.29331970 -27.01877213 33.01261520
v 69.85150146 -27.34103394 33.01276779
v -38.49830627 -21.73977470 33.01015091
v -46.49830627 -21.73977470 33.01015091
v -37.49830627 -20.73977470 33.00968552
v -37.63228226 -21.23977470 33.00991821
v -37.99830627 -21.60580063 33.01008987
v -37.49830627 -7.73977709 33.00361633
v -38.49830627 -6.73977709 33.00315094
v -37.99830627 -6.87375164 33.00321198
v -37.63228226 -7.23977709 33.00338364
v -46.49830627 -6.73977709 33.00315094
v -47.49830627 -7.73977709 33.00361633
v -47.36433029 -7.23977709 33.00338364
v -46.99830627 -6.87375164 33.00321198
v -47.49830627 -20.73977470 33.00968552
v -46.99830627 -21.60580063 33.01008987
v -47.36433029 -21.23977470 33.00991821
v 56.84331512 32.64065933 32.98476410
v 56.97731781 32.01021957 32.98506165
v 56.84331512 31.37977600 32.98535538
v 56.46447372 30.85834503 32.98559952
v 55.90629578 30.53608131 32.98574829
v 55.26530075 30.46870995 32.98577881
v 54.65232086 30.66787910 32.98568726
v 54.17334366 31.09915161 32.98548508
v 53.91119003 31.68795586 32.98521042
v 53.91119003 32.33248138 32.98490906
v 54.17334366 32.92128754 32.98463440
v 54.65232086 33.35255814 32.98443222
v 55.26530075 33.55172729 32.98434067
v 55.90629578 33.48435593 32.98437119
v 56.46447372 33.16209412 32.98452377
v 29.92082405 69.45330811 32.96757889
v 30.05482864 68.82286835 32.96787643
v 29.92082405 68.19242859 32.96817017
v 29.54198074 67.67098999 32.96841431
v 28.98380470 67.34873199 32.96856308
v 28.34280968 67.28135681 32.96859360
v 27.72982788 67.48052979 32.96850204
v 27.25085068 67.91180420 32.96829987
v 26.98869896 68.50060272 32.96802521
v 26.98869896 69.14513397 32.96772385
v 27.25085068 69.73393250 32.96744919
v 27.72982788 70.16520691 32.96724701
v 28.34280968 70.36437988 32.96715546
v 28.98380470 70.29700470 32.96718597
v 29.54198074 69.97473907 32.96733856
v -31.08231163 -31.10933304 33.01452637
v -30.94830704 -31.73977470 33.01482010
v -31.08231163 -32.37021637 33.01511383
v -31.46115303 -32.89164734 33.01535797
v -32.01932907 -33.21391296 33.01551056
v -32.66032410 -33.28128433 33.01554108
v -33.27330780 -33.08211517 33.01544571
v -33.75228119 -32.65084076 33.01524734
v -34.01443481 -32.06203842 33.01497269
v -34.01443481 -31.41751099 33.01467133
v -33.75228119 -30.82870674 33.01439667
v -33.27330780 -30.39743614 33.01419449
v -32.66032410 -30.19826508 33.01410294
v -32.01932907 -30.26563644 33.01413345
v -31.46115303 -30.58790016 33.01428223
v -31.08231163 32.39065933 32.98488235
v -30.94830704 31.76021957 32.98517609
v -31.08231163 31.12977600 32.98546982
v -31.46115303 30.60834503 32.98571396
v -32.01932907 30.28608131 32.98586655
v -32.66032410 30.21870995 32.98589706
v -33.27330780 30.41787910 32.98580170
v -33.75228119 30.84915161 32.98560333
v -34.01443481 31.43795586 32.98532867
v -34.01443481 32.08248138 32.98502731
v -33.75228119 32.67128754 32.98475266
v -33.27330780 33.10255814 32.98455048
v -32.66032410 33.30172729 32.98445892
v -32.01932907 33.23435593 32.98448944
v -31.46115303 32.91209412 32.98463821
v 47.50169373 -20.73977470 33.00968552
v 47.36771774 -21.23977470 33.00991821
v 47.00169373 -21.60580063 33.01008987
v 46.50169373 -21.73977470 33.01015091
v 47.50169373 -7.73977709 33.00361633
v 46.50169373 -6.73977709 33.00315094
v 47.00169373 -6.87375164 33.00321198
v 47.36771774 -7.23977709 33.00338364
v 38.50169373 -6.73977709 33.00315094
v 37.50169373 -7.73977709 33.00361633
v 37.63566971 -7.23977709 33.00338364
v 38.00169373 -6.87375164 33.00321198
v 37.50169373 -20.73977470 33.00968552
v 38.50169373 -21.73977470 33.01015091
v 38.00169373 -21.60580063 33.01008987
v 37.63566971 -21.23977470 33.00991821
v 29.92082405 -68.17198181 33.03182983
v 30.05482864 -68.80242157 33.03212357
v 29.92082405 -69.43286896 33.03241730
v 29.54198074 -69.95429993 33.03266144
v 28.98380470 -70.27655792 33.03281021
v 28.34280968 -70.34393311 33.03284073
v 27.72982788 -70.14476013 33.03274918
v 27.25085068 -69.71349335 33.03254700
v 26.98869896 -69.12468719 33.03227234
v 26.98869896 -68.48016357 33.03197098
v 27.25085068 -67.89135742 33.03169632
v 27.72982788 -67.46008301 33.03149796
v 28.34280968 -67.26091766 33.03140259
v 28.98380470 -67.32828522 33.03143311
v 29.54198074 -67.65055084 33.03158569
v 1.41768909 -63.35932922 33.02958298
v 1.55169356 -63.98977280 33.02987671
v 1.41768909 -64.62021637 33.03017044
v 1.03884602 -65.14164734 33.03041458
v 0.48066995 -65.46390533 33.03056335
v -0.16032551 -65.53128052 33.03059769
v -0.77330637 -65.33210754 33.03050232
v -1.25228274 -64.90084076 33.03030014
v -1.51443517 -64.31203461 33.03002548
v -1.51443517 -63.66750717 33.02972412
v -1.25228274 -63.07870483 33.02944946
v -0.77330637 -62.64743042 33.02925110
v -0.16032551 -62.44826126 33.02915573
v 0.48066995 -62.51563263 33.02918625
v 1.03884602 -62.83789825 33.02933884
v -67.39496613 -27.86246681 33.01301193
v -67.26096344 -28.49290848 33.01330566
v -67.39496613 -29.12335014 33.01359940
v -67.77380371 -29.64478302 33.01384354
v -68.33198547 -29.96704674 33.01399231
v -68.97297668 -30.03441811 33.01402283
v -69.58596039 -29.83524895 33.01393127
v -70.06493378 -29.40397644 33.01372910
v -70.32708740 -28.81517220 33.01345444
v -70.32708740 -28.17064667 33.01315308
v -70.06493378 -27.58184242 33.01287842
v -69.58596039 -27.15056992 33.01268005
v -68.97297668 -26.95140076 33.01258469
v -68.33198547 -27.01877213 33.01261520
v -67.77380371 -27.34103394 33.01276779
v -27.08544540 -68.17198181 33.03182983
v -26.95144081 -68.80242157 33.03212357
v -27.08544540 -69.43286896 33.03241730
v -27.46428871 -69.95429993 33.03266144
v -28.02246475 -70.27655792 33.03281021
v -28.66345978 -70.34393311 33.03284073
v -29.27644157 -70.14476013 33.03274918
v -29.75541687 -69.71349335 33.03254700
v -30.01756859 -69.12468719 33.03227234
v -30.01756859 -68.48016357 33.03197098
v -29.75541687 -67.89135742 33.03169632
v -29.27644157 -67.46008301 33.03149796
v -28.66345978 -67.26091766 33.03140259
v -28.02246475 -67.32828522 33.03143311
v -27.46428871 -67.65055084 33.03158569
v -67.39496613 29.14379501 32.98639679
v -67.26096344 28.51335335 32.98669434
v -67.39496613 27.88291168 32.98698807
v -67.77380371 27.36147881 32.98722839
v -68.33198547 27.03921509 32.98738098
v -68.97297668 26.97184372 32.98741150
v -69.58596039 27.17101479 32.98731995
v -70.06493378 27.60228539 32.98711777
v -70.32708740 28.19108963 32.98684311
v -70.32708740 28.83561707 32.98654175
v -70.06493378 29.42442131 32.98626709
v -69.58596039 29.85569191 32.98606491
v -68.97297668 30.05486298 32.98597336
v -68.33198547 29.98749161 32.98600388
v -67.77380371 29.66522789 32.98615646
v 33.91769028 32.39065933 32.98488235
v 34.05169296 31.76021957 32.98517609
v 33.91769028 31.12977600 32.98546982
v 33.53884506 30.60834503 32.98571396
v 32.98067093 30.28608131 32.98586655
v 32.33967590 30.21870995 32.98589706
v 31.72669411 30.41787910 32.98580170
v 31.24771690 30.84915161 32.98560333
v 30.98556519 31.43795586 32.98532867
v 30.98556519 32.08248138 32.98502731
v 31.24771690 32.67128754 32.98475266
v 31.72669411 33.10255814 32.98455048
v 32.33967590 33.30172729 32.98445892
v 32.98067093 33.23435593 32.98448944
v 33.53884506 32.91209412 32.98463821
v 27.41753578 -25.35948753 33.01184082
v 27.55154037 -25.98992920 33.01213837
v 27.41753578 -26.62037086 33.01243210
v 27.03869247 -27.14180374 33.01267624
v 26.48051643 -27.46406555 33.01282501
v 25.83952141 -27.53143692 33.01285553
v 25.22653961 -27.33226776 33.01276398
v 24.74756432 -26.90099525 33.01256180
v 24.48541069 -26.31219101 33.01228714
v 24.48541069 -25.66766548 33.01198578
v 24.74756432 -25.07886124 33.01171112
v 25.22653961 -24.64758873 33.01150894
v 25.83952141 -24.44841957 33.01141739
v 26.48051643 -24.51579094 33.01144791
v 27.03869247 -24.83805466 33.01160049
v -24.58246422 -25.35948753 33.01184082
v -24.44845963 -25.98992920 33.01213837
v -24.58246422 -26.62037086 33.01243210
v -24.96130753 -27.14180374 33.01267624
v -25.51948357 -27.46406555 33.01282501
v -26.16047859 -27.53143692 33.01285553
v -26.77346039 -27.33226776 33.01276398
v -27.25243568 -26.90099525 33.01256180
v -27.51458931 -26.31219101 33.01228714
v -27.51458931 -25.66766548 33.01198578
v -27.25243568 -25.07886124 33.01171112
v -26.77346039 -24.64758873 33.01150894
v -26.16047859 -24.44841957 33.01141739
v -25.51948357 -24.51579094 33.01144791
v -24.96130753 -24.83805466 33.01160049
v -27.08544540 69.45330811 32.96757889
v -26.95144081 68.82286835 32.96787643
v -27.08544540 68.19242859 32.96817017
v -27.46428871 67.67098999 32.96841431
v -28.02246475 67.34873199 32.96856308
v -28.66345978 67.28135681 32.96859360
v -29.27644157 67.48052979 32.96850204
v -29.75541687 67.91180420 32.96829987
v -30.01756859 68.50060272 32.96802521
v -30.01756859 69.14513397 32.96772385
v -29.75541687 69.73393250 32.96744919
v -29.27644157 70.16520691 32.96724701
v -28.66345978 70.36437988 32.96715546
v -28.02246475 70.29700470 32.96718597
v -27.46428871 69.97473907 32.96733856
v -24.58246422 26.64050674 32.98756790
v -24.44845963 26.01006508 32.98786163
v -24.58246422 25.37962341 32.98815536
v -24.96130753 24.85819054 32.98839951
v -25.51948357 24.53592873 32.98854828
v -26.16047859 24.46855736 32.98858261
v -26.77346039 24.66772652 32.98848724
v -27.25243568 25.09899902 32.98828506
v -27.51458931 25.68780327 32.98801041
v -27.51458931 26.33232880 32.98770905
v -27.25243568 26.92113304 32.98743439
v -26.77346039 27.35240555 32.98723602
v -26.16047859 27.55157471 32.98714066
v -25.51948357 27.48420334 32.98717117
v -24.96130753 27.16193962 32.98732376
v -54.00793839 32.64065933 32.98476410
v -53.87393188 32.01021957 32.98506165
v -54.00793839 31.37977600 32.98535538
v -54.38677979 30.85834503 32.98559952
v -54.94495773 30.53608131 32.98574829
v -55.58595276 30.46870995 32.98577881
v -56.19893265 30.66787910 32.98568726
v -56.67790985 31.09915161 32.98548508
v -56.94005966 31.68795586 32.98521042
v -56.94005966 32.33248138 32.98490906
v -56.67790985 32.92128754 32.98463440
v -56.19893265 33.35255814 32.98443222
v -55.58595276 33.55172729 32.98434067
v -54.94495773 33.48435593 32.98437119
v -54.38677979 33.16209412 32.98452377
v -54.00793839 -31.35933304 33.01464462
v -53.87393188 -31.98977470 33.01493835
v -54.00793839 -32.62021637 33.01523209
v -54.38677979 -33.14164734 33.01547623
v -54.94495773 -33.46391296 33.01562500
v -55.58595276 -33.53128433 33.01565552
v -56.19893265 -33.33211517 33.01556396
v -56.67790985 -32.90084076 33.01536179
v -56.94005966 -32.31203842 33.01508713
v -56.94005966 -31.66751099 33.01478577
v -56.67790985 -31.07870674 33.01451111
v -56.19893265 -30.64743423 33.01431274
v -55.58595276 -30.44826508 33.01421738
v -54.94495773 -30.51563644 33.01424789
v -54.38677979 -30.83790016 33.01440048
v 29.33303833 72.82256317 32.96600723
v -29.32995796 72.82256317 32.96600723
v 30.74725151 72.23677063 32.96628189
v 30.33303833 72.55461121 32.96613312
v 29.85067558 72.75440979 32.96603775
v 72.22825623 30.75577736 32.98564529
v 72.81404114 29.34156418 32.98630524
v 72.74589539 29.85920143 32.98606491
v 72.54608917 30.34156227 32.98583984
v 72.81404114 -29.32142639 33.01369095
v 72.22825623 -30.73563957 33.01435089
v 72.54608917 -30.32142639 33.01416016
v 72.74589539 -29.83906364 33.01393509
v 30.74725151 -72.21663666 33.03371811
v 29.33303833 -72.80242157 33.03398895
v 29.85067558 -72.73427582 33.03395844
v 30.33303833 -72.53447723 33.03386688
v -29.32995796 -72.80242157 33.03398895
v -30.74417114 -72.21663666 33.03371811
v -30.32995796 -72.53447723 33.03386688
v -29.84759521 -72.73427582 33.03395844
v -72.22517395 -30.73563957 33.01435089
v -72.81095886 -29.32142639 33.01369095
v -72.74281311 -29.83906364 33.01393509
v -72.54301453 -30.32142639 33.01416016
v -72.81095886 29.34156418 32.98630524
v -72.22517395 30.75577736 32.98564529
v -72.54301453 30.34156227 32.98583984
v -72.74281311 29.85920143 32.98606491
v -30.74417114 72.23677063 32.96628189
v -29.84759521 72.75440979 32.96603775
v -30.32995796 72.55461121 32.96613312
f 1 2 3
f 3 2 4
f 3 4 5
f 5 4 6
f 5 6 7
f 7 6 8
f 7 8 9
f 9 8 10
f 9 10 11
f 11 10 12
f 11 12 13
f 13 12 14
f 13 14 15
f 15 14 16
f 15 16 17
f 17 16 18
f 17 18 19
f 19 18 20
f 19 20 21
f 21 20 22
f 21 22 23
f 23 22 24
f 23 24 25
f 25 24 26
f 25 26 27
f 27 26 28
f 27 28 29
f 29 28 30
f 29 30 31
f 31 30 32
f 31 32 33
f 33 32 34
f 33 34 35
f 35 34 36
f 35 36 37
f 37 36 38
f 37 38 39
f 39 38 40
f 39 40 41
f 41 40 42
f 41 42 43
f 43 42 44
f 43 44 45
f 45 44 46
f 45 46 47
f 47 46 48
f 47 48 49
f 49 48 50
f 49 50 51
f 51 50 52
f 51 52 53
f 53 52 54
f 53 54 55
f 55 54 56
f 55 56 57
f 57 56 58
f 57 58 59
f 59 58 60
f 59 60 61
f 61 60 62
f 61 62 63
f 63 62 64
f 63 64 65
f 65 64 66
f 65 66 67
f 67 66 68
f 67 68 69
f 69 68 70
f 69 70 71
f 71 70 72
f 71 72 73
f 73 72 74
f 73 74 75
f 75 74 76
f 75 76 77
f 77 76 78
f 77 78 79
f 79 78 80
f 79 80 81
f 81 80 82
f 81 82 83
f 83 82 84
f 83 84 85
f 85 84 86
f 85 86 87
f 87 86 88
f 87 88 89
f 89 88 90
f 89 90 91
f 91 90 92
f 91 92 93
f 93 92 94
f 93 94 95
f 95 94 96
f 95 96 97
f 97 96 98
f 97 98 99
f 99 98 100
f 99 100 101
f 101 100 102
f 101 102 103
f 103 102 104
f 103 104 105
f 105 104 106
f 105 106 107
f 107 106 108
f 107 108 109
f 109 108 110
f 109 110 111
f 111 110 112
f 111 112 113
f 113 112 114
f 113 114 115
f 115 114 116
f 115 116 117
f 117 116 118
f 117 118 119
f 119 118 120
f 119 120 121
f 121 120 122
f 121 122 123
f 123 122 124
f 123 124 125
f 125 124 126
f 125 126 127
f 127 126 128
f 127 128 129
f 129 128 130
f 129 130 131
f 131 130 132
f 131 132 133
f 133 132 134
f 133 134 135
f 135 134 136
f 135 136 137
f 137 136 138
f 137 138 139
f 139 138 140
f 139 140 141
f 141 140 142
f 141 142 143
f 143 142 144
f 143 144 145
f 145 144 146
f 145 146 147
f 147 146 148
f 147 148 149
f 149 148 150
f 149 150 151
f 151 150 152
f 151 152 153
f 153 152 154
f 153 154 155
f 155 154 156
f 155 156 157
f 157 156 158
f 157 158 159
f 159 158 160
f 159 160 161
f 161 160 162
f 161 162 163
f 163 162 164
f 163 164 165
f 165 164 166
f 165 166 167
f 167 166 168
f 167 168 169
f 169 168 170
f 169 170 171
f 171 170 172
f 171 172 173
f 173 172 174
f 173 174 175
f 175 174 176
f 175 176 177
f 177 176 178
f 177 178 179
f 179 178 180
f 179 180 181
f 181 180 182
f 181 182 183
f 183 182 184
f 183 184 185
f 185 184 186
f 185 186 187
f 187 186 188
f 187 188 189
f 189 188 190
f 189 190 191
f 191 190 192
f 191 192 193
f 193 192 194
f 193 194 195
f 195 194 196
f 195 196 197
f 197 196 198
f 197 198 199
f 199 198 200
f 199 200 201
f 201 200 202
f 201 202 203
f 203 202 204
f 203 204 205
f 205 204 206
f 205 206 207
f 207 206 208
f 207 208 209
f 209 208 210
f 209 210 211
f 211 210 212
f 211 212 213
f 213 212 214
f 213 214 215
f 215 214 216
f 215 216 217
f 217 216 218
f 217 218 219
f 219 218 220
f 219 220 221
f 221 220 222
f 221 222 223
f 223 222 224
f 223 224 225
f 225 224 226
f 225 226 227
f 227 226 228
f 227 228 229
f 229 228 230
f 229 230 231
f 231 230 232
f 231 232 233
f 233 232 234
f 233 234 235
f 235 234 236
f 235 236 237
f 237 236 238
f 237 238 239
f 2 1 240
f 240 1 241
f 240 241 242
f 242 241 243
f 242 243 244
f 244 243 245
f 244 245 246
f 246 245 247
f 246 247 248
f 248 247 249
f 248 249 250
f 250 249 251
f 250 251 252
f 252 251 253
f 252 253 254
f 254 253 255
f 254 255 256
f 256 255 257
f 256 257 258
f 258 257 259
f 258 259 260
f 260 259 261
f 260 261 262
f 262 261 263
f 262 263 264
f 264 263 265
f 264 265 266
f 266 265 267
f 266 267 268
f 268 267 269
f 268 269 270
f 270 269 271
f 270 271 272
f 272 271 273
f 272 273 274
f 274 273 275
f 274 275 276
f 276 275 277
f 276 277 278
f 278 277 279
f 278 279 280
f 280 279 281
f 280 281 282
f 282 281 283
f 282 283 284
f 284 283 285
f 284 285 286
f 286 285 287
f 286 287 288
f 288 287 289
f 288 289 290
f 290 289 291
f 290 291 292
f 292 291 293
f 292 293 294
f 294 293 295
f 294 295 296
f 296 295 297
f 296 297 298
f 298 297 299
f 298 299 300
f 300 299 301
f 300 301 302
f 302 301 303
f 302 303 304
f 304 303 305
f 304 305 306
f 306 305 307
f 306 307 308
f 308 307 309
f 308 309 310
f 310 309 311
f 310 311 312
f 312 311 313
f 312 313 314
f 314 313 315
f 314 315 316
f 316 315 317
f 316 317 318
f 318 317 319
f 318 319 320
f 320 319 321
f 320 321 322
f 322 321 323
f 322 323 324
f 324 323 325
f 324 325 326
f 326 325 327
f 326 327 328
f 328 327 329
f 328 329 330
f 330 329 331
f 330 331 332
f 330 332 71
f 71 332 69
f 333 334 335
f 335 334 336
f 335 336 337
f 337 336 338
f 337 338 339
f 339 338 340
f 339 340 341
f 341 340 342
f 341 342 343
f 343 342 344
f 343 344 345
f 345 344 346
f 345 346 347
f 347 346 348
f 347 348 349
f 349 348 350
f 349 350 351
f 351 350 352
f 351 352 353
f 353 352 354
f 353 354 355
f 355 354 356
f 355 356 357
f 357 356 358
f 357 358 359
f 359 358 360
f 359 360 361
f 361 360 362
f 361 362 363
f 363 362 182
f 363 182 180
f 334 333 364
f 364 333 365
f 364 365 366
f 366 365 367
f 366 367 368
f 368 367 369
f 368 369 370
f 370 369 371
f 370 371 372
f 372 371 373
f 372 373 374
f 374 373 375
f 374 375 376
f 376 375 377
f 376 377 378
f 378 377 379
f 378 379 380
f 380 379 381
f 380 381 382
f 382 381 383
f 382 383 384
f 384 383 385
f 384 385 386
f 386 385 238
f 386 238 236
f 237 239 387
f 387 239 388
f 387 388 389
f 389 388 390
f 389 390 391
f 391 390 392
f 391 392 393
f 393 392 394
f 393 394 395
f 395 394 396
f 395 396 397
f 397 396 398
f 397 398 399
f 399 398 400
f 399 400 401
f 401 400 402
f 401 402 403
f 403 402 404
f 403 404 405
f 405 404 406
f 405 406 407
f 407 406 408
f 407 408 409
f 409 408 410
f 409 410 411
f 411 410 412
f 411 412 413
f 413 412 414
f 413 414 415
f 415 414 416
f 415 416 417
f 417 416 418
f 417 418 419
f 419 418 420
f 419 420 421
f 421 420 422
f 421 422 423
f 423 422 424
f 423 424 425
f 425 424 426
f 425 426 427
f 427 426 428
f 427 428 429
f 429 428 430
f 429 430 431
f 431 430 432
f 431 432 433
f 433 432 434
f 433 434 435
f 435 434 436
f 435 436 437
f 437 436 438
f 437 438 439
f 439 438 440
f 439 440 130
f 130 440 132
f 438 441 440
f 440 441 442
f 440 442 132
f 132 442 134
f 441 443 442
f 442 443 444
f 442 444 134
f 134 444 136
f 443 445 444
f 444 445 446
f 444 446 136
f 136 446 138
f 445 447 446
f 446 447 448
f 446 448 138
f 138 448 140
f 447 449 448
f 448 449 450
f 448 450 140
f 140 450 142
f 449 451 450
f 450 451 452
f 450 452 142
f 142 452 144
f 451 453 452
f 452 453 454
f 452 454 144
f 144 454 146
f 453 455 454
f 454 455 456
f 454 456 146
f 146 456 148
f 455 457 456
f 456 457 458
f 456 458 148
f 148 458 150
f 457 459 458
f 458 459 460
f 458 460 150
f 150 460 152
f 459 461 460
f 460 461 462
f 460 462 152
f 152 462 154
f 461 463 462
f 462 463 464
f 462 464 154
f 154 464 156
f 463 465 464
f 464 465 466
f 464 466 156
f 156 466 158
f 465 467 466
f 466 467 468
f 466 468 158
f 158 468 160
f 467 469 468
f 468 469 470
f 468 470 160
f 160 470 162
f 469 471 470
f 470 471 472
f 470 472 162
f 162 472 164
f 471 473 472
f 472 473 474
f 472 474 164
f 164 474 166
f 473 475 474
f 474 475 476
f 474 476 166
f 166 476 168
f 475 477 476
f 476 477 478
f 476 478 168
f 168 478 170
f 477 479 478
f 478 479 480
f 478 480 170
f 170 480 172
f 479 481 480
f 480 481 482
f 480 482 172
f 172 482 174
f 481 483 482
f 482 483 484
f 482 484 174
f 174 484 176
f 483 485 484
f 484 485 486
f 484 486 176
f 176 486 178
f 485 487 486
f 486 487 488
f 486 488 178
f 178 488 180
f 487 489 488
f 488 489 363
f 488 363 180
f 489 361 363
f 4 167 6
f 6 167 169
f 6 169 8
f 8 169 171
f 8 171 10
f 10 171 173
f 10 173 12
f 12 173 175
f 12 175 14
f 14 175 177
f 14 177 16
f 16 177 179
f 16 179 18
f 18 179 181
f 18 181 20
f 20 181 183
f 20 183 22
f 22 183 185
f 22 185 24
f 24 185 187
f 24 187 26
f 26 187 189
f 26 189 28
f 28 189 191
f 28 191 30
f 30 191 193
f 30 193 32
f 32 193 195
f 32 195 34
f 34 195 197
f 34 197 36
f 36 197 199
f 36 199 38
f 38 199 201
f 38 201 40
f 40 201 203
f 40 203 42
f 42 203 205
f 42 205 44
f 44 205 207
f 44 207 46
f 46 207 209
f 46 209 48
f 48 209 211
f 48 211 50
f 50 211 213
f 50 213 52
f 52 213 215
f 52 215 54
f 54 215 217
f 54 217 56
f 56 217 219
f 56 219 58
f 58 219 221
f 58 221 60
f 60 221 223
f 60 223 62
f 62 223 225
f 62 225 64
f 64 225 227
f 64 227 66
f 66 227 229
f 66 229 68
f 68 229 231
f 68 231 70
f 70 231 233
f 70 233 72
f 72 233 235
f 72 235 74
f 74 235 237
f 74 237 76
f 76 237 387
f 76 387 78
f 78 387 389
f 78 389 80
f 80 389 391
f 80 391 82
f 82 391 393
f 82 393 84
f 84 393 395
f 84 395 86
f 86 395 397
f 86 397 88
f 88 397 399
f 88 399 90
f 90 399 401
f 90 401 92
f 92 401 403
f 92 403 94
f 94 403 405
f 94 405 96
f 96 405 407
f 96 407 98
f 98 407 409
f 98 409 100
f 100 409 411
f 100 411 102
f 102 411 413
f 102 413 104
f 104 413 415
f 104 415 106
f 106 415 417
f 106 417 108
f 108 417 419
f 108 419 110
f 110 419 421
f 110 421 112
f 112 421 423
f 112 423 114
f 114 423 425
f 114 425 116
f 116 425 427
f 116 427 118
f 118 427 429
f 118 429 120
f 120 429 431
f 120 431 122
f 122 431 433
f 122 433 124
f 124 433 435
f 124 435 126
f 126 435 437
f 126 437 128
f 128 437 439
f 128 439 130
f 167 4 165
f 165 4 2
f 165 2 163
f 163 2 240
f 163 240 161
f 161 240 242
f 161 242 159
f 159 242 244
f 159 244 157
f 157 244 246
f 157 246 155
f 155 246 248
f 155 248 153
f 153 248 250
f 153 250 151
f 151 250 252
f 151 252 149
f 149 252 254
f 149 254 147
f 147 254 256
f 147 256 145
f 145 256 258
f 145 258 143
f 143 258 260
f 143 260 141
f 141 260 262
f 141 262 139
f 139 262 264
f 139 264 137
f 137 264 266
f 137 266 135
f 135 266 268
f 135 268 133
f 133 268 270
f 133 270 131
f 131 270 272
f 131 272 129
f 129 272 274
f 129 274 127
f 127 274 276
f 127 276 125
f 125 276 278
f 125 278 123
f 123 278 280
f 123 280 121
f 121 280 282
f 121 282 119
f 119 282 284
f 119 284 117
f 117 284 286
f 117 286 115
f 115 286 288
f 115 288 113
f 113 288 290
f 113 290 111
f 111 290 292
f 111 292 109
f 109 292 294
f 109 294 107
f 107 294 296
f 107 296 105
f 105 296 298
f 105 298 103
f 103 298 300
f 103 300 101
f 101 300 302
f 101 302 99
f 99 302 304
f 99 304 97
f 97 304 306
f 97 306 95
f 95 306 308
f 95 308 93
f 93 308 310
f 93 310 91
f 91 310 312
f 91 312 89
f 89 312 314
f 89 314 87
f 87 314 316
f 87 316 85
f 85 316 318
f 85 318 83
f 83 318 320
f 83 320 81
f 81 320 322
f 81 322 79
f 79 322 324
f 79 324 77
f 77 324 326
f 77 326 75
f 75 326 328
f 75 328 73
f 73 328 330
f 73 330 71
f 386 236 234
f 384 386 234
f 384 234 232
f 382 384 232
f 382 232 230
f 380 382 230
f 380 230 228
f 378 380 228
f 378 228 226
f 376 378 226
f 376 226 224
f 374 376 224
f 374 224 222
f 372 374 222
f 372 222 220
f 370 372 220
f 370 220 218
f 368 370 218
f 368 218 216
f 366 368 216
f 366 216 214
f 364 366 214
f 364 214 212
f 334 364 212
f 334 212 210
f 336 334 210
f 336 210 208
f 338 336 208
f 338 208 206
f 340 338 206
f 340 206 204
f 342 340 204
f 342 204 202
f 344 342 202
f 344 202 200
f 346 344 200
f 346 200 198
f 348 346 198
f 348 198 196
f 350 348 196
f 350 196 194
f 352 350 194
f 352 194 192
f 354 352 192
f 354 192 190
f 356 354 190
f 356 190 188
f 358 356 188
f 358 188 186
f 360 358 186
f 360 186 184
f 362 360 184
f 362 184 182
f 490 491 492
f 492 491 493
f 492 493 494
f 494 493 495
f 494 495 496
f 496 495 497
f 496 497 498
f 498 497 499
f 498 499 500
f 500 499 501
f 500 501 502
f 502 501 503
f 502 503 504
f 504 503 505
f 504 505 506
f 506 505 507
f 506 507 508
f 508 507 509
f 508 509 510
f 510 509 511
f 510 511 512
f 512 511 513
f 512 513 514
f 514 513 515
f 514 515 516
f 516 515 517
f 516 517 518
f 518 517 519
f 518 519 490
f 490 519 491
f 520 521 522
f 522 521 523
f 522 523 524
f 524 523 525
f 524 525 526
f 526 525 527
f 526 527 528
f 528 527 529
f 528 529 530
f 530 529 531
f 530 531 532
f 532 531 533
f 532 533 534
f 534 533 535
f 534 535 536
f 536 535 537
f 536 537 538
f 538 537 539
f 538 539 540
f 540 539 541
f 540 541 542
f 542 541 543
f 542 543 544
f 544 543 545
f 544 545 546
f 546 545 547
f 546 547 548
f 548 547 549
f 548 549 520
f 520 549 521
f 550 551 552
f 552 551 553
f 552 553 554
f 554 553 555
f 554 555 556
f 556 555 557
f 556 557 558
f 558 557 559
f 558 559 560
f 560 559 561
f 560 561 562
f 562 561 563
f 562 563 564
f 564 563 565
f 564 565 566
f 566 565 567
f 566 567 568
f 568 567 569
f 568 569 570
f 570 569 571
f 570 571 572
f 572 571 573
f 572 573 574
f 574 573 575
f 574 575 576
f 576 575 577
f 576 577 578
f 578 577 579
f 578 579 550
f 550 579 551
f 580 581 582
f 582 581 583
f 582 583 584
f 584 583 585
f 584 585 586
f 586 585 587
f 586 587 588
f 588 587 589
f 588 589 590
f 590 589 591
f 590 591 592
f 592 591 593
f 592 593 594
f 594 593 595
f 594 595 596
f 596 595 597
f 596 597 598
f 598 597 599
f 598 599 600
f 600 599 601
f 600 601 602
f 602 601 603
f 602 603 604
f 604 603 605
f 604 605 606
f 606 605 607
f 606 607 608
f 608 607 609
f 608 609 580
f 580 609 581
f 610 611 612
f 612 611 613
f 612 613 614
f 614 613 615
f 614 615 616
f 616 615 617
f 616 617 618
f 618 617 619
f 618 619 620
f 620 619 621
f 620 621 622
f 622 621 623
f 622 623 624
f 624 623 625
f 624 625 626
f 626 625 627
f 626 627 628
f 628 627 629
f 628 629 630
f 630 629 631
f 630 631 632
f 632 631 633
f 632 633 634
f 634 633 635
f 634 635 636
f 636 635 637
f 636 637 638
f 638 637 639
f 638 639 610
f 610 639 611
f 640 641 642
f 642 641 643
f 642 643 644
f 644 643 645
f 644 645 646
f 646 645 647
f 646 647 648
f 648 647 649
f 648 649 650
f 650 649 651
f 650 651 652
f 652 651 653
f 652 653 654
f 654 653 655
f 654 655 656
f 656 655 657
f 656 657 658
f 658 657 659
f 658 659 660
f 660 659 661
f 660 661 662
f 662 661 663
f 662 663 664
f 664 663 665
f 664 665 666
f 666 665 667
f 666 667 668
f 668 667 669
f 668 669 640
f 640 669 641
f 670 671 672
f 672 671 673
f 672 673 674
f 674 673 675
f 674 675 676
f 676 675 677
f 676 677 678
f 678 677 679
f 678 679 680
f 680 679 681
f 680 681 682
f 682 681 683
f 682 683 684
f 684 683 685
f 684 685 686
f 686 685 687
f 686 687 688
f 688 687 689
f 688 689 690
f 690 689 691
f 690 691 692
f 692 691 693
f 692 693 694
f 694 693 695
f 694 695 696
f 696 695 697
f 696 697 698
f 698 697 699
f 698 699 670
f 670 699 671
f 700 701 702
f 702 701 703
f 702 703 704
f 704 703 705
f 704 705 706
f 706 705 707
f 706 707 708
f 708 707 709
f 708 709 710
f 710 709 711
f 710 711 712
f 712 711 713
f 712 713 714
f 714 713 715
f 714 715 716
f 716 715 717
f 716 717 718
f 718 717 719
f 718 719 720
f 720 719 721
f 720 721 722
f 722 721 723
f 722 723 724
f 724 723 725
f 724 725 726
f 726 725 727
f 726 727 728
f 728 727 729
f 728 729 700
f 700 729 701
f 730 731 732
f 732 731 733
f 732 733 734
f 734 733 735
f 734 735 736
f 736 735 737
f 736 737 738
f 738 737 739
f 738 739 740
f 740 739 741
f 740 741 742
f 742 741 743
f 742 743 744
f 744 743 745
f 744 745 746
f 746 745 747
f 746 747 748
f 748 747 749
f 748 749 750
f 750 749 751
f 750 751 752
f 752 751 753
f 752 753 754
f 754 753 755
f 754 755 756
f 756 755 757
f 756 757 758
f 758 757 759
f 758 759 730
f 730 759 731
f 760 761 762
f 762 761 763
f 762 763 764
f 764 763 765
f 764 765 766
f 766 765 767
f 766 767 768
f 768 767 769
f 768 769 770
f 770 769 771
f 770 771 772
f 772 771 773
f 772 773 774
f 774 773 775
f 774 775 776
f 776 775 777
f 776 777 778
f 778 777 779
f 778 779 780
f 780 779 781
f 780 781 782
f 782 781 783
f 782 783 784
f 784 783 785
f 784 785 786
f 786 785 787
f 786 787 788
f 788 787 789
f 788 789 760
f 760 789 761
f 790 791 792
f 792 791 793
f 792 793 794
f 794 793 795
f 794 795 796
f 796 795 797
f 796 797 798
f 798 797 799
f 798 799 800
f 800 799 801
f 800 801 802
f 802 801 803
f 802 803 804
f 804 803 805
f 804 805 806
f 806 805 807
f 806 807 808
f 808 807 809
f 808 809 810
f 810 809 811
f 810 811 812
f 812 811 813
f 812 813 814
f 814 813 815
f 814 815 816
f 816 815 817
f 816 817 818
f 818 817 819
f 818 819 790
f 790 819 791
f 820 821 822
f 822 821 823
f 822 823 824
f 824 823 825
f 824 825 826
f 826 825 827
f 826 827 828
f 828 827 829
f 828 829 830
f 830 829 831
f 830 831 832
f 832 831 833
f 832 833 834
f 834 833 835
f 834 835 836
f 836 835 837
f 836 837 838
f 838 837 839
f 838 839 840
f 840 839 841
f 840 841 842
f 842 841 843
f 842 843 844
f 844 843 845
f 844 845 846
f 846 845 847
f 846 847 848
f 848 847 849
f 848 849 820
f 820 849 821
f 850 851 852
f 852 851 853
f 852 853 854
f 854 853 855
f 854 855 856
f 856 855 857
f 856 857 858
f 858 857 859
f 858 859 860
f 860 859 861
f 860 861 862
f 862 861 863
f 862 863 864
f 864 863 865
f 864 865 866
f 866 865 867
f 866 867 868
f 868 867 869
f 868 869 870
f 870 869 871
f 870 871 872
f 872 871 873
f 872 873 874
f 874 873 875
f 874 875 876
f 876 875 877
f 876 877 878
f 878 877 879
f 878 879 850
f 850 879 851
f 880 881 882
f 882 881 883
f 882 883 884
f 884 883 885
f 884 885 886
f 886 885 887
f 886 887 888
f 888 887 889
f 888 889 890
f 890 889 891
f 890 891 892
f 892 891 893
f 892 893 894
f 894 893 895
f 894 895 896
f 896 895 897
f 896 897 898
f 898 897 899
f 898 899 900
f 900 899 901
f 900 901 902
f 902 901 903
f 902 903 904
f 904 903 905
f 904 905 906
f 906 905 907
f 906 907 908
f 908 907 909
f 908 909 910
f 910 909 911
f 910 911 912
f 912 911 913
f 912 913 914
f 914 913 915
f 914 915 916
f 916 915 917
f 916 917 918
f 918 917 919
f 918 919 920
f 920 919 921
f 920 921 922
f 922 921 923
f 922 923 924
f 924 923 925
f 924 925 926
f 926 925 927
f 926 927 928
f 928 927 929
f 928 929 930
f 930 929 931
f 930 931 932
f 932 931 933
f 932 933 934
f 934 933 935
f 934 935 936
f 936 935 937
f 936 937 938
f 938 937 939
f 938 939 940
f 940 939 941
f 940 941 942
f 942 941 943
f 942 943 944
f 944 943 945
f 944 945 946
f 946 945 947
f 946 947 948
f 948 947 949
f 948 949 950
f 950 949 951
f 950 951 952
f 952 951 953
f 952 953 954
f 954 953 955
f 954 955 956
f 956 955 957
f 956 957 958
f 958 957 959
f 958 959 960
f 960 959 961
f 960 961 962
f 962 961 963
f 962 963 964
f 964 963 965
f 964 965 966
f 966 965 967
f 966 967 968
f 968 967 969
f 968 969 970
f 970 969 971
f 970 971 972
f 972 971 973
f 972 973 974
f 974 973 975
f 974 975 976
f 976 975 977
f 976 977 978
f 978 977 979
f 978 979 980
f 980 979 981
f 980 981 982
f 982 981 983
f 982 983 984
f 984 983 985
f 984 985 986
f 986 985 987
f 986 987 988
f 988 987 989
f 988 989 990
f 990 989 991
f 990 991 992
f 992 991 993
f 992 993 994
f 994 993 995
f 994 995 996
f 996 995 997
f 996 997 998
f 998 997 999
f 998 999 1000
f 1000 999 1001
f 1000 1001 1002
f 1002 1001 1003
f 1002 1003 1004
f 1004 1003 1005
f 1004 1005 1006
f 1006 1005 1007
f 1006 1007 1008
f 1008 1007 1009
f 1008 1009 1010
f 1010 1009 1011
f 1010 1011 1012
f 1012 1011 1013
f 1012 1013 1014
f 1014 1013 1015
f 1014 1015 1016
f 1016 1015 1017
f 1016 1017 1018
f 1018 1017 1019
f 1018 1019 1020
f 1020 1019 1021
f 1020 1021 1022
f 1022 1021 1023
f 1022 1023 1024
f 1024 1023 1025
f 1024 1025 1026
f 1026 1025 1027
f 1026 1027 1028
f 1028 1027 1029
f 1028 1029 1030
f 1030 1029 1031
f 1030 1031 1032
f 1032 1031 1033
f 1032 1033 1034
f 1034 1033 1035
f 1034 1035 1036
f 1036 1035 1037
f 1036 1037 1038
f 1038 1037 1039
f 1038 1039 1040
f 1040 1039 1041
f 1040 1041 1042
f 1042 1041 1043
f 1042 1043 1044
f 1044 1043 1045
f 1044 1045 1046
f 1046 1045 1047
f 1046 1047 1048
f 1048 1047 1049
f 1048 1049 1050
f 1050 1049 1051
f 1050 1051 1052
f 1052 1051 1053
f 1052 1053 1054
f 1054 1053 1055
f 1054 1055 1056
f 1056 1055 1057
f 1056 1057 880
f 880 1057 881
f 1058 1059 1060
f 1060 1059 1061
f 1060 1061 1062
f 1062 1061 1063
f 1062 1063 1064
f 1064 1063 1065
f 1064 1065 1066
f 1066 1065 1067
f 1066 1067 1068
f 1068 1067 1069
f 1068 1069 1070
f 1070 1069 1071
f 1070 1071 1072
f 1072 1071 1073
f 1072 1073 1074
f 1074 1073 1075
f 1074 1075 1076
f 1076 1075 1077
f 1076 1077 1078
f 1078 1077 1079
f 1078 1079 1080
f 1080 1079 1081
f 1080 1081 1082
f 1082 1081 1083
f 1082 1083 1084
f 1084 1083 1085
f 1084 1085 1086
f 1086 1085 1087
f 1086 1087 1088
f 1088 1087 1089
f 1088 1089 1090
f 1090 1089 1091
f 1090 1091 1092
f 1092 1091 1093
f 1092 1093 1094
f 1094 1093 1095
f 1094 1095 1096
f 1096 1095 1097
f 1096 1097 1098
f 1098 1097 1099
f 1098 1099 1100
f 1100 1099 1101
f 1100 1101 1102
f 1102 1101 1103
f 1102 1103 1104
f 1104 1103 1105
f 1104 1105 1106
f 1106 1105 1107
f 1106 1107 1108
f 1108 1107 1109
f 1108 1109 1110
f 1110 1109 1111
f 1110 1111 1112
f 1112 1111 1113
f 1112 1113 1114
f 1114 1113 1115
f 1114 1115 1116
f 1116 1115 1117
f 1116 1117 1118
f 1118 1117 1119
f 1118 1119 1120
f 1120 1119 1121
f 1120 1121 1122
f 1122 1121 1123
f 1122 1123 1124
f 1124 1123 1125
f 1124 1125 1126
f 1126 1125 1127
f 1126 1127 1128
f 1128 1127 1129
f 1128 1129 1130
f 1130 1129 1131
f 1130 1131 1132
f 1132 1131 1133
f 1132 1133 1134
f 1134 1133 1135
f 1134 1135 1136
f 1136 1135 1137
f 1136 1137 1138
f 1138 1137 1139
f 1138 1139 1140
f 1140 1139 1141
f 1140 1141 1142
f 1142 1141 1143
f 1142 1143 1144
f 1144 1143 1145
f 1144 1145 1146
f 1146 1145 1147
f 1146 1147 1148
f 1148 1147 1149
f 1148 1149 1150
f 1150 1149 1151
f 1150 1151 1152
f 1152 1151 1153
f 1152 1153 1154
f 1154 1153 1155
f 1154 1155 1156
f 1156 1155 1157
f 1156 1157 1158
f 1158 1157 1159
f 1158 1159 1160
f 1160 1159 1161
f 1160 1161 1162
f 1162 1161 1163
f 1162 1163 1164
f 1164 1163 1165
f 1164 1165 1166
f 1166 1165 1167
f 1166 1167 1168
f 1168 1167 1169
f 1168 1169 1170
f 1170 1169 1171
f 1170 1171 1172
f 1172 1171 1173
f 1172 1173 1174
f 1174 1173 1175
f 1174 1175 1176
f 1176 1175 1177
f 1176 1177 1178
f 1178 1177 1179
f 1178 1179 1180
f 1180 1179 1181
f 1180 1181 1182
f 1182 1181 1183
f 1182 1183 1184
f 1184 1183 1185
f 1184 1185 1186
f 1186 1185 1187
f 1186 1187 1188
f 1188 1187 1189
f 1188 1189 1190
f 1190 1189 1191
f 1190 1191 1192
f 1192 1191 1193
f 1192 1193 1194
f 1194 1193 1195
f 1194 1195 1196
f 1196 1195 1197
f 1196 1197 1198
f 1198 1197 1199
f 1198 1199 1200
f 1200 1199 1201
f 1200 1201 1202
f 1202 1201 1203
f 1202 1203 1204
f 1204 1203 1205
f 1204 1205 1206
f 1206 1205 1207
f 1206 1207 1208
f 1208 1207 1209
f 1208 1209 1210
f 1210 1209 1211
f 1210 1211 1212
f 1212 1211 1213
f 1212 1213 1214
f 1214 1213 1215
f 1214 1215 1216
f 1216 1215 1217
f 1216 1217 1218
f 1218 1217 1219
f 1218 1219 1220
f 1220 1219 1221
f 1220 1221 1222
f 1222 1221 1223
f 1222 1223 1224
f 1224 1223 1225
f 1224 1225 1226
f 1226 1225 1227
f 1226 1227 1228
f 1228 1227 1229
f 1228 1229 1230
f 1230 1229 1231
f 1230 1231 1232
f 1232 1231 1233
f 1232 1233 1234
f 1234 1233 1235
f 1234 1235 1236
f 1236 1235 1237
f 1236 1237 1058
f 1058 1237 1059
f 1063 1061 882
f 882 1061 1059
f 882 1059 880
f 880 1059 1237
f 880 1237 1056
f 1056 1237 1235
f 1056 1235 1054
f 1054 1235 1233
f 1054 1233 1052
f 1052 1233 1231
f 1052 1231 1050
f 1050 1231 1229
f 1050 1229 1048
f 1048 1229 1227
f 1048 1227 1046
f 1046 1227 1225
f 1046 1225 1044
f 1044 1225 1223
f 1044 1223 1042
f 1042 1223 1221
f 1042 1221 1040
f 1040 1221 1219
f 1040 1219 1038
f 1038 1219 1217
f 1038 1217 1036
f 1036 1217 1215
f 1036 1215 1034
f 1034 1215 1213
f 1034 1213 1032
f 1032 1213 1211
f 1032 1211 1030
f 1030 1211 1209
f 1030 1209 1028
f 1028 1209 1207
f 1028 1207 1026
f 1026 1207 1205
f 1026 1205 1024
f 1024 1205 1203
f 1024 1203 1022
f 1022 1203 1201
f 1022 1201 1020
f 1020 1201 1199
f 1020 1199 1018
f 1018 1199 1197
f 1018 1197 1016
f 1016 1197 1195
f 1016 1195 1014
f 1014 1195 1193
f 1014 1193 1012
f 1012 1193 1191
f 1012 1191 1010
f 1010 1191 1189
f 1010 1189 1008
f 1008 1189 1187
f 1008 1187 1006
f 1006 1187 1185
f 1006 1185 1004
f 1004 1185 1183
f 1004 1183 1002
f 1002 1183 1181
f 1002 1181 1000
f 1000 1181 1179
f 1000 1179 998
f 998 1179 1177
f 998 1177 996
f 996 1177 1175
f 996 1175 994
f 994 1175 1173
f 994 1173 992
f 992 1173 1171
f 992 1171 990
f 990 1171 1169
f 990 1169 988
f 988 1169 1167
f 988 1167 986
f 986 1167 1165
f 986 1165 984
f 984 1165 1163
f 984 1163 982
f 982 1163 1161
f 982 1161 980
f 980 1161 1159
f 980 1159 978
f 978 1159 1157
f 978 1157 976
f 976 1157 1155
f 976 1155 974
f 974 1155 1153
f 974 1153 972
f 972 1153 1151
f 972 1151 970
f 970 1151 1149
f 970 1149 968
f 968 1149 1147
f 968 1147 966
f 966 1147 1145
f 966 1145 964
f 964 1145 1143
f 964 1143 962
f 962 1143 1141
f 962 1141 960
f 960 1141 1139
f 960 1139 958
f 958 1139 1137
f 958 1137 956
f 956 1137 1135
f 956 1135 954
f 954 1135 1133
f 954 1133 952
f 952 1133 1131
f 952 1131 950
f 950 1131 1129
f 950 1129 948
f 948 1129 1127
f 948 1127 946
f 946 1127 1125
f 946 1125 944
f 944 1125 1123
f 944 1123 942
f 942 1123 1121
f 942 1121 940
f 940 1121 1119
f 940 1119 938
f 938 1119 1117
f 938 1117 936
f 936 1117 1115
f 936 1115 934
f 934 1115 1113
f 934 1113 932
f 932 1113 1111
f 932 1111 930
f 930 1111 1109
f 930 1109 928
f 928 1109 1107
f 928 1107 926
f 926 1107 1105
f 926 1105 924
f 924 1105 1103
f 924 1103 922
f 922 1103 1101
f 922 1101 920
f 920 1101 1099
f 920 1099 918
f 918 1099 1097
f 918 1097 916
f 916 1097 1095
f 916 1095 914
f 914 1095 1093
f 914 1093 912
f 912 1093 1091
f 912 1091 910
f 910 1091 1089
f 910 1089 908
f 908 1089 1087
f 908 1087 906
f 906 1087 1085
f 906 1085 904
f 904 1085 1083
f 904 1083 902
f 902 1083 1081
f 902 1081 900
f 900 1081 1079
f 900 1079 898
f 898 1079 1077
f 898 1077 896
f 896 1077 1075
f 896 1075 894
f 894 1075 1073
f 894 1073 892
f 892 1073 1071
f 892 1071 890
f 890 1071 1069
f 890 1069 888
f 888 1069 1067
f 888 1067 886
f 886 1067 1065
f 886 1065 884
f 884 1065 1063
f 884 1063 882
f 1238 1239 1060
f 1060 1239 1240
f 1060 1240 1058
f 1058 1240 1241
f 1058 1241 1236
f 1236 1241 1242
f 1236 1242 1234
f 1234 1242 1243
f 1234 1243 1232
f 1232 1243 1244
f 1232 1244 1230
f 1230 1244 1245
f 1230 1245 1228
f 1228 1245 1246
f 1228 1246 1247
f 1247 1246 1248
f 1248 1246 1249
f 1249 1246 1250
f 1249 1250 1251
f 1251 1250 1252
f 1252 1250 1253
f 1253 1250 1254
f 1253 1254 1255
f 1255 1254 1256
f 1256 1254 1257
f 1256 1257 1258
f 1258 1257 1222
f 1258 1222 1259
f 1259 1222 1224
f 1259 1224 1260
f 1260 1224 1261
f 1261 1224 1262
f 1262 1224 1226
f 1262 1226 1263
f 1263 1226 1264
f 1264 1226 1228
f 1264 1228 1247
f 1222 1257 1220
f 1220 1257 1265
f 1220 1265 1266
f 1220 1266 1218
f 1218 1266 1267
f 1218 1267 1216
f 1216 1267 1268
f 1216 1268 1214
f 1214 1268 1269
f 1214 1269 1212
f 1212 1269 1270
f 1212 1270 1210
f 1210 1270 1271
f 1210 1271 1208
f 1208 1271 1272
f 1208 1272 1206
f 1206 1272 1273
f 1206 1273 1204
f 1204 1273 1274
f 1204 1274 1202
f 1202 1274 1275
f 1202 1275 1200
f 1200 1275 1276
f 1200 1276 1277
f 1278 746 1277
f 1277 746 748
f 1277 748 1198
f 1198 748 750
f 1198 750 1196
f 1196 750 752
f 1196 752 754
f 1279 740 1278
f 1278 740 742
f 1278 742 744
f 1280 736 1279
f 1279 736 738
f 1279 738 740
f 1281 1192 1280
f 1280 1192 732
f 1280 732 734
f 1192 1281 1190
f 1190 1281 1282
f 1190 1282 1188
f 1188 1282 1283
f 1188 1283 1186
f 1186 1283 1284
f 1186 1284 1184
f 1184 1284 1285
f 1184 1285 1182
f 1182 1285 1286
f 1182 1286 1180
f 1180 1286 1287
f 1180 1287 1288
f 1180 1288 1178
f 1178 1288 1289
f 1178 1289 1176
f 1176 1289 1290
f 1176 1290 1174
f 1174 1290 1291
f 1174 1291 1172
f 1172 1291 1292
f 1172 1292 1170
f 1170 1292 1293
f 1170 1293 1168
f 1168 1293 1294
f 1168 1294 802
f 802 1294 800
f 800 1294 798
f 798 1294 1295
f 798 1295 796
f 796 1295 794
f 794 1295 1296
f 794 1296 792
f 792 1296 790
f 790 1296 818
f 818 1296 1297
f 818 1297 816
f 816 1297 1162
f 816 1162 814
f 814 1162 1164
f 814 1164 812
f 812 1164 810
f 810 1164 1166
f 810 1166 808
f 808 1166 806
f 806 1166 804
f 804 1166 1168
f 804 1168 802
f 1162 1297 1160
f 1160 1297 1298
f 1160 1298 1299
f 1160 1299 1158
f 1158 1299 1300
f 1158 1300 1156
f 1156 1300 1301
f 1156 1301 1154
f 1154 1301 1302
f 1154 1302 1152
f 1152 1302 1303
f 1152 1303 1150
f 1150 1303 1304
f 1150 1304 1148
f 1148 1304 1305
f 1148 1305 1146
f 1146 1305 1306
f 1146 1306 1144
f 1144 1306 1307
f 1144 1307 1142
f 1142 1307 1308
f 1142 1308 1140
f 1140 1308 1309
f 1140 1309 1310
f 1311 856 1310
f 1310 856 858
f 1310 858 1138
f 1138 858 860
f 1138 860 1136
f 1136 860 862
f 1136 862 864
f 1312 850 1311
f 1311 850 852
f 1311 852 854
f 1313 876 1312
f 1312 876 878
f 1312 878 850
f 1314 1132 1313
f 1313 1132 872
f 1313 872 874
f 1132 1314 1130
f 1130 1314 1315
f 1130 1315 1128
f 1128 1315 1316
f 1128 1316 1126
f 1126 1316 1317
f 1126 1317 1124
f 1124 1317 1318
f 1124 1318 1122
f 1122 1318 1319
f 1122 1319 1120
f 1120 1319 1320
f 1120 1320 1321
f 1120 1321 1118
f 1118 1321 1322
f 1118 1322 1116
f 1116 1322 1323
f 1116 1323 1114
f 1114 1323 1324
f 1114 1324 1112
f 1112 1324 1325
f 1112 1325 1110
f 1110 1325 1326
f 1110 1326 1108
f 1108 1326 1327
f 1108 1327 822
f 822 1327 820
f 820 1327 848
f 848 1327 1328
f 848 1328 846
f 846 1328 844
f 844 1328 1329
f 844 1329 842
f 842 1329 840
f 840 1329 838
f 838 1329 1330
f 838 1330 836
f 836 1330 1102
f 836 1102 834
f 834 1102 1104
f 834 1104 832
f 832 1104 830
f 830 1104 1106
f 830 1106 828
f 828 1106 826
f 826 1106 824
f 824 1106 1108
f 824 1108 822
f 1102 1330 1100
f 1100 1330 1331
f 1100 1331 1332
f 1100 1332 1098
f 1098 1332 1333
f 1098 1333 1096
f 1096 1333 1334
f 1096 1334 1094
f 1094 1334 1335
f 1094 1335 1092
f 1092 1335 1336
f 1092 1336 1090
f 1090 1336 1337
f 1090 1337 1088
f 1088 1337 1338
f 1088 1338 1086
f 1086 1338 1339
f 1086 1339 1084
f 1084 1339 1340
f 1084 1340 1082
f 1082 1340 1341
f 1082 1341 1080
f 1080 1341 1342
f 1080 1342 1343
f 1344 786 1343
f 1343 786 788
f 1343 788 1078
f 1078 788 760
f 1078 760 1076
f 1076 760 762
f 1076 762 764
f 1345 780 1344
f 1344 780 782
f 1344 782 784
f 1346 776 1345
f 1345 776 778
f 1345 778 780
f 1347 1072 1346
f 1346 1072 772
f 1346 772 774
f 1072 1347 1070
f 1070 1347 1348
f 1070 1348 1068
f 1068 1348 1349
f 1068 1349 1066
f 1066 1349 1350
f 1066 1350 1064
f 1064 1350 1351
f 1064 1351 1062
f 1062 1351 1238
f 1062 1238 1060
f 734 736 1280
f 744 746 1278
f 1196 754 1194
f 1194 754 756
f 1194 756 758
f 758 730 1194
f 1194 730 1192
f 1192 730 732
f 1076 764 1074
f 1074 764 766
f 1074 766 768
f 768 770 1074
f 1074 770 1072
f 1072 770 772
f 774 776 1346
f 784 786 1344
f 854 856 1311
f 1136 864 1134
f 1134 864 866
f 1134 866 868
f 868 870 1134
f 1134 870 1132
f 1132 870 872
f 874 876 1313
f 1078 1080 1343
f 1138 1140 1310
f 1198 1200 1277
f 1352 1353 1354
f 1354 1353 1355
f 1354 1355 1356
f 1356 1355 1357
f 1356 1357 1358
f 1358 1357 1359
f 1358 1359 1360
f 1360 1359 1361
f 1360 1361 1362
f 1362 1361 1363
f 1362 1363 1364
f 1364 1363 1365
f 1364 1365 1366
f 1366 1365 1367
f 1366 1367 1368
f 1368 1367 1369
f 1368 1369 1370
f 1370 1369 1371
f 1370 1371 1372
f 1372 1371 1373
f 1372 1373 1374
f 1374 1373 1375
f 1374 1375 1376
f 1376 1375 1377
f 1376 1377 1378
f 1378 1377 1379
f 1378 1379 1380
f 1380 1379 1381
f 1380 1381 1382
f 1382 1381 1383
f 1382 1383 1384
f 1384 1383 1385
f 1384 1385 1386
f 1386 1385 1387
f 1386 1387 1388
f 1388 1387 1389
f 1388 1389 1390
f 1390 1389 1391
f 1390 1391 1392
f 1392 1391 1393
f 1392 1393 1394
f 1394 1393 1395
f 1394 1395 1396
f 1396 1395 1397
f 1396 1397 1398
f 1398 1397 1399
f 1398 1399 1400
f 1400 1399 1401
f 1400 1401 1402
f 1402 1401 1403
f 1402 1403 1404
f 1404 1403 1405
f 1404 1405 1406
f 1406 1405 1407
f 1406 1407 1408
f 1408 1407 1409
f 1408 1409 1410
f 1410 1409 1411
f 1410 1411 1412
f 1412 1411 1413
f 1412 1413 1414
f 1414 1413 1415
f 1414 1415 1416
f 1416 1415 1417
f 1416 1417 1418
f 1418 1417 1419
f 1418 1419 1420
f 1420 1419 1421
f 1420 1421 1422
f 1422 1421 1423
f 1422 1423 1424
f 1424 1423 1425
f 1424 1425 1426
f 1426 1425 1427
f 1426 1427 1428
f 1428 1427 1429
f 1428 1429 1430
f 1430 1429 1431
f 1430 1431 1432
f 1432 1431 1433
f 1432 1433 1434
f 1434 1433 1435
f 1434 1435 1436
f 1436 1435 1437
f 1436 1437 1438
f 1438 1437 1439
f 1438 1439 1440
f 1440 1439 1441
f 1440 1441 1442
f 1442 1441 1443
f 1442 1443 1444
f 1444 1443 1445
f 1444 1445 1446
f 1446 1445 1447
f 1446 1447 1448
f 1448 1447 1449
f 1448 1449 1450
f 1450 1449 1451
f 1450 1451 1452
f 1452 1451 1453
f 1452 1453 1454
f 1454 1453 1455
f 1454 1455 1456
f 1456 1455 1457
f 1456 1457 1458
f 1458 1457 1459
f 1458 1459 1460
f 1460 1459 1461
f 1460 1461 1462
f 1462 1461 1463
f 1462 1463 1464
f 1464 1463 1465
f 1464 1465 1466
f 1466 1465 1467
f 1466 1467 1468
f 1468 1467 1469
f 1468 1469 1470
f 1470 1469 1471
f 1470 1471 1472
f 1472 1471 1473
f 1472 1473 1474
f 1474 1473 1475
f 1474 1475 1476
f 1476 1475 1477
f 1476 1477 1478
f 1478 1477 1479
f 1478 1479 1480
f 1480 1479 1481
f 1480 1481 1482
f 1482 1481 1483
f 1482 1483 1484
f 1484 1483 1485
f 1484 1485 1486
f 1486 1485 1487
f 1486 1487 1488
f 1488 1487 1489
f 1488 1489 1490
f 1490 1489 1491
f 1490 1491 1492
f 1492 1491 1493
f 1492 1493 1494
f 1494 1493 1495
f 1494 1495 1496
f 1496 1495 1497
f 1496 1497 1498
f 1498 1497 1499
f 1498 1499 1500
f 1500 1499 1501
f 1500 1501 1502
f 1502 1501 1503
f 1502 1503 1504
f 1504 1503 1505
f 1504 1505 1506
f 1506 1505 1507
f 1506 1507 1508
f 1508 1507 1509
f 1508 1509 1510
f 1510 1509 1511
f 1510 1511 1512
f 1512 1511 1513
f 1512 1513 1514
f 1514 1513 1515
f 1514 1515 1516
f 1516 1515 1517
f 1516 1517 1518
f 1518 1517 1519
f 1518 1519 1520
f 1520 1519 1521
f 1520 1521 1522
f 1522 1521 1523
f 1522 1523 1524
f 1524 1523 1525
f 1524 1525 1526
f 1526 1525 1527
f 1526 1527 1528
f 1528 1527 1529
f 1528 1529 1352
f 1352 1529 1353
f 1530 1531 1532
f 1532 1531 1533
f 1532 1533 1534
f 1534 1533 1535
f 1534 1535 1536
f 1536 1535 1537
f 1536 1537 1538
f 1538 1537 1539
f 1538 1539 1540
f 1540 1539 1541
f 1540 1541 1542
f 1542 1541 1543
f 1542 1543 1544
f 1544 1543 1545
f 1544 1545 1546
f 1546 1545 1547
f 1546 1547 1548
f 1548 1547 1549
f 1548 1549 1550
f 1550 1549 1551
f 1550 1551 1552
f 1552 1551 1553
f 1552 1553 1554
f 1554 1553 1555
f 1554 1555 1556
f 1556 1555 1557
f 1556 1557 1558
f 1558 1557 1559
f 1558 1559 1560
f 1560 1559 1561
f 1560 1561 1562
f 1562 1561 1563
f 1562 1563 1564
f 1564 1563 1565
f 1564 1565 1566
f 1566 1565 1567
f 1566 1567 1568
f 1568 1567 1569
f 1568 1569 1570
f 1570 1569 1571
f 1570 1571 1572
f 1572 1571 1573
f 1572 1573 1574
f 1574 1573 1575
f 1574 1575 1576
f 1576 1575 1577
f 1576 1577 1578
f 1578 1577 1579
f 1578 1579 1580
f 1580 1579 1581
f 1580 1581 1582
f 1582 1581 1583
f 1582 1583 1584
f 1584 1583 1585
f 1584 1585 1586
f 1586 1585 1587
f 1586 1587 1588
f 1588 1587 1589
f 1588 1589 1590
f 1590 1589 1591
f 1590 1591 1592
f 1592 1591 1593
f 1592 1593 1594
f 1594 1593 1595
f 1594 1595 1596
f 1596 1595 1597
f 1596 1597 1598
f 1598 1597 1599
f 1598 1599 1600
f 1600 1599 1601
f 1600 1601 1602
f 1602 1601 1603
f 1602 1603 1604
f 1604 1603 1605
f 1604 1605 1606
f 1606 1605 1607
f 1606 1607 1608
f 1608 1607 1609
f 1608 1609 1610
f 1610 1609 1611
f 1610 1611 1612
f 1612 1611 1613
f 1612 1613 1614
f 1614 1613 1615
f 1614 1615 1616
f 1616 1615 1617
f 1616 1617 1618
f 1618 1617 1619
f 1618 1619 1620
f 1620 1619 1621
f 1620 1621 1622
f 1622 1621 1623
f 1622 1623 1624
f 1624 1623 1625
f 1624 1625 1626
f 1626 1625 1627
f 1626 1627 1628
f 1628 1627 1629
f 1628 1629 1630
f 1630 1629 1631
f 1630 1631 1632
f 1632 1631 1633
f 1632 1633 1634
f 1634 1633 1635
f 1634 1635 1636
f 1636 1635 1637
f 1636 1637 1638
f 1638 1637 1639
f 1638 1639 1640
f 1640 1639 1641
f 1640 1641 1642
f 1642 1641 1643
f 1642 1643 1644
f 1644 1643 1645
f 1644 1645 1646
f 1646 1645 1647
f 1646 1647 1648
f 1648 1647 1649
f 1648 1649 1650
f 1650 1649 1651
f 1650 1651 1652
f 1652 1651 1653
f 1652 1653 1654
f 1654 1653 1655
f 1654 1655 1656
f 1656 1655 1657
f 1656 1657 1658
f 1658 1657 1659
f 1658 1659 1660
f 1660 1659 1661
f 1660 1661 1662
f 1662 1661 1663
f 1662 1663 1664
f 1664 1663 1665
f 1664 1665 1666
f 1666 1665 1667
f 1666 1667 1668
f 1668 1667 1669
f 1668 1669 1670
f 1670 1669 1671
f 1670 1671 1672
f 1672 1671 1673
f 1672 1673 1674
f 1674 1673 1675
f 1674 1675 1676
f 1676 1675 1677
f 1676 1677 1678
f 1678 1677 1679
f 1678 1679 1680
f 1680 1679 1681
f 1680 1681 1682
f 1682 1681 1683
f 1682 1683 1684
f 1684 1683 1685
f 1684 1685 1686
f 1686 1685 1687
f 1686 1687 1688
f 1688 1687 1689
f 1688 1689 1690
f 1690 1689 1691
f 1690 1691 1692
f 1692 1691 1693
f 1692 1693 1694
f 1694 1693 1695
f 1694 1695 1696
f 1696 1695 1697
f 1696 1697 1698
f 1698 1697 1699
f 1698 1699 1700
f 1700 1699 1701
f 1700 1701 1702
f 1702 1701 1703
f 1702 1703 1704
f 1704 1703 1705
f 1704 1705 1706
f 1706 1705 1707
f 1706 1707 1708
f 1708 1707 1709
f 1708 1709 1530
f 1530 1709 1531
f 1530 1532 1355
f 1355 1532 1534
f 1355 1534 1357
f 1357 1534 1536
f 1357 1536 1359
f 1359 1536 1538
f 1359 1538 1361
f 1361 1538 1540
f 1361 1540 1363
f 1363 1540 1542
f 1363 1542 1365
f 1365 1542 1544
f 1365 1544 1367
f 1367 1544 1546
f 1367 1546 1369
f 1369 1546 1548
f 1369 1548 1371
f 1371 1548 1550
f 1371 1550 1373
f 1373 1550 1552
f 1373 1552 1375
f 1375 1552 1554
f 1375 1554 1377
f 1377 1554 1556
f 1377 1556 1379
f 1379 1556 1558
f 1379 1558 1381
f 1381 1558 1560
f 1381 1560 1383
f 1383 1560 1562
f 1383 1562 1385
f 1385 1562 1564
f 1385 1564 1387
f 1387 1564 1566
f 1387 1566 1389
f 1389 1566 1568
f 1389 1568 1391
f 1391 1568 1570
f 1391 1570 1393
f 1393 1570 1572
f 1393 1572 1395
f 1395 1572 1574
f 1395 1574 1397
f 1397 1574 1576
f 1397 1576 1399
f 1399 1576 1578
f 1399 1578 1401
f 1401 1578 1580
f 1401 1580 1403
f 1403 1580 1582
f 1403 1582 1405
f 1405 1582 1584
f 1405 1584 1407
f 1407 1584 1586
f 1407 1586 1409
f 1409 1586 1588
f 1409 1588 1411
f 1411 1588 1590
f 1411 1590 1413
f 1413 1590 1592
f 1413 1592 1415
f 1415 1592 1594
f 1415 1594 1417
f 1417 1594 1596
f 1417 1596 1419
f 1419 1596 1598
f 1419 1598 1421
f 1421 1598 1600
f 1421 1600 1423
f 1423 1600 1602
f 1423 1602 1425
f 1425 1602 1604
f 1425 1604 1427
f 1427 1604 1606
f 1427 1606 1429
f 1429 1606 1608
f 1429 1608 1431
f 1431 1608 1610
f 1431 1610 1433
f 1433 1610 1612
f 1433 1612 1435
f 1435 1612 1614
f 1435 1614 1437
f 1437 1614 1616
f 1437 1616 1439
f 1439 1616 1618
f 1439 1618 1441
f 1441 1618 1620
f 1441 1620 1443
f 1443 1620 1622
f 1443 1622 1445
f 1445 1622 1624
f 1445 1624 1447
f 1447 1624 1626
f 1447 1626 1449
f 1449 1626 1628
f 1449 1628 1451
f 1451 1628 1630
f 1451 1630 1453
f 1453 1630 1632
f 1453 1632 1455
f 1455 1632 1634
f 1455 1634 1457
f 1457 1634 1636
f 1457 1636 1459
f 1459 1636 1638
f 1459 1638 1461
f 1461 1638 1640
f 1461 1640 1463
f 1463 1640 1642
f 1463 1642 1465
f 1465 1642 1644
f 1465 1644 1467
f 1467 1644 1646
f 1467 1646 1469
f 1469 1646 1648
f 1469 1648 1471
f 1471 1648 1650
f 1471 1650 1473
f 1473 1650 1652
f 1473 1652 1475
f 1475 1652 1654
f 1475 1654 1477
f 1477 1654 1656
f 1477 1656 1479
f 1479 1656 1658
f 1479 1658 1481
f 1481 1658 1660
f 1481 1660 1483
f 1483 1660 1662
f 1483 1662 1485
f 1485 1662 1664
f 1485 1664 1487
f 1487 1664 1666
f 1487 1666 1489
f 1489 1666 1668
f 1489 1668 1491
f 1491 1668 1670
f 1491 1670 1493
f 1493 1670 1672
f 1493 1672 1495
f 1495 1672 1674
f 1495 1674 1497
f 1497 1674 1676
f 1497 1676 1499
f 1499 1676 1678
f 1499 1678 1501
f 1501 1678 1680
f 1501 1680 1503
f 1503 1680 1682
f 1503 1682 1505
f 1505 1682 1684
f 1505 1684 1507
f 1507 1684 1686
f 1507 1686 1509
f 1509 1686 1688
f 1509 1688 1511
f 1511 1688 1690
f 1511 1690 1513
f 1513 1690 1692
f 1513 1692 1515
f 1515 1692 1694
f 1515 1694 1517
f 1517 1694 1696
f 1517 1696 1519
f 1519 1696 1698
f 1519 1698 1521
f 1521 1698 1700
f 1521 1700 1523
f 1523 1700 1702
f 1523 1702 1525
f 1525 1702 1704
f 1525 1704 1527
f 1527 1704 1706
f 1527 1706 1529
f 1529 1706 1708
f 1529 1708 1353
f 1353 1708 1530
f 1353 1530 1355
f 1710 1711 1533
f 1533 1711 1712
f 1533 1712 1535
f 1535 1712 1713
f 1535 1713 1537
f 1537 1713 1714
f 1537 1714 1539
f 1539 1714 1715
f 1539 1715 1541
f 1541 1715 1716
f 1541 1716 1543
f 1543 1716 1717
f 1543 1717 1545
f 1545 1717 1718
f 1545 1718 773
f 773 1718 775
f 775 1718 777
f 777 1718 1719
f 777 1719 779
f 779 1719 781
f 781 1719 1720
f 781 1720 783
f 783 1720 785
f 785 1720 787
f 787 1720 1721
f 787 1721 789
f 789 1721 1551
f 789 1551 761
f 761 1551 1549
f 761 1549 763
f 763 1549 765
f 765 1549 1547
f 765 1547 767
f 767 1547 769
f 769 1547 771
f 771 1547 1545
f 771 1545 773
f 1551 1721 1553
f 1553 1721 1722
f 1553 1722 1723
f 1553 1723 1555
f 1555 1723 1724
f 1555 1724 1557
f 1557 1724 1725
f 1557 1725 1559
f 1559 1725 1726
f 1559 1726 1561
f 1561 1726 1727
f 1561 1727 1563
f 1563 1727 1728
f 1563 1728 1565
f 1565 1728 1729
f 1565 1729 1567
f 1567 1729 1730
f 1567 1730 1569
f 1569 1730 1731
f 1569 1731 1571
f 1571 1731 1732
f 1571 1732 1573
f 1573 1732 1733
f 1573 1733 1734
f 1735 839 1734
f 1734 839 837
f 1734 837 1575
f 1575 837 835
f 1575 835 1577
f 1577 835 833
f 1577 833 831
f 1736 845 1735
f 1735 845 843
f 1735 843 841
f 1737 849 1736
f 1736 849 847
f 1736 847 845
f 1738 1581 1737
f 1737 1581 823
f 1737 823 821
f 1581 1738 1583
f 1583 1738 1739
f 1583 1739 1585
f 1585 1739 1740
f 1585 1740 1587
f 1587 1740 1741
f 1587 1741 1589
f 1589 1741 1742
f 1589 1742 1591
f 1591 1742 1743
f 1591 1743 1593
f 1593 1743 1744
f 1593 1744 1745
f 1593 1745 1595
f 1595 1745 1746
f 1595 1746 1597
f 1597 1746 1747
f 1597 1747 1599
f 1599 1747 1748
f 1599 1748 1601
f 1601 1748 1749
f 1601 1749 1603
f 1603 1749 1750
f 1603 1750 1605
f 1605 1750 1751
f 1605 1751 873
f 873 1751 875
f 875 1751 877
f 877 1751 1752
f 877 1752 879
f 879 1752 851
f 851 1752 1753
f 851 1753 853
f 853 1753 855
f 855 1753 857
f 857 1753 1754
f 857 1754 859
f 859 1754 1611
f 859 1611 861
f 861 1611 1609
f 861 1609 863
f 863 1609 865
f 865 1609 1607
f 865 1607 867
f 867 1607 869
f 869 1607 871
f 871 1607 1605
f 871 1605 873
f 1611 1754 1613
f 1613 1754 1755
f 1613 1755 1756
f 1613 1756 1615
f 1615 1756 1757
f 1615 1757 1617
f 1617 1757 1758
f 1617 1758 1619
f 1619 1758 1759
f 1619 1759 1621
f 1621 1759 1760
f 1621 1760 1623
f 1623 1760 1761
f 1623 1761 1625
f 1625 1761 1762
f 1625 1762 1627
f 1627 1762 1763
f 1627 1763 1629
f 1629 1763 1764
f 1629 1764 1631
f 1631 1764 1765
f 1631 1765 1633
f 1633 1765 1766
f 1633 1766 1767
f 1768 819 1767
f 1767 819 817
f 1767 817 1635
f 1635 817 815
f 1635 815 1637
f 1637 815 813
f 1637 813 811
f 1769 795 1768
f 1768 795 793
f 1768 793 791
f 1770 799 1769
f 1769 799 797
f 1769 797 795
f 1771 1641 1770
f 1770 1641 803
f 1770 803 801
f 1641 1771 1643
f 1643 1771 1772
f 1643 1772 1645
f 1645 1772 1773
f 1645 1773 1647
f 1647 1773 1774
f 1647 1774 1649
f 1649 1774 1775
f 1649 1775 1651
f 1651 1775 1776
f 1651 1776 1653
f 1653 1776 1777
f 1653 1777 1778
f 1653 1778 1655
f 1655 1778 1779
f 1655 1779 1657
f 1657 1779 1780
f 1657 1780 1659
f 1659 1780 1781
f 1659 1781 1661
f 1661 1781 1782
f 1661 1782 1663
f 1663 1782 1783
f 1663 1783 1665
f 1665 1783 1784
f 1665 1784 733
f 733 1784 735
f 735 1784 737
f 737 1784 1785
f 737 1785 739
f 739 1785 741
f 741 1785 1786
f 741 1786 743
f 743 1786 745
f 745 1786 747
f 747 1786 1787
f 747 1787 749
f 749 1787 1671
f 749 1671 751
f 751 1671 1669
f 751 1669 753
f 753 1669 755
f 755 1669 1667
f 755 1667 757
f 757 1667 759
f 759 1667 731
f 731 1667 1665
f 731 1665 733
f 1671 1787 1673
f 1673 1787 1788
f 1673 1788 1789
f 1673 1789 1675
f 1675 1789 1790
f 1675 1790 1677
f 1677 1790 1791
f 1677 1791 1679
f 1679 1791 1792
f 1679 1792 1681
f 1681 1792 1793
f 1681 1793 1683
f 1683 1793 1794
f 1683 1794 1685
f 1685 1794 1795
f 1685 1795 1687
f 1687 1795 1796
f 1687 1796 1689
f 1689 1796 1797
f 1689 1797 1691
f 1691 1797 1798
f 1691 1798 1693
f 1693 1798 1799
f 1693 1799 1800
f 1801 1802 1800
f 1800 1802 1803
f 1800 1803 1695
f 1695 1803 1804
f 1695 1804 1697
f 1697 1804 1805
f 1697 1805 1806
f 1807 1808 1801
f 1801 1808 1809
f 1801 1809 1802
f 1810 1811 1807
f 1807 1811 1812
f 1807 1812 1813
f 1814 1701 1810
f 1810 1701 1815
f 1810 1815 1816
f 1701 1814 1703
f 1703 1814 1817
f 1703 1817 1705
f 1705 1817 1818
f 1705 1818 1707
f 1707 1818 1819
f 1707 1819 1709
f 1709 1819 1820
f 1709 1820 1531
f 1531 1820 1710
f 1531 1710 1533
f 791 819 1768
f 1637 811 1639
f 1639 811 809
f 1639 809 807
f 807 805 1639
f 1639 805 1641
f 1641 805 803
f 801 799 1770
f 821 849 1737
f 841 839 1735
f 1577 831 1579
f 1579 831 829
f 1579 829 827
f 827 825 1579
f 1579 825 1581
f 1581 825 823
f 1813 1808 1807
f 1806 1821 1697
f 1697 1821 1699
f 1699 1821 1822
f 1699 1822 1823
f 1699 1823 1701
f 1701 1823 1815
f 1816 1811 1810
f 1695 1693 1800
f 1635 1633 1767
f 1575 1573 1734
f 337 1824 335
f 335 1824 1825
f 335 1825 333
f 333 1825 1826
f 333 1826 365
f 365 1826 1827
f 365 1827 367
f 367 1827 1828
f 367 1828 369
f 369 1828 1829
f 369 1829 371
f 371 1829 1830
f 371 1830 373
f 373 1830 1831
f 373 1831 375
f 375 1831 1832
f 375 1832 377
f 377 1832 1833
f 377 1833 379
f 379 1833 1834
f 379 1834 381
f 381 1834 1835
f 381 1835 383
f 383 1835 1836
f 383 1836 385
f 385 1836 1837
f 385 1837 238
f 238 1837 1838
f 238 1838 239
f 239 1838 1839
f 239 1839 388
f 388 1839 1840
f 388 1840 390
f 390 1840 1841
f 390 1841 392
f 392 1841 1842
f 392 1842 394
f 394 1842 1843
f 394 1843 396
f 396 1843 1844
f 396 1844 398
f 398 1844 1845
f 398 1845 400
f 400 1845 1846
f 400 1846 402
f 402 1846 1847
f 402 1847 404
f 404 1847 1848
f 404 1848 406
f 406 1848 1849
f 406 1849 408
f 408 1849 1850
f 408 1850 410
f 410 1850 1851
f 410 1851 412
f 412 1851 1852
f 412 1852 414
f 414 1852 1853
f 414 1853 416
f 416 1853 1854
f 416 1854 418
f 418 1854 1855
f 418 1855 420
f 420 1855 1856
f 420 1856 422
f 422 1856 1857
f 422 1857 424
f 424 1857 1858
f 424 1858 426
f 426 1858 1859
f 426 1859 428
f 428 1859 1860
f 428 1860 430
f 430 1860 1861
f 430 1861 432
f 432 1861 1862
f 432 1862 434
f 434 1862 1863
f 434 1863 436
f 436 1863 1864
f 436 1864 438
f 438 1864 1865
f 438 1865 441
f 441 1865 1866
f 441 1866 443
f 443 1866 1867
f 443 1867 445
f 445 1867 1868
f 445 1868 447
f 447 1868 1869
f 447 1869 449
f 449 1869 1870
f 449 1870 451
f 451 1870 1871
f 451 1871 453
f 453 1871 1872
f 453 1872 455
f 455 1872 1873
f 455 1873 457
f 457 1873 1874
f 457 1874 459
f 459 1874 1875
f 459 1875 461
f 461 1875 1876
f 461 1876 463
f 463 1876 1877
f 463 1877 465
f 465 1877 1878
f 465 1878 467
f 467 1878 1879
f 467 1879 469
f 469 1879 1880
f 469 1880 471
f 471 1880 1881
f 471 1881 473
f 473 1881 1882
f 473 1882 475
f 475 1882 1883
f 475 1883 477
f 477 1883 1884
f 477 1884 479
f 479 1884 1885
f 479 1885 481
f 481 1885 1886
f 481 1886 483
f 483 1886 1887
f 483 1887 485
f 485 1887 1888
f 485 1888 487
f 487 1888 1889
f 487 1889 489
f 489 1889 1890
f 489 1890 361
f 361 1890 1891
f 361 1891 359
f 359 1891 1892
f 359 1892 357
f 357 1892 1893
f 357 1893 355
f 355 1893 1894
f 355 1894 353
f 353 1894 1895
f 353 1895 351
f 351 1895 1896
f 351 1896 349
f 349 1896 1897
f 349 1897 347
f 347 1897 1898
f 347 1898 345
f 345 1898 1899
f 345 1899 343
f 343 1899 1900
f 343 1900 341
f 341 1900 1901
f 341 1901 339
f 339 1901 1902
f 339 1902 337
f 337 1902 1824
f 1811 1249 1812
f 1812 1249 1251
f 1812 1251 1813
f 1813 1251 1252
f 1813 1252 1808
f 1808 1252 1253
f 1808 1253 1809
f 1809 1253 1255
f 1809 1255 1802
f 1802 1255 1256
f 1802 1256 1803
f 1803 1256 1258
f 1803 1258 1804
f 1804 1258 1259
f 1804 1259 1805
f 1805 1259 1260
f 1805 1260 1806
f 1806 1260 1261
f 1806 1261 1821
f 1821 1261 1262
f 1821 1262 1822
f 1822 1262 1263
f 1822 1263 1823
f 1823 1263 1264
f 1823 1264 1815
f 1815 1264 1247
f 1815 1247 1816
f 1816 1247 1248
f 1816 1248 1811
f 1811 1248 1249
f 1238 1712 1239
f 1239 1712 1711
f 1239 1711 1240
f 1240 1711 1710
f 1240 1710 1241
f 1241 1710 1820
f 1241 1820 1242
f 1242 1820 1819
f 1242 1819 1243
f 1243 1819 1818
f 1243 1818 1244
f 1244 1818 1817
f 1244 1817 1245
f 1245 1817 1814
f 1245 1814 1246
f 1246 1814 1810
f 1246 1810 1250
f 1250 1810 1807
f 1250 1807 1254
f 1254 1807 1801
f 1254 1801 1257
f 1257 1801 1800
f 1257 1800 1265
f 1265 1800 1799
f 1265 1799 1266
f 1266 1799 1798
f 1266 1798 1267
f 1267 1798 1797
f 1267 1797 1268
f 1268 1797 1796
f 1268 1796 1269
f 1269 1796 1795
f 1269 1795 1270
f 1270 1795 1794
f 1270 1794 1271
f 1271 1794 1793
f 1271 1793 1272
f 1272 1793 1792
f 1272 1792 1273
f 1273 1792 1791
f 1273 1791 1274
f 1274 1791 1790
f 1274 1790 1275
f 1275 1790 1789
f 1275 1789 1276
f 1276 1789 1788
f 1276 1788 1277
f 1277 1788 1787
f 1277 1787 1278
f 1278 1787 1786
f 1278 1786 1279
f 1279 1786 1785
f 1279 1785 1280
f 1280 1785 1784
f 1280 1784 1281
f 1281 1784 1783
f 1281 1783 1282
f 1282 1783 1782
f 1282 1782 1283
f 1283 1782 1781
f 1283 1781 1284
f 1284 1781 1780
f 1284 1780 1285
f 1285 1780 1779
f 1285 1779 1286
f 1286 1779 1778
f 1286 1778 1287
f 1287 1778 1777
f 1287 1777 1288
f 1288 1777 1776
f 1288 1776 1289
f 1289 1776 1775
f 1289 1775 1290
f 1290 1775 1774
f 1290 1774 1291
f 1291 1774 1773
f 1291 1773 1292
f 1292 1773 1772
f 1292 1772 1293
f 1293 1772 1771
f 1293 1771 1294
f 1294 1771 1770
f 1294 1770 1295
f 1295 1770 1769
f 1295 1769 1296
f 1296 1769 1768
f 1296 1768 1297
f 1297 1768 1767
f 1297 1767 1298
f 1298 1767 1766
f 1298 1766 1299
f 1299 1766 1765
f 1299 1765 1300
f 1300 1765 1764
f 1300 1764 1301
f 1301 1764 1763
f 1301 1763 1302
f 1302 1763 1762
f 1302 1762 1303
f 1303 1762 1761
f 1303 1761 1304
f 1304 1761 1760
f 1304 1760 1305
f 1305 1760 1759
f 1305 1759 1306
f 1306 1759 1758
f 1306 1758 1307
f 1307 1758 1757
f 1307 1757 1308
f 1308 1757 1756
f 1308 1756 1309
f 1309 1756 1755
f 1309 1755 1310
f 1310 1755 1754
f 1310 1754 1311
f 1311 1754 1753
f 1311 1753 1312
f 1312 1753 1752
f 1312 1752 1313
f 1313 1752 1751
f 1313 1751 1314
f 1314 1751 1750
f 1314 1750 1315
f 1315 1750 1749
f 1315 1749 1316
f 1316 1749 1748
f 1316 1748 1317
f 1317 1748 1747
f 1317 1747 1318
f 1318 1747 1746
f 1318 1746 1319
f 1319 1746 1745
f 1319 1745 1320
f 1320 1745 1744
f 1320 1744 1321
f 1321 1744 1743
f 1321 1743 1322
f 1322 1743 1742
f 1322 1742 1323
f 1323 1742 1741
f 1323 1741 1324
f 1324 1741 1740
f 1324 1740 1325
f 1325 1740 1739
f 1325 1739 1326
f 1326 1739 1738
f 1326 1738 1327
f 1327 1738 1737
f 1327 1737 1328
f 1328 1737 1736
f 1328 1736 1329
f 1329 1736 1735
f 1329 1735 1330
f 1330 1735 1734
f 1330 1734 1331
f 1331 1734 1733
f 1331 1733 1332
f 1332 1733 1732
f 1332 1732 1333
f 1333 1732 1731
f 1333 1731 1334
f 1334 1731 1730
f 1334 1730 1335
f 1335 1730 1729
f 1335 1729 1336
f 1336 1729 1728
f 1336 1728 1337
f 1337 1728 1727
f 1337 1727 1338
f 1338 1727 1726
f 1338 1726 1339
f 1339 1726 1725
f 1339 1725 1340
f 1340 1725 1724
f 1340 1724 1341
f 1341 1724 1723
f 1341 1723 1342
f 1342 1723 1722
f 1342 1722 1343
f 1343 1722 1721
f 1343 1721 1344
f 1344 1721 1720
f 1344 1720 1345
f 1345 1720 1719
f 1345 1719 1346
f 1346 1719 1718
f 1346 1718 1347
f 1347 1718 1717
f 1347 1717 1348
f 1348 1717 1716
f 1348 1716 1349
f 1349 1716 1715
f 1349 1715 1350
f 1350 1715 1714
f 1350 1714 1351
f 1351 1714 1713
f 1351 1713 1238
f 1238 1713 1712
f 1356 601 1354
f 1354 601 599
f 1354 599 597
f 1358 605 1356
f 1356 605 603
f 1356 603 601
f 605 1358 1827
f 1827 1358 1360
f 1827 1360 1828
f 1828 1360 1362
f 1828 1362 1829
f 1829 1362 1364
f 1829 1364 1830
f 1830 1364 1366
f 1830 1366 1831
f 1831 1366 1368
f 1831 1368 1832
f 1832 1368 1370
f 1832 1370 1833
f 1833 1370 1372
f 1833 1372 503
f 503 1372 505
f 505 1372 1374
f 505 1374 507
f 507 1374 509
f 509 1374 1376
f 509 1376 511
f 511 1376 513
f 513 1376 1378
f 513 1378 515
f 515 1378 517
f 517 1378 1380
f 517 1380 519
f 519 1380 1837
f 519 1837 491
f 491 1837 1836
f 491 1836 493
f 493 1836 495
f 495 1836 1835
f 495 1835 497
f 497 1835 499
f 499 1835 1834
f 499 1834 501
f 501 1834 503
f 503 1834 1833
f 1380 1382 1837
f 1837 1382 1838
f 1838 1382 1384
f 1838 1384 1839
f 1839 1384 1386
f 1839 1386 1840
f 1840 1386 1388
f 1840 1388 1841
f 1841 1388 1390
f 1841 1390 1392
f 1841 1392 1842
f 1842 1392 1394
f 1842 1394 1843
f 1843 1394 627
f 1843 627 625
f 627 1394 629
f 629 1394 1396
f 629 1396 631
f 631 1396 633
f 633 1396 1398
f 633 1398 635
f 635 1398 637
f 637 1398 1400
f 637 1400 639
f 639 1400 611
f 611 1400 1402
f 611 1402 613
f 613 1402 1846
f 613 1846 615
f 615 1846 617
f 617 1846 1845
f 617 1845 619
f 619 1845 621
f 621 1845 1844
f 621 1844 623
f 623 1844 625
f 625 1844 1843
f 1846 1402 1847
f 1847 1402 1404
f 1847 1404 1848
f 1848 1404 1406
f 1848 1406 1849
f 1849 1406 1408
f 1849 1408 1410
f 1849 1410 1850
f 1850 1410 1412
f 1850 1412 1851
f 1851 1412 1414
f 1851 1414 1852
f 1852 1414 1416
f 1852 1416 1853
f 1853 1416 691
f 1853 691 689
f 1416 1418 691
f 691 1418 693
f 693 1418 695
f 695 1418 1420
f 695 1420 697
f 697 1420 699
f 699 1420 1422
f 699 1422 671
f 671 1422 673
f 673 1422 675
f 675 1422 1424
f 675 1424 677
f 677 1424 1856
f 677 1856 679
f 679 1856 681
f 681 1856 1855
f 681 1855 683
f 683 1855 685
f 685 1855 1854
f 685 1854 687
f 687 1854 689
f 689 1854 1853
f 1856 1424 1857
f 1857 1424 1426
f 1857 1426 1428
f 1857 1428 1858
f 1858 1428 1430
f 1858 1430 1859
f 1859 1430 1432
f 1859 1432 1860
f 1860 1432 1434
f 1860 1434 1861
f 1861 1434 1436
f 1861 1436 1862
f 1862 1436 1438
f 1862 1438 1863
f 1863 1438 1440
f 1863 1440 575
f 575 1440 577
f 577 1440 579
f 579 1440 1442
f 579 1442 551
f 551 1442 553
f 553 1442 1444
f 553 1444 555
f 555 1444 557
f 557 1444 1446
f 557 1446 559
f 559 1446 561
f 561 1446 1866
f 561 1866 563
f 563 1866 1865
f 563 1865 565
f 565 1865 567
f 567 1865 1864
f 567 1864 569
f 569 1864 571
f 571 1864 573
f 573 1864 1863
f 573 1863 575
f 1446 1448 1866
f 1866 1448 1867
f 1867 1448 1450
f 1867 1450 1868
f 1868 1450 1452
f 1868 1452 1869
f 1869 1452 1454
f 1869 1454 1870
f 1870 1454 1456
f 1870 1456 1871
f 1871 1456 1458
f 1871 1458 1872
f 1872 1458 1460
f 1872 1460 1462
f 1464 521 1462
f 1462 521 549
f 1462 549 1873
f 1873 549 547
f 1873 547 545
f 1466 527 1464
f 1464 527 525
f 1464 525 523
f 1468 531 1466
f 1466 531 529
f 1466 529 527
f 1470 535 1468
f 1468 535 533
f 1468 533 531
f 1472 1877 1470
f 1470 1877 1876
f 1470 1876 535
f 535 1876 537
f 537 1876 1875
f 537 1875 539
f 539 1875 541
f 541 1875 1874
f 541 1874 543
f 543 1874 545
f 545 1874 1873
f 1877 1472 1878
f 1878 1472 1474
f 1878 1474 1879
f 1879 1474 1476
f 1879 1476 1880
f 1880 1476 1478
f 1880 1478 1480
f 1880 1480 1881
f 1881 1480 1482
f 1881 1482 1882
f 1882 1482 1484
f 1882 1484 1883
f 1883 1484 643
f 1883 643 641
f 643 1484 645
f 645 1484 1486
f 645 1486 647
f 647 1486 649
f 649 1486 1488
f 649 1488 651
f 651 1488 653
f 653 1488 1490
f 653 1490 655
f 655 1490 657
f 657 1490 1492
f 657 1492 659
f 659 1492 1886
f 659 1886 661
f 661 1886 1885
f 661 1885 663
f 663 1885 665
f 665 1885 1884
f 665 1884 667
f 667 1884 669
f 669 1884 1883
f 669 1883 641
f 1886 1492 1887
f 1887 1492 1494
f 1887 1494 1888
f 1888 1494 1496
f 1888 1496 1498
f 1888 1498 1889
f 1889 1498 1500
f 1889 1500 1890
f 1890 1500 1502
f 1890 1502 1891
f 1891 1502 1504
f 1891 1504 1892
f 1892 1504 1506
f 1892 1506 707
f 707 1506 709
f 709 1506 1508
f 709 1508 711
f 711 1508 713
f 713 1508 1510
f 713 1510 715
f 715 1510 717
f 717 1510 1512
f 717 1512 719
f 719 1512 721
f 721 1512 1514
f 721 1514 723
f 723 1514 1896
f 723 1896 1895
f 1514 1516 1896
f 1896 1516 1897
f 1897 1516 1518
f 1897 1518 1898
f 1898 1518 1520
f 1898 1520 1899
f 1899 1520 1522
f 1899 1522 1900
f 1900 1522 1524
f 1900 1524 1901
f 1901 1524 1526
f 1901 1526 1902
f 1902 1526 1528
f 1902 1528 591
f 591 1528 1352
f 591 1352 593
f 593 1352 595
f 595 1352 1354
f 595 1354 597
f 523 521 1464
f 585 583 1825
f 1825 583 581
f 1825 581 1826
f 1826 581 609
f 1826 609 607
f 1826 607 1827
f 1827 607 605
f 591 589 1902
f 1902 589 1824
f 1824 589 587
f 1824 587 585
f 1824 585 1825
f 705 703 1893
f 1893 703 701
f 1893 701 1894
f 1894 701 729
f 1894 729 727
f 1894 727 1895
f 1895 727 725
f 1895 725 723
f 707 705 1892
f 1892 705 1893
f 1873 1872 1462
f 881 594 883
f 883 594 596
f 883 596 598
f 1057 41 881
f 881 41 590
f 881 590 592
f 41 1057 39
f 39 1057 1055
f 39 1055 37
f 37 1055 1053
f 37 1053 35
f 35 1053 1051
f 35 1051 33
f 33 1051 1049
f 33 1049 1047
f 33 1047 31
f 31 1047 1045
f 31 1045 29
f 29 1045 1043
f 29 1043 27
f 27 1043 1041
f 27 1041 720
f 720 1041 718
f 718 1041 716
f 716 1041 1039
f 716 1039 714
f 714 1039 712
f 712 1039 1037
f 712 1037 710
f 710 1037 708
f 708 1037 1035
f 708 1035 706
f 706 1035 21
f 706 21 704
f 704 21 702
f 702 21 23
f 702 23 700
f 700 23 728
f 728 23 25
f 728 25 726
f 726 25 724
f 724 25 722
f 722 25 720
f 720 25 27
f 21 1035 19
f 19 1035 1033
f 19 1033 17
f 17 1033 1031
f 17 1031 15
f 15 1031 1029
f 15 1029 13
f 13 1029 1027
f 13 1027 11
f 11 1027 1025
f 11 1025 9
f 9 1025 1023
f 9 1023 1021
f 9 1021 7
f 7 1021 1019
f 7 1019 5
f 5 1019 656
f 5 656 658
f 1017 652 1019
f 1019 652 654
f 1019 654 656
f 1015 648 1017
f 1017 648 650
f 1017 650 652
f 1013 644 1015
f 1015 644 646
f 1015 646 648
f 1011 241 1013
f 1013 241 1
f 1013 1 642
f 642 1 640
f 640 1 668
f 668 1 3
f 668 3 666
f 666 3 664
f 664 3 662
f 662 3 5
f 662 5 660
f 660 5 658
f 241 1011 243
f 243 1011 1009
f 243 1009 245
f 245 1009 1007
f 245 1007 247
f 247 1007 1005
f 247 1005 249
f 249 1005 1003
f 249 1003 251
f 251 1003 1001
f 251 1001 253
f 253 1001 999
f 253 999 255
f 255 999 997
f 255 997 532
f 532 997 530
f 530 997 995
f 530 995 528
f 528 995 526
f 526 995 993
f 526 993 524
f 524 993 522
f 522 993 520
f 520 993 991
f 520 991 261
f 261 991 989
f 261 989 263
f 263 989 987
f 263 987 265
f 265 987 985
f 265 985 267
f 267 985 983
f 267 983 269
f 269 983 981
f 269 981 271
f 271 981 979
f 271 979 273
f 273 979 977
f 273 977 275
f 275 977 975
f 275 975 558
f 558 975 556
f 556 975 973
f 556 973 554
f 554 973 552
f 552 973 971
f 552 971 550
f 550 971 578
f 578 971 969
f 578 969 576
f 576 969 281
f 576 281 574
f 574 281 572
f 572 281 279
f 572 279 570
f 570 279 568
f 568 279 566
f 566 279 277
f 566 277 564
f 564 277 562
f 562 277 275
f 562 275 560
f 560 275 558
f 969 967 281
f 281 967 283
f 283 967 965
f 283 965 285
f 285 965 963
f 285 963 287
f 287 963 961
f 287 961 289
f 289 961 959
f 289 959 291
f 291 959 957
f 291 957 293
f 293 957 955
f 293 955 295
f 295 955 953
f 295 953 674
f 674 953 951
f 674 951 672
f 672 951 670
f 670 951 698
f 698 951 949
f 698 949 696
f 696 949 694
f 694 949 947
f 694 947 692
f 692 947 301
f 692 301 690
f 690 301 688
f 688 301 299
f 688 299 686
f 686 299 684
f 684 299 682
f 682 299 297
f 682 297 680
f 680 297 678
f 678 297 676
f 676 297 295
f 676 295 674
f 947 945 301
f 301 945 303
f 303 945 943
f 303 943 305
f 305 943 941
f 305 941 307
f 307 941 939
f 307 939 309
f 309 939 937
f 309 937 311
f 311 937 935
f 311 935 313
f 313 935 933
f 313 933 315
f 315 933 931
f 315 931 317
f 317 931 612
f 317 612 614
f 612 931 610
f 610 931 929
f 610 929 638
f 638 929 636
f 636 929 927
f 636 927 634
f 634 927 632
f 632 927 925
f 632 925 630
f 630 925 628
f 628 925 321
f 628 321 626
f 626 321 624
f 624 321 622
f 622 321 319
f 622 319 620
f 620 319 618
f 618 319 616
f 616 319 317
f 616 317 614
f 321 925 323
f 323 925 923
f 323 923 325
f 325 923 921
f 325 921 919
f 325 919 327
f 327 919 917
f 327 917 329
f 329 917 915
f 329 915 331
f 331 915 913
f 331 913 332
f 332 913 911
f 332 911 69
f 69 911 909
f 69 909 67
f 67 909 518
f 67 518 490
f 518 909 516
f 516 909 907
f 516 907 514
f 514 907 512
f 512 907 905
f 512 905 510
f 510 905 508
f 508 905 903
f 508 903 506
f 506 903 504
f 504 903 61
f 504 61 63
f 903 901 61
f 61 901 59
f 59 901 899
f 59 899 57
f 57 899 897
f 57 897 55
f 55 897 895
f 55 895 893
f 55 893 53
f 53 893 891
f 53 891 51
f 51 891 889
f 51 889 49
f 49 889 887
f 49 887 47
f 47 887 885
f 47 885 604
f 604 885 602
f 602 885 600
f 600 885 883
f 600 883 598
f 590 41 588
f 588 41 43
f 588 43 586
f 586 43 584
f 584 43 582
f 582 43 45
f 582 45 580
f 580 45 608
f 608 45 606
f 606 45 47
f 606 47 604
f 65 496 63
f 63 496 498
f 63 498 500
f 67 492 65
f 65 492 494
f 65 494 496
f 520 261 548
f 548 261 259
f 548 259 546
f 546 259 544
f 544 259 542
f 542 259 257
f 542 257 540
f 540 257 538
f 538 257 536
f 536 257 255
f 536 255 534
f 534 255 532
f 500 502 63
f 63 502 504
f 490 492 67
f 592 594 881
f 642 644 1013
f 1903 1904 1905
f 1905 1904 1906
f 1905 1906 1907
f 1907 1906 1908
f 1907 1908 1909
f 1909 1908 1910
f 1909 1910 1911
f 1911 1910 1912
f 1911 1912 1913
f 1913 1912 1914
f 1913 1914 1915
f 1915 1914 1916
f 1915 1916 1917
f 1917 1916 1918
f 1917 1918 1919
f 1919 1918 1920
f 1919 1920 1921
f 1921 1920 1922
f 1921 1922 1923
f 1923 1922 1924
f 1923 1924 1925
f 1925 1924 1926
f 1925 1926 1927
f 1927 1926 1928
f 1927 1928 1929
f 1929 1928 1930
f 1929 1930 1903
f 1903 1930 1904
f 1931 1932 1933
f 1933 1932 1934
f 1933 1934 1935
f 1935 1934 1936
f 1935 1936 1937
f 1937 1936 1938
f 1937 1938 1939
f 1939 1938 1940
f 1939 1940 1941
f 1941 1940 1942
f 1941 1942 1943
f 1943 1942 1944
f 1943 1944 1945
f 1945 1944 1946
f 1945 1946 1947
f 1947 1946 1948
f 1947 1948 1949
f 1949 1948 1950
f 1949 1950 1951
f 1951 1950 1952
f 1951 1952 1953
f 1953 1952 1954
f 1953 1954 1955
f 1955 1954 1956
f 1955 1956 1957
f 1957 1956 1958
f 1957 1958 1931
f 1931 1958 1932
f 1959 1960 1961
f 1961 1960 1962
f 1963 1964 1965
f 1965 1964 1966
f 1965 1966 1967
f 1967 1966 1968
f 1967 1968 1961
f 1961 1968 1959
f 1969 1964 1970
f 1970 1964 1963
f 1971 1972 1973
f 1973 1972 1974
f 1973 1974 1975
f 1975 1974 1976
f 1975 1976 1970
f 1970 1976 1969
f 1977 1972 1978
f 1978 1972 1971
f 1979 1980 1981
f 1981 1980 1982
f 1981 1982 1983
f 1983 1982 1984
f 1983 1984 1978
f 1978 1984 1977
f 1985 1980 1986
f 1986 1980 1979
f 1962 1960 1987
f 1987 1960 1988
f 1987 1988 1989
f 1989 1988 1990
f 1989 1990 1986
f 1986 1990 1985
f 1991 1992 1993
f 1993 1992 1994
f 1993 1994 1995
f 1995 1994 1996
f 1995 1996 1997
f 1997 1996 1998
f 1997 1998 1999
f 1999 1998 2000
f 1999 2000 2001
f 2001 2000 2002
f 2001 2002 2003
f 2003 2002 2004
f 2003 2004 2005
f 2005 2004 2006
f 2005 2006 2007
f 2007 2006 2008
f 2007 2008 2009
f 2009 2008 2010
f 2009 2010 2011
f 2011 2010 2012
f 2011 2012 2013
f 2013 2012 2014
f 2013 2014 2015
f 2015 2014 2016
f 2015 2016 2017
f 2017 2016 2018
f 2017 2018 2019
f 2019 2018 2020
f 2019 2020 1991
f 1991 2020 1992
f 2021 2022 2023
f 2023 2022 2024
f 2023 2024 2025
f 2025 2024 2026
f 2025 2026 2027
f 2027 2026 2028
f 2027 2028 2029
f 2029 2028 2030
f 2029 2030 2031
f 2031 2030 2032
f 2031 2032 2033
f 2033 2032 2034
f 2033 2034 2035
f 2035 2034 2036
f 2035 2036 2037
f 2037 2036 2038
f 2037 2038 2039
f 2039 2038 2040
f 2039 2040 2041
f 2041 2040 2042
f 2041 2042 2043
f 2043 2042 2044
f 2043 2044 2045
f 2045 2044 2046
f 2045 2046 2047
f 2047 2046 2048
f 2047 2048 2049
f 2049 2048 2050
f 2049 2050 2051
f 2051 2050 2052
f 2051 2052 2053
f 2053 2052 2054
f 2053 2054 2055
f 2055 2054 2056
f 2055 2056 2057
f 2057 2056 2058
f 2057 2058 2021
f 2021 2058 2022
f 2059 2060 2061
f 2061 2060 2062
f 2061 2062 2063
f 2063 2062 2064
f 2063 2064 2065
f 2065 2064 2066
f 2065 2066 2067
f 2067 2066 2068
f 2067 2068 2069
f 2069 2068 2070
f 2069 2070 2071
f 2071 2070 2072
f 2071 2072 2073
f 2073 2072 2074
f 2073 2074 2075
f 2075 2074 2076
f 2075 2076 2077
f 2077 2076 2078
f 2077 2078 2079
f 2079 2078 2080
f 2079 2080 2081
f 2081 2080 2082
f 2081 2082 2083
f 2083 2082 2084
f 2083 2084 2085
f 2085 2084 2086
f 2085 2086 2087
f 2087 2086 2088
f 2087 2088 2059
f 2059 2088 2060
f 2089 2090 2091
f 2091 2090 2092
f 2091 2092 2093
f 2093 2092 2094
f 2093 2094 2095
f 2095 2094 2096
f 2095 2096 2097
f 2097 2096 2098
f 2097 2098 2099
f 2099 2098 2100
f 2099 2100 2101
f 2101 2100 2102
f 2101 2102 2103
f 2103 2102 2104
f 2103 2104 2105
f 2105 2104 2106
f 2105 2106 2107
f 2107 2106 2108
f 2107 2108 2109
f 2109 2108 2110
f 2109 2110 2111
f 2111 2110 2112
f 2111 2112 2113
f 2113 2112 2114
f 2113 2114 2115
f 2115 2114 2116
f 2115 2116 2117
f 2117 2116 2118
f 2117 2118 2089
f 2089 2118 2090
f 2119 2120 2121
f 2121 2120 2122
f 2121 2122 2123
f 2123 2122 2124
f 2123 2124 2125
f 2125 2124 2126
f 2127 2120 2128
f 2128 2120 2119
f 2129 2130 2131
f 2131 2130 2132
f 2131 2132 2133
f 2133 2132 2134
f 2133 2134 2128
f 2128 2134 2127
f 2135 2130 2136
f 2136 2130 2129
f 2137 2138 2139
f 2139 2138 2140
f 2139 2140 2141
f 2141 2140 2142
f 2141 2142 2136
f 2136 2142 2135
f 2143 2138 2144
f 2144 2138 2137
f 2145 2146 2147
f 2147 2146 2148
f 2147 2148 2149
f 2149 2148 2150
f 2149 2150 2144
f 2144 2150 2143
f 2126 2146 2125
f 2125 2146 2145
f 2151 2152 2153
f 2153 2152 2154
f 2153 2154 2155
f 2155 2154 2156
f 2155 2156 2157
f 2157 2156 2158
f 2157 2158 2159
f 2159 2158 2160
f 2159 2160 2161
f 2161 2160 2162
f 2161 2162 2163
f 2163 2162 2164
f 2163 2164 2165
f 2165 2164 2166
f 2165 2166 2167
f 2167 2166 2168
f 2167 2168 2169
f 2169 2168 2170
f 2169 2170 2171
f 2171 2170 2172
f 2171 2172 2173
f 2173 2172 2174
f 2173 2174 2175
f 2175 2174 2176
f 2175 2176 2177
f 2177 2176 2178
f 2177 2178 2179
f 2179 2178 2180
f 2179 2180 2151
f 2151 2180 2152
f 2181 2182 2183
f 2183 2182 2184
f 2183 2184 2185
f 2185 2184 2186
f 2185 2186 2187
f 2187 2186 2188
f 2187 2188 2189
f 2189 2188 2190
f 2189 2190 2191
f 2191 2190 2192
f 2191 2192 2193
f 2193 2192 2194
f 2193 2194 2195
f 2195 2194 2196
f 2195 2196 2197
f 2197 2196 2198
f 2197 2198 2199
f 2199 2198 2200
f 2199 2200 2201
f 2201 2200 2202
f 2201 2202 2203
f 2203 2202 2204
f 2203 2204 2205
f 2205 2204 2206
f 2205 2206 2207
f 2207 2206 2208
f 2207 2208 2209
f 2209 2208 2210
f 2209 2210 2211
f 2211 2210 2212
f 2211 2212 2213
f 2213 2212 2214
f 2213 2214 2215
f 2215 2214 2216
f 2215 2216 2217
f 2217 2216 2218
f 2217 2218 2181
f 2181 2218 2182
f 2219 2220 2221
f 2221 2220 2222
f 2221 2222 2223
f 2223 2222 2224
f 2223 2224 2225
f 2225 2224 2226
f 2227 2220 2228
f 2228 2220 2219
f 2229 2230 2231
f 2231 2230 2232
f 2231 2232 2233
f 2233 2232 2234
f 2233 2234 2228
f 2228 2234 2227
f 2235 2230 2236
f 2236 2230 2229
f 2237 2238 2239
f 2239 2238 2240
f 2239 2240 2241
f 2241 2240 2242
f 2241 2242 2236
f 2236 2242 2235
f 2243 2238 2244
f 2244 2238 2237
f 2245 2246 2247
f 2247 2246 2248
f 2247 2248 2249
f 2249 2248 2250
f 2249 2250 2244
f 2244 2250 2243
f 2226 2246 2225
f 2225 2246 2245
f 2251 2252 2253
f 2253 2252 2254
f 2253 2254 2255
f 2255 2254 2256
f 2255 2256 2257
f 2257 2256 2258
f 2257 2258 2259
f 2259 2258 2260
f 2259 2260 2261
f 2261 2260 2262
f 2261 2262 2263
f 2263 2262 2264
f 2263 2264 2265
f 2265 2264 2266
f 2265 2266 2267
f 2267 2266 2268
f 2267 2268 2269
f 2269 2268 2270
f 2269 2270 2271
f 2271 2270 2272
f 2271 2272 2273
f 2273 2272 2274
f 2273 2274 2275
f 2275 2274 2276
f 2275 2276 2277
f 2277 2276 2278
f 2277 2278 2279
f 2279 2278 2280
f 2279 2280 2281
f 2281 2280 2282
f 2281 2282 2283
f 2283 2282 2284
f 2283 2284 2285
f 2285 2284 2286
f 2285 2286 2287
f 2287 2286 2288
f 2287 2288 2251
f 2251 2288 2252
f 2289 2290 2291
f 2291 2290 2292
f 2291 2292 2293
f 2293 2292 2294
f 2293 2294 2295
f 2295 2294 2296
f 2297 2290 2298
f 2298 2290 2289
f 2299 2300 2301
f 2301 2300 2302
f 2301 2302 2303
f 2303 2302 2304
f 2303 2304 2298
f 2298 2304 2297
f 2305 2300 2306
f 2306 2300 2299
f 2307 2308 2309
f 2309 2308 2310
f 2309 2310 2311
f 2311 2310 2312
f 2311 2312 2306
f 2306 2312 2305
f 2313 2308 2314
f 2314 2308 2307
f 2315 2316 2317
f 2317 2316 2318
f 2317 2318 2319
f 2319 2318 2320
f 2319 2320 2314
f 2314 2320 2313
f 2296 2316 2295
f 2295 2316 2315
f 2321 2322 2323
f 2323 2322 2324
f 2323 2324 2325
f 2325 2324 2326
f 2325 2326 2327
f 2327 2326 2328
f 2327 2328 2329
f 2329 2328 2330
f 2329 2330 2331
f 2331 2330 2332
f 2331 2332 2333
f 2333 2332 2334
f 2333 2334 2335
f 2335 2334 2336
f 2335 2336 2337
f 2337 2336 2338
f 2337 2338 2339
f 2339 2338 2340
f 2339 2340 2341
f 2341 2340 2342
f 2341 2342 2343
f 2343 2342 2344
f 2343 2344 2345
f 2345 2344 2346
f 2345 2346 2347
f 2347 2346 2348
f 2347 2348 2349
f 2349 2348 2350
f 2349 2350 2321
f 2321 2350 2322
f 2351 2352 2353
f 2353 2352 2354
f 2353 2354 2355
f 2355 2354 2356
f 2355 2356 2357
f 2357 2356 2358
f 2357 2358 2359
f 2359 2358 2360
f 2359 2360 2361
f 2361 2360 2362
f 2361 2362 2363
f 2363 2362 2364
f 2363 2364 2365
f 2365 2364 2366
f 2365 2366 2367
f 2367 2366 2368
f 2367 2368 2369
f 2369 2368 2370
f 2369 2370 2371
f 2371 2370 2372
f 2371 2372 2373
f 2373 2372 2374
f 2373 2374 2375
f 2375 2374 2376
f 2375 2376 2377
f 2377 2376 2378
f 2377 2378 2379
f 2379 2378 2380
f 2379 2380 2381
f 2381 2380 2382
f 2381 2382 2383
f 2383 2382 2384
f 2383 2384 2385
f 2385 2384 2386
f 2385 2386 2387
f 2387 2386 2388
f 2387 2388 2351
f 2351 2388 2352
f 2389 2390 2391
f 2391 2390 2392
f 2391 2392 2393
f 2393 2392 2394
f 2393 2394 2395
f 2395 2394 2396
f 2395 2396 2397
f 2397 2396 2398
f 2397 2398 2399
f 2399 2398 2400
f 2399 2400 2401
f 2401 2400 2402
f 2401 2402 2403
f 2403 2402 2404
f 2403 2404 2405
f 2405 2404 2406
f 2405 2406 2407
f 2407 2406 2408
f 2407 2408 2409
f 2409 2408 2410
f 2409 2410 2411
f 2411 2410 2412
f 2411 2412 2413
f 2413 2412 2414
f 2413 2414 2415
f 2415 2414 2416
f 2415 2416 2417
f 2417 2416 2418
f 2417 2418 2389
f 2389 2418 2390
f 2419 2420 2421
f 2421 2420 2422
f 2421 2422 2423
f 2423 2422 2424
f 2423 2424 2425
f 2425 2424 2426
f 2425 2426 2427
f 2427 2426 2428
f 2427 2428 2429
f 2429 2428 2430
f 2429 2430 2431
f 2431 2430 2432
f 2431 2432 2433
f 2433 2432 2434
f 2433 2434 2435
f 2435 2434 2436
f 2435 2436 2437
f 2437 2436 2438
f 2437 2438 2439
f 2439 2438 2440
f 2439 2440 2441
f 2441 2440 2442
f 2441 2442 2443
f 2443 2442 2444
f 2443 2444 2445
f 2445 2444 2446
f 2445 2446 2447
f 2447 2446 2448
f 2447 2448 2419
f 2419 2448 2420
f 2449 2450 2451
f 2451 2450 2452
f 2451 2452 2453
f 2453 2452 2454
f 2453 2454 2455
f 2455 2454 2456
f 2455 2456 2457
f 2457 2456 2458
f 2457 2458 2459
f 2459 2458 2460
f 2459 2460 2461
f 2461 2460 2462
f 2461 2462 2463
f 2463 2462 2464
f 2463 2464 2465
f 2465 2464 2466
f 2465 2466 2467
f 2467 2466 2468
f 2467 2468 2469
f 2469 2468 2470
f 2469 2470 2471
f 2471 2470 2472
f 2471 2472 2473
f 2473 2472 2474
f 2473 2474 2475
f 2475 2474 2476
f 2475 2476 2477
f 2477 2476 2478
f 2477 2478 2449
f 2449 2478 2450
f 2479 2480 2481
f 2481 2480 2482
f 2483 2484 2485
f 2485 2484 2486
f 2485 2486 2487
f 2487 2486 2488
f 2487 2488 2489
f 2489 2488 2490
f 2489 2490 2481
f 2481 2490 2479
f 2491 2484 2492
f 2492 2484 2483
f 2493 2494 2495
f 2495 2494 2496
f 2495 2496 2497
f 2497 2496 2498
f 2497 2498 2499
f 2499 2498 2500
f 2499 2500 2492
f 2492 2500 2491
f 2501 2494 2502
f 2502 2494 2493
f 2503 2504 2505
f 2505 2504 2506
f 2505 2506 2507
f 2507 2506 2508
f 2507 2508 2509
f 2509 2508 2510
f 2509 2510 2502
f 2502 2510 2501
f 2511 2504 2512
f 2512 2504 2503
f 2513 2514 2515
f 2515 2514 2516
f 2515 2516 2517
f 2517 2516 2518
f 2517 2518 2519
f 2519 2518 2520
f 2519 2520 2512
f 2512 2520 2511
f 2521 2514 2522
f 2522 2514 2513
f 2523 2524 2525
f 2525 2524 2526
f 2525 2526 2527
f 2527 2526 2528
f 2527 2528 2529
f 2529 2528 2530
f 2529 2530 2522
f 2522 2530 2521
f 2531 2524 2532
f 2532 2524 2523
f 2533 2534 2535
f 2535 2534 2536
f 2535 2536 2537
f 2537 2536 2538
f 2537 2538 2539
f 2539 2538 2540
f 2539 2540 2532
f 2532 2540 2531
f 2541 2534 2542
f 2542 2534 2533
f 2543 2544 2545
f 2545 2544 2546
f 2545 2546 2547
f 2547 2546 2548
f 2547 2548 2549
f 2549 2548 2550
f 2549 2550 2542
f 2542 2550 2541
f 2551 2544 2552
f 2552 2544 2543
f 2482 2480 2553
f 2553 2480 2554
f 2553 2554 2555
f 2555 2554 2556
f 2555 2556 2557
f 2557 2556 2558
f 2557 2558 2552
f 2552 2558 2551
f 2553 2552 2482
f 2482 2552 2007
f 2482 2007 2009
f 2553 2555 2552
f 2552 2555 2557
f 2543 2197 2552
f 2552 2197 2199
f 2552 2199 2201
f 2545 2542 2543
f 2543 2542 2071
f 2543 2071 2073
f 2545 2547 2542
f 2542 2547 2549
f 2533 2065 2542
f 2542 2065 2067
f 2542 2067 2069
f 2535 2537 2533
f 2533 2537 2539
f 2533 2539 2532
f 2523 2257 2532
f 2532 2257 2259
f 2532 2259 2261
f 2525 2527 2523
f 2523 2527 2529
f 2523 2529 2522
f 2513 2417 2522
f 2522 2417 2389
f 2522 2389 2391
f 2515 2517 2513
f 2513 2517 2519
f 2513 2519 2512
f 2503 1967 2512
f 2512 1967 2387
f 2512 2387 2351
f 2505 2507 2503
f 2503 2507 2509
f 2503 2509 2502
f 2493 2447 2502
f 2502 2447 2469
f 2502 2469 2471
f 2495 2492 2493
f 2493 2492 2289
f 2493 2289 2291
f 2495 2497 2492
f 2492 2497 2499
f 2483 2247 2492
f 2492 2247 2249
f 2492 2249 2244
f 2485 2481 2483
f 2483 2481 2169
f 2483 2169 2171
f 2485 2487 2481
f 2481 2487 2489
f 2482 2011 2481
f 2481 2011 2165
f 2481 2165 2167
f 1904 1950 1906
f 1906 1950 1948
f 1906 1948 1908
f 1908 1948 1946
f 1908 1946 1910
f 1910 1946 1944
f 1910 1944 2109
f 2109 1944 2087
f 2109 2087 2059
f 1950 1904 1952
f 1952 1904 1930
f 1952 1930 2461
f 2461 1930 1928
f 2461 1928 2459
f 2459 1928 2339
f 2459 2339 2137
f 2137 2339 2367
f 2137 2367 2144
f 2144 2367 2369
f 2144 2369 2149
f 2149 2369 1981
f 2149 1981 2147
f 2147 1981 1983
f 2147 1983 2145
f 2145 1983 1978
f 2145 1978 2125
f 2125 1978 1971
f 2125 1971 2123
f 2123 1971 1973
f 2123 1973 2121
f 2121 1973 1975
f 2121 1975 2503
f 2503 1975 1970
f 2503 1970 1963
f 2339 1928 2337
f 2337 1928 1926
f 2337 1926 2335
f 2335 1926 1924
f 2335 1924 2333
f 2333 1924 1922
f 2333 1922 2411
f 2411 1922 1920
f 2411 1920 2409
f 2409 1920 1918
f 2409 1918 2407
f 2407 1918 1916
f 2407 1916 2405
f 2405 1916 1914
f 2405 1914 2277
f 2277 1914 2115
f 2277 2115 2275
f 2275 2115 2117
f 2275 2117 2273
f 2273 2117 2089
f 2273 2089 2271
f 2271 2089 2269
f 2269 2089 2091
f 2269 2091 2267
f 2267 2091 2093
f 2267 2093 2532
f 2532 2093 2095
f 2532 2095 2097
f 2115 1914 2113
f 2113 1914 1912
f 2113 1912 2111
f 2111 1912 1910
f 2111 1910 2109
f 1932 2017 1934
f 1934 2017 2019
f 1934 2019 1936
f 1936 2019 1991
f 1936 1991 1993
f 1958 2157 1932
f 1932 2157 2159
f 1932 2159 2017
f 2017 2159 2015
f 2015 2159 2161
f 2015 2161 2163
f 2157 1958 2155
f 2155 1958 1956
f 2155 1956 2153
f 2153 1956 1954
f 2153 1954 2027
f 2027 1954 2314
f 2027 2314 2307
f 1952 2427 1954
f 1954 2427 2429
f 1954 2429 2314
f 2314 2429 2319
f 2319 2429 2431
f 2319 2431 2317
f 2317 2431 2433
f 2317 2433 2315
f 2315 2433 2435
f 2315 2435 2437
f 2087 1944 2085
f 2085 1944 1942
f 2085 1942 2083
f 2083 1942 1940
f 2083 1940 2217
f 2217 1940 2215
f 2215 1940 1995
f 2215 1995 2213
f 2213 1995 1997
f 2213 1997 2211
f 2211 1997 1999
f 2211 1999 2209
f 2209 1999 2001
f 2209 2001 2207
f 2207 2001 2003
f 2207 2003 2205
f 2205 2003 2552
f 2205 2552 2203
f 2203 2552 2201
f 1940 1938 1995
f 1995 1938 1993
f 1993 1938 1936
f 2449 2451 2136
f 2136 2451 2453
f 2136 2453 2141
f 2141 2453 2455
f 2141 2455 2139
f 2139 2455 2457
f 2139 2457 2137
f 2137 2457 2459
f 1952 2461 2425
f 2425 2461 2463
f 2425 2463 2423
f 2423 2463 2465
f 2423 2465 2421
f 2421 2465 2467
f 2421 2467 2419
f 2419 2467 2469
f 2419 2469 2447
f 2502 2471 2131
f 2131 2471 2473
f 2131 2473 2129
f 2129 2473 2475
f 2129 2475 2477
f 2477 2449 2129
f 2129 2449 2136
f 2425 2427 1952
f 2437 2439 2315
f 2315 2439 2295
f 2295 2439 2441
f 2295 2441 2443
f 2295 2443 2293
f 2293 2443 2445
f 2293 2445 2493
f 2493 2445 2447
f 2391 2393 2522
f 2522 2393 2523
f 2393 2395 2523
f 2523 2395 2397
f 2523 2397 2287
f 2287 2397 2285
f 2285 2397 2399
f 2285 2399 2283
f 2283 2399 2401
f 2283 2401 2281
f 2281 2401 2403
f 2281 2403 2279
f 2279 2403 2405
f 2279 2405 2277
f 2333 2411 2331
f 2331 2411 2413
f 2331 2413 2329
f 2329 2413 2415
f 2329 2415 2417
f 2351 2353 2512
f 2512 2353 2355
f 2512 2355 2357
f 2512 2357 2347
f 2347 2357 2359
f 2347 2359 2345
f 2345 2359 2361
f 2345 2361 2343
f 2343 2361 2363
f 2343 2363 2341
f 2341 2363 2365
f 2341 2365 2339
f 2339 2365 2367
f 1981 2369 1979
f 1979 2369 2371
f 1979 2371 1986
f 1986 2371 2373
f 1986 2373 1989
f 1989 2373 2375
f 1989 2375 1987
f 1987 2375 2377
f 1987 2377 1962
f 1962 2377 2379
f 1962 2379 2381
f 1962 2381 1961
f 1961 2381 2383
f 1961 2383 2385
f 1961 2385 1967
f 1967 2385 2387
f 2321 2323 2513
f 2513 2323 2325
f 2513 2325 2327
f 2513 2327 2417
f 2417 2327 2329
f 2347 2349 2512
f 2512 2349 2321
f 2512 2321 2513
f 2027 2307 2025
f 2025 2307 2309
f 2025 2309 2233
f 2233 2309 2231
f 2231 2309 2311
f 2231 2311 2229
f 2229 2311 2306
f 2229 2306 2236
f 2236 2306 2299
f 2236 2299 2241
f 2241 2299 2301
f 2241 2301 2239
f 2239 2301 2303
f 2239 2303 2492
f 2492 2303 2298
f 2492 2298 2289
f 2291 2293 2493
f 2251 2253 2523
f 2523 2253 2255
f 2523 2255 2257
f 2261 2263 2532
f 2532 2263 2265
f 2532 2265 2267
f 2287 2251 2523
f 2245 2051 2225
f 2225 2051 2053
f 2225 2053 2055
f 2247 2047 2245
f 2245 2047 2049
f 2245 2049 2051
f 2244 2237 2492
f 2492 2237 2239
f 2233 2228 2025
f 2025 2228 2023
f 2023 2228 2219
f 2023 2219 2021
f 2021 2219 2221
f 2021 2221 2057
f 2057 2221 2223
f 2057 2223 2055
f 2055 2223 2225
f 2185 2077 2183
f 2183 2077 2079
f 2183 2079 2181
f 2181 2079 2081
f 2181 2081 2217
f 2217 2081 2083
f 2185 2187 2077
f 2077 2187 2075
f 2075 2187 2189
f 2075 2189 2543
f 2543 2189 2191
f 2543 2191 2193
f 2193 2195 2543
f 2543 2195 2197
f 2165 2011 2163
f 2163 2011 2013
f 2163 2013 2015
f 2167 2169 2481
f 2171 2173 2483
f 2483 2173 2039
f 2483 2039 2041
f 2039 2173 2037
f 2037 2173 2175
f 2037 2175 2035
f 2035 2175 2177
f 2035 2177 2033
f 2033 2177 2179
f 2033 2179 2031
f 2031 2179 2151
f 2031 2151 2029
f 2029 2151 2027
f 2027 2151 2153
f 2131 2133 2502
f 2502 2133 2128
f 2502 2128 2503
f 2503 2128 2119
f 2503 2119 2121
f 2532 2097 2533
f 2533 2097 2099
f 2533 2099 2101
f 2101 2103 2533
f 2533 2103 2065
f 2065 2103 2063
f 2063 2103 2105
f 2063 2105 2061
f 2061 2105 2107
f 2061 2107 2059
f 2059 2107 2109
f 2069 2071 2542
f 2073 2075 2543
f 2041 2043 2483
f 2483 2043 2045
f 2483 2045 2047
f 2003 2005 2552
f 2552 2005 2007
f 2009 2011 2482
f 1963 1965 2503
f 2503 1965 1967
f 2047 2247 2483
f 2558 2556 2551
f 2551 2556 2554
f 2551 2554 2480
f 2479 2012 2480
f 2480 2012 2010
f 2480 2010 2008
f 2490 2488 2479
f 2479 2488 2486
f 2479 2486 2484
f 2491 2248 2484
f 2484 2248 2048
f 2484 2048 2046
f 2500 2498 2491
f 2491 2498 2496
f 2491 2496 2494
f 2501 2448 2494
f 2494 2448 2446
f 2494 2446 2294
f 2294 2446 2444
f 2294 2444 2296
f 2296 2444 2442
f 2296 2442 2440
f 2510 2504 2501
f 2501 2504 2127
f 2501 2127 2134
f 2510 2508 2504
f 2504 2508 2506
f 2511 1968 2504
f 2504 1968 1966
f 2504 1966 1964
f 2520 2514 2511
f 2511 2514 2322
f 2511 2322 2350
f 2520 2518 2514
f 2514 2518 2516
f 2521 2418 2514
f 2514 2418 2328
f 2514 2328 2326
f 2530 2524 2521
f 2521 2524 2394
f 2521 2394 2392
f 2530 2528 2524
f 2524 2528 2526
f 2531 2258 2524
f 2524 2258 2256
f 2524 2256 2254
f 2540 2534 2531
f 2531 2534 2098
f 2531 2098 2096
f 2540 2538 2534
f 2534 2538 2536
f 2541 2066 2534
f 2534 2066 2104
f 2534 2104 2102
f 2550 2548 2541
f 2541 2548 2546
f 2541 2546 2544
f 2551 2198 2544
f 2544 2198 2196
f 2544 2196 2194
f 1907 1945 1905
f 1905 1945 1947
f 1905 1947 1903
f 1903 1947 1949
f 1903 1949 1929
f 1929 1949 1951
f 1929 1951 2462
f 2462 1951 2426
f 2462 2426 2464
f 2464 2426 2424
f 2464 2424 2466
f 2466 2424 2422
f 2466 2422 2468
f 2468 2422 2420
f 2468 2420 2470
f 2470 2420 2448
f 2470 2448 2501
f 1945 1907 1943
f 1943 1907 1909
f 1943 1909 2110
f 2110 1909 2112
f 2112 1909 1911
f 2112 1911 2114
f 2114 1911 1913
f 2114 1913 2116
f 2116 1913 2278
f 2116 2278 2276
f 2278 1913 2406
f 2406 1913 1915
f 2406 1915 2408
f 2408 1915 1917
f 2408 1917 2410
f 2410 1917 1919
f 2410 1919 2412
f 2412 1919 1921
f 2412 1921 2334
f 2334 1921 1923
f 2334 1923 2336
f 2336 1923 1925
f 2336 1925 2338
f 2338 1925 1927
f 2338 1927 2340
f 2340 1927 2460
f 2340 2460 2138
f 2138 2460 2458
f 2138 2458 2140
f 2140 2458 2456
f 2140 2456 2142
f 2142 2456 2454
f 2142 2454 2135
f 2135 2454 2452
f 2135 2452 2450
f 2460 1927 2462
f 2462 1927 1929
f 1935 2020 1933
f 1933 2020 2018
f 1933 2018 1931
f 1931 2018 2160
f 1931 2160 2158
f 1937 1994 1935
f 1935 1994 1992
f 1935 1992 2020
f 1994 1937 1996
f 1996 1937 1939
f 1996 1939 2216
f 2216 1939 2218
f 2218 1939 2084
f 2218 2084 2082
f 1939 1941 2084
f 2084 1941 2086
f 2086 1941 1943
f 2086 1943 2088
f 2088 1943 2110
f 2088 2110 2060
f 2060 2110 2108
f 2060 2108 2062
f 2062 2108 2106
f 2062 2106 2064
f 2064 2106 2104
f 2064 2104 2066
f 2426 1951 2428
f 2428 1951 1953
f 2428 1953 2430
f 2430 1953 2313
f 2430 2313 2320
f 1955 2154 1953
f 1953 2154 2028
f 1953 2028 2313
f 2313 2028 2308
f 2308 2028 2026
f 2308 2026 2310
f 2310 2026 2234
f 2310 2234 2312
f 2312 2234 2232
f 2312 2232 2305
f 2305 2232 2230
f 2305 2230 2300
f 2300 2230 2235
f 2300 2235 2302
f 2302 2235 2242
f 2302 2242 2304
f 2304 2242 2240
f 2304 2240 2491
f 2491 2240 2238
f 2491 2238 2243
f 2154 1955 2156
f 2156 1955 1957
f 2156 1957 2158
f 2158 1957 1931
f 2135 2450 2130
f 2130 2450 2478
f 2130 2478 2476
f 2476 2474 2130
f 2130 2474 2132
f 2132 2474 2472
f 2132 2472 2501
f 2501 2472 2470
f 2296 2440 2316
f 2316 2440 2438
f 2316 2438 2436
f 2436 2434 2316
f 2316 2434 2318
f 2318 2434 2432
f 2318 2432 2320
f 2320 2432 2430
f 2392 2390 2521
f 2521 2390 2418
f 2328 2418 2330
f 2330 2418 2416
f 2330 2416 2414
f 2412 2334 2414
f 2414 2334 2332
f 2414 2332 2330
f 2278 2406 2280
f 2280 2406 2404
f 2280 2404 2282
f 2282 2404 2402
f 2282 2402 2284
f 2284 2402 2400
f 2284 2400 2286
f 2286 2400 2398
f 2286 2398 2288
f 2288 2398 2524
f 2288 2524 2252
f 2252 2524 2254
f 2398 2396 2524
f 2524 2396 2394
f 2356 2354 2511
f 2511 2354 2352
f 2511 2352 2388
f 2511 2388 1968
f 1968 2388 2386
f 1968 2386 1959
f 1959 2386 2384
f 1959 2384 2382
f 1959 2382 1960
f 1960 2382 2380
f 1960 2380 2378
f 1960 2378 1988
f 1988 2378 2376
f 1988 2376 1990
f 1990 2376 2374
f 1990 2374 1985
f 1985 2374 2372
f 1985 2372 1980
f 1980 2372 2370
f 1980 2370 1982
f 1982 2370 2150
f 1982 2150 1984
f 1984 2150 2148
f 1984 2148 1977
f 1977 2148 2146
f 1977 2146 1972
f 1972 2146 2126
f 1972 2126 1974
f 1974 2126 2124
f 1974 2124 1976
f 1976 2124 2122
f 1976 2122 2504
f 2504 2122 2120
f 2504 2120 2127
f 2150 2370 2143
f 2143 2370 2368
f 2143 2368 2138
f 2138 2368 2340
f 2368 2366 2340
f 2340 2366 2342
f 2342 2366 2364
f 2342 2364 2344
f 2344 2364 2362
f 2344 2362 2346
f 2346 2362 2360
f 2346 2360 2348
f 2348 2360 2358
f 2348 2358 2511
f 2511 2358 2356
f 2326 2324 2514
f 2514 2324 2322
f 2350 2348 2511
f 2294 2292 2494
f 2494 2292 2290
f 2494 2290 2491
f 2491 2290 2297
f 2491 2297 2304
f 2116 2276 2118
f 2118 2276 2274
f 2118 2274 2090
f 2090 2274 2272
f 2090 2272 2270
f 2090 2270 2092
f 2092 2270 2268
f 2092 2268 2094
f 2094 2268 2531
f 2094 2531 2096
f 2268 2266 2531
f 2531 2266 2264
f 2531 2264 2262
f 2262 2260 2531
f 2531 2260 2258
f 2226 2052 2246
f 2246 2052 2050
f 2246 2050 2048
f 2224 2056 2226
f 2226 2056 2054
f 2226 2054 2052
f 2056 2224 2058
f 2058 2224 2222
f 2058 2222 2022
f 2022 2222 2220
f 2022 2220 2024
f 2024 2220 2227
f 2024 2227 2026
f 2026 2227 2234
f 2243 2250 2491
f 2491 2250 2248
f 2248 2246 2048
f 2182 2080 2184
f 2184 2080 2078
f 2184 2078 2186
f 2186 2078 2188
f 2188 2078 2076
f 2188 2076 2190
f 2190 2076 2544
f 2190 2544 2192
f 2192 2544 2194
f 2080 2182 2082
f 2082 2182 2218
f 2216 2214 1996
f 1996 2214 1998
f 1998 2214 2212
f 1998 2212 2000
f 2000 2212 2210
f 2000 2210 2002
f 2002 2210 2208
f 2002 2208 2004
f 2004 2208 2206
f 2004 2206 2551
f 2551 2206 2204
f 2551 2204 2202
f 2202 2200 2551
f 2551 2200 2198
f 2154 2152 2028
f 2028 2152 2030
f 2030 2152 2032
f 2032 2152 2180
f 2032 2180 2034
f 2034 2180 2178
f 2034 2178 2036
f 2036 2178 2176
f 2036 2176 2038
f 2038 2176 2174
f 2038 2174 2040
f 2040 2174 2484
f 2040 2484 2042
f 2042 2484 2044
f 2044 2484 2046
f 2174 2172 2484
f 2484 2172 2170
f 2484 2170 2479
f 2479 2170 2168
f 2479 2168 2166
f 2479 2166 2012
f 2012 2166 2164
f 2012 2164 2014
f 2014 2164 2016
f 2016 2164 2162
f 2016 2162 2018
f 2018 2162 2160
f 2134 2132 2501
f 2102 2100 2534
f 2534 2100 2098
f 2076 2074 2544
f 2544 2074 2072
f 2544 2072 2541
f 2541 2072 2070
f 2541 2070 2068
f 2068 2066 2541
f 2480 2008 2551
f 2551 2008 2006
f 2551 2006 2004
f 1964 1969 2504
f 2504 1969 1976
f 2559 2560 2561
f 2561 2560 2562
f 2561 2562 2563
f 2563 2562 2564
f 2563 2564 2565
f 2565 2564 2566
f 2565 2566 2567
f 2567 2566 2568
f 2567 2568 2569
f 2569 2568 2570
f 2569 2570 2571
f 2571 2570 2572
f 2571 2572 2573
f 2573 2572 2574
f 2573 2574 2575
f 2575 2574 2576
f 2575 2576 2577
f 2577 2576 2578
f 2577 2578 2579
f 2579 2578 2580
f 2579 2580 2581
f 2581 2580 2582
f 2582 2580 2583
f 2582 2583 2584
f 2584 2583 2585
f 2584 2585 2586
f 2586 2585 2587
f 2586 2587 2588
f 2588 2587 2589
f 2588 2589 2590
f 2590 2589 2591
f 2590 2591 2592
f 2592 2591 2593
f 2592 2593 2594
f 2594 2593 2595
f 2594 2595 2596
f 2596 2595 2597
f 2596 2597 2598
f 2598 2597 2599
f 2598 2599 2600
f 2600 2599 2601
f 2600 2601 2602
f 2602 2601 2603
f 2602 2603 2604
f 2604 2603 2605
f 2604 2605 2606
f 2606 2605 2607
f 2606 2607 2608
f 2608 2607 2609
f 2608 2609 2610
f 2610 2609 2611
f 2610 2611 2612
f 2613 2614 2615
f 2615 2614 2616
f 2615 2616 2617
f 2617 2616 2618
f 2617 2618 2619
f 2619 2618 2620
f 2619 2620 2621
f 2621 2620 2622
f 2621 2622 2623
f 2623 2622 2624
f 2623 2624 2625
f 2625 2624 2626
f 2625 2626 2627
f 2627 2626 2628
f 2627 2628 2629
f 2629 2628 2630
f 2629 2630 2631
f 2631 2630 2632
f 2631 2632 2633
f 2633 2632 2634
f 2633 2634 2635
f 2635 2634 2636
f 2635 2636 2637
f 2637 2636 2638
f 2637 2638 2639
f 2639 2638 2640
f 2639 2640 2641
f 2641 2640 2642
f 2641 2642 2643
f 2643 2642 2644
f 2643 2644 2645
f 2645 2644 2646
f 2645 2646 2647
f 2647 2646 2648
f 2647 2648 2649
f 2649 2648 2650
f 2649 2650 2651
f 2651 2650 2652
f 2651 2652 2653
f 2653 2652 2654
f 2653 2654 2655
f 2655 2654 2656
f 2655 2656 2657
f 2657 2656 2658
f 2657 2658 2659
f 2659 2658 2660
f 2659 2660 2661
f 2661 2660 2662
f 2661 2662 2663
f 2663 2662 2664
f 2663 2664 2665
f 2665 2664 2666
f 2665 2666 2667
f 2667 2666 2668
f 2667 2668 2669
f 2669 2668 2670
f 2669 2670 2671
f 2671 2670 2672
f 2671 2672 2673
f 2673 2672 2674
f 2673 2674 2675
f 2675 2674 2676
f 2675 2676 2677
f 2677 2676 2678
f 2677 2678 2679
f 2679 2678 2680
f 2679 2680 2681
f 2681 2680 2682
f 2681 2682 2683
f 2683 2682 2684
f 2683 2684 2685
f 2685 2684 2686
f 2685 2686 2687
f 2687 2686 2688
f 2687 2688 2689
f 2689 2688 2690
f 2689 2690 2691
f 2691 2690 2692
f 2691 2692 2693
f 2693 2692 2694
f 2693 2694 2695
f 2695 2694 2696
f 2695 2696 2697
f 2697 2696 2698
f 2697 2698 2699
f 2699 2698 2700
f 2699 2700 2701
f 2701 2700 2702
f 2701 2702 2703
f 2703 2702 2704
f 2703 2704 2705
f 2705 2704 2706
f 2705 2706 2707
f 2707 2706 2708
f 2707 2708 2613
f 2613 2708 2614
f 2709 2710 2711
f 2711 2710 2712
f 2711 2712 2713
f 2713 2712 2714
f 2713 2714 2715
f 2715 2714 2716
f 2715 2716 2717
f 2717 2716 2718
f 2717 2718 2719
f 2719 2718 2720
f 2719 2720 2721
f 2721 2720 2722
f 2721 2722 2723
f 2723 2722 2724
f 2723 2724 2725
f 2725 2724 2726
f 2725 2726 2727
f 2727 2726 2728
f 2727 2728 2729
f 2729 2728 2730
f 2729 2730 2731
f 2731 2730 2732
f 2731 2732 2733
f 2733 2732 2734
f 2733 2734 2735
f 2735 2734 2736
f 2735 2736 2737
f 2737 2736 2738
f 2737 2738 2739
f 2739 2738 2740
f 2739 2740 2741
f 2741 2740 2742
f 2741 2742 2743
f 2743 2742 2744
f 2743 2744 2745
f 2745 2744 2746
f 2745 2746 2747
f 2747 2746 2748
f 2747 2748 2749
f 2749 2748 2750
f 2749 2750 2751
f 2751 2750 2752
f 2751 2752 2753
f 2753 2752 2754
f 2753 2754 2755
f 2755 2754 2756
f 2755 2756 2757
f 2757 2756 2758
f 2757 2758 2759
f 2759 2758 2760
f 2759 2760 2761
f 2761 2760 2762
f 2761 2762 2763
f 2763 2762 2764
f 2763 2764 2765
f 2765 2764 2766
f 2765 2766 2767
f 2767 2766 2768
f 2767 2768 2769
f 2769 2768 2770
f 2769 2770 2771
f 2771 2770 2772
f 2771 2772 2773
f 2773 2772 2774
f 2773 2774 2775
f 2775 2774 2776
f 2775 2776 2777
f 2777 2776 2778
f 2777 2778 2779
f 2779 2778 2780
f 2779 2780 2781
f 2781 2780 2782
f 2781 2782 2783
f 2783 2782 2784
f 2783 2784 2785
f 2785 2784 2786
f 2785 2786 2787
f 2787 2786 2788
f 2787 2788 2789
f 2789 2788 2790
f 2789 2790 2791
f 2791 2790 2792
f 2791 2792 2793
f 2793 2792 2794
f 2793 2794 2795
f 2795 2794 2796
f 2795 2796 2797
f 2797 2796 2798
f 2797 2798 2799
f 2799 2798 2800
f 2799 2800 2801
f 2801 2800 2802
f 2801 2802 2803
f 2803 2802 2804
f 2803 2804 2805
f 2805 2804 2806
f 2805 2806 2807
f 2807 2806 2808
f 2807 2808 2809
f 2809 2808 2810
f 2809 2810 2811
f 2811 2810 2812
f 2811 2812 2709
f 2709 2812 2710
f 2709 2711 2664
f 2664 2711 2713
f 2664 2713 2666
f 2666 2713 2715
f 2666 2715 2668
f 2668 2715 2717
f 2668 2717 2670
f 2670 2717 2719
f 2670 2719 2672
f 2672 2719 2721
f 2672 2721 2674
f 2674 2721 2723
f 2674 2723 2676
f 2676 2723 2725
f 2676 2725 2678
f 2678 2725 2727
f 2678 2727 2680
f 2680 2727 2729
f 2680 2729 2682
f 2682 2729 2731
f 2682 2731 2684
f 2684 2731 2733
f 2684 2733 2686
f 2686 2733 2735
f 2686 2735 2688
f 2688 2735 2737
f 2688 2737 2739
f 2688 2739 2690
f 2690 2739 2741
f 2690 2741 2692
f 2692 2741 2743
f 2692 2743 2694
f 2694 2743 2745
f 2694 2745 2696
f 2696 2745 2747
f 2696 2747 2698
f 2698 2747 2749
f 2698 2749 2700
f 2700 2749 2751
f 2700 2751 2702
f 2702 2751 2753
f 2702 2753 2704
f 2704 2753 2755
f 2704 2755 2706
f 2706 2755 2757
f 2706 2757 2708
f 2708 2757 2759
f 2708 2759 2614
f 2614 2759 2761
f 2614 2761 2616
f 2616 2761 2763
f 2616 2763 2765
f 2616 2765 2618
f 2618 2765 2767
f 2618 2767 2620
f 2620 2767 2769
f 2620 2769 2622
f 2622 2769 2771
f 2622 2771 2624
f 2624 2771 2773
f 2624 2773 2626
f 2626 2773 2775
f 2626 2775 2628
f 2628 2775 2777
f 2628 2777 2630
f 2630 2777 2779
f 2630 2779 2632
f 2632 2779 2781
f 2632 2781 2634
f 2634 2781 2783
f 2634 2783 2636
f 2636 2783 2785
f 2636 2785 2638
f 2638 2785 2787
f 2638 2787 2640
f 2640 2787 2789
f 2640 2789 2791
f 2640 2791 2642
f 2642 2791 2793
f 2642 2793 2644
f 2644 2793 2795
f 2644 2795 2646
f 2646 2795 2797
f 2646 2797 2648
f 2648 2797 2799
f 2648 2799 2650
f 2650 2799 2801
f 2650 2801 2652
f 2652 2801 2803
f 2652 2803 2654
f 2654 2803 2805
f 2654 2805 2656
f 2656 2805 2807
f 2656 2807 2658
f 2658 2807 2809
f 2658 2809 2660
f 2660 2809 2811
f 2660 2811 2662
f 2662 2811 2709
f 2662 2709 2664
f 2813 2814 2815
f 2815 2814 2816
f 2815 2816 2817
f 2817 2816 2818
f 2817 2818 2819
f 2819 2818 2820
f 2819 2820 2821
f 2821 2820 2822
f 2821 2822 2823
f 2823 2822 2824
f 2823 2824 2825
f 2825 2824 2826
f 2825 2826 2827
f 2827 2826 2828
f 2827 2828 2829
f 2829 2828 2830
f 2829 2830 2831
f 2831 2830 2832
f 2831 2832 2833
f 2833 2832 2834
f 2833 2834 2835
f 2835 2834 2836
f 2835 2836 2837
f 2837 2836 2838
f 2837 2838 2839
f 2839 2838 2840
f 2839 2840 2841
f 2841 2840 2842
f 2841 2842 2843
f 2843 2842 2844
f 2843 2844 2845
f 2845 2844 2846
f 2845 2846 2847
f 2847 2846 2848
f 2847 2848 2849
f 2849 2848 2850
f 2849 2850 2851
f 2851 2850 2852
f 2851 2852 2853
f 2853 2852 2854
f 2853 2854 2855
f 2855 2854 2856
f 2855 2856 2857
f 2857 2856 2858
f 2857 2858 2859
f 2859 2858 2860
f 2859 2860 2861
f 2861 2860 2862
f 2861 2862 2863
f 2863 2862 2864
f 2863 2864 2865
f 2865 2864 2866
f 2865 2866 2867
f 2867 2866 2868
f 2867 2868 2869
f 2869 2868 2870
f 2869 2870 2871
f 2871 2870 2872
f 2871 2872 2873
f 2873 2872 2874
f 2873 2874 2875
f 2875 2874 2876
f 2875 2876 2877
f 2877 2876 2878
f 2877 2878 2879
f 2879 2878 2880
f 2879 2880 2881
f 2881 2880 2882
f 2881 2882 2883
f 2883 2882 2884
f 2883 2884 2885
f 2885 2884 2886
f 2885 2886 2887
f 2887 2886 2888
f 2887 2888 2889
f 2889 2888 2890
f 2889 2890 2891
f 2891 2890 2892
f 2891 2892 2893
f 2893 2892 2894
f 2893 2894 2895
f 2895 2894 2896
f 2895 2896 2897
f 2897 2896 2898
f 2897 2898 2899
f 2899 2898 2900
f 2899 2900 2901
f 2901 2900 2902
f 2901 2902 2903
f 2903 2902 2904
f 2903 2904 2905
f 2905 2904 2906
f 2905 2906 2907
f 2907 2906 2908
f 2907 2908 2813
f 2813 2908 2814
f 2909 2910 2911
f 2911 2910 2912
f 2911 2912 2913
f 2913 2912 2914
f 2913 2914 2915
f 2915 2914 2916
f 2915 2916 2917
f 2917 2916 2918
f 2917 2918 2919
f 2919 2918 2920
f 2919 2920 2921
f 2921 2920 2922
f 2921 2922 2923
f 2923 2922 2924
f 2923 2924 2925
f 2925 2924 2926
f 2925 2926 2927
f 2927 2926 2928
f 2927 2928 2929
f 2929 2928 2930
f 2929 2930 2931
f 2931 2930 2932
f 2931 2932 2933
f 2933 2932 2934
f 2933 2934 2935
f 2935 2934 2936
f 2935 2936 2937
f 2937 2936 2938
f 2937 2938 2939
f 2939 2938 2940
f 2939 2940 2941
f 2941 2940 2942
f 2941 2942 2943
f 2943 2942 2944
f 2943 2944 2945
f 2945 2944 2946
f 2945 2946 2947
f 2947 2946 2948
f 2947 2948 2949
f 2949 2948 2950
f 2949 2950 2951
f 2951 2950 2952
f 2951 2952 2953
f 2953 2952 2954
f 2953 2954 2955
f 2955 2954 2956
f 2955 2956 2957
f 2957 2956 2958
f 2957 2958 2959
f 2959 2958 2960
f 2959 2960 2961
f 2961 2960 2962
f 2961 2962 2963
f 2963 2962 2964
f 2963 2964 2965
f 2965 2964 2966
f 2965 2966 2967
f 2967 2966 2968
f 2967 2968 2969
f 2969 2968 2970
f 2969 2970 2971
f 2971 2970 2972
f 2971 2972 2973
f 2973 2972 2974
f 2973 2974 2975
f 2975 2974 2976
f 2975 2976 2977
f 2977 2976 2978
f 2977 2978 2979
f 2979 2978 2980
f 2979 2980 2981
f 2981 2980 2982
f 2981 2982 2983
f 2983 2982 2984
f 2983 2984 2985
f 2985 2984 2986
f 2985 2986 2987
f 2987 2986 2988
f 2987 2988 2989
f 2989 2988 2990
f 2989 2990 2991
f 2991 2990 2992
f 2991 2992 2993
f 2993 2992 2994
f 2993 2994 2995
f 2995 2994 2996
f 2995 2996 2997
f 2997 2996 2998
f 2997 2998 2999
f 2999 2998 3000
f 2999 3000 3001
f 3001 3000 3002
f 3001 3002 3003
f 3003 3002 3004
f 3003 3004 3005
f 3005 3004 3006
f 3005 3006 3007
f 3007 3006 3008
f 3007 3008 3009
f 3009 3008 3010
f 3009 3010 3011
f 3011 3010 3012
f 3011 3012 2909
f 2909 3012 2910
f 2909 2911 2864
f 2864 2911 2913
f 2864 2913 2866
f 2866 2913 2915
f 2866 2915 2868
f 2868 2915 2917
f 2868 2917 2870
f 2870 2917 2919
f 2870 2919 2872
f 2872 2919 2921
f 2872 2921 2874
f 2874 2921 2923
f 2874 2923 2876
f 2876 2923 2925
f 2876 2925 2878
f 2878 2925 2927
f 2878 2927 2880
f 2880 2927 2929
f 2880 2929 2882
f 2882 2929 2931
f 2882 2931 2884
f 2884 2931 2933
f 2884 2933 2886
f 2886 2933 2935
f 2886 2935 2888
f 2888 2935 2937
f 2888 2937 2890
f 2890 2937 2939
f 2890 2939 2941
f 2890 2941 2892
f 2892 2941 2943
f 2892 2943 2894
f 2894 2943 2945
f 2894 2945 2896
f 2896 2945 2947
f 2896 2947 2898
f 2898 2947 2949
f 2898 2949 2900
f 2900 2949 2951
f 2900 2951 2902
f 2902 2951 2953
f 2902 2953 2904
f 2904 2953 2955
f 2904 2955 2906
f 2906 2955 2957
f 2906 2957 2908
f 2908 2957 2959
f 2908 2959 2814
f 2814 2959 2961
f 2814 2961 2816
f 2816 2961 2963
f 2816 2963 2965
f 2816 2965 2818
f 2818 2965 2967
f 2818 2967 2820
f 2820 2967 2969
f 2820 2969 2822
f 2822 2969 2971
f 2822 2971 2824
f 2824 2971 2973
f 2824 2973 2826
f 2826 2973 2975
f 2826 2975 2828
f 2828 2975 2977
f 2828 2977 2830
f 2830 2977 2979
f 2830 2979 2832
f 2832 2979 2981
f 2832 2981 2834
f 2834 2981 2983
f 2834 2983 2836
f 2836 2983 2985
f 2836 2985 2838
f 2838 2985 2987
f 2838 2987 2989
f 2838 2989 2840
f 2840 2989 2991
f 2840 2991 2842
f 2842 2991 2993
f 2842 2993 2844
f 2844 2993 2995
f 2844 2995 2846
f 2846 2995 2997
f 2846 2997 2848
f 2848 2997 2999
f 2848 2999 2850
f 2850 2999 3001
f 2850 3001 2852
f 2852 3001 3003
f 2852 3003 2854
f 2854 3003 3005
f 2854 3005 2856
f 2856 3005 3007
f 2856 3007 2858
f 2858 3007 3009
f 2858 3009 2860
f 2860 3009 3011
f 2860 3011 2862
f 2862 3011 2909
f 2862 2909 2864
f 3013 3014 3015
f 3015 3014 3016
f 3015 3016 3017
f 3017 3016 3018
f 3017 3018 3019
f 3019 3018 3020
f 3019 3020 3021
f 3021 3020 3022
f 3021 3022 3023
f 3023 3022 3024
f 3023 3024 3025
f 3025 3024 3026
f 3025 3026 3027
f 3027 3026 3028
f 3027 3028 3029
f 3029 3028 3030
f 3029 3030 3031
f 3031 3030 3032
f 3031 3032 3033
f 3033 3032 3034
f 3033 3034 3035
f 3035 3034 3036
f 3035 3036 3037
f 3037 3036 3038
f 3037 3038 3039
f 3039 3038 3040
f 3039 3040 3041
f 3041 3040 3042
f 3041 3042 3043
f 3043 3042 3044
f 3043 3044 3045
f 3045 3044 3046
f 3045 3046 3047
f 3047 3046 3048
f 3047 3048 3049
f 3049 3048 3050
f 3049 3050 3051
f 3051 3050 3052
f 3051 3052 3053
f 3053 3052 3054
f 3053 3054 3055
f 3055 3054 3056
f 3055 3056 3057
f 3057 3056 3058
f 3057 3058 3059
f 3059 3058 3060
f 3059 3060 3061
f 3061 3060 3062
f 3061 3062 3063
f 3063 3062 3064
f 3063 3064 3065
f 3065 3064 3066
f 3065 3066 3067
f 3067 3066 3068
f 3067 3068 3069
f 3069 3068 3070
f 3069 3070 3071
f 3071 3070 3072
f 3071 3072 3073
f 3073 3072 3074
f 3073 3074 3075
f 3075 3074 3076
f 3075 3076 3077
f 3077 3076 3078
f 3077 3078 3079
f 3079 3078 3080
f 3079 3080 3081
f 3081 3080 3082
f 3081 3082 3083
f 3083 3082 3084
f 3083 3084 3085
f 3085 3084 3086
f 3085 3086 3087
f 3087 3086 3088
f 3087 3088 3089
f 3089 3088 3090
f 3089 3090 3091
f 3091 3090 3092
f 3091 3092 3093
f 3093 3092 3094
f 3093 3094 3095
f 3095 3094 3096
f 3095 3096 3097
f 3097 3096 3098
f 3097 3098 3099
f 3099 3098 3100
f 3099 3100 3101
f 3101 3100 3102
f 3101 3102 3103
f 3103 3102 3104
f 3103 3104 3013
f 3013 3104 3014
f 3105 2579 3106
f 3106 2579 2581
f 3106 2581 3107
f 3107 2581 2582
f 3107 2582 3108
f 3108 2582 2584
f 3108 2584 3109
f 3109 2584 2586
f 3109 2586 3110
f 3110 2586 2588
f 3110 2588 3111
f 3111 2588 2590
f 3111 2590 3112
f 3112 2590 2592
f 3112 2592 3113
f 3113 2592 2594
f 3113 2594 3114
f 3114 2594 2596
f 3114 2596 3115
f 3115 2596 2598
f 3115 2598 3116
f 3116 2598 2600
f 3116 2600 3117
f 3117 2600 2602
f 3117 2602 3118
f 3118 2602 2604
f 3118 2604 3119
f 3119 2604 2606
f 3119 2606 3120
f 3120 2606 2608
f 3120 2608 3121
f 3121 2608 2610
f 3121 2610 3122
f 3122 2610 2612
f 3122 2612 3123
f 3123 2612 3124
f 3123 3124 3125
f 3125 3124 3126
f 3125 3126 3127
f 3127 3126 3128
f 3127 3128 3129
f 3129 3128 3130
f 3129 3130 3131
f 3131 3130 3132
f 3131 3132 3133
f 3133 3132 3134
f 3133 3134 3135
f 3135 3134 3136
f 3135 3136 3137
f 3137 3136 3138
f 3137 3138 3139
f 3139 3138 3140
f 3139 3140 3141
f 3141 3140 3142
f 3141 3142 3143
f 3143 3142 3144
f 3143 3144 3145
f 3145 3144 3146
f 3145 3146 3147
f 3147 3146 3148
f 3147 3148 3149
f 3149 3148 3150
f 3149 3150 3151
f 3151 3150 3152
f 3151 3152 3153
f 3153 3152 3154
f 3153 3154 3155
f 3155 3154 3156
f 3155 3156 3157
f 3157 3156 3158
f 3157 3158 3159
f 3159 3158 3160
f 3159 3160 3161
f 3161 3160 3162
f 3161 3162 3163
f 3163 3162 3164
f 3163 3164 3165
f 3165 3164 3166
f 3165 3166 3167
f 3167 3166 3168
f 3167 3168 3169
f 3169 3168 3170
f 3169 3170 3171
f 3171 3170 3172
f 3171 3172 3173
f 3173 3172 3174
f 3173 3174 3175
f 3175 3174 2559
f 3175 2559 3176
f 3176 2559 2561
f 3176 2561 3177
f 3177 2561 2563
f 3177 2563 3178
f 3178 2563 2565
f 3178 2565 3179
f 3179 2565 2567
f 3179 2567 3180
f 3180 2567 2569
f 3180 2569 3181
f 3181 2569 2571
f 3181 2571 3182
f 3182 2571 2573
f 3182 2573 3183
f 3183 2573 2575
f 3183 2575 3184
f 3184 2575 2577
f 3184 2577 3105
f 3105 2577 2579
f 2813 2815 3061
f 3061 2815 2817
f 3061 2817 3059
f 3059 2817 2819
f 3059 2819 3057
f 3057 2819 2821
f 3057 2821 3055
f 3055 2821 2823
f 3055 2823 3053
f 3053 2823 2825
f 3053 2825 3051
f 3051 2825 2827
f 3051 2827 3049
f 3049 2827 2829
f 3049 2829 3047
f 3047 2829 2831
f 3047 2831 3045
f 3045 2831 2833
f 3045 2833 3043
f 3043 2833 2835
f 3043 2835 3041
f 3041 2835 2837
f 3041 2837 3039
f 3039 2837 2839
f 3039 2839 3037
f 3037 2839 2841
f 3037 2841 3035
f 3035 2841 2843
f 3035 2843 3033
f 3033 2843 2845
f 3033 2845 3031
f 3031 2845 2847
f 3031 2847 3029
f 3029 2847 2849
f 3029 2849 3027
f 3027 2849 2851
f 3027 2851 3025
f 3025 2851 2853
f 3025 2853 3023
f 3023 2853 2855
f 3023 2855 3021
f 3021 2855 2857
f 3021 2857 3019
f 3019 2857 2859
f 3019 2859 3017
f 3017 2859 2861
f 3017 2861 3015
f 3015 2861 2863
f 3015 2863 2865
f 3015 2865 3013
f 3013 2865 2867
f 3013 2867 3103
f 3103 2867 2869
f 3103 2869 3101
f 3101 2869 2871
f 3101 2871 3099
f 3099 2871 2873
f 3099 2873 3097
f 3097 2873 2875
f 3097 2875 3095
f 3095 2875 2877
f 3095 2877 3093
f 3093 2877 2879
f 3093 2879 3091
f 3091 2879 2881
f 3091 2881 3089
f 3089 2881 2883
f 3089 2883 3087
f 3087 2883 2885
f 3087 2885 3085
f 3085 2885 2887
f 3085 2887 3083
f 3083 2887 2889
f 3083 2889 3081
f 3081 2889 2891
f 3081 2891 3079
f 3079 2891 2893
f 3079 2893 3077
f 3077 2893 2895
f 3077 2895 3075
f 3075 2895 2897
f 3075 2897 3073
f 3073 2897 2899
f 3073 2899 3071
f 3071 2899 2901
f 3071 2901 3069
f 3069 2901 2903
f 3069 2903 3067
f 3067 2903 2905
f 3067 2905 3065
f 3065 2905 2907
f 3065 2907 3063
f 3063 2907 2813
f 3063 2813 3061
f 2613 2615 3062
f 3062 2615 2617
f 3062 2617 3064
f 3064 2617 2619
f 3064 2619 3066
f 3066 2619 2621
f 3066 2621 3068
f 3068 2621 2623
f 3068 2623 3070
f 3070 2623 2625
f 3070 2625 3072
f 3072 2625 2627
f 3072 2627 3074
f 3074 2627 2629
f 3074 2629 3076
f 3076 2629 2631
f 3076 2631 3078
f 3078 2631 2633
f 3078 2633 3080
f 3080 2633 2635
f 3080 2635 3082
f 3082 2635 2637
f 3082 2637 3084
f 3084 2637 2639
f 3084 2639 3086
f 3086 2639 2641
f 3086 2641 3088
f 3088 2641 2643
f 3088 2643 3090
f 3090 2643 2645
f 3090 2645 3092
f 3092 2645 2647
f 3092 2647 3094
f 3094 2647 2649
f 3094 2649 3096
f 3096 2649 2651
f 3096 2651 3098
f 3098 2651 2653
f 3098 2653 3100
f 3100 2653 2655
f 3100 2655 3102
f 3102 2655 2657
f 3102 2657 3104
f 3104 2657 2659
f 3104 2659 3014
f 3014 2659 2661
f 3014 2661 3016
f 3016 2661 2663
f 3016 2663 2665
f 3016 2665 3018
f 3018 2665 2667
f 3018 2667 3020
f 3020 2667 2669
f 3020 2669 3022
f 3022 2669 2671
f 3022 2671 3024
f 3024 2671 2673
f 3024 2673 3026
f 3026 2673 2675
f 3026 2675 3028
f 3028 2675 2677
f 3028 2677 3030
f 3030 2677 2679
f 3030 2679 3032
f 3032 2679 2681
f 3032 2681 3034
f 3034 2681 2683
f 3034 2683 3036
f 3036 2683 2685
f 3036 2685 3038
f 3038 2685 2687
f 3038 2687 3040
f 3040 2687 2689
f 3040 2689 3042
f 3042 2689 2691
f 3042 2691 3044
f 3044 2691 2693
f 3044 2693 3046
f 3046 2693 2695
f 3046 2695 3048
f 3048 2695 2697
f 3048 2697 3050
f 3050 2697 2699
f 3050 2699 3052
f 3052 2699 2701
f 3052 2701 3054
f 3054 2701 2703
f 3054 2703 3056
f 3056 2703 2705
f 3056 2705 3058
f 3058 2705 2707
f 3058 2707 3060
f 3060 2707 2613
f 3060 2613 3062
f 2559 3174 3185
f 3185 3174 3172
f 3185 3172 3186
f 3186 3172 3170
f 3186 3170 3187
f 3187 3170 3168
f 3187 3168 3188
f 3188 3168 3166
f 3188 3166 3189
f 3189 3166 3164
f 3189 3164 3190
f 3190 3164 3162
f 3190 3162 3191
f 3191 3162 3160
f 3191 3160 3192
f 3192 3160 3158
f 3192 3158 3193
f 3193 3158 3156
f 3193 3156 3194
f 3194 3156 3154
f 3194 3154 3195
f 3195 3154 3152
f 3195 3152 3196
f 3196 3152 3150
f 3196 3150 3197
f 3197 3150 3148
f 3197 3148 3198
f 3198 3148 3199
f 3199 3148 3146
f 3199 3146 3200
f 3200 3146 3144
f 3200 3144 3201
f 3201 3144 3142
f 3201 3142 3202
f 3202 3142 3140
f 3202 3140 3203
f 3203 3140 3138
f 3203 3138 3204
f 3204 3138 3136
f 3204 3136 3205
f 3205 3136 3134
f 3205 3134 3206
f 3206 3134 3132
f 3206 3132 3207
f 3207 3132 3130
f 3207 3130 3208
f 3208 3130 3128
f 3208 3128 3209
f 3209 3128 3126
f 3209 3126 3210
f 3210 3126 3124
f 3210 3124 2612
f 3211 3115 3212
f 3212 3115 3116
f 3212 3116 3213
f 3213 3116 3117
f 3213 3117 3214
f 3214 3117 3118
f 3214 3118 3215
f 3215 3118 3119
f 3215 3119 3216
f 3216 3119 3120
f 3216 3120 3217
f 3217 3120 3121
f 3217 3121 3218
f 3218 3121 3122
f 3218 3122 3219
f 3219 3122 3123
f 3219 3123 3220
f 3220 3123 3125
f 3220 3125 3221
f 3221 3125 3127
f 3221 3127 3222
f 3222 3127 3129
f 3222 3129 3223
f 3223 3129 3131
f 3223 3131 3224
f 3224 3131 3133
f 3224 3133 3225
f 3225 3133 3135
f 3225 3135 3226
f 3226 3135 3137
f 3226 3137 3227
f 3227 3137 3139
f 3227 3139 3228
f 3228 3139 3141
f 3228 3141 3229
f 3229 3141 3143
f 3229 3143 3230
f 3230 3143 3145
f 3230 3145 3231
f 3231 3145 3147
f 3231 3147 3232
f 3232 3147 3149
f 3232 3149 3233
f 3233 3149 3151
f 3233 3151 3234
f 3234 3151 3153
f 3234 3153 3235
f 3235 3153 3155
f 3235 3155 3236
f 3236 3155 3157
f 3236 3157 3237
f 3237 3157 3159
f 3237 3159 3238
f 3238 3159 3161
f 3238 3161 3239
f 3239 3161 3163
f 3239 3163 3240
f 3240 3163 3165
f 3240 3165 3241
f 3241 3165 3167
f 3241 3167 3242
f 3242 3167 3169
f 3242 3169 3243
f 3243 3169 3171
f 3243 3171 3244
f 3244 3171 3173
f 3244 3173 3245
f 3245 3173 3175
f 3245 3175 3246
f 3246 3175 3176
f 3246 3176 3247
f 3247 3176 3177
f 3247 3177 3248
f 3248 3177 3178
f 3248 3178 3249
f 3249 3178 3179
f 3249 3179 3250
f 3250 3179 3180
f 3250 3180 3251
f 3251 3180 3181
f 3251 3181 3252
f 3252 3181 3182
f 3252 3182 3253
f 3253 3182 3183
f 3253 3183 3254
f 3254 3183 3184
f 3254 3184 3255
f 3255 3184 3105
f 3255 3105 3256
f 3256 3105 3106
f 3256 3106 3257
f 3257 3106 3107
f 3257 3107 3258
f 3258 3107 3108
f 3258 3108 3259
f 3259 3108 3109
f 3259 3109 3260
f 3260 3109 3110
f 3260 3110 3261
f 3261 3110 3111
f 3261 3111 3262
f 3262 3111 3112
f 3262 3112 3263
f 3263 3112 3113
f 3263 3113 3264
f 3264 3113 3114
f 3264 3114 3211
f 3211 3114 3115
f 3265 3266 3267
f 3267 3266 3268
f 3267 3268 3269
f 3269 3268 3270
f 3269 3270 3271
f 3271 3272 3269
f 3273 3274 3275
f 3275 3274 3276
f 3276 3274 3277
f 3276 3277 3278
f 3278 3277 3279
f 3278 3279 3280
f 3280 3279 3281
f 3280 3281 3282
f 3280 3282 3283
f 3283 3282 3284
f 3283 3284 3285
f 3285 3284 3286
f 3285 3286 3287
f 3287 3286 3288
f 3289 3290 3291
f 3291 3290 3292
f 3292 3290 3293
f 3292 3293 3294
f 3294 3293 3295
f 3294 3295 3296
f 3296 3295 3297
f 3296 3297 3298
f 3296 3298 3299
f 3299 3298 3300
f 3299 3300 3301
f 3301 3300 3302
f 3301 3302 3303
f 3303 3302 3304
f 3305 3306 3307
f 3307 3306 3308
f 3307 3308 3309
f 3306 3305 3310
f 3310 3305 3311
f 3310 3311 3312
f 3310 3312 3313
f 3313 3312 3314
f 3313 3314 3315
f 3315 3314 3316
f 3317 3318 3319
f 3319 3318 3320
f 3319 3320 3321
f 3321 3320 3322
f 3321 3322 3323
f 3323 3322 3324
f 3323 3324 3325
f 3325 3324 3326
f 3325 3326 3327
f 3327 3326 3328
f 3327 3328 3329
f 3329 3328 3330
f 3329 3330 3331
f 3331 3330 3332
f 3331 3332 3333
f 3333 3332 3334
f 3333 3334 3335
f 3335 3334 3336
f 3335 3336 3337
f 3337 3336 3338
f 3337 3338 3339
f 3339 3338 3340
f 3339 3340 3341
f 3341 3340 3342
f 3341 3342 3343
f 3343 3342 3344
f 3343 3344 3345
f 3345 3344 3346
f 3345 3346 3347
f 3347 3346 3348
f 3347 3348 3349
f 3349 3348 3350
f 3349 3350 3351
f 3351 3350 3352
f 3351 3352 3353
f 3353 3352 3354
f 3353 3354 3355
f 3355 3354 3356
f 3355 3356 3317
f 3317 3356 3318
f 3317 3319 3357
f 3357 3319 3321
f 3357 3321 3358
f 3358 3321 3323
f 3358 3323 3359
f 3359 3323 3325
f 3359 3325 3360
f 3360 3325 3327
f 3360 3327 3329
f 3360 3329 3361
f 3361 3329 3331
f 3361 3331 3362
f 3362 3331 3333
f 3362 3333 3363
f 3363 3333 3335
f 3363 3335 3337
f 3363 3337 3364
f 3364 3337 3339
f 3364 3339 3365
f 3365 3339 3341
f 3365 3341 3366
f 3366 3341 3343
f 3366 3343 3345
f 3366 3345 3367
f 3367 3345 3347
f 3367 3347 3368
f 3368 3347 3349
f 3368 3349 3369
f 3369 3349 3351
f 3369 3351 3353
f 3369 3353 3370
f 3370 3353 3355
f 3370 3355 3371
f 3371 3355 3317
f 3371 3317 3357
f 3372 3373 3374
f 3374 3373 3375
f 3374 3375 3376
f 3376 3375 3377
f 3376 3377 3378
f 3378 3377 3379
f 3378 3379 3380
f 3380 3379 3381
f 3380 3381 3382
f 3382 3381 3383
f 3382 3383 3384
f 3384 3383 3385
f 3384 3385 3386
f 3386 3385 3387
f 3386 3387 3388
f 3388 3387 3389
f 3388 3389 3390
f 3390 3389 3391
f 3390 3391 3392
f 3392 3391 3393
f 3392 3393 3394
f 3394 3393 3395
f 3394 3395 3396
f 3396 3395 3397
f 3396 3397 3398
f 3398 3397 3399
f 3398 3399 3400
f 3400 3399 3401
f 3400 3401 3402
f 3402 3401 3403
f 3402 3403 3404
f 3404 3403 3405
f 3404 3405 3406
f 3406 3405 3407
f 3406 3407 3408
f 3408 3407 3409
f 3408 3409 3410
f 3410 3409 3411
f 3410 3411 3372
f 3372 3411 3373
f 3372 3374 3412
f 3412 3374 3376
f 3412 3376 3413
f 3413 3376 3378
f 3413 3378 3414
f 3414 3378 3380
f 3414 3380 3415
f 3415 3380 3382
f 3415 3382 3384
f 3415 3384 3416
f 3416 3384 3386
f 3416 3386 3417
f 3417 3386 3388
f 3417 3388 3418
f 3418 3388 3390
f 3418 3390 3392
f 3418 3392 3419
f 3419 3392 3394
f 3419 3394 3420
f 3420 3394 3396
f 3420 3396 3421
f 3421 3396 3398
f 3421 3398 3400
f 3421 3400 3422
f 3422 3400 3402
f 3422 3402 3423
f 3423 3402 3404
f 3423 3404 3424
f 3424 3404 3406
f 3424 3406 3408
f 3424 3408 3425
f 3425 3408 3410
f 3425 3410 3426
f 3426 3410 3372
f 3426 3372 3412
f 3427 3413 3288
f 3288 3413 3414
f 3288 3414 3287
f 3287 3414 3415
f 3287 3415 3285
f 3285 3415 3416
f 3285 3416 3283
f 3283 3416 3417
f 3283 3417 3280
f 3280 3417 3418
f 3280 3418 3278
f 3278 3418 3419
f 3278 3419 3276
f 3276 3419 3420
f 3276 3420 3275
f 3275 3420 3421
f 3275 3421 3273
f 3273 3421 3422
f 3273 3422 3428
f 3428 3422 3423
f 3428 3423 3429
f 3429 3423 3424
f 3429 3424 3430
f 3430 3424 3425
f 3430 3425 3431
f 3431 3425 3426
f 3431 3426 3432
f 3432 3426 3412
f 3432 3412 3433
f 3433 3412 3427
f 3427 3412 3413
f 3434 3435 3436
f 3436 3435 3437
f 3436 3437 3438
f 3438 3437 3439
f 3438 3439 3440
f 3440 3439 3441
f 3440 3441 3442
f 3442 3441 3443
f 3442 3443 3444
f 3444 3443 3445
f 3444 3445 3446
f 3446 3445 3447
f 3446 3447 3448
f 3448 3447 3449
f 3448 3449 3450
f 3450 3449 3451
f 3450 3451 3452
f 3452 3451 3453
f 3452 3453 3454
f 3454 3453 3455
f 3454 3455 3456
f 3456 3455 3457
f 3458 3459 3460
f 3460 3459 3461
f 3460 3461 3462
f 3462 3461 3463
f 3462 3463 3464
f 3464 3463 3465
f 3464 3465 3466
f 3466 3465 3467
f 3466 3467 3468
f 3468 3467 3469
f 3468 3469 3470
f 3470 3469 3471
f 3470 3471 3472
f 3472 3471 3473
f 3472 3473 3474
f 3474 3473 3475
f 3474 3475 3476
f 3476 3475 3477
f 3476 3477 3478
f 3478 3477 3479
f 3478 3479 3480
f 3480 3479 3481
f 3265 3482 3266
f 3266 3482 3483
f 3266 3483 3484
f 3485 3486 3271
f 3271 3486 3487
f 3271 3487 3272
f 3486 3485 3488
f 3488 3485 3489
f 3488 3489 3490
f 3490 3489 3491
f 3490 3491 3492
f 3492 3491 3493
f 3492 3493 3494
f 3494 3493 3495
f 3494 3495 3496
f 3496 3495 3497
f 3496 3497 3498
f 3498 3497 3499
f 3498 3499 3500
f 3500 3499 3501
f 3500 3501 3502
f 3502 3501 3503
f 3502 3503 3504
f 3504 3503 3505
f 3504 3505 3506
f 3506 3505 3507
f 3506 3507 3483
f 3483 3507 3484
f 3508 3509 3510
f 3510 3509 3511
f 3510 3511 3512
f 3510 3512 3513
f 3513 3512 3514
f 3513 3514 3515
f 3516 3517 3518
f 3518 3517 3519
f 3518 3519 3520
f 3520 3519 3521
f 3520 3521 3522
f 3522 3521 3523
f 3522 3523 3524
f 3524 3523 3525
f 3524 3525 3526
f 3526 3525 3527
f 3526 3527 3528
f 3528 3527 3529
f 3528 3529 3530
f 3530 3529 3531
f 3530 3531 3532
f 3532 3531 3533
f 3532 3533 3534
f 3534 3533 3535
f 3534 3535 3536
f 3536 3535 3537
f 3536 3537 3538
f 3538 3537 3539
f 3517 3516 3514
f 3514 3516 3540
f 3514 3540 3515
f 3508 3541 3509
f 3509 3541 3538
f 3509 3538 3539
f 3481 3542 3480
f 3480 3542 3543
f 3458 3544 3459
f 3459 3544 3545
f 3544 3546 3547
f 3547 3546 3548
f 3547 3548 3549
f 3458 3550 3544
f 3544 3550 3551
f 3544 3551 3546
f 3460 3552 3458
f 3458 3552 3553
f 3458 3553 3550
f 3460 3462 3552
f 3552 3462 3464
f 3552 3464 3554
f 3554 3464 3466
f 3554 3466 3468
f 3468 3470 3554
f 3554 3470 3472
f 3554 3472 3474
f 3554 3474 3555
f 3555 3474 3476
f 3555 3476 3478
f 3478 3480 3555
f 3555 3480 3556
f 3556 3480 3557
f 3557 3480 3543
f 3557 3543 3558
f 3558 3543 3559
f 3559 3543 3560
f 3559 3560 3561
f 3561 3560 3562
f 3562 3560 3563
f 3563 3560 3564
f 3564 3560 3565
f 3564 3565 3566
f 3565 3560 3567
f 3567 3560 3568
f 3567 3568 3569
f 3569 3568 3570
f 3569 3570 3571
f 3571 3570 3572
f 3571 3572 3573
f 3571 3573 3574
f 3574 3573 3575
f 3574 3575 3576
f 3576 3575 3577
f 3576 3577 3578
f 3578 3577 3579
f 3578 3579 3580
f 3580 3579 3581
f 3580 3581 3582
f 3582 3581 3583
f 3582 3583 3584
f 3584 3583 3585
f 3584 3585 3586
f 3586 3585 3487
f 3586 3487 3587
f 3587 3487 3332
f 3587 3332 3330
f 3486 3340 3487
f 3487 3340 3338
f 3487 3338 3336
f 3488 3348 3486
f 3486 3348 3346
f 3486 3346 3344
f 3488 3490 3348
f 3348 3490 3492
f 3348 3492 3350
f 3350 3492 3494
f 3350 3494 3496
f 3496 3498 3350
f 3350 3498 3500
f 3350 3500 3502
f 3350 3502 3352
f 3352 3502 3504
f 3352 3504 3506
f 3506 3483 3352
f 3352 3483 3354
f 3354 3483 3356
f 3356 3483 3318
f 3318 3483 3320
f 3320 3483 3482
f 3320 3482 3322
f 3322 3482 3324
f 3324 3482 3326
f 3326 3482 3328
f 3328 3482 3588
f 3328 3588 3330
f 3330 3588 3587
f 3588 3482 3589
f 3589 3482 3590
f 3589 3590 3591
f 3591 3590 3592
f 3591 3592 3593
f 3593 3592 3594
f 3593 3594 3595
f 3595 3594 3596
f 3595 3596 3597
f 3597 3596 3598
f 3597 3598 3599
f 3599 3598 3600
f 3599 3600 3601
f 3601 3600 3602
f 3601 3602 3603
f 3603 3602 3604
f 3603 3604 3605
f 3603 3605 3606
f 3606 3605 3607
f 3606 3607 3608
f 3608 3607 3609
f 3608 3609 3610
f 3610 3609 3611
f 3610 3611 3612
f 3612 3611 3613
f 3612 3613 3614
f 3434 3615 3609
f 3609 3615 3616
f 3609 3616 3617
f 3436 3618 3434
f 3434 3618 3619
f 3434 3619 3620
f 3436 3438 3618
f 3618 3438 3440
f 3618 3440 3621
f 3621 3440 3442
f 3621 3442 3444
f 3444 3446 3621
f 3621 3446 3448
f 3621 3448 3450
f 3621 3450 3622
f 3622 3450 3452
f 3622 3452 3454
f 3454 3456 3622
f 3622 3456 3623
f 3623 3456 3624
f 3624 3456 3625
f 3625 3456 3626
f 3626 3456 3627
f 3626 3627 3628
f 3628 3627 3629
f 3629 3627 3630
f 3630 3627 3614
f 3614 3627 3631
f 3614 3631 3612
f 3631 3627 3632
f 3632 3627 3633
f 3632 3633 3634
f 3634 3633 3635
f 3634 3635 3636
f 3636 3635 3637
f 3636 3637 3638
f 3636 3638 3639
f 3639 3638 3640
f 3639 3640 3641
f 3641 3640 3642
f 3641 3642 3643
f 3643 3642 3644
f 3643 3644 3645
f 3645 3644 3646
f 3645 3646 3647
f 3647 3646 3648
f 3647 3648 3649
f 3649 3648 3650
f 3649 3650 3651
f 3651 3650 3540
f 3651 3540 3652
f 3652 3540 3407
f 3652 3407 3405
f 3516 3375 3540
f 3540 3375 3373
f 3540 3373 3411
f 3518 3383 3516
f 3516 3383 3381
f 3516 3381 3379
f 3518 3520 3383
f 3383 3520 3522
f 3383 3522 3385
f 3385 3522 3524
f 3385 3524 3526
f 3526 3528 3385
f 3385 3528 3530
f 3385 3530 3532
f 3385 3532 3387
f 3387 3532 3534
f 3387 3534 3536
f 3536 3538 3387
f 3387 3538 3389
f 3389 3538 3391
f 3391 3538 3393
f 3393 3538 3395
f 3395 3538 3541
f 3395 3541 3397
f 3397 3541 3399
f 3399 3541 3401
f 3401 3541 3403
f 3403 3541 3653
f 3403 3653 3405
f 3405 3653 3652
f 3653 3541 3654
f 3654 3541 3655
f 3654 3655 3656
f 3656 3655 3657
f 3656 3657 3658
f 3658 3657 3659
f 3658 3659 3660
f 3660 3659 3661
f 3660 3661 3662
f 3662 3661 3663
f 3662 3663 3664
f 3664 3663 3665
f 3664 3665 3666
f 3666 3665 3667
f 3666 3667 3668
f 3668 3667 3669
f 3668 3669 3670
f 3668 3670 3671
f 3671 3670 3672
f 3671 3672 3673
f 3673 3672 3547
f 3673 3547 3674
f 3674 3547 3675
f 3674 3675 3566
f 3566 3675 3676
f 3566 3676 3564
f 3344 3342 3486
f 3486 3342 3340
f 3336 3334 3487
f 3487 3334 3332
f 3411 3409 3540
f 3540 3409 3407
f 3379 3377 3516
f 3516 3377 3375
f 3549 3677 3547
f 3547 3677 3675
f 3620 3678 3434
f 3434 3678 3615
f 3617 3679 3609
f 3609 3679 3611
f 3435 3434 3680
f 3680 3434 3609
f 3680 3609 3681
f 3682 3560 3683
f 3683 3560 3543
f 3683 3543 3542
f 2910 3684 2912
f 2912 3684 3685
f 2912 3685 2914
f 2914 3685 3686
f 2914 3686 2916
f 2916 3686 3687
f 2916 3687 2918
f 2918 3687 3688
f 2918 3688 2920
f 2920 3688 3689
f 2920 3689 2922
f 2922 3689 3690
f 2922 3690 2924
f 2924 3690 3691
f 2924 3691 2926
f 2926 3691 3692
f 2926 3692 2928
f 2928 3692 3693
f 2928 3693 2930
f 2930 3693 3694
f 2930 3694 2932
f 2932 3694 3695
f 2932 3695 2934
f 2934 3695 2936
f 2936 3695 3696
f 2936 3696 2938
f 2938 3696 3697
f 2938 3697 2940
f 2940 3697 3698
f 2940 3698 2942
f 2942 3698 3699
f 2942 3699 2944
f 2944 3699 3700
f 2944 3700 2946
f 2946 3700 3701
f 2946 3701 2948
f 2948 3701 3702
f 2948 3702 2950
f 2950 3702 3703
f 2950 3703 2952
f 2952 3703 3704
f 2952 3704 2954
f 2954 3704 3705
f 2954 3705 2956
f 2956 3705 3706
f 2956 3706 2958
f 2958 3706 3707
f 2958 3707 2960
f 2960 3707 3708
f 2960 3708 2962
f 2962 3708 3709
f 2962 3709 2964
f 2964 3709 3710
f 2964 3710 2966
f 2966 3710 3711
f 2966 3711 2968
f 2968 3711 3712
f 2968 3712 2970
f 2970 3712 3713
f 2970 3713 2972
f 2972 3713 3714
f 2972 3714 2974
f 2974 3714 3715
f 2974 3715 2976
f 2976 3715 2978
f 2978 3715 3716
f 2978 3716 2980
f 2980 3716 3717
f 2980 3717 2982
f 2982 3717 3718
f 2982 3718 2984
f 2984 3718 3719
f 2984 3719 2986
f 2986 3719 3720
f 2986 3720 2988
f 2988 3720 3721
f 2988 3721 2990
f 2990 3721 3722
f 2990 3722 2992
f 2992 3722 3723
f 2992 3723 2994
f 2994 3723 3724
f 2994 3724 2996
f 2996 3724 3725
f 2996 3725 2998
f 2998 3725 3726
f 2998 3726 3000
f 3000 3726 3727
f 3000 3727 3002
f 3002 3727 3728
f 3002 3728 3004
f 3004 3728 3729
f 3004 3729 3006
f 3006 3729 3730
f 3006 3730 3008
f 3008 3730 3731
f 3008 3731 3010
f 3010 3731 3732
f 3010 3732 3012
f 3012 3732 3733
f 3012 3733 2910
f 2910 3733 3684
f 3734 3735 3736
f 3736 3735 3737
f 3736 3737 3738
f 3736 3738 3739
f 3739 3738 3680
f 3739 3680 3681
f 3545 3544 3740
f 3740 3544 3547
f 3740 3547 3741
f 3734 3627 3735
f 3735 3627 3456
f 3735 3456 3457
f 3742 3618 3743
f 3743 3618 3621
f 3743 3621 3744
f 3744 3621 3622
f 3744 3622 3745
f 3745 3622 3623
f 3745 3623 3746
f 3746 3623 3624
f 3746 3624 3747
f 3747 3624 3625
f 3747 3625 3748
f 3748 3625 3626
f 3748 3626 3749
f 3749 3626 3628
f 3749 3628 3750
f 3750 3628 3629
f 3750 3629 3751
f 3751 3629 3630
f 3751 3630 3752
f 3752 3630 3614
f 3752 3614 3753
f 3753 3614 3613
f 3753 3613 3754
f 3754 3613 3611
f 3754 3611 3755
f 3755 3611 3679
f 3755 3679 3756
f 3756 3679 3617
f 3756 3617 3757
f 3757 3617 3616
f 3757 3616 3758
f 3758 3616 3615
f 3758 3615 3759
f 3759 3615 3678
f 3759 3678 3760
f 3760 3678 3620
f 3760 3620 3761
f 3761 3620 3619
f 3761 3619 3742
f 3742 3619 3618
f 3742 3743 3762
f 3762 3743 3744
f 3762 3744 3763
f 3763 3744 3745
f 3763 3745 3764
f 3764 3745 3746
f 3764 3746 3765
f 3765 3746 3747
f 3765 3747 3748
f 3765 3748 3766
f 3766 3748 3749
f 3766 3749 3767
f 3767 3749 3750
f 3767 3750 3768
f 3768 3750 3751
f 3768 3751 3752
f 3768 3752 3769
f 3769 3752 3753
f 3769 3753 3770
f 3770 3753 3754
f 3770 3754 3771
f 3771 3754 3755
f 3771 3755 3756
f 3771 3756 3772
f 3772 3756 3757
f 3772 3757 3773
f 3773 3757 3758
f 3773 3758 3774
f 3774 3758 3759
f 3774 3759 3760
f 3774 3760 3775
f 3775 3760 3761
f 3775 3761 3776
f 3776 3761 3742
f 3776 3742 3762
f 3777 3564 3778
f 3778 3564 3676
f 3778 3676 3779
f 3779 3676 3675
f 3779 3675 3780
f 3780 3675 3677
f 3780 3677 3781
f 3781 3677 3549
f 3781 3549 3782
f 3782 3549 3548
f 3782 3548 3783
f 3783 3548 3546
f 3783 3546 3784
f 3784 3546 3551
f 3784 3551 3785
f 3785 3551 3550
f 3785 3550 3786
f 3786 3550 3553
f 3786 3553 3787
f 3787 3553 3552
f 3787 3552 3788
f 3788 3552 3554
f 3788 3554 3789
f 3789 3554 3555
f 3789 3555 3790
f 3790 3555 3556
f 3790 3556 3791
f 3791 3556 3557
f 3791 3557 3792
f 3792 3557 3558
f 3792 3558 3793
f 3793 3558 3559
f 3793 3559 3794
f 3794 3559 3561
f 3794 3561 3795
f 3795 3561 3562
f 3795 3562 3796
f 3796 3562 3563
f 3796 3563 3777
f 3777 3563 3564
f 3777 3778 3797
f 3797 3778 3779
f 3797 3779 3798
f 3798 3779 3780
f 3798 3780 3799
f 3799 3780 3781
f 3799 3781 3800
f 3800 3781 3782
f 3800 3782 3783
f 3800 3783 3801
f 3801 3783 3784
f 3801 3784 3802
f 3802 3784 3785
f 3802 3785 3803
f 3803 3785 3786
f 3803 3786 3787
f 3803 3787 3804
f 3804 3787 3788
f 3804 3788 3805
f 3805 3788 3789
f 3805 3789 3806
f 3806 3789 3790
f 3806 3790 3791
f 3806 3791 3807
f 3807 3791 3792
f 3807 3792 3808
f 3808 3792 3793
f 3808 3793 3809
f 3809 3793 3794
f 3809 3794 3795
f 3809 3795 3810
f 3810 3795 3796
f 3810 3796 3811
f 3811 3796 3777
f 3811 3777 3797
f 2611 3642 2612
f 2612 3642 3640
f 2612 3640 3210
f 3210 3640 3638
f 3210 3638 3209
f 3209 3638 3637
f 3209 3637 3208
f 3208 3637 3635
f 3208 3635 3207
f 3207 3635 3633
f 3207 3633 3206
f 3206 3633 3627
f 3206 3627 3734
f 3642 2611 3644
f 3644 2611 2609
f 3644 2609 3646
f 3646 2609 2607
f 3646 2607 3648
f 3648 2607 2605
f 3648 2605 3650
f 3650 2605 2603
f 3650 2603 3515
f 3515 2603 2601
f 3515 2601 3513
f 3513 2601 2599
f 3513 2599 3510
f 3510 2599 2597
f 3510 2597 3508
f 3508 2597 2595
f 3508 2595 3541
f 3541 2595 3655
f 3655 2595 2593
f 3655 2593 3657
f 3657 2593 2591
f 3657 2591 3659
f 3659 2591 2589
f 3659 2589 3661
f 3661 2589 2587
f 3661 2587 3663
f 3663 2587 3665
f 3665 2587 2585
f 3665 2585 3667
f 3667 2585 2583
f 3667 2583 3669
f 3669 2583 2580
f 3669 2580 3670
f 3670 2580 2578
f 3670 2578 3672
f 3672 2578 2576
f 3672 2576 3741
f 3741 2576 2574
f 3741 2574 3812
f 3812 2574 2572
f 3812 2572 3813
f 3813 2572 2570
f 3813 2570 3682
f 3682 2570 2568
f 3682 2568 3560
f 3560 2568 3568
f 3568 2568 2566
f 3568 2566 3570
f 3570 2566 2564
f 3570 2564 3572
f 3572 2564 2562
f 3572 2562 3573
f 3573 2562 2560
f 3573 2560 3575
f 3575 2560 2559
f 3575 2559 3577
f 3577 2559 3185
f 3577 3185 3579
f 3579 3185 3186
f 3579 3186 3581
f 3581 3186 3187
f 3581 3187 3583
f 3583 3187 3188
f 3583 3188 3585
f 3585 3188 3189
f 3585 3189 3272
f 3272 3189 3190
f 3272 3190 3269
f 3269 3190 3191
f 3269 3191 3267
f 3267 3191 3192
f 3267 3192 3265
f 3265 3192 3193
f 3265 3193 3482
f 3482 3193 3590
f 3590 3193 3194
f 3590 3194 3592
f 3592 3194 3195
f 3592 3195 3594
f 3594 3195 3196
f 3594 3196 3596
f 3596 3196 3197
f 3596 3197 3598
f 3598 3197 3600
f 3600 3197 3198
f 3600 3198 3602
f 3602 3198 3199
f 3602 3199 3604
f 3604 3199 3200
f 3604 3200 3605
f 3605 3200 3201
f 3605 3201 3607
f 3607 3201 3202
f 3607 3202 3681
f 3681 3202 3203
f 3681 3203 3739
f 3739 3203 3204
f 3739 3204 3736
f 3736 3204 3205
f 3736 3205 3734
f 3734 3205 3206
f 3741 3547 3672
f 3515 3540 3650
f 3681 3609 3607
f 3272 3487 3585
f 3303 3304 3762
f 3762 3304 3814
f 3762 3814 3776
f 3776 3814 3815
f 3776 3815 3775
f 3775 3815 3816
f 3775 3816 3774
f 3774 3816 3817
f 3774 3817 3773
f 3773 3817 3818
f 3773 3818 3772
f 3772 3818 3819
f 3772 3819 3771
f 3771 3819 3820
f 3771 3820 3770
f 3770 3820 3289
f 3770 3289 3769
f 3769 3289 3291
f 3769 3291 3768
f 3768 3291 3292
f 3768 3292 3767
f 3767 3292 3294
f 3767 3294 3766
f 3766 3294 3296
f 3766 3296 3765
f 3765 3296 3299
f 3765 3299 3764
f 3764 3299 3301
f 3764 3301 3763
f 3763 3301 3303
f 3763 3303 3762
f 3821 3798 3822
f 3822 3798 3799
f 3822 3799 3823
f 3823 3799 3800
f 3823 3800 3824
f 3824 3800 3801
f 3824 3801 3825
f 3825 3801 3802
f 3825 3802 3826
f 3826 3802 3803
f 3826 3803 3827
f 3827 3803 3804
f 3827 3804 3828
f 3828 3804 3805
f 3828 3805 3829
f 3829 3805 3806
f 3829 3806 3830
f 3830 3806 3807
f 3830 3807 3831
f 3831 3807 3808
f 3831 3808 3315
f 3315 3808 3809
f 3315 3809 3313
f 3313 3809 3810
f 3313 3810 3310
f 3310 3810 3811
f 3310 3811 3306
f 3306 3811 3797
f 3306 3797 3308
f 3308 3797 3821
f 3821 3797 3798
f 3687 3610 3688
f 3688 3610 3612
f 3688 3612 3689
f 3689 3612 3631
f 3689 3631 3690
f 3690 3631 3632
f 3690 3632 3691
f 3691 3632 3634
f 3691 3634 3692
f 3692 3634 3636
f 3692 3636 3693
f 3693 3636 3639
f 3693 3639 3694
f 3694 3639 3641
f 3694 3641 3695
f 3695 3641 3643
f 3695 3643 3696
f 3696 3643 3645
f 3696 3645 3697
f 3697 3645 3647
f 3697 3647 3698
f 3698 3647 3649
f 3698 3649 3699
f 3699 3649 3651
f 3699 3651 3700
f 3700 3651 3652
f 3700 3652 3701
f 3701 3652 3653
f 3701 3653 3702
f 3702 3653 3654
f 3702 3654 3703
f 3703 3654 3656
f 3703 3656 3704
f 3704 3656 3658
f 3704 3658 3705
f 3705 3658 3660
f 3705 3660 3706
f 3706 3660 3662
f 3706 3662 3707
f 3707 3662 3664
f 3707 3664 3708
f 3708 3664 3666
f 3708 3666 3709
f 3709 3666 3668
f 3709 3668 3710
f 3710 3668 3671
f 3710 3671 3711
f 3711 3671 3673
f 3711 3673 3712
f 3712 3673 3674
f 3712 3674 3713
f 3713 3674 3566
f 3713 3566 3714
f 3714 3566 3565
f 3714 3565 3715
f 3715 3565 3567
f 3715 3567 3716
f 3716 3567 3569
f 3716 3569 3717
f 3717 3569 3571
f 3717 3571 3718
f 3718 3571 3574
f 3718 3574 3719
f 3719 3574 3576
f 3719 3576 3720
f 3720 3576 3578
f 3720 3578 3721
f 3721 3578 3580
f 3721 3580 3722
f 3722 3580 3582
f 3722 3582 3723
f 3723 3582 3584
f 3723 3584 3724
f 3724 3584 3586
f 3724 3586 3725
f 3725 3586 3587
f 3725 3587 3726
f 3726 3587 3588
f 3726 3588 3727
f 3727 3588 3589
f 3727 3589 3728
f 3728 3589 3591
f 3728 3591 3729
f 3729 3591 3593
f 3729 3593 3730
f 3730 3593 3595
f 3730 3595 3731
f 3731 3595 3597
f 3731 3597 3732
f 3732 3597 3599
f 3732 3599 3733
f 3733 3599 3601
f 3733 3601 3684
f 3684 3601 3603
f 3684 3603 3685
f 3685 3603 3606
f 3685 3606 3686
f 3686 3606 3608
f 3686 3608 3687
f 3687 3608 3610
f 3682 3683 3813
f 3813 3683 3832
f 3813 3832 3812
f 3812 3832 3833
f 3812 3833 3740
f 3740 3741 3812
f 3266 3484 3834
f 3834 3484 3835
f 3835 3484 3836
f 3836 3484 3837
f 3837 3484 3507
f 3837 3507 3838
f 3838 3507 3839
f 3839 3507 3505
f 3839 3505 3840
f 3840 3505 3503
f 3840 3503 3841
f 3841 3503 3501
f 3841 3501 3842
f 3842 3501 3499
f 3842 3499 3843
f 3843 3499 3497
f 3843 3497 3844
f 3844 3497 3495
f 3844 3495 3845
f 3845 3495 3493
f 3845 3493 3846
f 3846 3493 3491
f 3846 3491 3847
f 3847 3491 3489
f 3847 3489 3848
f 3848 3489 3849
f 3849 3489 3485
f 3849 3485 3850
f 3850 3485 3851
f 3851 3485 3852
f 3852 3485 3271
f 3273 3428 3853
f 3853 3428 3854
f 3854 3428 3429
f 3854 3429 3855
f 3855 3429 3430
f 3855 3430 3856
f 3856 3430 3431
f 3856 3431 3432
f 3856 3432 3857
f 3857 3432 3433
f 3857 3433 3858
f 3858 3433 3427
f 3858 3427 3859
f 3859 3427 3288
f 3289 3820 3860
f 3860 3820 3861
f 3861 3820 3819
f 3861 3819 3862
f 3862 3819 3818
f 3862 3818 3863
f 3863 3818 3817
f 3863 3817 3816
f 3863 3816 3864
f 3864 3816 3815
f 3864 3815 3865
f 3865 3815 3814
f 3865 3814 3866
f 3866 3814 3304
f 3825 3867 3824
f 3824 3867 3868
f 3824 3868 3823
f 3867 3825 3869
f 3869 3825 3826
f 3869 3826 3827
f 3869 3827 3870
f 3870 3827 3828
f 3870 3828 3871
f 3871 3828 3829
f 3872 3873 3874
f 3874 3873 3875
f 3873 3876 3875
f 3875 3876 3877
f 3876 3878 3877
f 3877 3878 3879
f 3878 3880 3879
f 3879 3880 3881
f 3880 3882 3881
f 3881 3882 3883
f 3882 3872 3883
f 3883 3872 3874
f 3874 3884 3883
f 3883 3884 3885
f 3883 3885 3886
f 3875 3887 3874
f 3874 3887 3888
f 3874 3888 3884
f 3877 3889 3875
f 3875 3889 3890
f 3875 3890 3891
f 3879 3892 3877
f 3877 3892 3893
f 3877 3893 3894
f 3881 3895 3879
f 3879 3895 3896
f 3879 3896 3892
f 3883 3897 3881
f 3881 3897 3898
f 3881 3898 3895
f 3894 3889 3877
f 3891 3887 3875
f 3886 3897 3883
f 3899 3900 3901
f 3901 3900 3902
f 3900 3903 3902
f 3902 3903 3904
f 3903 3905 3904
f 3904 3905 3906
f 3905 3907 3906
f 3906 3907 3908
f 3907 3909 3908
f 3908 3909 3910
f 3909 3899 3910
f 3910 3899 3901
f 3901 3911 3910
f 3910 3911 3912
f 3910 3912 3913
f 3902 3914 3901
f 3901 3914 3915
f 3901 3915 3916
f 3904 3917 3902
f 3902 3917 3918
f 3902 3918 3914
f 3906 3919 3904
f 3904 3919 3920
f 3904 3920 3921
f 3908 3922 3906
f 3906 3922 3923
f 3906 3923 3919
f 3910 3913 3908
f 3908 3913 3924
f 3908 3924 3925
f 3916 3911 3901
f 3925 3922 3908
f 3921 3917 3904
f 3926 3927 3928
f 3928 3927 3929
f 3927 3930 3929
f 3929 3930 3931
f 3930 3932 3931
f 3931 3932 3933
f 3932 3934 3933
f 3933 3934 3935
f 3934 3936 3935
f 3935 3936 3937
f 3936 3926 3937
f 3937 3926 3928
f 3928 3938 3937
f 3937 3938 3939
f 3937 3939 3940
f 3929 3941 3928
f 3928 3941 3942
f 3928 3942 3943
f 3931 3944 3929
f 3929 3944 3945
f 3929 3945 3941
f 3933 3946 3931
f 3931 3946 3947
f 3931 3947 3948
f 3935 3949 3933
f 3933 3949 3950
f 3933 3950 3946
f 3937 3940 3935
f 3935 3940 3951
f 3935 3951 3952
f 3952 3949 3935
f 3948 3944 3931
f 3943 3938 3928
f 3953 3954 3955
f 3955 3954 3956
f 3954 3957 3956
f 3956 3957 3958
f 3957 3959 3958
f 3958 3959 3960
f 3959 3961 3960
f 3960 3961 3962
f 3961 3963 3962
f 3962 3963 3964
f 3963 3953 3964
f 3964 3953 3955
f 3955 3965 3964
f 3964 3965 3966
f 3964 3966 3967
f 3956 3968 3955
f 3955 3968 3969
f 3955 3969 3965
f 3958 3970 3956
f 3956 3970 3971
f 3956 3971 3968
f 3960 3972 3958
f 3958 3972 3973
f 3958 3973 3974
f 3962 3975 3960
f 3960 3975 3976
f 3960 3976 3972
f 3964 3977 3962
f 3962 3977 3978
f 3962 3978 3979
f 3967 3977 3964
f 3979 3975 3962
f 3974 3970 3958
f 3938 3286 3939
f 3939 3286 3284
f 3939 3284 3282
f 3286 3938 3288
f 3288 3938 3943
f 3288 3943 3859
f 3859 3943 3942
f 3859 3942 3858
f 3858 3942 3941
f 3858 3941 3857
f 3857 3941 3945
f 3857 3945 3856
f 3856 3945 3944
f 3856 3944 3855
f 3855 3944 3948
f 3855 3948 3854
f 3854 3948 3947
f 3854 3947 3853
f 3853 3947 3946
f 3853 3946 3273
f 3273 3946 3950
f 3273 3950 3274
f 3274 3950 3949
f 3274 3949 3277
f 3277 3949 3952
f 3277 3952 3279
f 3279 3952 3951
f 3279 3951 3281
f 3281 3951 3940
f 3281 3940 3282
f 3282 3940 3939
f 3358 3920 3357
f 3357 3920 3919
f 3357 3919 3371
f 3371 3919 3923
f 3371 3923 3370
f 3370 3923 3922
f 3370 3922 3369
f 3369 3922 3925
f 3369 3925 3368
f 3368 3925 3924
f 3368 3924 3367
f 3367 3924 3913
f 3367 3913 3366
f 3366 3913 3912
f 3366 3912 3365
f 3365 3912 3911
f 3365 3911 3364
f 3364 3911 3916
f 3364 3916 3363
f 3363 3916 3915
f 3363 3915 3362
f 3362 3915 3914
f 3362 3914 3361
f 3361 3914 3918
f 3361 3918 3360
f 3360 3918 3917
f 3360 3917 3359
f 3359 3917 3921
f 3359 3921 3358
f 3358 3921 3920
f 3971 3980 3968
f 3968 3980 3868
f 3968 3868 3867
f 3980 3971 3822
f 3822 3971 3970
f 3822 3970 3309
f 3309 3970 3974
f 3309 3974 3307
f 3307 3974 3973
f 3307 3973 3305
f 3305 3973 3972
f 3305 3972 3311
f 3311 3972 3976
f 3311 3976 3312
f 3312 3976 3975
f 3312 3975 3314
f 3314 3975 3979
f 3314 3979 3316
f 3316 3979 3978
f 3316 3978 3830
f 3830 3978 3977
f 3830 3977 3981
f 3981 3977 3967
f 3981 3967 3871
f 3871 3967 3966
f 3871 3966 3870
f 3870 3966 3965
f 3870 3965 3869
f 3869 3965 3969
f 3869 3969 3867
f 3867 3969 3968
f 3898 3298 3895
f 3895 3298 3297
f 3895 3297 3295
f 3298 3898 3300
f 3300 3898 3897
f 3300 3897 3302
f 3302 3897 3886
f 3302 3886 3304
f 3304 3886 3885
f 3304 3885 3866
f 3866 3885 3884
f 3866 3884 3865
f 3865 3884 3888
f 3865 3888 3864
f 3864 3888 3887
f 3864 3887 3863
f 3863 3887 3891
f 3863 3891 3862
f 3862 3891 3890
f 3862 3890 3861
f 3861 3890 3889
f 3861 3889 3860
f 3860 3889 3894
f 3860 3894 3289
f 3289 3894 3893
f 3289 3893 3290
f 3290 3893 3892
f 3290 3892 3293
f 3293 3892 3896
f 3293 3896 3295
f 3295 3896 3895
f 3982 3983 3984
f 3984 3983 3985
f 3985 3983 3986
f 3986 3983 3987
f 3986 3987 3988
f 3988 3987 3989
f 3988 3989 3990
f 3990 3989 3991
f 3990 3991 3992
f 3992 3991 3993
f 3992 3993 3994
f 3994 3993 3995
f 3994 3995 3996
f 3996 3995 3997
f 3996 3997 3998
f 3998 3997 3999
f 3998 3999 4000
f 4000 3999 4001
f 4000 4001 4002
f 4002 4001 4003
f 4002 4003 4004
f 4004 4003 4005
f 4004 4005 4006
f 4006 4005 4007
f 4006 4007 4008
f 4008 4007 4009
f 4009 4010 4008
f 4008 4010 4011
f 3680 4012 3435
f 3435 4012 4013
f 3435 4013 3984
f 3984 3985 3435
f 3435 3985 3437
f 3437 3985 3986
f 3437 3986 3988
f 3437 3988 3439
f 3439 3988 3990
f 3439 3990 3441
f 3441 3990 3992
f 3441 3992 3443
f 3443 3992 3994
f 3443 3994 3445
f 3445 3994 3996
f 3445 3996 3447
f 3447 3996 3998
f 3447 3998 3449
f 3449 3998 4000
f 3449 4000 3451
f 3451 4000 4002
f 3451 4002 3453
f 3453 4002 4004
f 3453 4004 3455
f 3455 4004 4006
f 3455 4006 4008
f 3455 4008 3457
f 3457 4008 4011
f 3457 4011 4014
f 4014 4015 3457
f 3457 4015 3735
f 4016 4017 4018
f 4018 4017 4019
f 4019 4017 4020
f 4020 4017 4021
f 4020 4021 4022
f 4022 4021 4023
f 4022 4023 4024
f 4024 4023 4025
f 4024 4025 4026
f 4026 4025 4027
f 4026 4027 4028
f 4028 4027 4029
f 4028 4029 4030
f 4030 4029 4031
f 4030 4031 4032
f 4032 4031 4033
f 4032 4033 4034
f 4034 4033 4035
f 4034 4035 4036
f 4036 4035 4037
f 4036 4037 4038
f 4038 4037 4039
f 4038 4039 4040
f 4040 4039 4041
f 4040 4041 4042
f 4042 4041 4043
f 4043 4044 4042
f 4042 4044 4045
f 3740 4046 3545
f 3545 4046 4047
f 3545 4047 4018
f 4018 4019 3545
f 3545 4019 3459
f 3459 4019 3461
f 3461 4019 4020
f 3461 4020 4022
f 3461 4022 3463
f 3463 4022 4024
f 3463 4024 3465
f 3465 4024 4026
f 3465 4026 3467
f 3467 4026 4028
f 3467 4028 3469
f 3469 4028 4030
f 3469 4030 3471
f 3471 4030 4032
f 3471 4032 3473
f 3473 4032 4034
f 3473 4034 3475
f 3475 4034 4036
f 3475 4036 3477
f 3477 4036 4038
f 3477 4038 3479
f 3479 4038 4040
f 3479 4040 4042
f 4045 3542 4042
f 4042 3542 3481
f 4042 3481 3479
f 4045 4048 3542
f 3542 4048 4049
f 3542 4049 3683
f 4050 4051 4052
f 4052 4051 4053
f 4053 4051 4054
f 4054 4051 4055
f 4054 4055 4056
f 4056 4055 4057
f 4056 4057 4058
f 4058 4057 4059
f 4058 4059 4060
f 4060 4059 4061
f 4060 4061 4062
f 4062 4061 4063
f 4062 4063 4064
f 4064 4063 4065
f 4064 4065 4066
f 4066 4065 4067
f 4066 4067 4068
f 4068 4067 4069
f 4068 4069 4070
f 4070 4069 4071
f 4070 4071 4072
f 4072 4071 4073
f 4072 4073 4074
f 4074 4073 4075
f 4074 4075 4076
f 4076 4075 4077
f 4077 4078 4076
f 4076 4078 4079
f 3514 4080 3517
f 3517 4080 4081
f 3517 4081 4052
f 4052 4053 3517
f 3517 4053 3519
f 3519 4053 4054
f 3519 4054 3521
f 3521 4054 4056
f 3521 4056 4058
f 3521 4058 3523
f 3523 4058 4060
f 3523 4060 3525
f 3525 4060 4062
f 3525 4062 3527
f 3527 4062 4064
f 3527 4064 3529
f 3529 4064 4066
f 3529 4066 3531
f 3531 4066 4068
f 3531 4068 3533
f 3533 4068 4070
f 3533 4070 3535
f 3535 4070 4072
f 3535 4072 3537
f 3537 4072 4074
f 3537 4074 4076
f 3537 4076 3539
f 3539 4076 4079
f 3539 4079 4082
f 4082 4083 3539
f 3539 4083 3509
f 4084 4085 3850
f 3850 4085 3849
f 3849 4085 3848
f 3848 4085 4086
f 3848 4086 3847
f 3847 4086 4087
f 3847 4087 3846
f 3846 4087 4088
f 3846 4088 3845
f 3845 4088 4089
f 3845 4089 3844
f 3844 4089 4090
f 3844 4090 3843
f 3843 4090 4091
f 3843 4091 3842
f 3842 4091 4092
f 3842 4092 3841
f 3841 4092 4093
f 3841 4093 3840
f 3840 4093 4094
f 3840 4094 3839
f 3839 4094 4095
f 3839 4095 3838
f 3838 4095 4096
f 3838 4096 3837
f 3837 4096 4097
f 4097 4098 3837
f 3837 4098 3836
f 3213 3512 3212
f 3212 3512 3511
f 3212 3511 3211
f 3211 3511 3509
f 3211 3509 4083
f 3214 4052 3213
f 3213 4052 4081
f 3213 4081 4080
f 4052 3214 4099
f 4099 3214 3215
f 4099 3215 4100
f 4100 3215 3216
f 4100 3216 4101
f 4101 3216 3217
f 4101 3217 4102
f 4102 3217 3218
f 4102 3218 4103
f 4103 3218 3219
f 4103 3219 4104
f 4104 3219 3220
f 4104 3220 4105
f 4105 3220 3221
f 4105 3221 4106
f 4106 3221 3222
f 4106 3222 4107
f 4107 3222 3223
f 4107 3223 4108
f 4108 3223 3224
f 4108 3224 4010
f 4010 3224 4011
f 4011 3224 4014
f 4014 3224 4015
f 4015 3224 3735
f 3735 3224 3225
f 3735 3225 3737
f 3737 3225 3226
f 3737 3226 3738
f 3738 3226 3680
f 3680 3226 3227
f 3680 3227 4012
f 4012 3227 4013
f 4013 3227 3984
f 3984 3227 3982
f 3982 3227 4109
f 4109 3227 3228
f 4109 3228 4110
f 4110 3228 3229
f 4110 3229 4111
f 4111 3229 3230
f 4111 3230 4112
f 4112 3230 3231
f 4112 3231 4113
f 4113 3231 3232
f 4113 3232 4114
f 4114 3232 3233
f 4114 3233 4115
f 4115 3233 3234
f 4115 3234 4116
f 4116 3234 3235
f 4116 3235 4117
f 4117 3235 3236
f 4117 3236 4118
f 4118 3236 3237
f 4118 3237 4098
f 4098 3237 3836
f 3836 3237 3238
f 3836 3238 3835
f 3835 3238 3834
f 3834 3238 3266
f 3266 3238 3268
f 3268 3238 3239
f 3268 3239 3270
f 3270 3239 3240
f 3270 3240 3271
f 3271 3240 3852
f 3852 3240 3851
f 3851 3240 3850
f 3850 3240 3241
f 3850 3241 4119
f 4119 3241 3242
f 4119 3242 4120
f 4120 3242 3243
f 4120 3243 4121
f 4121 3243 3244
f 4121 3244 4122
f 4122 3244 3245
f 4122 3245 4123
f 4123 3245 3246
f 4123 3246 4124
f 4124 3246 3247
f 4124 3247 4125
f 4125 3247 3248
f 4125 3248 4126
f 4126 3248 3249
f 4126 3249 4127
f 4127 3249 3250
f 4127 3250 4128
f 4128 3250 3251
f 4128 3251 4044
f 4044 3251 4045
f 4045 3251 4048
f 4048 3251 4049
f 4049 3251 3683
f 3683 3251 3252
f 3683 3252 3832
f 3832 3252 3833
f 3833 3252 3253
f 3833 3253 3740
f 3740 3253 3254
f 3740 3254 4046
f 4046 3254 4047
f 4047 3254 4018
f 4018 3254 4016
f 4016 3254 4129
f 4129 3254 3255
f 4129 3255 4130
f 4130 3255 3256
f 4130 3256 4131
f 4131 3256 3257
f 4131 3257 4132
f 4132 3257 3258
f 4132 3258 4133
f 4133 3258 3259
f 4133 3259 4134
f 4134 3259 3260
f 4134 3260 4135
f 4135 3260 3261
f 4135 3261 4136
f 4136 3261 3262
f 4136 3262 4137
f 4137 3262 3263
f 4137 3263 4138
f 4138 3263 3264
f 4138 3264 4078
f 4078 3264 4079
f 4079 3264 3211
f 4079 3211 4082
f 4082 3211 4083
f 4080 3514 3213
f 3213 3514 3512
f 4119 4084 3850
f 4099 4050 4052
f 2710 4139 2712
f 2712 4139 4140
f 2712 4140 2714
f 2714 4140 4141
f 2714 4141 2716
f 2716 4141 4142
f 2716 4142 2718
f 2718 4142 4143
f 2718 4143 2720
f 2720 4143 4144
f 2720 4144 2722
f 2722 4144 4145
f 2722 4145 2724
f 2724 4145 4146
f 2724 4146 2726
f 2726 4146 4147
f 2726 4147 2728
f 2728 4147 4148
f 2728 4148 2730
f 2730 4148 4149
f 2730 4149 2732
f 2732 4149 4150
f 2732 4150 2734
f 2734 4150 4151
f 2734 4151 2736
f 2736 4151 4152
f 2736 4152 2738
f 2738 4152 4153
f 2738 4153 2740
f 2740 4153 4154
f 2740 4154 2742
f 2742 4154 4155
f 2742 4155 2744
f 2744 4155 4156
f 2744 4156 2746
f 2746 4156 4157
f 2746 4157 2748
f 2748 4157 4158
f 2748 4158 2750
f 2750 4158 4159
f 2750 4159 2752
f 2752 4159 4160
f 2752 4160 2754
f 2754 4160 4161
f 2754 4161 2756
f 2756 4161 4162
f 2756 4162 2758
f 2758 4162 4163
f 2758 4163 2760
f 2760 4163 4164
f 2760 4164 2762
f 2762 4164 4165
f 2762 4165 2764
f 2764 4165 4166
f 2764 4166 2766
f 2766 4166 4167
f 2766 4167 2768
f 2768 4167 4168
f 2768 4168 2770
f 2770 4168 4169
f 2770 4169 2772
f 2772 4169 4170
f 2772 4170 2774
f 2774 4170 4171
f 2774 4171 2776
f 2776 4171 4172
f 2776 4172 2778
f 2778 4172 4173
f 2778 4173 2780
f 2780 4173 4174
f 2780 4174 2782
f 2782 4174 4175
f 2782 4175 2784
f 2784 4175 4176
f 2784 4176 2786
f 2786 4176 4177
f 2786 4177 2788
f 2788 4177 4178
f 2788 4178 2790
f 2790 4178 4179
f 2790 4179 2792
f 2792 4179 4180
f 2792 4180 2794
f 2794 4180 4181
f 2794 4181 2796
f 2796 4181 4182
f 2796 4182 2798
f 2798 4182 4183
f 2798 4183 2800
f 2800 4183 4184
f 2800 4184 2802
f 2802 4184 4185
f 2802 4185 2804
f 2804 4185 4186
f 2804 4186 2806
f 2806 4186 4187
f 2806 4187 2808
f 2808 4187 4188
f 2808 4188 2810
f 2810 4188 4189
f 2810 4189 2812
f 2812 4189 4190
f 2812 4190 2710
f 2710 4190 4139
f 4191 4176 4192
f 4192 4176 4175
f 4192 4175 4193
f 4193 4175 4174
f 4193 4174 4194
f 4194 4174 4173
f 4194 4173 4195
f 4195 4173 4172
f 4195 4172 4196
f 4196 4172 4171
f 4196 4171 4197
f 4197 4171 4170
f 4197 4170 4198
f 4198 4170 4169
f 4198 4169 4199
f 4199 4169 4168
f 4199 4168 4200
f 4200 4168 4167
f 4200 4167 4201
f 4201 4167 4166
f 4201 4166 4202
f 4202 4166 4165
f 4202 4165 4203
f 4203 4165 4164
f 4203 4164 4204
f 4204 4164 4163
f 4204 4163 4205
f 4205 4163 4162
f 4205 4162 4206
f 4206 4162 4161
f 4206 4161 4207
f 4207 4161 4160
f 4207 4160 4208
f 4208 4160 4159
f 4208 4159 4209
f 4209 4159 4158
f 4209 4158 4210
f 4210 4158 4157
f 4210 4157 4211
f 4211 4157 4156
f 4211 4156 4212
f 4212 4156 4155
f 4212 4155 4213
f 4213 4155 4154
f 4213 4154 4214
f 4214 4154 4153
f 4214 4153 4215
f 4215 4153 4152
f 4215 4152 4216
f 4216 4152 4151
f 4216 4151 4217
f 4217 4151 4150
f 4217 4150 4218
f 4218 4150 4149
f 4218 4149 4219
f 4219 4149 4148
f 4219 4148 4220
f 4220 4148 4147
f 4220 4147 4221
f 4221 4147 4146
f 4221 4146 4222
f 4222 4146 4145
f 4222 4145 4223
f 4223 4145 4144
f 4223 4144 4224
f 4224 4144 4143
f 4224 4143 4225
f 4225 4143 4142
f 4225 4142 4226
f 4226 4142 4141
f 4226 4141 4227
f 4227 4141 4140
f 4227 4140 4228
f 4228 4140 4139
f 4228 4139 4229
f 4229 4139 4190
f 4229 4190 4230
f 4230 4190 4189
f 4230 4189 4231
f 4231 4189 4188
f 4231 4188 4232
f 4232 4188 4187
f 4232 4187 4233
f 4233 4187 4186
f 4233 4186 4234
f 4234 4186 4185
f 4234 4185 4235
f 4235 4185 4184
f 4235 4184 4236
f 4236 4184 4183
f 4236 4183 4237
f 4237 4183 4182
f 4237 4182 4238
f 4238 4182 4181
f 4238 4181 4239
f 4239 4181 4180
f 4239 4180 4240
f 4240 4180 4179
f 4240 4179 4241
f 4241 4179 4178
f 4241 4178 4242
f 4242 4178 4177
f 4242 4177 4191
f 4191 4177 4176
f 4243 4244 4245
f 4245 4244 4246
f 4245 4246 4247
f 4248 4249 4243
f 4243 4249 4250
f 4243 4250 4244
f 4249 4248 4251
f 4251 4248 4252
f 4251 4252 4253
f 4253 4252 4254
f 4253 4254 4094
f 4094 4254 4255
f 4094 4255 4095
f 4095 4255 4256
f 4095 4256 4257
f 4258 4259 4257
f 4257 4259 4096
f 4257 4096 4095
f 4259 4258 4260
f 4260 4258 4261
f 4260 4261 4262
f 4262 4261 4263
f 4262 4263 4264
f 4264 4263 4265
f 4265 4263 4266
f 4265 4266 4267
f 4267 4266 4268
f 4268 4266 4269
f 4268 4269 4270
f 4270 4269 4271
f 4271 4269 4272
f 4271 4272 4273
f 4273 4272 4274
f 4274 4272 4275
f 4274 4275 4276
f 4274 4276 4277
f 4277 4276 4278
f 4277 4278 3987
f 3987 4278 3989
f 3989 4278 4279
f 3989 4279 3991
f 3991 4279 4280
f 3991 4280 4281
f 4281 4280 4282
f 4281 4282 4283
f 4283 4282 4284
f 4283 4284 4285
f 4285 4284 4286
f 4285 4286 4287
f 4287 4286 4288
f 4288 4286 4289
f 4288 4289 4290
f 4290 4289 4291
f 4291 4289 4292
f 4291 4292 4293
f 4293 4292 4294
f 4294 4292 4295
f 4294 4295 4296
f 4296 4295 4297
f 4296 4297 4298
f 4298 4297 4299
f 4298 4299 4300
f 4300 4299 4003
f 4300 4003 4001
f 4299 4301 4003
f 4003 4301 4005
f 4005 4301 4302
f 4005 4302 4303
f 4304 4305 4303
f 4303 4305 4007
f 4303 4007 4005
f 4304 4306 4305
f 4305 4306 4307
f 4307 4306 4308
f 4307 4308 4309
f 4309 4308 4310
f 4310 4308 4311
f 4310 4311 4312
f 4312 4311 4313
f 4313 4311 4314
f 4313 4314 4315
f 4315 4314 4316
f 4316 4314 4317
f 4317 4314 4318
f 4317 4318 4319
f 4319 4318 4320
f 4319 4320 4321
f 4321 4320 4322
f 4321 4322 4323
f 4323 4322 4324
f 4323 4324 4055
f 4055 4324 4057
f 4057 4324 4325
f 4057 4325 4326
f 4057 4326 4059
f 4059 4326 4327
f 4059 4327 4328
f 4328 4327 4329
f 4328 4329 4330
f 4330 4329 4331
f 4330 4331 4332
f 4332 4331 4333
f 4333 4331 4334
f 4333 4334 4335
f 4335 4334 4336
f 4336 4334 4337
f 4336 4337 4338
f 4338 4337 4339
f 4339 4337 4340
f 4339 4340 4341
f 4341 4340 4342
f 4342 4340 4343
f 4342 4343 4344
f 4344 4343 4345
f 4344 4345 4071
f 4071 4345 4346
f 4071 4346 4073
f 4073 4346 4347
f 4073 4347 4348
f 4349 4350 4348
f 4348 4350 4075
f 4348 4075 4073
f 4350 4349 4351
f 4351 4349 4352
f 4351 4352 4353
f 4353 4352 4354
f 4353 4354 4355
f 4355 4354 4356
f 4355 4356 4357
f 4357 4356 4358
f 4358 4356 4359
f 4359 4356 4360
f 4359 4360 4361
f 4361 4360 4362
f 4362 4360 4363
f 4362 4363 4364
f 4364 4363 4365
f 4365 4363 4366
f 4365 4366 4367
f 4367 4366 4368
f 4367 4368 4369
f 4370 4023 4369
f 4369 4023 4021
f 4369 4021 4367
f 4367 4021 4371
f 4371 4021 4131
f 4371 4131 4132
f 4370 4372 4023
f 4023 4372 4025
f 4025 4372 4373
f 4025 4373 4374
f 4374 4373 4375
f 4375 4373 4376
f 4375 4376 4377
f 4377 4376 4378
f 4377 4378 4379
f 4379 4378 4380
f 4379 4380 4381
f 4381 4380 4382
f 4382 4380 4383
f 4382 4383 4384
f 4384 4383 4385
f 4385 4383 4386
f 4385 4386 4387
f 4387 4386 4388
f 4388 4386 4389
f 4388 4389 4390
f 4390 4389 4391
f 4390 4391 4392
f 4392 4391 4393
f 4392 4393 4037
f 4037 4393 4394
f 4037 4394 4039
f 4039 4394 4395
f 4039 4395 4041
f 4041 4395 4396
f 4041 4396 4397
f 4395 4398 4396
f 4396 4398 4399
f 4399 4398 4400
f 4399 4400 4401
f 4402 4403 4401
f 4401 4403 4404
f 4401 4404 4399
f 4405 4406 4402
f 4402 4406 4407
f 4402 4407 4403
f 4408 4409 4405
f 4405 4409 4410
f 4405 4410 4406
f 4411 4412 4408
f 4408 4412 4413
f 4408 4413 4409
f 4412 4411 4414
f 4414 4411 4415
f 4414 4415 4416
f 4416 4415 4417
f 4416 4417 4086
f 4086 4417 4087
f 4087 4417 4418
f 4087 4418 4419
f 4087 4419 4088
f 4088 4419 4420
f 4088 4420 4421
f 4421 4420 4422
f 4421 4422 4423
f 4423 4422 4424
f 4423 4424 4425
f 4425 4424 4426
f 4425 4426 4427
f 4427 4426 4428
f 4428 4426 4245
f 4428 4245 4247
f 3982 4109 3983
f 3983 4109 4110
f 3983 4110 4111
f 4112 4429 4111
f 4111 4429 3987
f 4111 3987 3983
f 4112 4113 4429
f 4429 4113 4430
f 4430 4113 4114
f 4430 4114 4115
f 4430 4115 4431
f 4431 4115 4116
f 4431 4116 4096
f 4096 4116 4097
f 4097 4116 4117
f 4097 4117 4118
f 4118 4098 4097
f 4094 4093 4253
f 4253 4093 4432
f 4432 4093 4092
f 4432 4092 4433
f 4433 4092 4091
f 4433 4091 4090
f 4433 4090 4434
f 4434 4090 4089
f 4434 4089 4421
f 4421 4089 4088
f 4085 4121 4086
f 4086 4121 4435
f 4086 4435 4416
f 4084 4119 4085
f 4085 4119 4120
f 4085 4120 4121
f 4121 4122 4435
f 4435 4122 4436
f 4436 4122 4123
f 4436 4123 4124
f 4436 4124 4397
f 4397 4124 4125
f 4397 4125 4126
f 4127 4043 4126
f 4126 4043 4041
f 4126 4041 4397
f 4127 4128 4043
f 4043 4128 4044
f 4037 4035 4392
f 4392 4035 4437
f 4437 4035 4033
f 4437 4033 4438
f 4438 4033 4031
f 4438 4031 4439
f 4439 4031 4029
f 4439 4029 4027
f 4439 4027 4374
f 4374 4027 4025
f 4021 4017 4131
f 4131 4017 4130
f 4130 4017 4129
f 4129 4017 4016
f 4371 4132 4440
f 4440 4132 4133
f 4440 4133 4134
f 4440 4134 4441
f 4441 4134 4135
f 4441 4135 4350
f 4350 4135 4136
f 4350 4136 4075
f 4075 4136 4077
f 4077 4136 4137
f 4077 4137 4138
f 4138 4078 4077
f 4344 4071 4442
f 4442 4071 4069
f 4442 4069 4067
f 4442 4067 4443
f 4443 4067 4065
f 4443 4065 4444
f 4444 4065 4063
f 4444 4063 4445
f 4445 4063 4061
f 4445 4061 4059
f 4323 4055 4101
f 4101 4055 4051
f 4101 4051 4100
f 4100 4051 4099
f 4099 4051 4050
f 4101 4102 4323
f 4323 4102 4446
f 4446 4102 4103
f 4446 4103 4447
f 4447 4103 4104
f 4447 4104 4105
f 4447 4105 4448
f 4448 4105 4106
f 4448 4106 4007
f 4007 4106 4009
f 4009 4106 4107
f 4009 4107 4108
f 4108 4010 4009
f 4300 4001 4449
f 4449 4001 3999
f 4449 3999 3997
f 4449 3997 4450
f 4450 3997 3995
f 4450 3995 4451
f 4451 3995 3993
f 4451 3993 4281
f 4281 3993 3991
f 4259 4431 4096
f 4429 4277 3987
f 4328 4445 4059
f 4305 4448 4007
f 4452 4453 3936
f 3936 4453 4454
f 3936 4454 4455
f 3936 4455 3926
f 3926 4455 4456
f 3926 4456 4457
f 4457 4458 3926
f 3926 4458 4459
f 3926 4459 4240
f 4240 4459 4460
f 4240 4460 4239
f 4239 4460 4461
f 4239 4461 4238
f 4238 4461 4462
f 4238 4462 4463
f 4238 4463 4237
f 4237 4463 4464
f 4237 4464 4236
f 4236 4464 4465
f 4236 4465 4466
f 4467 3880 4466
f 4466 3880 4235
f 4466 4235 4236
f 4467 4468 3880
f 3880 4468 4469
f 3880 4469 4470
f 4470 4471 3880
f 3880 4471 3882
f 3882 4471 4472
f 3882 4472 4473
f 4473 4474 3882
f 3882 4474 4475
f 3882 4475 3872
f 3872 4475 4476
f 3872 4476 4477
f 4477 4478 3872
f 3872 4478 4479
f 3872 4479 4227
f 4227 4479 4480
f 4227 4480 4226
f 4226 4480 4481
f 4226 4481 4225
f 4225 4481 4482
f 4225 4482 4483
f 4225 4483 4224
f 4224 4483 4484
f 4224 4484 4223
f 4223 4484 4485
f 4223 4485 4486
f 4487 3905 4486
f 4486 3905 4222
f 4486 4222 4223
f 4487 4488 3905
f 3905 4488 4489
f 3905 4489 4490
f 3905 4490 3907
f 3907 4490 4491
f 3907 4491 4492
f 4492 4493 3907
f 3907 4493 4494
f 3907 4494 4495
f 3907 4495 3909
f 3909 4495 4496
f 3909 4496 4497
f 4497 4498 3909
f 3909 4498 4499
f 3909 4499 4214
f 4214 4499 4213
f 4213 4499 4500
f 4213 4500 4501
f 4213 4501 4212
f 4212 4501 4502
f 4212 4502 4211
f 4211 4502 4503
f 4211 4503 4504
f 4211 4504 4210
f 4210 4504 4505
f 4210 4505 4209
f 4209 4505 4506
f 4209 4506 3961
f 3961 4506 4507
f 3961 4507 4508
f 4508 4509 3961
f 3961 4509 4510
f 3961 4510 3963
f 3963 4510 4511
f 3963 4511 4512
f 4512 4513 3963
f 3963 4513 4514
f 3963 4514 3953
f 3953 4514 4515
f 3953 4515 4516
f 4516 4517 3953
f 3953 4517 4518
f 3953 4518 4519
f 4520 4200 4519
f 4519 4200 4201
f 4519 4201 3953
f 3953 4201 4202
f 3953 4202 3954
f 3954 4202 4203
f 3954 4203 4204
f 4520 4521 4200
f 4200 4521 4199
f 4199 4521 4522
f 4199 4522 4198
f 4198 4522 4523
f 4198 4523 4524
f 4198 4524 4197
f 4197 4524 4525
f 4197 4525 4196
f 4196 4525 4526
f 4196 4526 3934
f 3934 4526 4527
f 3934 4527 4528
f 4528 4529 3934
f 3934 4529 4530
f 3934 4530 3936
f 3936 4530 4452
f 3872 4228 3873
f 3873 4228 4229
f 3873 4229 4230
f 4235 3880 4234
f 4234 3880 3878
f 4234 3878 4233
f 4233 3878 4232
f 4232 3878 3876
f 4232 3876 4231
f 4231 3876 4230
f 4230 3876 3873
f 3899 4217 3900
f 3900 4217 4218
f 3900 4218 4219
f 3909 4215 3899
f 3899 4215 4216
f 3899 4216 4217
f 4222 3905 4221
f 4221 3905 3903
f 4221 3903 4220
f 4220 3903 4219
f 4219 3903 3900
f 3926 4241 3927
f 3927 4241 4242
f 3927 4242 4191
f 4196 3934 4195
f 4195 3934 3932
f 4195 3932 4194
f 4194 3932 4193
f 4193 3932 3930
f 4193 3930 4192
f 4192 3930 4191
f 4191 3930 3927
f 4209 3961 4208
f 4208 3961 3959
f 4208 3959 4207
f 4207 3959 4206
f 4206 3959 3957
f 4206 3957 4205
f 4205 3957 4204
f 4204 3957 3954
f 4214 4215 3909
f 4227 4228 3872
f 4240 4241 3926
f 4531 4397 4532
f 4532 4397 4396
f 4532 4396 4533
f 4533 4396 4399
f 4533 4399 4534
f 4534 4399 4404
f 4534 4404 4535
f 4535 4404 4403
f 4535 4403 4536
f 4536 4403 4407
f 4536 4407 4537
f 4537 4407 4406
f 4537 4406 4538
f 4538 4406 4410
f 4538 4410 4539
f 4539 4410 4409
f 4539 4409 4540
f 4540 4409 4413
f 4540 4413 4541
f 4541 4413 4412
f 4541 4412 4542
f 4542 4412 4414
f 4542 4414 4543
f 4543 4414 4416
f 4543 4416 4544
f 4544 4416 4435
f 4544 4435 4545
f 4545 4435 4436
f 4545 4436 4531
f 4531 4436 4397
f 4546 4315 4547
f 4547 4315 4316
f 4547 4316 4548
f 4548 4316 4317
f 4548 4317 4549
f 4549 4317 4319
f 4549 4319 4550
f 4550 4319 4321
f 4550 4321 4551
f 4551 4321 4323
f 4551 4323 4552
f 4552 4323 4446
f 4552 4446 4553
f 4553 4446 4447
f 4553 4447 4554
f 4554 4447 4448
f 4554 4448 4555
f 4555 4448 4305
f 4555 4305 4556
f 4556 4305 4307
f 4556 4307 4557
f 4557 4307 4309
f 4557 4309 4558
f 4558 4309 4310
f 4558 4310 4559
f 4559 4310 4312
f 4559 4312 4560
f 4560 4312 4313
f 4560 4313 4546
f 4546 4313 4315
f 4561 4335 4562
f 4562 4335 4336
f 4562 4336 4563
f 4563 4336 4338
f 4563 4338 4564
f 4564 4338 4339
f 4564 4339 4565
f 4565 4339 4341
f 4565 4341 4566
f 4566 4341 4342
f 4566 4342 4567
f 4567 4342 4344
f 4567 4344 4568
f 4568 4344 4442
f 4568 4442 4569
f 4569 4442 4443
f 4569 4443 4570
f 4570 4443 4444
f 4570 4444 4571
f 4571 4444 4445
f 4571 4445 4572
f 4572 4445 4328
f 4572 4328 4573
f 4573 4328 4330
f 4573 4330 4574
f 4574 4330 4332
f 4574 4332 4575
f 4575 4332 4333
f 4575 4333 4561
f 4561 4333 4335
f 4576 4432 4577
f 4577 4432 4433
f 4577 4433 4578
f 4578 4433 4434
f 4578 4434 4579
f 4579 4434 4421
f 4579 4421 4580
f 4580 4421 4423
f 4580 4423 4581
f 4581 4423 4425
f 4581 4425 4582
f 4582 4425 4427
f 4582 4427 4583
f 4583 4427 4428
f 4583 4428 4584
f 4584 4428 4247
f 4584 4247 4585
f 4585 4247 4246
f 4585 4246 4586
f 4586 4246 4244
f 4586 4244 4587
f 4587 4244 4250
f 4587 4250 4588
f 4588 4250 4249
f 4588 4249 4589
f 4589 4249 4251
f 4589 4251 4590
f 4590 4251 4253
f 4590 4253 4576
f 4576 4253 4432
f 4591 4375 4592
f 4592 4375 4377
f 4592 4377 4593
f 4593 4377 4379
f 4593 4379 4594
f 4594 4379 4381
f 4594 4381 4595
f 4595 4381 4382
f 4595 4382 4596
f 4596 4382 4384
f 4596 4384 4597
f 4597 4384 4385
f 4597 4385 4598
f 4598 4385 4387
f 4598 4387 4599
f 4599 4387 4388
f 4599 4388 4600
f 4600 4388 4390
f 4600 4390 4601
f 4601 4390 4392
f 4601 4392 4602
f 4602 4392 4437
f 4602 4437 4603
f 4603 4437 4438
f 4603 4438 4604
f 4604 4438 4439
f 4604 4439 4605
f 4605 4439 4374
f 4605 4374 4591
f 4591 4374 4375
f 4606 4294 4607
f 4607 4294 4296
f 4607 4296 4608
f 4608 4296 4298
f 4608 4298 4609
f 4609 4298 4300
f 4609 4300 4610
f 4610 4300 4449
f 4610 4449 4611
f 4611 4449 4450
f 4611 4450 4612
f 4612 4450 4451
f 4612 4451 4613
f 4613 4451 4281
f 4613 4281 4614
f 4614 4281 4283
f 4614 4283 4615
f 4615 4283 4285
f 4615 4285 4616
f 4616 4285 4287
f 4616 4287 4617
f 4617 4287 4288
f 4617 4288 4618
f 4618 4288 4290
f 4618 4290 4619
f 4619 4290 4291
f 4619 4291 4620
f 4620 4291 4293
f 4620 4293 4606
f 4606 4293 4294
f 4621 4355 4622
f 4622 4355 4357
f 4622 4357 4623
f 4623 4357 4358
f 4623 4358 4624
f 4624 4358 4359
f 4624 4359 4625
f 4625 4359 4361
f 4625 4361 4626
f 4626 4361 4362
f 4626 4362 4627
f 4627 4362 4364
f 4627 4364 4628
f 4628 4364 4365
f 4628 4365 4629
f 4629 4365 4367
f 4629 4367 4630
f 4630 4367 4371
f 4630 4371 4631
f 4631 4371 4440
f 4631 4440 4632
f 4632 4440 4441
f 4632 4441 4633
f 4633 4441 4350
f 4633 4350 4634
f 4634 4350 4351
f 4634 4351 4635
f 4635 4351 4353
f 4635 4353 4621
f 4621 4353 4355
f 4636 4274 4637
f 4637 4274 4277
f 4637 4277 4638
f 4638 4277 4429
f 4638 4429 4639
f 4639 4429 4430
f 4639 4430 4640
f 4640 4430 4431
f 4640 4431 4641
f 4641 4431 4259
f 4641 4259 4642
f 4642 4259 4260
f 4642 4260 4643
f 4643 4260 4262
f 4643 4262 4644
f 4644 4262 4264
f 4644 4264 4645
f 4645 4264 4265
f 4645 4265 4646
f 4646 4265 4267
f 4646 4267 4647
f 4647 4267 4268
f 4647 4268 4648
f 4648 4268 4270
f 4648 4270 4649
f 4649 4270 4271
f 4649 4271 4650
f 4650 4271 4273
f 4650 4273 4636
f 4636 4273 4274
f 4651 4454 4652
f 4652 4454 4453
f 4652 4453 4653
f 4653 4453 4452
f 4653 4452 4654
f 4654 4452 4530
f 4654 4530 4655
f 4655 4530 4529
f 4655 4529 4656
f 4656 4529 4528
f 4656 4528 4657
f 4657 4528 4527
f 4657 4527 4658
f 4658 4527 4526
f 4658 4526 4659
f 4659 4526 4525
f 4659 4525 4660
f 4660 4525 4524
f 4660 4524 4661
f 4661 4524 4523
f 4661 4523 4662
f 4662 4523 4522
f 4662 4522 4663
f 4663 4522 4521
f 4663 4521 4664
f 4664 4521 4520
f 4664 4520 4665
f 4665 4520 4519
f 4665 4519 4666
f 4666 4519 4518
f 4666 4518 4667
f 4667 4518 4517
f 4667 4517 4668
f 4668 4517 4516
f 4668 4516 4669
f 4669 4516 4515
f 4669 4515 4670
f 4670 4515 4514
f 4670 4514 4671
f 4671 4514 4513
f 4671 4513 4672
f 4672 4513 4512
f 4672 4512 4673
f 4673 4512 4511
f 4673 4511 4674
f 4674 4511 4510
f 4674 4510 4675
f 4675 4510 4509
f 4675 4509 4676
f 4676 4509 4508
f 4676 4508 4677
f 4677 4508 4507
f 4677 4507 4678
f 4678 4507 4506
f 4678 4506 4679
f 4679 4506 4505
f 4679 4505 4680
f 4680 4505 4504
f 4680 4504 4681
f 4681 4504 4503
f 4681 4503 4682
f 4682 4503 4502
f 4682 4502 4683
f 4683 4502 4501
f 4683 4501 4684
f 4684 4501 4500
f 4684 4500 4685
f 4685 4500 4499
f 4685 4499 4686
f 4686 4499 4498
f 4686 4498 4687
f 4687 4498 4497
f 4687 4497 4688
f 4688 4497 4496
f 4688 4496 4689
f 4689 4496 4495
f 4689 4495 4690
f 4690 4495 4494
f 4690 4494 4691
f 4691 4494 4493
f 4691 4493 4692
f 4692 4493 4492
f 4692 4492 4693
f 4693 4492 4491
f 4693 4491 4694
f 4694 4491 4490
f 4694 4490 4695
f 4695 4490 4489
f 4695 4489 4696
f 4696 4489 4488
f 4696 4488 4697
f 4697 4488 4487
f 4697 4487 4698
f 4698 4487 4486
f 4698 4486 4699
f 4699 4486 4485
f 4699 4485 4700
f 4700 4485 4484
f 4700 4484 4701
f 4701 4484 4483
f 4701 4483 4702
f 4702 4483 4482
f 4702 4482 4703
f 4703 4482 4481
f 4703 4481 4704
f 4704 4481 4480
f 4704 4480 4705
f 4705 4480 4479
f 4705 4479 4706
f 4706 4479 4478
f 4706 4478 4707
f 4707 4478 4477
f 4707 4477 4708
f 4708 4477 4476
f 4708 4476 4709
f 4709 4476 4475
f 4709 4475 4710
f 4710 4475 4474
f 4710 4474 4711
f 4711 4474 4473
f 4711 4473 4712
f 4712 4473 4472
f 4712 4472 4713
f 4713 4472 4471
f 4713 4471 4714
f 4714 4471 4470
f 4714 4470 4715
f 4715 4470 4469
f 4715 4469 4716
f 4716 4469 4468
f 4716 4468 4717
f 4717 4468 4467
f 4717 4467 4718
f 4718 4467 4466
f 4718 4466 4719
f 4719 4466 4465
f 4719 4465 4720
f 4720 4465 4464
f 4720 4464 4721
f 4721 4464 4463
f 4721 4463 4722
f 4722 4463 4462
f 4722 4462 4723
f 4723 4462 4461
f 4723 4461 4724
f 4724 4461 4460
f 4724 4460 4725
f 4725 4460 4459
f 4725 4459 4726
f 4726 4459 4458
f 4726 4458 4727
f 4727 4458 4457
f 4727 4457 4728
f 4728 4457 4456
f 4728 4456 4729
f 4729 4456 4455
f 4729 4455 4651
f 4651 4455 4454
f 4426 4730 4245
f 4245 4730 4731
f 4245 4731 4243
f 4243 4731 4732
f 4243 4732 4248
f 4248 4732 4733
f 4248 4733 4252
f 4252 4733 4734
f 4252 4734 4254
f 4254 4734 4735
f 4254 4735 4255
f 4255 4735 4736
f 4255 4736 4256
f 4256 4736 4737
f 4256 4737 4257
f 4257 4737 4738
f 4257 4738 4258
f 4258 4738 4739
f 4258 4739 4261
f 4261 4739 4740
f 4261 4740 4263
f 4263 4740 4741
f 4263 4741 4266
f 4266 4741 4742
f 4266 4742 4269
f 4269 4742 4743
f 4269 4743 4272
f 4272 4743 4744
f 4272 4744 4275
f 4275 4744 4745
f 4275 4745 4276
f 4276 4745 4746
f 4276 4746 4278
f 4278 4746 4747
f 4278 4747 4279
f 4279 4747 4748
f 4279 4748 4280
f 4280 4748 4749
f 4280 4749 4282
f 4282 4749 4750
f 4282 4750 4284
f 4284 4750 4751
f 4284 4751 4286
f 4286 4751 4752
f 4286 4752 4289
f 4289 4752 4753
f 4289 4753 4292
f 4292 4753 4754
f 4292 4754 4295
f 4295 4754 4755
f 4295 4755 4297
f 4297 4755 4756
f 4297 4756 4299
f 4299 4756 4757
f 4299 4757 4301
f 4301 4757 4758
f 4301 4758 4302
f 4302 4758 4759
f 4302 4759 4303
f 4303 4759 4760
f 4303 4760 4304
f 4304 4760 4761
f 4304 4761 4306
f 4306 4761 4762
f 4306 4762 4308
f 4308 4762 4763
f 4308 4763 4311
f 4311 4763 4764
f 4311 4764 4314
f 4314 4764 4765
f 4314 4765 4318
f 4318 4765 4766
f 4318 4766 4320
f 4320 4766 4767
f 4320 4767 4322
f 4322 4767 4768
f 4322 4768 4324
f 4324 4768 4769
f 4324 4769 4325
f 4325 4769 4770
f 4325 4770 4326
f 4326 4770 4771
f 4326 4771 4327
f 4327 4771 4772
f 4327 4772 4329
f 4329 4772 4773
f 4329 4773 4331
f 4331 4773 4774
f 4331 4774 4334
f 4334 4774 4775
f 4334 4775 4337
f 4337 4775 4776
f 4337 4776 4340
f 4340 4776 4777
f 4340 4777 4343
f 4343 4777 4778
f 4343 4778 4345
f 4345 4778 4779
f 4345 4779 4346
f 4346 4779 4780
f 4346 4780 4347
f 4347 4780 4781
f 4347 4781 4348
f 4348 4781 4782
f 4348 4782 4349
f 4349 4782 4783
f 4349 4783 4352
f 4352 4783 4784
f 4352 4784 4354
f 4354 4784 4785
f 4354 4785 4356
f 4356 4785 4786
f 4356 4786 4360
f 4360 4786 4787
f 4360 4787 4363
f 4363 4787 4788
f 4363 4788 4366
f 4366 4788 4789
f 4366 4789 4368
f 4368 4789 4790
f 4368 4790 4369
f 4369 4790 4791
f 4369 4791 4370
f 4370 4791 4792
f 4370 4792 4372
f 4372 4792 4793
f 4372 4793 4373
f 4373 4793 4794
f 4373 4794 4376
f 4376 4794 4795
f 4376 4795 4378
f 4378 4795 4796
f 4378 4796 4380
f 4380 4796 4797
f 4380 4797 4383
f 4383 4797 4798
f 4383 4798 4386
f 4386 4798 4799
f 4386 4799 4389
f 4389 4799 4800
f 4389 4800 4391
f 4391 4800 4801
f 4391 4801 4393
f 4393 4801 4802
f 4393 4802 4394
f 4394 4802 4803
f 4394 4803 4395
f 4395 4803 4804
f 4395 4804 4398
f 4398 4804 4805
f 4398 4805 4400
f 4400 4805 4806
f 4400 4806 4401
f 4401 4806 4807
f 4401 4807 4402
f 4402 4807 4808
f 4402 4808 4405
f 4405 4808 4809
f 4405 4809 4408
f 4408 4809 4810
f 4408 4810 4411
f 4411 4810 4811
f 4411 4811 4415
f 4415 4811 4812
f 4415 4812 4417
f 4417 4812 4813
f 4417 4813 4418
f 4418 4813 4814
f 4418 4814 4419
f 4419 4814 4815
f 4419 4815 4420
f 4420 4815 4816
f 4420 4816 4422
f 4422 4816 4817
f 4422 4817 4424
f 4424 4817 4818
f 4424 4818 4426
f 4426 4818 4730
f 4730 4583 4731
f 4731 4583 4584
f 4731 4584 4585
f 4818 4581 4730
f 4730 4581 4582
f 4730 4582 4583
f 4817 4689 4818
f 4818 4689 4690
f 4818 4690 4581
f 4581 4690 4580
f 4580 4690 4579
f 4579 4690 4691
f 4579 4691 4578
f 4578 4691 4577
f 4577 4691 4692
f 4577 4692 4576
f 4576 4692 4590
f 4590 4692 4693
f 4590 4693 4589
f 4589 4693 4588
f 4588 4693 4733
f 4588 4733 4732
f 4689 4817 4688
f 4688 4817 4816
f 4688 4816 4815
f 4688 4815 4687
f 4687 4815 4814
f 4687 4814 4686
f 4686 4814 4813
f 4686 4813 4685
f 4685 4813 4812
f 4685 4812 4684
f 4684 4812 4811
f 4684 4811 4683
f 4683 4811 4542
f 4683 4542 4543
f 4542 4811 4541
f 4541 4811 4810
f 4541 4810 4540
f 4540 4810 4539
f 4539 4810 4809
f 4539 4809 4538
f 4538 4809 4537
f 4537 4809 4808
f 4537 4808 4536
f 4536 4808 4535
f 4535 4808 4807
f 4535 4807 4534
f 4534 4807 4680
f 4534 4680 4533
f 4533 4680 4532
f 4532 4680 4681
f 4532 4681 4531
f 4531 4681 4545
f 4545 4681 4682
f 4545 4682 4544
f 4544 4682 4543
f 4543 4682 4683
f 4807 4806 4680
f 4680 4806 4679
f 4679 4806 4805
f 4679 4805 4678
f 4678 4805 4804
f 4678 4804 4677
f 4677 4804 4803
f 4677 4803 4676
f 4676 4803 4802
f 4676 4802 4675
f 4675 4802 4801
f 4675 4801 4674
f 4674 4801 4800
f 4674 4800 4673
f 4673 4800 4600
f 4673 4600 4601
f 4600 4800 4599
f 4599 4800 4799
f 4599 4799 4598
f 4598 4799 4597
f 4597 4799 4798
f 4597 4798 4596
f 4596 4798 4595
f 4595 4798 4797
f 4595 4797 4594
f 4594 4797 4593
f 4593 4797 4796
f 4593 4796 4592
f 4592 4796 4670
f 4592 4670 4591
f 4591 4670 4671
f 4591 4671 4605
f 4605 4671 4604
f 4604 4671 4672
f 4604 4672 4603
f 4603 4672 4602
f 4602 4672 4673
f 4602 4673 4601
f 4796 4795 4670
f 4670 4795 4669
f 4669 4795 4794
f 4669 4794 4668
f 4668 4794 4793
f 4668 4793 4667
f 4667 4793 4792
f 4667 4792 4666
f 4666 4792 4791
f 4666 4791 4665
f 4665 4791 4790
f 4665 4790 4664
f 4664 4790 4789
f 4664 4789 4628
f 4628 4789 4788
f 4628 4788 4627
f 4627 4788 4626
f 4626 4788 4787
f 4626 4787 4625
f 4625 4787 4624
f 4624 4787 4786
f 4624 4786 4623
f 4623 4786 4622
f 4622 4786 4621
f 4621 4786 4785
f 4621 4785 4635
f 4635 4785 4660
f 4635 4660 4634
f 4634 4660 4661
f 4634 4661 4633
f 4633 4661 4632
f 4632 4661 4662
f 4632 4662 4631
f 4631 4662 4630
f 4630 4662 4663
f 4630 4663 4629
f 4629 4663 4628
f 4628 4663 4664
f 4785 4784 4660
f 4660 4784 4659
f 4659 4784 4783
f 4659 4783 4658
f 4658 4783 4782
f 4658 4782 4657
f 4657 4782 4781
f 4657 4781 4656
f 4656 4781 4780
f 4656 4780 4779
f 4656 4779 4655
f 4655 4779 4778
f 4655 4778 4654
f 4654 4778 4777
f 4654 4777 4566
f 4566 4777 4565
f 4565 4777 4564
f 4564 4777 4776
f 4564 4776 4563
f 4563 4776 4562
f 4562 4776 4775
f 4562 4775 4561
f 4561 4775 4575
f 4575 4775 4774
f 4575 4774 4574
f 4574 4774 4573
f 4573 4774 4729
f 4573 4729 4651
f 4774 4773 4729
f 4729 4773 4728
f 4728 4773 4772
f 4728 4772 4727
f 4727 4772 4771
f 4727 4771 4770
f 4727 4770 4726
f 4726 4770 4769
f 4726 4769 4725
f 4725 4769 4768
f 4725 4768 4724
f 4724 4768 4767
f 4724 4767 4723
f 4723 4767 4766
f 4723 4766 4549
f 4549 4766 4548
f 4548 4766 4765
f 4548 4765 4547
f 4547 4765 4546
f 4546 4765 4560
f 4560 4765 4764
f 4560 4764 4559
f 4559 4764 4558
f 4558 4764 4763
f 4558 4763 4557
f 4557 4763 4556
f 4556 4763 4762
f 4556 4762 4719
f 4719 4762 4761
f 4719 4761 4718
f 4718 4761 4760
f 4718 4760 4717
f 4717 4760 4759
f 4717 4759 4716
f 4716 4759 4758
f 4716 4758 4715
f 4715 4758 4757
f 4715 4757 4714
f 4714 4757 4756
f 4714 4756 4713
f 4713 4756 4755
f 4713 4755 4607
f 4607 4755 4606
f 4606 4755 4754
f 4606 4754 4620
f 4620 4754 4619
f 4619 4754 4753
f 4619 4753 4618
f 4618 4753 4617
f 4617 4753 4752
f 4617 4752 4616
f 4616 4752 4615
f 4615 4752 4751
f 4615 4751 4614
f 4614 4751 4710
f 4614 4710 4613
f 4613 4710 4612
f 4612 4710 4711
f 4612 4711 4611
f 4611 4711 4610
f 4610 4711 4712
f 4610 4712 4609
f 4609 4712 4608
f 4608 4712 4713
f 4608 4713 4607
f 4710 4751 4709
f 4709 4751 4750
f 4709 4750 4708
f 4708 4750 4749
f 4708 4749 4707
f 4707 4749 4748
f 4707 4748 4706
f 4706 4748 4747
f 4706 4747 4705
f 4705 4747 4746
f 4705 4746 4704
f 4704 4746 4745
f 4704 4745 4703
f 4703 4745 4744
f 4703 4744 4650
f 4650 4744 4649
f 4649 4744 4743
f 4649 4743 4648
f 4648 4743 4647
f 4647 4743 4742
f 4647 4742 4646
f 4646 4742 4645
f 4645 4742 4741
f 4645 4741 4644
f 4644 4741 4643
f 4643 4741 4740
f 4643 4740 4642
f 4642 4740 4700
f 4642 4700 4641
f 4641 4700 4701
f 4641 4701 4640
f 4640 4701 4639
f 4639 4701 4702
f 4639 4702 4638
f 4638 4702 4637
f 4637 4702 4703
f 4637 4703 4636
f 4636 4703 4650
f 4700 4740 4699
f 4699 4740 4739
f 4699 4739 4698
f 4698 4739 4738
f 4698 4738 4697
f 4697 4738 4737
f 4697 4737 4696
f 4696 4737 4736
f 4696 4736 4695
f 4695 4736 4735
f 4695 4735 4734
f 4695 4734 4694
f 4694 4734 4733
f 4694 4733 4693
f 4731 4586 4732
f 4732 4586 4587
f 4732 4587 4588
f 4549 4550 4723
f 4723 4550 4722
f 4722 4550 4551
f 4722 4551 4552
f 4722 4552 4721
f 4721 4552 4553
f 4721 4553 4554
f 4721 4554 4720
f 4720 4554 4555
f 4720 4555 4556
f 4654 4566 4653
f 4653 4566 4567
f 4653 4567 4568
f 4653 4568 4652
f 4652 4568 4569
f 4652 4569 4570
f 4570 4571 4652
f 4652 4571 4651
f 4651 4571 4572
f 4651 4572 4573
f 4585 4586 4731
f 4719 4720 4556
f 4819 4820 4821
f 4821 4820 4822
f 4823 4824 4825
f 4825 4824 4826
f 4825 4826 4827
f 4827 4826 4828
f 4827 4828 4829
f 4830 4831 4823
f 4823 4831 4832
f 4823 4832 4824
f 4824 4832 4833
f 4824 4833 4834
f 4835 4836 4830
f 4830 4836 4831
f 4837 4838 4832
f 4832 4838 4839
f 4832 4839 4833
f 4833 4839 4840
f 4840 4839 4841
f 4834 4842 4824
f 4820 4843 4822
f 4822 4843 4844
f 4822 4844 4845
f 4845 4844 4846
f 4845 4846 4847
f 4847 4848 4845
f 4845 4848 4849
f 4849 4848 4850
f 4849 4850 4851
f 4851 4850 4852
f 4847 4853 4848
f 4848 4853 4850
f 4850 4853 4852
f 4852 4853 4854
f 4854 4853 4855
f 4854 4855 4856
f 4857 4858 4853
f 4853 4858 4859
f 4853 4859 4860
f 4860 4855 4853
f 4856 4861 4854
f 4854 4861 4862
f 4854 4862 4863
f 4830 4864 4865
f 4865 4864 4866
f 4865 4866 4867
f 4823 4868 4830
f 4830 4868 4869
f 4830 4869 4870
f 4871 4872 4823
f 4823 4872 4873
f 4823 4873 4874
f 4874 4875 4823
f 4823 4875 4868
f 4870 4876 4830
f 4830 4876 4864
f 4867 4877 4865
f 4865 4877 4878
f 4865 4878 4879
f 4880 4881 4879
f 4879 4881 4882
f 4879 4882 4865
f 4865 4882 4883
f 4865 4883 4884
f 4880 4885 4881
f 4881 4885 4886
f 4881 4886 4887
f 4887 4888 4881
f 4889 4890 4827
f 4827 4890 4891
f 4827 4891 4892
f 4892 4893 4827
f 4827 4893 4894
f 4827 4894 4825
f 4893 4895 4894
f 4894 4895 4896
f 4894 4896 4897
f 4897 4898 4894
f 4899 4900 4901
f 4901 4900 4902
f 4902 4900 4903
f 4902 4903 4904
f 4904 4903 4905
f 4904 4905 4906
f 4906 4905 4907
f 4906 4907 4908
f 4906 4908 4909
f 4909 4908 4910
f 4909 4910 4911
f 4911 4910 4912
f 4913 4914 4915
f 4915 4914 4916
f 4916 4914 4917
f 4916 4917 4918
f 4918 4917 4919
f 4918 4919 4920
f 4920 4919 4921
f 4920 4921 4922
f 4920 4922 4923
f 4923 4922 4924
f 4923 4924 4925
f 4925 4924 4926
f 4927 4928 4929
f 4929 4928 4930
f 4930 4928 4931
f 4930 4931 4932
f 4932 4931 4933
f 4932 4933 4934
f 4934 4933 4935
f 4934 4935 4936
f 4934 4936 4937
f 4937 4936 4938
f 4937 4938 4939
f 4939 4938 4940
f 4941 4942 4943
f 4943 4942 4944
f 4944 4942 4945
f 4944 4945 4946
f 4946 4945 4947
f 4946 4947 4948
f 4948 4947 4949
f 4948 4949 4950
f 4948 4950 4951
f 4951 4950 4952
f 4951 4952 4953
f 4953 4952 4954
f 4955 4956 4957
f 4957 4956 4958
f 4957 4958 4959
f 4959 4958 4960
f 4959 4960 4961
f 4961 4960 4962
f 4961 4962 4963
f 4963 4962 4964
f 4963 4964 4965
f 4965 4964 4966
f 4965 4966 4967
f 4967 4966 4968
f 4967 4968 4969
f 4970 4971 4972
f 4972 4971 4973
f 4973 4971 4974
f 4973 4974 4975
f 4975 4974 4976
f 4975 4976 4977
f 4977 4976 4978
f 4977 4978 4979
f 4977 4979 4980
f 4980 4979 4981
f 4980 4981 4982
f 4982 4981 4983
f 4984 4985 4986
f 4986 4985 4987
f 4987 4985 4988
f 4987 4988 4989
f 4989 4988 4990
f 4989 4990 4991
f 4991 4990 4992
f 4991 4992 4993
f 4991 4993 4994
f 4994 4993 4995
f 4994 4995 4996
f 4996 4995 4997
f 4998 4999 5000
f 5000 4999 5001
f 5002 5003 5004
f 5004 5003 5005
f 5004 5005 5006
f 5006 5007 5004
f 5004 5007 5008
f 5004 5008 5009
f 5010 5011 5007
f 5007 5011 5012
f 5007 5012 5013
f 5014 5015 5010
f 5010 5015 5016
f 5010 5016 5017
f 5014 5018 5015
f 5015 5018 5019
f 5015 5019 5020
f 5021 5022 5015
f 5015 5022 5023
f 5015 5023 5024
f 5025 5026 5021
f 5021 5026 5027
f 5021 5027 5028
f 5028 5029 5021
f 5021 5029 5030
f 5021 5030 5031
f 5032 5033 5029
f 5029 5033 5034
f 5029 5034 5035
f 5036 5037 5032
f 5032 5037 5038
f 5032 5038 5039
f 5036 5040 5037
f 5037 5040 5041
f 5037 5041 5042
f 5004 5043 5037
f 5037 5043 5044
f 5037 5044 5045
f 5024 5016 5015
f 5017 5046 5010
f 5010 5046 5047
f 5010 5047 5048
f 5048 5049 5010
f 5010 5049 5050
f 5010 5050 5011
f 5013 5051 5007
f 5007 5051 5052
f 5007 5052 5053
f 5053 5054 5007
f 5007 5054 5008
f 5009 5055 5004
f 5004 5055 5043
f 5045 5056 5037
f 5037 5056 5038
f 5039 5057 5032
f 5032 5057 5058
f 5032 5058 5033
f 5035 5059 5029
f 5029 5059 5030
f 5031 5060 5021
f 5021 5060 5061
f 5021 5061 5022
f 4840 5007 5062
f 5062 5007 5006
f 5062 5006 5063
f 5063 5006 5005
f 5063 5005 5064
f 5064 5005 5003
f 5064 5003 5065
f 5065 5003 5002
f 5065 5002 5066
f 5066 5002 5004
f 5066 5004 5067
f 5010 5007 4841
f 4841 5007 4840
f 5068 5015 5069
f 5069 5015 5020
f 5069 5020 5070
f 5070 5020 5019
f 5070 5019 5071
f 5071 5019 5018
f 5071 5018 5072
f 5072 5018 5014
f 5072 5014 5073
f 5073 5014 5010
f 5073 5010 4841
f 5021 5015 5074
f 5074 5015 5068
f 5075 5029 5076
f 5076 5029 5028
f 5076 5028 5077
f 5077 5028 5027
f 5077 5027 5078
f 5078 5027 5026
f 5078 5026 5079
f 5079 5026 5025
f 5079 5025 5080
f 5080 5025 5021
f 5080 5021 5074
f 5032 5029 5081
f 5081 5029 5075
f 5082 5037 5083
f 5083 5037 5042
f 5083 5042 5084
f 5084 5042 5041
f 5084 5041 5085
f 5085 5041 5040
f 5085 5040 5086
f 5086 5040 5036
f 5086 5036 5087
f 5087 5036 5032
f 5087 5032 5081
f 5004 5037 5067
f 5067 5037 5082
f 5067 5082 5088
f 5088 5082 5089
f 5090 5091 5092
f 5092 5091 5093
f 5092 5093 5094
f 5094 5093 5095
f 5094 5095 5096
f 5093 5097 5095
f 5095 5097 5098
f 5095 5098 5099
f 5099 5100 5095
f 5096 5101 5094
f 5092 5102 5090
f 5090 5102 5103
f 5103 5102 5104
f 5104 5102 5105
f 5105 5102 5106
f 5105 5106 5107
f 5107 5106 5108
f 5107 5108 5109
f 5109 5108 5110
f 5111 5112 5106
f 5106 5112 5108
f 5113 5114 5109
f 5109 5114 5115
f 5109 5115 5116
f 5117 5118 5116
f 5116 5118 5119
f 5116 5119 5109
f 5109 5119 5120
f 5109 5120 5107
f 5107 5120 5121
f 5107 5121 5122
f 5122 5121 5123
f 5122 5123 5124
f 5124 5123 5125
f 5125 5123 5126
f 5124 5127 5122
f 5128 5129 5107
f 5107 5129 5105
f 5130 4851 4854
f 4854 4851 4852
f 5131 5132 4855
f 4855 5132 4856
f 4856 5132 5133
f 4856 5133 4861
f 4861 5133 4862
f 4862 5133 5134
f 4862 5134 4863
f 4863 5134 5135
f 4863 5135 4854
f 4854 5135 5130
f 4855 4860 5131
f 5131 4860 5136
f 5131 5136 5137
f 5137 5136 5138
f 5137 5138 5139
f 5139 5138 5140
f 5139 5140 5141
f 5141 5140 5142
f 5143 5130 5144
f 5144 5130 5135
f 5144 5135 5145
f 5145 5135 5134
f 5145 5134 5146
f 5146 5134 5133
f 5146 5133 5147
f 5147 5133 5132
f 5147 5132 5148
f 5148 5132 5131
f 5148 5131 5137
f 5137 5139 5148
f 5148 5139 5149
f 5148 5149 5147
f 5147 5149 5150
f 5147 5150 5146
f 5146 5150 5151
f 5146 5151 5145
f 5145 5151 5152
f 5145 5152 5153
f 5153 5152 5154
f 5153 5154 5155
f 5155 5154 5156
f 5141 5157 5139
f 5139 5157 5149
f 5149 5157 5150
f 5150 5157 5158
f 5150 5158 5151
f 5151 5158 5159
f 5151 5159 5152
f 5152 5159 5160
f 5152 5160 5154
f 5153 5155 5144
f 5144 5155 5143
f 5145 5153 5144
f 5130 5143 4851
f 4851 5143 5161
f 5161 5143 5155
f 5161 5155 5162
f 5162 5155 5156
f 5162 5156 5163
f 5164 4822 5165
f 5165 4822 4845
f 5165 4845 4849
f 5165 4849 5166
f 5166 4849 4851
f 5166 4851 5161
f 5166 5161 5167
f 5167 5161 5162
f 5167 5162 5163
f 5167 5163 5168
f 5168 5163 5169
f 5168 5169 5164
f 5168 5164 5165
f 5168 5165 5166
f 5167 5168 5166
f 4822 5170 4821
f 4821 5170 5171
f 4821 5171 5172
f 5172 5171 5173
f 5173 5171 5174
f 5173 5174 5175
f 5175 5174 5176
f 5175 5176 5177
f 5177 5176 5178
f 5177 5178 5179
f 5179 5178 4822
f 5179 4822 5164
f 5179 5164 5180
f 5180 5164 5169
f 5180 5169 5163
f 5180 5163 5177
f 5177 5163 5175
f 5170 4822 5178
f 5177 5179 5180
f 5174 5171 5170
f 5174 5170 5176
f 5176 5170 5178
f 5181 5182 5183
f 5183 5182 5184
f 5183 5184 5185
f 5183 5185 5186
f 5186 5185 4821
f 5186 4821 5172
f 5186 5172 5187
f 5187 5172 5173
f 5187 5173 5175
f 5187 5175 5188
f 5188 5175 5189
f 5188 5189 5181
f 5188 5181 5183
f 5188 5183 5186
f 5187 5188 5186
f 4889 5190 5185
f 5185 5190 5191
f 5185 5191 4821
f 4821 5191 5192
f 4821 5192 4819
f 4889 5185 4890
f 4890 5185 5184
f 4890 5184 4891
f 4891 5184 5182
f 4891 5182 4892
f 5193 4893 5182
f 5182 4893 4892
f 5193 5182 5194
f 5194 5182 5181
f 5194 5181 5195
f 5195 5181 5189
f 5195 5189 5196
f 5196 5189 5175
f 5197 5198 5199
f 5199 5198 5200
f 5199 5200 5201
f 5201 5200 5202
f 5201 5202 5203
f 5203 5202 5193
f 5203 5193 5194
f 5194 5195 5203
f 5203 5195 5204
f 5203 5204 5201
f 5201 5204 5205
f 5201 5205 5199
f 5199 5205 5206
f 5199 5206 5207
f 5207 5206 5208
f 5208 5206 5209
f 5209 5206 5210
f 5210 5206 5205
f 5210 5205 5211
f 5211 5205 5204
f 5211 5204 5195
f 5195 5196 5211
f 5207 5197 5199
f 5212 4897 5198
f 5198 4897 4896
f 5198 4896 5200
f 5200 4896 4895
f 5200 4895 5202
f 5202 4895 4893
f 5202 4893 5193
f 4897 5212 4898
f 4898 5212 5213
f 4898 5213 5214
f 5215 4894 5214
f 5214 4894 4898
f 5216 5215 5217
f 5217 5215 5214
f 5217 5214 5218
f 5218 5214 5213
f 5218 5213 5219
f 5219 5213 5220
f 5219 5220 5221
f 5221 5220 5222
f 5221 5222 5223
f 5223 5222 5224
f 5223 5224 5225
f 5225 5224 5226
f 5226 5224 5227
f 5226 5227 5228
f 5228 5227 5229
f 5228 5229 5230
f 5230 5229 5231
f 5230 5231 5232
f 5232 5231 5198
f 5232 5198 5233
f 5233 5198 5197
f 5233 5197 5234
f 5234 5197 5207
f 5234 5207 5235
f 5235 5207 5208
f 5235 5208 5226
f 5213 5212 5220
f 5220 5212 5236
f 5220 5236 5222
f 5222 5236 5237
f 5222 5237 5224
f 5224 5237 5227
f 5198 5231 5212
f 5212 5231 5238
f 5212 5238 5236
f 5236 5238 5237
f 5239 5240 5225
f 5225 5240 5241
f 5225 5241 5223
f 5223 5241 5221
f 5242 5243 5239
f 5239 5243 5244
f 5239 5244 5240
f 5240 5244 5245
f 5240 5245 5246
f 5246 5245 5218
f 5246 5218 5219
f 5242 5247 5243
f 5243 5247 5248
f 5243 5248 5244
f 5244 5248 5245
f 5247 5216 5248
f 5248 5216 5217
f 5248 5217 5245
f 5245 5217 5218
f 5235 5226 5228
f 5246 5219 5221
f 5240 5246 5241
f 5241 5246 5221
f 5237 5238 5229
f 5229 5238 5231
f 5229 5227 5237
f 5232 5233 5234
f 5228 5230 5235
f 5235 5230 5234
f 5230 5232 5234
f 5249 5250 5251
f 5251 5250 5252
f 5251 5252 5253
f 5253 5252 5254
f 5254 5252 5255
f 5254 5255 5256
f 5256 5255 5257
f 5257 5255 5258
f 5258 5255 5259
f 5258 5259 5260
f 5260 5259 5247
f 5260 5247 5242
f 5250 5261 5252
f 5252 5261 5262
f 5252 5262 5255
f 5255 5262 5259
f 5261 5215 5262
f 5262 5215 5216
f 5262 5216 5259
f 5259 5216 5247
f 5263 5251 5264
f 5264 5251 5253
f 5264 5253 5254
f 5264 5254 5265
f 5265 5254 5256
f 5265 5256 5266
f 5266 5256 5257
f 5266 5257 5267
f 5068 5069 5268
f 5268 5069 5269
f 5269 5069 5070
f 5269 5070 5270
f 5270 5070 5071
f 5270 5071 5271
f 5271 5071 5072
f 5271 5072 5272
f 5272 5072 5273
f 5273 5072 5073
f 5273 5073 4839
f 4839 5073 4841
f 5274 5275 4864
f 4864 5275 4866
f 5074 5068 5276
f 5276 5068 5268
f 5277 5278 5279
f 5279 5278 5280
f 5279 5280 5281
f 5281 5280 5282
f 5281 5282 5283
f 5278 5284 5280
f 5280 5284 5285
f 5283 5286 5281
f 5281 5286 5287
f 5287 5286 5288
f 5287 5288 5289
f 5289 5288 5290
f 5289 5290 5291
f 5292 5293 5286
f 5286 5293 5288
f 5291 5294 5289
f 5289 5294 5295
f 5289 5295 5296
f 5296 5295 5297
f 5296 5297 5281
f 5281 5297 5298
f 5281 5298 5279
f 5295 5299 5297
f 5298 5297 5300
f 5300 5297 5301
f 5300 5301 5302
f 5298 5300 5303
f 5303 5300 5304
f 5303 5304 5305
f 5305 5304 5306
f 5306 5304 5307
f 5306 5307 5308
f 5308 5307 5309
f 5309 5307 5310
f 5310 5307 5311
f 5310 5311 5312
f 5312 5311 5313
f 5313 5311 5314
f 5315 5316 5312
f 5312 5316 5317
f 5312 5317 5318
f 5318 5310 5312
f 5319 5320 5303
f 5303 5320 5298
f 5321 5322 4869
f 4869 5322 4870
f 4870 5322 5323
f 4870 5323 4876
f 4876 5323 4864
f 4864 5323 5274
f 4869 4868 5321
f 5321 4868 5324
f 5324 5325 5321
f 5321 5325 5326
f 5326 5325 5327
f 5326 5327 5328
f 5328 5327 5329
f 5328 5329 5330
f 5331 5274 5332
f 5332 5274 5323
f 5332 5323 5322
f 5332 5322 5333
f 5333 5322 5321
f 5333 5321 5326
f 5333 5326 5334
f 5334 5326 5328
f 5334 5328 5330
f 5334 5330 5335
f 5335 5330 5336
f 5335 5336 5331
f 5335 5331 5332
f 5335 5332 5333
f 5334 5335 5333
f 5274 5337 5275
f 5275 5337 5338
f 5275 5338 5339
f 5339 5338 5340
f 5340 5338 5341
f 5340 5341 5342
f 5342 5341 5343
f 5342 5343 5344
f 5344 5343 5345
f 5344 5345 5346
f 5346 5345 5274
f 5346 5274 5331
f 5346 5331 5347
f 5347 5331 5336
f 5347 5336 5330
f 5347 5330 5344
f 5344 5330 5342
f 5337 5274 5345
f 5344 5346 5347
f 5341 5338 5337
f 5341 5337 5343
f 5343 5337 5345
f 5348 5349 5350
f 5350 5349 5351
f 5350 5351 5352
f 5350 5352 5353
f 5353 5352 5275
f 5353 5275 5339
f 5353 5339 5354
f 5354 5339 5340
f 5354 5340 5342
f 5354 5342 5355
f 5355 5342 5356
f 5355 5356 5348
f 5355 5348 5350
f 5355 5350 5353
f 5354 5355 5353
f 5349 4878 5351
f 5351 4878 4877
f 5351 4877 5352
f 5352 4877 4867
f 5352 4867 4866
f 4866 5275 5352
f 4879 4878 5357
f 5357 4878 5349
f 5357 5358 4879
f 4879 5358 4880
f 4880 5358 5359
f 4880 5359 4885
f 4885 5359 4886
f 4886 5359 5360
f 4886 5360 4887
f 4887 5360 5361
f 4887 5361 4888
f 4888 5361 5362
f 5363 5364 4997
f 4997 5364 5365
f 4997 5365 4996
f 4996 5365 5366
f 4996 5366 4994
f 4994 5366 5367
f 4994 5367 4991
f 4991 5367 5368
f 4991 5368 4989
f 4989 5368 5369
f 4989 5369 4987
f 4987 5369 5370
f 4987 5370 4986
f 4986 5370 5371
f 4986 5371 4984
f 4984 5371 5372
f 4984 5372 5373
f 5373 5372 5374
f 5373 5374 5375
f 5375 5374 5376
f 5375 5376 5377
f 5377 5376 5378
f 5377 5378 5379
f 5379 5378 5380
f 5379 5380 5381
f 5381 5380 5382
f 5381 5382 5363
f 5363 5382 5364
f 5383 5371 5384
f 5384 5371 5370
f 5384 5370 5369
f 5385 5376 5383
f 5383 5376 5374
f 5383 5374 5372
f 5386 5380 5385
f 5385 5380 5378
f 5385 5378 5376
f 5387 5365 5386
f 5386 5365 5364
f 5386 5364 5382
f 5384 5368 5387
f 5387 5368 5367
f 5387 5367 5366
f 5372 5371 5383
f 5369 5368 5384
f 5366 5365 5387
f 5382 5380 5386
f 5388 5389 5390
f 5390 5389 5391
f 5390 5391 5392
f 5393 5394 5388
f 5388 5394 5395
f 5388 5395 5396
f 5397 5398 5393
f 5393 5398 5399
f 5393 5399 5394
f 5400 5401 5397
f 5397 5401 5402
f 5397 5402 5403
f 5390 5404 5400
f 5400 5404 5405
f 5400 5405 5406
f 5396 5389 5388
f 5392 5404 5390
f 5406 5401 5400
f 5403 5398 5397
f 5407 5408 5409
f 5409 5408 5410
f 5409 5410 5411
f 5412 5413 5407
f 5407 5413 5414
f 5407 5414 5408
f 5415 5416 5412
f 5412 5416 5417
f 5412 5417 5418
f 5419 5420 5415
f 5415 5420 5421
f 5415 5421 5416
f 5409 5422 5419
f 5419 5422 5423
f 5419 5423 5424
f 5411 5425 5409
f 5409 5425 5422
f 5424 5420 5419
f 5418 5413 5412
f 5426 5427 5428
f 5428 5427 5429
f 5428 5429 5430
f 5431 5432 5426
f 5426 5432 5433
f 5426 5433 5434
f 5435 5436 5431
f 5431 5436 5437
f 5431 5437 5432
f 5438 5439 5435
f 5435 5439 5440
f 5435 5440 5441
f 5428 5442 5438
f 5438 5442 5443
f 5438 5443 5444
f 5444 5439 5438
f 5441 5436 5435
f 5434 5427 5426
f 5430 5442 5428
f 5445 5446 5447
f 5447 5446 5448
f 5447 5448 5449
f 5450 5451 5445
f 5445 5451 5452
f 5445 5452 5453
f 5454 5455 5450
f 5450 5455 5456
f 5450 5456 5451
f 5457 5458 5454
f 5454 5458 5459
f 5454 5459 5460
f 5447 5461 5457
f 5457 5461 5462
f 5457 5462 5463
f 5463 5458 5457
f 5460 5455 5454
f 5453 5446 5445
f 5449 5461 5447
f 5464 5465 5466
f 5466 5465 5467
f 5466 5467 5468
f 5469 5470 5464
f 5464 5470 5471
f 5464 5471 5465
f 5472 5473 5469
f 5469 5473 5474
f 5469 5474 5475
f 5476 5477 5472
f 5472 5477 5478
f 5472 5478 5473
f 5466 5479 5476
f 5476 5479 5480
f 5476 5480 5481
f 5468 5482 5466
f 5466 5482 5479
f 5481 5477 5476
f 5475 5470 5469
f 5483 5484 5485
f 5485 5484 5486
f 5485 5486 5487
f 5488 5489 5483
f 5483 5489 5490
f 5483 5490 5491
f 5492 5493 5488
f 5488 5493 5494
f 5488 5494 5489
f 5495 5496 5492
f 5492 5496 5497
f 5492 5497 5498
f 5485 5499 5495
f 5495 5499 5500
f 5495 5500 5501
f 5491 5484 5483
f 5487 5499 5485
f 5501 5496 5495
f 5498 5493 5492
f 5502 5503 5504
f 5504 5503 5505
f 5504 5505 5506
f 5507 5508 5502
f 5502 5508 5509
f 5502 5509 5510
f 5511 5512 5507
f 5507 5512 5513
f 5507 5513 5508
f 5514 5515 5511
f 5511 5515 5516
f 5511 5516 5517
f 5504 5518 5514
f 5514 5518 5519
f 5514 5519 5520
f 5520 5515 5514
f 5517 5512 5511
f 5510 5503 5502
f 5506 5518 5504
f 5521 5402 4940
f 4940 5402 5401
f 4940 5401 4939
f 4939 5401 5406
f 4939 5406 4937
f 4937 5406 5405
f 4937 5405 4934
f 4934 5405 5404
f 4934 5404 4932
f 4932 5404 5392
f 4932 5392 4930
f 4930 5392 5391
f 4930 5391 4929
f 4929 5391 5389
f 4929 5389 4927
f 4927 5389 5396
f 4927 5396 5522
f 5522 5396 5395
f 5522 5395 5523
f 5523 5395 5394
f 5523 5394 5524
f 5524 5394 5399
f 5524 5399 5525
f 5525 5399 5398
f 5525 5398 5526
f 5526 5398 5403
f 5526 5403 5521
f 5521 5403 5402
f 5527 5427 4954
f 4954 5427 5434
f 4954 5434 4953
f 4953 5434 5433
f 4953 5433 4951
f 4951 5433 5432
f 4951 5432 4948
f 4948 5432 5437
f 4948 5437 4946
f 4946 5437 5436
f 4946 5436 4944
f 4944 5436 5441
f 4944 5441 4943
f 4943 5441 5440
f 4943 5440 4941
f 4941 5440 5439
f 4941 5439 5528
f 5528 5439 5444
f 5528 5444 5529
f 5529 5444 5443
f 5529 5443 5530
f 5530 5443 5442
f 5530 5442 5531
f 5531 5442 5430
f 5531 5430 5532
f 5532 5430 5429
f 5532 5429 5527
f 5527 5429 5427
f 5533 5446 4912
f 4912 5446 5453
f 4912 5453 4911
f 4911 5453 5452
f 4911 5452 4909
f 4909 5452 5451
f 4909 5451 4906
f 4906 5451 5456
f 4906 5456 4904
f 4904 5456 5455
f 4904 5455 4902
f 4902 5455 5460
f 4902 5460 4901
f 4901 5460 5459
f 4901 5459 4899
f 4899 5459 5458
f 4899 5458 5534
f 5534 5458 5463
f 5534 5463 5535
f 5535 5463 5462
f 5535 5462 5536
f 5536 5462 5461
f 5536 5461 5537
f 5537 5461 5449
f 5537 5449 5538
f 5538 5449 5448
f 5538 5448 5533
f 5533 5448 5446
f 5539 5475 4969
f 4969 5475 5474
f 4969 5474 4967
f 4967 5474 5473
f 4967 5473 4965
f 4965 5473 5478
f 4965 5478 4963
f 4963 5478 5477
f 4963 5477 4961
f 4961 5477 5481
f 4961 5481 4959
f 4959 5481 5480
f 4959 5480 4957
f 4957 5480 5479
f 4957 5479 4955
f 4955 5479 5482
f 4955 5482 5540
f 5540 5482 5468
f 5540 5468 5541
f 5541 5468 5467
f 5541 5467 5542
f 5542 5467 5465
f 5542 5465 5543
f 5543 5465 5544
f 5544 5465 5471
f 5544 5471 5545
f 5545 5471 5470
f 5545 5470 5539
f 5539 5470 5475
f 5546 5547 5384
f 5384 5547 5383
f 5546 5548 5547
f 5547 5548 5286
f 5547 5286 5283
f 5282 5280 5549
f 5549 5280 5550
f 5549 5550 5551
f 5290 5288 5552
f 5552 5288 5553
f 5552 5553 5554
f 5555 5556 5557
f 5557 5556 5558
f 5557 5558 5559
f 5560 5561 5562
f 5562 5561 5123
f 5562 5123 5121
f 5120 5119 5563
f 5563 5119 5564
f 5563 5564 5565
f 5566 5567 5568
f 5568 5567 5116
f 5568 5116 5115
f 5569 5570 5571
f 5571 5570 5572
f 5571 5572 5573
f 5574 5575 5576
f 5576 5575 5577
f 5577 5575 5578
f 5578 5575 5100
f 5578 5100 5099
f 5316 5315 5579
f 5579 5315 5580
f 5579 5580 5581
f 5581 5580 5582
f 5582 5580 5583
f 5114 5113 5584
f 5584 5113 5585
f 5584 5585 5586
f 5587 5588 5586
f 5586 5588 5589
f 5586 5589 5584
f 5590 5591 5592
f 5592 5591 5294
f 5592 5294 5291
f 5592 5593 5590
f 5590 5593 5594
f 5590 5594 5595
f 5317 5596 5318
f 5318 5596 5597
f 5318 5597 5598
f 5598 5597 5599
f 5599 5597 5600
f 5599 5600 5601
f 5601 5600 5602
f 5602 5600 5603
f 5603 5600 5604
f 5605 5606 5596
f 5596 5606 5597
f 5597 5607 5600
f 5600 5607 5608
f 5609 5610 5611
f 5611 5610 5612
f 5612 5610 5613
f 5613 5610 5614
f 5614 5610 5615
f 5614 5615 5616
f 5616 5615 5097
f 5097 5615 5617
f 5097 5617 5098
f 5618 5619 5610
f 5610 5619 5615
f 5615 5620 5617
f 5617 5620 5621
f 5547 5283 5383
f 5383 5283 5385
f 5385 5283 5622
f 5549 5386 5282
f 5282 5386 5385
f 5282 5385 5622
f 5317 5316 5623
f 5291 5290 5624
f 5559 5604 5625
f 5609 5569 5626
f 5099 5098 5627
f 5115 5114 5628
f 5622 5283 5282
f 5629 5121 5120
f 5596 5317 5483
f 5483 5317 5488
f 5488 5317 5623
f 5605 5596 5485
f 5485 5596 5483
f 5546 5384 5548
f 5548 5384 5630
f 5630 5384 5387
f 5630 5387 5631
f 5631 5387 5550
f 5550 5387 5551
f 5632 5633 5631
f 5631 5633 5630
f 5634 5635 5633
f 5633 5635 5636
f 5633 5636 5630
f 5637 5638 5634
f 5634 5638 5639
f 5634 5639 5635
f 5606 5485 5638
f 5638 5485 5495
f 5638 5495 5639
f 5639 5495 5582
f 5582 5495 5581
f 5606 5605 5485
f 5594 5390 5635
f 5635 5390 5400
f 5635 5400 5636
f 5636 5400 5553
f 5553 5400 5554
f 5594 5593 5390
f 5286 5548 5292
f 5292 5548 5630
f 5640 5118 5641
f 5641 5118 5117
f 5642 5643 5644
f 5644 5643 5645
f 5646 5647 5648
f 5648 5647 5649
f 5648 5649 5650
f 5292 5630 5293
f 5293 5630 5636
f 5638 5637 5651
f 5651 5637 5652
f 5651 5652 5653
f 5654 5655 5656
f 5656 5655 5657
f 5658 5635 5659
f 5659 5635 5639
f 5126 5660 5125
f 5125 5660 4828
f 5125 4828 5661
f 5661 4828 5662
f 5662 4828 5663
f 5663 4828 5664
f 5664 4828 4826
f 5126 5665 5660
f 4831 4836 5666
f 5666 4836 5667
f 5667 4836 5668
f 5668 4836 5669
f 5669 4836 5284
f 5284 4836 5632
f 5284 5632 5285
f 5285 5632 5631
f 5118 5640 5119
f 5119 5640 5564
f 5560 5428 5561
f 5561 5428 5665
f 5665 5428 5438
f 5665 5438 5640
f 5640 5438 5564
f 5564 5438 5565
f 5665 5640 5670
f 5670 5640 5641
f 5670 5641 5657
f 5657 5641 5457
f 5657 5457 5588
f 5588 5457 5589
f 5457 5641 5447
f 5447 5641 5567
f 5447 5567 5566
f 5670 5657 5671
f 5671 5657 5655
f 5671 5655 5650
f 5650 5655 5514
f 5650 5514 5620
f 5620 5514 5621
f 5514 5655 5504
f 5504 5655 5576
f 5504 5576 5577
f 5650 5649 5671
f 5670 5660 5665
f 5123 5561 5126
f 5126 5561 5665
f 4828 5660 4829
f 4829 5660 5670
f 5649 5647 5671
f 5671 5647 5672
f 5618 5466 5619
f 5619 5466 5646
f 5646 5466 5476
f 5646 5476 5644
f 5644 5476 5572
f 5572 5476 5573
f 5646 5644 5672
f 5672 5644 5645
f 5672 5645 5673
f 5673 5645 5653
f 5673 5653 5652
f 5556 5409 5645
f 5645 5409 5419
f 5645 5419 5653
f 5653 5419 5607
f 5607 5419 5608
f 5556 5555 5409
f 5672 5647 5646
f 5646 5648 5619
f 5619 5648 5615
f 5648 5650 5615
f 5615 5650 5620
f 5652 5637 5673
f 5673 5637 5634
f 5651 5653 5597
f 5597 5653 5607
f 5597 5606 5651
f 5651 5606 5638
f 5600 5608 5415
f 5415 5608 5419
f 5600 5415 5604
f 5604 5415 5412
f 5604 5412 5625
f 5557 5559 5407
f 5407 5559 5412
f 5412 5559 5625
f 5555 5557 5409
f 5409 5557 5407
f 5558 5556 5643
f 5643 5556 5645
f 5081 5075 5674
f 5674 5075 5675
f 5676 5677 5678
f 5678 5677 5679
f 5678 5679 5570
f 5570 5679 5558
f 5570 5558 5642
f 5642 5558 5643
f 5558 5679 5559
f 5559 5679 5680
f 5559 5680 5604
f 5604 5680 5603
f 5570 5569 5678
f 5678 5569 5681
f 5681 5569 5609
f 5681 5609 5611
f 5682 5683 4881
f 4881 5683 4882
f 4882 5683 5684
f 4882 5684 4883
f 4883 5684 4999
f 4883 4999 4884
f 5684 5001 4999
f 5362 5682 4888
f 4888 5682 4881
f 5362 5685 5682
f 5682 5685 5686
f 5686 5685 5687
f 5686 5687 5688
f 5688 5687 5689
f 5688 5689 5690
f 5691 5001 5692
f 5692 5001 5684
f 5692 5684 5683
f 5692 5683 5693
f 5693 5683 5682
f 5693 5682 5686
f 5693 5686 5694
f 5694 5686 5688
f 5694 5688 5690
f 5694 5690 5695
f 5695 5690 5696
f 5695 5696 5691
f 5695 5691 5692
f 5695 5692 5693
f 5694 5695 5693
f 5697 5000 5698
f 5698 5000 5001
f 5698 5001 5691
f 5698 5691 5699
f 5699 5691 5696
f 5699 5696 5690
f 5690 5142 5699
f 5699 5142 5700
f 5699 5700 5698
f 5698 5700 5697
f 5138 5136 5701
f 5701 5136 5702
f 5701 5702 5703
f 5701 5703 5704
f 5704 5703 5000
f 5704 5000 5697
f 5704 5697 5705
f 5705 5697 5700
f 5705 5700 5142
f 5705 5142 5706
f 5706 5142 5140
f 5706 5140 5138
f 5706 5138 5701
f 5706 5701 5704
f 5705 5706 5704
f 5136 4860 5702
f 5702 4860 4859
f 5702 4859 5703
f 5703 4859 4858
f 5703 4858 4998
f 4998 4858 4857
f 4998 5000 5703
f 5209 5707 5208
f 5208 5707 5708
f 5208 5708 5709
f 5209 5210 5707
f 5707 5210 5710
f 5710 5210 5211
f 5710 5211 5196
f 5710 5196 5711
f 5711 5196 5175
f 5711 5175 5712
f 5712 5175 5163
f 5712 5163 5713
f 5713 5163 5714
f 5714 5163 5156
f 5714 5156 5154
f 5714 5154 5715
f 5715 5154 5160
f 5715 5160 5716
f 5716 5160 5159
f 5716 5159 5717
f 5717 5159 5158
f 5717 5158 5718
f 5718 5158 5719
f 5719 5158 5157
f 5719 5157 5720
f 5720 5157 5689
f 5689 5157 5141
f 5689 5141 5690
f 5690 5141 5142
f 5720 5721 5719
f 5719 5721 5722
f 5722 5721 5723
f 5723 5721 5724
f 5723 5724 5725
f 5725 5724 5726
f 5725 5726 5727
f 5727 5726 5728
f 5727 5728 5729
f 5729 5728 5730
f 5729 5730 5342
f 5330 5731 5342
f 5342 5731 5732
f 5342 5732 5729
f 5731 5330 5733
f 5733 5330 5329
f 5733 5329 5734
f 5734 5329 5735
f 5734 5735 5736
f 5734 5736 5737
f 5737 5736 5738
f 5737 5738 5739
f 5208 5740 5739
f 5739 5740 5741
f 5739 5741 5742
f 5709 5743 5208
f 5208 5743 5744
f 5208 5744 5745
f 5745 5746 5208
f 5208 5746 5740
f 5742 5747 5739
f 5739 5747 5748
f 5739 5748 5749
f 5749 5737 5739
f 5750 5718 5751
f 5751 5718 5719
f 5751 5719 5752
f 5752 5719 5722
f 5752 5722 5753
f 5753 5722 5723
f 5753 5723 5754
f 5754 5723 5725
f 5754 5725 5755
f 5755 5725 5727
f 5755 5727 5756
f 5756 5727 5729
f 5756 5729 5757
f 5757 5729 5732
f 5757 5732 5758
f 5758 5732 5731
f 5758 5731 5759
f 5759 5731 5733
f 5759 5733 5760
f 5760 5733 5734
f 5760 5734 5761
f 5761 5734 5737
f 5761 5737 5762
f 5762 5737 5749
f 5762 5749 5763
f 5763 5749 5748
f 5763 5748 5764
f 5764 5748 5747
f 5764 5747 5765
f 5765 5747 5742
f 5765 5742 5766
f 5766 5742 5741
f 5766 5741 5767
f 5767 5741 5740
f 5767 5740 5768
f 5768 5740 5746
f 5768 5746 5769
f 5769 5746 5745
f 5769 5745 5770
f 5770 5745 5744
f 5770 5744 5771
f 5771 5744 5743
f 5771 5743 5772
f 5772 5743 5709
f 5772 5709 5773
f 5773 5709 5708
f 5773 5708 5774
f 5774 5708 5707
f 5774 5707 5775
f 5775 5707 5710
f 5775 5710 5776
f 5776 5710 5711
f 5776 5711 5777
f 5777 5711 5712
f 5777 5712 5778
f 5778 5712 5713
f 5778 5713 5779
f 5779 5713 5714
f 5779 5714 5780
f 5780 5714 5715
f 5780 5715 5781
f 5781 5715 5716
f 5781 5716 5782
f 5782 5716 5717
f 5782 5717 5750
f 5750 5717 5718
f 5750 5751 5783
f 5783 5751 5752
f 5783 5752 5784
f 5784 5752 5753
f 5784 5753 5785
f 5785 5753 5754
f 5785 5754 5786
f 5786 5754 5755
f 5786 5755 5787
f 5787 5755 5756
f 5787 5756 5757
f 5787 5757 5788
f 5788 5757 5758
f 5788 5758 5789
f 5789 5758 5759
f 5789 5759 5790
f 5790 5759 5760
f 5790 5760 5791
f 5791 5760 5761
f 5791 5761 5792
f 5792 5761 5762
f 5792 5762 5763
f 5792 5763 5793
f 5793 5763 5764
f 5793 5764 5794
f 5794 5764 5765
f 5794 5765 5795
f 5795 5765 5766
f 5795 5766 5796
f 5796 5766 5767
f 5796 5767 5768
f 5796 5768 5797
f 5797 5768 5769
f 5797 5769 5798
f 5798 5769 5770
f 5798 5770 5799
f 5799 5770 5771
f 5799 5771 5800
f 5800 5771 5772
f 5800 5772 5801
f 5801 5772 5773
f 5801 5773 5774
f 5801 5774 5802
f 5802 5774 5775
f 5802 5775 5803
f 5803 5775 5776
f 5803 5776 5804
f 5804 5776 5777
f 5804 5777 5805
f 5805 5777 5778
f 5805 5778 5806
f 5806 5778 5779
f 5806 5779 5780
f 5806 5780 5807
f 5807 5780 5781
f 5807 5781 5808
f 5808 5781 5782
f 5808 5782 5809
f 5809 5782 5750
f 5809 5750 5783
f 5810 5809 5811
f 5811 5809 5783
f 5811 5783 5812
f 5812 5783 5784
f 5812 5784 5813
f 5813 5784 5785
f 5813 5785 5814
f 5814 5785 5786
f 5814 5786 5815
f 5815 5786 5787
f 5815 5787 5816
f 5816 5787 5788
f 5816 5788 5817
f 5817 5788 5789
f 5817 5789 5818
f 5818 5789 5790
f 5818 5790 5819
f 5819 5790 5791
f 5819 5791 5820
f 5820 5791 5792
f 5820 5792 5821
f 5821 5792 5793
f 5821 5793 5822
f 5822 5793 5794
f 5822 5794 5823
f 5823 5794 5795
f 5823 5795 5824
f 5824 5795 5796
f 5824 5796 5825
f 5825 5796 5797
f 5825 5797 5826
f 5826 5797 5798
f 5826 5798 5827
f 5827 5798 5799
f 5827 5799 5828
f 5828 5799 5800
f 5828 5800 5829
f 5829 5800 5801
f 5829 5801 5830
f 5830 5801 5802
f 5830 5802 5831
f 5831 5802 5803
f 5831 5803 5832
f 5832 5803 5804
f 5832 5804 5833
f 5833 5804 5805
f 5833 5805 5834
f 5834 5805 5806
f 5834 5806 5835
f 5835 5806 5807
f 5835 5807 5836
f 5836 5807 5808
f 5836 5808 5810
f 5810 5808 5809
f 5810 5811 5837
f 5837 5811 5812
f 5837 5812 5838
f 5838 5812 5813
f 5838 5813 5839
f 5839 5813 5814
f 5839 5814 5840
f 5840 5814 5815
f 5840 5815 5841
f 5841 5815 5816
f 5841 5816 5842
f 5842 5816 5817
f 5842 5817 5843
f 5843 5817 5818
f 5843 5818 5844
f 5844 5818 5819
f 5844 5819 5845
f 5845 5819 5820
f 5845 5820 5821
f 5845 5821 5846
f 5846 5821 5822
f 5846 5822 5847
f 5847 5822 5823
f 5847 5823 5848
f 5848 5823 5824
f 5848 5824 5849
f 5849 5824 5825
f 5849 5825 5850
f 5850 5825 5826
f 5850 5826 5851
f 5851 5826 5827
f 5851 5827 5852
f 5852 5827 5828
f 5852 5828 5853
f 5853 5828 5829
f 5853 5829 5830
f 5853 5830 5854
f 5854 5830 5831
f 5854 5831 5855
f 5855 5831 5832
f 5855 5832 5856
f 5856 5832 5833
f 5856 5833 5857
f 5857 5833 5834
f 5857 5834 5858
f 5858 5834 5835
f 5858 5835 5859
f 5859 5835 5836
f 5859 5836 5860
f 5860 5836 5810
f 5860 5810 5837
f 5850 5861 5849
f 5849 5861 5862
f 5849 5862 5848
f 5848 5862 5863
f 5848 5863 5847
f 5847 5863 5864
f 5847 5864 5846
f 5846 5864 5865
f 5846 5865 5845
f 5845 5865 5866
f 5845 5866 5844
f 5844 5866 5867
f 5844 5867 5843
f 5843 5867 5868
f 5843 5868 5842
f 5842 5868 5869
f 5842 5869 5841
f 5841 5869 5870
f 5841 5870 5840
f 5840 5870 5871
f 5840 5871 5839
f 5839 5871 5872
f 5839 5872 5838
f 5838 5872 5873
f 5838 5873 5837
f 5837 5873 5874
f 5837 5874 5860
f 5860 5874 5875
f 5860 5875 5859
f 5859 5875 5876
f 5859 5876 5858
f 5858 5876 5877
f 5858 5877 5857
f 5857 5877 5878
f 5857 5878 5856
f 5856 5878 5879
f 5856 5879 5855
f 5855 5879 5880
f 5855 5880 5854
f 5854 5880 5881
f 5854 5881 5853
f 5853 5881 5882
f 5853 5882 5852
f 5852 5882 5883
f 5852 5883 5851
f 5851 5883 5884
f 5851 5884 5850
f 5850 5884 5861
f 5861 5885 5862
f 5862 5885 5886
f 5862 5886 5863
f 5863 5886 5864
f 5864 5886 5887
f 5864 5887 5865
f 5865 5887 5888
f 5865 5888 5866
f 5866 5888 5867
f 5867 5888 5889
f 5867 5889 5868
f 5868 5889 5890
f 5868 5890 5869
f 5869 5890 5870
f 5870 5890 5891
f 5870 5891 5871
f 5871 5891 5872
f 5872 5891 5892
f 5872 5892 5873
f 5873 5892 5893
f 5873 5893 5874
f 5874 5893 5875
f 5875 5893 5894
f 5875 5894 5876
f 5876 5894 5895
f 5876 5895 5877
f 5877 5895 5878
f 5878 5895 5896
f 5878 5896 5879
f 5879 5896 5880
f 5880 5896 5897
f 5880 5897 5881
f 5881 5897 5898
f 5881 5898 5882
f 5882 5898 5883
f 5883 5898 5899
f 5883 5899 5884
f 5884 5899 5885
f 5884 5885 5861
f 5900 5894 5901
f 5901 5894 5893
f 5901 5893 5902
f 5902 5893 5892
f 5902 5892 5903
f 5903 5892 5891
f 5903 5891 5904
f 5904 5891 5890
f 5904 5890 5905
f 5905 5890 5889
f 5905 5889 5906
f 5906 5889 5888
f 5906 5888 5907
f 5907 5888 5887
f 5907 5887 5908
f 5908 5887 5886
f 5908 5886 5909
f 5909 5886 5885
f 5909 5885 5910
f 5910 5885 5899
f 5910 5899 5911
f 5911 5899 5898
f 5911 5898 5912
f 5912 5898 5897
f 5912 5897 5913
f 5913 5897 5896
f 5913 5896 5914
f 5914 5896 5895
f 5914 5895 5900
f 5900 5895 5894
f 5901 5902 5900
f 5900 5902 5903
f 5900 5903 5914
f 5914 5903 5904
f 5914 5904 5913
f 5913 5904 5905
f 5913 5905 5912
f 5912 5905 5906
f 5912 5906 5911
f 5911 5906 5907
f 5911 5907 5910
f 5910 5907 5908
f 5910 5908 5909
f 5257 5258 5267
f 5267 5258 5915
f 5915 5258 5260
f 5915 5260 5916
f 5916 5260 5242
f 5916 5242 5917
f 5917 5242 5239
f 5917 5239 5918
f 5918 5239 5225
f 5918 5225 5919
f 5919 5225 5226
f 5919 5226 5920
f 5920 5226 5208
f 5920 5208 5739
f 5264 5921 5263
f 5263 5921 5922
f 5263 5922 5923
f 5264 5265 5921
f 5921 5265 5924
f 5921 5924 5925
f 5925 5924 5926
f 5925 5926 5927
f 5927 5926 5916
f 5927 5916 5917
f 5265 5266 5924
f 5924 5266 5267
f 5924 5267 5915
f 5924 5915 5926
f 5926 5915 5916
f 5927 5928 5925
f 5925 5928 5929
f 5925 5929 5921
f 5921 5929 5922
f 5928 5930 5929
f 5930 4871 5929
f 5929 4871 5922
f 5922 4871 4823
f 5922 4823 5923
f 5930 5931 4871
f 4871 5931 4872
f 4872 5931 5932
f 4872 5932 5933
f 4872 5933 4873
f 4873 5933 5934
f 4873 5934 4874
f 4874 5934 5935
f 4874 5935 4875
f 4875 5935 5936
f 4875 5936 4868
f 4868 5936 5324
f 5325 5324 5937
f 5937 5324 5936
f 5937 5936 5938
f 5938 5936 5935
f 5938 5935 5939
f 5939 5935 5934
f 5939 5934 5940
f 5940 5941 5939
f 5939 5941 5942
f 5939 5942 5938
f 5938 5942 5943
f 5938 5943 5937
f 5937 5943 5944
f 5937 5944 5327
f 5327 5944 5735
f 5327 5735 5329
f 5739 5738 5941
f 5941 5738 5942
f 5942 5738 5943
f 5943 5738 5736
f 5943 5736 5944
f 5944 5736 5735
f 5327 5325 5937
f 5940 5934 5945
f 5945 5934 5933
f 5945 5933 5946
f 5946 5933 5932
f 5946 5932 5947
f 5947 5932 5931
f 5947 5931 5948
f 5948 5931 5949
f 5948 5949 5950
f 5950 5949 5951
f 5950 5951 5952
f 5952 5951 5953
f 5952 5953 5954
f 5954 5953 5955
f 5954 5955 5917
f 5917 5955 5927
f 5927 5955 5956
f 5927 5956 5957
f 5957 5956 5958
f 5957 5958 5959
f 5959 5958 5960
f 5959 5960 5930
f 5930 5960 5931
f 5931 5960 5949
f 5959 5930 5961
f 5961 5930 5928
f 5961 5928 5957
f 5957 5928 5927
f 5954 5917 5962
f 5962 5917 5918
f 5962 5918 5963
f 5963 5918 5964
f 5963 5964 5965
f 5965 5964 5966
f 5965 5966 5967
f 5967 5966 5968
f 5967 5968 5946
f 5946 5968 5945
f 5964 5918 5969
f 5969 5918 5919
f 5969 5919 5970
f 5970 5919 5920
f 5970 5920 5971
f 5971 5920 5739
f 5971 5739 5941
f 5940 5972 5941
f 5941 5972 5973
f 5941 5973 5971
f 5971 5973 5970
f 5972 5940 5945
f 5957 5959 5961
f 5951 5949 5960
f 5945 5968 5972
f 5972 5968 5974
f 5972 5974 5973
f 5973 5974 5970
f 5969 5970 5974
f 5969 5974 5966
f 5966 5974 5968
f 5946 5947 5967
f 5967 5947 5975
f 5967 5975 5965
f 5965 5975 5976
f 5965 5976 5963
f 5963 5976 5962
f 5964 5969 5966
f 5976 5975 5950
f 5950 5975 5948
f 5948 5975 5947
f 5962 5976 5952
f 5952 5976 5950
f 5958 5956 5953
f 5953 5956 5955
f 5962 5952 5954
f 5960 5958 5951
f 5951 5958 5953
f 5357 5349 5977
f 5977 5349 5348
f 5977 5348 5978
f 5978 5348 5356
f 5978 5356 5730
f 5730 5356 5342
f 5685 5362 5979
f 5979 5362 5361
f 5979 5361 5980
f 5980 5361 5360
f 5980 5360 5981
f 5981 5360 5359
f 5981 5359 5982
f 5982 5359 5358
f 5982 5358 5983
f 5983 5358 5357
f 5983 5357 5977
f 5977 5978 5983
f 5983 5978 5984
f 5983 5984 5982
f 5982 5984 5985
f 5982 5985 5981
f 5981 5985 5986
f 5981 5986 5980
f 5980 5986 5987
f 5980 5987 5988
f 5988 5987 5720
f 5988 5720 5687
f 5687 5720 5689
f 5730 5728 5978
f 5978 5728 5984
f 5984 5728 5985
f 5985 5728 5726
f 5985 5726 5986
f 5986 5726 5724
f 5986 5724 5987
f 5987 5724 5721
f 5987 5721 5720
f 5988 5687 5979
f 5979 5687 5685
f 5980 5988 5979
f 5082 5083 5089
f 5089 5083 5989
f 5989 5083 5084
f 5989 5084 5990
f 5990 5084 5085
f 5990 5085 5991
f 5991 5085 5086
f 5991 5086 5992
f 5992 5086 5993
f 5993 5086 5087
f 5993 5087 5674
f 5674 5087 5081
f 4839 4838 5273
f 5273 4838 5272
f 5272 4838 5271
f 5271 4838 5270
f 5270 4838 5269
f 5269 4838 5268
f 5268 4838 5994
f 5268 5994 5995
f 5995 5994 5996
f 5996 5994 5997
f 5997 5994 5998
f 5998 5994 5999
f 5999 5994 6000
f 5999 6000 6001
f 6001 6000 6002
f 6001 6002 6003
f 6003 6002 6004
f 6003 6004 6005
f 6000 5994 6006
f 6006 5994 6007
f 6006 6007 6008
f 6008 6007 6009
f 6008 6009 6010
f 6010 6009 6011
f 6010 6011 6012
f 6012 6011 6013
f 6012 6013 6014
f 6015 6016 6007
f 6007 6016 6017
f 6007 6017 6018
f 6019 6020 6015
f 6015 6020 6021
f 6015 6021 6022
f 6023 6024 6019
f 6019 6024 5990
f 6019 5990 5991
f 6025 6026 6023
f 6023 6026 6027
f 6023 6027 6028
f 6028 6027 6029
f 6028 6029 6030
f 6030 6029 6031
f 6030 6031 6032
f 6032 6031 6033
f 6032 6033 6034
f 6034 6033 6035
f 6035 6033 6036
f 6035 6036 6037
f 6037 6036 6038
f 6037 6038 5089
f 5089 6038 6039
f 5089 6039 5088
f 5088 6039 6040
f 5088 6040 6041
f 4834 5088 6025
f 6025 5088 6042
f 6025 6042 6043
f 4833 6044 4834
f 4834 6044 6045
f 4834 6045 6046
f 6046 6047 4834
f 4834 6047 6048
f 4834 6048 5088
f 5989 6049 5089
f 5089 6049 6050
f 5089 6050 6051
f 6049 5989 6024
f 6024 5989 5990
f 6019 5991 6052
f 6052 5991 5992
f 6052 5992 6053
f 6053 5992 5993
f 6053 5993 6054
f 6054 5993 5674
f 6054 5674 6055
f 6055 5674 6056
f 6056 5674 6057
f 6057 5674 5675
f 6057 5675 6058
f 6058 5675 6059
f 6059 5675 6060
f 6060 5675 6061
f 6061 5675 6062
f 6061 6062 6063
f 6063 6062 6064
f 6063 6064 6065
f 6065 6064 6066
f 6065 6066 6015
f 6015 6066 6067
f 6015 6067 6016
f 6016 6067 6068
f 6016 6068 6069
f 6069 6068 5276
f 6069 5276 6070
f 6070 5276 6071
f 6071 5276 6072
f 6072 5276 6073
f 6072 6073 6074
f 6073 5276 6075
f 6075 5276 5268
f 6075 5268 6076
f 6076 5268 6077
f 6077 5268 6078
f 6078 5268 6079
f 6079 5268 5995
f 6080 6081 6025
f 6025 6081 6082
f 6025 6082 6083
f 6083 6082 6084
f 6083 6084 6085
f 6085 6084 6086
f 6085 6086 6087
f 6087 6086 6088
f 6087 6088 6089
f 6089 6088 6090
f 6090 6088 6091
f 6090 6091 6092
f 6092 6091 6093
f 6092 6093 6039
f 6039 6093 6040
f 6041 6094 5088
f 5088 6094 6095
f 5088 6095 6042
f 6043 6080 6025
f 6083 6026 6025
f 6028 6096 6023
f 6023 6096 6097
f 6023 6097 6098
f 6098 6099 6023
f 6023 6099 6024
f 6051 6037 5089
f 6052 6100 6019
f 6019 6100 6101
f 6019 6101 6102
f 6102 6103 6019
f 6019 6103 6020
f 6020 6103 6104
f 6104 6103 6105
f 6104 6105 6106
f 6106 6105 6107
f 6106 6107 6108
f 6108 6107 6109
f 6108 6109 6110
f 6110 6109 6111
f 6110 6111 6058
f 6058 6111 6057
f 6076 6112 6075
f 6075 6112 6113
f 6113 6112 6114
f 6113 6114 6115
f 6115 6114 6116
f 6115 6116 6005
f 6005 6116 6003
f 6072 6074 6117
f 6117 6074 6118
f 6117 6118 6014
f 6014 6118 6012
f 6018 6119 6007
f 6007 6119 6120
f 6007 6120 6009
f 6022 6121 6015
f 6015 6121 6065
f 6082 6081 6122
f 6122 6081 6080
f 6122 6080 6123
f 6123 6080 6043
f 6123 6043 6124
f 6124 6043 6042
f 6124 6042 6125
f 6125 6042 6095
f 6125 6095 6126
f 6126 6095 6094
f 6126 6094 6127
f 6127 6094 6041
f 6127 6041 6128
f 6128 6041 6040
f 6128 6040 6093
f 6128 6093 6129
f 6129 6093 6091
f 6129 6091 6130
f 6130 6091 6088
f 6130 6088 6131
f 6131 6088 6086
f 6131 6086 6132
f 6132 6086 6084
f 6132 6084 6133
f 6133 6084 6082
f 6133 6082 6122
f 6123 6134 6122
f 6122 6134 6135
f 6122 6135 6133
f 6133 6135 6136
f 6133 6136 6132
f 6132 6136 6137
f 6132 6137 6131
f 6131 6137 6138
f 6131 6138 6130
f 6130 6138 6139
f 6130 6139 6129
f 6129 6139 6140
f 6129 6140 6128
f 6128 6140 6141
f 6128 6141 6127
f 6127 6141 6142
f 6127 6142 6126
f 6126 6142 6143
f 6126 6143 6125
f 6125 6143 6144
f 6125 6144 6124
f 6124 6144 6145
f 6124 6145 6123
f 6123 6145 6134
f 6146 6147 6148
f 6148 6147 6149
f 6148 6149 6150
f 6151 6152 6146
f 6146 6152 6153
f 6146 6153 6154
f 6155 6156 6151
f 6151 6156 6157
f 6151 6157 6158
f 6159 6160 6155
f 6155 6160 6161
f 6155 6161 6162
f 6163 6164 6159
f 6159 6164 6165
f 6159 6165 6160
f 6160 6165 6148
f 6160 6148 6150
f 5279 5298 6163
f 6163 5298 6164
f 6154 6147 6146
f 6162 6156 6155
f 6158 6152 6151
f 5303 5305 6166
f 6166 5305 6167
f 6166 6167 6168
f 6168 6167 6169
f 6168 6169 6170
f 6170 6169 6171
f 6170 6171 6172
f 6172 6171 6173
f 6173 6171 6174
f 6174 6171 6175
f 6174 6175 6176
f 6176 6175 6177
f 6177 6175 6178
f 6178 6175 6179
f 6178 6179 6180
f 6180 6179 6181
f 6181 6179 6182
f 6182 6179 6183
f 6182 6183 6184
f 6184 6183 6185
f 6185 6183 6170
f 6170 6183 6168
f 5309 5310 6186
f 6186 5310 6187
f 6186 6187 6188
f 6188 6187 6189
f 6188 6189 6190
f 6190 6189 6191
f 6190 6191 6192
f 6192 6191 6193
f 6193 6191 6194
f 6194 6191 6195
f 6194 6195 6196
f 6196 6195 6197
f 6197 6195 6198
f 6198 6195 6199
f 6198 6199 6200
f 6200 6199 6201
f 6201 6199 6202
f 6202 6199 6203
f 6202 6203 6204
f 6204 6203 6205
f 6205 6203 6190
f 6190 6203 6188
f 6206 6207 6208
f 6208 6207 6209
f 6209 6207 6210
f 6209 6210 5680
f 5679 6211 5680
f 5680 6211 6212
f 5680 6212 6213
f 6213 6212 6214
f 6213 6214 6215
f 6215 6214 6216
f 6216 6214 6217
f 6217 6214 6218
f 6217 6218 6219
f 6219 6218 6220
f 6220 6218 6221
f 6221 6218 6222
f 6221 6222 6223
f 6223 6222 6224
f 6224 6222 6225
f 6225 6222 6226
f 6225 6226 6227
f 6227 6226 6228
f 6228 6226 5680
f 6228 5680 6213
f 6226 6209 5680
f 5678 5681 6229
f 6229 5681 6230
f 6230 5681 6231
f 6230 6231 6232
f 6232 6231 6233
f 6232 6233 6234
f 6235 6236 5681
f 5681 6236 6237
f 5681 6237 6238
f 6238 6237 6239
f 6239 6237 6240
f 6240 6237 6241
f 6240 6241 6242
f 6242 6241 6243
f 6243 6241 6244
f 6244 6241 6245
f 6244 6245 6246
f 6246 6245 6247
f 6247 6245 6248
f 6248 6245 6232
f 6248 6232 6234
f 6235 6249 6236
f 6236 6249 6250
f 6250 6249 6251
f 6238 6231 5681
f 5091 6252 5093
f 5093 6252 6253
f 6253 6252 6254
f 6253 6254 6255
f 6255 6254 6256
f 6255 6256 6257
f 6257 6256 6258
f 6257 6258 6259
f 6254 6260 6256
f 6256 6260 6261
f 6261 6260 6262
f 6262 6260 6263
f 6263 6260 6264
f 6263 6264 6265
f 6265 6264 6266
f 6266 6264 6267
f 6267 6264 6268
f 6267 6268 6269
f 6269 6268 6270
f 6270 6268 6271
f 6271 6268 6257
f 6271 6257 6259
f 5105 6272 5104
f 5104 6272 6273
f 6273 6272 6274
f 6273 6274 6275
f 6275 6274 6276
f 6275 6276 6277
f 6277 6276 6278
f 6277 6278 6279
f 6274 6280 6276
f 6276 6280 6281
f 6281 6280 6282
f 6282 6280 6283
f 6283 6280 6284
f 6283 6284 6285
f 6285 6284 6286
f 6286 6284 6287
f 6287 6284 6288
f 6287 6288 6289
f 6289 6288 6290
f 6290 6288 6291
f 6291 6288 6277
f 6291 6277 6279
f 5122 6292 5107
f 5107 6292 6293
f 6293 6292 6294
f 6293 6294 6295
f 6295 6294 6141
f 6295 6141 6296
f 6296 6141 6140
f 6296 6140 6139
f 6294 6297 6141
f 6141 6297 6142
f 6142 6297 6143
f 6143 6297 6144
f 6144 6297 6298
f 6144 6298 6145
f 6145 6298 6134
f 6134 6298 6135
f 6135 6298 6299
f 6135 6299 6136
f 6136 6299 6137
f 6137 6299 6138
f 6138 6299 6296
f 6138 6296 6139
f 6300 6286 6301
f 6301 6286 6287
f 6301 6287 6302
f 6302 6287 6289
f 6302 6289 6303
f 6303 6289 6290
f 6303 6290 6304
f 6304 6290 6291
f 6304 6291 6305
f 6305 6291 6279
f 6305 6279 6306
f 6306 6279 6278
f 6306 6278 6307
f 6307 6278 6276
f 6307 6276 6308
f 6308 6276 6281
f 6308 6281 6309
f 6309 6281 6282
f 6309 6282 6310
f 6310 6282 6283
f 6310 6283 6311
f 6311 6283 6285
f 6311 6285 6300
f 6300 6285 6286
f 6027 6026 6301
f 6301 6026 6083
f 6301 6083 6300
f 6300 6083 6085
f 6300 6085 6311
f 6311 6085 6087
f 6311 6087 6310
f 6310 6087 6089
f 6310 6089 6309
f 6309 6089 6090
f 6309 6090 6308
f 6308 6090 6092
f 6308 6092 6307
f 6307 6092 6039
f 6307 6039 6038
f 6307 6038 6306
f 6306 6038 6036
f 6306 6036 6305
f 6305 6036 6033
f 6305 6033 6304
f 6304 6033 6031
f 6304 6031 6303
f 6303 6031 6029
f 6303 6029 6302
f 6302 6029 6027
f 6302 6027 6301
f 6312 6266 6313
f 6313 6266 6267
f 6313 6267 6314
f 6314 6267 6269
f 6314 6269 6315
f 6315 6269 6270
f 6315 6270 6316
f 6316 6270 6271
f 6316 6271 6317
f 6317 6271 6259
f 6317 6259 6318
f 6318 6259 6258
f 6318 6258 6319
f 6319 6258 6256
f 6319 6256 6320
f 6320 6256 6261
f 6320 6261 6321
f 6321 6261 6262
f 6321 6262 6322
f 6322 6262 6263
f 6322 6263 6323
f 6323 6263 6265
f 6323 6265 6312
f 6312 6265 6266
f 6097 6096 6313
f 6313 6096 6028
f 6313 6028 6312
f 6312 6028 6030
f 6312 6030 6323
f 6323 6030 6032
f 6323 6032 6322
f 6322 6032 6034
f 6322 6034 6321
f 6321 6034 6035
f 6321 6035 6320
f 6320 6035 6037
f 6320 6037 6319
f 6319 6037 6051
f 6319 6051 6050
f 6319 6050 6318
f 6318 6050 6049
f 6318 6049 6317
f 6317 6049 6024
f 6317 6024 6316
f 6316 6024 6099
f 6316 6099 6315
f 6315 6099 6098
f 6315 6098 6314
f 6314 6098 6097
f 6314 6097 6313
f 6324 6239 6325
f 6325 6239 6240
f 6325 6240 6326
f 6326 6240 6242
f 6326 6242 6327
f 6327 6242 6243
f 6327 6243 6328
f 6328 6243 6244
f 6328 6244 6329
f 6329 6244 6246
f 6329 6246 6330
f 6330 6246 6247
f 6330 6247 6331
f 6331 6247 6248
f 6331 6248 6332
f 6332 6248 6234
f 6332 6234 6333
f 6333 6234 6233
f 6333 6233 6334
f 6334 6233 6231
f 6334 6231 6335
f 6335 6231 6238
f 6335 6238 6324
f 6324 6238 6239
f 6100 6052 6325
f 6325 6052 6053
f 6325 6053 6324
f 6324 6053 6054
f 6324 6054 6335
f 6335 6054 6055
f 6335 6055 6334
f 6334 6055 6056
f 6334 6056 6333
f 6333 6056 6057
f 6333 6057 6332
f 6332 6057 6111
f 6332 6111 6331
f 6331 6111 6109
f 6331 6109 6107
f 6331 6107 6330
f 6330 6107 6105
f 6330 6105 6329
f 6329 6105 6103
f 6329 6103 6328
f 6328 6103 6102
f 6328 6102 6327
f 6327 6102 6101
f 6327 6101 6326
f 6326 6101 6100
f 6326 6100 6325
f 6158 6336 6152
f 6152 6336 6337
f 6152 6337 6153
f 6153 6337 6338
f 6153 6338 6154
f 6154 6338 6339
f 6154 6339 6147
f 6147 6339 6340
f 6147 6340 6149
f 6149 6340 6341
f 6149 6341 6150
f 6150 6341 6342
f 6150 6342 6160
f 6160 6342 6343
f 6160 6343 6161
f 6161 6343 6344
f 6161 6344 6162
f 6162 6344 6345
f 6162 6345 6156
f 6156 6345 6346
f 6156 6346 6157
f 6157 6346 6347
f 6157 6347 6158
f 6158 6347 6336
f 6112 6076 6343
f 6343 6076 6077
f 6343 6077 6344
f 6344 6077 6078
f 6344 6078 6345
f 6345 6078 6079
f 6345 6079 6346
f 6346 6079 5995
f 6346 5995 6347
f 6347 5995 5996
f 6347 5996 6336
f 6336 5996 5997
f 6336 5997 6337
f 6337 5997 5998
f 6337 5998 5999
f 6337 5999 6338
f 6338 5999 6001
f 6338 6001 6339
f 6339 6001 6003
f 6339 6003 6340
f 6340 6003 6116
f 6340 6116 6341
f 6341 6116 6114
f 6341 6114 6342
f 6342 6114 6112
f 6342 6112 6343
f 6180 6348 6178
f 6178 6348 6349
f 6178 6349 6177
f 6177 6349 6350
f 6177 6350 6176
f 6176 6350 6351
f 6176 6351 6174
f 6174 6351 6352
f 6174 6352 6173
f 6173 6352 6353
f 6173 6353 6172
f 6172 6353 6354
f 6172 6354 6170
f 6170 6354 6355
f 6170 6355 6185
f 6185 6355 6356
f 6185 6356 6184
f 6184 6356 6357
f 6184 6357 6182
f 6182 6357 6358
f 6182 6358 6181
f 6181 6358 6359
f 6181 6359 6180
f 6180 6359 6348
f 6073 6075 6355
f 6355 6075 6113
f 6355 6113 6356
f 6356 6113 6115
f 6356 6115 6357
f 6357 6115 6005
f 6357 6005 6358
f 6358 6005 6004
f 6358 6004 6359
f 6359 6004 6002
f 6359 6002 6348
f 6348 6002 6000
f 6348 6000 6349
f 6349 6000 6006
f 6349 6006 6008
f 6349 6008 6350
f 6350 6008 6010
f 6350 6010 6351
f 6351 6010 6012
f 6351 6012 6352
f 6352 6012 6118
f 6352 6118 6353
f 6353 6118 6074
f 6353 6074 6354
f 6354 6074 6073
f 6354 6073 6355
f 6200 6360 6198
f 6198 6360 6361
f 6198 6361 6197
f 6197 6361 6362
f 6197 6362 6196
f 6196 6362 6363
f 6196 6363 6194
f 6194 6363 6364
f 6194 6364 6193
f 6193 6364 6365
f 6193 6365 6192
f 6192 6365 6366
f 6192 6366 6190
f 6190 6366 6367
f 6190 6367 6205
f 6205 6367 6368
f 6205 6368 6204
f 6204 6368 6369
f 6204 6369 6202
f 6202 6369 6370
f 6202 6370 6201
f 6201 6370 6371
f 6201 6371 6200
f 6200 6371 6360
f 6070 6071 6367
f 6367 6071 6072
f 6367 6072 6368
f 6368 6072 6117
f 6368 6117 6369
f 6369 6117 6014
f 6369 6014 6370
f 6370 6014 6013
f 6370 6013 6371
f 6371 6013 6011
f 6371 6011 6360
f 6360 6011 6009
f 6360 6009 6361
f 6361 6009 6120
f 6361 6120 6119
f 6361 6119 6362
f 6362 6119 6018
f 6362 6018 6363
f 6363 6018 6017
f 6363 6017 6364
f 6364 6017 6016
f 6364 6016 6365
f 6365 6016 6069
f 6365 6069 6366
f 6366 6069 6070
f 6366 6070 6367
f 6227 6372 6225
f 6225 6372 6373
f 6225 6373 6224
f 6224 6373 6374
f 6224 6374 6223
f 6223 6374 6375
f 6223 6375 6221
f 6221 6375 6376
f 6221 6376 6220
f 6220 6376 6377
f 6220 6377 6219
f 6219 6377 6378
f 6219 6378 6217
f 6217 6378 6379
f 6217 6379 6216
f 6216 6379 6380
f 6216 6380 6215
f 6215 6380 6381
f 6215 6381 6213
f 6213 6381 6382
f 6213 6382 6228
f 6228 6382 6383
f 6228 6383 6227
f 6227 6383 6372
f 6106 6108 6379
f 6379 6108 6110
f 6379 6110 6380
f 6380 6110 6058
f 6380 6058 6381
f 6381 6058 6059
f 6381 6059 6382
f 6382 6059 6060
f 6382 6060 6383
f 6383 6060 6061
f 6383 6061 6372
f 6372 6061 6063
f 6372 6063 6373
f 6373 6063 6065
f 6373 6065 6121
f 6373 6121 6374
f 6374 6121 6022
f 6374 6022 6375
f 6375 6022 6021
f 6375 6021 6376
f 6376 6021 6020
f 6376 6020 6377
f 6377 6020 6104
f 6377 6104 6378
f 6378 6104 6106
f 6378 6106 6379
f 6384 6385 6148
f 6148 6385 6146
f 5298 5320 6164
f 6164 5320 6386
f 6164 6386 6165
f 6165 6386 6387
f 6165 6387 6148
f 6148 6387 6384
f 6388 6389 5277
f 5277 6389 6390
f 5277 6390 6391
f 6391 6390 6392
f 5277 6391 5278
f 5278 6391 4837
f 5278 4837 6393
f 6393 4837 6394
f 6394 4837 6395
f 6395 4837 6396
f 6396 4837 4832
f 6387 5320 6384
f 6384 5320 5319
f 6384 5319 6397
f 6397 5319 6398
f 6398 5319 6399
f 6387 6386 5320
f 6397 6400 6384
f 6384 6400 6385
f 6401 5306 6402
f 6402 5306 5308
f 6402 5308 6403
f 6403 5308 6404
f 6404 5308 6405
f 6401 6406 5306
f 6403 6407 6402
f 6402 6407 6408
f 6409 6410 6411
f 6411 6410 6412
f 6411 6412 6413
f 6413 6412 6414
f 6413 6414 6415
f 6415 6414 6416
f 6415 6416 6417
f 6417 6416 6418
f 6417 6418 6419
f 6409 6420 6410
f 6417 6421 6415
f 6413 6422 6411
f 6423 5677 6424
f 6424 5677 5676
f 6424 5676 6425
f 6425 5676 6426
f 6426 5676 6427
f 6423 6428 5677
f 6429 6430 6425
f 6425 6430 6424
f 6431 6432 6433
f 6433 6432 6434
f 6433 6434 6435
f 6435 6434 6436
f 6435 6436 6437
f 6437 6436 6438
f 6437 6438 6439
f 6439 6438 6440
f 6439 6440 6441
f 6441 6440 6442
f 6439 6443 6437
f 6435 6444 6433
f 6445 5090 6446
f 6446 5090 6447
f 6446 6447 6448
f 6448 6447 6449
f 6445 6450 5090
f 5090 5103 6447
f 6447 5103 6451
f 6451 5103 6452
f 6453 5129 6454
f 6454 5129 6455
f 6454 6455 6456
f 6456 6455 6457
f 6453 6458 5129
f 5129 5128 6455
f 6455 5128 6459
f 6459 5128 6460
f 6461 5127 6462
f 6462 5127 6463
f 6462 6463 6464
f 6461 6465 5127
f 5127 5124 6463
f 6463 5124 4842
f 4842 5124 6466
f 4842 6466 6467
f 6467 6468 4842
f 4842 6468 6469
f 4842 6469 4824
f 5277 5279 6388
f 6388 5279 6163
f 6388 6163 6389
f 6389 6163 6159
f 6389 6159 6390
f 6390 6159 6155
f 6155 6151 6390
f 6390 6151 6392
f 6407 6007 6408
f 6408 6007 5994
f 6408 5994 6400
f 6400 5994 6385
f 6385 5994 6392
f 6385 6392 6146
f 6146 6392 6151
f 6199 6195 6407
f 6407 6195 6422
f 6407 6422 6007
f 6007 6422 6413
f 5994 6391 6392
f 6179 6175 6400
f 6400 6175 6408
f 6402 6408 6171
f 6171 6408 6175
f 5305 5306 6167
f 6167 5306 6406
f 6167 6406 6169
f 6169 6406 6401
f 6169 6401 6171
f 6171 6401 6402
f 6183 6179 6397
f 6397 6179 6400
f 5319 5303 6399
f 6399 5303 6166
f 6399 6166 6398
f 6398 6166 6168
f 6398 6168 6397
f 6397 6168 6183
f 4837 6391 4838
f 4838 6391 5994
f 6413 6415 6007
f 6007 6415 6015
f 6435 6019 6444
f 6444 6019 6429
f 6444 6429 6241
f 6241 6429 6245
f 6019 6015 6429
f 6429 6015 6430
f 6430 6015 6421
f 6430 6421 6218
f 6218 6421 6222
f 6015 6415 6421
f 6433 6444 6237
f 6237 6444 6241
f 6251 6434 6250
f 6250 6434 6432
f 6250 6432 6431
f 6433 6237 6431
f 6431 6237 6236
f 6431 6236 6250
f 6436 6434 6470
f 6470 6434 6251
f 6470 6251 6471
f 6471 6251 6249
f 6471 6249 6235
f 5681 5611 6235
f 6235 5611 6471
f 5611 5612 6471
f 6471 5612 6470
f 5612 5613 6470
f 6470 5613 6472
f 6470 6472 6436
f 6436 6472 6438
f 6438 6472 6473
f 6438 6473 6440
f 6440 6473 5093
f 5093 6473 5097
f 5097 6473 5616
f 5616 6473 5614
f 5614 6473 6472
f 5614 6472 5613
f 6440 5093 6442
f 6442 5093 6253
f 6442 6253 6441
f 6441 6253 6255
f 6441 6255 6439
f 6439 6255 6257
f 6257 6268 6439
f 6439 6268 6443
f 6457 6025 6456
f 6456 6025 6449
f 6456 6449 6284
f 6284 6449 6288
f 6299 6298 6457
f 6457 6298 6464
f 6457 6464 6025
f 6025 6464 6463
f 6025 6023 6449
f 6449 6023 6448
f 6448 6023 6443
f 6448 6443 6264
f 6264 6443 6268
f 6023 6437 6443
f 6454 6456 6280
f 6280 6456 6284
f 5105 5129 6272
f 6272 5129 6458
f 6272 6458 6274
f 6274 6458 6453
f 6274 6453 6280
f 6280 6453 6454
f 6277 6288 6447
f 6447 6288 6449
f 5103 5104 6452
f 6452 5104 6273
f 6452 6273 6451
f 6451 6273 6275
f 6451 6275 6447
f 6447 6275 6277
f 6446 6448 6260
f 6260 6448 6264
f 5091 5090 6252
f 6252 5090 6450
f 6252 6450 6254
f 6254 6450 6445
f 6254 6445 6260
f 6260 6445 6446
f 6435 6437 6019
f 6019 6437 6023
f 6463 4842 6025
f 6025 4842 4834
f 6462 6464 6297
f 6297 6464 6298
f 5122 5127 6292
f 6292 5127 6465
f 6292 6465 6294
f 6294 6465 6461
f 6294 6461 6297
f 6297 6461 6462
f 6296 6299 6455
f 6455 6299 6457
f 5128 5107 6460
f 6460 5107 6293
f 6460 6293 6459
f 6459 6293 6295
f 6459 6295 6455
f 6455 6295 6296
f 6232 6245 6425
f 6425 6245 6429
f 5676 5678 6427
f 6427 5678 6229
f 6427 6229 6426
f 6426 6229 6230
f 6426 6230 6425
f 6425 6230 6232
f 6424 6430 6214
f 6214 6430 6218
f 5679 5677 6211
f 6211 5677 6428
f 6211 6428 6212
f 6212 6428 6423
f 6212 6423 6214
f 6214 6423 6424
f 6226 6222 6417
f 6417 6222 6421
f 6416 6206 6418
f 6418 6206 6208
f 6418 6208 6209
f 6226 6417 6209
f 6209 6417 6419
f 6209 6419 6418
f 6410 5310 6412
f 6412 5310 6474
f 6412 6474 6475
f 6475 6474 5598
f 6475 5598 5599
f 5310 5318 6474
f 6474 5318 5598
f 6475 5599 6476
f 6476 5599 5601
f 6476 5601 6477
f 6477 5601 5602
f 6477 5602 5603
f 5603 5680 6477
f 6477 5680 6210
f 6477 6210 6207
f 6207 6206 6477
f 6477 6206 6476
f 6206 6416 6476
f 6476 6416 6414
f 6476 6414 6475
f 6475 6414 6412
f 5310 6410 6187
f 6187 6410 6420
f 6187 6420 6189
f 6189 6420 6409
f 6189 6409 6191
f 6191 6409 6411
f 6411 6422 6191
f 6191 6422 6195
f 6203 6199 6403
f 6403 6199 6407
f 5308 5309 6405
f 6405 5309 6186
f 6405 6186 6404
f 6404 6186 6188
f 6404 6188 6403
f 6403 6188 6203
f 6396 4832 6478
f 6478 4832 4831
f 6478 4831 6479
f 6479 4831 5666
f 6479 5666 6480
f 6480 5666 5667
f 6480 5667 6481
f 6481 5667 5668
f 6481 5668 6482
f 6482 5668 5669
f 6482 5669 5284
f 5284 5278 6482
f 6482 5278 6483
f 6482 6483 6481
f 6481 6483 6484
f 6481 6484 6480
f 6480 6484 6485
f 6480 6485 6479
f 6479 6485 6478
f 5278 6393 6483
f 6483 6393 6484
f 6393 6394 6484
f 6484 6394 6485
f 6394 6395 6485
f 6485 6395 6478
f 6395 6396 6478
f 6466 5124 6486
f 6486 5124 5125
f 6486 5125 6487
f 6487 5125 5661
f 6487 5661 6488
f 6488 5661 5662
f 6488 5662 6489
f 6489 5662 5663
f 6489 5663 6490
f 6490 5663 5664
f 6490 5664 4826
f 4826 4824 6490
f 6490 4824 6491
f 6490 6491 6489
f 6489 6491 6492
f 6489 6492 6488
f 6488 6492 6493
f 6488 6493 6487
f 6487 6493 6486
f 4824 6469 6491
f 6491 6469 6492
f 6469 6468 6492
f 6492 6468 6493
f 6468 6467 6493
f 6493 6467 6486
f 6467 6466 6486
f 5075 5076 5675
f 5675 5076 6062
f 6062 5076 5077
f 6062 5077 6064
f 6064 5077 5078
f 6064 5078 6066
f 6066 5078 5079
f 6066 5079 6067
f 6067 5079 6068
f 6068 5079 5080
f 6068 5080 5276
f 5276 5080 5074
f 4840 5062 4833
f 4833 5062 6044
f 6044 5062 5063
f 6044 5063 6045
f 6045 5063 5064
f 6045 5064 6046
f 6046 5064 5065
f 6046 5065 6047
f 6047 5065 6048
f 6048 5065 5066
f 6048 5066 5088
f 5088 5066 5067
f 5642 5644 5570
f 5570 5644 5572
f 5571 5573 5472
f 5472 5573 5476
f 5571 5472 5569
f 5569 5472 5469
f 5569 5469 5626
f 5610 5609 5464
f 5464 5609 5469
f 5469 5609 5626
f 5618 5610 5466
f 5466 5610 5464
f 5617 5621 5511
f 5511 5621 5514
f 5617 5511 5098
f 5098 5511 5507
f 5098 5507 5627
f 5578 5099 5502
f 5502 5099 5507
f 5507 5099 5627
f 5577 5578 5504
f 5504 5578 5502
f 5574 5576 5654
f 5654 5576 5655
f 5586 6494 5587
f 5587 6494 6495
f 5587 6495 5574
f 5574 6495 5575
f 5654 5656 5574
f 5574 5656 5587
f 5110 5108 6496
f 6496 5108 6494
f 6496 6494 5586
f 5586 5585 6496
f 5299 5295 6497
f 5109 5110 6496
f 5299 6497 5297
f 5297 6497 6498
f 6498 6497 5590
f 5590 6497 5591
f 5096 5095 6499
f 6499 5095 6495
f 6499 6495 6500
f 6500 6495 6494
f 6500 6494 5108
f 5108 5112 6500
f 5301 5297 6501
f 6501 5297 6498
f 6501 6498 6502
f 6501 6502 6503
f 6503 6502 5312
f 6503 5312 5313
f 5096 6499 5101
f 5101 6499 6504
f 5311 6505 5314
f 5314 6505 5302
f 5314 5302 6506
f 6505 6507 5302
f 5302 6507 5300
f 6506 6508 5314
f 5106 6509 5111
f 5111 6509 6510
f 5111 6510 5101
f 5101 6510 5094
f 5101 6504 5111
f 5111 6504 6511
f 6503 5313 6508
f 6508 5313 5314
f 6501 6503 6506
f 6506 6503 6508
f 5301 6501 5302
f 5302 6501 6506
f 5300 6507 5304
f 5304 6507 6512
f 5304 6512 5307
f 5307 6512 6513
f 5092 6514 5102
f 5102 6514 6515
f 5307 6513 5311
f 5311 6513 6505
f 6513 6512 6505
f 6505 6512 6507
f 5102 6515 5106
f 5106 6515 6509
f 6515 6514 6509
f 6509 6514 6510
f 5094 6510 5092
f 5092 6510 6514
f 6500 5112 6511
f 6511 5112 5111
f 6499 6500 6504
f 6504 6500 6511
f 5100 5575 5095
f 5095 5575 6495
f 5312 6502 5315
f 5315 6502 5580
f 5580 6502 5583
f 5583 6502 6498
f 5583 6498 5595
f 5595 6498 5590
f 5658 5659 5595
f 5595 5659 5583
f 5659 5639 5583
f 5583 5639 5582
f 5595 5594 5658
f 5658 5594 5635
f 5294 5591 5295
f 5295 5591 6497
f 5109 6496 5113
f 5113 6496 5585
f 5656 5657 5587
f 5587 5657 5588
f 5584 5589 5454
f 5454 5589 5457
f 5584 5454 5114
f 5114 5454 5450
f 5114 5450 5628
f 5568 5115 5445
f 5445 5115 5450
f 5450 5115 5628
f 5566 5568 5447
f 5447 5568 5445
f 5116 5567 5117
f 5117 5567 5641
f 5563 5565 5435
f 5435 5565 5438
f 5563 5435 5120
f 5120 5435 5431
f 5120 5431 5629
f 5562 5121 5426
f 5426 5121 5431
f 5431 5121 5629
f 5560 5562 5428
f 5428 5562 5426
f 5293 5636 5288
f 5288 5636 5553
f 5285 5631 5280
f 5280 5631 5550
f 5632 4836 5633
f 5633 4836 4835
f 5552 5554 5397
f 5397 5554 5400
f 5552 5397 5290
f 5290 5397 5393
f 5290 5393 5624
f 5592 5291 5388
f 5388 5291 5393
f 5393 5291 5624
f 5593 5592 5390
f 5390 5592 5388
f 5579 5581 5492
f 5492 5581 5495
f 5579 5492 5316
f 5316 5492 5488
f 5316 5488 5623
f 5549 5551 5386
f 5386 5551 5387
f 6516 5497 4983
f 4983 5497 5496
f 4983 5496 4982
f 4982 5496 5501
f 4982 5501 4980
f 4980 5501 5500
f 4980 5500 4977
f 4977 5500 5499
f 4977 5499 4975
f 4975 5499 5487
f 4975 5487 4973
f 4973 5487 5486
f 4973 5486 4972
f 4972 5486 5484
f 4972 5484 4970
f 4970 5484 5491
f 4970 5491 6517
f 6517 5491 5490
f 6517 5490 6518
f 6518 5490 5489
f 6518 5489 6519
f 6519 5489 5494
f 6519 5494 6520
f 6520 5494 5493
f 6520 5493 6521
f 6521 5493 5498
f 6521 5498 6516
f 6516 5498 5497
f 6522 5503 4926
f 4926 5503 5510
f 4926 5510 4925
f 4925 5510 5509
f 4925 5509 4923
f 4923 5509 5508
f 4923 5508 4920
f 4920 5508 5513
f 4920 5513 4918
f 4918 5513 5512
f 4918 5512 4916
f 4916 5512 5517
f 4916 5517 4915
f 4915 5517 5516
f 4915 5516 4913
f 4913 5516 5515
f 4913 5515 6523
f 6523 5515 5520
f 6523 5520 6524
f 6524 5520 5519
f 6524 5519 6525
f 6525 5519 5518
f 6525 5518 6526
f 6526 5518 5506
f 6526 5506 6527
f 6527 5506 5505
f 6527 5505 6522
f 6522 5505 5503
f 5215 5261 4894
f 4894 5261 5250
f 4894 5250 4825
f 4825 5250 5249
f 5287 5289 6528
f 6528 5289 6529
f 5281 5287 6530
f 6530 5287 6528
f 5296 5281 6531
f 6531 5281 6530
f 5289 5296 6529
f 6529 5296 6531
f 6529 6531 6528
f 6528 6531 6530
f 5022 6532 5023
f 5023 6532 6533
f 5023 6533 5024
f 5024 6533 6534
f 5024 6534 5016
f 5016 6534 6535
f 5016 6535 5017
f 5017 6535 6536
f 5017 6536 5046
f 5046 6536 6537
f 5046 6537 5047
f 5047 6537 6538
f 5047 6538 5048
f 5048 6538 6539
f 5048 6539 5049
f 5049 6539 6540
f 5049 6540 5050
f 5050 6540 6541
f 5050 6541 5011
f 5011 6541 6542
f 5011 6542 5012
f 5012 6542 6543
f 5012 6543 5013
f 5013 6543 6544
f 5013 6544 5051
f 5051 6544 6545
f 5051 6545 5052
f 5052 6545 6546
f 5052 6546 5053
f 5053 6546 6547
f 5053 6547 5054
f 5054 6547 6548
f 5054 6548 5008
f 5008 6548 6549
f 5008 6549 5009
f 5009 6549 6550
f 5009 6550 5055
f 5055 6550 6551
f 5055 6551 5043
f 5043 6551 6552
f 5043 6552 5044
f 5044 6552 6553
f 5044 6553 5045
f 5045 6553 6554
f 5045 6554 5056
f 5056 6554 6555
f 5056 6555 5038
f 5038 6555 6556
f 5038 6556 5039
f 5039 6556 6557
f 5039 6557 5057
f 5057 6557 6558
f 5057 6558 5058
f 5058 6558 6559
f 5058 6559 5033
f 5033 6559 6560
f 5033 6560 5034
f 5034 6560 6561
f 5034 6561 5035
f 5035 6561 6562
f 5035 6562 5059
f 5059 6562 6563
f 5059 6563 5030
f 5030 6563 6564
f 5030 6564 5031
f 5031 6564 6565
f 5031 6565 5060
f 5060 6565 6566
f 5060 6566 5061
f 5061 6566 6567
f 5061 6567 5022
f 5022 6567 6532
f 6568 6569 6542
f 6542 6569 6570
f 6542 6570 6543
f 6543 6570 6571
f 6543 6571 6544
f 6544 6571 6572
f 6544 6572 6545
f 6545 6572 6573
f 6545 6573 6546
f 6546 6573 6574
f 6546 6574 6547
f 6547 6574 6575
f 6547 6575 6576
f 6547 6576 6548
f 6548 6576 6577
f 6548 6577 6549
f 6549 6577 6578
f 6549 6578 6550
f 6550 6578 6579
f 6550 6579 6551
f 6551 6579 6580
f 6551 6580 6581
f 6551 6581 6552
f 6552 6581 6582
f 6552 6582 6553
f 6553 6582 6583
f 6553 6583 6554
f 6554 6583 6584
f 6554 6584 6555
f 6555 6584 6585
f 6555 6585 6586
f 6555 6586 6556
f 6556 6586 6587
f 6556 6587 6557
f 6557 6587 6588
f 6557 6588 6558
f 6558 6588 6589
f 6558 6589 6559
f 6559 6589 6590
f 6559 6590 6560
f 6560 6590 6591
f 6560 6591 6592
f 6560 6592 6561
f 6561 6592 6593
f 6561 6593 6562
f 6562 6593 6594
f 6562 6594 6563
f 6563 6594 6595
f 6563 6595 6564
f 6564 6595 6596
f 6564 6596 6565
f 6565 6596 6597
f 6565 6597 6598
f 6565 6598 6566
f 6566 6598 6599
f 6566 6599 6567
f 6567 6599 6600
f 6567 6600 6532
f 6532 6600 6601
f 6532 6601 6533
f 6533 6601 6602
f 6533 6602 6603
f 6533 6603 6534
f 6534 6603 6604
f 6534 6604 6535
f 6535 6604 6605
f 6535 6605 6536
f 6536 6605 6606
f 6536 6606 6537
f 6537 6606 6607
f 6537 6607 6608
f 6537 6608 6538
f 6538 6608 6609
f 6538 6609 6539
f 6539 6609 6610
f 6539 6610 6540
f 6540 6610 6611
f 6540 6611 6541
f 6541 6611 6568
f 6541 6568 6542
f 6612 6570 6613
f 6613 6570 6569
f 6613 6569 6614
f 6614 6569 6568
f 6614 6568 6615
f 6615 6568 6611
f 6615 6611 6616
f 6616 6611 6610
f 6616 6610 6617
f 6617 6610 6609
f 6617 6609 6618
f 6618 6609 6608
f 6618 6608 6619
f 6619 6608 6607
f 6619 6607 6620
f 6620 6607 6606
f 6620 6606 6621
f 6621 6606 6605
f 6621 6605 6622
f 6622 6605 6604
f 6622 6604 6623
f 6623 6604 6603
f 6623 6603 6624
f 6624 6603 6602
f 6624 6602 6625
f 6625 6602 6601
f 6625 6601 6626
f 6626 6601 6600
f 6626 6600 6627
f 6627 6600 6599
f 6627 6599 6628
f 6628 6599 6598
f 6628 6598 6629
f 6629 6598 6597
f 6629 6597 6630
f 6630 6597 6596
f 6630 6596 6631
f 6631 6596 6595
f 6631 6595 6632
f 6632 6595 6594
f 6632 6594 6633
f 6633 6594 6593
f 6633 6593 6634
f 6634 6593 6592
f 6634 6592 6635
f 6635 6592 6591
f 6635 6591 6636
f 6636 6591 6590
f 6636 6590 6637
f 6637 6590 6589
f 6637 6589 6638
f 6638 6589 6588
f 6638 6588 6639
f 6639 6588 6587
f 6639 6587 6640
f 6640 6587 6586
f 6640 6586 6641
f 6641 6586 6585
f 6641 6585 6642
f 6642 6585 6584
f 6642 6584 6643
f 6643 6584 6583
f 6643 6583 6644
f 6644 6583 6582
f 6644 6582 6645
f 6645 6582 6581
f 6645 6581 6646
f 6646 6581 6580
f 6646 6580 6647
f 6647 6580 6579
f 6647 6579 6648
f 6648 6579 6578
f 6648 6578 6649
f 6649 6578 6577
f 6649 6577 6650
f 6650 6577 6576
f 6650 6576 6651
f 6651 6576 6575
f 6651 6575 6652
f 6652 6575 6574
f 6652 6574 6653
f 6653 6574 6573
f 6653 6573 6654
f 6654 6573 6572
f 6654 6572 6655
f 6655 6572 6571
f 6655 6571 6612
f 6612 6571 6570
f 6612 6613 6656
f 6656 6613 6614
f 6656 6614 6657
f 6657 6614 6615
f 6657 6615 6658
f 6658 6615 6616
f 6658 6616 6617
f 6658 6617 6659
f 6659 6617 6618
f 6659 6618 6619
f 6659 6619 6660
f 6660 6619 6620
f 6660 6620 6661
f 6661 6620 6621
f 6661 6621 6622
f 6661 6622 6662
f 6662 6622 6623
f 6662 6623 6624
f 6662 6624 6663
f 6663 6624 6625
f 6663 6625 6664
f 6664 6625 6626
f 6664 6626 6627
f 6664 6627 6665
f 6665 6627 6628
f 6665 6628 6666
f 6666 6628 6629
f 6666 6629 6630
f 6666 6630 6667
f 6667 6630 6631
f 6667 6631 6632
f 6667 6632 6668
f 6668 6632 6633
f 6668 6633 6669
f 6669 6633 6634
f 6669 6634 6635
f 6669 6635 6670
f 6670 6635 6636
f 6670 6636 6637
f 6670 6637 6671
f 6671 6637 6638
f 6671 6638 6672
f 6672 6638 6639
f 6672 6639 6640
f 6672 6640 6673
f 6673 6640 6641
f 6673 6641 6642
f 6673 6642 6674
f 6674 6642 6643
f 6674 6643 6675
f 6675 6643 6644
f 6675 6644 6645
f 6675 6645 6676
f 6676 6645 6646
f 6676 6646 6677
f 6677 6646 6647
f 6677 6647 6648
f 6677 6648 6678
f 6678 6648 6649
f 6678 6649 6650
f 6678 6650 6679
f 6679 6650 6651
f 6679 6651 6680
f 6680 6651 6652
f 6680 6652 6653
f 6680 6653 6681
f 6681 6653 6654
f 6681 6654 6655
f 6681 6655 6682
f 6682 6655 6612
f 6682 6612 6656
f 6683 6682 6684
f 6684 6682 6656
f 6684 6656 6685
f 6685 6656 6657
f 6685 6657 6686
f 6686 6657 6658
f 6686 6658 6687
f 6687 6658 6659
f 6687 6659 6688
f 6688 6659 6660
f 6688 6660 6689
f 6689 6660 6661
f 6689 6661 6690
f 6690 6661 6662
f 6690 6662 6691
f 6691 6662 6663
f 6691 6663 6692
f 6692 6663 6664
f 6692 6664 6693
f 6693 6664 6665
f 6693 6665 6694
f 6694 6665 6666
f 6694 6666 6695
f 6695 6666 6667
f 6695 6667 6696
f 6696 6667 6668
f 6696 6668 6697
f 6697 6668 6669
f 6697 6669 6698
f 6698 6669 6670
f 6698 6670 6699
f 6699 6670 6671
f 6699 6671 6700
f 6700 6671 6672
f 6700 6672 6701
f 6701 6672 6673
f 6701 6673 6702
f 6702 6673 6674
f 6702 6674 6703
f 6703 6674 6675
f 6703 6675 6704
f 6704 6675 6676
f 6704 6676 6705
f 6705 6676 6677
f 6705 6677 6706
f 6706 6677 6678
f 6706 6678 6707
f 6707 6678 6679
f 6707 6679 6708
f 6708 6679 6680
f 6708 6680 6709
f 6709 6680 6681
f 6709 6681 6683
f 6683 6681 6682
f 6683 6684 6710
f 6710 6684 6685
f 6710 6685 6711
f 6711 6685 6686
f 6711 6686 6712
f 6712 6686 6687
f 6712 6687 6713
f 6713 6687 6688
f 6713 6688 6689
f 6713 6689 6714
f 6714 6689 6690
f 6714 6690 6715
f 6715 6690 6691
f 6715 6691 6716
f 6716 6691 6692
f 6716 6692 6693
f 6716 6693 6717
f 6717 6693 6694
f 6717 6694 6718
f 6718 6694 6695
f 6718 6695 6719
f 6719 6695 6696
f 6719 6696 6697
f 6719 6697 6720
f 6720 6697 6698
f 6720 6698 6721
f 6721 6698 6699
f 6721 6699 6700
f 6721 6700 6722
f 6722 6700 6701
f 6722 6701 6723
f 6723 6701 6702
f 6723 6702 6724
f 6724 6702 6703
f 6724 6703 6704
f 6724 6704 6725
f 6725 6704 6705
f 6725 6705 6726
f 6726 6705 6706
f 6726 6706 6727
f 6727 6706 6707
f 6727 6707 6708
f 6727 6708 6728
f 6728 6708 6709
f 6728 6709 6729
f 6729 6709 6683
f 6729 6683 6710
f 6730 6729 6731
f 6731 6729 6710
f 6731 6710 6732
f 6732 6710 6711
f 6732 6711 6733
f 6733 6711 6712
f 6733 6712 6734
f 6734 6712 6713
f 6734 6713 6735
f 6735 6713 6714
f 6735 6714 6736
f 6736 6714 6715
f 6736 6715 6737
f 6737 6715 6716
f 6737 6716 6738
f 6738 6716 6717
f 6738 6717 6739
f 6739 6717 6718
f 6739 6718 6740
f 6740 6718 6719
f 6740 6719 6741
f 6741 6719 6720
f 6741 6720 6742
f 6742 6720 6721
f 6742 6721 6743
f 6743 6721 6722
f 6743 6722 6744
f 6744 6722 6723
f 6744 6723 6745
f 6745 6723 6724
f 6745 6724 6746
f 6746 6724 6725
f 6746 6725 6747
f 6747 6725 6726
f 6747 6726 6748
f 6748 6726 6727
f 6748 6727 6749
f 6749 6727 6728
f 6749 6728 6730
f 6730 6728 6729
f 6732 6740 6731
f 6731 6740 6741
f 6731 6741 6730
f 6730 6741 6742
f 6730 6742 6749
f 6749 6742 6743
f 6749 6743 6748
f 6748 6743 6744
f 6748 6744 6747
f 6747 6744 6745
f 6747 6745 6746
f 6740 6732 6739
f 6739 6732 6733
f 6739 6733 6738
f 6738 6733 6734
f 6738 6734 6737
f 6737 6734 6735
f 6737 6735 6736
f 5263 5923 6750
f 6750 5923 4830
f 4830 5923 4823
f 4899 5534 6751
f 6751 5534 6752
f 6752 5534 5535
f 6752 5535 6753
f 6753 5535 5536
f 6753 5536 5537
f 6753 5537 6754
f 6754 5537 5538
f 6754 5538 6755
f 6755 5538 5533
f 6755 5533 6756
f 6756 5533 4912
f 4913 6523 6757
f 6757 6523 6758
f 6758 6523 6524
f 6758 6524 6759
f 6759 6524 6525
f 6759 6525 6526
f 6759 6526 6760
f 6760 6526 6527
f 6760 6527 6761
f 6761 6527 6522
f 6761 6522 6762
f 6762 6522 4926
f 4927 5522 6763
f 6763 5522 6764
f 6764 5522 5523
f 6764 5523 6765
f 6765 5523 5524
f 6765 5524 5525
f 6765 5525 6766
f 6766 5525 5526
f 6766 5526 6767
f 6767 5526 5521
f 6767 5521 6768
f 6768 5521 4940
f 4941 5528 6769
f 6769 5528 6770
f 6770 5528 5529
f 6770 5529 6771
f 6771 5529 5530
f 6771 5530 5531
f 6771 5531 6772
f 6772 5531 5532
f 6772 5532 6773
f 6773 5532 5527
f 6773 5527 6774
f 6774 5527 4954
f 4955 5540 6775
f 6775 5540 5541
f 6775 5541 6776
f 6776 5541 5542
f 6776 5542 6777
f 6777 5542 5543
f 6777 5543 6778
f 6778 5543 5544
f 6778 5544 6779
f 6779 5544 5545
f 6779 5545 6780
f 6780 5545 5539
f 6780 5539 4969
f 4970 6517 6781
f 6781 6517 6782
f 6782 6517 6518
f 6782 6518 6783
f 6783 6518 6519
f 6783 6519 6520
f 6783 6520 6784
f 6784 6520 6521
f 6784 6521 6785
f 6785 6521 6516
f 6785 6516 6786
f 6786 6516 4983
f 4984 5373 6787
f 6787 5373 6788
f 6788 5373 5375
f 6788 5375 6789
f 6789 5375 5377
f 6789 5377 5379
f 6789 5379 6790
f 6790 5379 5381
f 6790 5381 6791
f 6791 5381 5363
f 6791 5363 6792
f 6792 5363 4997
f 4846 6793 4847
f 4847 6793 4853
f 4889 4827 5190
f 5190 4827 6794
f 4857 4853 4998
f 4998 4853 6793
f 4999 6795 4884
f 4884 6795 4865
f 6796 6797 6798
f 6798 6797 6799
f 6798 6799 6800
f 6800 6799 6801
f 6800 6801 6802
f 6802 6801 6803
f 6802 6803 6804
f 6804 6803 6805
f 6804 6805 6806
f 6806 6805 6807
f 6806 6807 6808
f 6808 6807 6809
f 6808 6809 6810
f 6810 6809 6811
f 6810 6811 6812
f 6812 6811 6813
f 6812 6813 6814
f 6814 6813 6815
f 6814 6815 6816
f 6816 6815 6817
f 6816 6817 6818
f 6818 6817 6819
f 6818 6819 6820
f 6820 6819 6821
f 6820 6821 6822
f 6822 6821 6823
f 6822 6823 6796
f 6796 6823 6797
f 6824 6825 6826
f 6826 6825 6827
f 6826 6827 6828
f 6828 6827 6829
f 6828 6829 6830
f 6830 6829 6831
f 6830 6831 6832
f 6832 6831 6833
f 6832 6833 6834
f 6834 6833 6835
f 6834 6835 6836
f 6836 6835 6837
f 6836 6837 6838
f 6838 6837 6839
f 6838 6839 6840
f 6840 6839 6841
f 6840 6841 6842
f 6842 6841 6843
f 6842 6843 6844
f 6844 6843 6845
f 6844 6845 6846
f 6846 6845 6847
f 6846 6847 6848
f 6848 6847 6849
f 6848 6849 6850
f 6850 6849 6851
f 6850 6851 6824
f 6824 6851 6825
f 6852 6789 6853
f 6853 6789 6790
f 6853 6790 6854
f 6854 6790 6791
f 6854 6791 6855
f 6855 6791 6792
f 6855 6792 6856
f 6856 6792 4997
f 6856 4997 6857
f 6857 4997 4995
f 6857 4995 6858
f 6858 4995 4993
f 6858 4993 6859
f 6859 4993 4992
f 6859 4992 6860
f 6860 4992 4990
f 6860 4990 6861
f 6861 4990 4988
f 6861 4988 6862
f 6862 4988 4985
f 6862 4985 6863
f 6863 4985 4984
f 6863 4984 6864
f 6864 4984 6787
f 6864 6787 6865
f 6865 6787 6788
f 6865 6788 6852
f 6852 6788 6789
f 6866 6783 6867
f 6867 6783 6784
f 6867 6784 6868
f 6868 6784 6785
f 6868 6785 6869
f 6869 6785 6786
f 6869 6786 6870
f 6870 6786 4983
f 6870 4983 6871
f 6871 4983 4981
f 6871 4981 6872
f 6872 4981 4979
f 6872 4979 6873
f 6873 4979 4978
f 6873 4978 6874
f 6874 4978 4976
f 6874 4976 6875
f 6875 4976 4974
f 6875 4974 6876
f 6876 4974 4971
f 6876 4971 6877
f 6877 4971 4970
f 6877 4970 6878
f 6878 4970 6781
f 6878 6781 6879
f 6879 6781 6782
f 6879 6782 6866
f 6866 6782 6783
f 6880 6777 6881
f 6881 6777 6778
f 6881 6778 6882
f 6882 6778 6779
f 6882 6779 6883
f 6883 6779 6780
f 6883 6780 6884
f 6884 6780 4969
f 6884 4969 6885
f 6885 4969 4968
f 6885 4968 6886
f 6886 4968 4966
f 6886 4966 6887
f 6887 4966 4964
f 6887 4964 6888
f 6888 4964 4962
f 6888 4962 4960
f 6777 6880 6776
f 6776 6880 6889
f 6776 6889 6775
f 6775 6889 6890
f 6775 6890 4955
f 4955 6890 6891
f 4955 6891 4956
f 4956 6891 6892
f 4956 6892 4958
f 4958 6892 6893
f 4958 6893 4960
f 4960 6893 6888
f 6894 6771 6895
f 6895 6771 6772
f 6895 6772 6896
f 6896 6772 6773
f 6896 6773 6897
f 6897 6773 6774
f 6897 6774 6898
f 6898 6774 4954
f 6898 4954 6899
f 6899 4954 4952
f 6899 4952 6900
f 6900 4952 4950
f 6900 4950 6901
f 6901 4950 4949
f 6901 4949 6902
f 6902 4949 4947
f 6902 4947 6903
f 6903 4947 4945
f 6903 4945 6904
f 6904 4945 4942
f 6904 4942 6905
f 6905 4942 4941
f 6905 4941 6906
f 6906 4941 6769
f 6906 6769 6907
f 6907 6769 6770
f 6907 6770 6894
f 6894 6770 6771
f 5414 6908 5408
f 5408 6908 6909
f 5408 6909 5410
f 5410 6909 6910
f 5410 6910 5411
f 5411 6910 6911
f 5411 6911 5425
f 5425 6911 6912
f 5425 6912 5422
f 5422 6912 6913
f 5422 6913 5423
f 5423 6913 6914
f 5423 6914 5424
f 5424 6914 6915
f 5424 6915 5420
f 5420 6915 6916
f 5420 6916 5421
f 5421 6916 6917
f 5421 6917 5416
f 5416 6917 6918
f 5416 6918 5417
f 5417 6918 6919
f 5417 6919 5418
f 5418 6919 6920
f 5418 6920 5413
f 5413 6920 6921
f 5413 6921 5414
f 5414 6921 6908
f 6922 6765 6923
f 6923 6765 6766
f 6923 6766 6924
f 6924 6766 6767
f 6924 6767 6925
f 6925 6767 6768
f 6925 6768 6926
f 6926 6768 4940
f 6926 4940 6927
f 6927 4940 4938
f 6927 4938 6928
f 6928 4938 4936
f 6928 4936 6929
f 6929 4936 4935
f 6929 4935 6930
f 6930 4935 4933
f 6930 4933 6931
f 6931 4933 4931
f 6931 4931 6932
f 6932 4931 4928
f 6932 4928 6933
f 6933 4928 4927
f 6933 4927 6934
f 6934 4927 6763
f 6934 6763 6935
f 6935 6763 6764
f 6935 6764 6922
f 6922 6764 6765
f 6936 6759 6937
f 6937 6759 6760
f 6937 6760 6938
f 6938 6760 6761
f 6938 6761 6939
f 6939 6761 6762
f 6939 6762 6940
f 6940 6762 4926
f 6940 4926 6941
f 6941 4926 4924
f 6941 4924 6942
f 6942 4924 4922
f 6942 4922 6943
f 6943 4922 4921
f 6943 4921 6944
f 6944 4921 4919
f 6944 4919 6945
f 6945 4919 4917
f 6945 4917 6946
f 6946 4917 4914
f 6946 4914 6947
f 6947 4914 4913
f 6947 4913 6948
f 6948 4913 6757
f 6948 6757 6949
f 6949 6757 6758
f 6949 6758 6936
f 6936 6758 6759
f 6950 6753 6951
f 6951 6753 6754
f 6951 6754 6952
f 6952 6754 6755
f 6952 6755 6953
f 6953 6755 6756
f 6953 6756 6954
f 6954 6756 4912
f 6954 4912 6955
f 6955 4912 4910
f 6955 4910 6956
f 6956 4910 4908
f 6956 4908 6957
f 6957 4908 4907
f 6957 4907 6958
f 6958 4907 4905
f 6958 4905 6959
f 6959 4905 4903
f 6959 4903 6960
f 6960 4903 4900
f 6960 4900 6961
f 6961 4900 4899
f 6961 4899 6962
f 6962 4899 6751
f 6962 6751 6963
f 6963 6751 6752
f 6963 6752 6950
f 6950 6752 6753
f 5251 6794 5249
f 5249 6794 4827
f 5249 4827 4825
f 4830 4865 6750
f 6750 4865 6795
f 4829 6964 4827
f 4827 6964 6965
f 4827 6965 4825
f 4825 6965 6966
f 4825 6966 6967
f 6967 6966 6968
f 6967 6968 6969
f 6969 6968 6970
f 6969 6970 6971
f 5670 6811 4829
f 4829 6811 6809
f 4829 6809 6972
f 6972 6809 6973
f 6973 6809 6807
f 6973 6807 6974
f 6974 6807 6805
f 6974 6805 6975
f 6975 6805 6976
f 6976 6805 6803
f 6976 6803 6977
f 6977 6803 6978
f 6978 6803 6801
f 6978 6801 6979
f 6979 6801 6980
f 6980 6801 6799
f 6980 6799 6981
f 6981 6799 6982
f 6981 6982 6983
f 5671 6984 5670
f 5670 6984 6985
f 5670 6985 6986
f 5672 6987 5671
f 5671 6987 6988
f 5671 6988 6989
f 6989 6988 6990
f 6989 6990 6991
f 6991 6990 6992
f 6991 6992 6993
f 6993 6992 6994
f 6993 6994 6995
f 6995 6994 6996
f 6995 6996 6997
f 5673 6998 5672
f 5672 6998 6999
f 5672 6999 7000
f 5634 7001 5673
f 5673 7001 7002
f 5673 7002 7003
f 5633 7004 5634
f 5634 7004 7005
f 5634 7005 7006
f 4835 6829 5633
f 5633 6829 6827
f 5633 6827 6825
f 4830 7007 4835
f 4835 7007 7008
f 4835 7008 7009
f 4830 4823 7007
f 7007 4823 7010
f 7010 4823 7011
f 7010 7011 7012
f 7012 7011 7013
f 7012 7013 7014
f 7014 7013 7015
f 7014 7015 7016
f 7016 7015 7017
f 7017 7015 7018
f 7017 7018 7019
f 7019 7018 7020
f 7019 7020 7021
f 7021 7020 7022
f 7021 7022 7023
f 7023 7022 7024
f 7023 7024 7025
f 7025 7024 7026
f 7025 7026 7027
f 7027 7026 7028
f 7028 7026 7029
f 7029 7026 7030
f 7029 7030 7031
f 4823 4825 7011
f 7011 4825 6967
f 7032 7033 7034
f 7034 7033 7035
f 7034 7035 7036
f 7036 7035 7037
f 7037 7035 7038
f 7037 7038 7039
f 7033 7032 7040
f 7040 7032 7041
f 7040 7041 7042
f 7042 7041 7043
f 7042 7043 7044
f 7044 7043 5634
f 7044 5634 7045
f 7045 5634 7046
f 7046 5634 7047
f 7047 5634 7048
f 7047 7048 7049
f 7043 7041 7050
f 7050 7041 7051
f 7050 7051 7052
f 7052 7051 7053
f 7052 7053 7054
f 7054 7053 7055
f 7054 7055 7056
f 7056 7055 7057
f 7056 7057 7058
f 7057 7055 7059
f 7059 7055 7060
f 7059 7060 7061
f 7061 7060 7062
f 7061 7062 7063
f 7063 7062 7064
f 7063 7064 7065
f 7065 7064 7066
f 7065 7066 7067
f 7067 7066 7068
f 7067 7068 7069
f 7069 7068 7070
f 7069 7070 7071
f 7071 7070 7072
f 7072 7070 7073
f 7072 7073 7074
f 7072 7074 7075
f 7075 7074 7076
f 7075 7076 7036
f 7036 7076 7034
f 7077 7078 7079
f 7079 7078 7080
f 7079 7080 7081
f 7081 7080 7082
f 7081 7082 7083
f 7083 7082 7084
f 7083 7084 7085
f 7085 7084 7086
f 7085 7086 7087
f 7087 7086 7088
f 7087 7088 7016
f 7016 7088 7014
f 7078 7077 7089
f 7089 7077 7090
f 7089 7090 6839
f 6839 7090 7091
f 6839 7091 6841
f 6841 7091 7092
f 6841 7092 6843
f 6843 7092 7093
f 6843 7093 6845
f 6845 7093 7094
f 6845 7094 6847
f 6847 7094 7095
f 6847 7095 6849
f 6849 7095 5633
f 6849 5633 6851
f 6851 5633 6825
f 7092 7091 7096
f 7096 7091 7097
f 7096 7097 7098
f 7098 7097 7099
f 7098 7099 7100
f 7100 7099 7101
f 7100 7101 7102
f 7102 7101 7103
f 7102 7103 7104
f 7104 7103 7105
f 7104 7105 7106
f 7106 7105 7107
f 7106 7107 7108
f 7108 7107 7109
f 7108 7109 7110
f 7110 7109 7111
f 7110 7111 7112
f 7112 7111 7113
f 7113 7111 7114
f 7113 7114 7115
f 7115 7114 7116
f 7115 7116 7117
f 7111 7109 7118
f 7118 7109 7119
f 7118 7119 7120
f 7120 7119 7121
f 7120 7121 7122
f 7122 7121 7083
f 7122 7083 7085
f 7009 7123 4835
f 4835 7123 6831
f 4835 6831 6829
f 7123 7124 6831
f 6831 7124 6833
f 6833 7124 7125
f 6833 7125 6835
f 6835 7125 7126
f 6835 7126 6837
f 6837 7126 7127
f 6837 7127 6839
f 6839 7127 7089
f 7127 7126 7128
f 7128 7126 7129
f 7128 7129 7130
f 7130 7129 7131
f 7130 7131 7132
f 7132 7131 7133
f 7132 7133 7134
f 7134 7133 7135
f 7134 7135 7136
f 7136 7135 7137
f 7136 7137 7138
f 7138 7137 7139
f 7138 7139 7014
f 7014 7139 7012
f 7120 7140 7118
f 7118 7140 7141
f 7118 7141 7029
f 7006 7048 5634
f 7047 7049 7142
f 7142 7049 7143
f 7142 7143 7144
f 7144 7143 7145
f 7144 7145 7146
f 7146 7145 7147
f 7146 7147 7148
f 7148 7147 7149
f 7148 7149 7150
f 7150 7149 7151
f 7150 7151 7152
f 7149 7153 7151
f 7151 7153 7154
f 7154 7153 7155
f 7154 7155 7156
f 7154 7156 7157
f 7157 7156 7158
f 7157 7158 5633
f 5633 7158 7159
f 5633 7159 7160
f 7160 7004 5633
f 7161 7162 7163
f 7163 7162 7164
f 7163 7164 7165
f 7165 7164 7166
f 7165 7166 7167
f 7167 7166 7168
f 7167 7168 7169
f 7169 7168 7170
f 7169 7170 7171
f 7171 7170 7172
f 7171 7172 7173
f 7173 7172 7174
f 7174 7172 7175
f 7174 7175 7176
f 7176 7175 7177
f 7176 7177 6991
f 6991 7177 6989
f 7162 7161 7178
f 7178 7161 7179
f 7178 7179 7180
f 7180 7179 7181
f 7180 7181 7182
f 7182 7181 7183
f 7182 7183 7184
f 7184 7183 5671
f 7184 5671 7185
f 7185 5671 7186
f 7186 5671 6989
f 7183 7187 5671
f 5671 7187 7188
f 5671 7188 7189
f 7189 6984 5671
f 6986 7190 5670
f 5670 7190 7191
f 5670 7191 7192
f 7190 7193 7191
f 7191 7193 7194
f 7194 7193 7195
f 7194 7195 7196
f 7194 7196 7165
f 7165 7196 7163
f 7197 7198 7199
f 7199 7198 7200
f 7199 7200 7201
f 7201 7200 7202
f 7201 7202 7203
f 7203 7202 7204
f 7203 7204 7205
f 7205 7204 7206
f 7205 7206 7207
f 7198 7197 6979
f 6979 7197 6978
f 6977 7208 6976
f 6976 7208 7209
f 7209 7208 7210
f 7209 7210 7211
f 7211 7210 7212
f 7211 7212 7213
f 7213 7212 7214
f 7213 7214 7215
f 7215 7214 7216
f 7215 7216 7217
f 7217 7216 6970
f 7217 6970 6968
f 7218 7219 6971
f 6971 7219 7220
f 6971 7220 6969
f 6969 7220 7221
f 7221 7220 7222
f 7221 7222 7223
f 7223 7222 7224
f 7223 7224 7225
f 7225 7224 7226
f 7225 7226 7227
f 7227 7226 7228
f 7227 7228 7229
f 7229 7228 7230
f 7229 7230 7231
f 7219 7218 7207
f 7207 7218 7205
f 7098 7232 7096
f 7096 7232 7233
f 7233 7232 7234
f 7233 7234 7235
f 7235 7234 7236
f 7235 7236 7237
f 7237 7236 7117
f 7237 7117 7238
f 7236 7239 7117
f 7117 7239 7240
f 7117 7240 7115
f 7241 7242 7243
f 7243 7242 7244
f 7243 7244 7003
f 7003 7244 7245
f 7003 7245 5673
f 5673 7245 7246
f 5673 7246 7247
f 7242 7241 7248
f 7248 7241 7249
f 7248 7249 7250
f 7250 7249 7251
f 7250 7251 7252
f 7252 7253 7250
f 7250 7253 7254
f 7254 7253 7255
f 7255 7253 7054
f 7054 7253 7256
f 7054 7256 7257
f 7257 7052 7054
f 7043 7258 5634
f 5634 7258 7001
f 7058 7259 7056
f 7056 7259 7260
f 7260 7259 7261
f 7260 7261 7262
f 7262 7261 7238
f 7238 7261 7263
f 7238 7263 7264
f 7264 7237 7238
f 7233 7235 7265
f 7265 7235 7266
f 7265 7266 7071
f 7071 7266 7069
f 7267 7268 7269
f 7269 7268 5672
f 7269 5672 7270
f 7270 5672 7000
f 7268 7267 7271
f 7271 7267 7272
f 7271 7272 7273
f 7273 7272 7274
f 7273 7274 7275
f 7275 7274 7276
f 7276 7274 7277
f 7277 7274 7278
f 7277 7278 7279
f 7272 7280 7274
f 7274 7280 7281
f 7274 7281 7250
f 7250 7281 7248
f 7247 6998 5673
f 6994 7282 6996
f 6996 7282 7283
f 6996 7283 7277
f 7268 7284 5672
f 5672 7284 7285
f 5672 7285 6987
f 7286 6821 7192
f 7192 6821 6819
f 7192 6819 5670
f 5670 6819 6817
f 5670 6817 6815
f 6821 7286 6823
f 6823 7286 7287
f 6823 7287 6797
f 6797 7287 6982
f 6797 6982 6799
f 6981 6983 7288
f 7288 6983 7289
f 7288 7289 7290
f 7290 7289 7291
f 7291 7289 7292
f 7291 7292 7293
f 7293 7292 7294
f 7293 7294 7295
f 7295 7294 7296
f 7296 7294 7297
f 7296 7297 7298
f 7289 7299 7292
f 7292 7299 7300
f 7300 7299 7301
f 7301 7299 7302
f 7301 7302 7303
f 7303 7302 7304
f 7303 7304 7305
f 7304 7302 7306
f 7306 7302 7307
f 7306 7307 7308
f 7308 7307 7309
f 7308 7309 7310
f 7310 7309 7171
f 7310 7171 7173
f 7037 7039 7152
f 7152 7039 7150
f 7311 7312 7313
f 7313 7312 7314
f 7313 7314 7315
f 7315 7314 7316
f 7316 7314 7317
f 7316 7317 7318
f 7318 7317 7319
f 7319 7317 7320
f 7319 7320 7321
f 7321 7320 7322
f 7321 7322 7323
f 7323 7322 7324
f 7323 7324 7325
f 7325 7324 7326
f 7325 7326 7327
f 7327 7326 7328
f 7327 7328 7288
f 7288 7328 6981
f 7312 7311 7204
f 7204 7311 7206
f 7231 7329 7229
f 7229 7329 7330
f 7330 7329 7331
f 7331 7329 7315
f 7315 7329 7332
f 7315 7332 7333
f 7333 7313 7315
f 7095 7157 5633
f 7298 7334 7296
f 7296 7334 7335
f 7335 7334 7336
f 7336 7334 6997
f 6997 7334 7337
f 6997 7337 7338
f 7338 7339 6997
f 6997 7339 7340
f 6997 7340 6995
f 7339 7341 7340
f 7340 7341 7342
f 7342 7341 7343
f 7342 7343 7344
f 7344 7343 7345
f 7344 7345 7346
f 7346 7345 7347
f 7346 7347 7305
f 7305 7347 7303
f 7348 7349 7295
f 7295 7349 7350
f 7295 7350 7293
f 7318 7351 7316
f 7316 7351 7352
f 7316 7352 7348
f 7024 7353 7026
f 7026 7353 7229
f 7229 7353 7354
f 7229 7354 7227
f 6972 7355 4829
f 4829 7355 6964
f 6815 6813 5670
f 5670 6813 6811
f 7031 7118 7029
f 7279 6996 7277
f 7295 7356 7348
f 7348 7356 7357
f 7348 7357 7316
f 7170 7358 7172
f 7172 7358 7359
f 7172 7359 7175
f 7175 7359 7360
f 7175 7360 7177
f 7177 7360 7361
f 7177 7361 6989
f 6989 7361 7362
f 6989 7362 7186
f 7186 7362 7363
f 7186 7363 7185
f 7185 7363 7364
f 7185 7364 7184
f 7184 7364 7365
f 7184 7365 7182
f 7182 7365 7366
f 7182 7366 7180
f 7180 7366 7367
f 7180 7367 7178
f 7178 7367 7368
f 7178 7368 7162
f 7162 7368 7369
f 7162 7369 7164
f 7164 7369 7370
f 7164 7370 7166
f 7166 7370 7371
f 7166 7371 7168
f 7168 7371 7372
f 7168 7372 7170
f 7170 7372 7358
f 7211 7373 7209
f 7209 7373 7374
f 7209 7374 6976
f 6976 7374 7375
f 6976 7375 6975
f 6975 7375 7376
f 6975 7376 6974
f 6974 7376 7377
f 6974 7377 6973
f 6973 7377 7378
f 6973 7378 6972
f 6972 7378 7379
f 6972 7379 7355
f 7355 7379 7380
f 7355 7380 6964
f 6964 7380 7381
f 6964 7381 6965
f 6965 7381 7382
f 6965 7382 6966
f 6966 7382 7383
f 6966 7383 6968
f 6968 7383 7384
f 6968 7384 7217
f 7217 7384 7385
f 7217 7385 7215
f 7215 7385 7386
f 7215 7386 7213
f 7213 7386 7387
f 7213 7387 7211
f 7211 7387 7373
f 7346 7388 7344
f 7344 7388 7389
f 7344 7389 7342
f 7342 7389 7390
f 7342 7390 7340
f 7340 7390 7391
f 7340 7391 6995
f 6995 7391 7392
f 6995 7392 6993
f 6993 7392 7393
f 6993 7393 6991
f 6991 7393 7394
f 6991 7394 7176
f 7176 7394 7395
f 7176 7395 7174
f 7174 7395 7396
f 7174 7396 7173
f 7173 7396 7397
f 7173 7397 7310
f 7310 7397 7398
f 7310 7398 7308
f 7308 7398 7399
f 7308 7399 7306
f 7306 7399 7400
f 7306 7400 7304
f 7304 7400 7401
f 7304 7401 7305
f 7305 7401 7402
f 7305 7402 7346
f 7346 7402 7388
f 7225 7403 7223
f 7223 7403 7404
f 7223 7404 7221
f 7221 7404 7405
f 7221 7405 6969
f 6969 7405 7406
f 6969 7406 6967
f 6967 7406 7407
f 6967 7407 7011
f 7011 7407 7408
f 7011 7408 7013
f 7013 7408 7409
f 7013 7409 7015
f 7015 7409 7410
f 7015 7410 7018
f 7018 7410 7411
f 7018 7411 7020
f 7020 7411 7412
f 7020 7412 7022
f 7022 7412 7413
f 7022 7413 7024
f 7024 7413 7414
f 7024 7414 7353
f 7353 7414 7415
f 7353 7415 7354
f 7354 7415 7416
f 7354 7416 7227
f 7227 7416 7417
f 7227 7417 7225
f 7225 7417 7403
f 7348 7418 7349
f 7349 7418 7419
f 7349 7419 7350
f 7350 7419 7420
f 7350 7420 7293
f 7293 7420 7421
f 7293 7421 7291
f 7291 7421 7422
f 7291 7422 7290
f 7290 7422 7423
f 7290 7423 7288
f 7288 7423 7424
f 7288 7424 7327
f 7327 7424 7425
f 7327 7425 7325
f 7325 7425 7426
f 7325 7426 7323
f 7323 7426 7427
f 7323 7427 7321
f 7321 7427 7428
f 7321 7428 7319
f 7319 7428 7429
f 7319 7429 7318
f 7318 7429 7430
f 7318 7430 7351
f 7351 7430 7431
f 7351 7431 7352
f 7352 7431 7432
f 7352 7432 7348
f 7348 7432 7418
f 7297 7433 7298
f 7298 7433 7434
f 7298 7434 7334
f 7334 7434 7435
f 7334 7435 7337
f 7337 7435 7436
f 7337 7436 7338
f 7338 7436 7437
f 7338 7437 7339
f 7339 7437 7438
f 7339 7438 7341
f 7341 7438 7439
f 7341 7439 7343
f 7343 7439 7440
f 7343 7440 7345
f 7345 7440 7441
f 7345 7441 7347
f 7347 7441 7442
f 7347 7442 7303
f 7303 7442 7443
f 7303 7443 7301
f 7301 7443 7444
f 7301 7444 7300
f 7300 7444 7445
f 7300 7445 7292
f 7292 7445 7446
f 7292 7446 7294
f 7294 7446 7447
f 7294 7447 7297
f 7297 7447 7433
f 7448 7449 7037
f 7037 7449 7036
f 7154 7450 7151
f 7151 7450 7451
f 7151 7451 7152
f 7152 7451 7452
f 7152 7452 7037
f 7037 7452 7448
f 7453 7450 7157
f 7157 7450 7154
f 7093 7454 7094
f 7094 7454 7455
f 7094 7455 7095
f 7095 7455 7456
f 7095 7456 7157
f 7157 7456 7453
f 7457 7454 7092
f 7092 7454 7093
f 7265 7458 7233
f 7233 7458 7459
f 7233 7459 7096
f 7096 7459 7460
f 7096 7460 7092
f 7092 7460 7457
f 7461 7458 7071
f 7071 7458 7265
f 7036 7449 7075
f 7075 7449 7462
f 7075 7462 7072
f 7072 7462 7463
f 7072 7463 7071
f 7071 7463 7461
f 7320 7464 7322
f 7322 7464 7465
f 7322 7465 7324
f 7324 7465 7466
f 7324 7466 7326
f 7326 7466 7467
f 7326 7467 7328
f 7328 7467 7468
f 7328 7468 6981
f 6981 7468 7469
f 6981 7469 6980
f 6980 7469 7470
f 6980 7470 6979
f 6979 7470 7471
f 6979 7471 7198
f 7198 7471 7472
f 7198 7472 7200
f 7200 7472 7473
f 7200 7473 7202
f 7202 7473 7474
f 7202 7474 7204
f 7204 7474 7475
f 7204 7475 7312
f 7312 7475 7476
f 7312 7476 7314
f 7314 7476 7477
f 7314 7477 7317
f 7317 7477 7478
f 7317 7478 7320
f 7320 7478 7464
f 7333 7479 7313
f 7313 7479 7480
f 7313 7480 7311
f 7311 7480 7481
f 7311 7481 7206
f 7206 7481 7482
f 7206 7482 7207
f 7207 7482 7483
f 7207 7483 7219
f 7219 7483 7484
f 7219 7484 7220
f 7220 7484 7485
f 7220 7485 7222
f 7222 7485 7486
f 7222 7486 7224
f 7224 7486 7487
f 7224 7487 7226
f 7226 7487 7488
f 7226 7488 7228
f 7228 7488 7489
f 7228 7489 7230
f 7230 7489 7490
f 7230 7490 7231
f 7231 7490 7491
f 7231 7491 7329
f 7329 7491 7492
f 7329 7492 7332
f 7332 7492 7493
f 7332 7493 7333
f 7333 7493 7479
f 7144 7494 7142
f 7142 7494 7495
f 7142 7495 7047
f 7047 7495 7496
f 7047 7496 7046
f 7046 7496 7497
f 7046 7497 7045
f 7045 7497 7498
f 7045 7498 7044
f 7044 7498 7499
f 7044 7499 7042
f 7042 7499 7500
f 7042 7500 7040
f 7040 7500 7501
f 7040 7501 7033
f 7033 7501 7502
f 7033 7502 7035
f 7035 7502 7503
f 7035 7503 7038
f 7038 7503 7504
f 7038 7504 7039
f 7039 7504 7505
f 7039 7505 7150
f 7150 7505 7506
f 7150 7506 7148
f 7148 7506 7507
f 7148 7507 7146
f 7146 7507 7508
f 7146 7508 7144
f 7144 7508 7494
f 7138 7509 7136
f 7136 7509 7510
f 7136 7510 7134
f 7134 7510 7511
f 7134 7511 7132
f 7132 7511 7512
f 7132 7512 7130
f 7130 7512 7513
f 7130 7513 7128
f 7128 7513 7514
f 7128 7514 7127
f 7127 7514 7515
f 7127 7515 7089
f 7089 7515 7516
f 7089 7516 7078
f 7078 7516 7517
f 7078 7517 7080
f 7080 7517 7518
f 7080 7518 7082
f 7082 7518 7519
f 7082 7519 7084
f 7084 7519 7520
f 7084 7520 7086
f 7086 7520 7521
f 7086 7521 7088
f 7088 7521 7522
f 7088 7522 7014
f 7014 7522 7523
f 7014 7523 7138
f 7138 7523 7509
f 7302 7524 7307
f 7307 7524 7525
f 7307 7525 7309
f 7309 7525 7526
f 7309 7526 7171
f 7171 7526 7527
f 7528 7524 7299
f 7299 7524 7302
f 6982 7529 6983
f 6983 7529 7530
f 6983 7530 7289
f 7289 7530 7531
f 7289 7531 7299
f 7299 7531 7528
f 7532 7529 7287
f 7287 7529 6982
f 7191 7533 7192
f 7192 7533 7534
f 7192 7534 7286
f 7286 7534 7535
f 7286 7535 7287
f 7287 7535 7532
f 7536 7533 7194
f 7194 7533 7191
f 7169 7537 7167
f 7167 7537 7538
f 7167 7538 7165
f 7165 7538 7539
f 7165 7539 7194
f 7194 7539 7536
f 7527 7537 7171
f 7171 7537 7169
f 6992 7540 6994
f 6994 7540 7541
f 6994 7541 7282
f 7282 7541 7542
f 7282 7542 7283
f 7283 7542 7543
f 7283 7543 7277
f 7277 7543 7544
f 7277 7544 7276
f 7276 7544 7545
f 7276 7545 7275
f 7275 7545 7546
f 7275 7546 7273
f 7273 7546 7547
f 7273 7547 7271
f 7271 7547 7548
f 7271 7548 7268
f 7268 7548 7549
f 7268 7549 7284
f 7284 7549 7550
f 7284 7550 7285
f 7285 7550 7551
f 7285 7551 6987
f 6987 7551 7552
f 6987 7552 6988
f 6988 7552 7553
f 6988 7553 6990
f 6990 7553 7554
f 6990 7554 6992
f 6992 7554 7540
f 7270 7555 7269
f 7269 7555 7556
f 7269 7556 7267
f 7267 7556 7557
f 7267 7557 7272
f 7272 7557 7558
f 7272 7558 7280
f 7280 7558 7559
f 7280 7559 7281
f 7281 7559 7560
f 7281 7560 7248
f 7248 7560 7561
f 7248 7561 7242
f 7242 7561 7562
f 7242 7562 7244
f 7244 7562 7563
f 7244 7563 7245
f 7245 7563 7564
f 7245 7564 7246
f 7246 7564 7565
f 7246 7565 7247
f 7247 7565 7566
f 7247 7566 6998
f 6998 7566 7567
f 6998 7567 6999
f 6999 7567 7568
f 6999 7568 7000
f 7000 7568 7569
f 7000 7569 7270
f 7270 7569 7555
f 7067 7570 7065
f 7065 7570 7571
f 7065 7571 7063
f 7063 7571 7572
f 7063 7572 7061
f 7061 7572 7573
f 7061 7573 7059
f 7059 7573 7574
f 7059 7574 7057
f 7057 7574 7575
f 7057 7575 7058
f 7058 7575 7576
f 7058 7576 7259
f 7259 7576 7577
f 7259 7577 7261
f 7261 7577 7578
f 7261 7578 7263
f 7263 7578 7579
f 7263 7579 7264
f 7264 7579 7580
f 7264 7580 7237
f 7237 7580 7581
f 7237 7581 7235
f 7235 7581 7582
f 7235 7582 7266
f 7266 7582 7583
f 7266 7583 7069
f 7069 7583 7584
f 7069 7584 7067
f 7067 7584 7570
f 7003 7585 7243
f 7243 7585 7586
f 7243 7586 7241
f 7241 7586 7587
f 7241 7587 7249
f 7249 7587 7588
f 7249 7588 7251
f 7251 7588 7589
f 7251 7589 7252
f 7252 7589 7590
f 7252 7590 7253
f 7253 7590 7591
f 7253 7591 7256
f 7256 7591 7592
f 7256 7592 7257
f 7257 7592 7593
f 7257 7593 7052
f 7052 7593 7594
f 7052 7594 7050
f 7050 7594 7595
f 7050 7595 7043
f 7043 7595 7596
f 7043 7596 7258
f 7258 7596 7597
f 7258 7597 7001
f 7001 7597 7598
f 7001 7598 7002
f 7002 7598 7599
f 7002 7599 7003
f 7003 7599 7585
f 7104 7600 7102
f 7102 7600 7601
f 7102 7601 7100
f 7100 7601 7602
f 7100 7602 7098
f 7098 7602 7603
f 7098 7603 7232
f 7232 7603 7604
f 7232 7604 7234
f 7234 7604 7605
f 7234 7605 7236
f 7236 7605 7606
f 7236 7606 7239
f 7239 7606 7607
f 7239 7607 7240
f 7240 7607 7608
f 7240 7608 7115
f 7115 7608 7609
f 7115 7609 7113
f 7113 7609 7610
f 7113 7610 7112
f 7112 7610 7611
f 7112 7611 7110
f 7110 7611 7612
f 7110 7612 7108
f 7108 7612 7613
f 7108 7613 7106
f 7106 7613 7614
f 7106 7614 7104
f 7104 7614 7600
f 7201 7615 7199
f 7199 7615 7616
f 7199 7616 7197
f 7197 7616 7617
f 7197 7617 6978
f 6978 7617 7618
f 6978 7618 6977
f 6977 7618 7619
f 6977 7619 7208
f 7208 7619 7620
f 7208 7620 7210
f 7210 7620 7621
f 7210 7621 7212
f 7212 7621 7622
f 7212 7622 7214
f 7214 7622 7623
f 7214 7623 7216
f 7216 7623 7624
f 7216 7624 6970
f 6970 7624 7625
f 6970 7625 6971
f 6971 7625 7626
f 6971 7626 7218
f 7218 7626 7627
f 7218 7627 7205
f 7205 7627 7628
f 7205 7628 7203
f 7203 7628 7629
f 7203 7629 7201
f 7201 7629 7615
f 7196 7630 7163
f 7163 7630 7631
f 7163 7631 7161
f 7161 7631 7632
f 7161 7632 7179
f 7179 7632 7633
f 7179 7633 7181
f 7181 7633 7634
f 7181 7634 7183
f 7183 7634 7635
f 7183 7635 7187
f 7187 7635 7636
f 7187 7636 7188
f 7188 7636 7637
f 7188 7637 7189
f 7189 7637 7638
f 7189 7638 6984
f 6984 7638 7639
f 6984 7639 6985
f 6985 7639 7640
f 6985 7640 6986
f 6986 7640 7641
f 6986 7641 7190
f 7190 7641 7642
f 7190 7642 7193
f 7193 7642 7643
f 7193 7643 7195
f 7195 7643 7644
f 7195 7644 7196
f 7196 7644 7630
f 7160 7645 7004
f 7004 7645 7646
f 7004 7646 7005
f 7005 7646 7647
f 7005 7647 7006
f 7006 7647 7648
f 7006 7648 7048
f 7048 7648 7649
f 7048 7649 7049
f 7049 7649 7650
f 7049 7650 7143
f 7143 7650 7651
f 7143 7651 7145
f 7145 7651 7652
f 7145 7652 7147
f 7147 7652 7653
f 7147 7653 7149
f 7149 7653 7654
f 7149 7654 7153
f 7153 7654 7655
f 7153 7655 7155
f 7155 7655 7656
f 7155 7656 7156
f 7156 7656 7657
f 7156 7657 7158
f 7158 7657 7658
f 7158 7658 7159
f 7159 7658 7659
f 7159 7659 7160
f 7160 7659 7645
f 7023 7660 7021
f 7021 7660 7661
f 7021 7661 7019
f 7019 7661 7662
f 7019 7662 7017
f 7017 7662 7663
f 7017 7663 7016
f 7016 7663 7664
f 7016 7664 7087
f 7087 7664 7665
f 7087 7665 7085
f 7085 7665 7666
f 7085 7666 7122
f 7122 7666 7667
f 7122 7667 7120
f 7120 7667 7668
f 7120 7668 7140
f 7140 7668 7669
f 7140 7669 7141
f 7141 7669 7670
f 7141 7670 7029
f 7029 7670 7671
f 7029 7671 7028
f 7028 7671 7672
f 7028 7672 7027
f 7027 7672 7673
f 7027 7673 7025
f 7025 7673 7674
f 7025 7674 7023
f 7023 7674 7660
f 7010 7675 7007
f 7007 7675 7676
f 7007 7676 7008
f 7008 7676 7677
f 7008 7677 7009
f 7009 7677 7678
f 7009 7678 7123
f 7123 7678 7679
f 7123 7679 7124
f 7124 7679 7680
f 7124 7680 7125
f 7125 7680 7681
f 7125 7681 7126
f 7126 7681 7682
f 7126 7682 7129
f 7129 7682 7683
f 7129 7683 7131
f 7131 7683 7684
f 7131 7684 7133
f 7133 7684 7685
f 7133 7685 7135
f 7135 7685 7686
f 7135 7686 7137
f 7137 7686 7687
f 7137 7687 7139
f 7139 7687 7688
f 7139 7688 7012
f 7012 7688 7689
f 7012 7689 7010
f 7010 7689 7675
f 7081 7690 7079
f 7079 7690 7691
f 7079 7691 7077
f 7077 7691 7692
f 7077 7692 7090
f 7090 7692 7693
f 7090 7693 7091
f 7091 7693 7694
f 7091 7694 7097
f 7097 7694 7695
f 7097 7695 7099
f 7099 7695 7696
f 7099 7696 7101
f 7101 7696 7697
f 7101 7697 7103
f 7103 7697 7698
f 7103 7698 7105
f 7105 7698 7699
f 7105 7699 7107
f 7107 7699 7700
f 7107 7700 7109
f 7109 7700 7701
f 7109 7701 7119
f 7119 7701 7702
f 7119 7702 7121
f 7121 7702 7703
f 7121 7703 7083
f 7083 7703 7704
f 7083 7704 7081
f 7081 7704 7690
f 7076 7705 7034
f 7034 7705 7706
f 7034 7706 7032
f 7032 7706 7707
f 7032 7707 7041
f 7041 7707 7708
f 7041 7708 7051
f 7051 7708 7709
f 7051 7709 7053
f 7053 7709 7710
f 7053 7710 7055
f 7055 7710 7711
f 7055 7711 7060
f 7060 7711 7712
f 7060 7712 7062
f 7062 7712 7713
f 7062 7713 7064
f 7064 7713 7714
f 7064 7714 7066
f 7066 7714 7715
f 7066 7715 7068
f 7068 7715 7716
f 7068 7716 7070
f 7070 7716 7717
f 7070 7717 7073
f 7073 7717 7718
f 7073 7718 7074
f 7074 7718 7719
f 7074 7719 7076
f 7076 7719 7705
f 7720 7721 7229
f 7229 7721 7026
f 7315 7722 7331
f 7331 7722 7723
f 7331 7723 7724
f 7720 7229 7724
f 7724 7229 7330
f 7724 7330 7331
f 7725 7722 7316
f 7316 7722 7315
f 7295 7726 7356
f 7356 7726 7727
f 7356 7727 7728
f 7725 7316 7728
f 7728 7316 7357
f 7728 7357 7356
f 7729 7726 7296
f 7296 7726 7295
f 6997 7730 7336
f 7336 7730 7731
f 7336 7731 7732
f 7729 7296 7732
f 7732 7296 7335
f 7732 7335 7336
f 7733 7730 6996
f 6996 7730 6997
f 7274 7734 7278
f 7278 7734 7735
f 7278 7735 7736
f 7733 6996 7736
f 7736 6996 7279
f 7736 7279 7278
f 7737 7734 7250
f 7250 7734 7274
f 7054 7738 7255
f 7255 7738 7739
f 7255 7739 7740
f 7737 7250 7740
f 7740 7250 7254
f 7740 7254 7255
f 7741 7738 7056
f 7056 7738 7054
f 7238 7742 7262
f 7262 7742 7743
f 7262 7743 7744
f 7741 7056 7744
f 7744 7056 7260
f 7744 7260 7262
f 7745 7742 7117
f 7117 7742 7238
f 7111 7746 7114
f 7114 7746 7747
f 7114 7747 7748
f 7745 7117 7748
f 7748 7117 7116
f 7748 7116 7114
f 7749 7746 7118
f 7118 7746 7111
f 7026 7721 7030
f 7030 7721 7750
f 7030 7750 7751
f 7749 7118 7751
f 7751 7118 7031
f 7751 7031 7030
f 7358 7527 7359
f 7359 7527 7397
f 7359 7397 7396
f 7527 7358 7537
f 7537 7358 7372
f 7537 7372 7538
f 7538 7372 7371
f 7538 7371 7539
f 7539 7371 7370
f 7539 7370 7631
f 7631 7370 7369
f 7631 7369 7632
f 7632 7369 7368
f 7632 7368 7633
f 7633 7368 7367
f 7633 7367 7634
f 7634 7367 7366
f 7634 7366 7635
f 7635 7366 6938
f 7635 6938 6939
f 7366 7365 6938
f 6938 7365 6937
f 6937 7365 7364
f 6937 7364 6936
f 6936 7364 7363
f 6936 7363 7553
f 7553 7363 7362
f 7553 7362 7554
f 7554 7362 7394
f 7554 7394 7540
f 7540 7394 7393
f 7540 7393 7541
f 7541 7393 7392
f 7541 7392 7733
f 7733 7392 7730
f 7730 7392 7391
f 7730 7391 7438
f 7438 7391 7439
f 7439 7391 7390
f 7439 7390 7440
f 7440 7390 7389
f 7440 7389 7441
f 7441 7389 7388
f 7441 7388 7442
f 7442 7388 7402
f 7442 7402 7443
f 7443 7402 7401
f 7443 7401 7524
f 7524 7401 7400
f 7524 7400 7525
f 7525 7400 7399
f 7525 7399 7526
f 7526 7399 7398
f 7526 7398 7527
f 7527 7398 7397
f 7362 7361 7394
f 7394 7361 7395
f 7395 7361 7360
f 7395 7360 7396
f 7396 7360 7359
f 7373 7621 7374
f 7374 7621 7620
f 7374 7620 7375
f 7375 7620 7619
f 7375 7619 6802
f 6802 7619 7618
f 6802 7618 6800
f 6800 7618 7471
f 6800 7471 7470
f 7621 7373 7622
f 7622 7373 7387
f 7622 7387 7623
f 7623 7387 7386
f 7623 7386 7624
f 7624 7386 7385
f 7624 7385 7625
f 7625 7385 7384
f 7625 7384 7406
f 7406 7384 7407
f 7407 7384 7383
f 7407 7383 5251
f 5251 7383 7382
f 5251 7382 6794
f 6794 7382 7381
f 6794 7381 7380
f 7380 7379 6794
f 6794 7379 6810
f 6794 6810 6812
f 6810 7379 6808
f 6808 7379 7378
f 6808 7378 6806
f 6806 7378 7377
f 6806 7377 6804
f 6804 7377 7376
f 6804 7376 7375
f 7403 7487 7404
f 7404 7487 7486
f 7404 7486 7405
f 7405 7486 7485
f 7405 7485 7406
f 7406 7485 7626
f 7406 7626 7625
f 7487 7403 7488
f 7488 7403 7417
f 7488 7417 7489
f 7489 7417 7720
f 7489 7720 7490
f 7490 7720 7491
f 7491 7720 7492
f 7492 7720 7724
f 7492 7724 7723
f 7417 7416 7720
f 7720 7416 7415
f 7720 7415 7721
f 7721 7415 7414
f 7721 7414 7674
f 7674 7414 7660
f 7660 7414 7413
f 7660 7413 7661
f 7661 7413 7412
f 7661 7412 7662
f 7662 7412 7411
f 7662 7411 7663
f 7663 7411 7410
f 7663 7410 7664
f 7664 7410 7523
f 7664 7523 7522
f 7410 7409 7523
f 7523 7409 7689
f 7523 7689 7688
f 7409 7408 7689
f 7689 7408 7675
f 7675 7408 5263
f 7675 5263 7676
f 7676 5263 6750
f 7676 6750 7677
f 7677 6750 7678
f 7678 6750 7679
f 7679 6750 6828
f 7679 6828 6830
f 5263 7408 5251
f 5251 7408 7407
f 7420 7419 7726
f 7726 7419 7418
f 7726 7418 7727
f 7727 7418 7728
f 7728 7418 7725
f 7725 7418 7432
f 7725 7432 7431
f 7431 7430 7725
f 7725 7430 7478
f 7725 7478 7477
f 7430 7429 7478
f 7478 7429 7464
f 7464 7429 7428
f 7464 7428 7465
f 7465 7428 7427
f 7465 7427 7466
f 7466 7427 7426
f 7466 7426 7467
f 7467 7426 7425
f 7467 7425 7468
f 7468 7425 7424
f 7468 7424 7469
f 7469 7424 7530
f 7469 7530 7529
f 7530 7424 7531
f 7531 7424 7423
f 7531 7423 7422
f 7531 7422 7446
f 7446 7422 7421
f 7446 7421 7447
f 7447 7421 7726
f 7447 7726 7729
f 7421 7420 7726
f 7435 7434 7729
f 7729 7434 7433
f 7729 7433 7447
f 7531 7446 7528
f 7528 7446 7445
f 7528 7445 7444
f 7528 7444 7524
f 7524 7444 7443
f 7438 7437 7730
f 7730 7437 7436
f 7730 7436 7435
f 7463 7717 7461
f 7461 7717 7584
f 7461 7584 7583
f 7462 7719 7463
f 7463 7719 7718
f 7463 7718 7717
f 7719 7462 7705
f 7705 7462 7449
f 7705 7449 7706
f 7706 7449 7503
f 7706 7503 7502
f 7449 7448 7503
f 7503 7448 7504
f 7504 7448 7505
f 7505 7448 7452
f 7505 7452 7506
f 7506 7452 7451
f 7506 7451 7654
f 7654 7451 7655
f 7655 7451 7450
f 7655 7450 7656
f 7656 7450 7657
f 7657 7450 7453
f 7657 7453 6929
f 6929 7453 6928
f 6928 7453 6862
f 6928 6862 6863
f 7453 7456 6862
f 6862 7456 6861
f 6861 7456 6848
f 6861 6848 6860
f 6860 6848 6850
f 6860 6850 6859
f 6859 6850 6824
f 6859 6824 6858
f 6858 6824 6826
f 6858 6826 6750
f 6750 6826 6828
f 6848 7456 6846
f 6846 7456 7455
f 6846 7455 6844
f 6844 7455 7454
f 6844 7454 6842
f 6842 7454 7457
f 6842 7457 6840
f 6840 7457 7694
f 6840 7694 6838
f 6838 7694 7693
f 6838 7693 7516
f 7516 7693 7692
f 7516 7692 7517
f 7517 7692 7691
f 7517 7691 7518
f 7518 7691 7690
f 7518 7690 7519
f 7519 7690 7704
f 7519 7704 7520
f 7520 7704 7666
f 7520 7666 7521
f 7521 7666 7665
f 7521 7665 7522
f 7522 7665 7664
f 7457 7460 7694
f 7694 7460 7695
f 7695 7460 7603
f 7695 7603 7696
f 7696 7603 7602
f 7696 7602 7697
f 7697 7602 7601
f 7697 7601 7698
f 7698 7601 7600
f 7698 7600 7699
f 7699 7600 7614
f 7699 7614 7700
f 7700 7614 7613
f 7700 7613 7701
f 7701 7613 7612
f 7701 7612 7746
f 7746 7612 7611
f 7746 7611 7610
f 7603 7460 7604
f 7604 7460 7459
f 7604 7459 7605
f 7605 7459 7582
f 7605 7582 7606
f 7606 7582 7581
f 7606 7581 7745
f 7745 7581 7742
f 7742 7581 7580
f 7742 7580 7579
f 7459 7458 7582
f 7582 7458 7583
f 7583 7458 7461
f 7476 7480 7477
f 7477 7480 7722
f 7477 7722 7725
f 7480 7476 7481
f 7481 7476 7475
f 7481 7475 7482
f 7482 7475 7628
f 7482 7628 7483
f 7483 7628 7627
f 7483 7627 7484
f 7484 7627 7626
f 7484 7626 7485
f 7628 7475 7629
f 7629 7475 7474
f 7629 7474 7615
f 7615 7474 7473
f 7615 7473 7616
f 7616 7473 7472
f 7616 7472 7617
f 7617 7472 7471
f 7617 7471 7618
f 6800 7470 6798
f 6798 7470 7469
f 6798 7469 7529
f 7480 7479 7722
f 7722 7479 7493
f 7722 7493 7492
f 7494 7651 7495
f 7495 7651 7650
f 7495 7650 7496
f 7496 7650 7649
f 7496 7649 6872
f 6872 7649 7648
f 6872 7648 6871
f 6871 7648 7647
f 6871 7647 6870
f 6870 7647 6934
f 6870 6934 6935
f 7651 7494 7652
f 7652 7494 7508
f 7652 7508 7653
f 7653 7508 7507
f 7653 7507 7654
f 7654 7507 7506
f 7706 7502 7707
f 7707 7502 7501
f 7707 7501 7708
f 7708 7501 7500
f 7708 7500 7596
f 7596 7500 7499
f 7596 7499 7597
f 7597 7499 6875
f 7597 6875 6876
f 7499 7498 6875
f 6875 7498 6874
f 6874 7498 7497
f 6874 7497 6873
f 6873 7497 7496
f 6873 7496 6872
f 7509 7687 7510
f 7510 7687 7686
f 7510 7686 7511
f 7511 7686 7685
f 7511 7685 7512
f 7512 7685 7684
f 7512 7684 7513
f 7513 7684 7683
f 7513 7683 7514
f 7514 7683 7682
f 7514 7682 7515
f 7515 7682 6836
f 7515 6836 6838
f 7687 7509 7688
f 7688 7509 7523
f 7516 7515 6838
f 6798 7529 6796
f 6796 7529 7532
f 6796 7532 6822
f 6822 7532 7535
f 6822 7535 6820
f 6820 7535 7534
f 6820 7534 6818
f 6818 7534 6894
f 6818 6894 6895
f 6894 7534 6907
f 6907 7534 7533
f 6907 7533 6953
f 6953 7533 6952
f 6952 7533 7643
f 6952 7643 7642
f 7533 7536 7643
f 7643 7536 7644
f 7644 7536 7630
f 7630 7536 7539
f 7630 7539 7631
f 6936 7553 6949
f 6949 7553 7552
f 6949 7552 6793
f 6793 7552 6880
f 6793 6880 6881
f 7552 7551 6880
f 6880 7551 6889
f 6889 7551 7550
f 6889 7550 6890
f 6890 7550 7556
f 6890 7556 7555
f 7550 7549 7556
f 7556 7549 7557
f 7557 7549 7548
f 7557 7548 7558
f 7558 7548 7547
f 7558 7547 7734
f 7734 7547 7546
f 7734 7546 7545
f 7545 7544 7734
f 7734 7544 7735
f 7735 7544 7736
f 7736 7544 7733
f 7733 7544 7543
f 7733 7543 7542
f 7542 7541 7733
f 6890 7555 6891
f 6891 7555 7569
f 6891 7569 6892
f 6892 7569 7568
f 6892 7568 6893
f 6893 7568 7567
f 6893 7567 6910
f 6910 7567 7566
f 6910 7566 6911
f 6911 7566 7565
f 6911 7565 6912
f 6912 7565 7564
f 6912 7564 6913
f 6913 7564 7585
f 6913 7585 7599
f 7564 7563 7585
f 7585 7563 7586
f 7586 7563 7562
f 7586 7562 7587
f 7587 7562 7561
f 7587 7561 7588
f 7588 7561 7737
f 7588 7737 7589
f 7589 7737 7590
f 7590 7737 7591
f 7591 7737 7740
f 7591 7740 7739
f 7561 7560 7737
f 7737 7560 7734
f 7734 7560 7559
f 7734 7559 7558
f 7570 7715 7571
f 7571 7715 7714
f 7571 7714 7572
f 7572 7714 7713
f 7572 7713 7573
f 7573 7713 7712
f 7573 7712 7574
f 7574 7712 7711
f 7574 7711 7575
f 7575 7711 7741
f 7575 7741 7576
f 7576 7741 7577
f 7577 7741 7744
f 7577 7744 7578
f 7578 7744 7743
f 7578 7743 7742
f 7715 7570 7716
f 7716 7570 7584
f 7716 7584 7717
f 7579 7578 7742
f 6913 7599 6914
f 6914 7599 7598
f 6914 7598 6915
f 6915 7598 6795
f 6915 6795 6916
f 6916 6795 6917
f 6917 6795 6918
f 6918 6795 6919
f 6919 6795 4999
f 6919 4999 6920
f 6920 4999 6921
f 6921 4999 6908
f 6908 4999 6909
f 6909 4999 6910
f 6910 4999 6893
f 7598 7597 6795
f 6795 7597 6876
f 6795 6876 6877
f 7596 7595 7708
f 7708 7595 7709
f 7709 7595 7594
f 7709 7594 7710
f 7710 7594 7738
f 7710 7738 7711
f 7711 7738 7741
f 7594 7593 7738
f 7738 7593 7592
f 7738 7592 7591
f 7746 7610 7747
f 7747 7610 7609
f 7747 7609 7748
f 7748 7609 7745
f 7745 7609 7608
f 7745 7608 7607
f 7607 7606 7745
f 6952 7642 6951
f 6951 7642 7641
f 6951 7641 6950
f 6950 7641 7640
f 6950 7640 6963
f 6963 7640 7639
f 6963 7639 6962
f 6962 7639 7638
f 6962 7638 6961
f 6961 7638 4820
f 6961 4820 6960
f 6960 4820 6959
f 6959 4820 6958
f 6958 4820 4819
f 6958 4819 6957
f 6957 4819 6903
f 6957 6903 6956
f 6956 6903 6904
f 6956 6904 6955
f 6955 6904 6905
f 6955 6905 6906
f 4820 7638 6941
f 6941 7638 7637
f 6941 7637 6940
f 6940 7637 7636
f 6940 7636 6939
f 6939 7636 7635
f 7645 6933 7646
f 7646 6933 6934
f 7646 6934 7647
f 6933 7645 6932
f 6932 7645 7659
f 6932 7659 6931
f 6931 7659 7658
f 6931 7658 6930
f 6930 7658 7657
f 6930 7657 6929
f 7674 7673 7721
f 7721 7673 7672
f 7721 7672 7671
f 7670 7749 7671
f 7671 7749 7751
f 7671 7751 7750
f 7670 7669 7749
f 7749 7669 7668
f 7749 7668 7702
f 7702 7668 7703
f 7703 7668 7667
f 7703 7667 7704
f 7704 7667 7666
f 6836 7682 6834
f 6834 7682 7681
f 6834 7681 6832
f 6832 7681 7680
f 6832 7680 6830
f 6830 7680 7679
f 7702 7701 7749
f 7749 7701 7746
f 6907 6953 6906
f 6906 6953 6954
f 6906 6954 6955
f 6941 6942 4820
f 4820 6942 6943
f 4820 6943 4843
f 4843 6943 4844
f 4844 6943 4846
f 4846 6943 6944
f 4846 6944 6945
f 4846 6945 6793
f 6793 6945 6946
f 6793 6946 6947
f 6947 6948 6793
f 6793 6948 6949
f 6924 6853 6923
f 6923 6853 6750
f 6923 6750 6795
f 6853 6924 6852
f 6852 6924 6925
f 6852 6925 6865
f 6865 6925 6926
f 6865 6926 6864
f 6864 6926 6927
f 6864 6927 6863
f 6863 6927 6928
f 6870 6935 6869
f 6869 6935 6922
f 6869 6922 6868
f 6868 6922 6923
f 6868 6923 6867
f 6867 6923 6795
f 6867 6795 6866
f 6866 6795 6879
f 6879 6795 6878
f 6878 6795 6877
f 6818 6895 6816
f 6816 6895 6896
f 6816 6896 6814
f 6814 6896 6897
f 6814 6897 6812
f 6812 6897 5190
f 6812 5190 6794
f 6897 6898 5190
f 5190 6898 5191
f 5191 6898 5192
f 5192 6898 4819
f 4819 6898 6899
f 4819 6899 6900
f 6900 6901 4819
f 4819 6901 6902
f 4819 6902 6903
f 6881 6882 6793
f 6793 6882 6883
f 6793 6883 6884
f 6793 6884 4998
f 4998 6884 6885
f 4998 6885 6886
f 6886 6887 4998
f 4998 6887 6888
f 4998 6888 4999
f 4999 6888 6893
f 6853 6854 6750
f 6750 6854 6855
f 6750 6855 6856
f 6856 6857 6750
f 6750 6857 6858
f 6802 6804 7375
f 7750 7721 7671
f 7723 7722 7492
f 7729 7732 7435
f 7435 7732 7731
f 7435 7731 7730
f 7739 7738 7591

