# https://github.com/mikedh/trimesh
v 11.05528069 29.94121170 583.59857178
v 11.05528069 28.38263130 583.59930420
v 12.05528069 29.94121170 583.59857178
v 12.05528069 27.90121269 583.59954834
v -12.94471931 27.90121269 583.59954834
v -11.94471931 28.38263130 583.59930420
v -12.94471931 29.94121170 583.59857178
v -11.94471931 29.94121170 583.59857178
v -11.94471931 24.02947426 586.30133057
v -11.94471931 18.00047493 586.30413818
v -12.94471931 24.02947426 586.30133057
v -12.94471931 18.00047493 586.30413818
v 11.05528069 18.00047493 586.30413818
v 11.05528069 24.02947426 586.30133057
v 12.05528069 18.00047493 586.30413818
v 12.05528069 24.02947426 586.30133057
v 11.05528069 21.98615837 579.20227051
v 11.05528069 29.93915749 579.19860840
v 12.05528069 21.98615837 579.20227051
v 12.05528069 29.93915749 579.19860840
v -11.94471931 29.93915749 579.19860840
v -11.94471931 21.98615837 579.20227051
v -12.94471931 29.93915749 579.19860840
v -12.94471931 21.98615837 579.20227051
v 11.05528069 21.98821259 583.60229492
v 12.05528069 21.98821259 583.60229492
v -11.94471931 21.98821259 583.60229492
v -12.94471931 21.98821259 583.60229492
v -11.94471931 24.02821350 583.60131836
v -12.94471931 24.02821350 583.60131836
v 11.05528069 24.02821350 583.60131836
v 12.05528069 24.02821350 583.60131836
v 11.05528069 39.97021103 583.59393311
v 11.05528069 39.97146988 586.29388428
v 12.05528069 39.97021103 583.59393311
v 12.05528069 39.97146988 586.29388428
v -11.94471931 39.97146988 586.29388428
v -11.94471931 39.97021103 583.59393311
v -12.94471931 39.97146988 586.29388428
v -12.94471931 39.97021103 583.59393311
v 11.05528069 42.01021194 583.59295654
v 12.05528069 42.01021194 583.59295654
v -11.94471931 42.01021194 583.59295654
v -12.94471931 42.01021194 583.59295654
v 11.05528069 42.00815582 579.19293213
v 12.05528069 42.00815582 579.19293213
v -11.94471931 42.00815582 579.19293213
v -12.94471931 42.00815582 579.19293213
v 11.05528069 34.05515671 579.19665527
v 12.05528069 34.05515671 579.19665527
v -11.94471931 34.05515671 579.19665527
v -12.94471931 34.05515671 579.19665527
v 11.05528069 34.05721283 583.59667969
v 12.05528069 34.05721283 583.59667969
v -11.94471931 34.05721283 583.59667969
v -12.94471931 34.05721283 583.59667969
v -11.94471931 35.98263168 583.59576416
v -12.94471931 36.09720993 583.59570312
v 11.05528069 35.98263168 583.59576416
v 12.05528069 36.09720993 583.59570312
v 12.05528069 36.09847260 586.29571533
v 12.05528069 27.90247345 586.29956055
v 11.05528069 28.38389206 586.29931641
v -12.94471931 27.90247345 586.29956055
v -11.94471931 28.38389206 586.29931641
v -12.94471931 36.09847260 586.29571533
v -11.94471931 35.98389053 586.29577637
v 11.05528069 35.98389053 586.29577637
v -11.94471931 45.77146912 586.29119873
v -12.94471931 46.00046921 586.29107666
v 11.05528069 45.77146912 586.29119873
v 12.05528069 46.00046921 586.29107666
v -12.94471931 40.51130295 609.49365234
v -12.94471931 39.44207001 609.49414062
v 12.05528069 40.51130295 609.49365234
v 12.05528069 39.44207001 609.49414062
v -12.94471931 39.44221115 609.79412842
v 12.05528069 39.44221115 609.79412842
v -12.94471931 34.52344131 635.49645996
v -12.94471931 33.45420837 635.49694824
v 12.05528069 34.52344131 635.49645996
v 12.05528069 33.45420837 635.49694824
v -12.94471931 33.45434952 635.79693604
v 12.05528069 33.45434952 635.79693604
v -12.94471931 30.35717392 647.49841309
v -12.94471931 30.35731316 647.79840088
v 12.05528069 30.35717392 647.49841309
v 12.05528069 30.35731316 647.79840088
v -12.94471931 31.44345284 647.49786377
v 12.05528069 31.44345284 647.49786377
v -12.94471931 31.35731316 647.79791260
v 12.05528069 31.35731316 647.79791260
v -12.94471931 37.51737213 622.49505615
v -12.94471931 36.44813919 622.49554443
v 12.05528069 37.51737213 622.49505615
v 12.05528069 36.44813919 622.49554443
v -12.94471931 36.44828033 622.79553223
v 12.05528069 36.44828033 622.79553223
v -12.94471931 46.00233841 590.29107666
v -12.94471931 43.04831314 596.94244385
v -12.94471931 20.00544548 596.95324707
v -12.94471931 18.00764084 601.65417480
v -12.94471931 18.25640678 601.70349121
v -12.94471931 18.46734810 601.84429932
v -12.94471931 18.60834885 602.05511475
v -12.94471931 20.00761604 601.60321045
v -12.94471931 18.65794373 602.30383301
v -12.94471931 20.00827026 603.00323486
v -12.94471931 18.60858154 602.55261230
v -12.94471931 20.01065063 608.10321045
v -12.94471931 18.46777725 602.76354980
v -12.94471931 18.25696754 602.90454102
v -12.94471931 18.00824738 602.95416260
v -12.94471931 18.01370811 614.65417480
v -12.94471931 20.01130486 609.50323486
v -12.94471931 18.26247597 614.70349121
v -12.94471931 18.47341728 614.84429932
v -12.94471931 18.61441803 615.05511475
v -12.94471931 20.01368523 614.60321045
v -12.94471931 18.66401291 615.30383301
v -12.94471931 20.01433945 616.00323486
v -12.94471931 18.61465073 615.55261230
v -12.94471931 20.01671982 621.10321045
v -12.94471931 18.47384644 615.76354980
v -12.94471931 18.26303673 615.90454102
v -12.94471931 18.01431656 615.95416260
v -12.94471931 18.01977730 627.65417480
v -12.94471931 20.01737404 622.50323486
v -12.94471931 18.26854515 627.70349121
v -12.94471931 18.47948647 627.84429932
v -12.94471931 18.62048721 628.05511475
v -12.94471931 20.01975441 627.60321045
v -12.94471931 18.67008018 628.30383301
v -12.94471931 20.02040672 629.00323486
v -12.94471931 18.62071800 628.55261230
v -12.94471931 20.02278900 634.10321045
v -12.94471931 18.47991562 628.76354980
v -12.94471931 18.26910591 628.90454102
v -12.94471931 18.02038383 628.95416260
v -12.94471931 18.02584648 640.65417480
v -12.94471931 20.02344131 635.50323486
v -12.94471931 18.27461433 640.70349121
v -12.94471931 18.48555565 640.84429932
v -12.94471931 18.62655449 641.05511475
v -12.94471931 20.02582359 640.60321045
v -12.94471931 18.67614937 641.30383301
v -12.94471931 20.02647591 642.00323486
v -12.94471931 18.62678719 641.55261230
v -12.94471931 20.02839088 646.10321045
v -12.94471931 18.48598289 641.76354980
v -12.94471931 18.27517509 641.90454102
v -12.94471931 18.02645302 641.95416260
v -12.94471931 18.03098106 651.65417480
v -12.94471931 18.27974892 651.70349121
v -12.94471931 20.02904320 647.50323486
v -12.94471931 18.49069023 651.84429932
v -12.94471931 18.63169098 652.05511475
v -12.94471931 20.03095818 651.60321045
v -12.94471931 18.68128586 652.30383301
v -12.94471931 20.03161240 653.00323486
v -12.94471931 18.63192368 652.55261230
v -12.94471931 20.03456497 659.32824707
v -12.94471931 18.49111938 652.76354980
v -12.94471931 18.28030968 652.90454102
v -12.94471931 18.03158760 652.95416260
v -12.94471931 18.03604698 662.50415039
v -12.94471931 29.03161049 652.99902344
v -12.94471931 31.51800346 652.95361328
v -12.94471931 31.29200172 652.82684326
v -12.94471931 31.52321243 652.93109131
v -12.94471931 31.11827660 652.64208984
v -12.94471931 30.26372528 651.59844971
v -12.94471931 29.03158951 652.95477295
v -12.94471931 28.03095818 651.59948730
v -12.94471931 28.96911049 652.99902344
v -12.94471931 28.03161049 652.99951172
v -12.94471931 21.03095818 651.60278320
v -12.94471931 21.03161240 653.00274658
v -12.94471931 31.02848434 652.40490723
v -12.94471931 31.03629684 652.15142822
v -12.94471931 31.14052391 651.92016602
v -12.94471931 31.32529831 651.74645996
v -12.94471931 31.56248856 651.65667725
v -12.94471931 31.81598473 651.66448975
v -12.94471931 31.84654999 646.09771729
v -12.94471931 30.35651970 646.09838867
v -12.94471931 34.06611633 641.92987061
v -12.94471931 33.83490753 641.82568359
v -12.94471931 33.02647400 641.99713135
v -12.94471931 33.66118240 641.64086914
v -12.94471931 33.57139206 641.40368652
v -12.94471931 33.34889984 640.59698486
v -12.94471931 33.57920456 641.15020752
v -12.94471931 33.68342972 640.91900635
v -12.94471931 33.86820221 640.74530029
v -12.94471931 34.10539246 640.65545654
v -12.94471931 34.35889053 640.66326904
v -12.94471931 34.84586334 634.09631348
v -12.94471931 37.07136917 628.92846680
v -12.94471931 36.84016037 628.82427979
v -12.94471931 36.02040482 628.99572754
v -12.94471931 36.66643524 628.63946533
v -12.94471931 36.57664108 628.40228271
v -12.94471931 36.34283066 627.59558105
v -12.94471931 36.58445358 628.14880371
v -12.94471931 36.68868256 627.91760254
v -12.94471931 36.87345505 627.74389648
v -12.94471931 37.11064529 627.65405273
v -12.94471931 37.36414337 627.66186523
v -12.94471931 37.83979416 621.09490967
v -12.94471931 40.07662201 615.92706299
v -12.94471931 39.84540939 615.82287598
v -12.94471931 39.01433563 615.99432373
v -12.94471931 39.67168427 615.63806152
v -12.94471931 39.58189392 615.40087891
v -12.94471931 39.33676147 614.59417725
v -12.94471931 39.58970642 615.14739990
v -12.94471931 39.69393158 614.91619873
v -12.94471931 39.87870789 614.74249268
v -12.94471931 40.11589813 614.65264893
v -12.94471931 40.36939621 614.66046143
v -12.94471931 40.83372498 608.09350586
v -12.94471931 43.08187485 602.92565918
v -12.94471931 42.85066223 602.82147217
v -12.94471931 42.00826645 602.99298096
v -12.94471931 42.67693710 602.63665771
v -12.94471931 42.58714676 602.39947510
v -12.94471931 42.24893951 601.59283447
v -12.94471931 42.59495926 602.14599609
v -12.94471931 42.69918442 601.91479492
v -12.94471931 42.88395691 601.74108887
v -12.94471931 43.12115097 601.65124512
v -12.94471931 43.37464523 601.65905762
v -12.94471931 21.03175163 653.30273438
v -12.94471931 28.03175163 653.29949951
v -12.94471931 21.02358246 635.80273438
v -12.94471931 21.02344131 635.50274658
v -12.94471931 21.02278900 634.10278320
v -12.94471931 33.45355606 634.09692383
v -12.94471931 21.02264786 633.80273438
v -12.94471931 33.45341492 633.79693604
v -12.94471931 32.02582169 640.59759521
v -12.94471931 32.02647400 641.99761963
v -12.94471931 21.02582359 640.60278320
v -12.94471931 21.02647591 642.00274658
v -12.94471931 32.02568054 640.29760742
v -12.94471931 21.02568245 640.30273438
v -12.94471931 21.01751328 622.80273438
v -12.94471931 21.01737404 622.50274658
v -12.94471931 21.01671982 621.10278320
v -12.94471931 36.44748688 621.09558105
v -12.94471931 21.01657867 620.80273438
v -12.94471931 36.44734573 620.79553223
v -12.94471931 35.01975250 627.59619141
v -12.94471931 35.02040482 628.99621582
v -12.94471931 21.01975441 627.60278320
v -12.94471931 21.02040672 629.00274658
v -12.94471931 35.01961136 627.29620361
v -12.94471931 21.01961327 627.30273438
v -12.94471931 21.01144409 609.80273438
v -12.94471931 21.01130486 609.50274658
v -12.94471931 21.01065063 608.10278320
v -12.94471931 39.44141769 608.09417725
v -12.94471931 21.01051140 607.80273438
v -12.94471931 39.44127655 607.79412842
v -12.94471931 38.01368332 614.59484863
v -12.94471931 38.01433563 615.99481201
v -12.94471931 21.01368523 614.60278320
v -12.94471931 21.01433945 616.00274658
v -12.94471931 38.01354218 614.29479980
v -12.94471931 21.01354599 614.30273438
v -12.94471931 41.00761414 601.59344482
v -12.94471931 41.00826645 602.99340820
v -12.94471931 21.00761604 601.60278320
v -12.94471931 21.00827026 603.00274658
v -12.94471931 41.00747299 601.29339600
v -12.94471931 21.00747681 601.30273438
v -12.94471931 21.00840950 603.30273438
v -12.94471931 41.00840759 603.29339600
v -12.94471931 30.35638046 645.79840088
v -12.94471931 21.02824974 645.80273438
v -12.94471931 21.02839088 646.10278320
v -12.94471931 21.02904320 647.50274658
v -12.94471931 21.02918434 647.80273438
v -12.94471931 21.02661705 642.30273438
v -12.94471931 32.02661514 642.29760742
v -12.94471931 21.02054787 629.30273438
v -12.94471931 35.02054596 629.29620361
v -12.94471931 21.01447868 616.30273438
v -12.94471931 38.01447678 616.29479980
v -12.94471931 28.03081703 651.29949951
v -12.94471931 21.03081703 651.30273438
v 12.05528069 18.00764084 601.65417480
v 12.05528069 20.00544548 596.95324707
v 12.05528069 43.04831314 596.94244385
v 12.05528069 46.00233841 590.29107666
v 12.05528069 43.37464523 601.65905762
v 12.05528069 43.12115097 601.65124512
v 12.05528069 42.88395691 601.74108887
v 12.05528069 42.24893951 601.59283447
v 12.05528069 42.69918442 601.91479492
v 12.05528069 42.59495926 602.14599609
v 12.05528069 42.58714676 602.39947510
v 12.05528069 42.00826645 602.99298096
v 12.05528069 41.00761414 601.59344482
v 12.05528069 41.00826645 602.99340820
v 12.05528069 21.00827026 603.00274658
v 12.05528069 21.00840950 603.30273438
v 12.05528069 41.00840759 603.29339600
v 12.05528069 42.67693710 602.63665771
v 12.05528069 42.85066223 602.82147217
v 12.05528069 40.83372498 608.09350586
v 12.05528069 43.08187485 602.92565918
v 12.05528069 40.36939621 614.66046143
v 12.05528069 40.11589813 614.65264893
v 12.05528069 39.87870789 614.74249268
v 12.05528069 39.33676147 614.59417725
v 12.05528069 39.69393158 614.91619873
v 12.05528069 39.58970642 615.14739990
v 12.05528069 39.58189392 615.40087891
v 12.05528069 39.01433563 615.99432373
v 12.05528069 38.01368332 614.59484863
v 12.05528069 38.01433563 615.99481201
v 12.05528069 21.01433945 616.00274658
v 12.05528069 21.01447868 616.30273438
v 12.05528069 38.01447678 616.29479980
v 12.05528069 39.67168427 615.63806152
v 12.05528069 39.84540939 615.82287598
v 12.05528069 37.83979416 621.09490967
v 12.05528069 40.07662201 615.92706299
v 12.05528069 37.36414337 627.66186523
v 12.05528069 37.11064529 627.65405273
v 12.05528069 36.87345505 627.74389648
v 12.05528069 36.34283066 627.59558105
v 12.05528069 36.68868256 627.91760254
v 12.05528069 36.58445358 628.14880371
v 12.05528069 36.57664108 628.40228271
v 12.05528069 36.02040482 628.99572754
v 12.05528069 35.01975250 627.59619141
v 12.05528069 35.02040482 628.99621582
v 12.05528069 21.02040672 629.00274658
v 12.05528069 21.02054787 629.30273438
v 12.05528069 35.02054596 629.29620361
v 12.05528069 36.66643524 628.63946533
v 12.05528069 36.84016037 628.82427979
v 12.05528069 34.84586334 634.09631348
v 12.05528069 37.07136917 628.92846680
v 12.05528069 34.35889053 640.66326904
v 12.05528069 34.10539246 640.65545654
v 12.05528069 33.86820221 640.74530029
v 12.05528069 33.34889984 640.59698486
v 12.05528069 33.68342972 640.91900635
v 12.05528069 33.57920456 641.15020752
v 12.05528069 33.57139206 641.40368652
v 12.05528069 33.02647400 641.99713135
v 12.05528069 32.02582169 640.59759521
v 12.05528069 32.02647400 641.99761963
v 12.05528069 21.02647591 642.00274658
v 12.05528069 21.02661705 642.30273438
v 12.05528069 32.02661514 642.29760742
v 12.05528069 33.66118240 641.64086914
v 12.05528069 33.83490753 641.82568359
v 12.05528069 31.84654999 646.09771729
v 12.05528069 34.06611633 641.92987061
v 12.05528069 31.81598473 651.66448975
v 12.05528069 31.56248856 651.65667725
v 12.05528069 30.35651970 646.09838867
v 12.05528069 21.02904320 647.50274658
v 12.05528069 21.02918434 647.80273438
v 12.05528069 31.32529831 651.74645996
v 12.05528069 31.14052391 651.92016602
v 12.05528069 30.26372528 651.59844971
v 12.05528069 31.03629684 652.15142822
v 12.05528069 31.02848434 652.40490723
v 12.05528069 31.11827660 652.64208984
v 12.05528069 29.03161049 652.99902344
v 12.05528069 29.03158951 652.95477295
v 12.05528069 31.29200172 652.82684326
v 12.05528069 31.51800346 652.95361328
v 12.05528069 18.03604698 662.50415039
v 12.05528069 31.52321243 652.93109131
v 12.05528069 18.03158760 652.95416260
v 12.05528069 18.28030968 652.90454102
v 12.05528069 20.03456497 659.32824707
v 12.05528069 28.96911049 652.99902344
v 12.05528069 18.49111938 652.76354980
v 12.05528069 18.63192368 652.55261230
v 12.05528069 20.03161240 653.00323486
v 12.05528069 18.68128586 652.30383301
v 12.05528069 20.03095818 651.60321045
v 12.05528069 18.63169098 652.05511475
v 12.05528069 20.02904320 647.50323486
v 12.05528069 18.49069023 651.84429932
v 12.05528069 18.27974892 651.70349121
v 12.05528069 18.27517509 641.90454102
v 12.05528069 18.03098106 651.65417480
v 12.05528069 18.02645302 641.95416260
v 12.05528069 20.02839088 646.10321045
v 12.05528069 18.48598289 641.76354980
v 12.05528069 18.62678719 641.55261230
v 12.05528069 20.02647591 642.00323486
v 12.05528069 18.67614937 641.30383301
v 12.05528069 20.02582359 640.60321045
v 12.05528069 18.62655449 641.05511475
v 12.05528069 20.02344131 635.50323486
v 12.05528069 18.48555565 640.84429932
v 12.05528069 18.27461433 640.70349121
v 12.05528069 18.02584648 640.65417480
v 12.05528069 20.02278900 634.10321045
v 12.05528069 21.02278900 634.10278320
v 12.05528069 18.02038383 628.95416260
v 12.05528069 18.26910591 628.90454102
v 12.05528069 18.47991562 628.76354980
v 12.05528069 18.62071800 628.55261230
v 12.05528069 20.02040672 629.00323486
v 12.05528069 18.67008018 628.30383301
v 12.05528069 20.01975441 627.60321045
v 12.05528069 18.62048721 628.05511475
v 12.05528069 20.01737404 622.50323486
v 12.05528069 18.47948647 627.84429932
v 12.05528069 18.26854515 627.70349121
v 12.05528069 18.01977730 627.65417480
v 12.05528069 20.01671982 621.10321045
v 12.05528069 21.01671982 621.10278320
v 12.05528069 18.01431656 615.95416260
v 12.05528069 18.26303673 615.90454102
v 12.05528069 18.47384644 615.76354980
v 12.05528069 18.61465073 615.55261230
v 12.05528069 20.01433945 616.00323486
v 12.05528069 18.66401291 615.30383301
v 12.05528069 20.01368523 614.60321045
v 12.05528069 18.61441803 615.05511475
v 12.05528069 20.01130486 609.50323486
v 12.05528069 18.47341728 614.84429932
v 12.05528069 18.26247597 614.70349121
v 12.05528069 18.01370811 614.65417480
v 12.05528069 20.01065063 608.10321045
v 12.05528069 21.01065063 608.10278320
v 12.05528069 18.00824738 602.95416260
v 12.05528069 18.25696754 602.90454102
v 12.05528069 18.46777725 602.76354980
v 12.05528069 18.60858154 602.55261230
v 12.05528069 20.00827026 603.00323486
v 12.05528069 18.65794373 602.30383301
v 12.05528069 20.00761604 601.60321045
v 12.05528069 18.60834885 602.05511475
v 12.05528069 18.46734810 601.84429932
v 12.05528069 18.25640678 601.70349121
v 12.05528069 21.00761604 601.60278320
v 12.05528069 21.00747681 601.30273438
v 12.05528069 41.00747299 601.29339600
v 12.05528069 21.02839088 646.10278320
v 12.05528069 21.03095818 651.60278320
v 12.05528069 21.03161240 653.00274658
v 12.05528069 28.03095818 651.59948730
v 12.05528069 28.03161049 652.99951172
v 12.05528069 21.03081703 651.30273438
v 12.05528069 28.03081703 651.29949951
v 12.05528069 21.02824974 645.80273438
v 12.05528069 30.35638046 645.79840088
v 12.05528069 21.02582359 640.60278320
v 12.05528069 21.01051140 607.80273438
v 12.05528069 39.44127655 607.79412842
v 12.05528069 39.44141769 608.09417725
v 12.05528069 21.01130486 609.50274658
v 12.05528069 21.01144409 609.80273438
v 12.05528069 21.01657867 620.80273438
v 12.05528069 36.44734573 620.79553223
v 12.05528069 36.44748688 621.09558105
v 12.05528069 21.01737404 622.50274658
v 12.05528069 21.01751328 622.80273438
v 12.05528069 21.01368523 614.60278320
v 12.05528069 21.02264786 633.80273438
v 12.05528069 33.45341492 633.79693604
v 12.05528069 33.45355606 634.09692383
v 12.05528069 21.02344131 635.50274658
v 12.05528069 21.02358246 635.80273438
v 12.05528069 21.01975441 627.60278320
v 12.05528069 28.03175163 653.29949951
v 12.05528069 21.03175163 653.30273438
v 12.05528069 21.01961327 627.30273438
v 12.05528069 35.01961136 627.29620361
v 12.05528069 21.02568245 640.30273438
v 12.05528069 32.02568054 640.29760742
v 12.05528069 21.01354599 614.30273438
v 12.05528069 38.01354218 614.29479980
v 10.16464424 21.00530624 596.65277100
v 10.29653454 20.67577934 596.65289307
v -11.05408287 21.00530624 596.65277100
v -11.18597412 20.67577934 596.65289307
v 10.41819382 20.34234047 596.65307617
v -11.30763340 20.34234047 596.65307617
v -11.41894341 20.00530624 596.65319824
v 10.52950478 20.00530624 596.65319824
v 10.16464424 21.00544548 596.95275879
v -11.05408287 21.00544548 596.95275879
v 10.52950478 20.00465202 595.25323486
v 10.41819382 20.34168625 595.25305176
v -11.41894341 20.00465202 595.25323486
v -11.30763340 20.34168625 595.25305176
v -11.18597412 20.67512512 595.25292969
v 10.29653454 20.67512512 595.25292969
v -11.05408287 21.00465202 595.25274658
v 10.16464424 21.00465202 595.25274658
v 10.16464424 21.00451088 594.95275879
v -11.05408287 21.00451088 594.95275879
v 9.65687466 22.06317329 594.95227051
v -10.54631424 22.06317329 594.95227051
v -9.93324375 23.06454277 594.95178223
v 9.04380512 23.06454277 594.95178223
v -9.22126484 23.99818039 594.95135498
v 8.33182526 23.99818039 594.95135498
v -8.41779709 24.85435295 594.95098877
v 7.52835751 24.85435295 594.95098877
v -7.53121662 25.62413979 594.95062256
v 6.64177704 25.62413979 594.95062256
v -6.57076550 26.29951096 594.95031738
v 5.68132591 26.29951096 594.95031738
v -5.54645538 26.87343025 594.95001221
v 4.65701628 26.87343025 594.95001221
v -4.46896458 27.33991432 594.94982910
v 3.57952499 27.33991432 594.94982910
v -3.34952402 27.69409943 594.94964600
v 2.46008468 27.69409943 594.94964600
v -2.19980335 27.93229485 594.94952393
v 1.31036401 27.93229485 594.94952393
v -1.03178751 28.05201721 594.94946289
v 0.14234810 28.05201721 594.94946289
v 10.52950478 20.00761604 601.60321045
v -11.41894341 20.00761604 601.60321045
v -11.41894341 20.00827026 603.00323486
v 10.52950478 20.00827026 603.00323486
v -11.41894341 20.01065063 608.10321045
v 10.52950478 20.01065063 608.10321045
v -11.41894341 20.01130486 609.50323486
v 10.52950478 20.01130486 609.50323486
v -11.41894341 20.01368523 614.60321045
v 10.52950478 20.01368523 614.60321045
v -11.41894341 20.01433945 616.00323486
v 10.52950478 20.01433945 616.00323486
v -11.41894341 20.01671982 621.10321045
v 10.52950478 20.01671982 621.10321045
v -11.41894341 20.01737404 622.50323486
v 10.52950478 20.01737404 622.50323486
v -11.41894341 20.01975441 627.60321045
v 10.52950478 20.01975441 627.60321045
v -11.41894341 20.02040672 629.00323486
v 10.52950478 20.02040672 629.00323486
v -11.41894341 20.02278900 634.10321045
v 10.52950478 20.02278900 634.10321045
v -11.41894341 20.02344131 635.50323486
v 10.52950478 20.02344131 635.50323486
v -11.41894341 20.02582359 640.60321045
v 10.52950478 20.02582359 640.60321045
v -11.41894341 20.02647591 642.00323486
v 10.52950478 20.02647591 642.00323486
v -11.41894341 20.02839088 646.10321045
v 10.52950478 20.02839088 646.10321045
v -11.41894341 20.02904320 647.50323486
v 10.52950478 20.02904320 647.50323486
v -11.41894341 20.03095818 651.60321045
v 10.52950478 20.03095818 651.60321045
v -11.41894341 20.03161240 653.00323486
v 10.52950478 20.03161240 653.00323486
v -11.41894341 20.03456497 659.32824707
v 10.52950478 20.03456497 659.32824707
v -11.41894341 20.03538513 661.08782959
v 10.52950478 20.03538513 661.08782959
v -11.11256599 20.89260483 660.48059082
v -11.11256599 20.89178467 658.72094727
v -10.73930359 21.72290611 659.89239502
v -10.73930359 21.72208405 658.13281250
v -10.30149555 22.52108002 659.32696533
v -10.30149555 22.52025795 657.56738281
v -9.80188847 23.28212547 658.78784180
v -9.80188847 23.28130341 657.02825928
v -9.24361324 24.00126648 658.27844238
v -9.24361324 24.00044632 656.51879883
v -8.63017082 24.67399979 657.80187988
v -8.63017082 24.67317772 656.04223633
v -7.96540785 25.29610443 657.36120605
v -7.96540785 25.29528236 655.60156250
v -7.25349140 25.86367798 656.95910645
v -7.25349140 25.86285782 655.19952393
v -6.49888563 26.37316704 656.59820557
v -6.49888563 26.37234497 654.83856201
v -5.70632172 26.82137108 656.28070068
v -5.70632172 26.82055092 654.52105713
v -4.88076830 27.20548630 656.00860596
v -4.88076830 27.20466423 654.24896240
v -4.02740192 27.52309990 655.78356934
v -4.02740192 27.52227783 654.02398682
v -3.15157294 27.77222061 655.60711670
v -3.15157294 27.77140045 653.84747314
v -2.25877261 27.95129013 655.48028564
v -2.25877261 27.95046806 653.72064209
v -1.35459852 28.05918121 655.40380859
v -1.35459852 28.05836105 653.64422607
v -0.44471967 28.09522057 655.37829590
v -0.44471967 28.09440041 653.61871338
v 0.46515918 28.05836105 653.64422607
v 0.46515918 28.05918121 655.40380859
v 1.36933327 27.95046806 653.72064209
v 1.36933327 27.95129013 655.48028564
v 2.26213360 27.77140045 653.84747314
v 2.26213360 27.77222061 655.60711670
v 3.13796258 27.52227783 654.02398682
v 3.13796258 27.52309990 655.78356934
v 3.99132895 27.20466423 654.24896240
v 3.99132895 27.20548630 656.00860596
v 4.81688213 26.82055092 654.52105713
v 4.81688213 26.82137108 656.28070068
v 5.60944653 26.37234497 654.83856201
v 5.60944653 26.37316704 656.59820557
v 6.36405230 25.86285782 655.19952393
v 6.36405230 25.86367798 656.95910645
v 7.07596874 25.29528236 655.60156250
v 7.07596874 25.29610443 657.36120605
v 7.74073172 24.67317772 656.04223633
v 7.74073172 24.67399979 657.80187988
v 8.35417366 24.00044632 656.51879883
v 8.35417366 24.00126648 658.27844238
v 8.91244888 23.28130341 657.02825928
v 8.91244888 23.28212547 658.78784180
v 9.41205597 22.52025795 657.56738281
v 9.41205597 22.52108002 659.32696533
v 9.84986401 21.72208405 658.13281250
v 9.84986401 21.72290611 659.89239502
v 10.22312641 20.89178467 658.72094727
v 10.22312641 20.89260483 660.48059082
v 10.29653454 20.69886398 646.10290527
v 10.29653454 20.69951820 647.50292969
v 10.16464424 21.02839088 646.10278320
v 10.16464424 21.02904320 647.50274658
v 9.65687466 22.08691216 645.80224609
v 9.65687466 22.08784485 647.80224609
v 9.04380512 23.08921432 647.80181885
v 10.41819382 20.36607933 647.50305176
v 10.41819382 20.36542511 646.10308838
v 10.16464424 21.02918434 647.80273438
v 9.04380512 23.08828163 645.80181885
v 8.33182526 24.02285194 647.80133057
v 8.33182526 24.02191925 645.80133057
v 7.52835751 24.87902641 647.80096436
v 7.52835751 24.87809181 645.80096436
v 6.64177704 25.64881134 647.80059814
v 6.64177704 25.64787674 645.80059814
v 5.68132591 26.32418442 647.80029297
v 5.68132591 26.32324982 645.80029297
v 4.65701628 26.89810371 647.79998779
v 4.65701628 26.89716911 645.79998779
v 3.57952499 27.36458778 647.79980469
v 3.57952499 27.36365318 645.79980469
v 2.46008468 27.71877289 647.79962158
v 2.46008468 27.71783829 645.79962158
v 1.31036401 27.95696640 647.79949951
v 1.31036401 27.95603371 645.79949951
v 0.14234810 28.07668877 647.79943848
v 0.14234810 28.07575417 645.79943848
v -1.03178751 28.07668877 647.79943848
v -1.03178751 28.07575417 645.79943848
v -2.19980335 27.95696640 647.79949951
v -2.19980335 27.95603371 645.79949951
v -3.34952402 27.71877289 647.79962158
v -3.34952402 27.71783829 645.79962158
v -4.46896458 27.36458778 647.79980469
v -4.46896458 27.36365318 645.79980469
v -5.54645538 26.89810371 647.79998779
v -5.54645538 26.89716911 645.79998779
v -6.57076550 26.32418442 647.80029297
v -6.57076550 26.32324982 645.80029297
v -7.53121662 25.64881134 647.80059814
v -7.53121662 25.64787674 645.80059814
v -8.41779709 24.87902641 647.80096436
v -8.41779709 24.87809181 645.80096436
v -9.22126484 24.02285194 647.80133057
v -9.22126484 24.02191925 645.80133057
v -9.93324375 23.08921432 647.80181885
v -9.93324375 23.08828163 645.80181885
v -10.54631424 22.08784485 647.80224609
v -10.54631424 22.08691216 645.80224609
v -11.05408287 21.02839088 646.10278320
v -11.05408287 21.02824974 645.80273438
v -11.05408287 21.02918434 647.80273438
v -11.05408287 21.02904320 647.50274658
v -11.18597412 20.69886398 646.10290527
v -11.18597412 20.69951820 647.50292969
v -11.30763340 20.36542511 646.10308838
v -11.30763340 20.36607933 647.50305176
v 10.16464424 21.02824974 645.80273438
v 10.41819382 20.34768486 608.10308838
v 10.41819382 20.34833908 609.50305176
v 10.29653454 20.68112564 608.10290527
v 10.29653454 20.68177795 609.50292969
v 10.16464424 21.01065063 608.10278320
v 10.16464424 21.01130486 609.50274658
v 9.65687466 22.06917191 607.80224609
v 9.65687466 22.07010651 609.80224609
v 9.04380512 23.07147408 609.80181885
v 10.16464424 21.01144409 609.80273438
v 9.04380512 23.07054138 607.80181885
v 8.33182526 24.00511169 609.80133057
v 8.33182526 24.00417900 607.80133057
v 7.52835751 24.86128616 609.80096436
v 7.52835751 24.86035156 607.80096436
v 6.64177704 25.63107109 609.80059814
v 6.64177704 25.63013840 607.80059814
v 5.68132591 26.30644417 609.80029297
v 5.68132591 26.30550957 607.80029297
v 4.65701628 26.88036346 609.79998779
v 4.65701628 26.87943077 607.79998779
v 3.57952499 27.34684753 609.79980469
v 3.57952499 27.34591293 607.79980469
v 2.46008468 27.70103264 609.79962158
v 2.46008468 27.70009995 607.79962158
v 1.31036401 27.93922806 609.79949951
v 1.31036401 27.93829346 607.79949951
v 0.14234810 28.05894852 609.79943848
v 0.14234810 28.05801582 607.79943848
v -1.03178751 28.05894852 609.79943848
v -1.03178751 28.05801582 607.79943848
v -2.19980335 27.93922806 609.79949951
v -2.19980335 27.93829346 607.79949951
v -3.34952402 27.70103264 609.79962158
v -3.34952402 27.70009995 607.79962158
v -4.46896458 27.34684753 609.79980469
v -4.46896458 27.34591293 607.79980469
v -5.54645538 26.88036346 609.79998779
v -5.54645538 26.87943077 607.79998779
v -6.57076550 26.30644417 609.80029297
v -6.57076550 26.30550957 607.80029297
v -7.53121662 25.63107109 609.80059814
v -7.53121662 25.63013840 607.80059814
v -8.41779709 24.86128616 609.80096436
v -8.41779709 24.86035156 607.80096436
v -9.22126484 24.00511169 609.80133057
v -9.22126484 24.00417900 607.80133057
v -9.93324375 23.07147408 609.80181885
v -9.93324375 23.07054138 607.80181885
v -10.54631424 22.07010651 609.80224609
v -10.54631424 22.06917191 607.80224609
v -11.05408287 21.01065063 608.10278320
v -11.05408287 21.01051140 607.80273438
v -11.05408287 21.01144409 609.80273438
v -11.05408287 21.01130486 609.50274658
v -11.18597412 20.68112564 608.10290527
v -11.18597412 20.68177795 609.50292969
v -11.30763340 20.34768486 608.10308838
v -11.30763340 20.34833908 609.50305176
v 10.16464424 21.01051140 607.80273438
v 10.29653454 20.69326210 634.10290527
v 10.29653454 20.69391632 635.50292969
v 10.16464424 21.02278900 634.10278320
v 10.16464424 21.02344131 635.50274658
v 9.65687466 22.08131027 633.80224609
v 9.65687466 22.08224297 635.80224609
v 9.04380512 23.08361244 635.80181885
v 10.41819382 20.36047745 635.50305176
v 10.41819382 20.35982323 634.10308838
v 10.16464424 21.02358246 635.80273438
v 9.04380512 23.08267784 633.80181885
v 8.33182526 24.01725006 635.80133057
v 8.33182526 24.01631546 633.80133057
v 7.52835751 24.87342453 635.80096436
v 7.52835751 24.87248993 633.80096436
v 6.64177704 25.64320946 635.80059814
v 6.64177704 25.64227486 633.80059814
v 5.68132591 26.31858253 635.80029297
v 5.68132591 26.31764793 633.80029297
v 4.65701628 26.89250183 635.79998779
v 4.65701628 26.89156723 633.79998779
v 3.57952499 27.35898590 635.79980469
v 3.57952499 27.35805130 633.79980469
v 2.46008468 27.71317101 635.79962158
v 2.46008468 27.71223640 633.79962158
v 1.31036401 27.95136452 635.79949951
v 1.31036401 27.95043182 633.79949951
v 0.14234810 28.07108688 635.79943848
v 0.14234810 28.07015228 633.79943848
v -1.03178751 28.07108688 635.79943848
v -1.03178751 28.07015228 633.79943848
v -2.19980335 27.95136452 635.79949951
v -2.19980335 27.95043182 633.79949951
v -3.34952402 27.71317101 635.79962158
v -3.34952402 27.71223640 633.79962158
v -4.46896458 27.35898590 635.79980469
v -4.46896458 27.35805130 633.79980469
v -5.54645538 26.89250183 635.79998779
v -5.54645538 26.89156723 633.79998779
v -6.57076550 26.31858253 635.80029297
v -6.57076550 26.31764793 633.80029297
v -7.53121662 25.64320946 635.80059814
v -7.53121662 25.64227486 633.80059814
v -8.41779709 24.87342453 635.80096436
v -8.41779709 24.87248993 633.80096436
v -9.22126484 24.01725006 635.80133057
v -9.22126484 24.01631546 633.80133057
v -9.93324375 23.08361244 635.80181885
v -9.93324375 23.08267784 633.80181885
v -10.54631424 22.08224297 635.80224609
v -10.54631424 22.08131027 633.80224609
v -11.05408287 21.02278900 634.10278320
v -11.05408287 21.02264786 633.80273438
v -11.05408287 21.02358246 635.80273438
v -11.05408287 21.02344131 635.50274658
v -11.18597412 20.69326210 634.10290527
v -11.18597412 20.69391632 635.50292969
v -11.30763340 20.35982323 634.10308838
v -11.30763340 20.36047745 635.50305176
v 10.16464424 21.02264786 633.80273438
v 10.41819382 20.35375404 621.10308838
v 10.41819382 20.35440826 622.50305176
v 10.29653454 20.68719292 621.10290527
v 10.29653454 20.68784714 622.50292969
v 10.16464424 21.01671982 621.10278320
v 10.16464424 21.01737404 622.50274658
v 9.65687466 22.07524109 620.80224609
v 9.65687466 22.07617569 622.80224609
v 9.04380512 23.07754326 622.80181885
v 10.16464424 21.01751328 622.80273438
v 9.04380512 23.07661057 620.80181885
v 8.33182526 24.01118088 622.80133057
v 8.33182526 24.01024818 620.80133057
v 7.52835751 24.86735535 622.80096436
v 7.52835751 24.86642075 620.80096436
v 6.64177704 25.63714027 622.80059814
v 6.64177704 25.63620758 620.80059814
v 5.68132591 26.31251335 622.80029297
v 5.68132591 26.31157875 620.80029297
v 4.65701628 26.88643265 622.79998779
v 4.65701628 26.88549805 620.79998779
v 3.57952499 27.35291672 622.79980469
v 3.57952499 27.35198212 620.79980469
v 2.46008468 27.70710182 622.79962158
v 2.46008468 27.70616722 620.79962158
v 1.31036401 27.94529724 622.79949951
v 1.31036401 27.94436264 620.79949951
v 0.14234810 28.06501770 622.79943848
v 0.14234810 28.06408501 620.79943848
v -1.03178751 28.06501770 622.79943848
v -1.03178751 28.06408501 620.79943848
v -2.19980335 27.94529724 622.79949951
v -2.19980335 27.94436264 620.79949951
v -3.34952402 27.70710182 622.79962158
v -3.34952402 27.70616722 620.79962158
v -4.46896458 27.35291672 622.79980469
v -4.46896458 27.35198212 620.79980469
v -5.54645538 26.88643265 622.79998779
v -5.54645538 26.88549805 620.79998779
v -6.57076550 26.31251335 622.80029297
v -6.57076550 26.31157875 620.80029297
v -7.53121662 25.63714027 622.80059814
v -7.53121662 25.63620758 620.80059814
v -8.41779709 24.86735535 622.80096436
v -8.41779709 24.86642075 620.80096436
v -9.22126484 24.01118088 622.80133057
v -9.22126484 24.01024818 620.80133057
v -9.93324375 23.07754326 622.80181885
v -9.93324375 23.07661057 620.80181885
v -10.54631424 22.07617569 622.80224609
v -10.54631424 22.07524109 620.80224609
v -11.05408287 21.01671982 621.10278320
v -11.05408287 21.01657867 620.80273438
v -11.05408287 21.01751328 622.80273438
v -11.05408287 21.01737404 622.50274658
v -11.18597412 20.68719292 621.10290527
v -11.18597412 20.68784714 622.50292969
v -11.30763340 20.35375404 621.10308838
v -11.30763340 20.35440826 622.50305176
v 10.16464424 21.01657867 620.80273438
v -10.54631424 22.06410789 596.95227051
v -9.93324375 23.06547546 596.95178223
v -9.22126484 23.99911308 596.95135498
v -8.41779709 24.85528755 596.95098877
v -7.53121662 25.62507248 596.95062256
v -6.57076550 26.30044556 596.95031738
v -5.54645538 26.87436485 596.95001221
v -4.46896458 27.34084892 596.94982910
v -3.34952402 27.69503403 596.94964600
v -2.19980335 27.93322945 596.94952393
v -1.03178751 28.05294991 596.94946289
v 0.14234810 28.05294991 596.94946289
v 1.31036401 27.93322945 596.94952393
v 2.46008468 27.69503403 596.94964600
v 3.57952499 27.34084892 596.94982910
v 4.65701628 26.87436485 596.95001221
v 5.68132591 26.30044556 596.95031738
v 6.64177704 25.62507248 596.95062256
v 7.52835751 24.85528755 596.95098877
v 8.33182526 23.99911308 596.95135498
v 9.04380512 23.06547546 596.95178223
v 9.65687466 22.06410789 596.95227051
v -11.18597412 20.67874336 603.00292969
v -11.18597412 20.67809105 601.60290527
v -11.05408287 21.00827026 603.00274658
v -11.05408287 21.00761604 601.60278320
v -10.54631424 22.06707191 603.30224609
v -10.54631424 22.06613731 601.30224609
v -9.93324375 23.06750679 601.30181885
v -11.30763340 20.34465027 601.60308838
v -11.30763340 20.34530449 603.00305176
v -11.05408287 21.00747681 601.30273438
v -9.93324375 23.06843948 603.30181885
v -9.22126484 24.00114441 601.30133057
v -9.22126484 24.00207710 603.30133057
v -8.41779709 24.85731888 601.30096436
v -8.41779709 24.85825157 603.30096436
v -7.53121662 25.62710381 601.30059814
v -7.53121662 25.62803650 603.30059814
v -6.57076550 26.30247688 601.30029297
v -6.57076550 26.30340958 603.30029297
v -5.54645538 26.87639618 601.30004883
v -5.54645538 26.87732887 603.30004883
v -4.46896458 27.34287834 601.29980469
v -4.46896458 27.34381294 603.29980469
v -3.34952402 27.69706535 601.29962158
v -3.34952402 27.69799805 603.29962158
v -2.19980335 27.93525887 601.29949951
v -2.19980335 27.93619347 603.29949951
v -1.03178751 28.05498123 601.29943848
v -1.03178751 28.05591393 603.29943848
v 0.14234810 28.05498123 601.29943848
v 0.14234810 28.05591393 603.29943848
v 1.31036401 27.93525887 601.29949951
v 1.31036401 27.93619347 603.29949951
v 2.46008468 27.69706535 601.29962158
v 2.46008468 27.69799805 603.29962158
v 3.57952499 27.34287834 601.29980469
v 3.57952499 27.34381294 603.29980469
v 4.65701628 26.87639618 601.30004883
v 4.65701628 26.87732887 603.30004883
v 5.68132591 26.30247688 601.30029297
v 5.68132591 26.30340958 603.30029297
v 6.64177704 25.62710381 601.30059814
v 6.64177704 25.62803650 603.30059814
v 7.52835751 24.85731888 601.30096436
v 7.52835751 24.85825157 603.30096436
v 8.33182526 24.00114441 601.30133057
v 8.33182526 24.00207710 603.30133057
v 9.04380512 23.06750679 601.30181885
v 9.04380512 23.06843948 603.30181885
v 9.65687466 22.06613731 601.30224609
v 9.65687466 22.06707191 603.30224609
v 10.16464424 21.00827026 603.00274658
v 10.16464424 21.00840950 603.30273438
v 10.16464424 21.00747681 601.30273438
v 10.16464424 21.00761604 601.60278320
v 10.29653454 20.67874336 603.00292969
v 10.29653454 20.67809105 601.60290527
v 10.41819382 20.34530449 603.00305176
v 10.41819382 20.34465027 601.60308838
v -11.05408287 21.00840950 603.30273438
v -11.18597412 20.68481255 616.00292969
v -11.18597412 20.68415833 614.60290527
v -11.05408287 21.01433945 616.00274658
v -11.05408287 21.01368523 614.60278320
v -10.54631424 22.07314110 616.30224609
v -10.54631424 22.07220650 614.30224609
v -9.93324375 23.07357597 614.30181885
v -11.30763340 20.35071945 614.60308838
v -11.30763340 20.35137367 616.00305176
v -11.05408287 21.01354599 614.30273438
v -9.93324375 23.07450867 616.30181885
v -9.22126484 24.00721359 614.30133057
v -9.22126484 24.00814629 616.30133057
v -8.41779709 24.86338615 614.30096436
v -8.41779709 24.86432076 616.30096436
v -7.53121662 25.63317299 614.30059814
v -7.53121662 25.63410568 616.30059814
v -6.57076550 26.30854416 614.30029297
v -6.57076550 26.30947876 616.30029297
v -5.54645538 26.88246346 614.29998779
v -5.54645538 26.88339806 616.29998779
v -4.46896458 27.34894753 614.29980469
v -4.46896458 27.34988213 616.29980469
v -3.34952402 27.70313263 614.29962158
v -3.34952402 27.70406723 616.29962158
v -2.19980335 27.94132805 614.29949951
v -2.19980335 27.94226265 616.29949951
v -1.03178751 28.06105042 614.29943848
v -1.03178751 28.06198311 616.29943848
v 0.14234810 28.06105042 614.29943848
v 0.14234810 28.06198311 616.29943848
v 1.31036401 27.94132805 614.29949951
v 1.31036401 27.94226265 616.29949951
v 2.46008468 27.70313263 614.29962158
v 2.46008468 27.70406723 616.29962158
v 3.57952499 27.34894753 614.29980469
v 3.57952499 27.34988213 616.29980469
v 4.65701628 26.88246346 614.29998779
v 4.65701628 26.88339806 616.29998779
v 5.68132591 26.30854416 614.30029297
v 5.68132591 26.30947876 616.30029297
v 6.64177704 25.63317299 614.30059814
v 6.64177704 25.63410568 616.30059814
v 7.52835751 24.86338615 614.30096436
v 7.52835751 24.86432076 616.30096436
v 8.33182526 24.00721359 614.30133057
v 8.33182526 24.00814629 616.30133057
v 9.04380512 23.07357597 614.30181885
v 9.04380512 23.07450867 616.30181885
v 9.65687466 22.07220650 614.30224609
v 9.65687466 22.07314110 616.30224609
v 10.16464424 21.01433945 616.00274658
v 10.16464424 21.01447868 616.30273438
v 10.16464424 21.01354599 614.30273438
v 10.16464424 21.01368523 614.60278320
v 10.29653454 20.68481255 616.00292969
v 10.29653454 20.68415833 614.60290527
v 10.41819382 20.35137367 616.00305176
v 10.41819382 20.35071945 614.60308838
v -11.05408287 21.01447868 616.30273438
v -11.30763340 20.36351204 642.00305176
v -11.30763340 20.36285782 640.60308838
v -11.18597412 20.69695091 642.00292969
v -11.18597412 20.69629669 640.60290527
v -11.05408287 21.02647591 642.00274658
v -11.05408287 21.02582359 640.60278320
v -10.54631424 22.08527756 642.30224609
v -10.54631424 22.08434486 640.30224609
v -9.93324375 23.08571243 640.30181885
v -11.05408287 21.02568245 640.30273438
v -9.93324375 23.08664703 642.30181885
v -9.22126484 24.01935005 640.30133057
v -9.22126484 24.02028465 642.30133057
v -8.41779709 24.87552452 640.30096436
v -8.41779709 24.87645912 642.30096436
v -7.53121662 25.64530945 640.30059814
v -7.53121662 25.64624405 642.30059814
v -6.57076550 26.32068253 640.30029297
v -6.57076550 26.32161713 642.30029297
v -5.54645538 26.89460182 640.29998779
v -5.54645538 26.89553642 642.29998779
v -4.46896458 27.36108589 640.29980469
v -4.46896458 27.36201859 642.29980469
v -3.34952402 27.71527100 640.29962158
v -3.34952402 27.71620560 642.29962158
v -2.19980335 27.95346642 640.29949951
v -2.19980335 27.95439911 642.29949951
v -1.03178751 28.07318687 640.29943848
v -1.03178751 28.07412148 642.29943848
v 0.14234810 28.07318687 640.29943848
v 0.14234810 28.07412148 642.29943848
v 1.31036401 27.95346642 640.29949951
v 1.31036401 27.95439911 642.29949951
v 2.46008468 27.71527100 640.29962158
v 2.46008468 27.71620560 642.29962158
v 3.57952499 27.36108589 640.29980469
v 3.57952499 27.36201859 642.29980469
v 4.65701628 26.89460182 640.29998779
v 4.65701628 26.89553642 642.29998779
v 5.68132591 26.32068253 640.30029297
v 5.68132591 26.32161713 642.30029297
v 6.64177704 25.64530945 640.30059814
v 6.64177704 25.64624405 642.30059814
v 7.52835751 24.87552452 640.30096436
v 7.52835751 24.87645912 642.30096436
v 8.33182526 24.01935005 640.30133057
v 8.33182526 24.02028465 642.30133057
v 9.04380512 23.08571243 640.30181885
v 9.04380512 23.08664703 642.30181885
v 9.65687466 22.08434486 640.30224609
v 9.65687466 22.08527756 642.30224609
v 10.16464424 21.02647591 642.00274658
v 10.16464424 21.02661705 642.30273438
v 10.16464424 21.02568245 640.30273438
v 10.16464424 21.02582359 640.60278320
v 10.29653454 20.69695091 642.00292969
v 10.29653454 20.69629669 640.60290527
v 10.41819382 20.36351204 642.00305176
v 10.41819382 20.36285782 640.60308838
v -11.05408287 21.02661705 642.30273438
v -11.18597412 20.69088173 629.00292969
v -11.18597412 20.69022751 627.60290527
v -11.05408287 21.02040672 629.00274658
v -11.05408287 21.01975441 627.60278320
v -10.54631424 22.07920837 629.30224609
v -10.54631424 22.07827568 627.30224609
v -9.93324375 23.07964516 627.30181885
v -11.30763340 20.35678864 627.60308838
v -11.30763340 20.35744286 629.00305176
v -11.05408287 21.01961327 627.30273438
v -9.93324375 23.08057785 629.30181885
v -9.22126484 24.01328278 627.30133057
v -9.22126484 24.01421547 629.30133057
v -8.41779709 24.86945534 627.30096436
v -8.41779709 24.87038994 629.30096436
v -7.53121662 25.63924026 627.30059814
v -7.53121662 25.64017487 629.30059814
v -6.57076550 26.31461334 627.30029297
v -6.57076550 26.31554794 629.30029297
v -5.54645538 26.88853264 627.29998779
v -5.54645538 26.88946724 629.29998779
v -4.46896458 27.35501671 627.29980469
v -4.46896458 27.35595131 629.29980469
v -3.34952402 27.70920181 627.29962158
v -3.34952402 27.71013641 629.29962158
v -2.19980335 27.94739723 627.29949951
v -2.19980335 27.94832993 629.29949951
v -1.03178751 28.06711769 627.29943848
v -1.03178751 28.06805229 629.29943848
v 0.14234810 28.06711769 627.29943848
v 0.14234810 28.06805229 629.29943848
v 1.31036401 27.94739723 627.29949951
v 1.31036401 27.94832993 629.29949951
v 2.46008468 27.70920181 627.29962158
v 2.46008468 27.71013641 629.29962158
v 3.57952499 27.35501671 627.29980469
v 3.57952499 27.35595131 629.29980469
v 4.65701628 26.88853264 627.29998779
v 4.65701628 26.88946724 629.29998779
v 5.68132591 26.31461334 627.30029297
v 5.68132591 26.31554794 629.30029297
v 6.64177704 25.63924026 627.30059814
v 6.64177704 25.64017487 629.30059814
v 7.52835751 24.86945534 627.30096436
v 7.52835751 24.87038994 629.30096436
v 8.33182526 24.01328278 627.30133057
v 8.33182526 24.01421547 629.30133057
v 9.04380512 23.07964516 627.30181885
v 9.04380512 23.08057785 629.30181885
v 9.65687466 22.07827568 627.30224609
v 9.65687466 22.07920837 629.30224609
v 10.16464424 21.02040672 629.00274658
v 10.16464424 21.02054787 629.30273438
v 10.16464424 21.01961327 627.30273438
v 10.16464424 21.01975441 627.60278320
v 10.29653454 20.69088173 629.00292969
v 10.29653454 20.69022751 627.60290527
v 10.41819382 20.35744286 629.00305176
v 10.41819382 20.35678864 627.60308838
v -11.05408287 21.02054787 629.30273438
v -1.64204741 28.03175163 653.29949951
v -2.74754047 27.86132812 653.29956055
v -1.64204741 28.03161049 652.99951172
v -2.74754047 27.86039352 651.29956055
v -1.64204741 28.03095818 651.59948730
v -1.64204741 28.03081703 651.29949951
v -3.83124757 27.58431053 653.29968262
v -3.83124757 27.58337784 651.29968262
v -4.88291597 27.20332336 653.29986572
v -4.88291597 27.20238876 651.29986572
v -5.89259672 26.72196770 653.30010986
v -5.89259672 26.72103310 651.30010986
v -6.85073757 26.14479637 653.30035400
v -6.85073757 26.14386368 651.30035400
v -7.74827385 25.47727394 653.30065918
v -7.74827385 25.47634125 651.30065918
v -8.57671452 24.72571182 653.30102539
v -8.57671452 24.72477913 651.30102539
v -9.32822227 23.89722252 653.30139160
v -9.32822227 23.89628792 651.30139160
v -9.99568653 22.99964333 653.30181885
v -9.99568653 22.99870872 651.30181885
v -10.57279301 22.04146385 653.30230713
v -10.57279301 22.04052925 651.30230713
v -11.05408287 21.03095818 651.60278320
v -11.05408287 21.03081703 651.30273438
v -11.05408287 21.03175163 653.30273438
v -11.05408287 21.03161240 653.00274658
v -11.18597412 20.70143127 651.60290527
v -11.18597412 20.70208549 653.00292969
v -11.30763340 20.36799240 651.60308838
v -11.30763340 20.36864662 653.00305176
v -0.84447300 28.08716011 652.99945068
v -0.84447300 28.08650780 651.59948730
v -0.04496638 28.08650780 651.59948730
v 0.75260806 28.03095818 651.59948730
v 0.75260806 28.03161049 652.99951172
v -0.04496638 28.08716011 652.99945068
v 0.75260806 28.03081703 651.29949951
v 1.85810113 27.86039352 651.29956055
v 1.85810113 27.86132812 653.29956055
v 0.75260806 28.03175163 653.29949951
v 2.94180822 27.58337784 651.29968262
v 2.94180822 27.58431053 653.29968262
v 3.99347663 27.20238876 651.29986572
v 3.99347663 27.20332336 653.29986572
v 5.00315762 26.72103310 651.30010986
v 5.00315762 26.72196770 653.30010986
v 5.96129847 26.14386368 651.30035400
v 5.96129847 26.14479637 653.30035400
v 6.85883474 25.47634125 651.30065918
v 6.85883474 25.47727394 653.30065918
v 7.68727541 24.72477913 651.30102539
v 7.68727541 24.72571182 653.30102539
v 8.43878269 23.89628792 651.30139160
v 8.43878269 23.89722252 653.30139160
v 9.10624695 22.99870872 651.30181885
v 9.10624695 22.99964333 653.30181885
v 9.68335438 22.04052925 651.30230713
v 9.68335438 22.04146385 653.30230713
v 10.16464424 21.03161240 653.00274658
v 10.16464424 21.03175163 653.30273438
v 10.16464424 21.03081703 651.30273438
v 10.16464424 21.03095818 651.60278320
v 10.29653454 20.70208549 653.00292969
v 10.29653454 20.70143127 651.60290527
v 10.41819382 20.36864662 653.00305176
v 10.41819382 20.36799240 651.60308838
v -6.69471979 18.28969383 601.71838379
v -6.69471979 18.51594543 601.89868164
v -6.69471979 18.64157867 602.15924072
v -6.69471979 18.64171410 602.44848633
v -6.69471979 18.51632309 602.70916748
v -6.69471979 18.29024124 602.88964844
v -0.44471967 18.29024124 602.88964844
v 5.80528021 18.29024124 602.88964844
v 5.80528021 18.51632309 602.70916748
v 5.80528021 18.64171410 602.44848633
v 5.80528021 18.64157867 602.15924072
v 5.80528021 18.51594543 601.89868164
v 5.80528021 18.28969383 601.71838379
v -0.44471967 18.28969383 601.71838379
v -0.44471967 18.51594543 601.89868164
v -0.44471967 18.64157867 602.15924072
v -0.44471967 18.64171410 602.44848633
v -0.44471967 18.51632309 602.70916748
v -6.69471979 18.29576302 614.71838379
v -6.69471979 18.52201271 614.89868164
v -6.69471979 18.64764786 615.15924072
v -6.69471979 18.64778328 615.44848633
v -6.69471979 18.52239227 615.70916748
v -6.69471979 18.29631042 615.88964844
v -0.44471967 18.29631042 615.88964844
v 5.80528021 18.29631042 615.88964844
v 5.80528021 18.52239227 615.70916748
v 5.80528021 18.64778328 615.44848633
v 5.80528021 18.64764786 615.15924072
v 5.80528021 18.52201271 614.89868164
v 5.80528021 18.29576302 614.71838379
v -0.44471967 18.29576302 614.71838379
v -0.44471967 18.52201271 614.89868164
v -0.44471967 18.64764786 615.15924072
v -0.44471967 18.64778328 615.44848633
v -0.44471967 18.52239227 615.70916748
v -6.69471979 18.30183220 627.71838379
v -6.69471979 18.52808189 627.89862061
v -6.69471979 18.65371704 628.15924072
v -6.69471979 18.65385246 628.44848633
v -6.69471979 18.52846146 628.70916748
v -6.69471979 18.30237961 628.88964844
v -0.44471967 18.30237961 628.88964844
v 5.80528021 18.30237961 628.88964844
v 5.80528021 18.52846146 628.70916748
v 5.80528021 18.65385246 628.44848633
v 5.80528021 18.65371704 628.15924072
v 5.80528021 18.52808189 627.89862061
v 5.80528021 18.30183220 627.71838379
v -0.44471967 18.30183220 627.71838379
v -0.44471967 18.52808189 627.89862061
v -0.44471967 18.65371704 628.15924072
v -0.44471967 18.65385246 628.44848633
v -0.44471967 18.52846146 628.70916748
v -6.69471979 18.30790138 640.71838379
v -6.69471979 18.53415108 640.89862061
v -6.69471979 18.65978622 641.15924072
v -6.69471979 18.65991974 641.44848633
v -6.69471979 18.53452873 641.70916748
v -6.69471979 18.30844688 641.88964844
v -0.44471967 18.30844688 641.88964844
v 5.80528021 18.30844688 641.88964844
v 5.80528021 18.53452873 641.70916748
v 5.80528021 18.65991974 641.44848633
v 5.80528021 18.65978622 641.15924072
v 5.80528021 18.53415108 640.89862061
v 5.80528021 18.30790138 640.71838379
v -0.44471967 18.30790138 640.71838379
v -0.44471967 18.53415108 640.89862061
v -0.44471967 18.65978622 641.15924072
v -0.44471967 18.65991974 641.44848633
v -0.44471967 18.53452873 641.70916748
v -6.69471979 18.31303596 651.71838379
v -6.69471979 18.53928566 651.89862061
v -6.69471979 18.66492081 652.15924072
v -6.69471979 18.66505623 652.44848633
v -6.69471979 18.53966522 652.70916748
v -6.69471979 18.31358337 652.88964844
v -0.44471967 18.31358337 652.88964844
v 5.80528021 18.31358337 652.88964844
v 5.80528021 18.53966522 652.70916748
v 5.80528021 18.66505623 652.44848633
v 5.80528021 18.66492081 652.15924072
v 5.80528021 18.53928566 651.89862061
v 5.80528021 18.31303596 651.71838379
v -0.44471967 18.31303596 651.71838379
v -0.44471967 18.53928566 651.89862061
v -0.44471967 18.66492081 652.15924072
v -0.44471967 18.66505623 652.44848633
v -0.44471967 18.53966522 652.70916748
v -6.69471979 31.26292992 652.80487061
v -6.69471979 31.08319283 652.57818604
v -6.69471979 31.01960182 652.29602051
v -6.69471979 31.08474922 652.01416016
v -6.69471979 31.26573372 651.78845215
v -6.69471979 31.52670860 651.66369629
v -0.44471967 31.52670860 651.66369629
v 5.80528021 31.52670860 651.66369629
v 5.80528021 31.26573372 651.78845215
v 5.80528021 31.08474922 652.01416016
v 5.80528021 31.01960182 652.29602051
v 5.80528021 31.08319283 652.57818604
v 5.80528021 31.26292992 652.80487061
v -0.44471967 31.26292992 652.80487061
v -0.44471967 31.08319283 652.57818604
v -0.44471967 31.01960182 652.29602051
v -0.44471967 31.08474922 652.01416016
v -0.44471967 31.26573372 651.78845215
v -6.69471979 33.80583572 641.80364990
v -6.69471979 33.62609863 641.57702637
v -6.69471979 33.56250763 641.29479980
v -6.69471979 33.62765503 641.01293945
v -6.69471979 33.80863953 640.78729248
v -6.69471979 34.06961441 640.66247559
v -0.44471967 34.06961441 640.66247559
v 5.80528021 34.06961441 640.66247559
v 5.80528021 33.80863953 640.78729248
v 5.80528021 33.62765503 641.01293945
v 5.80528021 33.56250763 641.29479980
v 5.80528021 33.62609863 641.57702637
v 5.80528021 33.80583572 641.80364990
v -0.44471967 33.80583572 641.80364990
v -0.44471967 33.62609863 641.57702637
v -0.44471967 33.56250763 641.29479980
v -0.44471967 33.62765503 641.01293945
v -0.44471967 33.80863953 640.78729248
v -6.69471979 36.81108856 628.80224609
v -6.69471979 36.63135147 628.57562256
v -6.69471979 36.56776047 628.29339600
v -6.69471979 36.63290787 628.01153564
v -6.69471979 36.81389236 627.78588867
v -6.69471979 37.07486725 627.66107178
v -0.44471967 37.07486725 627.66107178
v 5.80528021 37.07486725 627.66107178
v 5.80528021 36.81389236 627.78588867
v 5.80528021 36.63290787 628.01153564
v 5.80528021 36.56776047 628.29339600
v 5.80528021 36.63135147 628.57562256
v 5.80528021 36.81108856 628.80224609
v -0.44471967 36.81108856 628.80224609
v -0.44471967 36.63135147 628.57562256
v -0.44471967 36.56776047 628.29339600
v -0.44471967 36.63290787 628.01153564
v -0.44471967 36.81389236 627.78588867
v -6.69471979 39.81633759 615.80084229
v -6.69471979 39.63660049 615.57421875
v -6.69471979 39.57300949 615.29199219
v -6.69471979 39.63815689 615.01013184
v -6.69471979 39.81914520 614.78448486
v -6.69471979 40.08012009 614.65966797
v -0.44471967 40.08012009 614.65966797
v 5.80528021 40.08012009 614.65966797
v 5.80528021 39.81914520 614.78448486
v 5.80528021 39.63815689 615.01013184
v 5.80528021 39.57300949 615.29199219
v 5.80528021 39.63660049 615.57421875
v 5.80528021 39.81633759 615.80084229
v -0.44471967 39.81633759 615.80084229
v -0.44471967 39.63660049 615.57421875
v -0.44471967 39.57300949 615.29199219
v -0.44471967 39.63815689 615.01013184
v -0.44471967 39.81914520 614.78448486
v -6.69471979 42.82159042 602.79943848
v -6.69471979 42.64185333 602.57281494
v -6.69471979 42.57826233 602.29058838
v -6.69471979 42.64340973 602.00872803
v -6.69471979 42.82439423 601.78308105
v -6.69471979 43.08536911 601.65826416
v -0.44471967 43.08536911 601.65826416
v 5.80528021 43.08536911 601.65826416
v 5.80528021 42.82439423 601.78308105
v 5.80528021 42.64340973 602.00872803
v 5.80528021 42.57826233 602.29058838
v 5.80528021 42.64185333 602.57281494
v 5.80528021 42.82159042 602.79943848
v -0.44471967 42.82159042 602.79943848
v -0.44471967 42.64185333 602.57281494
v -0.44471967 42.57826233 602.29058838
v -0.44471967 42.64340973 602.00872803
v -0.44471967 42.82439423 601.78308105
v -11.94471931 30.30763054 583.59838867
v 11.05528069 30.30763054 583.59838867
v 11.05528069 30.30557632 579.19842529
v -11.94471931 30.30557632 579.19842529
v -11.94471931 17.77147484 586.30426025
v 11.05528069 17.77147484 586.30426025
v 11.05528069 17.76755333 577.90429688
v 11.05528069 45.76755142 577.89117432
v -11.94471931 17.76755333 577.90429688
v -11.94471931 45.76755142 577.89117432
v 8.25528049 17.76755333 577.90429688
v 8.25528049 45.76755142 577.89117432
v -9.14472008 45.76755142 577.89117432
v -9.14472008 17.76755333 577.90429688
v -9.14472008 19.76288414 567.90332031
v 8.25528049 19.76288414 567.90332031
v -0.44471967 19.31786537 567.95367432
v 8.25528049 19.31786537 567.95367432
v -0.44471967 18.89520836 568.10180664
v 8.25528049 18.89520836 568.10180664
v -0.44471967 18.51610756 568.34027100
v 8.25528049 18.51610756 568.34027100
v -0.44471967 18.19957352 568.65710449
v 8.25528049 18.19957352 568.65710449
v -0.44471967 17.96147537 569.03643799
v 8.25528049 17.96147537 569.03643799
v -0.44471967 17.81375504 569.45922852
v 8.25528049 17.81375504 569.45922852
v 8.25528049 17.76381874 569.90429688
v -9.14472008 17.76381874 569.90429688
v -9.14472008 17.81375504 569.45922852
v -9.14472008 17.96147537 569.03643799
v -9.14472008 18.19957352 568.65710449
v -9.14472008 18.51610756 568.34027100
v -9.14472008 18.89520836 568.10180664
v -9.14472008 19.31786537 567.95367432
v 8.25528049 22.01716805 570.86724854
v 8.25528049 21.53738403 570.98571777
v 8.25528049 21.09989738 571.21557617
v 8.25528049 22.51136780 570.86700439
v 8.25528049 22.99126244 570.98504639
v 8.25528049 43.76288223 567.89215088
v 8.25528049 40.53738022 570.97686768
v 8.25528049 41.01716614 570.85833740
v 8.25528049 45.32689667 568.64440918
v 8.25528049 45.56534576 569.02349854
v 8.25528049 44.20794678 567.94207764
v 8.25528049 44.63074112 568.08978271
v 8.25528049 45.01006317 568.32788086
v 8.25528049 41.51136780 570.85815430
v 8.25528049 45.71346283 569.44616699
v 8.25528049 45.76381302 569.89117432
v 8.25528049 43.25587463 573.38299561
v 8.25528049 43.31521606 572.89233398
v 8.25528049 43.25541687 572.40179443
v 8.25528049 40.53916931 574.81042480
v 8.25528049 41.01906586 574.92846680
v 8.25528049 41.51326752 574.92822266
v 8.25528049 20.27501678 573.39367676
v 8.25528049 20.45047760 573.85571289
v 8.25528049 20.73140526 574.26226807
v 8.25528049 43.07995605 571.93975830
v 8.25528049 42.79902649 571.53320312
v 8.25528049 42.42896271 571.20562744
v 8.25528049 41.99126053 570.97619629
v 8.25528049 23.42896271 571.21447754
v 8.25528049 40.09989548 571.20672607
v 8.25528049 23.79903030 571.54205322
v 8.25528049 39.73013306 571.53460693
v 8.25528049 24.07995796 571.94860840
v 8.25528049 39.44958496 571.94146729
v 8.25528049 24.25541878 572.41064453
v 8.25528049 39.27455521 572.40362549
v 8.25528049 24.31521797 572.90118408
v 8.25528049 39.21521759 572.89422607
v 8.25528049 24.25587654 573.39184570
v 8.25528049 39.27501297 573.38482666
v 8.25528049 24.08084679 573.85400391
v 8.25528049 39.45047760 573.84680176
v 8.25528049 23.80029869 574.26086426
v 8.25528049 39.73140335 574.25341797
v 8.25528049 23.43053818 574.58874512
v 8.25528049 40.10147095 574.58093262
v 8.25528049 22.99305344 574.81860352
v 8.25528049 41.99304962 574.80975342
v 8.25528049 42.43053436 574.57989502
v 8.25528049 42.80029678 574.25195312
v 8.25528049 43.08084488 573.84515381
v 8.25528049 20.73013687 571.54345703
v 8.25528049 20.44958878 571.95031738
v 8.25528049 20.27455902 572.41247559
v 8.25528049 20.21521759 572.90313721
v 8.25528049 21.10147285 574.58984375
v 8.25528049 21.53917313 574.81927490
v 8.25528049 22.01906776 574.93731689
v 8.25528049 22.51326752 574.93713379
v -9.14472008 43.76288223 567.89215088
v -0.44471967 44.20794678 567.94207764
v -9.14472008 44.20794678 567.94207764
v -0.44471967 44.63074112 568.08978271
v -9.14472008 44.63074112 568.08978271
v -0.44471967 45.01006317 568.32788086
v -9.14472008 45.01006317 568.32788086
v -0.44471967 45.32689667 568.64440918
v -9.14472008 45.32689667 568.64440918
v -0.44471967 45.56534576 569.02349854
v -9.14472008 45.56534576 569.02349854
v -0.44471967 45.71346283 569.44616699
v -9.14472008 45.71346283 569.44616699
v -9.14472008 45.76381302 569.89117432
v -9.14472008 22.51136780 570.86700439
v -9.14472008 22.01716805 570.86724854
v -9.14472008 20.27501678 573.39367676
v -9.14472008 20.21521759 572.90313721
v -9.14472008 20.27455902 572.41247559
v -9.14472008 22.99305344 574.81860352
v -9.14472008 22.51326752 574.93713379
v -9.14472008 22.01906776 574.93731689
v -9.14472008 43.25587463 573.38299561
v -9.14472008 43.08084488 573.84515381
v -9.14472008 42.80029678 574.25195312
v -9.14472008 41.51136780 570.85815430
v -9.14472008 41.99126053 570.97619629
v -9.14472008 42.42896271 571.20562744
v -9.14472008 41.01716614 570.85833740
v -9.14472008 40.53738022 570.97686768
v -9.14472008 22.99126244 570.98504639
v -9.14472008 43.25541687 572.40179443
v -9.14472008 43.31521606 572.89233398
v -9.14472008 42.43053436 574.57989502
v -9.14472008 41.99304962 574.80975342
v -9.14472008 41.51326752 574.92822266
v -9.14472008 41.01906586 574.92846680
v -9.14472008 40.53916931 574.81042480
v -9.14472008 23.43053818 574.58874512
v -9.14472008 40.10147095 574.58093262
v -9.14472008 23.80029869 574.26086426
v -9.14472008 39.73140335 574.25341797
v -9.14472008 24.08084679 573.85400391
v -9.14472008 39.45047760 573.84680176
v -9.14472008 24.25587654 573.39184570
v -9.14472008 39.27501297 573.38482666
v -9.14472008 24.31521797 572.90118408
v -9.14472008 39.21521759 572.89422607
v -9.14472008 24.25541878 572.41064453
v -9.14472008 39.27455521 572.40362549
v -9.14472008 24.07995796 571.94860840
v -9.14472008 39.44958496 571.94146729
v -9.14472008 23.79903030 571.54205322
v -9.14472008 39.73013306 571.53460693
v -9.14472008 23.42896271 571.21447754
v -9.14472008 40.09989548 571.20672607
v -9.14472008 42.79902649 571.53320312
v -9.14472008 43.07995605 571.93975830
v -9.14472008 21.53917313 574.81927490
v -9.14472008 21.10147285 574.58984375
v -9.14472008 20.73140526 574.26226807
v -9.14472008 20.45047760 573.85571289
v -9.14472008 20.44958878 571.95031738
v -9.14472008 20.73013687 571.54345703
v -9.14472008 21.09989738 571.21557617
v -9.14472008 21.53738403 570.98571777
v -0.44471967 24.31521797 572.90118408
v -0.44471967 24.25105095 573.41107178
v -0.44471967 24.06210709 573.88891602
v -0.44471967 23.76025772 574.30480957
v -0.44471967 23.36447144 574.63250732
v -0.44471967 22.89961243 574.85156250
v -0.44471967 22.39489365 574.94805908
v -0.44471967 21.88202667 574.91601562
v -0.44471967 21.39323616 574.75744629
v -0.44471967 20.95923615 574.48229980
v -0.44471967 20.60729599 574.10791016
v -0.44471967 20.35952950 573.65771484
v -0.44471967 20.23150253 573.16003418
v -0.44471967 20.23126221 572.64617920
v -0.44471967 20.35882378 572.14837646
v -0.44471967 20.60617065 571.69799805
v -0.44471967 20.95776176 571.32324219
v -0.44471967 21.39150429 571.04766846
v -0.44471967 21.88014603 570.88867188
v -0.44471967 22.39298248 570.85614014
v -0.44471967 22.89779282 570.95220947
v -0.44471967 23.36285400 571.17077637
v -0.44471967 23.75894928 571.49816895
v -0.44471967 24.06118584 571.91375732
v -0.44471967 24.25057602 572.39141846
v -0.44471967 43.31521606 572.89233398
v -0.44471967 43.25104904 573.40216064
v -0.44471967 43.06210709 573.88006592
v -0.44471967 42.76025772 574.29589844
v -0.44471967 42.36446762 574.62365723
v -0.44471967 41.89961243 574.84265137
v -0.44471967 41.39488983 574.93920898
v -0.44471967 40.88202286 574.90716553
v -0.44471967 40.39323425 574.74859619
v -0.44471967 39.95923233 574.47344971
v -0.44471967 39.60729218 574.09906006
v -0.44471967 39.35952759 573.64886475
v -0.44471967 39.23150253 573.15118408
v -0.44471967 39.23126221 572.63732910
v -0.44471967 39.35882187 572.13952637
v -0.44471967 39.60616684 571.68908691
v -0.44471967 39.95775986 571.31433105
v -0.44471967 40.39150238 571.03881836
v -0.44471967 40.88014603 570.87976074
v -0.44471967 41.39298248 570.84729004
v -0.44471967 41.89778900 570.94335938
v -0.44471967 42.36285400 571.16192627
v -0.44471967 42.75894547 571.48925781
v -0.44471967 43.06118393 571.90484619
v -0.44471967 43.25057220 572.38256836
f 1 2 3
f 3 2 4
f 4 2 5
f 5 2 6
f 5 6 7
f 7 6 8
f 9 10 11
f 11 10 12
f 13 14 15
f 15 14 16
f 17 18 19
f 19 18 20
f 21 22 23
f 23 22 24
f 25 17 26
f 26 17 19
f 22 27 24
f 24 27 28
f 29 9 30
f 30 9 11
f 14 31 16
f 16 31 32
f 31 25 32
f 32 25 26
f 27 29 28
f 28 29 30
f 33 34 35
f 35 34 36
f 37 38 39
f 39 38 40
f 41 33 42
f 42 33 35
f 38 43 40
f 40 43 44
f 45 41 46
f 46 41 42
f 43 47 44
f 44 47 48
f 49 45 50
f 50 45 46
f 47 51 48
f 48 51 52
f 53 49 54
f 54 49 50
f 51 55 52
f 52 55 56
f 55 57 56
f 56 57 58
f 58 57 59
f 58 59 60
f 60 59 54
f 54 59 53
f 61 62 63
f 63 62 64
f 63 64 65
f 65 64 66
f 65 66 67
f 67 66 68
f 68 66 61
f 68 61 63
f 62 4 64
f 64 4 5
f 3 20 1
f 1 20 18
f 1 18 8
f 8 18 21
f 8 21 7
f 7 21 23
f 60 61 58
f 58 61 66
f 37 39 69
f 69 39 70
f 69 70 71
f 71 70 72
f 71 72 36
f 36 34 71
f 73 74 75
f 75 74 76
f 74 77 76
f 76 77 78
f 79 80 81
f 81 80 82
f 80 83 82
f 82 83 84
f 85 86 87
f 87 86 88
f 89 85 90
f 90 85 87
f 91 89 92
f 92 89 90
f 93 94 95
f 95 94 96
f 94 97 96
f 96 97 98
f 99 70 100
f 100 70 39
f 100 39 66
f 66 39 58
f 58 39 40
f 58 40 52
f 52 40 48
f 48 40 44
f 52 56 58
f 66 64 100
f 100 64 101
f 101 64 11
f 101 11 12
f 11 64 30
f 30 64 5
f 30 5 24
f 24 5 23
f 23 5 7
f 24 28 30
f 12 102 101
f 101 102 103
f 101 103 104
f 104 105 101
f 101 105 106
f 106 105 107
f 106 107 108
f 108 107 109
f 108 109 110
f 110 109 111
f 110 111 112
f 112 113 110
f 110 113 114
f 110 114 115
f 115 114 116
f 115 116 117
f 117 118 115
f 115 118 119
f 119 118 120
f 119 120 121
f 121 120 122
f 121 122 123
f 123 122 124
f 123 124 125
f 125 126 123
f 123 126 127
f 123 127 128
f 128 127 129
f 128 129 130
f 130 131 128
f 128 131 132
f 132 131 133
f 132 133 134
f 134 133 135
f 134 135 136
f 136 135 137
f 136 137 138
f 138 139 136
f 136 139 140
f 136 140 141
f 141 140 142
f 141 142 143
f 143 144 141
f 141 144 145
f 145 144 146
f 145 146 147
f 147 146 148
f 147 148 149
f 149 148 150
f 149 150 151
f 152 153 151
f 151 153 154
f 151 154 155
f 155 154 156
f 155 156 157
f 155 157 158
f 158 157 159
f 158 159 160
f 160 159 161
f 160 161 162
f 162 161 163
f 162 163 164
f 165 166 164
f 164 166 162
f 162 166 167
f 167 166 168
f 167 168 169
f 169 168 170
f 169 171 167
f 167 171 172
f 167 172 173
f 173 172 174
f 173 174 175
f 175 174 176
f 176 174 177
f 176 177 178
f 178 177 158
f 178 158 160
f 171 179 172
f 172 179 180
f 172 180 181
f 172 181 91
f 91 181 182
f 91 182 183
f 183 184 91
f 91 184 89
f 89 184 185
f 89 185 186
f 184 187 185
f 185 187 188
f 185 188 189
f 189 188 190
f 189 190 191
f 189 191 192
f 192 191 193
f 192 193 194
f 194 195 192
f 192 195 79
f 79 195 196
f 79 196 197
f 79 197 198
f 198 197 199
f 198 199 200
f 198 200 201
f 201 200 202
f 201 202 203
f 201 203 204
f 204 203 205
f 204 205 206
f 206 207 204
f 204 207 93
f 93 207 208
f 93 208 209
f 93 209 210
f 210 209 211
f 210 211 212
f 210 212 213
f 213 212 214
f 213 214 215
f 213 215 216
f 216 215 217
f 216 217 218
f 218 219 216
f 216 219 73
f 73 219 220
f 73 220 221
f 73 221 222
f 222 221 223
f 222 223 224
f 222 224 225
f 225 224 226
f 225 226 227
f 225 227 228
f 228 227 229
f 228 229 230
f 230 231 228
f 228 231 100
f 100 231 232
f 100 232 233
f 233 99 100
f 167 175 162
f 234 235 178
f 178 235 176
f 236 83 237
f 237 83 80
f 237 80 238
f 238 80 239
f 238 239 240
f 240 239 241
f 80 79 239
f 239 79 198
f 192 242 189
f 189 242 243
f 243 242 244
f 243 244 245
f 245 244 145
f 245 145 147
f 246 247 242
f 242 247 244
f 141 237 136
f 136 237 238
f 248 97 249
f 249 97 94
f 249 94 250
f 250 94 251
f 250 251 252
f 252 251 253
f 94 93 251
f 251 93 210
f 204 254 201
f 201 254 255
f 255 254 256
f 255 256 257
f 257 256 132
f 257 132 134
f 258 259 254
f 254 259 256
f 128 249 123
f 123 249 250
f 260 77 261
f 261 77 74
f 261 74 262
f 262 74 263
f 262 263 264
f 264 263 265
f 74 73 263
f 263 73 222
f 216 266 213
f 213 266 267
f 267 266 268
f 267 268 269
f 269 268 119
f 269 119 121
f 270 271 266
f 266 271 268
f 115 261 110
f 110 261 262
f 228 272 225
f 225 272 273
f 273 272 274
f 273 274 275
f 275 274 106
f 275 106 108
f 276 277 272
f 272 277 274
f 278 279 275
f 275 279 273
f 280 281 186
f 186 281 282
f 186 282 85
f 85 282 283
f 85 283 86
f 86 283 284
f 282 149 283
f 283 149 155
f 155 149 151
f 285 286 245
f 245 286 243
f 287 288 257
f 257 288 255
f 289 290 269
f 269 290 267
f 291 292 174
f 174 292 177
f 85 89 186
f 293 15 294
f 294 15 16
f 294 16 62
f 62 16 4
f 4 16 32
f 4 32 20
f 20 32 19
f 19 32 26
f 20 3 4
f 294 62 295
f 295 62 61
f 295 61 36
f 36 61 35
f 35 61 60
f 35 60 46
f 46 60 50
f 50 60 54
f 46 42 35
f 36 72 295
f 295 72 296
f 295 296 297
f 297 298 295
f 295 298 299
f 295 299 300
f 300 299 301
f 300 301 302
f 302 303 300
f 300 303 304
f 300 304 305
f 305 304 306
f 305 306 307
f 307 306 308
f 308 306 309
f 303 310 304
f 304 310 311
f 304 311 312
f 312 311 313
f 312 313 314
f 312 314 75
f 75 314 315
f 75 315 316
f 75 316 317
f 317 316 318
f 317 318 319
f 319 320 317
f 317 320 321
f 317 321 322
f 322 321 323
f 322 323 324
f 324 323 325
f 325 323 326
f 320 327 321
f 321 327 328
f 321 328 329
f 329 328 330
f 329 330 331
f 329 331 95
f 95 331 332
f 95 332 333
f 95 333 334
f 334 333 335
f 334 335 336
f 336 337 334
f 334 337 338
f 334 338 339
f 339 338 340
f 339 340 341
f 341 340 342
f 342 340 343
f 337 344 338
f 338 344 345
f 338 345 346
f 346 345 347
f 346 347 348
f 346 348 81
f 81 348 349
f 81 349 350
f 81 350 351
f 351 350 352
f 351 352 353
f 353 354 351
f 351 354 355
f 351 355 356
f 356 355 357
f 356 357 358
f 358 357 359
f 359 357 360
f 354 361 355
f 355 361 362
f 355 362 363
f 363 362 364
f 363 364 365
f 366 92 365
f 365 92 90
f 365 90 363
f 363 90 367
f 367 90 87
f 367 87 368
f 368 87 369
f 369 87 88
f 366 370 92
f 92 370 371
f 92 371 372
f 372 371 373
f 372 373 374
f 374 375 372
f 372 375 376
f 372 376 377
f 375 378 376
f 376 378 379
f 376 379 380
f 378 381 379
f 382 383 380
f 380 383 384
f 380 384 376
f 376 384 385
f 383 386 384
f 384 386 387
f 384 387 388
f 388 387 389
f 388 389 390
f 390 389 391
f 390 391 392
f 392 391 393
f 392 393 394
f 392 394 395
f 395 394 396
f 395 396 397
f 392 395 398
f 398 395 399
f 398 399 400
f 398 400 401
f 401 400 402
f 401 402 403
f 403 402 404
f 403 404 405
f 405 404 406
f 405 406 407
f 407 408 405
f 405 408 409
f 405 409 410
f 408 411 409
f 409 411 412
f 409 412 413
f 413 414 409
f 409 414 415
f 415 414 416
f 415 416 417
f 417 416 418
f 417 418 419
f 419 418 420
f 419 420 421
f 421 422 419
f 419 422 423
f 419 423 424
f 422 425 423
f 423 425 426
f 423 426 427
f 427 428 423
f 423 428 429
f 429 428 430
f 429 430 431
f 431 430 432
f 431 432 433
f 433 432 434
f 433 434 435
f 435 436 433
f 433 436 437
f 433 437 438
f 436 439 437
f 437 439 440
f 437 440 441
f 441 442 437
f 437 442 443
f 443 442 444
f 443 444 445
f 445 444 446
f 445 446 294
f 294 446 447
f 294 447 448
f 448 293 294
f 445 449 443
f 443 449 307
f 307 449 305
f 450 451 449
f 449 451 305
f 367 368 452
f 452 368 392
f 452 392 398
f 390 453 388
f 388 453 454
f 454 453 455
f 454 455 456
f 456 455 385
f 385 455 377
f 377 455 372
f 457 458 453
f 453 458 455
f 459 460 452
f 452 460 367
f 356 358 461
f 461 358 401
f 461 401 403
f 462 463 438
f 438 463 464
f 438 464 465
f 465 464 76
f 465 76 466
f 466 76 78
f 76 464 75
f 75 464 312
f 467 468 424
f 424 468 469
f 424 469 470
f 470 469 96
f 470 96 471
f 471 96 98
f 96 469 95
f 95 469 329
f 322 324 472
f 472 324 429
f 472 429 431
f 473 474 410
f 410 474 475
f 410 475 476
f 476 475 82
f 476 82 477
f 477 82 84
f 82 475 81
f 81 475 346
f 339 341 478
f 478 341 415
f 478 415 417
f 479 480 456
f 456 480 454
f 470 419 424
f 481 482 478
f 478 482 339
f 476 405 410
f 483 484 461
f 461 484 356
f 465 433 438
f 485 486 472
f 472 486 322
f 487 488 489
f 489 488 490
f 490 488 491
f 490 491 492
f 492 491 493
f 493 491 494
f 495 487 496
f 496 487 489
f 497 498 499
f 499 498 500
f 500 498 501
f 501 498 502
f 501 502 503
f 503 502 504
f 504 505 503
f 503 505 506
f 505 507 506
f 506 507 508
f 508 507 509
f 509 507 510
f 509 510 511
f 511 510 512
f 511 512 513
f 513 512 514
f 513 514 515
f 515 514 516
f 515 516 517
f 517 516 518
f 517 518 519
f 519 518 520
f 519 520 521
f 521 520 522
f 521 522 523
f 523 522 524
f 523 524 525
f 525 524 526
f 525 526 527
f 527 526 528
f 494 497 493
f 493 497 499
f 445 294 529
f 529 294 101
f 529 101 530
f 530 101 106
f 530 531 529
f 529 531 532
f 532 531 533
f 532 533 534
f 534 533 535
f 534 535 536
f 536 535 537
f 536 537 538
f 538 537 539
f 538 539 540
f 540 539 541
f 540 541 542
f 542 541 543
f 542 543 544
f 544 543 545
f 544 545 546
f 546 545 547
f 546 547 548
f 548 547 549
f 548 549 550
f 550 549 551
f 550 551 552
f 552 551 553
f 552 553 554
f 554 553 555
f 554 555 556
f 556 555 557
f 556 557 558
f 558 557 559
f 558 559 560
f 560 559 561
f 560 561 562
f 562 561 563
f 562 563 564
f 564 563 565
f 564 565 566
f 566 565 567
f 566 567 568
f 108 110 531
f 531 110 533
f 115 119 535
f 535 119 537
f 121 123 539
f 539 123 541
f 128 132 543
f 543 132 545
f 134 136 547
f 547 136 549
f 141 145 551
f 551 145 553
f 147 149 555
f 555 149 557
f 155 158 559
f 559 158 561
f 160 162 563
f 563 162 565
f 384 388 566
f 566 388 564
f 390 392 562
f 562 392 560
f 398 401 558
f 558 401 556
f 403 405 554
f 554 405 552
f 409 415 550
f 550 415 548
f 417 419 546
f 546 419 544
f 423 429 542
f 542 429 540
f 431 433 538
f 538 433 536
f 437 443 534
f 534 443 532
f 12 10 102
f 102 10 13
f 102 13 293
f 293 13 15
f 567 565 569
f 569 565 570
f 569 570 571
f 571 570 572
f 571 572 573
f 573 572 574
f 573 574 575
f 575 574 576
f 575 576 577
f 577 576 578
f 577 578 579
f 579 578 580
f 579 580 581
f 581 580 582
f 581 582 583
f 583 582 584
f 583 584 585
f 585 584 586
f 585 586 587
f 587 586 588
f 587 588 589
f 589 588 590
f 589 590 591
f 591 590 592
f 591 592 593
f 593 592 594
f 593 594 595
f 595 594 596
f 595 596 597
f 597 596 598
f 597 598 599
f 599 598 600
f 599 600 601
f 599 601 602
f 602 601 603
f 602 603 604
f 604 603 605
f 604 605 606
f 606 605 607
f 606 607 608
f 608 607 609
f 608 609 610
f 610 609 611
f 610 611 612
f 612 611 613
f 612 613 614
f 614 613 615
f 614 615 616
f 616 615 617
f 616 617 618
f 618 617 619
f 618 619 620
f 620 619 621
f 620 621 622
f 622 621 623
f 622 623 624
f 624 623 625
f 624 625 626
f 626 625 627
f 626 627 628
f 628 627 629
f 628 629 630
f 630 629 566
f 630 566 568
f 631 632 633
f 633 632 634
f 633 634 635
f 635 634 636
f 635 636 637
f 632 631 638
f 638 631 639
f 638 639 560
f 560 639 558
f 634 640 636
f 635 637 641
f 641 637 642
f 641 642 643
f 643 642 644
f 643 644 645
f 645 644 646
f 645 646 647
f 647 646 648
f 647 648 649
f 649 648 650
f 649 650 651
f 651 650 652
f 651 652 653
f 653 652 654
f 653 654 655
f 655 654 656
f 655 656 657
f 657 656 658
f 657 658 659
f 659 658 660
f 659 660 661
f 661 660 662
f 661 662 663
f 663 662 664
f 663 664 665
f 665 664 666
f 665 666 667
f 667 666 668
f 667 668 669
f 669 668 670
f 669 670 671
f 671 670 672
f 671 672 673
f 673 672 674
f 673 674 675
f 675 674 676
f 675 676 677
f 677 676 678
f 677 678 679
f 679 678 680
f 679 680 681
f 681 680 682
f 681 682 683
f 684 685 680
f 680 685 682
f 682 685 686
f 686 685 687
f 686 687 688
f 688 687 689
f 688 689 557
f 557 689 559
f 635 690 633
f 534 536 691
f 691 536 692
f 691 692 693
f 693 692 694
f 693 694 695
f 695 694 696
f 695 696 697
f 697 696 698
f 697 698 699
f 696 700 698
f 697 699 701
f 701 699 702
f 701 702 703
f 703 702 704
f 703 704 705
f 705 704 706
f 705 706 707
f 707 706 708
f 707 708 709
f 709 708 710
f 709 710 711
f 711 710 712
f 711 712 713
f 713 712 714
f 713 714 715
f 715 714 716
f 715 716 717
f 717 716 718
f 717 718 719
f 719 718 720
f 719 720 721
f 721 720 722
f 721 722 723
f 723 722 724
f 723 724 725
f 725 724 726
f 725 726 727
f 727 726 728
f 727 728 729
f 729 728 730
f 729 730 731
f 731 730 732
f 731 732 733
f 733 732 734
f 733 734 735
f 735 734 736
f 735 736 737
f 737 736 738
f 737 738 739
f 739 738 740
f 739 740 741
f 741 740 742
f 741 742 743
f 744 745 740
f 740 745 742
f 742 745 746
f 746 745 747
f 746 747 748
f 748 747 749
f 748 749 533
f 533 749 535
f 697 750 695
f 751 752 753
f 753 752 754
f 753 754 755
f 755 754 756
f 755 756 757
f 752 751 758
f 758 751 759
f 758 759 552
f 552 759 550
f 754 760 756
f 755 757 761
f 761 757 762
f 761 762 763
f 763 762 764
f 763 764 765
f 765 764 766
f 765 766 767
f 767 766 768
f 767 768 769
f 769 768 770
f 769 770 771
f 771 770 772
f 771 772 773
f 773 772 774
f 773 774 775
f 775 774 776
f 775 776 777
f 777 776 778
f 777 778 779
f 779 778 780
f 779 780 781
f 781 780 782
f 781 782 783
f 783 782 784
f 783 784 785
f 785 784 786
f 785 786 787
f 787 786 788
f 787 788 789
f 789 788 790
f 789 790 791
f 791 790 792
f 791 792 793
f 793 792 794
f 793 794 795
f 795 794 796
f 795 796 797
f 797 796 798
f 797 798 799
f 799 798 800
f 799 800 801
f 801 800 802
f 801 802 803
f 804 805 800
f 800 805 802
f 802 805 806
f 806 805 807
f 806 807 808
f 808 807 809
f 808 809 549
f 549 809 551
f 755 810 753
f 542 544 811
f 811 544 812
f 811 812 813
f 813 812 814
f 813 814 815
f 815 814 816
f 815 816 817
f 817 816 818
f 817 818 819
f 816 820 818
f 817 819 821
f 821 819 822
f 821 822 823
f 823 822 824
f 823 824 825
f 825 824 826
f 825 826 827
f 827 826 828
f 827 828 829
f 829 828 830
f 829 830 831
f 831 830 832
f 831 832 833
f 833 832 834
f 833 834 835
f 835 834 836
f 835 836 837
f 837 836 838
f 837 838 839
f 839 838 840
f 839 840 841
f 841 840 842
f 841 842 843
f 843 842 844
f 843 844 845
f 845 844 846
f 845 846 847
f 847 846 848
f 847 848 849
f 849 848 850
f 849 850 851
f 851 850 852
f 851 852 853
f 853 852 854
f 853 854 855
f 855 854 856
f 855 856 857
f 857 856 858
f 857 858 859
f 859 858 860
f 859 860 861
f 861 860 862
f 861 862 863
f 864 865 860
f 860 865 862
f 862 865 866
f 866 865 867
f 866 867 868
f 868 867 869
f 868 869 541
f 541 869 543
f 817 870 815
f 865 864 249
f 249 864 248
f 820 816 471
f 471 816 470
f 810 755 473
f 473 755 761
f 473 761 763
f 473 763 474
f 474 763 765
f 474 765 767
f 767 769 474
f 474 769 771
f 474 771 773
f 773 775 474
f 474 775 777
f 474 777 779
f 779 781 474
f 474 781 241
f 241 781 783
f 241 783 785
f 785 787 241
f 241 787 789
f 241 789 791
f 791 793 241
f 241 793 795
f 241 795 797
f 241 797 240
f 240 797 799
f 240 799 801
f 801 803 240
f 543 869 128
f 128 869 249
f 249 869 867
f 249 867 865
f 816 814 470
f 470 814 812
f 470 812 419
f 419 812 544
f 803 802 240
f 240 802 238
f 802 806 238
f 238 806 808
f 238 808 136
f 136 808 549
f 745 744 261
f 261 744 260
f 700 696 466
f 466 696 465
f 870 817 467
f 467 817 821
f 467 821 823
f 467 823 468
f 468 823 825
f 468 825 827
f 827 829 468
f 468 829 831
f 468 831 833
f 833 835 468
f 468 835 837
f 468 837 839
f 839 841 468
f 468 841 253
f 253 841 843
f 253 843 845
f 845 847 253
f 253 847 849
f 253 849 851
f 851 853 253
f 253 853 855
f 253 855 857
f 253 857 252
f 252 857 859
f 252 859 861
f 861 863 252
f 535 749 115
f 115 749 261
f 261 749 747
f 261 747 745
f 696 694 465
f 465 694 692
f 465 692 433
f 433 692 536
f 863 862 252
f 252 862 250
f 862 866 250
f 250 866 868
f 250 868 123
f 123 868 541
f 750 697 462
f 462 697 701
f 462 701 703
f 462 703 463
f 463 703 705
f 463 705 707
f 707 709 463
f 463 709 711
f 463 711 713
f 713 715 463
f 463 715 717
f 463 717 719
f 719 721 463
f 463 721 265
f 265 721 723
f 265 723 725
f 725 727 265
f 265 727 729
f 265 729 731
f 731 733 265
f 265 733 735
f 265 735 737
f 265 737 264
f 264 737 739
f 264 739 741
f 741 743 264
f 743 742 264
f 264 742 262
f 742 746 262
f 262 746 748
f 262 748 110
f 110 748 533
f 805 804 237
f 237 804 236
f 760 754 477
f 477 754 476
f 690 635 459
f 459 635 641
f 459 641 460
f 460 641 643
f 460 643 645
f 645 647 460
f 460 647 649
f 460 649 651
f 651 653 460
f 460 653 655
f 460 655 657
f 657 659 460
f 460 659 661
f 460 661 280
f 280 661 663
f 280 663 665
f 665 667 280
f 280 667 669
f 280 669 671
f 671 673 280
f 280 673 675
f 280 675 677
f 677 679 280
f 280 679 281
f 281 679 681
f 281 681 683
f 551 809 141
f 141 809 237
f 237 809 807
f 237 807 805
f 754 752 476
f 476 752 758
f 476 758 405
f 405 758 552
f 683 682 281
f 281 682 282
f 682 686 282
f 282 686 688
f 282 688 149
f 149 688 557
f 566 629 384
f 384 629 627
f 384 627 625
f 384 625 385
f 385 625 623
f 385 623 621
f 621 619 385
f 385 619 617
f 385 617 615
f 615 613 385
f 385 613 611
f 385 611 609
f 609 607 385
f 385 607 605
f 385 605 603
f 603 601 385
f 385 601 600
f 385 600 175
f 175 600 598
f 175 598 596
f 596 594 175
f 175 594 592
f 175 592 590
f 590 588 175
f 175 588 586
f 175 586 584
f 584 582 175
f 175 582 580
f 175 580 578
f 578 576 175
f 175 576 574
f 175 574 162
f 162 574 572
f 162 572 570
f 570 565 162
f 685 684 283
f 283 684 284
f 640 634 369
f 369 634 368
f 559 689 155
f 155 689 283
f 283 689 687
f 283 687 685
f 634 632 368
f 368 632 638
f 368 638 392
f 392 638 560
f 493 499 492
f 492 499 500
f 492 500 490
f 490 500 501
f 490 501 489
f 489 501 503
f 489 503 871
f 871 503 508
f 871 508 509
f 503 506 508
f 871 509 872
f 872 509 511
f 872 511 873
f 873 511 513
f 873 513 874
f 874 513 515
f 874 515 875
f 875 515 517
f 875 517 876
f 876 517 519
f 876 519 877
f 877 519 521
f 877 521 878
f 878 521 523
f 878 523 879
f 879 523 525
f 879 525 880
f 880 525 527
f 880 527 881
f 881 527 528
f 881 528 882
f 882 528 526
f 882 526 883
f 883 526 524
f 883 524 884
f 884 524 522
f 884 522 885
f 885 522 520
f 885 520 886
f 886 520 518
f 886 518 887
f 887 518 516
f 887 516 888
f 888 516 514
f 888 514 889
f 889 514 512
f 889 512 890
f 890 512 510
f 890 510 891
f 891 510 507
f 891 507 892
f 892 507 487
f 892 487 495
f 505 504 507
f 507 504 487
f 487 504 488
f 488 504 502
f 488 502 491
f 491 502 498
f 491 498 494
f 494 498 497
f 871 496 489
f 295 891 294
f 294 891 892
f 294 892 495
f 100 881 295
f 295 881 882
f 295 882 883
f 101 872 100
f 100 872 873
f 100 873 874
f 294 496 101
f 101 496 871
f 101 871 872
f 495 496 294
f 874 875 100
f 100 875 876
f 100 876 877
f 877 878 100
f 100 878 879
f 100 879 880
f 880 881 100
f 883 884 295
f 295 884 885
f 295 885 886
f 886 887 295
f 295 887 888
f 295 888 889
f 889 890 295
f 295 890 891
f 542 811 423
f 423 811 424
f 424 811 813
f 424 813 815
f 815 870 424
f 424 870 467
f 469 468 251
f 251 468 253
f 329 469 210
f 210 469 251
f 97 840 98
f 98 840 838
f 98 838 836
f 248 856 97
f 97 856 854
f 97 854 852
f 864 860 248
f 248 860 858
f 248 858 856
f 852 850 97
f 97 850 848
f 97 848 846
f 846 844 97
f 97 844 842
f 97 842 840
f 836 834 98
f 98 834 832
f 98 832 830
f 830 828 98
f 98 828 826
f 98 826 824
f 824 822 98
f 98 822 471
f 471 822 819
f 471 819 818
f 818 820 471
f 550 759 409
f 409 759 410
f 410 759 751
f 410 751 753
f 753 810 410
f 410 810 473
f 475 474 239
f 239 474 241
f 346 475 198
f 198 475 239
f 83 780 84
f 84 780 778
f 84 778 776
f 236 796 83
f 83 796 794
f 83 794 792
f 804 800 236
f 236 800 798
f 236 798 796
f 792 790 83
f 83 790 788
f 83 788 786
f 786 784 83
f 83 784 782
f 83 782 780
f 776 774 84
f 84 774 772
f 84 772 770
f 770 768 84
f 84 768 766
f 84 766 764
f 764 762 84
f 84 762 477
f 477 762 757
f 477 757 756
f 756 760 477
f 558 639 398
f 398 639 452
f 452 639 631
f 452 631 633
f 633 690 452
f 452 690 459
f 367 460 186
f 186 460 280
f 363 367 185
f 185 367 186
f 86 660 88
f 88 660 658
f 88 658 656
f 284 678 86
f 86 678 676
f 86 676 674
f 684 680 284
f 284 680 678
f 674 672 86
f 86 672 670
f 86 670 668
f 668 666 86
f 86 666 664
f 86 664 662
f 662 660 86
f 656 654 88
f 88 654 652
f 88 652 650
f 650 648 88
f 88 648 646
f 88 646 644
f 644 642 88
f 88 642 637
f 88 637 369
f 369 637 636
f 369 636 640
f 77 720 78
f 78 720 718
f 78 718 716
f 260 736 77
f 77 736 734
f 77 734 732
f 744 740 260
f 260 740 738
f 260 738 736
f 732 730 77
f 77 730 728
f 77 728 726
f 726 724 77
f 77 724 722
f 77 722 720
f 716 714 78
f 78 714 712
f 78 712 710
f 710 708 78
f 78 708 706
f 78 706 704
f 704 702 78
f 78 702 466
f 466 702 699
f 466 699 698
f 698 700 466
f 312 464 222
f 222 464 263
f 464 463 263
f 263 463 265
f 695 750 438
f 438 750 462
f 534 691 437
f 437 691 438
f 438 691 693
f 438 693 695
f 210 213 329
f 329 213 321
f 95 334 93
f 93 334 204
f 198 201 346
f 346 201 338
f 81 351 79
f 79 351 192
f 295 300 100
f 100 300 228
f 185 189 363
f 363 189 355
f 92 372 91
f 91 372 172
f 222 225 312
f 312 225 304
f 75 317 73
f 73 317 216
f 893 894 895
f 895 894 896
f 895 896 897
f 897 896 898
f 897 898 899
f 894 893 900
f 900 893 901
f 900 901 530
f 530 901 531
f 896 902 898
f 897 899 903
f 903 899 904
f 903 904 905
f 905 904 906
f 905 906 907
f 907 906 908
f 907 908 909
f 909 908 910
f 909 910 911
f 911 910 912
f 911 912 913
f 913 912 914
f 913 914 915
f 915 914 916
f 915 916 917
f 917 916 918
f 917 918 919
f 919 918 920
f 919 920 921
f 921 920 922
f 921 922 923
f 923 922 924
f 923 924 925
f 925 924 926
f 925 926 927
f 927 926 928
f 927 928 929
f 929 928 930
f 929 930 931
f 931 930 932
f 931 932 933
f 933 932 934
f 933 934 935
f 935 934 936
f 935 936 937
f 937 936 938
f 937 938 939
f 939 938 940
f 939 940 941
f 941 940 942
f 941 942 943
f 943 942 944
f 943 944 945
f 946 947 942
f 942 947 944
f 944 947 948
f 948 947 949
f 948 949 950
f 950 949 951
f 950 951 532
f 532 951 529
f 897 952 895
f 953 954 955
f 955 954 956
f 955 956 957
f 957 956 958
f 957 958 959
f 954 953 960
f 960 953 961
f 960 961 537
f 537 961 539
f 956 962 958
f 957 959 963
f 963 959 964
f 963 964 965
f 965 964 966
f 965 966 967
f 967 966 968
f 967 968 969
f 969 968 970
f 969 970 971
f 971 970 972
f 971 972 973
f 973 972 974
f 973 974 975
f 975 974 976
f 975 976 977
f 977 976 978
f 977 978 979
f 979 978 980
f 979 980 981
f 981 980 982
f 981 982 983
f 983 982 984
f 983 984 985
f 985 984 986
f 985 986 987
f 987 986 988
f 987 988 989
f 989 988 990
f 989 990 991
f 991 990 992
f 991 992 993
f 993 992 994
f 993 994 995
f 995 994 996
f 995 996 997
f 997 996 998
f 997 998 999
f 999 998 1000
f 999 1000 1001
f 1001 1000 1002
f 1001 1002 1003
f 1003 1002 1004
f 1003 1004 1005
f 1006 1007 1002
f 1002 1007 1004
f 1004 1007 1008
f 1008 1007 1009
f 1008 1009 1010
f 1010 1009 1011
f 1010 1011 540
f 540 1011 538
f 957 1012 955
f 555 553 1013
f 1013 553 1014
f 1013 1014 1015
f 1015 1014 1016
f 1015 1016 1017
f 1017 1016 1018
f 1017 1018 1019
f 1019 1018 1020
f 1019 1020 1021
f 1018 1022 1020
f 1019 1021 1023
f 1023 1021 1024
f 1023 1024 1025
f 1025 1024 1026
f 1025 1026 1027
f 1027 1026 1028
f 1027 1028 1029
f 1029 1028 1030
f 1029 1030 1031
f 1031 1030 1032
f 1031 1032 1033
f 1033 1032 1034
f 1033 1034 1035
f 1035 1034 1036
f 1035 1036 1037
f 1037 1036 1038
f 1037 1038 1039
f 1039 1038 1040
f 1039 1040 1041
f 1041 1040 1042
f 1041 1042 1043
f 1043 1042 1044
f 1043 1044 1045
f 1045 1044 1046
f 1045 1046 1047
f 1047 1046 1048
f 1047 1048 1049
f 1049 1048 1050
f 1049 1050 1051
f 1051 1050 1052
f 1051 1052 1053
f 1053 1052 1054
f 1053 1054 1055
f 1055 1054 1056
f 1055 1056 1057
f 1057 1056 1058
f 1057 1058 1059
f 1059 1058 1060
f 1059 1060 1061
f 1061 1060 1062
f 1061 1062 1063
f 1063 1062 1064
f 1063 1064 1065
f 1066 1067 1062
f 1062 1067 1064
f 1064 1067 1068
f 1068 1067 1069
f 1068 1069 1070
f 1070 1069 1071
f 1070 1071 556
f 556 1071 554
f 1019 1072 1017
f 1073 1074 1075
f 1075 1074 1076
f 1075 1076 1077
f 1077 1076 1078
f 1077 1078 1079
f 1074 1073 1080
f 1080 1073 1081
f 1080 1081 545
f 545 1081 547
f 1076 1082 1078
f 1077 1079 1083
f 1083 1079 1084
f 1083 1084 1085
f 1085 1084 1086
f 1085 1086 1087
f 1087 1086 1088
f 1087 1088 1089
f 1089 1088 1090
f 1089 1090 1091
f 1091 1090 1092
f 1091 1092 1093
f 1093 1092 1094
f 1093 1094 1095
f 1095 1094 1096
f 1095 1096 1097
f 1097 1096 1098
f 1097 1098 1099
f 1099 1098 1100
f 1099 1100 1101
f 1101 1100 1102
f 1101 1102 1103
f 1103 1102 1104
f 1103 1104 1105
f 1105 1104 1106
f 1105 1106 1107
f 1107 1106 1108
f 1107 1108 1109
f 1109 1108 1110
f 1109 1110 1111
f 1111 1110 1112
f 1111 1112 1113
f 1113 1112 1114
f 1113 1114 1115
f 1115 1114 1116
f 1115 1116 1117
f 1117 1116 1118
f 1117 1118 1119
f 1119 1118 1120
f 1119 1120 1121
f 1121 1120 1122
f 1121 1122 1123
f 1123 1122 1124
f 1123 1124 1125
f 1126 1127 1122
f 1122 1127 1124
f 1124 1127 1128
f 1128 1127 1129
f 1128 1129 1130
f 1130 1129 1131
f 1130 1131 548
f 548 1131 546
f 1077 1132 1075
f 1133 1134 1135
f 1135 1134 1136
f 1135 1136 1137
f 1137 1136 1138
f 1134 1139 1136
f 1136 1139 1140
f 1140 1139 1141
f 1140 1141 1142
f 1142 1141 1143
f 1142 1143 1144
f 1144 1143 1145
f 1144 1145 1146
f 1146 1145 1147
f 1146 1147 1148
f 1148 1147 1149
f 1148 1149 1150
f 1150 1149 1151
f 1150 1151 1152
f 1152 1151 1153
f 1152 1153 1154
f 1154 1153 1155
f 1154 1155 1156
f 1156 1155 1157
f 1156 1157 1158
f 1159 1160 1155
f 1155 1160 1157
f 1157 1160 1161
f 1161 1160 1162
f 1161 1162 1163
f 1163 1162 1164
f 1163 1164 561
f 561 1164 563
f 1135 1137 1165
f 1165 1137 1166
f 1165 1166 1167
f 1168 1169 1167
f 1167 1169 1170
f 1167 1170 1165
f 1171 1172 1168
f 1168 1172 1173
f 1168 1173 1169
f 1169 1173 1174
f 1172 1175 1173
f 1173 1175 1176
f 1176 1175 1177
f 1176 1177 1178
f 1178 1177 1179
f 1178 1179 1180
f 1180 1179 1181
f 1180 1181 1182
f 1182 1181 1183
f 1182 1183 1184
f 1184 1183 1185
f 1184 1185 1186
f 1186 1185 1187
f 1186 1187 1188
f 1188 1187 1189
f 1188 1189 1190
f 1190 1189 1191
f 1190 1191 1192
f 1192 1191 1193
f 1192 1193 1194
f 1195 1196 1191
f 1191 1196 1193
f 1193 1196 1197
f 1197 1196 1198
f 1197 1198 1199
f 1199 1198 1200
f 1199 1200 564
f 564 1200 562
f 1135 1165 176
f 176 1165 175
f 175 1165 1170
f 175 1170 385
f 385 1170 456
f 456 1170 1169
f 1169 1174 456
f 456 1174 479
f 1174 1173 479
f 479 1173 1176
f 479 1176 1178
f 1178 1180 479
f 479 1180 1182
f 479 1182 1184
f 1184 1186 479
f 479 1186 1188
f 479 1188 1190
f 479 1190 480
f 480 1190 1192
f 480 1192 1194
f 1194 1193 480
f 480 1193 454
f 1193 1197 454
f 454 1197 1199
f 454 1199 388
f 388 1199 564
f 1132 1077 287
f 287 1077 1083
f 287 1083 1085
f 287 1085 288
f 288 1085 1087
f 288 1087 1089
f 1089 1091 288
f 288 1091 1093
f 288 1093 1095
f 1095 1097 288
f 288 1097 1099
f 288 1099 1101
f 1101 1103 288
f 288 1103 343
f 343 1103 1105
f 343 1105 1107
f 1107 1109 343
f 343 1109 1111
f 343 1111 1113
f 1113 1115 343
f 343 1115 1117
f 343 1117 1119
f 343 1119 342
f 342 1119 1121
f 342 1121 1123
f 1123 1125 342
f 1125 1124 342
f 342 1124 341
f 1124 1128 341
f 341 1128 1130
f 341 1130 415
f 415 1130 548
f 554 1071 403
f 403 1071 461
f 461 1071 1069
f 461 1069 1067
f 1067 1066 461
f 461 1066 483
f 1012 957 289
f 289 957 963
f 289 963 965
f 289 965 290
f 290 965 967
f 290 967 969
f 969 971 290
f 290 971 973
f 290 973 975
f 975 977 290
f 290 977 979
f 290 979 981
f 981 983 290
f 290 983 326
f 326 983 985
f 326 985 987
f 987 989 326
f 326 989 991
f 326 991 993
f 993 995 326
f 326 995 997
f 326 997 999
f 326 999 325
f 325 999 1001
f 325 1001 1003
f 1003 1005 325
f 1005 1004 325
f 325 1004 324
f 1004 1008 324
f 324 1008 1010
f 324 1010 429
f 429 1010 540
f 546 1131 417
f 417 1131 478
f 478 1131 1129
f 478 1129 1127
f 1127 1126 478
f 478 1126 481
f 952 897 278
f 278 897 903
f 278 903 905
f 278 905 279
f 279 905 907
f 279 907 909
f 909 911 279
f 279 911 913
f 279 913 915
f 915 917 279
f 279 917 919
f 279 919 921
f 921 923 279
f 279 923 309
f 309 923 925
f 309 925 927
f 927 929 309
f 309 929 931
f 309 931 933
f 933 935 309
f 309 935 937
f 309 937 939
f 309 939 308
f 308 939 941
f 308 941 943
f 943 945 308
f 945 944 308
f 308 944 307
f 944 948 307
f 307 948 950
f 307 950 443
f 443 950 532
f 538 1011 431
f 431 1011 472
f 472 1011 1009
f 472 1009 1007
f 1007 1006 472
f 472 1006 485
f 1072 1019 285
f 285 1019 1023
f 285 1023 1025
f 285 1025 286
f 286 1025 1027
f 286 1027 1029
f 1029 1031 286
f 286 1031 1033
f 286 1033 1035
f 1035 1037 286
f 286 1037 1039
f 286 1039 1041
f 1041 1043 286
f 286 1043 360
f 360 1043 1045
f 360 1045 1047
f 1047 1049 360
f 360 1049 1051
f 360 1051 1053
f 1053 1055 360
f 360 1055 1057
f 360 1057 1059
f 360 1059 359
f 359 1059 1061
f 359 1061 1063
f 1063 1065 359
f 1065 1064 359
f 359 1064 358
f 1064 1068 358
f 358 1068 1070
f 358 1070 401
f 401 1070 556
f 562 1200 390
f 390 1200 453
f 453 1200 1198
f 453 1198 1196
f 1157 1161 177
f 177 1161 1163
f 177 1163 158
f 158 1163 561
f 1196 1195 453
f 453 1195 457
f 1195 1191 457
f 457 1191 1189
f 457 1189 458
f 458 1189 1187
f 458 1187 1185
f 1185 1183 458
f 458 1183 1181
f 458 1181 1179
f 1179 1177 458
f 458 1177 1175
f 458 1175 1172
f 1172 1171 458
f 1171 1168 458
f 458 1168 455
f 529 951 445
f 445 951 449
f 449 951 949
f 449 949 947
f 947 946 449
f 449 946 450
f 563 1164 160
f 160 1164 178
f 178 1164 1162
f 178 1162 1160
f 1160 1159 178
f 178 1159 234
f 1159 1155 234
f 234 1155 1153
f 234 1153 235
f 235 1153 1151
f 235 1151 1149
f 1149 1147 235
f 235 1147 1145
f 235 1145 1143
f 1143 1141 235
f 235 1141 1139
f 235 1139 1134
f 1134 1133 235
f 1133 1135 235
f 235 1135 176
f 385 377 175
f 175 377 173
f 377 376 173
f 173 376 167
f 376 385 167
f 167 385 175
f 547 1081 134
f 134 1081 257
f 257 1081 1073
f 257 1073 1075
f 1075 1132 257
f 257 1132 287
f 343 340 288
f 288 340 255
f 340 338 255
f 255 338 201
f 351 356 192
f 192 356 242
f 356 484 242
f 242 484 246
f 1066 1062 483
f 483 1062 1060
f 483 1060 1058
f 483 1058 484
f 484 1058 1056
f 484 1056 1054
f 1054 1052 484
f 484 1052 1050
f 484 1050 1048
f 1048 1046 484
f 484 1046 1044
f 484 1044 1042
f 484 1042 246
f 246 1042 1040
f 246 1040 1038
f 1038 1036 246
f 246 1036 1034
f 246 1034 1032
f 1032 1030 246
f 246 1030 1028
f 246 1028 1026
f 1026 1024 246
f 246 1024 247
f 247 1024 1021
f 247 1021 1020
f 1020 1022 247
f 1022 1018 247
f 247 1018 244
f 1018 1016 244
f 244 1016 1014
f 244 1014 145
f 145 1014 553
f 539 961 121
f 121 961 269
f 269 961 953
f 269 953 955
f 955 1012 269
f 269 1012 289
f 326 323 290
f 290 323 267
f 323 321 267
f 267 321 213
f 334 339 204
f 204 339 254
f 339 482 254
f 254 482 258
f 1126 1122 481
f 481 1122 1120
f 481 1120 1118
f 481 1118 482
f 482 1118 1116
f 482 1116 1114
f 1114 1112 482
f 482 1112 1110
f 482 1110 1108
f 1108 1106 482
f 482 1106 1104
f 482 1104 1102
f 482 1102 258
f 258 1102 1100
f 258 1100 1098
f 1098 1096 258
f 258 1096 1094
f 258 1094 1092
f 1092 1090 258
f 258 1090 1088
f 258 1088 1086
f 1086 1084 258
f 258 1084 259
f 259 1084 1079
f 259 1079 1078
f 1078 1082 259
f 1082 1076 259
f 259 1076 256
f 1076 1074 256
f 256 1074 1080
f 256 1080 132
f 132 1080 545
f 531 901 108
f 108 901 275
f 275 901 893
f 275 893 895
f 895 952 275
f 275 952 278
f 309 306 279
f 279 306 273
f 306 304 273
f 273 304 225
f 317 322 216
f 216 322 266
f 322 486 266
f 266 486 270
f 1006 1002 485
f 485 1002 1000
f 485 1000 998
f 485 998 486
f 486 998 996
f 486 996 994
f 994 992 486
f 486 992 990
f 486 990 988
f 988 986 486
f 486 986 984
f 486 984 982
f 486 982 270
f 270 982 980
f 270 980 978
f 978 976 270
f 270 976 974
f 270 974 972
f 972 970 270
f 270 970 968
f 270 968 966
f 966 964 270
f 270 964 271
f 271 964 959
f 271 959 958
f 958 962 271
f 962 956 271
f 271 956 268
f 956 954 268
f 268 954 960
f 268 960 119
f 119 960 537
f 1137 1138 174
f 174 1138 291
f 1138 1136 291
f 291 1136 1140
f 291 1140 1142
f 1142 1144 291
f 291 1144 1146
f 291 1146 1148
f 1148 1150 291
f 291 1150 1152
f 291 1152 1154
f 291 1154 292
f 292 1154 1156
f 292 1156 1158
f 1158 1157 292
f 292 1157 177
f 555 1013 147
f 147 1013 245
f 245 1013 1015
f 245 1015 1017
f 1017 1072 245
f 245 1072 285
f 360 357 286
f 286 357 243
f 357 355 243
f 243 355 189
f 1168 1167 455
f 455 1167 372
f 372 1167 172
f 172 1167 1166
f 172 1166 174
f 174 1166 1137
f 300 305 228
f 228 305 272
f 305 451 272
f 272 451 276
f 946 942 450
f 450 942 940
f 450 940 938
f 450 938 451
f 451 938 936
f 451 936 934
f 934 932 451
f 451 932 930
f 451 930 928
f 928 926 451
f 451 926 924
f 451 924 922
f 451 922 276
f 276 922 920
f 276 920 918
f 918 916 276
f 276 916 914
f 276 914 912
f 912 910 276
f 276 910 908
f 276 908 906
f 906 904 276
f 276 904 277
f 277 904 899
f 277 899 898
f 898 902 277
f 902 896 277
f 277 896 274
f 896 894 274
f 274 894 900
f 274 900 106
f 106 900 530
f 297 296 233
f 233 296 99
f 296 72 99
f 99 72 70
f 102 293 103
f 103 293 1201
f 103 1201 104
f 104 1201 1202
f 104 1202 105
f 105 1202 1203
f 105 1203 107
f 107 1203 1204
f 107 1204 109
f 109 1204 1205
f 109 1205 111
f 111 1205 1206
f 111 1206 112
f 112 1206 113
f 113 1206 1207
f 113 1207 1208
f 1208 1207 1209
f 1208 1209 441
f 441 1209 442
f 442 1209 1210
f 442 1210 444
f 444 1210 1211
f 444 1211 446
f 446 1211 1212
f 446 1212 447
f 447 1212 1213
f 447 1213 448
f 448 1213 293
f 293 1213 1214
f 293 1214 1201
f 1201 1214 1202
f 441 440 1208
f 1208 440 113
f 440 439 113
f 1214 1213 1215
f 1215 1213 1212
f 1215 1212 1216
f 1216 1212 1211
f 1216 1211 1217
f 1217 1211 1210
f 1217 1210 1218
f 1218 1210 1209
f 1218 1209 1207
f 1203 1202 1215
f 1215 1202 1214
f 1203 1215 1216
f 1204 1203 1216
f 1204 1216 1217
f 1205 1204 1217
f 1205 1217 1218
f 1206 1205 1218
f 1206 1218 1207
f 439 436 113
f 113 436 114
f 114 436 116
f 116 436 1219
f 116 1219 117
f 117 1219 1220
f 117 1220 118
f 118 1220 1221
f 118 1221 120
f 120 1221 1222
f 120 1222 122
f 122 1222 1223
f 122 1223 124
f 124 1223 1224
f 124 1224 125
f 125 1224 126
f 126 1224 1225
f 126 1225 1226
f 1226 1225 1227
f 1226 1227 427
f 427 1227 428
f 428 1227 1228
f 428 1228 430
f 430 1228 1229
f 430 1229 432
f 432 1229 1230
f 432 1230 434
f 434 1230 1231
f 434 1231 435
f 435 1231 436
f 436 1231 1232
f 436 1232 1219
f 1219 1232 1220
f 427 426 1226
f 1226 426 126
f 426 425 126
f 1232 1231 1233
f 1233 1231 1230
f 1233 1230 1234
f 1234 1230 1229
f 1234 1229 1235
f 1235 1229 1228
f 1235 1228 1236
f 1236 1228 1227
f 1236 1227 1225
f 1221 1220 1233
f 1233 1220 1232
f 1221 1233 1234
f 1222 1221 1234
f 1222 1234 1235
f 1223 1222 1235
f 1223 1235 1236
f 1224 1223 1236
f 1224 1236 1225
f 425 422 126
f 126 422 127
f 127 422 129
f 129 422 1237
f 129 1237 130
f 130 1237 1238
f 130 1238 131
f 131 1238 1239
f 131 1239 133
f 133 1239 1240
f 133 1240 135
f 135 1240 1241
f 135 1241 137
f 137 1241 1242
f 137 1242 138
f 138 1242 139
f 139 1242 1243
f 139 1243 1244
f 1244 1243 1245
f 1244 1245 413
f 413 1245 414
f 414 1245 1246
f 414 1246 416
f 416 1246 1247
f 416 1247 418
f 418 1247 1248
f 418 1248 420
f 420 1248 1249
f 420 1249 421
f 421 1249 422
f 422 1249 1250
f 422 1250 1237
f 1237 1250 1238
f 413 412 1244
f 1244 412 139
f 412 411 139
f 1250 1249 1251
f 1251 1249 1248
f 1251 1248 1252
f 1252 1248 1247
f 1252 1247 1253
f 1253 1247 1246
f 1253 1246 1254
f 1254 1246 1245
f 1254 1245 1243
f 1239 1238 1251
f 1251 1238 1250
f 1239 1251 1252
f 1240 1239 1252
f 1240 1252 1253
f 1241 1240 1253
f 1241 1253 1254
f 1242 1241 1254
f 1242 1254 1243
f 411 408 139
f 139 408 140
f 140 408 142
f 142 408 1255
f 142 1255 143
f 143 1255 1256
f 143 1256 144
f 144 1256 1257
f 144 1257 146
f 146 1257 1258
f 146 1258 148
f 148 1258 1259
f 148 1259 150
f 150 1259 1260
f 150 1260 151
f 151 1260 152
f 152 1260 1261
f 152 1261 1262
f 1262 1261 1263
f 1262 1263 399
f 399 1263 400
f 400 1263 1264
f 400 1264 402
f 402 1264 1265
f 402 1265 404
f 404 1265 1266
f 404 1266 406
f 406 1266 1267
f 406 1267 407
f 407 1267 408
f 408 1267 1268
f 408 1268 1255
f 1255 1268 1256
f 399 395 1262
f 1262 395 152
f 395 397 152
f 1268 1267 1269
f 1269 1267 1266
f 1269 1266 1270
f 1270 1266 1265
f 1270 1265 1271
f 1271 1265 1264
f 1271 1264 1272
f 1272 1264 1263
f 1272 1263 1261
f 1257 1256 1269
f 1269 1256 1268
f 1257 1269 1270
f 1258 1257 1270
f 1258 1270 1271
f 1259 1258 1271
f 1259 1271 1272
f 1260 1259 1272
f 1260 1272 1261
f 397 396 152
f 152 396 153
f 153 396 154
f 154 396 1273
f 154 1273 156
f 156 1273 1274
f 156 1274 157
f 157 1274 1275
f 157 1275 159
f 159 1275 1276
f 159 1276 161
f 161 1276 1277
f 161 1277 163
f 163 1277 1278
f 163 1278 164
f 164 1278 165
f 165 1278 1279
f 165 1279 1280
f 1280 1279 1281
f 1280 1281 386
f 386 1281 387
f 387 1281 1282
f 387 1282 389
f 389 1282 1283
f 389 1283 391
f 391 1283 1284
f 391 1284 393
f 393 1284 1285
f 393 1285 394
f 394 1285 396
f 396 1285 1286
f 396 1286 1273
f 1273 1286 1274
f 386 383 1280
f 1280 383 165
f 383 382 165
f 1286 1285 1287
f 1287 1285 1284
f 1287 1284 1288
f 1288 1284 1283
f 1288 1283 1289
f 1289 1283 1282
f 1289 1282 1290
f 1290 1282 1281
f 1290 1281 1279
f 1275 1274 1287
f 1287 1274 1286
f 1275 1287 1288
f 1276 1275 1288
f 1276 1288 1289
f 1277 1276 1289
f 1277 1289 1290
f 1278 1277 1290
f 1278 1290 1279
f 382 380 165
f 165 380 166
f 380 568 166
f 166 568 567
f 166 567 569
f 568 380 630
f 630 380 379
f 630 379 628
f 628 379 626
f 626 379 624
f 624 379 622
f 622 379 620
f 620 379 618
f 618 379 616
f 616 379 614
f 614 379 612
f 612 379 610
f 610 379 608
f 608 379 606
f 606 379 604
f 604 379 602
f 602 379 599
f 599 379 168
f 599 168 597
f 597 168 595
f 595 168 593
f 593 168 591
f 591 168 589
f 589 168 587
f 587 168 585
f 585 168 583
f 583 168 581
f 581 168 579
f 579 168 577
f 577 168 575
f 575 168 573
f 573 168 571
f 571 168 569
f 569 168 166
f 379 381 168
f 168 381 170
f 170 381 169
f 169 381 1291
f 169 1291 171
f 171 1291 1292
f 171 1292 179
f 179 1292 1293
f 179 1293 180
f 180 1293 1294
f 180 1294 181
f 181 1294 1295
f 181 1295 182
f 182 1295 1296
f 182 1296 183
f 183 1296 184
f 184 1296 1297
f 184 1297 1298
f 1298 1297 1299
f 1298 1299 370
f 370 1299 371
f 371 1299 1300
f 371 1300 373
f 373 1300 1301
f 373 1301 374
f 374 1301 1302
f 374 1302 375
f 375 1302 1303
f 375 1303 378
f 378 1303 381
f 381 1303 1304
f 381 1304 1291
f 1291 1304 1292
f 370 366 1298
f 1298 366 184
f 366 365 184
f 1304 1303 1305
f 1305 1303 1302
f 1305 1302 1306
f 1306 1302 1301
f 1306 1301 1307
f 1307 1301 1300
f 1307 1300 1308
f 1308 1300 1299
f 1308 1299 1297
f 1293 1292 1305
f 1305 1292 1304
f 1293 1305 1306
f 1294 1293 1306
f 1294 1306 1307
f 1295 1294 1307
f 1295 1307 1308
f 1296 1295 1308
f 1296 1308 1297
f 365 364 184
f 184 364 187
f 187 364 188
f 188 364 1309
f 188 1309 190
f 190 1309 1310
f 190 1310 191
f 191 1310 1311
f 191 1311 193
f 193 1311 1312
f 193 1312 194
f 194 1312 1313
f 194 1313 195
f 195 1313 1314
f 195 1314 196
f 196 1314 197
f 197 1314 1315
f 197 1315 1316
f 1316 1315 1317
f 1316 1317 350
f 350 1317 352
f 352 1317 1318
f 352 1318 353
f 353 1318 1319
f 353 1319 354
f 354 1319 1320
f 354 1320 361
f 361 1320 1321
f 361 1321 362
f 362 1321 364
f 364 1321 1322
f 364 1322 1309
f 1309 1322 1310
f 350 349 1316
f 1316 349 197
f 349 348 197
f 1322 1321 1323
f 1323 1321 1320
f 1323 1320 1324
f 1324 1320 1319
f 1324 1319 1325
f 1325 1319 1318
f 1325 1318 1326
f 1326 1318 1317
f 1326 1317 1315
f 1311 1310 1323
f 1323 1310 1322
f 1311 1323 1324
f 1312 1311 1324
f 1312 1324 1325
f 1313 1312 1325
f 1313 1325 1326
f 1314 1313 1326
f 1314 1326 1315
f 348 347 197
f 197 347 199
f 199 347 200
f 200 347 1327
f 200 1327 202
f 202 1327 1328
f 202 1328 203
f 203 1328 1329
f 203 1329 205
f 205 1329 1330
f 205 1330 206
f 206 1330 1331
f 206 1331 207
f 207 1331 1332
f 207 1332 208
f 208 1332 209
f 209 1332 1333
f 209 1333 1334
f 1334 1333 1335
f 1334 1335 333
f 333 1335 335
f 335 1335 1336
f 335 1336 336
f 336 1336 1337
f 336 1337 337
f 337 1337 1338
f 337 1338 344
f 344 1338 1339
f 344 1339 345
f 345 1339 347
f 347 1339 1340
f 347 1340 1327
f 1327 1340 1328
f 333 332 1334
f 1334 332 209
f 332 331 209
f 1340 1339 1341
f 1341 1339 1338
f 1341 1338 1342
f 1342 1338 1337
f 1342 1337 1343
f 1343 1337 1336
f 1343 1336 1344
f 1344 1336 1335
f 1344 1335 1333
f 1329 1328 1341
f 1341 1328 1340
f 1329 1341 1342
f 1330 1329 1342
f 1330 1342 1343
f 1331 1330 1343
f 1331 1343 1344
f 1332 1331 1344
f 1332 1344 1333
f 331 330 209
f 209 330 211
f 211 330 212
f 212 330 1345
f 212 1345 214
f 214 1345 1346
f 214 1346 215
f 215 1346 1347
f 215 1347 217
f 217 1347 1348
f 217 1348 218
f 218 1348 1349
f 218 1349 219
f 219 1349 1350
f 219 1350 220
f 220 1350 221
f 221 1350 1351
f 221 1351 1352
f 1352 1351 1353
f 1352 1353 316
f 316 1353 318
f 318 1353 1354
f 318 1354 319
f 319 1354 1355
f 319 1355 320
f 320 1355 1356
f 320 1356 327
f 327 1356 1357
f 327 1357 328
f 328 1357 330
f 330 1357 1358
f 330 1358 1345
f 1345 1358 1346
f 316 315 1352
f 1352 315 221
f 315 314 221
f 1358 1357 1359
f 1359 1357 1356
f 1359 1356 1360
f 1360 1356 1355
f 1360 1355 1361
f 1361 1355 1354
f 1361 1354 1362
f 1362 1354 1353
f 1362 1353 1351
f 1347 1346 1359
f 1359 1346 1358
f 1347 1359 1360
f 1348 1347 1360
f 1348 1360 1361
f 1349 1348 1361
f 1349 1361 1362
f 1350 1349 1362
f 1350 1362 1351
f 314 313 221
f 221 313 223
f 223 313 224
f 224 313 1363
f 224 1363 226
f 226 1363 1364
f 226 1364 227
f 227 1364 1365
f 227 1365 229
f 229 1365 1366
f 229 1366 230
f 230 1366 1367
f 230 1367 231
f 231 1367 1368
f 231 1368 232
f 232 1368 233
f 233 1368 1369
f 233 1369 1370
f 1370 1369 1371
f 1370 1371 299
f 299 1371 301
f 301 1371 1372
f 301 1372 302
f 302 1372 1373
f 302 1373 303
f 303 1373 1374
f 303 1374 310
f 310 1374 1375
f 310 1375 311
f 311 1375 313
f 313 1375 1376
f 313 1376 1363
f 1363 1376 1364
f 299 298 1370
f 1370 298 233
f 298 297 233
f 1376 1375 1377
f 1377 1375 1374
f 1377 1374 1378
f 1378 1374 1373
f 1378 1373 1379
f 1379 1373 1372
f 1379 1372 1380
f 1380 1372 1371
f 1380 1371 1369
f 1365 1364 1377
f 1377 1364 1376
f 1365 1377 1378
f 1366 1365 1378
f 1366 1378 1379
f 1367 1366 1379
f 1367 1379 1380
f 1368 1367 1380
f 1368 1380 1369
f 8 1381 1
f 1 1381 1382
f 18 1383 21
f 21 1383 1384
f 10 1385 13
f 13 1385 1386
f 1383 18 1387
f 1387 18 17
f 1387 17 25
f 31 14 25
f 25 14 13
f 25 13 1386
f 1386 1387 25
f 1387 1388 1383
f 1383 1388 49
f 1383 49 1382
f 1382 49 53
f 1382 53 63
f 63 53 68
f 68 53 59
f 71 41 1388
f 1388 41 45
f 1388 45 49
f 71 34 41
f 41 34 33
f 2 1 63
f 63 1 1382
f 2 63 6
f 6 63 65
f 1383 1382 1384
f 1384 1382 1381
f 68 59 67
f 67 59 57
f 27 22 1389
f 1389 22 21
f 1389 21 1384
f 1381 55 1384
f 1384 55 51
f 1384 51 1390
f 1390 51 47
f 1390 47 43
f 55 1381 65
f 65 1381 8
f 65 8 6
f 65 67 55
f 55 67 57
f 38 37 43
f 43 37 69
f 43 69 1390
f 1390 1389 1384
f 1389 1385 27
f 27 1385 10
f 27 10 9
f 9 29 27
f 1391 1392 1387
f 1387 1392 1388
f 1393 1394 1390
f 1390 1394 1389
f 1395 1396 1397
f 1397 1396 1398
f 1397 1398 1399
f 1399 1398 1400
f 1399 1400 1401
f 1401 1400 1402
f 1401 1402 1403
f 1403 1402 1404
f 1403 1404 1405
f 1405 1404 1406
f 1405 1406 1407
f 1407 1406 1408
f 1407 1408 1409
f 1409 1410 1407
f 1407 1410 1411
f 1407 1411 1405
f 1405 1411 1412
f 1405 1412 1403
f 1403 1412 1413
f 1403 1413 1401
f 1401 1413 1414
f 1401 1414 1399
f 1399 1414 1415
f 1399 1415 1397
f 1397 1415 1416
f 1397 1416 1395
f 1410 1409 1394
f 1394 1409 1391
f 1394 1391 1385
f 1385 1391 1386
f 1386 1391 1387
f 1385 1389 1394
f 1408 1417 1409
f 1409 1417 1418
f 1409 1418 1419
f 1408 1406 1417
f 1417 1406 1420
f 1420 1406 1404
f 1420 1404 1396
f 1396 1404 1402
f 1396 1402 1400
f 1400 1398 1396
f 1420 1396 1421
f 1421 1396 1422
f 1421 1422 1423
f 1423 1422 1424
f 1424 1422 1425
f 1424 1425 1426
f 1427 1428 1422
f 1422 1428 1429
f 1422 1429 1425
f 1424 1426 1430
f 1430 1426 1431
f 1430 1431 1432
f 1392 1433 1432
f 1432 1433 1434
f 1432 1434 1435
f 1391 1436 1392
f 1392 1436 1437
f 1392 1437 1438
f 1409 1439 1391
f 1391 1439 1440
f 1391 1440 1441
f 1435 1442 1432
f 1432 1442 1443
f 1432 1443 1444
f 1444 1445 1432
f 1432 1445 1430
f 1421 1423 1446
f 1446 1423 1447
f 1446 1447 1448
f 1448 1447 1449
f 1448 1449 1450
f 1450 1449 1451
f 1450 1451 1452
f 1452 1451 1453
f 1452 1453 1454
f 1454 1453 1455
f 1454 1455 1456
f 1456 1455 1457
f 1456 1457 1458
f 1458 1457 1459
f 1458 1459 1460
f 1460 1459 1461
f 1460 1461 1462
f 1462 1461 1463
f 1462 1463 1464
f 1464 1463 1436
f 1464 1436 1391
f 1438 1465 1392
f 1392 1465 1466
f 1392 1466 1467
f 1467 1468 1392
f 1392 1468 1433
f 1419 1469 1409
f 1409 1469 1470
f 1409 1470 1471
f 1471 1472 1409
f 1409 1472 1439
f 1441 1473 1391
f 1391 1473 1474
f 1391 1474 1475
f 1475 1476 1391
f 1391 1476 1464
f 1422 1477 1478
f 1478 1477 1479
f 1478 1479 1480
f 1480 1479 1481
f 1480 1481 1482
f 1482 1481 1483
f 1482 1483 1484
f 1484 1483 1485
f 1484 1485 1486
f 1486 1485 1487
f 1486 1487 1488
f 1488 1487 1489
f 1488 1489 1490
f 1490 1432 1488
f 1488 1432 1431
f 1488 1431 1486
f 1486 1431 1426
f 1486 1426 1484
f 1484 1426 1425
f 1484 1425 1482
f 1482 1425 1429
f 1482 1429 1480
f 1480 1429 1428
f 1480 1428 1478
f 1478 1428 1427
f 1478 1427 1422
f 1432 1490 1392
f 1392 1490 1393
f 1392 1393 71
f 71 1393 69
f 69 1393 1390
f 71 1388 1392
f 1416 1415 1395
f 1395 1415 1414
f 1395 1414 1413
f 1395 1413 1491
f 1491 1413 1412
f 1491 1412 1492
f 1492 1412 1411
f 1492 1411 1410
f 1394 1493 1410
f 1410 1493 1494
f 1410 1494 1495
f 1393 1496 1394
f 1394 1496 1497
f 1394 1497 1498
f 1490 1499 1393
f 1393 1499 1500
f 1393 1500 1501
f 1489 1502 1490
f 1490 1502 1503
f 1490 1503 1504
f 1489 1487 1502
f 1502 1487 1505
f 1505 1487 1485
f 1505 1485 1477
f 1477 1485 1483
f 1477 1483 1481
f 1481 1479 1477
f 1505 1477 1506
f 1506 1477 1395
f 1506 1395 1507
f 1507 1395 1491
f 1508 1509 1490
f 1490 1509 1499
f 1501 1510 1393
f 1393 1510 1511
f 1393 1511 1512
f 1512 1513 1393
f 1393 1513 1514
f 1393 1514 1496
f 1496 1514 1515
f 1515 1514 1516
f 1515 1516 1517
f 1517 1516 1518
f 1517 1518 1519
f 1519 1518 1520
f 1519 1520 1521
f 1521 1520 1522
f 1521 1522 1523
f 1523 1522 1524
f 1523 1524 1525
f 1525 1524 1526
f 1525 1526 1527
f 1527 1526 1528
f 1527 1528 1529
f 1529 1528 1530
f 1529 1530 1531
f 1531 1530 1532
f 1531 1532 1507
f 1507 1532 1506
f 1504 1533 1490
f 1490 1533 1534
f 1490 1534 1508
f 1498 1535 1394
f 1394 1535 1536
f 1394 1536 1537
f 1537 1538 1394
f 1394 1538 1493
f 1495 1539 1410
f 1410 1539 1540
f 1410 1540 1541
f 1541 1542 1410
f 1410 1542 1492
f 1452 1454 1543
f 1543 1454 1456
f 1543 1456 1544
f 1544 1456 1458
f 1544 1458 1545
f 1545 1458 1460
f 1545 1460 1546
f 1546 1460 1462
f 1546 1462 1547
f 1547 1462 1464
f 1547 1464 1548
f 1548 1464 1476
f 1548 1476 1549
f 1549 1476 1475
f 1549 1475 1550
f 1550 1475 1474
f 1550 1474 1551
f 1551 1474 1473
f 1551 1473 1552
f 1552 1473 1441
f 1552 1441 1553
f 1553 1441 1440
f 1553 1440 1554
f 1554 1440 1439
f 1554 1439 1555
f 1555 1439 1472
f 1555 1472 1556
f 1556 1472 1471
f 1556 1471 1557
f 1557 1471 1470
f 1557 1470 1558
f 1558 1470 1469
f 1558 1469 1559
f 1559 1469 1419
f 1559 1419 1560
f 1560 1419 1418
f 1560 1418 1561
f 1561 1418 1417
f 1561 1417 1562
f 1562 1417 1420
f 1562 1420 1563
f 1563 1420 1421
f 1563 1421 1564
f 1564 1421 1446
f 1564 1446 1565
f 1565 1446 1448
f 1565 1448 1566
f 1566 1448 1450
f 1566 1450 1567
f 1567 1450 1452
f 1567 1452 1543
f 1521 1523 1543
f 1543 1523 1525
f 1543 1525 1567
f 1567 1525 1527
f 1567 1527 1566
f 1566 1527 1529
f 1566 1529 1565
f 1565 1529 1531
f 1565 1531 1564
f 1564 1531 1507
f 1564 1507 1563
f 1563 1507 1491
f 1563 1491 1562
f 1562 1491 1492
f 1562 1492 1561
f 1561 1492 1542
f 1561 1542 1560
f 1560 1542 1541
f 1560 1541 1559
f 1559 1541 1540
f 1559 1540 1558
f 1558 1540 1539
f 1558 1539 1557
f 1557 1539 1495
f 1557 1495 1556
f 1556 1495 1494
f 1556 1494 1555
f 1555 1494 1493
f 1555 1493 1554
f 1554 1493 1538
f 1554 1538 1553
f 1553 1538 1537
f 1553 1537 1552
f 1552 1537 1536
f 1552 1536 1551
f 1551 1536 1535
f 1551 1535 1550
f 1550 1535 1498
f 1550 1498 1549
f 1549 1498 1497
f 1549 1497 1548
f 1548 1497 1496
f 1548 1496 1547
f 1547 1496 1515
f 1547 1515 1546
f 1546 1515 1517
f 1546 1517 1545
f 1545 1517 1519
f 1545 1519 1544
f 1544 1519 1521
f 1544 1521 1543
f 1435 1434 1568
f 1568 1434 1433
f 1568 1433 1569
f 1569 1433 1468
f 1569 1468 1570
f 1570 1468 1467
f 1570 1467 1571
f 1571 1467 1466
f 1571 1466 1572
f 1572 1466 1465
f 1572 1465 1573
f 1573 1465 1438
f 1573 1438 1574
f 1574 1438 1437
f 1574 1437 1575
f 1575 1437 1436
f 1575 1436 1576
f 1576 1436 1463
f 1576 1463 1577
f 1577 1463 1461
f 1577 1461 1578
f 1578 1461 1459
f 1578 1459 1579
f 1579 1459 1457
f 1579 1457 1580
f 1580 1457 1455
f 1580 1455 1581
f 1581 1455 1453
f 1581 1453 1582
f 1582 1453 1451
f 1582 1451 1583
f 1583 1451 1449
f 1583 1449 1584
f 1584 1449 1447
f 1584 1447 1585
f 1585 1447 1423
f 1585 1423 1586
f 1586 1423 1424
f 1586 1424 1587
f 1587 1424 1430
f 1587 1430 1588
f 1588 1430 1445
f 1588 1445 1589
f 1589 1445 1444
f 1589 1444 1590
f 1590 1444 1443
f 1590 1443 1591
f 1591 1443 1442
f 1591 1442 1592
f 1592 1442 1435
f 1592 1435 1568
f 1499 1509 1568
f 1568 1509 1508
f 1568 1508 1592
f 1592 1508 1534
f 1592 1534 1591
f 1591 1534 1533
f 1591 1533 1590
f 1590 1533 1504
f 1590 1504 1589
f 1589 1504 1503
f 1589 1503 1588
f 1588 1503 1502
f 1588 1502 1587
f 1587 1502 1505
f 1587 1505 1586
f 1586 1505 1506
f 1586 1506 1585
f 1585 1506 1532
f 1585 1532 1584
f 1584 1532 1530
f 1584 1530 1583
f 1583 1530 1528
f 1583 1528 1582
f 1582 1528 1526
f 1582 1526 1581
f 1581 1526 1524
f 1581 1524 1580
f 1580 1524 1522
f 1580 1522 1579
f 1579 1522 1520
f 1579 1520 1578
f 1578 1520 1518
f 1578 1518 1577
f 1577 1518 1516
f 1577 1516 1576
f 1576 1516 1514
f 1576 1514 1575
f 1575 1514 1513
f 1575 1513 1574
f 1574 1513 1512
f 1574 1512 1573
f 1573 1512 1511
f 1573 1511 1572
f 1572 1511 1510
f 1572 1510 1571
f 1571 1510 1501
f 1571 1501 1570
f 1570 1501 1500
f 1570 1500 1569
f 1569 1500 1499
f 1569 1499 1568
f 1395 1477 1396
f 1396 1477 1422

