# https://github.com/mikedh/trimesh
v 9.24270821 25.15527725 337.40078735
v 8.94444847 25.45059204 337.40066528
v 14.05528069 25.15527725 337.40078735
v 8.56990337 25.64002991 337.40057373
v 12.35527992 27.15527725 337.39987183
v 8.15528011 25.70527840 337.40054321
v -8.84471989 25.70527840 337.40054321
v -8.43009663 25.64002991 337.40057373
v 7.74065685 25.64002991 337.40057373
v -8.05555153 25.45059204 337.40066528
v 7.36611271 25.45059204 337.40066528
v -7.75729132 25.15527725 337.40078735
v 7.06785202 25.15527725 337.40078735
v -13.04471970 27.15527725 337.39987183
v -9.25934315 25.64002991 337.40057373
v -14.74471951 25.15527725 337.40078735
v -9.63388729 25.45059204 337.40066528
v -9.93214798 25.15527725 337.40078735
v 8.13564873 -17.01065636 334.67047119
v 6.11239386 -12.19144440 334.66821289
v 8.80528069 -16.94600105 334.67044067
v 6.15051031 -11.19703388 334.66775513
v 10.35428715 -16.94500732 334.67044067
v 6.03638458 -10.20845985 334.66729736
v 5.77269077 -9.24889278 334.66683960
v 5.92292786 -13.16838169 334.66867065
v 7.49075794 -17.20223427 334.67056274
v 5.58655405 -14.10494804 334.66912842
v 6.89443254 -17.51365471 334.67071533
v 6.36870527 -17.93341255 334.67089844
v 5.11115551 -14.97919083 334.66952515
v 5.93299913 -18.44600105 334.67114258
v 4.50787640 -15.77061844 334.66989136
v 3.79085612 -16.46068001 334.67022705
v 2.97690177 -17.03320312 334.67050171
v 2.08509135 -17.47476768 334.67068481
v 1.13632810 -17.77502060 334.67083740
v 0.15285046 -17.92692947 334.67089844
v -0.84228981 -17.92692947 334.67089844
v -6.62243795 -18.44600105 334.67114258
v -1.82576752 -17.77502060 334.67083740
v -2.77453065 -17.47476768 334.67068481
v -3.66634107 -17.03320312 334.67050171
v -4.48029566 -16.46068001 334.67022705
v -5.19731569 -15.77061844 334.66989136
v -5.80059481 -14.97919083 334.66952515
v -7.05814409 -17.93341255 334.67089844
v -6.27599335 -14.10494804 334.66912842
v -7.58387136 -17.51365280 334.67071533
v -8.18019676 -17.20223236 334.67056274
v -6.61236763 -13.16838169 334.66867065
v -8.82508850 -17.01065636 334.67047119
v -6.80183315 -12.19144440 334.66821289
v -9.49471951 -16.94600105 334.67044067
v -6.83995008 -11.19703388 334.66775513
v -11.04368496 -16.94496536 334.67044067
v -6.72582388 -10.20845985 334.66729736
v -6.46213007 -9.24889278 334.66683960
v -11.04372692 15.05300140 334.65551758
v -6.05504942 -8.34082317 334.66644287
v -5.51412344 -7.50553703 334.66604614
v -9.49471951 15.05399704 334.65551758
v -8.81190395 15.12124920 334.65548706
v -4.85203075 -6.76261187 334.66567993
v -8.15532875 15.32041931 334.65539551
v -4.08429098 -6.12946177 334.66540527
v -7.55022526 15.64385414 334.65524292
v -3.22889853 -5.62092638 334.66516113
v -7.01984787 16.07912254 334.65502930
v -2.30590367 -5.24892616 334.66497803
v -6.58457851 16.60950089 334.65478516
v -1.33694005 -5.02217960 334.66488647
v -6.26114368 17.21460342 334.65451050
v -0.34471968 -4.94600248 334.66485596
v 5.57170439 17.21460342 334.65451050
v 0.64750063 -5.02217960 334.66488647
v 5.89513874 16.60950089 334.65478516
v 1.61646426 -5.24892616 334.66497803
v 6.33040857 16.07912254 334.65502930
v 2.53945923 -5.62092638 334.66516113
v 6.86078596 15.64385414 334.65524292
v 3.39485168 -6.12946177 334.66540527
v 7.46588945 15.32041931 334.65539551
v 4.16259146 -6.76261187 334.66567993
v 8.12246513 15.12124920 334.65548706
v 4.82468414 -7.50553703 334.66604614
v 8.80528069 15.05399704 334.65551758
v 10.35428715 15.05300140 334.65551758
v 5.37253475 17.87117958 334.65420532
v -6.06197405 17.87117958 334.65420532
v 5.30528164 18.55399513 334.65386963
v -5.99472094 18.55399513 334.65386963
v -5.99372625 20.05300140 334.65316772
v 5.30428648 20.05300140 334.65316772
v 5.36561012 -8.34082317 334.66644287
v -1.33694005 -5.02171278 335.66488647
v -0.34471968 -4.94553566 335.66485596
v 0.64750063 -5.02171278 335.66488647
v -2.30590367 -5.24845934 335.66497803
v -3.22889853 -5.62045956 335.66516113
v -4.08429098 -6.12899494 335.66540527
v -4.85203075 -6.76214504 335.66567993
v -5.51412344 -7.50507021 335.66604614
v -6.05504942 -8.34035683 335.66644287
v -6.46213007 -9.24842548 335.66683960
v -6.72582388 -10.20799255 335.66729736
v -6.83995008 -11.19656754 335.66775513
v -6.80183315 -12.19097710 335.66821289
v -6.61236763 -13.16791439 335.66867065
v -6.27599335 -14.10448074 335.66912842
v -5.80059481 -14.97872353 335.66952515
v -5.19731569 -15.77015114 335.66989136
v -4.48029566 -16.46021461 335.67022705
v -3.66634107 -17.03273773 335.67050171
v -2.77453065 -17.47430038 335.67068481
v -1.82576752 -17.77455521 335.67083740
v -0.84228981 -17.92646217 335.67089844
v 0.15285046 -17.92646217 335.67089844
v 1.13632810 -17.77455521 335.67083740
v 2.08509135 -17.47430038 335.67068481
v 2.97690177 -17.03273773 335.67050171
v 3.79085612 -16.46021461 335.67022705
v 4.50787640 -15.77015114 335.66989136
v 5.11115551 -14.97872353 335.66952515
v 5.58655405 -14.10448074 335.66912842
v 5.92292786 -13.16791439 335.66867065
v 6.11239386 -12.19097710 335.66821289
v 6.15051031 -11.19656754 335.66775513
v 6.03638458 -10.20799255 335.66729736
v 5.77269077 -9.24842548 335.66683960
v 5.36561012 -8.34035683 335.66644287
v 4.82468414 -7.50507021 335.66604614
v 4.16259146 -6.76214504 335.66567993
v 3.39485168 -6.12899494 335.66540527
v 2.53945923 -5.62045956 335.66516113
v 1.61646426 -5.24845934 335.66497803
v -0.34471968 -7.44553566 335.66601562
v 0.43564162 -7.52239418 335.66604614
v 1.18601406 -7.75001717 335.66616821
v 1.87756121 -8.11965656 335.66632080
v 2.48370743 -8.61710835 335.66656494
v 2.98115873 -9.22325420 335.66683960
v 3.35079837 -9.91480160 335.66717529
v 3.57842135 -10.66517353 335.66751099
v 3.65528035 -11.44553471 335.66787720
v 3.57842135 -12.22589588 335.66824341
v 3.35079837 -12.97626877 335.66857910
v 2.98115873 -13.66781521 335.66891479
v 2.48370743 -14.27396202 335.66918945
v 1.87756121 -14.77141285 335.66943359
v 1.18601406 -15.14105225 335.66961670
v 0.43564162 -15.36867523 335.66970825
v -0.34471968 -15.44553471 335.66973877
v -1.12508094 -15.36867523 335.66970825
v -1.87545347 -15.14105225 335.66961670
v -2.56700063 -14.77141285 335.66943359
v -3.17314672 -14.27396202 335.66918945
v -3.67059803 -13.66781521 335.66891479
v -4.04023790 -12.97626877 335.66857910
v -4.26786089 -12.22589588 335.66824341
v -4.34471989 -11.44553471 335.66787720
v -4.26786089 -10.66517353 335.66751099
v -4.04023790 -9.91480160 335.66717529
v -3.67059803 -9.22325420 335.66683960
v -3.17314672 -8.61710835 335.66656494
v -2.56700063 -8.11965656 335.66632080
v -1.87545347 -7.75001717 335.66616821
v -1.12508094 -7.52239418 335.66604614
v -1.12508094 -7.52253437 335.36605835
v -0.34471968 -7.44567537 335.36599731
v 0.43564162 -7.52253437 335.36605835
v 1.18601406 -7.75015736 335.36614990
v 1.87756121 -8.11979675 335.36633301
v 2.48370743 -8.61724854 335.36654663
v 2.98115873 -9.22339439 335.36685181
v 3.35079837 -9.91494179 335.36715698
v 3.57842135 -10.66531372 335.36752319
v 3.65528035 -11.44567490 335.36788940
v 3.57842135 -12.22603607 335.36825562
v 3.35079837 -12.97640896 335.36859131
v 2.98115873 -13.66795540 335.36892700
v 2.48370743 -14.27410221 335.36920166
v 1.87756121 -14.77155304 335.36944580
v 1.18601406 -15.14119244 335.36959839
v 0.43564162 -15.36881542 335.36972046
v -0.34471968 -15.44567490 335.36975098
v -1.12508094 -15.36881542 335.36972046
v -1.87545347 -15.14119244 335.36959839
v -2.56700063 -14.77155304 335.36944580
v -3.17314672 -14.27410221 335.36920166
v -3.67059803 -13.66795540 335.36892700
v -4.04023790 -12.97640896 335.36859131
v -4.26786089 -12.22603607 335.36825562
v -4.34471989 -11.44567490 335.36788940
v -4.26786089 -10.66531372 335.36752319
v -4.04023790 -9.91494179 335.36715698
v -3.67059803 -9.22339439 335.36685181
v -3.17314672 -8.61724854 335.36654663
v -2.56700063 -8.11979675 335.36633301
v -1.87545347 -7.75015736 335.36614990
v -0.34471968 -8.44567490 335.36648560
v 0.32284310 -8.52089119 335.36651611
v 0.95693153 -8.74276829 335.36660767
v 1.52574968 -9.10018063 335.36679077
v 2.00077486 -9.57520580 335.36700439
v 2.35818696 -10.14402390 335.36727905
v 2.58006406 -10.77811241 335.36755371
v 2.65528035 -11.44567490 335.36788940
v 2.58006406 -12.11323738 335.36819458
v 2.35818696 -12.74732590 335.36849976
v 2.00077486 -13.31614399 335.36874390
v 1.52574968 -13.79116917 335.36898804
v 0.95693153 -14.14858150 335.36914062
v 0.32284310 -14.37045860 335.36923218
v -0.34471968 -14.44567490 335.36929321
v -1.01228249 -14.37045860 335.36923218
v -1.64637089 -14.14858150 335.36914062
v -2.21518898 -13.79116917 335.36898804
v -2.69021416 -13.31614399 335.36874390
v -3.04762626 -12.74732590 335.36849976
v -3.26950336 -12.11323738 335.36819458
v -3.34471965 -11.44567490 335.36788940
v -3.26950336 -10.77811241 335.36755371
v -3.04762626 -10.14402390 335.36727905
v -2.69021416 -9.57520580 335.36700439
v -2.21518898 -9.10018063 335.36679077
v -1.64637089 -8.74276829 335.36660767
v -1.01228249 -8.52089119 335.36651611
v -1.01228249 -14.37148571 333.16925049
v -0.34471968 -14.44670200 333.16928101
v 0.32284310 -14.37148571 333.16925049
v 0.95693153 -14.14960861 333.16912842
v 1.52574968 -13.79219627 333.16897583
v 2.00077486 -13.31717110 333.16876221
v 2.35818696 -12.74835300 333.16848755
v 2.58006406 -12.11426449 333.16818237
v 2.65528035 -11.44670200 333.16787720
v 2.58006406 -10.77913952 333.16757202
v 2.35818696 -10.14505100 333.16726685
v 2.00077486 -9.57623291 333.16699219
v 1.52574968 -9.10120773 333.16677856
v 0.95693153 -8.74379539 333.16662598
v 0.32284310 -8.52191830 333.16650391
v -0.34471968 -8.44670200 333.16647339
v -1.01228249 -8.52191830 333.16650391
v -1.64637089 -8.74379539 333.16662598
v -2.21518898 -9.10120773 333.16677856
v -2.69021416 -9.57623291 333.16699219
v -3.04762626 -10.14505100 333.16726685
v -3.26950336 -10.77913952 333.16757202
v -3.34471965 -11.44670200 333.16787720
v -3.26950336 -12.11426449 333.16818237
v -3.04762626 -12.74835300 333.16848755
v -2.69021416 -13.31717110 333.16876221
v -2.21518898 -13.79219627 333.16897583
v -1.64637089 -14.14960861 333.16912842
v -0.34471968 -13.04670143 333.16864014
v -0.83914685 -12.96839237 333.16857910
v -1.28517604 -12.74112892 333.16848755
v -1.63914692 -12.38715839 333.16830444
v -1.86641014 -11.94112968 333.16812134
v -1.94471967 -11.44670200 333.16787720
v -1.86641014 -10.95227528 333.16766357
v -1.63914692 -10.50624561 333.16744995
v -1.28517604 -10.15227509 333.16726685
v -0.83914685 -9.92501163 333.16717529
v -0.34471968 -9.84670258 333.16714478
v 0.14970751 -9.92501163 333.16717529
v 0.59573674 -10.15227509 333.16726685
v 0.94970751 -10.50624561 333.16744995
v 1.17697072 -10.95227528 333.16766357
v 1.25528038 -11.44670200 333.16787720
v 1.17697072 -11.94112968 333.16812134
v 0.94970751 -12.38715839 333.16830444
v 0.59573674 -12.74112892 333.16848755
v 0.14970751 -12.96839237 333.16857910
v -0.83914685 -9.92398453 335.36715698
v -0.34471968 -9.84567547 335.36712646
v 0.14970751 -9.92398453 335.36715698
v 0.59573674 -10.15124798 335.36727905
v 0.94970751 -10.50521851 335.36743164
v 1.17697072 -10.95124817 335.36764526
v 1.25528038 -11.44567490 335.36788940
v 1.17697072 -11.94010258 335.36810303
v 0.94970751 -12.38613129 335.36831665
v 0.59573674 -12.74010181 335.36846924
v 0.14970751 -12.96736526 335.36859131
v -0.34471968 -13.04567528 335.36862183
v -0.83914685 -12.96736526 335.36859131
v -1.28517604 -12.74010181 335.36846924
v -1.63914692 -12.38613129 335.36831665
v -1.86641014 -11.94010258 335.36810303
v -1.94471967 -11.44567490 335.36788940
v -1.86641014 -10.95124817 335.36764526
v -1.63914692 -10.50521851 335.36743164
v -1.28517604 -10.15124798 335.36727905
v 6.31339216 -18.71083832 334.74468994
v 6.62255478 -18.33506966 334.74450684
v 6.98777246 -18.01351166 334.74435425
v 7.39966583 -17.75441933 334.74423218
v 7.84765673 -17.56445122 334.74414062
v 8.32024002 -17.44848251 334.74411011
v 8.80528069 -17.40949249 334.74407959
v 8.38703537 -17.86116600 334.95733643
v 8.80528069 -17.82754517 334.95733643
v 8.44004345 -18.18859673 335.28933716
v 8.80528069 -18.15923882 335.28933716
v 8.47407722 -18.39872551 335.70761108
v 8.80528069 -18.37210274 335.70758057
v 8.80528069 -18.44530106 336.17114258
v 8.32863617 -18.50292778 336.17117310
v 8.15137959 -18.47791290 335.70764160
v 8.08418655 -18.27592278 335.28939819
v 7.84547567 -18.60763168 335.70770264
v 7.74684858 -18.41897011 335.28945923
v 7.56421995 -18.78454781 335.70779419
v 7.43669128 -18.61406517 335.28955078
v 7.16168165 -18.85620117 335.28967285
v 6.92313766 -18.62566185 334.95770264
v 6.65654945 -18.94968414 334.95785522
v 7.87946033 -18.67249107 336.17126465
v 7.48363686 -18.94421387 336.17138672
v 7.31483603 -19.00411987 335.70788574
v 7.16397715 -19.30244255 336.17153931
v 7.10372877 -19.26070786 335.70800781
v 6.92888117 -19.13915443 335.28979492
v 7.23806143 -18.34838486 334.95758057
v 7.59323263 -18.12497330 334.95745850
v 7.97953081 -17.96116447 334.95739746
v 5.76880598 -21.05574036 335.33200073
v 5.30528021 -21.08716583 335.26565552
v 5.55159473 -20.83463478 335.17407227
v 5.34847450 -20.36332130 334.97720337
v 5.54837084 -20.36530304 334.99179077
v 5.43630409 -19.83442879 334.82986450
v 5.61127949 -19.88409233 334.85284424
v 5.66855383 -19.64465141 334.80038452
v 5.93719530 -19.72178268 334.87942505
v 6.00535774 -19.50470924 334.83877563
v 6.26111460 -19.58891869 334.97668457
v 6.33673954 -19.39745331 334.94741821
v 6.56106424 -19.48417091 335.14135742
v 6.64063454 -19.31922913 335.12258911
v 6.81788778 -19.40131378 335.36209106
v 6.88728333 -19.27949524 335.35336304
v 7.00942850 -19.34661865 335.62200928
v 5.61383009 -19.18969917 334.71643066
v 5.74285364 -19.40918159 334.75921631
v 6.08869553 -19.29353333 334.80886841
v 6.42531061 -19.21311951 334.92810059
v 6.71829271 -19.18228912 335.11355591
v 5.83357048 -19.18001938 334.72891235
v 5.74018097 -18.85578156 334.68493652
v 5.93976450 -18.95930672 334.70895386
v 6.04344606 -18.77622223 334.69934082
v 6.28166151 -18.92173004 334.77963257
v 6.51180458 -19.06027985 334.91879272
v 6.18632030 -19.09025192 334.78912354
v 7.08168173 -19.38236809 335.90115356
v 6.98157740 -19.62424469 336.20571899
v 6.87290096 -19.92957497 336.30245972
v 6.87404013 -19.83429527 335.98382568
v 6.91666842 -19.71375084 335.95043945
v 6.96714401 -19.59526634 335.92568970
v 6.82815886 -19.71820831 335.67373657
v 6.88328934 -19.58461189 335.64770508
v 6.68562365 -19.69907379 335.40744019
v 6.74669552 -19.54763412 335.38018799
v 6.49302340 -19.65530014 335.16973877
v 6.81639576 -20.23459816 336.46578979
v 6.79348660 -20.19963646 336.13717651
v 6.83934164 -19.95603561 336.02603149
v 6.74561119 -19.99302101 335.75350952
v 6.78219652 -19.85472679 335.70892334
v 6.59575319 -20.01188469 335.49124146
v 6.63520002 -19.85430145 335.44436646
v 6.39399624 -20.00966835 335.25714111
v 6.43718910 -19.83103752 335.20822144
v 6.15162611 -19.98585320 335.06701660
v 6.19923735 -19.78570557 335.01644897
v 5.88478518 -19.94257736 334.93121338
v 6.77750826 -20.43802071 336.28289795
v 6.80528021 -20.44508934 336.62127686
v 6.73186493 -20.64350319 336.20236206
v 6.69135427 -20.54119873 336.02529907
v 6.51880598 -20.82249260 335.82446289
v 6.54658270 -20.63704872 335.77740479
v 6.34685469 -20.71869087 335.55612183
v 6.54999399 -20.32824707 335.61502075
v 6.34591198 -20.36857796 335.38647461
v 6.18695831 -20.96454048 335.52453613
v 6.10323048 -20.78046036 335.37646484
v 6.09969902 -20.38814163 335.20086670
v 5.83203220 -20.81918907 335.24810791
v 5.82778120 -20.38639069 335.06826782
v 7.02527952 -19.47967339 335.90917969
v 6.94722795 -19.45501328 335.63040161
v 6.70056200 -20.27028084 335.87109375
v 5.30528021 -21.76430321 335.63998413
v -5.99471951 -21.08716583 335.26565552
v -6.01398945 -20.60287285 335.06103516
v -6.11242580 -19.89865494 334.84509277
v -6.30247402 -19.19203377 334.71670532
v -6.39172220 -18.94909096 334.69189453
v -5.99471951 -21.76430321 335.63998413
v 5.30528021 -22.38933372 336.09603882
v -5.99471951 -22.38933372 336.09603882
v 5.30528021 -22.95244598 336.62664795
v -5.99471951 -22.95244598 336.62664795
v -5.99471951 -23.44481087 337.22348022
v 5.30528021 -23.44481087 337.22348022
v 6.10890293 -23.29844284 337.42340088
v 5.88193512 -23.44471741 337.42349243
v 5.76880598 -22.98151588 336.76690674
v 5.61153936 -23.44478416 337.27813721
v 5.76880598 -22.40479279 336.20501709
v 5.76880598 -21.75912094 335.72390747
v 6.18695831 -21.64336777 335.90277100
v 6.18695831 -22.26650047 336.36709595
v 6.18695831 -22.82309151 336.90936279
v 6.30533648 -23.11775398 337.42333984
v 6.51880598 -22.57633972 337.13125610
v 6.59678793 -22.66688538 337.42312622
v 6.73186493 -22.26541519 337.41085815
v 6.75425196 -22.16296577 337.42288208
v 6.73186493 -21.77969170 336.93762207
v 6.80528021 -21.62746811 337.42263794
v 6.80528021 -21.26137733 337.11563110
v 6.73186493 -21.23589897 336.53244019
v 6.80528021 -20.86587524 336.84759521
v 6.51880598 -21.46307755 336.18139648
v 6.51880598 -22.05110550 336.61953735
v -6.30097866 -23.44478416 337.27813721
v -6.45824528 -22.98151588 336.76690674
v -6.45824528 -22.40479279 336.20501709
v -6.87639761 -22.82309151 336.90936279
v -6.87639761 -22.26650047 336.36709595
v -7.20824528 -22.57633972 337.13125610
v -7.20824528 -22.05110550 336.61953735
v -7.42130423 -22.26541519 337.41085815
v -7.42130423 -21.77969170 336.93762207
v -7.44369173 -22.16296577 337.42288208
v -7.49471951 -21.62746811 337.42263794
v -6.57137442 -23.44471741 337.42349243
v -6.79834223 -23.29844284 337.42340088
v -6.99477577 -23.11775398 337.42333984
v -7.28622770 -22.66688538 337.42312622
v -7.49471951 -21.26137733 337.11563110
v -7.42130423 -21.23589897 336.53244019
v -7.20824528 -21.46307755 336.18139648
v -7.42130423 -20.64350319 336.20236206
v -7.20824528 -20.82249260 335.82446289
v -7.49471951 -20.86587524 336.84759521
v -7.49471951 -20.44508934 336.62127686
v -6.87639761 -21.64336777 335.90277100
v -6.87639761 -20.96454048 335.52453613
v -6.45824528 -21.75912094 335.72390747
v -6.45824528 -21.05574036 335.33200073
v -7.46699238 -20.43597794 336.28164673
v -7.50572968 -20.23559380 336.46643066
v -7.48307657 -20.19864845 336.13677979
v -7.56197453 -19.93094826 336.30303955
v -7.52877188 -19.95617485 336.02621460
v -7.67056274 -19.62525368 336.20593262
v -7.56328249 -19.83499527 335.98416138
v -7.60564947 -19.71499634 335.95089722
v -7.51717806 -19.71963120 335.67431641
v -7.57193613 -19.58662033 335.64828491
v -7.43536806 -19.54995155 335.38088989
v -7.50605345 -19.40422821 335.36273193
v -7.32877922 -19.32257843 335.12329102
v -7.61832047 -19.13915443 335.28979492
v -7.34598875 -18.94968224 334.95785522
v -7.65579319 -19.59703064 335.92614746
v -7.85341644 -19.30244255 336.17153931
v -7.71352959 -19.48191643 335.90957642
v -7.79316807 -19.26070786 335.70800781
v -7.63542700 -19.45755196 335.63092041
v -7.00283098 -18.71083832 334.74468994
v -6.87394238 -19.09427834 334.78952026
v -7.11321688 -19.21682549 334.92861938
v -7.24978256 -19.48684692 335.14212036
v -7.37471771 -19.70072556 335.40814209
v -7.47150564 -19.85552597 335.70941162
v -6.62709093 -18.96360970 334.70928955
v -6.52164555 -19.18346596 334.72933960
v -6.43155050 -19.41166687 334.75961304
v -6.35773087 -19.64608955 334.80068970
v -6.62653208 -19.72314072 334.87979126
v -6.57442379 -19.94291496 334.93136597
v -6.84137726 -19.98616409 335.06732178
v -6.78960180 -20.38655663 335.20046997
v -7.03587103 -20.36711693 335.38626099
v -7.03651476 -20.71564102 335.55490112
v -7.23612881 -20.63434792 335.77621460
v -7.38083935 -20.53884315 336.02407837
v -6.30078316 -19.88443565 334.85293579
v -6.51758432 -20.38466644 335.06771851
v -6.79278851 -20.77712440 335.37500000
v -6.23805523 -20.36343384 334.99114990
v -6.24087667 -20.83072662 335.17236328
v -6.52145576 -20.81556320 335.24649048
v -7.39022112 -20.26913643 335.87078857
v -7.43512392 -19.99317360 335.75381470
v -7.23978090 -20.32694054 335.61480713
v -7.28539896 -20.01207924 335.49166870
v -7.32462072 -19.85523987 335.44497681
v -7.08381081 -20.00992775 335.25759888
v -6.88871193 -19.78695488 335.01693726
v -6.69425011 -19.50704193 334.83923340
v -7.12675238 -19.83214760 335.20889282
v -7.18221807 -19.65722466 335.17050171
v -7.02527952 -19.40042496 334.94802856
v -6.95018244 -19.59106255 334.97729492
v -6.77701092 -19.29676247 334.80932617
v -7.76266909 -19.44471741 337.42160034
v -8.08050632 -19.03050423 337.42141724
v -8.17307663 -18.94421387 336.17138672
v -8.49471951 -18.71266556 337.42126465
v -8.56890011 -18.67249107 336.17126465
v -8.97708130 -18.51286507 337.42117310
v -9.01807594 -18.50292778 336.17117310
v -9.49471951 -18.44471741 337.42114258
v -9.49471951 -18.44530106 336.17114258
v -7.56286812 -19.92707825 337.42184448
v -7.49471951 -20.44471741 337.42208862
v -8.00427532 -19.00411987 335.70788574
v -7.85112047 -18.85620117 335.28967285
v -7.61257696 -18.62566185 334.95770264
v -7.31199408 -18.33506966 334.74450684
v -7.67721176 -18.01350975 334.74435425
v -8.08910465 -17.75441933 334.74423218
v -8.53709602 -17.56445122 334.74414062
v -9.00967979 -17.44848251 334.74411011
v -9.49471951 -17.40949249 334.74407959
v -9.07647419 -17.86116600 334.95733643
v -9.49471951 -17.82754517 334.95733643
v -9.12948322 -18.18859673 335.28933716
v -9.49471951 -18.15923882 335.28933716
v -9.16351700 -18.39872551 335.70761108
v -9.49471951 -18.37210274 335.70758057
v -8.84081936 -18.47791290 335.70764160
v -8.53491497 -18.60763168 335.70770264
v -8.25365925 -18.78454781 335.70779419
v -8.43628788 -18.41897011 335.28945923
v -8.12613106 -18.61406517 335.28955078
v -8.28267193 -18.12497330 334.95745850
v -7.92750025 -18.34838486 334.95758057
v -8.77362633 -18.27592278 335.28939819
v -8.66897011 -17.96116447 334.95739746
v -11.54472256 -18.44530106 336.17129517
v -11.53569221 -18.41833687 335.88739014
v -11.50882912 -18.33767509 335.61248779
v -11.46450138 -18.20487595 335.35592651
v -11.40380192 -18.02305794 335.12716675
v -11.32871437 -17.79740524 334.93597412
v -11.24117279 -17.53559875 334.79153442
v -11.14567852 -17.24799347 334.70129395
v -11.54471970 -18.44471741 337.42114258
v -12.54471970 -17.44471741 337.42068481
v -12.54471588 -17.44530106 336.17068481
v -12.46859932 -17.82740021 337.42086792
v -12.46858597 -17.82801628 336.17080688
v -12.25182629 -18.15182495 337.42102051
v -12.25177956 -18.15245438 336.17102051
v -12.04465675 -18.31136322 336.17108154
v -11.92740345 -18.36859703 337.42111206
v -11.91632843 -18.37368965 336.17077637
v -11.72534657 -18.42549896 336.07513428
v -11.72196960 -18.41634941 335.97943115
v -11.71640873 -18.40119934 335.88488770
v -11.70870686 -18.38013840 335.79208374
v -11.90045261 -18.34279251 335.86285400
v -11.89077950 -18.31830215 335.76382446
v -12.07750130 -18.24563789 335.84881592
v -12.06593132 -18.21833038 335.74612427
v -12.15958023 -18.18313026 335.84536743
v -12.14713192 -18.15472031 335.74197388
v -12.23540783 -18.11228752 335.84445190
v -12.22214699 -18.08301353 335.74118042
v -12.30332565 -18.03467751 335.84609985
v -12.28933716 -18.00479507 335.74374390
v -12.36279392 -17.95118523 335.85028076
v -12.34816837 -17.92095184 335.74960327
v -12.41308308 -17.86325645 335.85681152
v -12.39791870 -17.83292961 335.75857544
v -12.45377636 -17.77241135 335.86557007
v -12.43817711 -17.74223900 335.77038574
v -12.50625324 -17.58795929 335.88858032
v -12.49009132 -17.55877304 335.80123901
v -12.51755714 -17.43655968 335.88696289
v -12.43687248 -17.40958405 335.61206055
v -11.91174984 -18.37119102 336.06747437
v -12.09106827 -18.27742958 336.06246948
v -12.17420006 -18.21626091 336.06118774
v -12.08591461 -18.26540756 335.95462036
v -12.16864300 -18.20372391 335.95214844
v -12.25099945 -18.14648056 336.06072998
v -12.24506950 -18.13353157 335.95138550
v -12.38001919 -17.98659325 336.06243896
v -12.31978893 -18.06962967 336.06115723
v -12.52531815 -17.62229729 336.07492065
v -12.47216892 -17.80783463 336.06735229
v -12.43095303 -17.89881897 336.06454468
v -12.42414856 -17.88532829 335.95928955
v -12.37346268 -17.97316933 335.95501709
v -12.51805592 -17.60924911 335.98028564
v -12.46516418 -17.79438782 335.96502686
v -12.30393505 -17.36514854 335.35559082
v -12.34281445 -17.55511284 335.44741821
v -12.44648647 -17.47973442 335.64300537
v -12.39604855 -17.66021919 335.59622192
v -12.35693645 -17.75032616 335.57788086
v -12.30860043 -17.83843613 335.56356812
v -12.25144291 -17.92305756 335.55368042
v -12.18616390 -18.00275612 335.54849243
v -12.11328220 -18.07663727 335.54812622
v -12.03439236 -18.14306831 335.55261230
v -11.86422253 -18.25037766 335.57522583
v -11.68732929 -18.32124901 335.61340332
v -12.12201977 -17.30468559 335.12686157
v -12.19071007 -17.40349770 335.20669556
v -12.28634262 -17.44173813 335.33428955
v -12.24994946 -17.52900887 335.30200195
v -12.30507088 -17.64409828 335.42208862
v -12.20497417 -17.61600113 335.27532959
v -12.25842857 -17.73192215 335.40173340
v -12.15179062 -17.70131874 335.25494385
v -12.20327282 -17.81713867 335.38687134
v -12.09105015 -17.78355408 335.24130249
v -12.14027977 -17.89832115 335.37789917
v -12.02323627 -17.86182022 335.23468018
v -12.06995106 -17.97457504 335.37500000
v -11.94983006 -17.93439484 335.23522949
v -11.99382401 -18.04421997 335.37823486
v -11.79149151 -18.05865288 335.25689697
v -11.82961464 -18.16016960 335.40222168
v -11.62689686 -18.15133095 335.30264282
v -11.65891647 -18.24195862 335.44628906
v -11.89626122 -17.22981834 334.93572998
v -11.97887993 -17.29894829 334.99789429
v -12.14737988 -17.48896980 335.17321777
v -11.63437462 -17.14238930 334.79135132
v -11.68838310 -17.24729347 334.81900024
v -11.86335087 -17.46084976 334.94186401
v -11.92429352 -17.38027573 334.96557617
v -12.03762245 -17.65649223 335.12734985
v -12.09614182 -17.57375908 335.14657593
v -11.34672928 -17.04693985 334.70120239
v -11.44957161 -17.09818268 334.72631836
v -11.55381680 -17.39611053 334.79202271
v -11.79738331 -17.53889847 334.92727661
v -11.97228813 -17.73629379 335.11587524
v -11.31487751 -17.23741341 334.71072388
v -11.41393280 -17.53064537 334.80221558
v -11.65508938 -17.68287659 334.92529297
v -11.90156746 -17.81141090 335.11239624
v -11.50717258 -17.80499649 334.95654297
v -11.74902058 -17.94349480 335.12869263
v -11.59044552 -18.04694939 335.17254639
v -12.31352425 -18.05638504 335.95236206
v -11.90746784 -18.36047173 335.96435547
v -12.54471493 15.55469894 336.15542603
v -12.47128010 -0.94551748 335.69937134
v -12.47128010 -9.19551754 335.70321655
v -12.25805759 -9.19571304 335.28488159
v -11.92594624 -9.19586754 334.95297241
v -11.50748825 -9.19596672 334.73999023
v -11.50748825 -0.94596714 334.73614502
v -11.50748825 7.30403280 334.73229980
v -11.92594624 7.30413246 334.94528198
v -11.67838383 15.26523495 334.79583740
v -11.84119701 15.31974220 334.88430786
v -12.12067127 15.41284657 335.11019897
v -12.25805759 7.30428696 335.27719116
v -12.35332012 15.49063206 335.42211914
v -12.47128010 7.30448246 335.69552612
v -12.44323921 15.52068138 335.61294556
v -12.51637363 15.54511452 335.86505127
v -11.43949986 15.18558884 334.70834351
v -12.25805759 -0.94571275 335.28103638
v -11.92594624 -0.94586772 334.94912720
v -12.54471970 -21.43164635 365.42254639
v -12.54471970 -19.90781212 362.92184448
v -12.54471970 -21.44378281 339.42254639
v -12.54471970 -19.91761589 341.92184448
v -12.54471970 -19.91878319 339.42184448
v -12.54471970 -19.90664482 365.42184448
v -12.54471970 -16.03307152 362.92001343
v -12.54471970 -16.04287529 341.92001343
v -12.54471970 -15.83255577 362.91992188
v -12.54471970 -15.84235859 341.91992188
v -12.54471970 -11.95781326 362.91812134
v -12.54471970 -11.96761703 341.91812134
v -12.54471970 4.31181574 351.41052246
v -12.54471970 -2.91761827 341.91390991
v -12.54471970 0.95712364 341.91207886
v -12.54471970 1.15763915 341.91198730
v -12.54471970 4.30738115 341.91052246
v -12.54471970 -11.95664692 365.41812134
v -12.54471970 -2.90664768 365.41390991
v -12.54471970 -2.90781474 362.91390991
v -12.54471970 0.96692717 362.91207886
v -12.54471970 1.16744268 362.91198730
v -12.54471970 5.04218435 362.91018677
v -12.54471970 5.16181564 351.41012573
v -12.54471970 5.16718435 362.91012573
v -12.54471970 5.04335165 365.41018677
v -12.54471970 14.09335041 365.40597534
v -12.54471970 14.09218311 362.90597534
v -12.54471970 -2.91878533 339.41390991
v -12.54471970 -11.96878433 339.41812134
v -12.54471970 18.16744041 362.90405273
v -12.54471970 19.56718254 362.90341187
v -12.54471970 18.81181526 351.40374756
v -12.54471970 19.55737877 341.90341187
v -12.54471970 18.80737877 341.90374756
v -12.54471970 17.96181488 351.40414429
v -12.54466438 17.96715164 362.90414429
v -12.54471970 -20.42989540 369.17208862
v -12.54471970 18.57010078 369.15386963
v -12.54471970 -20.43071175 367.42208862
v -12.54471970 18.56928444 367.40386963
v -12.54471970 15.55527878 337.40527344
v -12.47657108 -21.94928360 365.42279053
v -12.47657108 -21.95332909 356.75613403
v -12.47657108 -21.95737457 348.08944702
v -12.47657108 -21.96142197 339.42279053
v -12.27677059 -22.43973732 348.08969116
v -12.27677059 -22.44378281 339.42300415
v -11.95893288 -22.85395050 348.08987427
v -11.95893288 -22.85799599 339.42321777
v -11.54471970 -23.17178726 348.09002686
v -11.54471970 -23.17583466 339.42337036
v -11.06235790 -23.37158966 348.09011841
v -11.06235790 -23.37563515 339.42346191
v -10.54471970 -23.44378281 339.42349243
v -10.54471970 -23.43164444 365.42349243
v -11.06235790 -23.36754227 356.75677490
v -11.54471970 -23.16774178 356.75668335
v -11.95893288 -22.84990501 356.75653076
v -12.27677059 -22.43569183 356.75634766
v -11.06235790 -23.36349678 365.42346191
v -11.54471970 -23.16369629 365.42333984
v -11.95893288 -22.84585953 365.42321777
v -12.27677059 -22.43164635 365.42300415
v -18.14472008 -11.95664692 365.41812134
v -18.14472008 -2.90664768 365.41390991
v -18.14472008 5.04335165 365.41018677
v -18.14472008 14.09335041 365.40597534
v -4.86971951 27.16834831 365.39987183
v 4.18028021 27.16834831 365.39987183
v -4.86971951 21.56834984 365.40246582
v 4.18028021 21.56834984 365.40246582
v -12.81971931 27.16834831 365.39987183
v -12.81971931 22.04335022 365.40225220
v -13.04471970 27.16834831 365.39987183
v -17.40097046 22.04335022 365.40225220
v 17.45528030 -11.95664692 365.41812134
v 11.85527992 -11.95664692 365.41812134
v 17.45528030 -2.90664768 365.41390991
v 11.85527992 -2.90664768 365.41390991
v 17.45528030 5.04335165 365.41018677
v 11.85527992 5.04335165 365.41018677
v 17.45528030 14.09335041 365.40597534
v 11.85527992 14.09335041 365.40597534
v 12.13028049 27.16834831 365.39987183
v 12.35527992 27.16834831 365.39987183
v 12.13028049 22.04335022 365.40225220
v 16.71153069 22.04335022 365.40225220
v -13.04471970 -23.43164444 365.42349243
v -16.04096985 -19.90664482 365.42184448
v 11.85527992 -19.90664482 365.42184448
v 15.35153008 -19.90664482 365.42184448
v 11.85527992 -21.43164635 365.42254639
v 11.78713226 -21.94928360 365.42279053
v 12.35527992 -23.43164444 365.42349243
v 11.58733082 -22.43164635 365.42300415
v 11.26949406 -22.84585953 365.42321777
v 10.85527992 -23.16369629 365.42333984
v 10.37291813 -23.36349678 365.42346191
v 9.85527992 -23.43164444 365.42349243
v -18.14472008 -11.95781326 362.91812134
v -18.14472008 15.59311676 364.90527344
v -18.14472008 20.54311562 364.90295410
v -18.14472008 21.16928291 367.40264893
v -18.14472008 21.16718292 362.90264893
v -18.14472008 15.59218311 362.90527344
v -18.14472008 14.09218311 362.90597534
v -18.14472008 -17.43071175 367.42068481
v -18.14472008 5.04218435 362.91018677
v -18.14472008 3.54311824 364.91088867
v -18.14472008 -1.40688121 364.91320801
v -18.14472008 -2.90781474 362.91390991
v -18.14472008 -1.40781486 362.91320801
v -18.14472008 3.54218459 362.91088867
v -18.14472008 -13.45687962 364.91882324
v -18.14472008 -17.43187904 364.92068481
v -18.14472008 -13.45781326 362.91882324
v -18.14472008 20.54218292 362.90295410
v 16.62652969 -18.40687943 364.92114258
v 15.56961060 -16.92510605 364.92044067
v 17.45528030 -17.43187904 364.92068481
v 15.84257030 -16.57440758 364.92028809
v 15.98686790 -16.15408134 364.92007446
v 13.22633839 -18.40687943 364.92114258
v 14.76676273 -17.27726936 364.92059326
v 15.19756889 -17.16817284 364.92056274
v 11.79739666 -15.93188000 364.91998291
v 13.58994102 -16.76106644 364.92037964
v 13.91690063 -17.06205368 364.92050171
v 14.32387447 -17.24057007 364.92059326
v 13.22633839 -13.45687962 364.91882324
v 13.58994102 -15.10269260 364.91958618
v 13.37842751 -15.49353504 364.91976929
v 13.30528069 -15.93188000 364.91998291
v 17.45528030 -13.45687962 364.91882324
v 14.76676273 -14.58649063 364.91934204
v 14.32387447 -14.62318897 364.91937256
v 13.91690063 -14.80170536 364.91946411
v 15.98686790 -15.70967674 364.91986084
v 15.84257030 -15.28935051 364.91967773
v 15.56961060 -14.93865204 364.91952515
v 13.37842751 -16.37022400 364.92019653
v 15.19756889 -14.69558525 364.91940308
v 17.45528030 -1.40688121 364.91320801
v 15.98686790 0.84591591 364.91213989
v 17.45528030 3.54311824 364.91088867
v 15.98686790 1.29032123 364.91192627
v 15.84257030 1.71064746 364.91174316
v 13.22633839 -1.40688121 364.91320801
v 14.76676273 -0.27727035 364.91265869
v 15.19756889 -0.16817528 364.91262817
v 15.56961060 0.07489140 364.91250610
v 11.79739666 1.06811857 364.91204834
v 13.58994102 0.23893151 364.91241455
v 13.91690063 -0.06205605 364.91256714
v 14.32387447 -0.24057165 364.91265869
v 13.22633839 3.54311824 364.91088867
v 13.58994102 1.89730561 364.91165161
v 13.37842751 1.50646281 364.91183472
v 13.30528069 1.06811857 364.91204834
v 14.76676273 2.41350746 364.91140747
v 14.32387447 2.37680888 364.91143799
v 13.91690063 2.19829321 364.91149902
v 13.37842751 0.62977433 364.91223145
v 15.84257030 0.42558965 364.91235352
v 15.56961060 2.06134582 364.91159058
v 15.19756889 2.30441236 364.91146851
v 10.63028049 27.16811562 364.89987183
v 8.26676273 25.71350479 364.90054321
v 5.68028021 27.16811562 364.89987183
v 7.82387495 25.67680550 364.90054321
v 7.41690016 25.49829102 364.90063477
v 10.63028049 22.93917465 364.90182495
v 9.48686790 24.59031868 364.90106201
v 9.34257030 25.01064491 364.90087891
v 9.06961060 25.36134338 364.90069580
v 8.15528011 21.51023293 364.90249634
v 8.69756889 23.13182259 364.90173340
v 9.06961060 23.37488937 364.90164185
v 9.34257030 23.72558784 364.90145874
v 5.68028021 22.93917465 364.90182495
v 7.41690016 23.23794174 364.90170288
v 7.82387495 23.05942535 364.90176392
v 8.26676273 23.02272797 364.90179443
v 6.87842703 24.80645943 364.90097046
v 6.80528021 24.36811638 364.90115356
v 6.87842703 23.92977142 364.90136719
v 7.08994055 23.53892899 364.90155029
v 9.48686790 24.14591408 364.90127563
v 8.69756889 25.60441017 364.90057373
v 7.08994055 25.19730377 364.90078735
v -6.36971951 27.16811562 364.89987183
v -8.73323727 25.71350479 364.90054321
v -11.31971931 27.16811562 364.89987183
v -9.17612553 25.67680550 364.90054321
v -9.58309937 25.49829102 364.90063477
v -6.36971951 22.93917465 364.90182495
v -7.51313210 24.59031868 364.90106201
v -7.65743017 25.01064491 364.90087891
v -7.93038940 25.36134338 364.90069580
v -8.84471989 21.51023293 364.90249634
v -8.30243111 23.13182259 364.90173340
v -7.93038940 23.37488937 364.90164185
v -7.65743017 23.72558784 364.90145874
v -11.31971931 22.93917465 364.90182495
v -9.58309937 23.23794174 364.90170288
v -9.17612553 23.05942535 364.90176392
v -8.73323727 23.02272797 364.90179443
v -10.12157249 24.80645943 364.90097046
v -10.19471931 24.36811638 364.90115356
v -10.12157249 23.92977142 364.90136719
v -9.91005898 23.53892899 364.90155029
v -7.51313210 24.14591408 364.90127563
v -8.30243111 25.60441017 364.90057373
v -9.91005898 25.19730377 364.90078735
v -16.69471931 18.06811714 364.90411377
v -16.62157249 17.62977219 364.90429688
v -16.41005898 17.23892975 364.90447998
v -13.91577816 20.54311562 364.90295410
v -15.67612553 19.37680626 364.90350342
v -16.08309937 19.19829178 364.90356445
v -16.41005898 18.89730453 364.90371704
v -12.48683548 18.06811714 364.90411377
v -14.15742970 18.71064568 364.90380859
v -14.43038940 19.06134415 364.90365601
v -14.80243111 19.30441093 364.90353394
v -13.91577816 15.59311676 364.90527344
v -14.15742970 17.42558861 364.90441895
v -14.01313210 17.84591484 364.90420532
v -14.01313210 18.29031944 364.90399170
v -15.67612553 16.75942612 364.90472412
v -15.23323727 16.72272873 364.90472412
v -14.80243111 16.83182335 364.90469360
v -16.08309937 16.93794250 364.90463257
v -14.43038940 17.07489014 364.90457153
v -15.23323727 19.41350555 364.90347290
v -16.62157249 18.50646019 364.90390015
v -16.69471931 1.06811857 364.91204834
v -16.62157249 0.62977433 364.91223145
v -16.41005898 0.23893151 364.91241455
v -13.91577816 3.54311824 364.91088867
v -15.67612553 2.37680888 364.91143799
v -16.08309937 2.19829321 364.91149902
v -16.41005898 1.89730561 364.91165161
v -12.48683548 1.06811857 364.91204834
v -14.15742970 1.71064746 364.91174316
v -14.43038940 2.06134582 364.91159058
v -14.80243111 2.30441236 364.91146851
v -13.91577816 -1.40688121 364.91320801
v -14.15742970 0.42558965 364.91235352
v -14.01313210 0.84591591 364.91213989
v -14.01313210 1.29032123 364.91192627
v -15.67612553 -0.24057165 364.91265869
v -15.23323727 -0.27727035 364.91265869
v -14.80243111 -0.16817528 364.91262817
v -16.08309937 -0.06205605 364.91256714
v -14.43038940 0.07489140 364.91250610
v -15.23323727 2.41350746 364.91140747
v -16.62157249 1.50646281 364.91183472
v -16.41005898 -16.76106644 364.92037964
v -17.31596947 -18.40687943 364.92114258
v -16.08309937 -17.06205368 364.92050171
v -15.67612553 -17.24057007 364.92059326
v -16.69471931 -15.93188000 364.91998291
v -16.62157249 -16.37022400 364.92019653
v -13.91577816 -13.45687962 364.91882324
v -15.67612553 -14.62318897 364.91937256
v -16.08309937 -14.80170536 364.91946411
v -16.41005898 -15.10269260 364.91958618
v -12.48683548 -15.93188000 364.91998291
v -14.15742970 -15.28935051 364.91967773
v -14.43038940 -14.93865204 364.91952515
v -14.80243111 -14.69558525 364.91940308
v -13.91577816 -18.40687943 364.92114258
v -14.15742970 -16.57440758 364.92028809
v -14.01313210 -16.15408134 364.92007446
v -14.01313210 -15.70967674 364.91986084
v -15.23323727 -17.27726936 364.92059326
v -14.80243111 -17.16817284 364.92056274
v -14.43038940 -16.92510605 364.92044067
v -15.23323727 -14.58649063 364.91934204
v -16.62157249 -15.49353504 364.91976929
v 17.45528030 15.59311676 364.90527344
v 15.98686790 17.84591484 364.90420532
v 17.45528030 20.54311562 364.90295410
v 15.98686790 18.29031944 364.90399170
v 15.84257030 18.71064568 364.90380859
v 13.22633839 15.59311676 364.90527344
v 14.76676273 16.72272873 364.90472412
v 15.19756889 16.83182335 364.90469360
v 15.56961060 17.07489014 364.90457153
v 11.79739666 18.06811714 364.90411377
v 13.58994102 17.23892975 364.90447998
v 13.91690063 16.93794250 364.90463257
v 14.32387447 16.75942612 364.90472412
v 13.22633839 20.54311562 364.90295410
v 13.58994102 18.89730453 364.90371704
v 13.37842751 18.50646019 364.90390015
v 13.30528069 18.06811714 364.90411377
v 14.76676273 19.41350555 364.90347290
v 14.32387447 19.37680626 364.90350342
v 13.91690063 19.19829178 364.90356445
v 13.37842751 17.62977219 364.90429688
v 15.84257030 17.42558861 364.90441895
v 15.56961060 19.06134415 364.90365601
v 15.19756889 19.30441093 364.90353394
v 17.45528030 -17.43071175 367.42068481
v 15.35153008 -19.90781212 362.92184448
v 12.35527992 -23.43071175 367.42349243
v 16.62652969 -18.40781212 362.92114258
v 13.22633839 -18.40781212 362.92114258
v 11.85527992 -16.03307152 362.92001343
v 11.79739666 -15.93281364 362.91998291
v -13.91577816 -13.45781326 362.91882324
v -13.91577816 -18.40781212 362.92114258
v -16.04096985 -19.90781212 362.92184448
v -17.31596947 -18.40781212 362.92114258
v -13.91577816 3.54218459 362.91088867
v -13.91577816 -1.40781486 362.91320801
v -6.36971951 27.16718292 362.89987183
v -4.86971951 27.16718292 362.89987183
v -6.36971951 22.93824005 362.90182495
v -4.86971951 21.56718254 362.90246582
v -8.74446201 21.56718254 362.90246582
v 11.85527992 -19.90781212 362.92184448
v 11.85527992 -15.83255577 362.91992188
v 11.85527992 -11.95781326 362.91812134
v 13.22633839 -13.45781326 362.91882324
v 17.45528030 -11.95781326 362.91812134
v 17.45528030 -13.45781326 362.91882324
v 17.45528030 -1.40781486 362.91320801
v 17.45528030 -2.90781474 362.91390991
v 13.22633839 -1.40781486 362.91320801
v 11.85527992 -2.90781474 362.91390991
v 11.85527992 0.96692717 362.91207886
v 11.85527992 1.16744268 362.91198730
v 11.85527992 5.04218435 362.91018677
v 13.22633839 3.54218459 362.91088867
v 17.45528030 5.04218435 362.91018677
v 17.45528030 3.54218459 362.91088867
v 8.05502224 21.56718254 362.90246582
v 4.18028021 21.56718254 362.90246582
v 5.68028021 22.93824005 362.90182495
v 4.18028021 27.16718292 362.89987183
v 5.68028021 27.16718292 362.89987183
v 11.25528049 17.96718216 362.90414429
v 11.85522461 17.96715164 362.90414429
v 11.85527992 14.09218311 362.90597534
v 13.22633839 15.59218311 362.90527344
v 17.45528030 14.09218311 362.90597534
v 17.45528030 15.59218311 362.90527344
v 11.85527992 5.16718435 362.91012573
v 11.25528049 5.16718435 362.91012573
v -13.91577816 15.59218311 362.90527344
v -11.94471931 17.96718216 362.90414429
v -11.94471931 5.16718435 362.91012573
v 8.25553799 21.56718254 362.90246582
v 10.63028049 22.93824005 362.90182495
v 9.85527992 21.56718254 362.90246582
v 10.37291813 21.49903488 362.90249634
v 10.85527992 21.29923439 362.90258789
v 12.13028049 22.04218292 362.90225220
v 11.26949406 20.98139572 362.90274048
v 11.58733082 20.56718254 362.90292358
v 13.22633839 20.54218292 362.90295410
v 11.78713226 20.08482170 362.90316772
v 11.85527992 19.56718254 362.90341187
v 11.85527992 18.16744041 362.90405273
v 10.63028049 27.16718292 362.89987183
v 12.13028049 27.16718292 362.89987183
v 16.71153069 22.04218292 362.90225220
v 17.45528030 20.54218292 362.90295410
v 17.45528030 21.16718292 362.90264893
v -13.91577816 20.54218292 362.90295410
v -12.47657108 20.08482170 362.90316772
v -12.27677059 20.56718254 362.90292358
v -12.81971931 22.04218292 362.90225220
v -11.95893288 20.98139572 362.90274048
v -11.54471970 21.29923439 362.90258789
v -11.31971931 22.93824005 362.90182495
v -11.06235790 21.49903488 362.90249634
v -10.54471970 21.56718254 362.90246582
v -8.94497776 21.56718254 362.90246582
v -17.40097046 22.04218292 362.90225220
v -12.81971931 27.16718292 362.89987183
v -11.31971931 27.16718292 362.89987183
v -12.48683548 -15.93281364 362.91998291
v 11.79739666 1.06718493 362.91204834
v 8.15528011 21.50929832 362.90249634
v -8.84471989 21.50929832 362.90249634
v -12.48683548 1.06718493 362.91204834
v 11.79739666 18.06718254 362.90411377
v -12.48683548 18.06718254 362.90411377
v 11.85527992 -21.44378281 339.42254639
v 11.85527992 -19.91761589 341.92184448
v 11.85527992 -19.91878319 339.42184448
v 11.85527992 -16.04287529 341.92001343
v 11.85527992 -15.84235859 341.91992188
v 11.85527992 -11.96761703 341.91812134
v 11.85527992 4.31181574 351.41052246
v 11.85527992 5.16181564 351.41012573
v 11.85527992 -11.96878433 339.41812134
v 11.85527992 -2.91878533 339.41390991
v 11.85527992 -2.91761827 341.91390991
v 11.85527992 0.95712364 341.91207886
v 11.85527992 1.15763915 341.91198730
v 11.85527992 4.30738115 341.91052246
v 11.85527992 18.80737877 341.90374756
v 11.85527992 19.55737877 341.90341187
v 11.85527992 18.81181526 351.40374756
v 11.85527992 17.96181488 351.40414429
v 11.85527992 18.57010078 369.15386963
v 11.85527992 -20.42989540 369.17208862
v 11.85527992 18.56928444 367.40386963
v 11.85527992 -20.43071175 367.42208862
v 11.85526848 15.55469513 336.15527344
v 11.85527992 15.55527878 337.40527344
v 11.85526562 -17.44530487 336.17083740
v 11.85527992 -17.44471741 337.42068481
v 10.37291813 -23.36754227 356.75677490
v 9.85527992 -23.44378281 339.42349243
v 10.37291813 -23.37158966 348.09011841
v 10.37291813 -23.37563515 339.42346191
v 10.85527992 -23.17178726 348.09002686
v 10.85527992 -23.17583466 339.42337036
v 11.26949406 -22.85395050 348.08987427
v 11.26949406 -22.85799599 339.42321777
v 11.58733082 -22.43973732 348.08969116
v 11.58733082 -22.44378281 339.42300415
v 11.78713226 -21.95737457 348.08944702
v 11.78713226 -21.96142197 339.42279053
v 11.78713226 -21.95332909 356.75613403
v 11.58733082 -22.43569183 356.75634766
v 11.26949406 -22.84990501 356.75653076
v 10.85527992 -23.16774178 356.75668335
v -18.14472008 -11.96878433 339.41812134
v -18.14472008 -2.91878533 339.41390991
v -4.86971951 21.55621147 339.40246582
v 4.18028021 21.55621147 339.40246582
v -4.86971951 27.15621185 339.39987183
v 4.18028021 27.15621185 339.39987183
v -12.81971931 27.15621185 339.39987183
v -13.04471970 27.15621185 339.39987183
v -12.81971931 22.03121185 339.40225220
v -17.40097046 22.03121185 339.40225220
v 17.45528030 -11.96878433 339.41812134
v 17.45528030 -2.91878533 339.41390991
v 16.71153069 22.03121185 339.40225220
v 12.35527992 27.15621185 339.39987183
v 12.13028049 22.03121185 339.40225220
v 12.13028049 27.15621185 339.39987183
v -17.14472008 14.08121300 339.40597534
v -18.14472008 14.08121300 339.40597534
v -17.14472008 5.03121376 339.41018677
v -18.14472008 5.03121376 339.41018677
v 16.45528030 5.03121376 339.41018677
v 17.45528030 5.03121376 339.41018677
v 16.45528030 14.08121300 339.40597534
v 17.45528030 14.08121300 339.40597534
v -16.04096985 -19.91878319 339.42184448
v -13.04471970 -23.44378281 339.42349243
v 12.35527992 -23.44378281 339.42349243
v 15.35153008 -19.91878319 339.42184448
v -18.14472008 -11.96761703 341.91812134
v 8.05502224 21.55737877 341.90246582
v 5.68028021 22.92843628 341.90182495
v 4.18028021 21.55737877 341.90246582
v 4.18028021 27.15737915 341.89987183
v 5.68028021 27.15737915 341.89987183
v 17.45528030 -1.41761839 341.91320801
v 13.22633839 -1.41761839 341.91320801
v 17.45528030 -2.91761827 341.91390991
v 13.22633839 -13.46761703 341.91882324
v 17.45528030 -11.96761703 341.91812134
v 17.45528030 -13.46761703 341.91882324
v 16.62652969 -18.41761589 341.92114258
v 13.22633839 -18.41761589 341.92114258
v 15.35153008 -19.91761589 341.92184448
v -6.36971951 27.15737915 341.89987183
v -6.36971951 22.92843628 341.90182495
v -4.86971951 27.15737915 341.89987183
v -4.86971951 21.55737877 341.90246582
v -8.74446201 21.55737877 341.90246582
v -13.91577816 -1.41761839 341.91320801
v -18.14472008 -2.91761827 341.91390991
v -18.14472008 -1.41761839 341.91320801
v -13.91577816 -18.41761589 341.92114258
v -16.04096985 -19.91761589 341.92184448
v -17.31596947 -18.41761589 341.92114258
v -18.14472008 -13.46761703 341.91882324
v -13.91577816 -13.46761703 341.91882324
v -13.91577816 3.53238106 341.91088867
v -17.14472008 4.30738115 341.91052246
v -18.14472008 3.53238106 341.91088867
v -18.14472008 5.03238106 341.91018677
v -17.14472008 5.03238106 341.91018677
v 16.45528030 5.03238106 341.91018677
v 16.45528030 4.30738115 341.91052246
v 17.45528030 5.03238106 341.91018677
v 17.45528030 3.53238106 341.91088867
v 13.22633839 3.53238106 341.91088867
v -17.14472008 15.58237934 341.90527344
v -18.14472008 15.58237934 341.90527344
v -17.14472008 14.08238029 341.90597534
v -18.14472008 14.08238029 341.90597534
v 16.45528030 14.08238029 341.90597534
v 17.45528030 14.08238029 341.90597534
v 16.45528030 15.58237934 341.90527344
v 17.45528030 15.58237934 341.90527344
v 12.23040962 18.80737877 341.90374756
v 13.22633839 20.53237915 341.90295410
v 11.78713226 20.07501793 341.90316772
v 11.58733082 20.55737877 341.90295410
v 12.13028049 22.03237915 341.90225220
v 11.26949406 20.97159195 341.90274048
v 10.85527992 21.28943062 341.90258789
v 10.63028049 22.92843628 341.90182495
v 10.37291813 21.48923111 341.90249634
v 9.85527992 21.55737877 341.90246582
v 8.25553799 21.55737877 341.90246582
v 16.71153069 22.03237915 341.90225220
v 17.45528030 20.53237915 341.90295410
v 17.45528030 21.15737915 341.90264893
v 12.13028049 27.15737915 341.89987183
v 10.63028049 27.15737915 341.89987183
v -8.94497776 21.55737877 341.90246582
v -11.31971931 22.92843628 341.90182495
v -10.54471970 21.55737877 341.90246582
v -11.06235790 21.48923111 341.90249634
v -11.54471970 21.28943062 341.90258789
v -12.81971931 22.03237915 341.90225220
v -11.95893288 20.97159195 341.90274048
v -12.27677059 20.55737877 341.90295410
v -13.91577816 20.53237915 341.90295410
v -12.47657108 20.07501793 341.90316772
v -12.91984844 18.80737877 341.90374756
v -11.31971931 27.15737915 341.89987183
v -12.81971931 27.15737915 341.89987183
v -17.40097046 22.03237915 341.90225220
v -18.14472008 20.53237915 341.90295410
v -18.14472008 21.15737915 341.90264893
v 5.68028021 22.92750359 339.90182495
v 8.15528011 21.49856186 339.90249634
v 8.15528011 21.49949455 341.90249634
v 5.68028021 27.15644455 339.89987183
v 10.63028049 27.15644455 339.89987183
v -11.31971931 27.15644455 339.89987183
v -6.36971951 27.15644455 339.89987183
v 17.45528030 15.58144569 339.90527344
v 14.76676273 16.71105766 339.90472412
v 13.22633839 15.58144569 339.90527344
v 14.32387447 16.74775505 339.90472412
v 13.91690063 16.92627144 339.90463257
v 17.45528030 20.53144646 339.90295410
v 15.98686790 17.83424377 339.90420532
v 15.84257030 17.41391754 339.90441895
v 15.56961060 17.06321907 339.90457153
v 13.22633839 20.53144646 339.90295410
v 14.76676273 19.40183449 339.90347290
v 15.19756889 19.29273987 339.90353394
v 15.56961060 19.04967308 339.90365601
v 11.79739666 18.05644608 339.90411377
v 13.58994102 18.88563347 339.90371704
v 13.91690063 19.18662071 339.90359497
v 14.32387447 19.36513519 339.90350342
v 13.58994102 17.22725868 339.90447998
v 13.37842751 17.61810112 339.90432739
v 13.30528069 18.05644608 339.90411377
v 13.37842751 18.49479103 339.90390015
v 15.84257030 18.69897461 339.90380859
v 15.98686790 18.27864838 339.90399170
v 15.19756889 16.82015228 339.90469360
v -13.91577816 20.53144646 339.90295410
v -14.15742970 18.69897461 339.90380859
v -12.48683548 18.05644608 339.90411377
v -14.01313210 18.27864838 339.90399170
v -14.01313210 17.83424377 339.90420532
v -18.14472008 20.53144646 339.90295410
v -15.67612553 19.36513519 339.90350342
v -15.23323727 19.40183449 339.90347290
v -14.80243111 19.29273987 339.90353394
v -18.14472008 15.58144569 339.90527344
v -16.69471931 18.05644608 339.90411377
v -16.62157249 18.49479103 339.90390015
v -16.41005898 18.88563347 339.90371704
v -13.91577816 15.58144569 339.90527344
v -15.67612553 16.74775505 339.90472412
v -16.08309937 16.92627144 339.90463257
v -16.41005898 17.22725868 339.90447998
v -14.15742970 17.41391754 339.90441895
v -14.43038940 17.06321907 339.90457153
v -14.80243111 16.82015228 339.90469360
v -16.08309937 19.18662071 339.90359497
v -14.43038940 19.04967308 339.90365601
v -15.23323727 16.71105766 339.90472412
v -16.62157249 17.61810112 339.90432739
v 17.45528030 -17.44355011 339.92068481
v 15.56961060 -16.93677711 339.92044067
v 16.62652969 -18.41855049 339.92114258
v 15.19756889 -17.17984390 339.92056274
v 14.76676273 -17.28893852 339.92059326
v 17.45528030 -13.46855068 339.91882324
v 15.98686790 -15.72134781 339.91989136
v 15.98686790 -16.16575241 339.92007446
v 15.84257030 -16.58607864 339.92028809
v 13.22633839 -13.46855068 339.91882324
v 14.76676273 -14.59816170 339.91934204
v 15.19756889 -14.70725632 339.91940308
v 15.56961060 -14.95032310 339.91952515
v 11.79739666 -15.94355011 339.91998291
v 13.58994102 -15.11436367 339.91958618
v 13.91690063 -14.81337547 339.91946411
v 14.32387447 -14.63486004 339.91937256
v 13.22633839 -18.41855049 339.92114258
v 13.58994102 -16.77273750 339.92037964
v 13.37842751 -16.38189507 339.92019653
v 13.30528069 -15.94355011 339.91998291
v 14.32387447 -17.25224113 339.92059326
v 13.91690063 -17.07372475 339.92050171
v 13.37842751 -15.50520611 339.91976929
v 15.84257030 -15.30102158 339.91967773
v 17.45528030 3.53144741 339.91088867
v 15.98686790 0.83424503 339.91213989
v 17.45528030 -1.41855204 339.91320801
v 15.84257030 0.41391879 339.91235352
v 15.56961060 0.06322053 339.91250610
v 13.22633839 3.53144741 339.91088867
v 14.76676273 2.40183663 339.91140747
v 15.19756889 2.29274154 339.91146851
v 15.56961060 2.04967499 339.91159058
v 11.79739666 1.05644774 339.91204834
v 13.58994102 1.88563478 339.91165161
v 13.91690063 2.18662238 339.91152954
v 14.32387447 2.36513782 339.91143799
v 13.22633839 -1.41855204 339.91320801
v 13.58994102 0.22726063 339.91244507
v 13.37842751 0.61810344 339.91226196
v 13.30528069 1.05644774 339.91204834
v 14.76676273 -0.28894123 339.91265869
v 14.32387447 -0.25224251 339.91265869
v 13.91690063 -0.07372692 339.91256714
v 13.37842751 1.49479198 339.91183472
v 15.84257030 1.69897664 339.91174316
v 15.98686790 1.27865040 339.91192627
v 15.19756889 -0.17984615 339.91262817
v 8.26676273 25.70183372 339.90054321
v 8.69756889 25.59273911 339.90060425
v 9.06961060 25.34967232 339.90069580
v 6.87842703 24.79479027 339.90097046
v 7.08994055 25.18563271 339.90078735
v 7.41690016 25.48661995 339.90063477
v 7.41690016 23.22627068 339.90170288
v 7.08994055 23.52725792 339.90155029
v 6.87842703 23.91810036 339.90136719
v 10.63028049 22.92750359 339.90182495
v 8.69756889 23.12015152 339.90173340
v 8.26676273 23.01105690 339.90179443
v 7.82387495 23.04775429 339.90176392
v 9.48686790 24.57864761 339.90106201
v 9.48686790 24.13424301 339.90127563
v 9.34257030 23.71391678 339.90145874
v 6.80528021 24.35644531 339.90115356
v 7.82387495 25.66513443 339.90054321
v 9.34257030 24.99897385 339.90087891
v 9.06961060 23.36321831 339.90164185
v -8.73323727 25.70183372 339.90054321
v -8.30243111 25.59273911 339.90060425
v -7.93038940 25.34967232 339.90069580
v -11.31971931 22.92750359 339.90182495
v -10.12157249 24.79479027 339.90097046
v -9.91005898 25.18563271 339.90078735
v -9.58309937 25.48661995 339.90063477
v -8.84471989 21.49856186 339.90249634
v -9.58309937 23.22627068 339.90170288
v -9.91005898 23.52725792 339.90155029
v -10.12157249 23.91810036 339.90136719
v -6.36971951 22.92750359 339.90182495
v -8.30243111 23.12015152 339.90173340
v -8.73323727 23.01105690 339.90179443
v -9.17612553 23.04775429 339.90176392
v -7.51313210 24.57864761 339.90106201
v -7.51313210 24.13424301 339.90127563
v -7.65743017 23.71391678 339.90145874
v -10.19471931 24.35644531 339.90115356
v -9.17612553 25.66513443 339.90054321
v -7.65743017 24.99897385 339.90087891
v -7.93038940 23.36321831 339.90164185
v -18.14472008 -1.41855204 339.91320801
v -16.69471931 1.05644774 339.91204834
v -18.14472008 3.53144741 339.91088867
v -16.62157249 1.49479198 339.91183472
v -16.41005898 1.88563478 339.91165161
v -13.91577816 -1.41855204 339.91320801
v -15.67612553 -0.25224251 339.91265869
v -16.08309937 -0.07372692 339.91256714
v -16.41005898 0.22726063 339.91244507
v -12.48683548 1.05644774 339.91204834
v -14.15742970 0.41391879 339.91235352
v -14.43038940 0.06322053 339.91250610
v -14.80243111 -0.17984615 339.91262817
v -13.91577816 3.53144741 339.91088867
v -14.15742970 1.69897664 339.91174316
v -14.01313210 1.27865040 339.91192627
v -14.01313210 0.83424503 339.91213989
v -15.67612553 2.36513782 339.91143799
v -15.23323727 2.40183663 339.91140747
v -14.80243111 2.29274154 339.91146851
v -16.08309937 2.18662238 339.91152954
v -14.43038940 2.04967499 339.91159058
v -15.23323727 -0.28894123 339.91265869
v -16.62157249 0.61810344 339.91226196
v -18.14472008 -17.44355011 339.92068481
v -16.69471931 -15.94355011 339.91998291
v -18.14472008 -13.46855068 339.91882324
v -16.62157249 -15.50520611 339.91976929
v -16.41005898 -15.11436367 339.91958618
v -17.31596947 -18.41855049 339.92114258
v -16.41005898 -16.77273750 339.92037964
v -16.62157249 -16.38189507 339.92019653
v -13.91577816 -18.41855049 339.92114258
v -15.23323727 -17.28893852 339.92059326
v -15.67612553 -17.25224113 339.92059326
v -16.08309937 -17.07372475 339.92050171
v -12.48683548 -15.94355011 339.91998291
v -14.15742970 -16.58607864 339.92028809
v -14.43038940 -16.93677711 339.92044067
v -14.80243111 -17.17984390 339.92056274
v -13.91577816 -13.46855068 339.91882324
v -14.15742970 -15.30102158 339.91967773
v -14.01313210 -15.72134781 339.91989136
v -14.01313210 -16.16575241 339.92007446
v -15.67612553 -14.63486004 339.91937256
v -15.23323727 -14.59816170 339.91934204
v -14.80243111 -14.70725632 339.91940308
v -16.08309937 -14.81337547 339.91946411
v -14.43038940 -14.95032310 339.91952515
v 13.22633839 15.58237934 341.90527344
v -17.14472008 18.80737877 341.90374756
v -13.91577816 15.58237934 341.90527344
v -12.48683548 18.05737877 341.90411377
v 16.45528030 18.80737877 341.90374756
v 11.79739666 18.05737877 341.90411377
v -17.14472008 18.81181526 351.40374756
v -17.14472008 4.31181574 351.41052246
v -16.89472008 17.77181435 351.40423584
v -12.17471981 17.77181435 351.40423584
v -11.94471931 17.96181488 351.40414429
v -12.17471981 5.35181570 351.41003418
v -11.94471931 5.16181564 351.41012573
v -16.89472008 5.35181570 351.41003418
v 16.45528030 18.81181526 351.40374756
v 16.20528030 17.77181435 351.40423584
v 11.48528004 17.77181435 351.40423584
v 11.25528049 17.96181488 351.40414429
v 11.48528004 5.35181570 351.41003418
v 11.25528049 5.16181564 351.41012573
v 16.20528030 5.35181570 351.41003418
v 16.45528030 4.31181574 351.41052246
v 17.45528030 -17.44471741 337.42068481
v 17.45528030 21.15527916 337.40264893
v 11.79739666 -15.94261646 341.91998291
v 11.79739666 1.05738139 341.91204834
v -8.84471989 21.49949455 341.90249634
v -12.48683548 1.05738139 341.91204834
v -12.48683548 -15.94261646 341.91998291
v -9.54471970 21.57010078 369.15246582
v 8.85527992 21.57010078 369.15246582
v -9.54471970 21.56928253 367.40246582
v 8.85527992 21.56928253 367.40246582
v -6.49471951 21.55468369 336.15246582
v -6.49471951 21.55527878 337.40246582
v 5.80528355 21.55468941 336.15261841
v 5.80528021 21.55527878 337.40246582
v 11.78713226 20.07991982 352.40316772
v 11.58733082 20.56228065 352.40295410
v 11.26949406 20.97649384 352.40274048
v 10.85527992 21.29433250 352.40258789
v 10.37291813 21.49413300 352.40249634
v 12.35527992 27.16928291 367.39984131
v -13.04471970 27.16928291 367.39984131
v 17.45528030 21.16928291 367.40264893
v 8.85527992 -23.43071175 367.42349243
v 9.52284336 -23.35549545 367.42343140
v 10.15693188 -23.13361740 367.42333984
v 10.72574997 -22.77620697 367.42318726
v 11.20077515 -22.30118179 367.42294312
v 11.55818653 -21.73236275 367.42269897
v 11.78006363 -21.09827423 367.42239380
v 14.76676273 -17.27610207 367.42059326
v 14.32387447 -17.23940277 367.42059326
v 15.19756889 -17.16700554 367.42056274
v 15.56961060 -16.92393875 367.42044067
v 15.84257030 -16.57324219 367.42028809
v 15.98686790 -16.15291595 367.42007446
v 15.98686790 -15.70850945 367.41986084
v 15.84257030 -15.28818321 367.41967773
v 15.84257030 0.42675674 367.41235352
v 15.56961060 -14.93748569 367.41952515
v 15.56961060 0.07605849 367.41250610
v 15.19756889 -14.69441891 367.41940308
v 15.19756889 -0.16700819 367.41262817
v 14.76676273 -14.58532333 367.41934204
v 14.76676273 -0.27610326 367.41265869
v 14.32387447 -0.23940456 367.41265869
v 15.98686790 1.29148829 367.41192627
v 15.98686790 0.84708297 367.41213989
v 14.76676273 19.41467285 367.40347290
v 15.19756889 19.30557823 367.40353394
v 15.56961060 19.06251144 367.40365601
v -8.73323727 25.71467209 367.40054321
v 7.82387495 25.67797279 367.40054321
v 8.26676273 25.71467209 367.40054321
v -15.23323727 19.41467285 367.40347290
v -14.80243111 19.30557823 367.40353394
v -11.89021397 20.43975258 367.40298462
v -12.24762630 19.87093544 367.40325928
v -14.43038940 19.06251144 367.40365601
v -12.46950340 19.23684692 367.40356445
v -14.15742970 18.71181297 367.40380859
v -14.01313210 18.29148674 367.40399170
v -14.01313210 17.84708023 367.40420532
v -16.69471931 1.06928563 367.41204834
v -16.62157249 1.50762987 367.41183472
v -16.62157249 17.63093948 367.40429688
v -16.41005898 1.89847279 367.41165161
v -16.41005898 17.24009705 367.40447998
v -16.08309937 2.19946027 367.41149902
v -16.08309937 16.93910980 367.40463257
v -15.67612553 2.37797594 367.41143799
v -15.67612553 16.76059341 367.40472412
v -15.23323727 2.41467452 367.41140747
v -15.23323727 16.72389412 367.40472412
v -14.80243111 16.83299065 367.40469360
v -14.80243111 2.30557942 367.41146851
v -14.43038940 17.07605743 367.40457153
v -14.43038940 2.06251287 367.41159058
v -14.15742970 1.71181452 367.41174316
v -14.01313210 1.29148829 367.41192627
v -13.04471970 -23.43071175 367.42349243
v -15.67612553 -17.23940277 367.42059326
v -16.08309937 -17.06088638 367.42050171
v -16.41005898 -16.75989914 367.42034912
v -9.54471970 -23.43071175 367.42349243
v -10.21228218 -23.35549545 367.42343140
v -10.84637070 -23.13361740 367.42333984
v -11.41518879 -22.77620697 367.42318726
v -11.89021397 -22.30118179 367.42294312
v -12.24762630 -21.73236275 367.42269897
v -12.46950340 -21.09827423 367.42239380
v -15.23323727 -17.27610207 367.42059326
v -14.01313210 0.84708297 367.41213989
v -14.01313210 -15.70850945 367.41986084
v -14.01313210 -16.15291595 367.42007446
v -11.41518879 20.91477776 367.40277100
v -10.19471931 24.36928368 367.40115356
v -10.12157249 24.80762672 367.40097046
v -10.12157249 23.93093872 367.40136719
v -10.84637070 21.27219009 367.40261841
v -9.91005898 23.54009628 367.40155029
v -10.21228218 21.49406624 367.40249634
v -9.58309937 23.23910904 367.40170288
v -9.17612553 23.06059265 367.40176392
v -8.73323727 23.02389336 367.40179443
v -8.30243111 23.13298988 367.40173340
v -7.93038940 23.37605667 367.40164185
v 7.08994055 23.54009628 367.40155029
v 7.41690016 23.23910904 367.40170288
v 7.82387495 23.06059265 367.40176392
v 8.26676273 23.02389336 367.40179443
v 8.69756889 23.13298988 367.40173340
v 9.06961060 23.37605667 367.40164185
v 9.52284336 21.49406624 367.40249634
v 9.34257030 23.72675514 367.40145874
v 10.15693188 21.27219009 367.40261841
v 9.48686790 24.14708138 367.40127563
v 10.72574997 20.91477776 367.40277100
v 11.20077515 20.43975258 367.40298462
v 14.32387447 19.37797356 367.40350342
v 13.91690063 19.19945908 367.40356445
v 11.55818653 19.87093544 367.40325928
v 13.58994102 18.89847183 367.40371704
v 11.78006363 19.23684692 367.40356445
v 13.37842751 18.50762749 367.40390015
v 13.30528069 18.06928444 367.40411377
v 13.37842751 17.63093948 367.40429688
v 13.58994102 17.24009705 367.40447998
v 13.58994102 1.89847279 367.41165161
v 13.91690063 16.93910980 367.40463257
v 13.91690063 2.19946027 367.41149902
v 14.32387447 2.37797594 367.41143799
v 13.30528069 1.06928563 367.41204834
v 13.37842751 1.50762987 367.41183472
v 13.37842751 -16.36905670 367.42019653
v 13.30528069 -15.93071270 367.41998291
v 13.37842751 -15.49236870 367.41976929
v 13.37842751 0.63094145 367.41223145
v 13.58994102 -15.10152531 367.41958618
v 13.58994102 0.24009860 367.41241455
v 13.91690063 -14.80053806 367.41946411
v 13.91690063 -0.06088896 367.41256714
v 14.32387447 -14.62202263 367.41937256
v 13.91690063 -17.06088638 367.42050171
v 13.58994102 -16.75989914 367.42034912
v 14.32387447 16.76059341 367.40472412
v 14.76676273 2.41467452 367.41140747
v 14.76676273 16.72389412 367.40472412
v 15.19756889 16.83299065 367.40469360
v 15.19756889 2.30557942 367.41146851
v 15.56961060 17.07605743 367.40457153
v 15.56961060 2.06251287 367.41159058
v 15.84257030 17.42675400 367.40441895
v 15.84257030 1.71181452 367.41174316
v 6.87842703 24.80762672 367.40097046
v -7.51313210 24.59148598 367.40106201
v 6.80528021 24.36928368 367.40115356
v -7.51313210 24.14708138 367.40127563
v 6.87842703 23.93093872 367.40136719
v -7.65743017 23.72675514 367.40145874
v -7.65743017 25.01181221 367.40084839
v 7.08994055 25.19847107 367.40078735
v -7.93038940 25.36251068 367.40069580
v 7.41690016 25.49945831 367.40063477
v -8.30243111 25.60557747 367.40057373
v 8.69756889 25.60557747 367.40057373
v 9.06961060 25.36251068 367.40069580
v 9.34257030 25.01181221 367.40084839
v 9.48686790 24.59148598 367.40106201
v -16.62157249 -16.36905670 367.42019653
v -16.69471931 -15.93071270 367.41998291
v -16.62157249 -15.49236870 367.41976929
v -16.41005898 -15.10152531 367.41958618
v -16.41005898 0.24009860 367.41241455
v -16.08309937 -14.80053806 367.41946411
v -16.08309937 -0.06088896 367.41256714
v -15.67612553 -14.62202263 367.41937256
v -15.67612553 -0.23940456 367.41265869
v -15.23323727 -14.58532333 367.41934204
v -15.23323727 -0.27610326 367.41265869
v -14.80243111 -0.16700819 367.41262817
v -14.80243111 -14.69441891 367.41940308
v -14.43038940 0.07605849 367.41250610
v -14.43038940 -14.93748569 367.41952515
v -14.15742970 0.42675674 367.41235352
v -14.15742970 -15.28818321 367.41967773
v -14.15742970 -16.57324219 367.42028809
v -14.43038940 -16.92393875 367.42044067
v -14.80243111 -17.16700554 367.42056274
v -16.62157249 0.63094145 367.41223145
v -9.91005898 25.19847107 367.40078735
v -9.58309937 25.49945831 367.40063477
v -9.17612553 25.67797279 367.40054321
v 15.84257030 18.71181297 367.40380859
v 15.98686790 18.29148674 367.40399170
v 15.98686790 17.84708023 367.40420532
v -16.69471931 18.06928444 367.40411377
v -16.62157249 18.50762749 367.40390015
v -16.41005898 18.89847183 367.40371704
v -16.08309937 19.19945908 367.40356445
v -15.67612553 19.37797356 367.40350342
v -14.15742970 17.42675400 367.40441895
v 11.78006363 -21.09745789 369.17239380
v 11.55818653 -21.73154640 369.17269897
v 11.20077515 -22.30036354 369.17294312
v 10.72574997 -22.77538872 369.17318726
v 10.15693188 -23.13280106 369.17333984
v 9.52284336 -23.35467911 369.17343140
v 8.85527992 -23.42989540 369.17349243
v 11.23796368 -20.42946434 370.09594727
v 10.85527992 -20.42942810 370.17208862
v 11.17822456 -20.95966148 370.09619141
v 10.78713131 -20.94706535 370.17233276
v 11.00200367 -21.46327019 370.09643555
v 10.58733082 -21.42942810 370.17254639
v 10.71813679 -21.91504288 370.09664917
v 10.26949406 -21.84364128 370.17272949
v 10.34085941 -22.29232025 370.09683228
v 9.85527992 -22.16147804 370.17288208
v 9.88908768 -22.57618713 370.09695435
v 9.37291813 -22.36127853 370.17297363
v 9.38547707 -22.75240707 370.09704590
v 8.85527992 -22.42942810 370.17300415
v 8.85527992 -22.81214714 370.09707642
v 9.45766830 -23.06879807 369.88040161
v 8.85527992 -23.13667107 369.88046265
v 9.50590515 -23.28028870 369.55609131
v 8.85527992 -23.35359573 369.55612183
v 10.12390423 -23.06404114 369.55599976
v 10.67828941 -22.71569633 369.55581665
v 11.14126110 -22.25272560 369.55560303
v 11.48960495 -21.69833946 369.55535889
v 11.70585251 -21.08034134 369.55505371
v 11.77915955 -20.42971611 369.55474854
v 11.56238747 -20.42956543 369.87918091
v 11.49451447 -21.03195190 369.87945557
v 11.29429913 -21.60413361 369.87973022
v 10.97178173 -22.11741829 369.87997437
v 10.54313374 -22.54606628 369.88015747
v 10.02985001 -22.86858368 369.88031006
v -11.47657108 -20.94706535 370.17233276
v -11.27677059 -21.42942810 370.17254639
v -11.54471970 -20.42942810 370.17208862
v -10.95893288 -21.84364128 370.17272949
v -10.54471970 -22.16147804 370.17288208
v -10.06235790 -22.36127853 370.17297363
v -9.54471970 -22.42942810 370.17300415
v -3.17544889 -11.76029396 370.16802979
v -3.02284360 -12.40418625 370.16833496
v -2.72585988 -12.99552917 370.16860962
v -2.30050826 -13.50244427 370.16885376
v -1.76971972 -13.89760113 370.16903687
v -1.16210890 -14.15969944 370.16915894
v -0.51043242 -14.27460670 370.16918945
v 0.15017763 -14.23613071 370.16918945
v 0.78410763 -14.04634476 370.16909790
v 1.35718226 -13.71547985 370.16894531
v 1.83850694 -13.26137352 370.16873169
v 2.20213342 -12.70850658 370.16848755
v 2.42845821 -12.08668423 370.16818237
v 2.50528026 -11.42942905 370.16787720
v 2.42845821 -10.77217388 370.16757202
v 10.85527992 18.57056808 370.15386963
v 2.20213342 -10.15035152 370.16726685
v 1.83850694 -9.59748459 370.16702271
v 8.85527992 20.57056618 370.15292358
v 1.35718226 -9.14337826 370.16680908
v 0.78410763 -8.81251335 370.16665649
v 0.15017763 -8.62272739 370.16656494
v -0.51043242 -8.58425140 370.16653442
v -9.54471970 20.57056618 370.15292358
v -1.16210890 -8.69915962 370.16659546
v -1.76971972 -8.96125698 370.16671753
v -2.30050826 -9.35641479 370.16690063
v -11.54471970 18.57056808 370.15386963
v -2.72585988 -9.86332893 370.16714478
v -3.02284360 -10.45467186 370.16741943
v -3.17544889 -11.09856415 370.16772461
v 10.78713131 19.08820534 370.15362549
v 10.58733082 19.57056808 370.15341187
v 10.26949406 19.98478127 370.15319824
v 9.85527992 20.30261803 370.15307617
v 9.37291813 20.50241852 370.15295410
v -10.06235790 20.50241852 370.15295410
v -10.54471970 20.30261803 370.15307617
v -10.95893288 19.98478127 370.15319824
v -11.27677059 19.57056808 370.15341187
v -11.47657108 19.08820534 370.15362549
v -9.54471970 -22.81214714 370.09707642
v -10.07491684 -22.75240707 370.09704590
v -10.57852745 -22.57618713 370.09695435
v -11.03029823 -22.29232025 370.09683228
v -11.40757656 -21.91504288 370.09664917
v -11.69144344 -21.46327019 370.09643555
v -11.86766434 -20.95966148 370.09619141
v -11.92740250 -20.42946434 370.09594727
v -12.18395329 -21.03195190 369.87945557
v -12.25182629 -20.42956543 369.87918091
v -12.39529133 -21.08034134 369.55505371
v -12.46859932 -20.42971611 369.55474854
v -12.46950340 -21.09745789 369.17239380
v -12.17904377 -21.69833946 369.55535889
v -12.24762630 -21.73154640 369.17269897
v -11.83070087 -22.25272560 369.55560303
v -11.89021397 -22.30036354 369.17294312
v -11.36772919 -22.71569633 369.55581665
v -11.41518879 -22.77538872 369.17318726
v -10.81334305 -23.06404114 369.55599976
v -10.84637070 -23.13280106 369.17333984
v -10.19534397 -23.28028870 369.55609131
v -10.21228218 -23.35467911 369.17343140
v -9.54471970 -23.35359573 369.55612183
v -9.54471970 -23.42989540 369.17349243
v -9.54471970 -23.13667107 369.88046265
v -10.14710712 -23.06879807 369.88040161
v -10.71928883 -22.86858368 369.88031006
v -11.23257351 -22.54606628 369.88015747
v -11.66122055 -22.11741829 369.87997437
v -11.98373890 -21.60413361 369.87973022
v 2.72194695 -22.81214714 370.09707642
v -3.41138625 -22.81214714 370.09707642
v -3.41138625 -23.13667107 369.88046265
v -3.41138625 -23.35359573 369.55612183
v 2.72194695 -23.35359573 369.55612183
v 2.72194695 -23.13667107 369.88046265
v -11.92740250 -4.82946539 370.08868408
v -11.92740250 -12.62946415 370.09231567
v -12.25182629 -12.62956619 369.87554932
v -12.46859932 -12.62971687 369.55111694
v -12.46859932 -4.82971811 369.54748535
v -12.46859932 2.97028112 369.54382324
v -12.25182629 2.97043252 369.86825562
v -12.25182629 10.77043152 369.86462402
v -11.92740250 10.77053261 370.08139038
v -11.92740250 18.57053185 370.07775879
v -11.92740250 2.97053361 370.08502197
v -12.25182629 -4.82956648 369.87188721
v -12.25182629 18.57043076 369.86099243
v -12.46859932 10.77027988 369.54019165
v -12.46859932 18.57028008 369.53656006
v -11.86766434 19.10072899 370.07751465
v -11.69144344 19.60433960 370.07727051
v -11.40757656 20.05611038 370.07705688
v -11.03029823 20.43338776 370.07687378
v -10.57852745 20.71725464 370.07675171
v -10.07491684 20.89347649 370.07666016
v -9.54471970 20.95321465 370.07662964
v -10.14710712 21.20966530 369.85974121
v -9.54471970 21.27753639 369.85971069
v -10.19534397 21.42085075 369.53521729
v -9.54471970 21.49415779 369.53518677
v -10.21228218 21.49488449 369.15249634
v -10.81334305 21.20460320 369.53533936
v -10.84637070 21.27300644 369.15261841
v -11.36772919 20.85626030 369.53549194
v -11.41518879 20.91559410 369.15277100
v -11.83070087 20.39328766 369.53570557
v -11.89021397 20.44057083 369.15298462
v -12.17904377 19.83890343 369.53594971
v -12.24762630 19.87175179 369.15325928
v -12.39529133 19.22090340 369.53625488
v -12.46950340 19.23766327 369.15356445
v -12.18395329 19.17281914 369.86068726
v -11.98373890 19.74500084 369.86044312
v -11.66122055 20.25828362 369.86019897
v -11.23257351 20.68693161 369.85998535
v -10.71928883 21.00944901 369.85983276
v -3.41138625 20.95321465 370.07662964
v 2.72194695 20.95321465 370.07662964
v 8.85527992 20.95321465 370.07662964
v 2.72194695 21.27753639 369.85971069
v 8.85527992 21.27753639 369.85971069
v 2.72194695 21.49415779 369.53518677
v 8.85527992 21.49415779 369.53518677
v -3.41138625 21.49415779 369.53518677
v -3.41138625 21.27753639 369.85971069
v 9.38547707 20.89347649 370.07666016
v 9.88908768 20.71725464 370.07675171
v 10.34085941 20.43338776 370.07687378
v 10.71813679 20.05611038 370.07705688
v 11.00200367 19.60433960 370.07727051
v 11.17822456 19.10072899 370.07751465
v 11.23796368 18.57053185 370.07775879
v 11.49451447 19.17281914 369.86068726
v 11.56238747 18.57043076 369.86099243
v 11.70585251 19.22090340 369.53625488
v 11.77915955 18.57028008 369.53656006
v 11.78006363 19.23766327 369.15356445
v 11.48960495 19.83890343 369.53594971
v 11.55818653 19.87175179 369.15325928
v 11.14126110 20.39328766 369.53570557
v 11.20077515 20.44057083 369.15298462
v 10.67828941 20.85626030 369.53549194
v 10.72574997 20.91559410 369.15277100
v 10.12390423 21.20460320 369.53533936
v 10.15693188 21.27300644 369.15261841
v 9.50590515 21.42085075 369.53521729
v 9.52284336 21.49488449 369.15249634
v 9.45766830 21.20966530 369.85974121
v 10.02985001 21.00944901 369.85983276
v 10.54313374 20.68693161 369.85998535
v 10.97178173 20.25828362 369.86019897
v 11.29429913 19.74500084 369.86044312
v 11.23796368 2.97053361 370.08502197
v 11.23796368 10.77053261 370.08139038
v 11.56238747 10.77043152 369.86462402
v 11.77915955 10.77027988 369.54019165
v 11.77915955 2.97028112 369.54382324
v 11.77915955 -4.82971811 369.54748535
v 11.56238747 -4.82956648 369.87188721
v 11.56238747 -12.62956619 369.87554932
v 11.23796368 -12.62946415 370.09231567
v 11.23796368 -4.82946539 370.08868408
v 11.56238747 2.97043252 369.86825562
v 11.77915955 -12.62971687 369.55111694
v 2.42845821 -10.76990986 375.01757812
v 2.50528026 -11.42716503 375.01788330
v 2.42845821 -12.08442020 375.01818848
v 2.20213342 -12.70624256 375.01846313
v 1.83850694 -13.25910950 375.01873779
v 1.35718226 -13.71321583 375.01895142
v 0.78410763 -14.04408073 375.01910400
v 0.15017763 -14.23386669 375.01919556
v -0.51043242 -14.27234268 375.01919556
v -1.16210890 -14.15743446 375.01916504
v -1.76971972 -13.89533710 375.01901245
v -2.30050826 -13.50017929 375.01882935
v -2.72585988 -12.99326515 375.01861572
v -3.02284360 -12.40192223 375.01834106
v -3.17544889 -11.75802994 375.01803589
v -3.17544889 -11.09630013 375.01773071
v -3.02284360 -10.45240784 375.01742554
v -2.72585988 -9.86106491 375.01715088
v -2.30050826 -9.35415077 375.01690674
v -1.76971972 -8.95899296 375.01672363
v -1.16210890 -8.69689560 375.01660156
v -0.51043242 -8.58198738 375.01654053
v 0.15017763 -8.62046337 375.01657104
v 0.78410763 -8.81024933 375.01666260
v 1.35718226 -9.14111423 375.01681519
v 1.83850694 -9.59522057 375.01702881
v 2.20213342 -10.14808750 375.01727295
v -11.06235790 21.49413300 352.40249634
v -11.54471970 21.29433250 352.40258789
v -11.95893288 20.97649384 352.40274048
v -12.27677059 20.56228065 352.40295410
v -12.47657108 20.07991982 352.40316772
v -6.48579693 21.52732086 335.86834717
v -0.34471801 21.48104095 335.68890381
v 5.79583502 21.52621269 335.86224365
v 5.77151966 21.45296097 335.61016846
v 5.74155903 21.36295319 335.41937256
v -0.34471801 21.26763153 335.27069092
v 5.66391897 21.13015747 335.10751343
v -0.34471801 20.93537521 334.93893433
v 5.57092047 20.85057831 334.88174438
v 5.51645422 20.68772507 334.79330444
v -0.34471801 20.51682854 334.72613525
v 5.43684864 20.44879913 334.70587158
v -6.09407663 20.35128593 334.68273926
v -6.18959379 20.63898277 334.77178955
v -6.27780056 20.90307236 334.91610718
v -6.35318279 21.13018799 335.10754395
v -6.41395378 21.31283951 335.33648682
v -6.45861053 21.44626808 335.59313965
v -7.41781616 20.93926239 336.15246582
v -7.47479677 20.73528099 336.05578613
v -7.49471951 20.55469894 336.15310669
v -7.46539116 20.73177719 335.95904541
v -7.44647169 20.53845596 335.77557373
v -7.44985819 20.72604561 335.86346436
v -7.42829370 20.71813202 335.76971436
v -7.39133358 20.91001320 335.84115601
v -7.36627007 20.90008545 335.74111938
v -7.29408503 21.08699036 335.82696533
v -7.26614761 21.07512474 335.72323608
v -7.23154259 21.16903687 335.82345581
v -7.20248222 21.15627480 335.71905518
v -7.16067457 21.24483681 335.82254028
v -7.13073444 21.23124504 335.71826172
v -7.08304596 21.31273079 335.82421875
v -7.05248690 21.29839897 335.72088623
v -6.99954557 21.37217903 335.82846069
v -6.96863174 21.35719681 335.72683716
v -6.91161680 21.42245293 335.83511353
v -6.88061094 21.40692329 335.73593140
v -6.82078075 21.46313667 335.84396362
v -6.78993654 21.44716263 335.74792480
v -6.63637018 21.51560593 335.86730957
v -6.60654211 21.49906349 335.77917480
v -7.20186710 21.26176071 336.15261841
v -7.32668781 21.10097885 336.04290771
v -7.42046595 20.92167282 336.04797363
v -6.87623978 21.47905540 336.15246582
v -7.03583908 21.38991547 336.04287720
v -7.11887550 21.32968712 336.04156494
v -7.19572878 21.26090050 336.04113770
v -7.18243265 21.25477028 335.93060303
v -7.25263739 21.17835808 335.93136597
v -6.67155361 21.53521347 336.05560303
v -6.85708189 21.48206329 336.04788208
v -6.94806480 21.44084740 336.04501343
v -6.93421459 21.43382263 335.93862915
v -7.02205515 21.38314247 335.93429565
v -6.65816259 21.52772331 335.95996094
v -6.84327984 21.47483444 335.94445801
v -6.52584314 21.45452499 335.61993408
v -6.59902430 21.34985733 335.42324829
v -6.48528194 21.29321480 335.31164551
v -6.57243919 21.25687027 335.27899170
v -6.44679832 21.19758034 335.18502808
v -6.53216743 21.15430641 335.15124512
v -6.34222937 20.98595428 334.97793579
v -6.42347717 20.93142319 334.94534302
v -6.50401640 20.87054825 334.92135620
v -6.69963026 21.04470634 335.10482788
v -6.77947855 20.97947502 335.09310913
v -6.82692766 21.09821701 335.21740723
v -6.90527296 21.03051949 335.21060181
v -6.94217920 21.14764214 335.35260010
v -7.01853514 21.07743454 335.34954834
v -7.04872847 21.19445229 335.52407837
v -7.12268448 21.12165451 335.52365112
v -6.29084063 20.69579506 334.80001831
v -6.43965673 20.56133270 334.77255249
v -6.14224195 20.45725632 334.70828247
v -6.28162289 20.32266808 334.69229126
v -6.40757990 20.19157791 334.71105957
v -6.57434559 20.42157364 334.78231812
v -6.72622299 20.66254807 334.90408325
v -6.58207798 20.80465889 334.90649414
v -6.85468960 20.90887070 335.08941650
v -6.75929117 20.30907822 334.86254883
v -6.84866953 20.51483536 334.93499756
v -6.98710012 20.75658226 335.10543823
v -6.97797346 20.95724297 335.21096802
v -7.07067490 20.41284561 335.10784912
v -7.09103346 20.59828758 335.14910889
v -7.10261822 20.79919052 335.23251343
v -7.08832645 21.00144005 335.35269165
v -7.30330849 20.49063110 335.41979980
v -7.19582319 20.63490295 335.27822876
v -7.20468998 20.83752823 335.37664795
v -7.18922138 21.04285622 335.52810669
v -7.36804676 20.69621658 335.58932495
v -7.28701639 20.66714668 335.42092896
v -7.10527611 21.32321358 335.93157959
v -7.26551342 21.18410492 336.04156494
v -7.31434011 21.09564590 335.93386841
v -7.40945292 20.91723633 335.94375610
v -6.70617580 21.40412140 335.57254028
v -6.79624462 21.36504364 335.55392456
v -6.68792820 21.31216812 335.39755249
v -6.88434219 21.31675720 335.53939819
v -6.77571630 21.26559830 335.37689209
v -6.65936518 21.21195984 335.25198364
v -6.96898270 21.25966072 335.52935791
v -6.86094189 21.21052933 335.36178589
v -6.74466276 21.15885925 335.23129272
v -6.61690187 21.10313797 335.12429810
v -7.29681396 20.87289047 335.55087280
v -6.87740326 21.47915840 337.40249634
v -7.20182657 21.26238441 337.40261841
v -7.41859913 20.93796158 337.40277100
v -7.49471951 20.55527878 337.40295410
v 11.95528030 -23.44471741 337.42349243
v 11.95528030 21.75527763 337.40237427
v 11.77915955 15.93796253 337.40509033
v 11.56238747 16.26238632 337.40493774
v 8.80528069 -18.44471741 337.42114258
v 10.85527992 -18.44471741 337.42114258
v 8.28764248 -18.51286507 337.42117310
v 7.80528021 -18.71266556 337.42126465
v 7.39106655 -19.03050423 337.42141724
v 6.80528021 -20.44471741 337.42208862
v 7.07322931 -19.44471741 337.42160034
v 6.87342882 -19.92707825 337.42184448
v 11.23796368 -18.36859703 337.42111206
v 11.56238747 -18.15182495 337.42102051
v 11.77915955 -17.82740021 337.42086792
v 11.23796368 16.47915840 337.40484619
v 10.85527992 16.55527878 337.40481567
v 8.80528069 16.55527878 337.40481567
v 6.80528021 20.55527878 337.40295410
v 8.28764248 16.62342644 337.40478516
v 7.80528021 16.82322884 337.40469360
v 7.39106655 17.14106560 337.40454102
v 6.80528021 18.55527878 337.40386963
v 7.07322931 17.55527878 337.40432739
v 6.87342882 18.03764153 337.40411377
v 6.72915983 20.93796158 337.40277100
v 6.51238728 21.26238441 337.40261841
v 6.18796396 21.47915840 337.40249634
v -12.64472008 21.75527763 337.40237427
v -9.49471951 16.55527878 337.40481567
v -8.97708130 16.62342644 337.40478516
v -8.49471951 16.82322884 337.40469360
v -8.08050632 17.14106560 337.40454102
v -7.49471951 18.55527878 337.40386963
v -7.76266909 17.55527878 337.40432739
v -7.56286812 18.03764153 337.40411377
v -11.54471970 16.55527878 337.40481567
v -11.92740345 16.47915840 337.40484619
v -12.25182629 16.26238632 337.40493774
v -12.46859932 15.93796253 337.40509033
v -12.64472008 -23.44471741 337.42349243
v 10.85527992 -18.44528961 336.17114258
v 10.45463753 -17.24326515 334.70028687
v 10.55015469 -17.53087807 334.78961182
v 10.63836098 -17.79483414 334.93417358
v 10.71374321 -18.02176857 335.12582397
v 10.77451420 -18.20420647 335.35491943
v 10.81917095 -18.33739662 335.61172485
v 10.84635735 -18.41819191 335.88699341
v 11.77837658 -17.82987022 336.17056274
v 11.83535767 -17.62597656 336.07369995
v 11.82595253 -17.62256432 335.97695923
v 11.80703259 -17.42941475 335.79327393
v 11.81041908 -17.61692238 335.88137817
v 11.78885460 -17.60909462 335.78759766
v 11.75189400 -17.80090904 335.85922241
v 11.72683144 -17.79107475 335.75918579
v 11.65464592 -17.97789955 335.84518433
v 11.62670803 -17.96613121 335.74145508
v 11.59210300 -18.05994987 335.84176636
v 11.56304264 -18.04728508 335.73736572
v 11.52123547 -18.13574982 335.84094238
v 11.49129486 -18.12225723 335.73663330
v 11.44360638 -18.20364380 335.84268188
v 11.41304779 -18.18940735 335.73931885
v 11.36010647 -18.26308823 335.84695435
v 11.32919216 -18.24820137 335.74533081
v 11.27217770 -18.31335640 335.85366821
v 11.24117184 -18.29791832 335.75445557
v 11.18134117 -18.35403061 335.86254883
v 11.15049744 -18.33814621 335.76647949
v 10.99693012 -18.40647888 335.88592529
v 10.96710205 -18.39001656 335.79782104
v 11.56242752 -18.15236664 336.17102051
v 11.68724918 -17.99168587 336.06115723
v 11.78102684 -17.81237602 336.06607056
v 11.23680019 -18.36966133 336.17108154
v 11.39639950 -18.28062439 336.06140137
v 11.47943592 -18.22039604 336.06002808
v 11.55628967 -18.15161133 336.05953979
v 11.54299355 -18.14558411 335.94897461
v 11.61319828 -18.06917191 335.94967651
v 11.03211403 -18.42591095 336.07424927
v 11.21764278 -18.37276649 336.06649780
v 11.30862522 -18.33155441 336.06356812
v 11.29477501 -18.32462883 335.95718384
v 11.38261604 -18.27395248 335.95278931
v 11.01872349 -18.41850853 335.97860718
v 11.20384026 -18.36563492 335.96304321
v 10.88640404 -18.34562874 335.63851929
v 10.95958519 -18.24114609 335.44174194
v 10.84584236 -18.18460655 335.33004761
v 10.93299961 -18.14829063 335.29736328
v 10.80735874 -18.08909035 335.20336914
v 10.89272785 -18.04584694 335.16955566
v 10.70279026 -17.87765694 334.99609375
v 10.78403759 -17.82315636 334.96343994
v 10.86457729 -17.76230431 334.93939209
v 11.06019115 -17.93629074 335.12301636
v 11.14003944 -17.87107086 335.11123657
v 11.18748856 -17.98969650 335.23565674
v 11.26583385 -17.92200470 335.22875977
v 11.30274010 -18.03899384 335.37088013
v 11.37909603 -17.96879005 335.36776733
v 11.40928841 -18.08564377 335.54238892
v 11.48324585 -18.01284790 335.54190063
v 10.65140152 -17.58766365 334.81790161
v 10.80021763 -17.45322609 334.79031372
v 10.50279427 -17.34920883 334.72592163
v 10.64202404 -17.21458435 334.70977783
v 10.75006104 -17.07754517 334.72338867
v 10.93490696 -17.31345940 334.79992676
v 11.08678341 -17.55431938 334.92190552
v 10.94263840 -17.69642830 334.92446899
v 11.21525097 -17.80046844 335.10748291
v 11.11985207 -17.20088768 334.88006592
v 11.20923042 -17.40657806 334.95269775
v 11.34766102 -17.64816666 335.12335205
v 11.33853436 -17.84872627 335.22909546
v 11.43123531 -17.30442810 335.12545776
v 11.45159435 -17.48983192 335.16690063
v 11.46317959 -17.69065475 335.25045776
v 11.44888783 -17.89279366 335.37084961
v 11.66386890 -17.38192177 335.43746948
v 11.55638409 -17.52632523 335.29605103
v 11.56525040 -17.72885895 335.39465332
v 11.54978180 -17.93404388 335.54629517
v 11.72860813 -17.58734703 335.60720825
v 11.64757729 -17.55843544 335.43878174
v 11.46583652 -18.21402740 335.95004272
v 11.62607384 -18.07481575 336.05990601
v 11.67490101 -17.98645782 335.95211792
v 11.77001381 -17.80803680 335.96182251
v 11.06673622 -18.29526901 335.59106445
v 11.15680504 -18.25621033 335.57241821
v 11.04848862 -18.20347977 335.41601562
v 11.24490261 -18.20793533 335.55786133
v 11.13627720 -18.15692711 335.39529419
v 11.01992607 -18.10340691 335.27032471
v 11.32954311 -18.15084839 335.54776001
v 11.22150230 -18.10187531 335.38012695
v 11.10522366 -18.05032539 335.24960327
v 10.97746277 -17.99470520 335.14254761
v 11.65737534 -17.76405907 335.56890869
v 11.78184319 -0.94552082 335.69937134
v 11.78184319 7.30447912 335.69552612
v 11.82803822 15.54563999 335.87115479
v 11.74711514 15.51832485 335.59591675
v 11.56862831 7.30428362 335.27719116
v 11.61380482 15.47354889 335.33920288
v 11.43126106 15.41267014 335.11022949
v 11.23652744 7.30412865 334.94528198
v 11.20423508 15.33719921 334.91870117
v 10.94021320 15.24892521 334.77432251
v 10.81807995 7.30402946 334.73229980
v 10.65255737 15.15336609 334.68518066
v 10.81807995 -0.94597048 334.73614502
v 10.81807995 -9.19597054 334.74002075
v 11.23652744 -9.19587135 334.95300293
v 11.56862831 -9.19571590 335.28491211
v 11.78184319 -9.19552040 335.70324707
v 11.56862831 -0.94571608 335.28106689
v 11.23652744 -0.94587106 334.94912720
v 11.23984814 16.47779274 336.15457153
v 11.03591061 16.53472710 336.05773926
v 10.85528374 16.55469513 336.15496826
v 11.03245354 16.52527618 335.96099854
v 10.83921814 16.50627136 335.77743530
v 11.02676678 16.50969887 335.86544800
v 11.01889610 16.48809052 335.77166748
v 11.21074486 16.45116425 335.84323120
v 11.20086288 16.42605400 335.74319458
v 11.38772774 16.35390854 335.82916260
v 11.37591076 16.32592201 335.72546387
v 11.46977615 16.29136467 335.82574463
v 11.45706272 16.26225471 335.72134399
v 11.54557514 16.22049713 335.82489014
v 11.53203297 16.19050789 335.72061157
v 11.61346912 16.14286804 335.82666016
v 11.59918499 16.11226082 335.72329712
v 11.67291641 16.05937004 335.83093262
v 11.65798187 16.02840805 335.72930908
v 11.72318745 15.97144413 335.83764648
v 11.70770359 15.94039249 335.73846436
v 11.76386642 15.88061237 335.84655762
v 11.74793720 15.84972382 335.75051880
v 11.81632423 15.69621277 335.87002563
v 11.79982281 15.66634369 335.78192139
v 11.56234646 16.26184273 336.15493774
v 11.40161514 16.38661194 336.04510498
v 11.22230625 16.48039246 336.05004883
v 11.77964115 15.93621540 336.15505981
v 11.69055176 16.09576416 336.04534912
v 11.63032436 16.17879868 336.04397583
v 11.56153774 16.25565338 336.04345703
v 11.55545998 16.24230385 335.93292236
v 11.47904778 16.31250954 335.93362427
v 11.83584499 15.73148441 336.05831909
v 11.78269768 15.91700935 336.05047607
v 11.74148369 16.00798988 336.04754639
v 11.73450851 15.99409008 335.94116211
v 11.68383026 16.08192825 335.93676758
v 11.82839870 15.71804905 335.96264648
v 11.77551651 15.90315819 335.94705200
v 11.75535870 15.58557034 335.62268066
v 11.65078449 15.65865993 335.42590332
v 11.59419250 15.54486465 335.31430054
v 11.55786324 15.63200760 335.28161621
v 11.49861717 15.50632286 335.18771362
v 11.45535851 15.59167576 335.15383911
v 11.28708744 15.40165710 334.98056030
v 11.23257160 15.48288918 334.94787598
v 11.17170811 15.56341743 334.92382812
v 11.34578133 15.75911713 335.10726929
v 11.28055573 15.83895969 335.09548950
v 11.39923954 15.88646698 335.21984863
v 11.33154392 15.96480846 335.21295166
v 11.44860077 16.00178146 335.35501099
v 11.37839508 16.07813644 335.35186768
v 11.49533081 16.10840988 335.52642822
v 11.42253304 16.18236732 335.52593994
v 10.99701118 15.35018539 334.80252075
v 10.86256218 15.49898815 334.77493286
v 10.75851345 15.20153427 334.71072388
v 10.62388229 15.34075737 334.69458008
v 10.48684883 15.44880104 334.70819092
v 10.72279930 15.63368130 334.78454590
v 10.96371651 15.78561592 334.90634155
v 11.10582638 15.64147186 334.90890503
v 11.20995140 15.91416931 335.09173584
v 10.61026478 15.81866455 334.86465454
v 10.81599045 15.90807629 334.93713379
v 11.05765629 16.04658699 335.10763550
v 11.25826740 16.03750992 335.21328735
v 10.71391869 16.13016319 335.10986328
v 10.89934254 16.15054131 335.15121460
v 11.10020542 16.16216469 335.23464966
v 11.30239964 16.14792824 335.35494995
v 10.79155922 16.36294174 335.42172241
v 10.93589687 16.25539017 335.28027344
v 11.13847637 16.26430321 335.37878418
v 11.34373283 16.24890518 335.53036499
v 10.99706459 16.42775917 335.59130859
v 10.96807384 16.34665108 335.42294312
v 11.62390327 16.16514778 335.93399048
v 11.48474312 16.32543755 336.04385376
v 11.39633465 16.37421417 335.93606567
v 11.21791935 16.46933174 335.94583130
v 11.70497799 15.76588058 335.57516479
v 11.66590977 15.85594082 335.55651855
v 11.61310673 15.74755192 335.40014648
v 11.61762905 15.94403172 335.54193115
v 11.56654453 15.83533001 335.37942505
v 11.51296616 15.71892071 335.25454712
v 11.56053638 16.02866745 335.53179932
v 11.51148510 15.92054844 335.36425781
v 11.45987511 15.80420876 335.23379517
v 11.40420437 15.67639732 335.12683105
v 11.17375755 16.35650826 335.55297852
v 8.80528069 16.55469513 336.15481567
v 8.80528069 16.48106384 335.69131470
v 8.80528069 16.26780891 335.27325439
v 8.80528069 15.93580723 334.94155884
v 8.80528069 15.51755619 334.72869873
v 8.27800179 15.56368732 334.72869873
v 7.76674509 15.70067787 334.72860718
v 7.28704357 15.92436600 334.72851562
v 6.85347271 16.22795486 334.72836304
v 6.47920656 16.60222244 334.72821045
v 6.17561722 17.03579330 334.72799683
v 5.95192862 17.51549339 334.72778320
v 5.81493759 18.02675056 334.72753906
v 5.76880693 18.55402946 334.72729492
v 6.18695879 18.55412865 334.94033813
v 6.22673702 18.09946251 334.94055176
v 6.34486294 17.65860939 334.94076538
v 6.53774738 17.24496841 334.94094849
v 6.79952955 16.87110329 334.94113159
v 7.12225580 16.54837799 334.94128418
v 7.49611950 16.28659630 334.94140625
v 7.90976143 16.09371185 334.94149780
v 8.35061359 15.97558594 334.94155884
v 8.40823841 16.30254555 335.27325439
v 8.44523525 16.51256371 335.69131470
v 8.28764248 16.62284279 336.15478516
v 8.09613037 16.60610580 335.69125366
v 7.80528021 16.82264519 336.15469360
v 7.76857281 16.75884819 335.69119263
v 7.47251463 16.96615028 335.69110107
v 7.66204309 16.57413864 335.27313232
v 7.33556318 16.80274200 335.27301025
v 6.51880598 18.55428314 335.27218628
v 6.55354261 18.15724182 335.27236938
v 6.65669727 17.77226257 335.27255249
v 6.82513571 17.41104698 335.27273560
v 7.05373955 17.08456612 335.27288818
v 6.73186541 18.55447960 335.69033813
v 6.76336479 18.19443321 335.69052124
v 6.85690737 17.84532928 335.69067383
v 7.00965023 17.51777077 335.69082642
v 7.21695232 17.22171402 335.69097900
v 6.80528021 18.55469513 336.15386963
v 6.87342882 18.03705788 336.15411377
v 7.07322931 17.55469513 336.15432739
v 7.39106655 17.14048195 336.15454102
v 8.02326012 16.40570068 335.27319336
v 6.80526829 20.55469513 336.15295410
v 5.60255718 20.15336609 334.68283081
v 5.89021254 20.24892426 334.77197266
v 6.15423536 20.33719826 334.91638184
v 6.38126040 20.41267014 335.10787964
v 6.56380510 20.47354889 335.33685303
v 6.69711542 20.51832390 335.59356689
v 6.77803850 20.54563904 335.86880493
v 6.18984842 21.47779083 336.15222168
v 5.98591042 21.53472710 336.05541992
v 5.98245287 21.52527618 335.95867920
v 5.97676611 21.50969887 335.86309814
v 5.96889544 21.48809052 335.76934814
v 6.16074371 21.45116425 335.84091187
v 6.15086222 21.42605400 335.74087524
v 6.33772707 21.35390854 335.82684326
v 6.32591057 21.32592201 335.72311401
v 6.41977644 21.29136467 335.82339478
v 6.40706301 21.26225471 335.71899414
v 6.49557543 21.22049522 335.82257080
v 6.48203325 21.19050598 335.71829224
v 6.56346941 21.14286804 335.82431030
v 6.54918480 21.11226082 335.72097778
v 6.62291622 21.05937004 335.82861328
v 6.60798168 21.02840805 335.72698975
v 6.67318726 20.97144318 335.83532715
v 6.65770340 20.94039154 335.73614502
v 6.71386623 20.88061142 335.84423828
v 6.69793749 20.84972382 335.74819946
v 6.76632452 20.69621277 335.86767578
v 6.74982262 20.66634369 335.77957153
v 6.51234627 21.26184273 336.15261841
v 6.35161495 21.38661194 336.04275513
v 6.17230606 21.48039246 336.04772949
v 6.72964096 20.93621445 336.15270996
v 6.64055204 21.09576416 336.04299927
v 6.58032417 21.17879868 336.04162598
v 6.51153803 21.25565147 336.04113770
v 6.50545979 21.24230385 335.93060303
v 6.42904711 21.31250954 335.93130493
v 6.78584480 20.73148346 336.05596924
v 6.73269749 20.91700745 336.04815674
v 6.69148350 21.00798988 336.04519653
v 6.68450832 20.99408913 335.93881226
v 6.63383055 21.08192825 335.93441772
v 6.77839899 20.71804810 335.96032715
v 6.72551632 20.90315819 335.94473267
v 6.70535898 20.58556938 335.62033081
v 6.60078430 20.65865898 335.42358398
v 6.54419279 20.54486465 335.31198120
v 6.50786257 20.63200569 335.27926636
v 6.44861746 20.50632286 335.18536377
v 6.40535879 20.59167480 335.15151978
v 6.23708773 20.40165710 334.97821045
v 6.18257189 20.48288918 334.94555664
v 6.12170839 20.56341743 334.92147827
v 6.29578114 20.75911713 335.10494995
v 6.23055553 20.83895874 335.09317017
v 6.34923983 20.88646698 335.21749878
v 6.28154421 20.96480751 335.21063232
v 6.39860058 21.00178146 335.35266113
v 6.32839489 21.07813454 335.34954834
v 6.44533062 21.10840988 335.52410889
v 6.37253284 21.18236542 335.52362061
v 5.94701099 20.35018539 334.80017090
v 5.81256151 20.49898720 334.77258301
v 5.70851326 20.20153427 334.70837402
v 5.57388163 20.34075737 334.69226074
v 5.67279863 20.63368225 334.78222656
v 5.76598978 20.90807724 334.93481445
v 5.84934187 21.15054131 335.14886475
v 5.88589621 21.25539017 335.27795410
v 5.91807318 21.34665108 335.42062378
v 6.08847570 21.26430321 335.37643433
v 6.12375736 21.35650826 335.55062866
v 6.29373264 21.24890518 335.52801514
v 5.94706440 21.42775917 335.58898926
v 6.57390261 21.16514778 335.93164062
v 6.43474245 21.32543755 336.04150391
v 6.34633398 21.37421227 335.93374634
v 6.16791916 21.46932983 335.94348145
v 6.65497780 20.76588058 335.57284546
v 6.61590958 20.85593987 335.55416870
v 6.56310654 20.74755096 335.39782715
v 6.56762886 20.94403076 335.53958130
v 6.51654482 20.83532906 335.37710571
v 6.46296597 20.71891975 335.25219727
v 6.51053619 21.02866745 335.52947998
v 6.46148491 20.92054749 335.36190796
v 6.40987492 20.80420685 335.23147583
v 6.35420418 20.67639732 335.12451172
v 6.25239944 21.14792824 335.35263062
v 6.20826674 21.03750992 335.21093750
v 6.15995169 20.91416931 335.08941650
v 6.05582619 20.64147186 334.90658569
v 6.05020523 21.16216469 335.23233032
v 6.00765610 21.04658699 335.10528564
v 5.91371632 20.78561592 334.90402222
v 12.35527992 -23.44471741 337.42349243
v -18.14472008 21.15527916 337.40264893
v -18.14472008 -17.44471741 337.42068481
v -13.04471970 -23.44471741 337.42349243
v -11.54471970 16.55468369 336.15481567
v -11.92623997 16.47905540 336.15481567
v -12.25186729 16.26176071 336.15493774
v -12.46781635 15.93926334 336.15481567
v -12.52479649 15.73528004 336.05810547
v -12.51539135 15.73177719 335.96136475
v -12.49985886 15.72604656 335.86581421
v -12.47829437 15.71813202 335.77203369
v -12.44133377 15.91001320 335.84350586
v -12.41627026 15.90008545 335.74343872
v -12.34408474 16.08699036 335.82928467
v -12.31614780 16.07512474 335.72558594
v -12.28154278 16.16903687 335.82580566
v -12.25248241 16.15627480 335.72137451
v -12.21067429 16.24483681 335.82489014
v -12.18073463 16.23124504 335.72061157
v -12.13304615 16.31273079 335.82656860
v -12.10248661 16.29839897 335.72320557
v -12.04954529 16.37217903 335.83081055
v -12.01863194 16.35719872 335.72915649
v -11.96161747 16.42245483 335.83743286
v -11.93061066 16.40692329 335.73825073
v -11.87078094 16.46313667 335.84631348
v -11.83993626 16.44716454 335.75024414
v -11.68636990 16.51560593 335.86962891
v -11.65654182 16.49906349 335.78152466
v -11.53579712 16.52732086 335.87069702
v -11.50861073 16.44626999 335.59545898
v -12.37668800 16.10097885 336.04522705
v -12.47046661 15.92167187 336.05032349
v -12.08583927 16.38991547 336.04519653
v -12.16887569 16.32968712 336.04391479
v -12.24572945 16.26090050 336.04345703
v -12.23243237 16.25477028 335.93292236
v -12.30263710 16.17835999 335.93368530
v -11.72155380 16.53521538 336.05792236
v -11.90708160 16.48206329 336.05023193
v -11.99806499 16.44084930 336.04733276
v -11.98421478 16.43382263 335.94094849
v -12.07205486 16.38314438 335.93661499
v -11.70816231 16.52772331 335.96228027
v -11.89328003 16.47483444 335.94677734
v -11.57584286 16.45452499 335.62225342
v -11.46395397 16.31283951 335.33880615
v -11.64902401 16.34985924 335.42559814
v -11.53528214 16.29321480 335.31396484
v -11.62243938 16.25687027 335.28131104
v -11.49679852 16.19758034 335.18737793
v -11.58216763 16.15430641 335.15359497
v -11.40318298 16.13018799 335.10989380
v -11.39223003 15.98595428 334.98028564
v -11.32780075 15.90307331 334.91842651
v -11.47347736 15.93142319 334.94766235
v -11.55401611 15.87054825 334.92367554
v -11.74962997 16.04470634 335.10714722
v -11.82947826 15.97947598 335.09542847
v -11.87692738 16.09821892 335.21975708
v -11.95527267 16.03051949 335.21292114
v -11.99217892 16.14764214 335.35491943
v -12.06853485 16.07743454 335.35186768
v -12.09872818 16.19445229 335.52639771
v -12.17268467 16.12165451 335.52597046
v -11.34084129 15.69579506 334.80236816
v -11.23959351 15.63898277 334.77413940
v -11.48965740 15.56133270 334.77490234
v -11.19223404 15.45725441 334.71060181
v -11.33146381 15.32261467 334.69458008
v -11.14407635 15.35128593 334.68508911
v -11.62434578 15.42157364 334.78466797
v -11.89867020 15.51483631 334.93731689
v -12.14103413 15.59828854 335.15145874
v -12.24582386 15.63490295 335.28057861
v -12.33701706 15.66714668 335.42327881
v -12.25469017 15.83752823 335.37896729
v -12.34681416 15.87289143 335.55319214
v -12.23922157 16.04285622 335.53045654
v -12.41804695 15.69621658 335.59167480
v -12.15527630 16.32321548 335.93392944
v -12.31551361 16.18410492 336.04391479
v -12.36433983 16.09564781 335.93621826
v -12.45945263 15.91723633 335.94607544
v -11.75617599 16.40412140 335.57485962
v -11.84624481 16.36504555 335.55627441
v -11.73792839 16.31217003 335.39990234
v -11.93434238 16.31675720 335.54174805
v -11.82571602 16.26559830 335.37921143
v -11.70936489 16.21196175 335.25430298
v -12.01898289 16.25966072 335.53170776
v -11.91094208 16.21053123 335.36410522
v -11.79466248 16.15885925 335.23364258
v -11.66690159 16.10313988 335.12664795
v -12.13832664 16.00144196 335.35501099
v -12.02797318 15.95724201 335.21331787
v -11.90468979 15.90886974 335.09176636
v -11.63207817 15.80465984 334.90884399
v -12.15261841 15.79919052 335.23483276
v -12.03710079 15.75658226 335.10775757
v -11.77622318 15.66254807 334.90640259
v -9.49471951 15.51755619 334.72869873
v -9.49471951 15.93580723 334.94155884
v -9.49471951 16.26780891 335.27325439
v -9.49471951 16.48106384 335.69131470
v -9.49471951 16.55469513 336.15481567
v -6.45824623 18.55402946 334.72729492
v -6.50437689 18.02675056 334.72753906
v -6.64136791 17.51549339 334.72778320
v -6.86505651 17.03579330 334.72799683
v -7.16864586 16.60222244 334.72821045
v -7.54291201 16.22795486 334.72836304
v -7.97648287 15.92436600 334.72851562
v -8.45618439 15.70067787 334.72860718
v -8.96744156 15.56368732 334.72869873
v -9.04005337 15.97558594 334.94155884
v -8.59920120 16.09371185 334.94149780
v -8.18555927 16.28659630 334.94140625
v -7.81169510 16.54837799 334.94128418
v -7.48896885 16.87110329 334.94113159
v -7.22718668 17.24496841 334.94094849
v -7.03430223 17.65860939 334.94076538
v -6.91617632 18.09946251 334.94055176
v -6.87639809 18.55412865 334.94033813
v -7.24298239 18.15724182 335.27236938
v -7.20824528 18.55428314 335.27218628
v -7.45280457 18.19443321 335.69052124
v -7.42130470 18.55447960 335.69033813
v -7.49471951 18.55469513 336.15386963
v -7.56286812 18.03705788 336.15411377
v -7.54634666 17.84532928 335.69067383
v -7.76266909 17.55469513 336.15432739
v -7.69908953 17.51777077 335.69082642
v -7.90639162 17.22171402 335.69097900
v -7.51457500 17.41104698 335.27273560
v -7.74317884 17.08456612 335.27288818
v -9.09767723 16.30254555 335.27325439
v -8.71269989 16.40570068 335.27319336
v -8.35148239 16.57413864 335.27313232
v -8.02500248 16.80274200 335.27301025
v -9.13467503 16.51256371 335.69131470
v -8.78557014 16.60610580 335.69125366
v -8.45801258 16.75884819 335.69119263
v -8.16195393 16.96615028 335.69110107
v -8.97708130 16.62284279 336.15478516
v -8.49471951 16.82264519 336.15469360
v -8.08050632 17.14048195 336.15454102
v -7.34613657 17.77226257 335.27255249
v -12.17471981 5.35235262 352.56002808
v -12.17471981 17.77235222 352.55422974
v -16.89472008 5.35235262 352.56002808
v -16.89472008 17.77235222 352.55422974
v 11.48528004 5.35235262 352.56002808
v 16.20528030 5.35235262 352.56002808
v 11.48528004 17.77235222 352.55422974
v 16.20528030 17.77235222 352.55422974
v -18.44471931 -23.44471741 337.42349243
v -18.44471931 25.15527725 337.40078735
v 19.85527992 -2.58394098 293.81204224
v 19.85527992 -2.90263748 293.49362183
v 20.05528069 -2.72879195 293.95001221
v 20.05528069 -3.18862581 293.49063110
v 19.85527992 -3.18534803 293.77661133
v 19.85527992 -3.69350982 294.44976807
v 19.85527992 -2.86665154 294.09500122
v 19.85527992 -3.33266425 294.72235107
v 19.85527992 -4.06713009 295.20593262
v 19.85527992 -3.66951251 295.42752075
v 19.85527992 -4.29308319 296.01855469
v 19.85527992 -3.86465383 296.18426514
v 19.85527992 -4.36343193 296.85903931
v 19.85527992 -3.91082263 296.96438599
v 19.85527992 -4.27570438 297.69790649
v 19.85527992 -3.80629945 297.73886108
v 19.85527992 -4.03298330 298.50564575
v 19.85527992 -3.55497670 298.47882080
v 19.85527992 -3.64379454 299.25390625
v 19.85527992 -3.16621161 299.15676880
v 19.85527992 -3.12181067 299.91641235
v 19.85527992 -2.65447950 299.74740601
v 19.85527992 -2.48536897 300.46987915
v 19.85527992 -2.03883457 300.22879028
v 19.85527992 -1.75682747 300.89486694
v 19.85527992 -1.34219956 300.58294678
v 19.85527992 -0.96177953 301.17642212
v 19.85527992 -0.59051293 300.79672241
v 19.85527992 -0.12815535 301.30468750
v 19.85527992 0.18823682 300.86212158
v 19.85527992 0.71476012 301.27514648
v 19.85527992 0.96505380 300.77676392
v 19.85527992 1.53735530 301.08880615
v 19.85527992 1.71101391 300.54379272
v 19.85527992 2.31073260 300.75225830
v 19.85527992 2.39834213 300.17190552
v 19.85527992 3.00772309 300.27731323
v 19.85527992 3.00144625 299.67492676
v 19.85527992 3.60384202 299.68063354
v 19.85527992 3.49787045 299.07135010
v 19.85527992 4.07814789 298.98318481
v 19.85527992 3.86913085 298.38366699
v 19.85527992 4.41397762 298.20950317
v 19.85527992 4.10140419 297.63748169
v 19.85527992 4.59953451 297.38674927
v 19.85527992 4.18604136 296.86059570
v 19.85527992 4.62829924 296.54379272
v 19.85527992 4.11989117 296.08190918
v 19.85527992 4.49926186 295.71029663
v 19.85527992 3.90541697 295.33041382
v 19.85527992 4.21695471 294.91549683
v 19.85527992 3.55060434 294.63412476
v 19.85527992 3.79129624 294.18734741
v 19.85527992 3.06866455 294.01892090
v 19.85527992 3.23723888 293.55142212
v 19.85527992 2.47754169 293.50775146
v 19.85527992 2.57424688 293.03005981
v 19.85527992 1.79924619 293.11959839
v 19.85527992 1.82561123 292.64157104
v 19.85527992 1.05903339 292.86898804
v 19.85527992 1.01763129 292.39959717
v 19.85527992 0.28446451 292.76516724
v 19.85527992 0.17869115 292.31268311
v 19.85527992 -0.49562010 292.81207275
v 19.85527992 -0.66173720 292.38378906
v 19.85527992 -1.25217474 293.00793457
v 19.85527992 -1.47412968 292.61050415
v 19.85527992 -1.95702994 293.34542847
v 19.85527992 -2.22994685 292.98483276
v 20.35527992 -2.73346663 292.71804810
v 20.35527992 -3.40085673 293.27859497
v 20.35527992 -3.96077132 293.94650269
v 20.35527992 -4.39619780 294.70150757
v 20.35527992 -4.69390535 295.52062988
v 20.35527992 -4.84484911 296.37902832
v 20.35527992 -4.84444237 297.25057983
v 20.35527992 -4.69269705 298.10882568
v 20.35527992 -4.39422464 298.92767334
v 20.35527992 -3.95809364 299.68225098
v 20.35527992 -3.39755583 300.34963989
v 20.35527992 -2.72964263 300.90957642
v 20.35527992 -1.97464836 301.34500122
v 20.35527992 -1.15551329 301.64270020
v 20.35527992 -1.97887933 292.28192139
v 20.35527992 -1.16002250 291.98345947
v 20.35527992 -0.30177674 291.83169556
v 20.35527992 0.56978059 291.83129883
v 20.35527992 1.42816770 291.98223877
v 20.35527992 2.24730277 292.27993774
v 20.35527992 3.00229692 292.71536255
v 20.35527992 3.67021012 293.27529907
v 20.35527992 4.23074818 293.94268799
v 20.35527992 4.66687918 294.69726562
v 20.35527992 4.96535158 295.51611328
v 20.35527992 5.11709690 296.37435913
v 20.35527992 5.11750364 297.24591064
v 20.35527992 4.96655989 298.10430908
v 20.35527992 4.66885233 298.92343140
v 20.35527992 4.23342562 299.67843628
v 20.35527992 3.67351127 300.34634399
v 20.35527992 3.00612116 300.90689087
v 20.35527992 2.25153375 301.34301758
v 20.35527992 1.43267691 301.64147949
v 20.35527992 0.57443118 301.79324341
v 20.35527992 -0.29712617 301.79364014
v 20.65528107 -2.72964263 300.90957642
v 20.65528107 -3.39755583 300.34963989
v 20.65528107 -3.95809364 299.68225098
v 20.65528107 -4.39422464 298.92767334
v 20.65528107 -4.69269705 298.10882568
v 20.65528107 -4.84444237 297.25057983
v 20.65528107 -4.84484911 296.37902832
v 20.65528107 -4.69390535 295.52062988
v 20.65528107 -4.39619780 294.70150757
v 20.65528107 -3.96077132 293.94650269
v 20.65528107 -3.40085673 293.27859497
v 20.65528107 -2.73346663 292.71804810
v 20.65528107 -1.97887933 292.28192139
v 20.65528107 -1.16002250 291.98345947
v 20.65528107 -0.30177674 291.83169556
v 20.65528107 0.56978059 291.83129883
v 20.65528107 1.42816770 291.98223877
v 20.65528107 2.24730277 292.27993774
v 20.65528107 3.00229692 292.71536255
v 20.65528107 3.67021012 293.27529907
v 20.65528107 4.23074818 293.94268799
v 20.65528107 4.66687918 294.69726562
v 20.65528107 4.96535158 295.51611328
v 20.65528107 5.11709690 296.37435913
v 20.65528107 5.11750364 297.24591064
v 20.65528107 4.96655989 298.10430908
v 20.65528107 4.66885233 298.92343140
v 20.65528107 4.23342562 299.67843628
v 20.65528107 3.67351127 300.34634399
v 20.65528107 3.00612116 300.90689087
v 20.65528107 2.25153375 301.34301758
v 20.65528107 1.43267691 301.64147949
v 20.65528107 0.57443118 301.79324341
v 20.65528107 -0.29712617 301.79364014
v 20.65528107 -1.15551329 301.64270020
v 20.65528107 -1.97464836 301.34500122
v 20.65528107 8.79688454 286.06842041
v 20.65528107 8.30267811 288.08349609
v 20.65528107 9.88984394 287.04983521
v 20.65528107 8.63531590 288.30554199
v 20.65528107 8.85766315 288.63796997
v 20.65528107 7.91039133 288.00567627
v 20.65528107 7.60579777 285.20870972
v 20.65528107 7.51817751 288.08386230
v 20.65528107 7.18574715 288.30621338
v 20.65528107 6.33007908 284.48049927
v 20.65528107 6.96371031 288.63885498
v 20.65528107 4.98418236 283.89199829
v 20.65528107 1.07835162 286.20428467
v 20.65528107 1.15619195 285.81198120
v 20.65528107 3.58335733 283.44992065
v 20.65528107 1.07798529 285.41976929
v 20.65528107 2.14347625 283.15921021
v 20.65528107 0.85563803 285.08734131
v 20.65528107 0.52300042 284.86529541
v 20.65528107 0.68085337 283.02322388
v 20.65528107 0.13071352 284.78747559
v 20.65528107 -0.78793919 283.04345703
v 20.65528107 -0.26150054 284.86566162
v 20.65528107 -0.59393072 285.08801270
v 20.65528107 -2.24625945 283.21969604
v 20.65528107 -0.81596750 285.42065430
v 20.65528107 -3.67758417 283.54995728
v 20.65528107 -0.89380789 285.81295776
v 20.65528107 -5.06569576 284.03048706
v 20.65528107 -0.81560129 286.20516968
v 20.65528107 -6.69868422 288.64523315
v 20.65528107 -5.14091492 290.23419189
v 20.65528107 -6.62047768 289.03744507
v 20.65528107 -5.52363396 290.15826416
v 20.65528107 -5.90628195 290.23455811
v 20.65528107 -6.69831800 289.42974854
v 20.65528107 -6.23060417 290.45147705
v 20.65528107 -6.92035484 289.76235962
v 20.65528107 -7.25278521 289.98471069
v 20.65528107 -6.92103148 288.31280518
v 20.65528107 -6.39486599 284.65585327
v 20.65528107 -7.25366926 288.09075928
v 20.65528107 -7.65003538 285.41894531
v 20.65528107 -7.64595604 288.01293945
v 20.65528107 -8.81698227 286.31112671
v 20.65528107 -8.03816986 288.09112549
v 20.65528107 -8.37060070 288.31347656
v 20.65528107 -9.88248444 287.32229614
v 20.65528107 -8.59263706 288.64611816
v 20.65528107 -10.83446980 288.44097900
v 20.65528107 -8.67047787 289.03839111
v 20.65528107 -8.59227085 289.43063354
v 20.65528107 -11.66215134 289.65454102
v 20.65528107 -8.36992359 289.76306152
v 20.65528107 -12.35615158 290.94918823
v 20.65528107 -8.03728580 289.98507690
v 20.65528107 -10.47186279 295.87045288
v 20.65528107 -6.44686794 291.54138184
v 20.65528107 -6.22994375 291.86569214
v 20.65528107 -10.13922596 296.09246826
v 20.65528107 -5.90541935 292.08230591
v 20.65528107 -12.90860653 292.31027222
v 20.65528107 -10.86415005 295.79260254
v 20.65528107 -13.31325817 293.72238159
v 20.65528107 -11.25636387 295.87081909
v 20.65528107 -13.56552029 295.16949463
v 20.65528107 -11.58879471 296.09317017
v 20.65528107 -11.81083107 296.42578125
v 20.65528107 -13.66253471 296.63522339
v 20.65528107 -11.88867188 296.81808472
v 20.65528107 -11.81046486 297.21029663
v 20.65528107 -13.60320187 298.10293579
v 20.65528107 -11.58811760 297.54272461
v 20.65528107 -13.38819599 299.55606079
v 20.65528107 -11.25547981 297.76477051
v 20.65528107 -10.86319351 297.84259033
v 20.65528107 -13.01995087 300.97808838
v 20.65528107 -12.50264072 302.35290527
v 20.65528107 -11.84212494 303.66497803
v 20.65528107 -8.36333847 303.86984253
v 20.65528107 -8.03090763 303.64749146
v 20.65528107 -10.47097874 297.76440430
v 20.65528107 -6.44194365 302.08972168
v 20.65528107 -6.22532225 301.76519775
v 20.65528107 -8.58537483 304.20245361
v 20.65528107 -11.04588890 304.89938354
v 20.65528107 -8.66321564 304.59475708
v 20.65528107 -10.12295437 306.04214478
v 20.65528107 -8.58500862 304.98696899
v 20.65528107 -8.36266136 305.31939697
v 20.65528107 -9.08377743 307.08035278
v 20.65528107 -8.03002357 305.54144287
v 20.65528107 -7.63773680 305.61926270
v 20.65528107 -7.94013405 308.00222778
v 20.65528107 -7.24552298 305.54107666
v 20.65528107 -6.70498037 308.79730225
v 20.65528107 -6.91309261 305.31872559
v 20.65528107 -5.39231205 309.45660400
v 20.65528107 -6.69105577 304.98608398
v 20.65528107 -0.80569714 307.42065430
v 20.65528107 -5.13477087 303.39566040
v 20.65528107 -4.81044865 303.17874146
v 20.65528107 -0.58366030 307.08801270
v 20.65528107 -4.59382772 302.85421753
v 20.65528107 -0.25123015 306.86566162
v 20.65528107 0.14098389 306.78747559
v 20.65528107 0.53327078 306.86529541
v 20.65528107 0.86590838 307.08734131
v 20.65528107 4.87212086 302.84979248
v 20.65528107 5.08904505 303.17413330
v 20.65528107 1.08825564 307.41976929
v 20.65528107 5.41356945 303.39074707
v 20.65528107 6.97133875 304.97970581
v 20.65528107 6.89313221 304.58749390
v 20.65528107 -0.88353747 307.81295776
v 20.65528107 -4.01700211 309.97262573
v 20.65528107 -2.59463310 310.33953857
v 20.65528107 -1.14132118 310.55319214
v 20.65528107 -0.58298361 308.53759766
v 20.65528107 -0.80533093 308.20516968
v 20.65528107 -0.25034600 308.75961304
v 20.65528107 0.32646683 310.61114502
v 20.65528107 0.14194091 308.83746338
v 20.65528107 0.53415495 308.75924683
v 20.65528107 1.79210055 310.51278687
v 20.65528107 0.86658514 308.53692627
v 20.65528107 1.08862197 308.20428467
v 20.65528107 3.23897362 310.25915527
v 20.65528107 1.16646230 307.81198120
v 20.65528107 4.65069246 309.85317993
v 20.65528107 6.01126194 309.29946899
v 20.65528107 7.19368601 305.31213379
v 20.65528107 7.30526590 308.60424805
v 20.65528107 7.52632380 305.53417969
v 20.65528107 8.51804256 307.77545166
v 20.65528107 7.91861057 305.61199951
v 20.65528107 8.31082439 305.53381348
v 20.65528107 9.63585186 306.82241821
v 20.65528107 8.64325523 305.31146240
v 20.65528107 10.64602757 305.75598145
v 20.65528107 8.86529160 304.97882080
v 20.65528107 8.94313240 304.58654785
v 20.65528107 11.53712368 304.58819580
v 20.65528107 8.86492538 304.19430542
v 20.65528107 12.29904461 303.33230591
v 20.65528107 8.64257812 303.86187744
v 20.65528107 12.92315674 302.00256348
v 20.65528107 8.30994034 303.63986206
v 20.65528107 10.74451733 297.75448608
v 20.65528107 6.71952248 302.08355713
v 20.65528107 6.50259829 301.75924683
v 20.65528107 10.41187954 297.53247070
v 20.65528107 6.17807388 301.54263306
v 20.65528107 11.13680458 297.83233643
v 20.65528107 13.40238857 300.61398315
v 20.65528107 11.52901840 297.75411987
v 20.65528107 13.73131180 299.18237305
v 20.65528107 11.86144829 297.53176880
v 20.65528107 13.90619755 297.72387695
v 20.65528107 12.08348560 297.19912720
v 20.65528107 12.16132545 296.80685425
v 20.65528107 13.92506599 296.25506592
v 20.65528107 12.08311939 296.41464233
v 20.65528107 13.78770161 294.79257202
v 20.65528107 11.86077213 296.08221436
v 20.65528107 11.52813435 295.86016846
v 20.65528107 13.49566174 293.35296631
v 20.65528107 11.13584709 295.78234863
v 20.65528107 13.05225563 291.95254517
v 20.65528107 10.74363327 295.86053467
v 20.65528107 8.30356216 289.97744751
v 20.65528107 6.71459818 291.53521729
v 20.65528107 7.91134834 290.05566406
v 20.65528107 6.79053974 291.15249634
v 20.65528107 6.71424103 290.76986694
v 20.65528107 7.51906157 289.97781372
v 20.65528107 6.49731684 290.44552612
v 20.65528107 7.18642378 289.75579834
v 20.65528107 6.96407652 289.42337036
v 20.65528107 12.46250725 290.60720825
v 20.65528107 8.63599300 289.75509644
v 20.65528107 11.73309803 289.33215332
v 20.65528107 8.85802937 289.42248535
v 20.65528107 8.93587017 289.03018188
v 20.65528107 10.87229252 288.14187622
v 20.65528107 -5.13563347 301.54791260
v 20.65528107 -4.81110907 301.76452637
v 20.65528107 -4.59418488 302.08883667
v 20.65528107 -5.51835251 301.47195435
v 20.65528107 -5.90100050 301.54824829
v 20.65528107 -9.91651249 297.20941162
v 20.65528107 -9.83867168 296.81713867
v 20.65528107 -9.91687870 296.42489624
v 20.65528107 -5.52270031 292.15826416
v 20.65528107 -5.14005232 292.08197021
v 20.65528107 -4.81573057 291.86502075
v 20.65528107 -4.59910917 291.54049683
v 20.65528107 -4.52316713 291.15777588
v 20.65528107 -4.59946632 290.77514648
v 20.65528107 -0.59325397 286.53759766
v 20.65528107 -0.26061636 286.75964355
v 20.65528107 0.13167053 286.83746338
v 20.65528107 0.52388459 286.75927734
v 20.65528107 4.86648178 290.77072144
v 20.65528107 4.79054022 291.15344238
v 20.65528107 4.86683941 291.53610229
v 20.65528107 5.08376360 291.86041260
v 20.65528107 5.40828800 292.07702637
v 20.65528107 5.79100704 292.15298462
v 20.65528107 6.17365456 292.07666016
v 20.65528107 10.18916607 296.41552734
v 20.65528107 10.11132622 296.80780029
v 20.65528107 10.18953228 297.20001221
v 20.65528107 5.79535484 301.46667480
v 20.65528107 5.41270685 301.54296875
v 20.65528107 5.08838463 301.75991821
v 20.65528107 4.87176371 302.08444214
v 20.65528107 4.79582167 302.46716309
v 20.65528107 -4.51788568 302.47149658
v 20.65528107 -6.44722509 290.77600098
v 20.65528107 -7.64499903 290.06292725
v 20.65528107 -6.52316713 291.15872192
v 20.65528107 -10.13854885 297.54205322
v 20.65528107 -7.24640703 303.64712524
v 20.65528107 -6.91376925 303.86914062
v 20.65528107 -6.22466230 303.17941284
v 20.65528107 -6.69142199 304.20156860
v 20.65528107 -5.90013790 303.39602661
v 20.65528107 -6.61321545 304.59378052
v 20.65528107 -5.51741886 303.47195435
v 20.65528107 -7.63869381 303.56927490
v 20.65528107 -6.51788568 302.47244263
v 20.65528107 -6.44158649 302.85507202
v 20.65528107 6.97097254 304.19519043
v 20.65528107 6.17893648 303.39038086
v 20.65528107 5.79628849 303.46667480
v 20.65528107 6.50325871 303.17346191
v 20.65528107 7.19300938 303.86257935
v 20.65528107 7.52543974 303.64022827
v 20.65528107 6.71987963 302.84893799
v 20.65528107 7.91765356 303.56201172
v 20.65528107 6.79582167 302.46621704
v 20.65528107 10.41120338 296.08288574
v 20.65528107 6.49797678 291.85974121
v 20.65528107 6.17279196 290.22891235
v 20.65528107 6.88586998 289.03112793
v 20.65528107 5.79007339 290.15298462
v 20.65528107 5.40742540 290.22927856
v 20.65528107 5.08310318 290.44619751
v 20.65528107 0.85631478 286.53692627
v 20.65528107 -4.81639051 290.45080566
v 20.85527992 10.54429436 287.44900513
v 20.85527992 9.49005699 286.39575195
v 20.85527992 8.32983875 285.46054077
v 20.85527992 7.07678413 284.65393066
v 20.85527992 5.74509144 283.98507690
v 20.85527992 4.34984970 283.46157837
v 20.85527992 2.90686655 283.08935547
v 20.85527992 1.43249226 282.87258911
v 20.85527992 -0.05656804 282.81381226
v 20.85527992 -1.54344285 282.91360474
v 20.85527992 -3.01128507 283.17089844
v 20.85527992 -4.44346380 283.58273315
v 20.85527992 -5.82375145 284.14450073
v 20.85527992 -7.13650894 284.84979248
v 20.85527992 -8.36686230 285.69061279
v 20.85527992 -9.50087166 286.65744019
v 20.85527992 -10.52568722 287.73934937
v 20.85527992 -11.42969799 288.92404175
v 20.85527992 -12.20266056 290.19815063
v 20.85527992 -12.83581829 291.54714966
v 20.85527992 -13.32199669 292.95584106
v 20.85527992 -13.65568638 294.40823364
v 20.85527992 -13.83310699 295.88784790
v 20.85527992 -13.85224819 297.37796021
v 20.85527992 -13.71289349 298.86163330
v 20.85527992 -13.41662121 300.32211304
v 20.85527992 -12.96678925 301.74282837
v 20.85527992 -12.36849308 303.10766602
v 20.85527992 -11.62851238 304.40118408
v 20.85527992 -10.75523186 305.60870361
v 20.85527992 -9.75854492 306.71658325
v 20.85527992 -8.64974594 307.71224976
v 20.85527992 -7.44139671 308.58438110
v 20.85527992 -6.14718914 309.32315063
v 20.85527992 -4.78178644 309.92019653
v 20.85527992 -3.36065984 310.36868286
v 20.85527992 -1.89991093 310.66360474
v 20.85527992 -0.41609064 310.80157471
v 20.85527992 1.07398880 310.78103638
v 20.85527992 2.55344415 310.60223389
v 20.85527992 4.00551271 310.26718140
v 20.85527992 5.41374159 309.77969360
v 20.85527992 6.76217556 309.14526367
v 20.85527992 8.03553581 308.37112427
v 20.85527992 9.21939468 307.46600342
v 20.85527992 10.30033970 306.44018555
v 20.85527992 11.26612091 305.30526733
v 20.85527992 12.10579872 304.07412720
v 20.85527992 12.80985641 302.76071167
v 20.85527992 13.37031841 301.37991333
v 20.85527992 13.78083420 299.94735718
v 20.85527992 14.03675175 298.47924805
v 20.85527992 14.13517189 296.99227905
v 20.85527992 14.07497978 295.50329590
v 20.85527992 13.85685730 294.02911377
v 20.85527992 13.48327637 292.58648682
v 20.85527992 12.95846844 291.19174194
v 20.85527992 12.28838062 289.86065674
v 20.85527992 11.48060513 288.60836792
v 22.95528030 -8.64974594 307.71224976
v 22.95528030 -9.75854492 306.71658325
v 22.95528030 -10.75523186 305.60870361
v 22.95528030 -11.62851238 304.40118408
v 22.95528030 -12.36849308 303.10766602
v 22.95528030 -12.96678925 301.74282837
v 22.95528030 -13.41662121 300.32211304
v 22.95528030 -13.71289349 298.86163330
v 22.95528030 -13.85224819 297.37796021
v 22.95528030 -13.83310699 295.88784790
v 22.95528030 -13.65568638 294.40823364
v 22.95528030 -13.32199669 292.95584106
v 22.95528030 -12.83581829 291.54714966
v 22.95528030 -12.20266056 290.19815063
v 22.95528030 -11.42969799 288.92404175
v 22.95528030 -10.52568722 287.73934937
v 22.95528030 -9.50087166 286.65744019
v 22.95528030 -8.36686230 285.69061279
v 22.95528030 -7.13650894 284.84979248
v 22.95528030 -5.82375145 284.14450073
v 22.95528030 -4.44346380 283.58273315
v 22.95528030 -3.01128507 283.17089844
v 22.95528030 -1.54344285 282.91360474
v 22.95528030 -0.05656804 282.81381226
v 22.95528030 1.43249226 282.87258911
v 22.95528030 2.90686655 283.08935547
v 22.95528030 4.34984970 283.46157837
v 22.95528030 5.74509144 283.98507690
v 22.95528030 7.07678413 284.65393066
v 22.95528030 8.32983875 285.46054077
v 22.95528030 9.49005699 286.39575195
v 22.95528030 10.54429436 287.44900513
v 22.95528030 11.48060513 288.60836792
v 22.95528030 12.28838062 289.86065674
v 22.95528030 12.95846844 291.19174194
v 22.95528030 13.48327637 292.58648682
v 22.95528030 13.85685730 294.02911377
v 22.95528030 14.07497978 295.50329590
v 22.95528030 14.13517189 296.99227905
v 22.95528030 14.03675175 298.47924805
v 22.95528030 13.78083420 299.94735718
v 22.95528030 13.37031841 301.37991333
v 22.95528030 12.80985641 302.76071167
v 22.95528030 12.10579872 304.07412720
v 22.95528030 11.26612091 305.30526733
v 22.95528030 10.30033970 306.44018555
v 22.95528030 9.21939468 307.46600342
v 22.95528030 8.03553581 308.37112427
v 22.95528030 6.76217556 309.14526367
v 22.95528030 5.41374159 309.77969360
v 22.95528030 4.00551271 310.26718140
v 22.95528030 2.55344415 310.60223389
v 22.95528030 1.07398880 310.78103638
v 22.95528030 -0.41609064 310.80157471
v 22.95528030 -1.89991093 310.66360474
v 22.95528030 -3.36065984 310.36868286
v 22.95528030 -4.78178644 309.92019653
v 22.95528030 -6.14718914 309.32315063
v 22.95528030 -7.44139671 308.58438110
v 23.15528107 -6.30075550 284.60574341
v 23.15528107 -4.96965837 283.99182129
v 23.15528107 -3.73533654 283.56671143
v 23.15528107 -2.46636629 283.26013184
v 23.15528107 -1.17410433 283.07482910
v 23.15528107 0.12988488 283.01248169
v 23.15528107 1.43393183 283.07360840
v 23.15528107 2.72636628 283.25769043
v 23.15528107 3.99562216 283.56311035
v 23.15528107 5.23034048 283.98706055
v 23.15528107 6.56201029 284.59973145
v 23.15528107 7.82117891 285.35021973
v 23.15528107 8.99363995 286.23004150
v 23.15528107 10.06616497 287.22924805
v 23.15528107 11.02665234 288.33657837
v 23.15528107 11.86426353 289.53955078
v 23.15528107 12.56955051 290.82455444
v 23.15528107 13.13455296 292.17715454
v 23.15528107 13.55289745 293.58203125
v 23.15528107 13.81986332 295.02337646
v 23.15528107 13.93243885 296.48489380
v 23.15528107 13.88935375 297.95013428
v 23.15528107 13.69109344 299.40249634
v 23.15528107 13.33989620 300.82565308
v 23.15528107 12.83972359 302.20355225
v 23.15528107 12.19621849 303.52059937
v 23.15528107 11.41664314 304.76196289
v 23.15528107 10.50979233 305.91363525
v 23.15528107 9.48589802 306.96261597
v 23.15528107 8.35651302 307.89706421
v 23.15528107 7.13438082 308.70648193
v 23.15528107 5.83328915 309.38165283
v 23.15528107 4.46791935 309.91503906
v 23.15528107 3.05367637 310.30056763
v 23.15528107 1.60651696 310.53393555
v 23.15528107 0.14276953 310.61245728
v 23.15528107 -1.32105052 310.53530884
v 23.15528107 -2.76842713 310.30328369
v 23.15528107 -4.18302965 309.91906738
v 23.15528107 -5.54889679 309.38696289
v 23.15528107 -6.85061789 308.71301270
v 23.15528107 -8.07350636 307.90475464
v 23.15528107 -9.20376301 306.97134399
v 23.15528107 -10.22863579 305.92330933
v 23.15528107 -11.13656139 304.77249146
v 23.15528107 -11.91729641 303.53186035
v 23.15528107 -12.56202984 302.21539307
v 23.15528107 -13.06348896 300.83798218
v 23.15528107 -13.41601562 299.41516113
v 23.15528107 -13.61563110 297.96295166
v 23.15528107 -13.66008472 296.49777222
v 23.15528107 -13.54887390 295.03616333
v 23.15528107 -13.28325367 293.59457397
v 23.15528107 -12.86622047 292.18930054
v 23.15528107 -12.30248070 290.83618164
v 23.15528107 -11.59839439 289.55050659
v 23.15528107 -10.76190662 288.34674072
v 23.15528107 -9.80245399 287.23852539
v 23.15528107 -8.73086262 286.23831177
v 23.15528107 -7.55922318 285.35739136
v 23.15528107 0.67212951 284.65100098
v 23.15528107 1.03674960 284.90606689
v 23.15528107 1.29214597 285.27044678
v 23.15528107 1.40751421 285.70019531
v 23.15528107 1.36893916 286.14349365
v 23.15528107 5.23318958 290.09027100
v 23.15528107 1.18107355 286.54687500
v 23.15528107 4.89236164 290.35717773
v 23.15528107 0.86657673 286.86166382
v 23.15528107 4.66843033 290.72769165
v 23.15528107 1.42816770 291.98223877
v 23.15528107 2.24730277 292.27993774
v 23.15528107 4.59053993 291.15353394
v 23.15528107 3.00229692 292.71536255
v 23.15528107 4.66882801 291.57931519
v 23.15528107 4.89310503 291.94958496
v 23.15528107 0.24226445 284.53604126
v 23.15528107 -0.20099759 284.57504272
v 23.15528107 -0.60419267 284.76327515
v 23.15528107 -0.91868949 285.07806396
v 23.15528107 -1.10655510 285.48144531
v 23.15528107 -1.14513016 285.92474365
v 23.15528107 -1.02976191 286.35449219
v 23.15528107 -4.96680927 290.09503174
v 23.15528107 -4.62573242 290.36163330
v 23.15528107 -0.77436548 286.71887207
v 23.15528107 -0.40974548 286.97393799
v 23.15528107 0.02011960 287.08889771
v 23.15528107 -0.30177674 291.83169556
v 23.15528107 -1.16002250 291.98345947
v 23.15528107 -4.40145540 290.73193359
v 23.15528107 -1.97887933 292.28192139
v 23.15528107 -4.32316732 291.15768433
v 23.15528107 -2.73346663 292.71804810
v 23.15528107 -4.40105772 291.58355713
v 23.15528107 -4.62498903 291.95404053
v 23.15528107 -3.40085673 293.27859497
v 23.15528107 -4.96581697 292.22097778
v 23.15528107 -3.96077132 293.94650269
v 23.15528107 -4.39619780 294.70150757
v 23.15528107 0.56978059 291.83129883
v 23.15528107 0.46338165 287.04989624
v 23.15528107 -2.72964263 300.90957642
v 23.15528107 -3.14006543 300.72082520
v 23.15528107 -3.39755583 300.34963989
v 23.15528107 -3.76896858 300.09249878
v 23.15528107 -3.95809364 299.68225098
v 23.15528107 -4.27921152 299.36453247
v 23.15528107 -4.39422464 298.92767334
v 23.15528107 -4.65529013 298.55902100
v 23.15528107 -4.69269705 298.10882568
v 23.15528107 -4.88577843 297.70040894
v 23.15528107 -4.84444237 297.25057983
v 23.15528107 -4.96367216 296.81484985
v 23.15528107 -4.84484911 296.37902832
v 23.15528107 -4.69390535 295.52062988
v 23.15528107 -2.41161060 301.23037720
v 23.15528107 -1.97464836 301.34500122
v 23.15528107 -1.60573804 301.60571289
v 23.15528107 -1.15551329 301.64270020
v 23.15528107 -0.74693370 301.83538818
v 23.15528107 -0.29712617 301.79364014
v 23.15528107 0.13870807 301.91247559
v 23.15528107 0.57443118 301.79324341
v 23.15528107 1.02427757 301.83456421
v 23.15528107 1.43267691 301.64147949
v 23.15528107 1.88286698 301.60409546
v 23.15528107 2.25153375 301.34301758
v 23.15528107 2.68838882 301.22799683
v 23.15528107 3.00612116 300.90689087
v 23.15528107 3.41636753 300.71777344
v 23.15528107 3.67351127 300.34634399
v 23.15528107 4.04468393 300.08886719
v 23.15528107 4.23342562 299.67843628
v 23.15528107 4.55424690 299.36041260
v 23.15528107 4.66885233 298.92343140
v 23.15528107 4.92957354 298.55453491
v 23.15528107 4.96655989 298.10430908
v 23.15528107 5.15925980 297.69573975
v 23.15528107 5.11750364 297.24591064
v 23.15528107 5.23632669 296.81008911
v 23.15528107 5.11709690 296.37435913
v 23.15528107 5.23418188 292.21621704
v 23.15528107 4.96535158 295.51611328
v 23.15528107 4.66687918 294.69726562
v 23.15528107 4.23074818 293.94268799
v 23.15528107 3.67021012 293.27529907
v 24.75527954 -2.72964263 300.90957642
v 24.75527954 -3.39755583 300.34963989
v 24.75527954 -3.95809364 299.68225098
v 24.75527954 -4.39422464 298.92767334
v 24.75527954 -4.69269705 298.10882568
v 24.75527954 -4.84444237 297.25057983
v 24.75527954 -4.84484911 296.37902832
v 24.75527954 -4.69390535 295.52062988
v 24.75527954 -4.39619780 294.70150757
v 24.75527954 -3.96077132 293.94650269
v 24.75527954 -3.40085673 293.27859497
v 24.75527954 -2.73346663 292.71804810
v 24.75527954 -1.97887933 292.28192139
v 24.75527954 -1.16002250 291.98345947
v 24.75527954 -0.30177674 291.83169556
v 24.75527954 0.56978059 291.83129883
v 24.75527954 1.42816770 291.98223877
v 24.75527954 2.24730277 292.27993774
v 24.75527954 3.00229692 292.71536255
v 24.75527954 3.67021012 293.27529907
v 24.75527954 4.23074818 293.94268799
v 24.75527954 4.66687918 294.69726562
v 24.75527954 4.96535158 295.51611328
v 24.75527954 5.11709690 296.37435913
v 24.75527954 5.11750364 297.24591064
v 24.75527954 4.96655989 298.10430908
v 24.75527954 4.66885233 298.92343140
v 24.75527954 4.23342562 299.67843628
v 24.75527954 3.67351127 300.34634399
v 24.75527954 3.00612116 300.90689087
v 24.75527954 2.25153375 301.34301758
v 24.75527954 1.43267691 301.64147949
v 24.75527954 0.57443118 301.79324341
v 24.75527954 -0.29712617 301.79364014
v 24.75527954 -1.15551329 301.64270020
v 24.75527954 -1.97464836 301.34500122
v 24.95528030 -2.59535623 300.75936890
v 24.95528030 -3.25620055 300.20816040
v 24.95528030 -1.84671319 301.18368530
v 24.95528030 -1.03433371 301.46752930
v 24.95528030 -0.18432824 301.60174561
v 24.95528030 0.67598337 301.58203125
v 24.95528030 1.51894999 301.40902710
v 24.95528030 2.31747794 301.08828735
v 24.95528030 3.04590201 300.63009644
v 24.95528030 3.68080974 300.04922485
v 24.95528030 4.20179510 299.36431885
v 24.95528030 4.59211302 298.59741211
v 24.95528030 4.83921814 297.77310181
v 24.95528030 4.93516827 296.91793823
v 24.95528030 4.87688017 296.05935669
v 24.95528030 4.66622639 295.22500610
v 24.95528030 4.30997849 294.44168091
v 24.95528030 3.81958556 293.73455811
v 24.95528030 3.21080971 293.12634277
v 24.95528030 2.50321746 292.63659668
v 24.95528030 1.71955144 292.28109741
v 24.95528030 0.88499933 292.07122803
v 24.95528030 0.02638427 292.01373291
v 24.95528030 -0.82869714 292.11047363
v 24.95528030 -1.65276194 292.35833740
v 24.95528030 -2.41932392 292.74938965
v 24.95528030 -3.10374498 293.27099609
v 24.95528030 -3.68402767 293.90646362
v 24.95528030 -4.14152098 294.63531494
v 24.95528030 -4.46152067 295.43414307
v 24.95528030 -4.63374186 296.27725220
v 24.95528030 -4.65264893 297.13760376
v 24.95528030 -4.51763439 297.98748779
v 24.95528030 -4.23303795 298.79959106
v 24.95528030 -3.80800629 299.54782104
v 24.95528030 -1.27123368 297.85232544
v 24.95528030 -0.90220070 298.22100830
v 24.95528030 -0.44088995 298.46453857
v 24.95528030 0.07170902 298.56127930
v 24.95528030 0.93544704 300.79135132
v 24.95528030 0.93551952 300.94662476
v 24.95528030 -1.51519859 297.39123535
v 24.95528030 -1.61241829 296.87872314
v 24.95528030 -1.55425429 296.36032104
v 24.95528030 -3.04694033 294.05624390
v 24.95528030 -2.91241789 294.13381958
v 24.95528030 -2.75712633 294.13375854
v 24.95528030 -1.34587467 295.88211060
v 24.95528030 -2.62267637 294.05603027
v 24.95528030 -1.00579488 295.48654175
v 24.95528030 -2.54509330 293.92150879
v 24.95528030 -0.56423253 295.20880127
v 24.95528030 -2.54516602 293.76623535
v 24.95528030 -2.62287450 293.63177490
v 24.95528030 -2.75739694 293.55419922
v 24.95528030 -3.12472129 293.76651001
v 24.95528030 -3.12464881 293.92178345
v 24.95528030 -2.91268826 293.55426025
v 24.95528030 -3.04713845 293.63198853
v 24.95528030 -0.06042242 295.07357788
v 24.95528030 0.46086976 295.09283447
v 24.95528030 0.95332491 295.26489258
v 24.95528030 1.37318623 295.57446289
v 24.95528030 1.68314719 295.99401855
v 24.95528030 1.85566652 296.48632812
v 24.95528030 4.11594152 297.60787964
v 24.95528030 4.27123308 297.60778809
v 24.95528030 4.40575552 297.68539429
v 24.95528030 4.48346424 297.81982422
v 24.95528030 4.48353672 297.97512817
v 24.95528030 4.40595388 298.10964966
v 24.95528030 4.27150393 298.18734741
v 24.95528030 4.11621237 298.18743896
v 24.95528030 3.98168969 298.10983276
v 24.95528030 1.46331048 297.95333862
v 24.95528030 3.90398121 297.97540283
v 24.95528030 1.74063766 297.51153564
v 24.95528030 3.90390873 297.82009888
v 24.95528030 1.87541485 297.00759888
v 24.95528030 3.98149157 297.68557739
v 24.95528030 1.06807494 298.29379272
v 24.95528030 1.43729401 300.65661621
v 24.95528030 1.30277145 300.57904053
v 24.95528030 1.51500249 300.79107666
v 24.95528030 1.51507497 300.94635010
v 24.95528030 1.43749201 301.08087158
v 24.95528030 1.30304193 301.15859985
v 24.95528030 1.14775050 301.15866089
v 24.95528030 1.01322794 301.08108521
v 24.95528030 1.01302993 300.65682983
v 24.95528030 0.59004962 298.50262451
v 24.95528030 1.14748001 300.57910156
v 24.75527954 1.23183095 295.71594238
v 24.75527954 1.51705861 296.10812378
v 24.75527954 1.66713083 296.56927490
v 24.75527954 1.66735721 297.05422974
v 24.75527954 1.51771569 297.51550293
v 24.75527954 1.23285425 297.90795898
v 24.75527954 0.84065711 298.19320679
v 24.75527954 0.37951529 298.34326172
v 24.75527954 -0.10543150 298.34350586
v 24.75527954 -0.56671327 298.19384766
v 24.75527954 -0.95917654 297.90899658
v 24.75527954 -1.24440420 297.51678467
v 24.75527954 -1.39447641 297.05566406
v 24.75527954 -1.39470279 296.57070923
v 24.75527954 -1.24506128 296.10943604
v 24.75527954 -0.96019983 295.71697998
v 24.75527954 -0.56800270 295.43173218
v 24.75527954 -0.10686087 295.28167725
v 24.75527954 0.37808591 295.28143311
v 24.75527954 0.83936769 295.43109131
v 23.75527954 -0.56671327 298.19384766
v 23.75527954 -0.95917654 297.90899658
v 23.75527954 -1.24440420 297.51678467
v 23.75527954 -1.39447641 297.05566406
v 23.75527954 -1.39470279 296.57070923
v 23.75527954 -1.24506128 296.10943604
v 23.75527954 -0.96019983 295.71697998
v 23.75527954 -0.56800270 295.43173218
v 23.75527954 -0.10686087 295.28167725
v 23.75527954 0.37808591 295.28143311
v 23.75527954 0.83936769 295.43109131
v 23.75527954 1.23183095 295.71594238
v 23.75527954 1.51705861 296.10812378
v 23.75527954 1.66713083 296.56927490
v 23.75527954 1.66735721 297.05422974
v 23.75527954 1.51771569 297.51550293
v 23.75527954 1.23285425 297.90795898
v 23.75527954 0.84065711 298.19320679
v 23.75527954 0.37951529 298.34326172
v 23.75527954 -0.10543150 298.34350586
v 23.75527954 2.38795853 300.17886353
v 23.75527954 3.00144625 299.67492676
v 23.75527954 3.50482917 299.06094360
v 23.75527954 3.87876248 298.36059570
v 23.75527954 4.10887623 297.60073853
v 23.75527954 4.18632698 296.81057739
v 23.75527954 4.10813808 296.02050781
v 23.75527954 3.87731528 295.26086426
v 23.75527954 3.50272846 294.56085205
v 23.75527954 2.99877238 293.94735718
v 23.75527954 2.38481426 293.44396973
v 23.75527954 1.68444812 293.07003784
v 23.75527954 0.92458856 292.83990479
v 23.75527954 0.13443653 292.76248169
v 23.75527954 -0.65564287 292.84066772
v 23.75527954 -1.41528726 293.07147217
v 23.75527954 -2.11530399 293.44607544
v 23.75527954 -2.72879195 293.95001221
v 23.75527954 -3.23217487 294.56399536
v 23.75527954 -3.60610795 295.26434326
v 23.75527954 -3.83622169 296.02420044
v 23.75527954 -3.91367245 296.81436157
v 23.75527954 -3.83548379 297.60443115
v 23.75527954 -3.60466099 298.36407471
v 23.75527954 -3.23007393 299.06408691
v 23.75527954 -2.72611809 299.67758179
v 23.75527954 -2.11215997 300.18096924
v 23.75527954 -1.41179371 300.55490112
v 23.75527954 -0.65193415 300.78500366
v 23.75527954 0.13821790 300.86245728
v 23.75527954 0.92829728 300.78427124
v 23.75527954 1.68794167 300.55346680
v 24.65528107 1.22526097 300.86883545
v 24.65528107 -2.83490729 293.84399414
v 24.65528107 4.19372272 297.89761353
v 23.15528107 -7.10454035 287.87646484
v 23.15528107 -6.73992014 288.13153076
v 22.89903069 -6.92103148 288.31280518
v 23.15528107 -6.48452377 288.49591064
v 22.89903069 -6.69868422 288.64523315
v 23.15528107 -6.36915541 288.92565918
v 22.89903069 -6.62047768 289.03744507
v 23.15528107 -6.40773058 289.36895752
v 22.89903069 -6.69831800 289.42974854
v 23.15528107 -6.59559631 289.77233887
v 22.89903069 -6.92035484 289.76235962
v 23.15528107 -6.91009283 290.08712769
v 22.89903069 -7.25278521 289.98471069
v 23.15528107 -7.31328821 290.27536011
v 22.89903069 -7.64499903 290.06292725
v 23.15528107 -7.75655031 290.31436157
v 22.89903069 -8.03728580 289.98507690
v 23.15528107 -8.18641472 290.19937134
v 22.89903069 -8.36992359 289.76306152
v 23.15528107 -8.55103493 289.94433594
v 23.15528107 -8.80643177 289.57995605
v 22.89903069 -8.59227085 289.43063354
v 23.15528107 -8.92179966 289.15017700
v 22.89903069 -8.67047787 289.03839111
v 23.15528107 -8.88322449 288.70687866
v 22.89903069 -8.59263706 288.64611816
v 23.15528107 -8.69535923 288.30352783
v 22.89903069 -8.37060070 288.31347656
v 23.15528107 -8.38086224 287.98873901
v 22.89903069 -8.03816986 288.09112549
v 23.15528107 -7.97766733 287.80047607
v 22.89903069 -7.64595604 288.01293945
v 23.15528107 -7.53440523 287.76150513
v 22.89903069 -7.25366926 288.09075928
v 23.15528107 -10.32273388 295.65615845
v 23.15528107 -9.95811367 295.91119385
v 22.89903069 -10.13922596 296.09246826
v 23.15528107 -9.70271778 296.27557373
v 22.89903069 -9.91687870 296.42489624
v 23.15528107 -9.58734894 296.70535278
v 22.89903069 -9.83867168 296.81713867
v 23.15528107 -9.62592411 297.14865112
v 22.89903069 -9.91651249 297.20941162
v 23.15528107 -9.81379032 297.55200195
v 22.89903069 -10.13854885 297.54205322
v 23.15528107 -10.12828732 297.86679077
v 22.89903069 -10.47097874 297.76440430
v 23.15528107 -10.53148174 298.05505371
v 22.89903069 -10.86319351 297.84259033
v 23.15528107 -10.97474384 298.09402466
v 22.89903069 -11.25547981 297.76477051
v 23.15528107 -11.40460873 297.97906494
v 22.89903069 -11.58811760 297.54272461
v 23.15528107 -11.76922894 297.72399902
v 23.15528107 -12.02462578 297.35961914
v 22.89903069 -11.81046486 297.21029663
v 23.15528107 -12.13999367 296.92987061
v 22.89903069 -11.88867188 296.81808472
v 23.15528107 -12.10141850 296.48657227
v 22.89903069 -11.81083107 296.42578125
v 23.15528107 -11.91355324 296.08319092
v 22.89903069 -11.58879471 296.09317017
v 23.15528107 -11.59905624 295.76840210
v 22.89903069 -11.25636387 295.87081909
v 23.15528107 -11.19586086 295.58016968
v 22.89903069 -10.86415005 295.79260254
v 23.15528107 -10.75259876 295.54116821
v 22.89903069 -10.47186279 295.87045288
v 23.15528107 -7.09727812 303.43280029
v 23.15528107 -6.73265791 303.68786621
v 22.89903069 -6.91376925 303.86914062
v 23.15528107 -6.47726154 304.05224609
v 22.89903069 -6.69142199 304.20156860
v 23.15528107 -6.36189318 304.48199463
v 22.89903069 -6.61321545 304.59378052
v 23.15528107 -6.40046835 304.92529297
v 22.89903069 -6.69105577 304.98608398
v 23.15528107 -6.58833408 305.32867432
v 22.89903069 -6.91309261 305.31872559
v 23.15528107 -6.90283060 305.64346313
v 22.89903069 -7.24552298 305.54107666
v 23.15528107 -7.30602598 305.83172607
v 22.89903069 -7.63773680 305.61926270
v 23.15528107 -7.74928761 305.87069702
v 22.89903069 -8.03002357 305.54144287
v 23.15528107 -8.17915249 305.75573730
v 22.89903069 -8.36266136 305.31939697
v 23.15528107 -8.54377270 305.50067139
v 23.15528107 -8.79916954 305.13629150
v 22.89903069 -8.58500862 304.98696899
v 23.15528107 -8.91453743 304.70654297
v 22.89903069 -8.66321564 304.59475708
v 23.15528107 -8.87596226 304.26324463
v 22.89903069 -8.58537483 304.20245361
v 23.15528107 -8.68809700 303.85986328
v 22.89903069 -8.36333847 303.86984253
v 23.15528107 -8.37360001 303.54507446
v 22.89903069 -8.03090763 303.64749146
v 23.15528107 -7.97040510 303.35684204
v 22.89903069 -7.63869381 303.56927490
v 23.15528107 -7.52714300 303.31784058
v 22.89903069 -7.24640703 303.64712524
v 23.15528107 0.68239987 306.65100098
v 23.15528107 1.04701996 306.90606689
v 22.89903069 0.86590838 307.08734131
v 23.15528107 1.30241632 307.27044678
v 22.89903069 1.08825564 307.41976929
v 23.15528107 1.41778457 307.70019531
v 22.89903069 1.16646230 307.81198120
v 23.15528107 1.37920952 308.14349365
v 22.89903069 1.08862197 308.20428467
v 23.15528107 1.19134390 308.54687500
v 22.89903069 0.86658514 308.53692627
v 23.15528107 0.87684709 308.86166382
v 22.89903069 0.53415495 308.75924683
v 23.15528107 0.47365201 309.04989624
v 22.89903069 0.14194091 308.83746338
v 23.15528107 0.03038997 309.08889771
v 22.89903069 -0.25034600 308.75961304
v 23.15528107 -0.39947510 308.97393799
v 22.89903069 -0.58298361 308.53759766
v 23.15528107 -0.76409513 308.71887207
v 23.15528107 -1.01949155 308.35449219
v 22.89903069 -0.80533093 308.20516968
v 23.15528107 -1.13485980 307.92474365
v 22.89903069 -0.88353747 307.81295776
v 23.15528107 -1.09628475 307.48144531
v 22.89903069 -0.80569714 307.42065430
v 23.15528107 -0.90841913 307.07806396
v 22.89903069 -0.58366030 307.08801270
v 23.15528107 -0.59392232 306.76327515
v 22.89903069 -0.25123015 306.86566162
v 23.15528107 -0.19072722 306.57504272
v 22.89903069 0.14098389 306.78747559
v 23.15528107 0.25253484 306.53604126
v 22.89903069 0.53327078 306.86529541
v 23.15528107 8.45906925 303.42553711
v 23.15528107 8.82368946 303.68060303
v 22.89903069 8.64257812 303.86187744
v 23.15528107 9.07908630 304.04498291
v 22.89903069 8.86492538 304.19430542
v 23.15528107 9.19445419 304.47476196
v 22.89903069 8.94313240 304.58654785
v 23.15528107 9.15587902 304.91806030
v 22.89903069 8.86529160 304.97882080
v 23.15528107 8.96801376 305.32141113
v 22.89903069 8.64325523 305.31146240
v 23.15528107 8.65351677 305.63619995
v 22.89903069 8.31082439 305.53381348
v 23.15528107 8.25032139 305.82446289
v 22.89903069 7.91861057 305.61199951
v 23.15528107 7.80705976 305.86343384
v 22.89903069 7.52632380 305.53417969
v 23.15528107 7.37719440 305.74847412
v 22.89903069 7.19368601 305.31213379
v 23.15528107 7.01257467 305.49340820
v 23.15528107 6.75717831 305.12902832
v 22.89903069 6.97133875 304.97970581
v 23.15528107 6.64180994 304.69927979
v 22.89903069 6.89313221 304.58749390
v 23.15528107 6.68038511 304.25598145
v 22.89903069 6.97097254 304.19519043
v 23.15528107 6.86825037 303.85260010
v 22.89903069 7.19300938 303.86257935
v 23.15528107 7.18274736 303.53781128
v 22.89903069 7.52543974 303.64022827
v 23.15528107 7.58594227 303.34957886
v 22.89903069 7.91765356 303.56201172
v 23.15528107 8.02920437 303.31057739
v 22.89903069 8.30994034 303.63986206
v 23.15528107 11.67726326 295.64587402
v 23.15528107 12.04188347 295.90093994
v 22.89903069 11.86077213 296.08221436
v 23.15528107 12.29728031 296.26531982
v 22.89903069 12.08311939 296.41464233
v 23.15528107 12.41264820 296.69506836
v 22.89903069 12.16132545 296.80685425
v 23.15528107 12.37407303 297.13836670
v 22.89903069 12.08348560 297.19912720
v 23.15528107 12.18620777 297.54174805
v 22.89903069 11.86144829 297.53176880
v 23.15528107 11.87171078 297.85653687
v 22.89903069 11.52901840 297.75411987
v 23.15528107 11.46851540 298.04476929
v 22.89903069 11.13680458 297.83233643
v 23.15528107 11.02525330 298.08377075
v 22.89903069 10.74451733 297.75448608
v 23.15528107 10.59538841 297.96878052
v 22.89903069 10.41187954 297.53247070
v 23.15528107 10.23076820 297.71374512
v 23.15528107 9.97537231 297.34936523
v 22.89903069 10.18953228 297.20001221
v 23.15528107 9.86000347 296.91958618
v 22.89903069 10.11132622 296.80780029
v 23.15528107 9.89857864 296.47628784
v 22.89903069 10.18916607 296.41552734
v 23.15528107 10.08644485 296.07293701
v 22.89903069 10.41120338 296.08288574
v 23.15528107 10.40094090 295.75814819
v 22.89903069 10.74363327 295.86053467
v 23.15528107 10.80413628 295.56988525
v 22.89903069 11.13584709 295.78234863
v 23.15528107 11.24739838 295.53091431
v 22.89903069 11.52813435 295.86016846
v 23.15528107 8.45180702 287.86920166
v 23.15528107 8.81642723 288.12426758
v 22.89903069 8.63531590 288.30554199
v 23.15528107 9.07182407 288.48864746
v 22.89903069 8.85766315 288.63796997
v 23.15528107 9.18719196 288.91839600
v 22.89903069 8.93587017 289.03018188
v 23.15528107 9.14861679 289.36169434
v 22.89903069 8.85802937 289.42248535
v 23.15528107 8.96075153 289.76507568
v 22.89903069 8.63599300 289.75509644
v 23.15528107 8.64625454 290.07986450
v 22.89903069 8.30356216 289.97744751
v 23.15528107 8.24305916 290.26809692
v 22.89903069 7.91134834 290.05566406
v 23.15528107 7.79979753 290.30709839
v 22.89903069 7.51906157 289.97781372
v 23.15528107 7.36993217 290.19210815
v 22.89903069 7.18642378 289.75579834
v 23.15528107 7.00531244 289.93707275
v 23.15528107 6.74991608 289.57269287
v 22.89903069 6.96407652 289.42337036
v 23.15528107 6.63454771 289.14291382
v 22.89903069 6.88586998 289.03112793
v 23.15528107 6.67312288 288.69961548
v 22.89903069 6.96371031 288.63885498
v 23.15528107 6.86098814 288.29626465
v 22.89903069 7.18574715 288.30621338
v 23.15528107 7.17548513 287.98147583
v 22.89903069 7.51817751 288.08386230
v 23.15528107 7.57868004 287.79321289
v 22.89903069 7.91039133 288.00567627
v 23.15528107 8.02194214 287.75424194
v 22.89903069 8.30267811 288.08349609
v 22.89903069 0.85563803 285.08734131
v 22.89903069 1.07798529 285.41976929
v 22.89903069 1.15619195 285.81198120
v 22.89903069 1.07835162 286.20428467
v 22.89903069 0.85631478 286.53692627
v 22.89903069 0.52388459 286.75927734
v 22.89903069 0.13167053 286.83746338
v 22.89903069 -0.26061636 286.75964355
v 22.89903069 -0.59325397 286.53759766
v 22.89903069 -0.81560129 286.20516968
v 22.89903069 -0.89380789 285.81295776
v 22.89903069 -0.81596750 285.42065430
v 22.89903069 -0.59393072 285.08801270
v 22.89903069 -0.26150054 284.86566162
v 22.89903069 0.13071352 284.78747559
v 22.89903069 0.52300042 284.86529541
v 22.95528030 -4.81639051 290.45080566
v 22.95528030 -5.14091492 290.23419189
v 23.15528107 -5.35587692 289.96997070
v 22.95528030 -5.52363396 290.15826416
v 23.15528107 -5.76434708 289.98272705
v 22.95528030 -5.90628195 290.23455811
v 23.15528107 -6.14484501 290.13183594
v 22.95528030 -6.23060417 290.45147705
v 23.15528107 -6.45324087 290.39999390
v 22.95528030 -6.44722509 290.77600098
v 23.15528107 -6.65376711 290.75607300
v 22.95528030 -6.52316713 291.15872192
v 23.15528107 -6.72316694 291.15881348
v 23.15528107 -6.65339136 291.56149292
v 22.95528030 -6.44686794 291.54138184
v 23.15528107 -6.45253277 291.91738892
v 22.95528030 -6.22994375 291.86569214
v 23.15528107 -6.14388609 292.18524170
v 22.95528030 -5.90541935 292.08230591
v 23.15528107 -5.76324940 292.33398438
v 22.95528030 -5.52270031 292.15826416
v 23.15528107 -5.35476732 292.34637451
v 22.95528030 -5.14005232 292.08197021
v 22.95528030 -4.81573057 291.86502075
v 22.95528030 -4.59910917 291.54049683
v 22.95528030 -4.52316713 291.15777588
v 22.95528030 -4.59946632 290.77514648
v 23.15528107 -4.43007946 302.97860718
v 23.15528107 -4.66896152 303.32009888
v 22.95528030 -4.81044865 303.17874146
v 23.15528107 -5.01023626 303.55929565
v 22.95528030 -5.13477087 303.39566040
v 23.15528107 -5.41274071 303.66735840
v 22.95528030 -5.51741886 303.47195435
v 23.15528107 -5.82792711 303.63122559
v 22.95528030 -5.90013790 303.39602661
v 23.15528107 -6.20571852 303.45526123
v 22.95528030 -6.22466230 303.17941284
v 23.15528107 -6.50054646 303.16070557
v 22.95528030 -6.44158649 302.85507202
v 23.15528107 -6.67685127 302.78308105
v 22.95528030 -6.51788568 302.47244263
v 23.15528107 -6.71336794 302.36791992
v 22.95528030 -6.44194365 302.08972168
v 23.15528107 -6.60569143 301.96533203
v 22.95528030 -6.22532225 301.76519775
v 23.15528107 -6.36680984 301.62384033
v 23.15528107 -6.02553511 301.38464355
v 22.95528030 -5.90100050 301.54824829
v 23.15528107 -5.62303066 301.27658081
v 22.95528030 -5.51835251 301.47195435
v 23.15528107 -5.20784378 301.31271362
v 22.95528030 -5.13563347 301.54791260
v 23.15528107 -4.83005285 301.48864746
v 22.95528030 -4.81110907 301.76452637
v 23.15528107 -4.53522444 301.78320312
v 22.95528030 -4.59418488 302.08883667
v 23.15528107 -4.35891962 302.16082764
v 22.95528030 -4.51788568 302.47149658
v 23.15528107 -4.32240343 302.57598877
v 22.95528030 -4.59382772 302.85421753
v 23.15528107 6.88362741 302.97332764
v 23.15528107 6.64474583 303.31481934
v 22.95528030 6.50325871 303.17346191
v 23.15528107 6.30347109 303.55401611
v 22.95528030 6.17893648 303.39038086
v 23.15528107 5.90096664 303.66207886
v 22.95528030 5.79628849 303.46667480
v 23.15528107 5.48577976 303.62594604
v 22.95528030 5.41356945 303.39074707
v 23.15528107 5.10798883 303.44998169
v 22.95528030 5.08904505 303.17413330
v 23.15528107 4.81316042 303.15542603
v 22.95528030 4.87212086 302.84979248
v 23.15528107 4.63685560 302.77780151
v 22.95528030 4.79582167 302.46716309
v 23.15528107 4.60033941 302.36264038
v 22.95528030 4.87176371 302.08444214
v 23.15528107 4.70801592 301.96005249
v 22.95528030 5.08838463 301.75991821
v 23.15528107 4.94689751 301.61856079
v 23.15528107 5.28817225 301.37936401
v 22.95528030 5.41270685 301.54296875
v 23.15528107 5.69067669 301.27130127
v 22.95528030 5.79535484 301.46667480
v 23.15528107 6.10586357 301.30743408
v 22.95528030 6.17807388 301.54263306
v 23.15528107 6.48365450 301.48336792
v 22.95528030 6.50259829 301.75924683
v 23.15528107 6.77848291 301.77792358
v 22.95528030 6.71952248 302.08355713
v 23.15528107 6.95478773 302.15554810
v 22.95528030 6.79582167 302.46621704
v 23.15528107 6.99130392 302.57070923
v 22.95528030 6.71987963 302.84893799
v 23.15528107 5.62214041 289.96484375
v 22.95528030 5.40742540 290.22927856
v 22.95528030 5.08310318 290.44619751
v 22.95528030 4.86648178 290.77072144
v 22.95528030 4.79054022 291.15344238
v 22.95528030 4.86683941 291.53610229
v 22.95528030 5.08376360 291.86041260
v 22.95528030 5.40828800 292.07702637
v 23.15528107 5.62324953 292.34124756
v 22.95528030 5.79100704 292.15298462
v 23.15528107 6.03171968 292.32849121
v 22.95528030 6.17365456 292.07666016
v 23.15528107 6.41221762 292.17938232
v 22.95528030 6.49797678 291.85974121
v 23.15528107 6.72061348 291.91122437
v 22.95528030 6.71459818 291.53521729
v 23.15528107 6.92114019 291.55514526
v 22.95528030 6.79053974 291.15249634
v 23.15528107 6.99054003 291.15240479
v 23.15528107 6.92076397 290.74975586
v 22.95528030 6.71424103 290.76986694
v 23.15528107 6.71990538 290.39382935
v 22.95528030 6.49731684 290.44552612
v 23.15528107 6.41125917 290.12597656
v 22.95528030 6.17279196 290.22891235
v 23.15528107 6.03062201 289.97723389
v 22.95528030 5.79007339 290.15298462
v 23.15528107 8.53536415 287.94784546
v 23.15528107 8.86805058 288.22674561
v 23.15528107 9.08528614 288.60260010
v 23.15528107 9.16086960 289.03009033
v 23.15528107 9.08568478 289.45764160
v 23.15528107 8.86880016 289.83370972
v 23.15528107 8.53637505 290.11291504
v 23.15528107 8.12850475 290.26156616
v 23.15528107 7.69438410 290.26177979
v 23.15528107 7.28637505 290.11349487
v 23.15528107 6.95368958 289.83459473
v 23.15528107 6.73645353 289.45874023
v 23.15528107 6.66087008 289.03125000
v 23.15528107 6.73605442 288.60369873
v 23.15528107 6.95293951 288.22763062
v 23.15528107 7.28536463 287.94842529
v 23.15528107 7.69323492 287.79974365
v 23.15528107 8.12735558 287.79956055
v 23.15528107 11.76082039 295.72451782
v 23.15528107 12.09350681 296.00338745
v 23.15528107 12.31074238 296.37927246
v 23.15528107 12.38632584 296.80676270
v 23.15528107 12.31114101 297.23431396
v 23.15528107 12.09425640 297.61038208
v 23.15528107 11.76183128 297.88958740
v 23.15528107 11.35396099 298.03823853
v 23.15528107 10.91984081 298.03845215
v 23.15528107 10.51183128 297.89016724
v 23.15528107 10.17914581 297.61126709
v 23.15528107 9.96191025 297.23541260
v 23.15528107 9.88632584 296.80792236
v 23.15528107 9.96151066 296.38037109
v 23.15528107 10.17839527 296.00430298
v 23.15528107 10.51082039 295.72509766
v 23.15528107 10.91869068 295.57641602
v 23.15528107 11.35281181 295.57623291
v 23.15528107 8.54262638 303.50418091
v 23.15528107 8.87531281 303.78308105
v 23.15528107 9.09254837 304.15893555
v 23.15528107 9.16813183 304.58642578
v 23.15528107 9.09294701 305.01397705
v 23.15528107 8.87606239 305.39004517
v 23.15528107 8.54363728 305.66925049
v 23.15528107 8.13576698 305.81793213
v 23.15528107 7.70164633 305.81811523
v 23.15528107 7.29363728 305.66983032
v 23.15528107 6.96095181 305.39093018
v 23.15528107 6.74371624 305.01507568
v 23.15528107 6.66813231 304.58758545
v 23.15528107 6.74331665 304.16003418
v 23.15528107 6.96020174 303.78396606
v 23.15528107 7.29262686 303.50476074
v 23.15528107 7.70049715 303.35610962
v 23.15528107 8.13461781 303.35589600
v 23.15528107 0.76595694 306.72964478
v 23.15528107 1.09864271 307.00854492
v 23.15528107 1.31587851 307.38439941
v 23.15528107 1.39146221 307.81188965
v 23.15528107 1.31627762 308.23944092
v 23.15528107 1.09939289 308.61550903
v 23.15528107 0.76696771 308.89471436
v 23.15528107 0.35909727 309.04336548
v 23.15528107 -0.07502312 309.04357910
v 23.15528107 -0.48303217 308.89529419
v 23.15528107 -0.81571794 308.61639404
v 23.15528107 -1.03295362 308.24053955
v 23.15528107 -1.10853744 307.81304932
v 23.15528107 -1.03335285 307.38549805
v 23.15528107 -0.81646812 307.00942993
v 23.15528107 -0.48404291 306.73022461
v 23.15528107 -0.07617248 306.58157349
v 23.15528107 0.35794792 306.58135986
v 23.15528107 -7.01372099 303.51144409
v 23.15528107 -6.68103504 303.79034424
v 23.15528107 -6.46379948 304.16619873
v 23.15528107 -6.38821554 304.59368896
v 23.15528107 -6.46340036 305.02124023
v 23.15528107 -6.68028498 305.39730835
v 23.15528107 -7.01271009 305.67651367
v 23.15528107 -7.42058039 305.82519531
v 23.15528107 -7.85470104 305.82537842
v 23.15528107 -8.26270962 305.67709351
v 23.15528107 -8.59539604 305.39819336
v 23.15528107 -8.81263161 305.02233887
v 23.15528107 -8.88821507 304.59484863
v 23.15528107 -8.81303024 304.16729736
v 23.15528107 -8.59614563 303.79122925
v 23.15528107 -8.26372051 303.51202393
v 23.15528107 -7.85585022 303.36337280
v 23.15528107 -7.42173004 303.36315918
v 23.15528107 -10.23917675 295.73477173
v 23.15528107 -9.90649128 296.01367188
v 23.15528107 -9.68925571 296.38952637
v 23.15528107 -9.61367130 296.81701660
v 23.15528107 -9.68885612 297.24456787
v 23.15528107 -9.90574074 297.62063599
v 23.15528107 -10.23816586 297.89984131
v 23.15528107 -10.64603710 298.04852295
v 23.15528107 -11.08015728 298.04870605
v 23.15528107 -11.48816586 297.90042114
v 23.15528107 -11.82085228 297.62152100
v 23.15528107 -12.03808784 297.24566650
v 23.15528107 -12.11367130 296.81817627
v 23.15528107 -12.03848648 296.39062500
v 23.15528107 -11.82160187 296.01455688
v 23.15528107 -11.48917675 295.73535156
v 23.15528107 -11.08130646 295.58670044
v 23.15528107 -10.64718628 295.58648682
v 23.15528107 -7.02098322 287.95510864
v 23.15528107 -6.68829727 288.23400879
v 23.15528107 -6.47106171 288.60986328
v 23.15528107 -6.39547777 289.03735352
v 23.15528107 -6.47066259 289.46490479
v 23.15528107 -6.68754721 289.84097290
v 23.15528107 -7.01997232 290.12017822
v 23.15528107 -7.42784262 290.26882935
v 23.15528107 -7.86196327 290.26904297
v 23.15528107 -8.26997185 290.12075806
v 23.15528107 -8.60265827 289.84185791
v 23.15528107 -8.81989384 289.46600342
v 23.15528107 -8.89547729 289.03851318
v 23.15528107 -8.82029247 288.61096191
v 23.15528107 -8.60340786 288.23489380
v 23.15528107 -8.27098274 287.95568848
v 23.15528107 -7.86311245 287.80700684
v 23.15528107 -7.42899227 287.80682373
v 23.15528107 5.23023987 283.77206421
v 23.15528107 6.58742762 284.38735962
v 23.15528107 7.87152863 285.14343262
v 23.15528107 9.06799507 286.03167725
v 23.15528107 10.16327190 287.04208374
v 23.15528107 11.14495087 288.16317749
v 23.15528107 12.00190926 289.38226318
v 23.15528107 12.72443962 290.68551636
v 23.15528107 13.30435467 292.05819702
v 23.15528107 13.73508549 293.48474121
v 23.15528107 14.01175213 294.94897461
v 23.15528107 14.13121986 296.43432617
v 23.15528107 14.09213448 297.92398071
v 23.15528107 13.89494038 299.40100098
v 23.15528107 13.54187107 300.84872437
v 23.15528107 13.03692532 302.25073242
v 23.15528107 12.38582516 303.59109497
v 23.15528107 11.59594727 304.85467529
v 23.15528107 10.67623997 306.02713013
v 23.15528107 9.63712215 307.09521484
v 23.15528107 8.49036694 308.04678345
v 23.15528107 7.24896669 308.87109375
v 23.15528107 5.92698526 309.55877686
v 23.15528107 4.53939962 310.10205078
v 23.15528107 3.10193014 310.49475098
v 23.15528107 1.63086259 310.73245239
v 23.15528107 0.14286290 310.81246948
v 23.15528107 -1.34521079 310.73385620
v 23.15528107 -2.81649971 310.49752808
v 23.15528107 -4.25433540 310.10614014
v 23.15528107 -5.64242744 309.56417847
v 23.15528107 -6.96505070 308.87771606
v 23.15528107 -8.20722008 308.05459595
v 23.15528107 -9.35486317 307.10409546
v 23.15528107 -10.39497757 306.03698730
v 23.15528107 -11.31577969 304.86538696
v 23.15528107 -12.10683727 303.60253906
v 23.15528107 -12.75918770 302.26275635
v 23.15528107 -13.26544189 300.86123657
v 23.15528107 -13.61986351 299.41384888
v 23.15528107 -13.81843662 297.93701172
v 23.15528107 -13.85891247 296.44738770
v 23.15528107 -13.74083138 294.96194458
v 23.15528107 -13.46553230 293.49743652
v 23.15528107 -13.03613377 292.07049561
v 23.15528107 -12.45749950 290.69729614
v 23.15528107 -11.73618698 289.39334106
v 23.15528107 -10.88036728 288.17346191
v 23.15528107 -9.89973545 287.05145264
v 23.15528107 -8.80540276 286.04003906
v 23.15528107 -7.60976553 285.15063477
v 23.15528107 -6.32637119 284.39340210
v 23.15528107 -4.96975899 283.77682495
v -7.76838064 -10.37964439 332.51739502
v -7.86169481 -10.56815529 333.03509521
v -7.84471989 -11.44700527 332.51788330
v -7.91286802 -11.44676399 333.03552246
v -7.86169481 -12.32537174 333.03591919
v -8.11266899 -11.44653893 333.51788330
v -8.06014442 -12.34834290 333.51831055
v -8.43050575 -11.44634533 333.93209839
v -8.37583256 -12.38504791 333.93252563
v -8.84471989 -11.44619656 334.24993896
v -8.78724575 -12.43298626 334.25039673
v -9.32708168 -11.44610405 334.44973755
v -9.26634598 -12.48889256 334.45022583
v -9.84471989 -11.44607162 334.51788330
v -9.76672459 -12.66090488 334.51843262
v -7.70886755 -9.70142937 333.03469849
v -7.54091692 -9.33401203 332.51690674
v -7.45645285 -8.85830498 333.03430176
v -7.16695976 -8.33139324 332.51641846
v -7.10786390 -8.05018520 333.03393555
v -6.65412140 -7.39219999 332.51599121
v -6.66781521 -7.28799868 333.03356934
v -6.01284170 -6.53555059 332.51559448
v -6.14225769 -6.58205223 333.03323364
v -5.53829813 -5.94189262 333.03295898
v -5.67540979 -5.79633760 333.51522827
v -4.98341751 -5.21568727 333.51498413
v -5.17321634 -4.96054935 333.92907715
v -4.38761282 -4.44384956 333.92883301
v -4.59471989 -4.08498192 334.24649048
v -3.71139765 -3.64136076 334.24627686
v -3.90245152 -3.19835520 334.44589233
v -2.92089009 -2.84109616 334.44570923
v -3.04773164 -2.33872819 334.51364136
v -1.90449047 -2.60020494 334.44558716
v -1.86091864 -2.06784582 334.51348877
v -0.86699760 -2.47893953 334.44555664
v -0.64920968 -1.95095384 334.51345825
v 0.17755821 -2.47893953 334.44555664
v 0.56749904 -1.98997128 334.51345825
v 1.21505105 -2.60020494 334.44558716
v 1.76922917 -2.18425775 334.51354980
v 2.23145080 -2.84109616 334.44570923
v 2.93624830 -2.53062272 334.51373291
v 3.21301222 -3.19835520 334.44589233
v 4.04939413 -3.02337933 334.51394653
v 4.14646149 -3.66715097 334.44610596
v 5.09038877 -3.65443635 334.51425171
v 5.01917505 -4.24114370 334.44638062
v 6.04213858 -4.41343164 334.51458740
v 5.81935120 -4.91257095 334.44668579
v 6.88901711 -5.28790283 334.51501465
v 6.53616858 -5.67235327 334.44702148
v 7.61711740 -6.26349068 334.51547241
v 7.15993404 -6.51021576 334.44741821
v 7.68221188 -7.41482735 334.44784546
v 6.75692654 -6.77537107 334.24774170
v 7.25115776 -7.63140440 334.24813843
v 6.41085625 -7.00313377 333.93002319
v 6.88100290 -7.81745148 333.93038940
v 6.14530706 -7.17798138 333.51589966
v 6.59697342 -7.96028996 333.51626587
v 5.97837591 -7.28799868 333.03356934
v 6.41842461 -8.05018520 333.03393555
v 5.96468163 -7.39219999 332.51599121
v 6.47752047 -8.33139324 332.51641846
v -5.25617504 -5.77888441 332.51522827
v -4.86410427 -5.37617731 333.03268433
v -4.22869444 -4.71929789 333.51473999
v -3.54733610 -4.02184677 333.92861938
v -2.78254724 -3.30328703 334.24612427
v -4.39952564 -5.13760471 332.51492310
v -4.12879372 -4.89255571 333.03247070
v -3.42144728 -4.31388330 333.51455688
v -2.66374946 -3.70024753 333.92846680
v -1.82072914 -3.07533193 334.24603271
v -3.46033239 -4.62476635 332.51470947
v -3.34231019 -4.49756908 333.03228760
v -2.57259274 -4.00492573 333.51440430
v -1.74880171 -3.48340106 333.92837524
v -0.83895075 -2.96057844 334.24597168
v -2.45771384 -4.25080919 332.51452637
v -2.51528907 -4.19655800 333.03213501
v -1.69360995 -3.79660296 333.51431274
v -0.81486636 -3.37423968 333.92831421
v 0.14951137 -2.96057844 334.24597168
v -1.65891480 -3.99359345 333.03204346
v -1.41208100 -4.02334547 332.51440430
v -0.78476840 -3.89142036 333.03198242
v -0.34471968 -3.94700623 332.51437378
v 0.09532901 -3.89142036 333.03198242
v 0.72264159 -4.02334547 332.51440430
v 0.96947551 -3.99359345 333.03204346
v 1.76827455 -4.25080919 332.51452637
v 1.82584977 -4.19655800 333.03213501
v 2.77089286 -4.62476635 332.51470947
v 2.65287066 -4.49756908 333.03228760
v 3.43935442 -4.89255571 333.03247070
v 3.53925490 -4.71929789 333.51473999
v 4.29397774 -5.21568727 333.51498413
v 4.48377705 -4.96054935 333.92907715
v 5.20408344 -5.56495810 333.92935181
v 5.48833418 -5.26352167 334.24703979
v 6.16665792 -5.98250294 334.24737549
v 3.71008635 -5.13760471 332.51492310
v 4.17466497 -5.37617731 333.03268433
v 4.98597050 -5.79633760 333.51522827
v 5.84935188 -6.24890232 333.92965698
v 4.56673574 -5.77888441 332.51522827
v 4.84885883 -5.94189262 333.03295898
v 5.60587454 -6.45339775 333.51556396
v 5.32340193 -6.53555059 332.51559448
v 5.45281839 -6.58205223 333.03323364
v 6.76701355 -8.85830498 333.03430176
v 6.85147762 -9.33401203 332.51690674
v 7.01942825 -9.70142937 333.03469849
v 7.07894135 -10.37964439 332.51739502
v 7.17225552 -10.56815529 333.03509521
v 7.15528011 -11.44700527 332.51788330
v 7.22342873 -11.44676399 333.03552246
v 7.17225552 -12.32537174 333.03591919
v 7.37070560 -12.34834290 333.51831055
v 7.21384335 -13.23795128 333.51870728
v 7.52311325 -13.31105614 333.93295288
v 7.25343418 -14.21184731 333.93338013
v 7.64266777 -14.35336781 334.25128174
v 7.25115776 -15.26098919 334.25170898
v 7.68221188 -15.47737980 334.45159912
v 7.15993404 -16.38199234 334.45202637
v 7.61711740 -16.62865257 334.52029419
v 6.53616858 -17.21985435 334.45242310
v 6.88901711 -17.60424042 334.52075195
v 5.81935120 -17.97963715 334.45278931
v 6.04213858 -18.47871208 334.52114868
v 5.01917505 -18.65106392 334.45309448
v 5.09038877 -19.23770714 334.52151489
v 4.14646149 -19.22505569 334.45336914
v 4.04939413 -19.86876488 334.52182007
v 3.21301222 -19.69385147 334.45358276
v 2.93624830 -20.36152077 334.52203369
v 2.23145080 -20.05111122 334.45373535
v 1.76922917 -20.70788574 334.52221680
v 1.21505105 -20.29200172 334.45385742
v 0.56749904 -20.90217209 334.52230835
v 0.17755821 -20.41326714 334.45391846
v -0.64920968 -20.94119072 334.52230835
v -0.86699760 -20.41326714 334.45391846
v -1.86091864 -20.82429695 334.52224731
v -1.90449047 -20.29200172 334.45385742
v -3.04773164 -20.55341530 334.52212524
v -2.92089009 -20.05111122 334.45373535
v -3.90245152 -19.69385147 334.45358276
v -2.78254724 -19.58910751 334.25372314
v -3.71139765 -19.25103378 334.25357056
v -2.66374946 -19.19244385 333.93569946
v -3.54733610 -18.87084389 333.93554688
v -2.57259274 -18.88815117 333.52136230
v -3.42144728 -18.57919312 333.52120972
v -2.51528907 -18.69696999 333.03890991
v -3.34231019 -18.39595795 333.03875732
v -3.46033239 -18.26924515 332.52105713
v -4.12879372 -18.00097275 333.03857422
v -4.39952564 -17.75640678 332.52081299
v -4.86410427 -17.51735115 333.03836060
v -5.25617504 -17.11512756 332.52053833
v -5.53829813 -16.95163536 333.03808594
v -6.01284170 -16.35846138 332.52017212
v -6.14225769 -16.31147575 333.03778076
v -6.65412140 -15.50181103 332.51977539
v -6.66781521 -15.60552883 333.03744507
v -7.10786390 -14.84334183 333.03710938
v -7.28641272 -14.93278790 333.51950073
v -7.64420414 -14.10333347 333.51913452
v -7.94287348 -14.21184731 333.93338013
v -8.21255302 -13.31105614 333.93295288
v -8.61560154 -13.40643120 334.25085449
v 7.07894135 -12.51436710 332.51837158
v 7.01942825 -13.19209862 333.03634644
v 6.95476484 -14.10333347 333.51913452
v 6.88100290 -15.07523918 333.93377686
v 6.75692654 -16.11702347 334.25210571
v 6.85147762 -13.55999947 332.51885986
v 6.76701355 -14.03522301 333.03671265
v 6.59697342 -14.93278790 333.51950073
v 6.41085625 -15.88955688 333.93417358
v 6.16665792 -16.90989113 334.25247192
v 6.47752047 -14.56261730 332.51934814
v 6.41842461 -14.84334183 333.03710938
v 6.14530706 -15.71509647 333.51986694
v 5.84935188 -16.64378738 333.93450928
v 5.48833418 -17.62887192 334.25280762
v 5.96468163 -15.50181103 332.51977539
v 5.97837591 -15.60552883 333.03744507
v 5.60587454 -16.43968010 333.52020264
v 5.20408344 -17.32773209 333.93484497
v 4.73112822 -18.26424408 334.25311279
v 5.32340193 -16.35846138 332.52017212
v 5.45281839 -16.31147575 333.03778076
v 4.98597050 -17.09673882 333.52050781
v 4.48377705 -17.93214226 333.93511963
v 3.90528035 -18.80741119 334.25335693
v 4.84885883 -16.95163536 333.03808594
v 4.56673574 -17.11512756 332.52053833
v 4.17466497 -17.51735115 333.03836060
v 3.71008635 -17.75640678 332.52081299
v 3.43935442 -18.00097275 333.03857422
v 2.77089286 -18.26924515 332.52105713
v 2.65287066 -18.39595795 333.03875732
v 1.76827455 -18.64320183 332.52124023
v 1.82584977 -18.69696999 333.03890991
v 0.96947551 -18.89993477 333.03900146
v 1.00417054 -19.09647369 333.52145386
v 0.10694639 -19.20134544 333.52151489
v 0.12542698 -19.51845169 333.93585205
v -0.81486636 -19.51845169 333.93585205
v -0.83895075 -19.93181610 334.25390625
v -1.82072914 -19.81706238 334.25384521
v 0.72264159 -18.87066460 332.52133179
v 0.09532901 -19.00210762 333.03903198
v -0.79638577 -19.20134544 333.52151489
v -1.74880171 -19.40929031 333.93582153
v -0.34471968 -18.94700432 332.52139282
v -0.78476840 -19.00210762 333.03903198
v -1.69360995 -19.09647369 333.52145386
v -1.41208100 -18.87066460 332.52133179
v -1.65891480 -18.89993477 333.03900146
v -2.45771384 -18.64320183 332.52124023
v -7.16695976 -14.56261730 332.51934814
v -7.45645285 -14.03522301 333.03671265
v -7.90328264 -13.23795128 333.51870728
v -7.54091692 -13.55999947 332.51885986
v -7.70886755 -13.19209862 333.03634644
v -7.76838064 -12.51436710 332.51837158
v -9.08496094 -13.51757908 334.45068359
v -9.53402042 -13.85579014 334.51901245
v -8.78537846 -14.51825237 334.45117188
v -9.15042877 -15.01110840 334.51953125
v -8.37165165 -15.47737980 334.45159912
v -8.62224770 -16.10788727 334.52005005
v -7.84937334 -16.38199234 334.45202637
v -7.95814896 -17.12812042 334.52053833
v -7.22560835 -17.21985435 334.45242310
v -7.16903830 -18.05505562 334.52096558
v -6.50879049 -17.97963715 334.45278931
v -6.26787281 -18.87347031 334.52136230
v -5.70861435 -18.65106392 334.45309448
v -5.26944923 -19.56992722 334.52166748
v -4.83590078 -19.22505569 334.45336914
v -4.19016123 -20.13298988 334.52194214
v 8.21448421 -15.56796646 334.51980591
v 8.09593964 -14.51825237 334.45117188
v 7.92616177 -13.40643120 334.25085449
v 7.68639374 -12.38504791 333.93252563
v 7.42322969 -11.44653893 333.51788330
v 8.67130947 -14.43959999 334.51928711
v 8.39552116 -13.51757908 334.45068359
v 8.09780598 -12.43298626 334.25039673
v 7.74106693 -11.44634533 333.93209839
v 7.37070560 -10.54473495 333.51745605
v 8.98009205 -13.26207829 334.51873779
v 8.57690716 -12.48889256 334.45022583
v 8.15528011 -11.44619656 334.24993896
v 7.68639374 -10.50764275 333.93164062
v 7.21384335 -9.65512657 333.51702881
v 9.13576126 -12.05473900 334.51815796
v 8.63764191 -11.44610405 334.44973755
v 8.09780598 -10.45940685 334.24948120
v 7.52311325 -9.58163452 333.93121338
v 6.95476484 -8.78974342 333.51663208
v 9.13576126 -10.83740520 334.51760864
v 8.57690716 -10.40331554 334.44924927
v 7.92616177 -9.48596191 334.24902344
v 7.25343418 -8.68084335 333.93081665
v 8.98009205 -9.63006496 334.51702881
v 8.39552116 -9.37462902 334.44876099
v 7.64266777 -8.53902626 334.24856567
v 8.67130947 -8.45254421 334.51647949
v 8.09593964 -8.37395573 334.44830322
v 8.21448421 -7.32417679 334.51596069
v -4.19016123 -2.75915289 334.51382446
v -4.83590078 -3.66715097 334.44610596
v -5.42056751 -4.62815046 334.24673462
v -5.89352322 -5.56495810 333.92935181
v -6.29531384 -6.45339775 333.51556396
v -5.26944923 -3.32221651 334.51409912
v -5.70861435 -4.24114370 334.44638062
v -6.17777348 -5.26352167 334.24703979
v -6.53879166 -6.24890232 333.92965698
v -6.83474636 -7.17798138 333.51589966
v -6.26787281 -4.01867342 334.51440430
v -6.50879049 -4.91257095 334.44668579
v -6.85609722 -5.98250294 334.24737549
v -7.10029554 -7.00313377 333.93002319
v -7.28641272 -7.96028996 333.51626587
v -7.16903830 -4.83708811 334.51480103
v -7.22560835 -5.67235327 334.44702148
v -7.44636631 -6.77537107 334.24774170
v -7.57044220 -7.81745148 333.93038940
v -7.64420414 -8.78974342 333.51663208
v -7.95814896 -5.76402235 334.51522827
v -7.84937334 -6.51021576 334.44741821
v -7.94059706 -7.63140440 334.24813843
v -7.94287348 -8.68084335 333.93081665
v -7.90328264 -9.65512657 333.51702881
v -8.62224770 -6.78425550 334.51571655
v -8.37165165 -7.41482735 334.44784546
v -8.33210659 -8.53902626 334.24856567
v -8.21255302 -9.58163452 333.93121338
v -8.06014442 -10.54473495 333.51745605
v -9.15042877 -7.88103580 334.51620483
v -8.78537846 -8.37395573 334.44830322
v -8.61560154 -9.48596191 334.24902344
v -8.37583256 -10.50764275 333.93164062
v -9.53402042 -9.03635311 334.51675415
v -9.08496094 -9.37462902 334.44876099
v -8.78724575 -10.45940685 334.24948120
v -9.76672459 -10.23123932 334.51730347
v -9.26634598 -10.40331554 334.44924927
v -0.79638577 -3.69173241 333.51425171
v 0.12542698 -3.37423968 333.92831421
v 1.13128984 -3.07533193 334.24603271
v 0.10694639 -3.69173241 333.51425171
v 1.05936241 -3.48340106 333.92837524
v 2.09310770 -3.30328703 334.24612427
v 1.00417054 -3.79660296 333.51431274
v 1.97431004 -3.70024753 333.92846680
v 3.02195835 -3.64136076 334.24627686
v 1.88315320 -4.00492573 333.51440430
v 2.85789680 -4.02184677 333.92861938
v 3.90528035 -4.08498192 334.24649048
v 2.73200774 -4.31388330 333.51455688
v 3.69817352 -4.44384956 333.92883301
v 4.73112822 -4.62815046 334.24673462
v 4.29397774 -17.67739105 333.52078247
v 3.69817352 -18.44884109 333.93536377
v 3.02195835 -19.25103378 334.25357056
v 3.53925490 -18.17377853 333.52102661
v 2.85789680 -18.87084389 333.93554688
v 2.09310770 -19.58910751 334.25372314
v 2.73200774 -18.57919312 333.52120972
v 1.97431004 -19.19244385 333.93569946
v 1.13128984 -19.81706238 334.25384521
v 1.88315320 -18.88815117 333.52136230
v 1.05936241 -19.40929031 333.93582153
v 0.14951137 -19.93181610 334.25390625
v -4.22869444 -18.17377853 333.52102661
v -4.98341751 -17.67739105 333.52078247
v -5.67540979 -17.09673882 333.52050781
v -6.29531384 -16.43968010 333.52020264
v -6.83474636 -15.71509647 333.51986694
v -4.38761282 -18.44884109 333.93536377
v -5.17321634 -17.93214226 333.93511963
v -5.89352322 -17.32773209 333.93484497
v -6.53879166 -16.64378738 333.93450928
v -7.10029554 -15.88955688 333.93417358
v -7.57044220 -15.07523918 333.93377686
v -4.59471989 -18.80741119 334.25335693
v -5.42056751 -18.26424408 334.25311279
v -6.17777348 -17.62887192 334.25280762
v -6.85609722 -16.90989113 334.25247192
v -7.44636631 -16.11702347 334.25210571
v -7.94059706 -15.26098919 334.25170898
v -8.33210659 -14.35336781 334.25128174
v -12.64472008 -23.44606972 334.52346802
v -12.64472008 21.75392532 334.50238037
v 11.95528030 -23.44606972 334.52346802
v 11.95528030 21.75392532 334.50238037
v 27.15528107 -4.96975899 283.77682495
v 27.15528107 -4.96367216 296.81484985
v 27.15528107 5.23023987 283.77206421
v 27.15528107 5.23632669 296.81008911
v 27.15528107 -6.24349308 284.35061646
v 27.15528107 -7.45370197 285.04849243
v 27.15528107 -8.58833504 285.86349487
v 27.15528107 -9.63609409 286.78750610
v 27.15528107 -10.58654594 287.81137085
v 27.15528107 -11.43022823 288.92483521
v 27.15528107 -12.15873814 290.11685181
v 27.15528107 -12.76482391 291.37551880
v 27.15528107 -13.24244881 292.68835449
v 27.15528107 -13.58685780 294.04223633
v 27.15528107 -13.79462147 295.42370605
v 27.15528107 -13.86367130 296.81900024
v 27.15528107 -13.78629494 298.28237915
v 27.15528107 -13.55637932 299.72961426
v 27.15528107 -13.17644310 301.14492798
v 27.15528107 -12.65064907 302.51275635
v 27.15528107 -11.98475933 303.81811523
v 27.15528107 -11.18606758 305.04675293
v 27.15528107 -10.26332569 306.18515015
v 27.15528107 -9.22664356 307.22085571
v 27.15528107 -8.08737755 308.14254761
v 27.15528107 -6.85801172 308.94009399
v 27.15528107 -5.55201435 309.60476685
v 27.15528107 -4.18369436 310.12927246
v 27.15528107 -2.76804328 310.50790405
v 27.15528107 -1.32057118 310.73645020
v 27.15528107 0.14286290 310.81246948
v 27.15528107 1.60622537 310.73507690
v 27.15528107 3.05348349 310.50518799
v 27.15528107 4.46878052 310.12524414
v 27.15528107 5.83661032 309.59945679
v 27.15528107 7.14198637 308.93356323
v 27.15528107 8.37060738 308.13485718
v 27.15528107 9.50901127 307.21212769
v 27.15528107 10.54472733 306.17544556
v 27.15528107 11.46640587 305.03616333
v 27.15528107 12.26394939 303.80679321
v 27.15528107 12.92862034 302.50082397
v 27.15528107 13.45313644 301.13247681
v 27.15528107 13.83175087 299.71682739
v 27.15528107 14.06031513 298.26937866
v 27.15528107 14.13632584 296.80593872
v 27.15528107 14.06597328 295.41070557
v 27.15528107 13.85692024 294.02941895
v 27.15528107 13.51124668 292.67587280
v 27.15528107 13.03239632 291.36349487
v 27.15528107 12.42513561 290.10537720
v 27.15528107 11.69551277 288.91403198
v 27.15528107 10.85079193 287.80136108
v 27.15528107 9.89938354 286.77838135
v 27.15528107 8.85076237 285.85534668
v 27.15528107 7.71536922 285.04141235
v 27.15528107 6.50450945 284.34466553
v 27.15528107 13.00921154 284.23117065
v 27.15528107 14.13104439 285.49221802
v 27.15528107 11.77419472 283.08074951
v 27.15528107 10.43685246 282.05105591
v 27.15528107 9.00894356 281.15115356
v 27.15528107 7.50302267 280.38894653
v 27.15528107 5.93233109 279.77114868
v 27.15528107 4.31067801 279.30319214
v 27.15528107 2.65232253 278.98916626
v 27.15528107 0.34767756 284.58135986
v 27.15528107 0.97184515 278.83187866
v 27.15528107 -0.71597832 278.83267212
v 27.15528107 -0.08644285 284.58157349
v 27.15528107 -2.39630795 278.99154663
v 27.15528107 -4.05436945 279.30709839
v 27.15528107 -5.67558479 279.77658081
v 27.15528107 -7.24569941 280.39584351
v 27.15528107 -8.75090790 281.15945435
v 27.15528107 -10.17797565 282.06066895
v 27.15528107 -11.51435566 283.09161377
v 27.15528107 -12.74829769 284.24319458
v 27.15528107 -13.86895275 285.50531006
v 27.15528107 -4.88660526 295.92919922
v 27.15528107 -4.65691900 295.07040405
v 27.15528107 -4.28159237 294.26452637
v 27.15528107 -3.77202940 293.53607178
v 27.15528107 -3.14371300 292.90716553
v 27.15528107 -2.41573429 292.39694214
v 27.15528107 -0.82598835 286.61639404
v 27.15528107 -1.61021256 292.02084351
v 27.15528107 -0.49330255 286.89529419
v 27.15528107 -0.75162309 291.79037476
v 27.15528107 -0.08529349 287.04357910
v 27.15528107 0.13394636 291.71246338
v 27.15528107 0.34882692 287.04336548
v 27.15528107 1.01958811 291.78955078
v 27.15528107 0.75669730 286.89471436
v 27.15528107 1.87839246 292.01922607
v 27.15528107 1.08912253 286.61550903
v 27.15528107 2.68426514 292.39456177
v 27.15528107 3.41271973 292.90411377
v 27.15528107 4.04162312 293.53244019
v 27.15528107 4.55186605 294.26040649
v 27.15528107 4.92794466 295.06591797
v 27.15528107 5.15843296 295.92453003
v 27.15528107 -1.04322410 286.24053955
v 27.15528107 -1.11880779 285.81304932
v 27.15528107 -1.04362321 285.38549805
v 27.15528107 -0.82673854 285.00942993
v 27.15528107 -0.49431327 284.73022461
v 27.15528107 0.75568658 284.72964478
v 27.15528107 1.08837235 285.00854492
v 27.15528107 1.30560803 285.38439941
v 27.15528107 1.38119185 285.81188965
v 27.15528107 1.30600727 286.23944092
v -23.84471893 5.23023987 283.77206421
v -23.84471893 5.23632669 296.81008911
v -27.84471893 5.23023987 283.77206421
v -27.84471893 5.23632669 296.81008911
v -27.84471893 -4.96975899 283.77682495
v -27.84471893 -4.96367216 296.81484985
v -23.84471893 -4.96975899 283.77682495
v -23.84471893 -4.96367216 296.81484985
v -23.84471893 6.66087008 289.03125000
v -23.84471893 6.73645353 289.45874023
v -23.84471893 6.95368958 289.83459473
v -23.84471893 6.58742762 284.38735962
v -23.84471893 6.95293951 288.22763062
v -23.84471893 6.73605442 288.60369873
v -23.84471893 7.28536463 287.94842529
v -23.84471893 7.87152863 285.14343262
v -23.84471893 7.69323492 287.79974365
v -23.84471893 9.06799507 286.03167725
v -23.84471893 8.12735558 287.79956055
v -23.84471893 8.53536415 287.94784546
v -23.84471893 10.16327190 287.04208374
v -23.84471893 8.86805058 288.22674561
v -23.84471893 9.08528614 288.60260010
v -23.84471893 11.14495087 288.16317749
v -23.84471893 9.16086960 289.03009033
v -23.84471893 12.00190926 289.38226318
v -23.84471893 9.08568478 289.45764160
v -23.84471893 8.86880016 289.83370972
v -23.84471893 12.72443962 290.68551636
v -23.84471893 8.53637505 290.11291504
v -23.84471893 13.30435467 292.05819702
v -23.84471893 10.91869068 295.57641602
v -23.84471893 11.35281181 295.57623291
v -23.84471893 13.73508549 293.48474121
v -23.84471893 11.76082039 295.72451782
v -23.84471893 14.01175213 294.94897461
v -23.84471893 12.09350681 296.00338745
v -23.84471893 12.31074238 296.37927246
v -23.84471893 14.13121986 296.43432617
v -23.84471893 12.38632584 296.80676270
v -23.84471893 14.09213448 297.92398071
v -23.84471893 12.31114101 297.23431396
v -23.84471893 12.09425640 297.61038208
v -23.84471893 13.89494038 299.40100098
v -23.84471893 11.76183128 297.88958740
v -23.84471893 11.35396099 298.03823853
v -23.84471893 13.54187107 300.84872437
v -23.84471893 10.91984081 298.03845215
v -23.84471893 13.03692532 302.25073242
v -23.84471893 8.54262638 303.50418091
v -23.84471893 8.87531281 303.78308105
v -23.84471893 12.38582516 303.59109497
v -23.84471893 9.09254837 304.15893555
v -23.84471893 11.59594727 304.85467529
v -23.84471893 9.16813183 304.58642578
v -23.84471893 10.67623997 306.02713013
v -23.84471893 9.09294701 305.01397705
v -23.84471893 8.87606239 305.39004517
v -23.84471893 9.63712215 307.09521484
v -23.84471893 8.54363728 305.66925049
v -23.84471893 8.13576698 305.81793213
v -23.84471893 8.49036694 308.04678345
v -23.84471893 7.70164633 305.81811523
v -23.84471893 7.24896669 308.87109375
v -23.84471893 7.29363728 305.66983032
v -23.84471893 6.96095181 305.39093018
v -23.84471893 5.92698526 309.55877686
v -23.84471893 1.31587851 307.38439941
v -23.84471893 1.39146221 307.81188965
v -23.84471893 4.53939962 310.10205078
v -23.84471893 1.31627762 308.23944092
v -23.84471893 3.10193014 310.49475098
v -23.84471893 1.09939289 308.61550903
v -23.84471893 1.63086259 310.73245239
v -23.84471893 0.76696771 308.89471436
v -23.84471893 0.35909727 309.04336548
v -23.84471893 0.14286290 310.81246948
v -23.84471893 -0.07502312 309.04357910
v -23.84471893 -1.34521079 310.73385620
v -23.84471893 -0.48303217 308.89529419
v -23.84471893 -0.81571794 308.61639404
v -23.84471893 -2.81649971 310.49752808
v -23.84471893 -1.03295362 308.24053955
v -23.84471893 -4.25433540 310.10614014
v -23.84471893 -1.10853744 307.81304932
v -23.84471893 -5.64242744 309.56417847
v -23.84471893 -1.03335285 307.38549805
v -23.84471893 -6.68028498 305.39730835
v -23.84471893 -6.46340036 305.02124023
v -23.84471893 -6.96505070 308.87771606
v -23.84471893 -7.01271009 305.67651367
v -23.84471893 -7.42058039 305.82519531
v -23.84471893 -8.20722008 308.05459595
v -23.84471893 -7.85470104 305.82537842
v -23.84471893 -9.35486317 307.10409546
v -23.84471893 -8.26270962 305.67709351
v -23.84471893 -8.59539604 305.39819336
v -23.84471893 -10.39497757 306.03698730
v -23.84471893 -8.81263161 305.02233887
v -23.84471893 -8.88821507 304.59484863
v -23.84471893 -11.31577969 304.86538696
v -23.84471893 -8.81303024 304.16729736
v -23.84471893 -12.10683727 303.60253906
v -23.84471893 -8.59614563 303.79122925
v -23.84471893 -12.75918770 302.26275635
v -23.84471893 -8.26372051 303.51202393
v -23.84471893 -10.64603710 298.04852295
v -23.84471893 -10.23816586 297.89984131
v -23.84471893 -13.26544189 300.86123657
v -23.84471893 -11.08015728 298.04870605
v -23.84471893 -13.61986351 299.41384888
v -23.84471893 -11.48816586 297.90042114
v -23.84471893 -11.82085228 297.62152100
v -23.84471893 -13.81843662 297.93701172
v -23.84471893 -12.03808784 297.24566650
v -23.84471893 -12.11367130 296.81817627
v -23.84471893 -13.85891247 296.44738770
v -23.84471893 -12.03848648 296.39062500
v -23.84471893 -13.74083138 294.96194458
v -23.84471893 -11.82160187 296.01455688
v -23.84471893 -11.48917675 295.73535156
v -23.84471893 -13.46553230 293.49743652
v -23.84471893 -11.08130646 295.58670044
v -23.84471893 -13.03613377 292.07049561
v -23.84471893 -10.64718628 295.58648682
v -23.84471893 -8.26997185 290.12075806
v -23.84471893 -10.23917675 295.73477173
v -23.84471893 -7.86196327 290.26904297
v -23.84471893 -9.90649128 296.01367188
v -23.84471893 -7.42784262 290.26882935
v -23.84471893 -7.01997232 290.12017822
v -23.84471893 -6.68754721 289.84097290
v -23.84471893 -12.45749950 290.69729614
v -23.84471893 -8.60265827 289.84185791
v -23.84471893 -11.73618698 289.39334106
v -23.84471893 -8.81989384 289.46600342
v -23.84471893 -8.89547729 289.03851318
v -23.84471893 -10.88036728 288.17346191
v -23.84471893 -8.82029247 288.61096191
v -23.84471893 -9.89973545 287.05145264
v -23.84471893 -8.60340786 288.23489380
v -23.84471893 -8.27098274 287.95568848
v -23.84471893 -8.80540276 286.04003906
v -23.84471893 -7.86311245 287.80700684
v -23.84471893 -7.42899227 287.80682373
v -23.84471893 -7.60976553 285.15063477
v -23.84471893 -7.02098322 287.95510864
v -23.84471893 -6.32637119 284.39340210
v -23.84471893 -6.68829727 288.23400879
v -23.84471893 -6.47106171 288.60986328
v -23.84471893 -6.39547777 289.03735352
v -23.84471893 -6.47066259 289.46490479
v -23.84471893 -4.88577843 297.70040894
v -23.84471893 -9.68885612 297.24456787
v -23.84471893 -9.61367130 296.81701660
v -23.84471893 -9.68925571 296.38952637
v -23.84471893 -9.90574074 297.62063599
v -23.84471893 -4.65529013 298.55902100
v -23.84471893 -7.85585022 303.36337280
v -23.84471893 -7.42173004 303.36315918
v -23.84471893 -4.27921152 299.36453247
v -23.84471893 -7.01372099 303.51144409
v -23.84471893 -3.76896858 300.09249878
v -23.84471893 -6.68103504 303.79034424
v -23.84471893 -3.14006543 300.72082520
v -23.84471893 -6.46379948 304.16619873
v -23.84471893 -2.41161060 301.23037720
v -23.84471893 -6.38821554 304.59368896
v -23.84471893 -1.60573804 301.60571289
v -23.84471893 -0.81646812 307.00942993
v -23.84471893 -0.48404291 306.73022461
v -23.84471893 -0.74693370 301.83538818
v -23.84471893 -0.07617248 306.58157349
v -23.84471893 0.13870807 301.91247559
v -23.84471893 0.35794792 306.58135986
v -23.84471893 1.02427757 301.83456421
v -23.84471893 0.76595694 306.72964478
v -23.84471893 1.88286698 301.60409546
v -23.84471893 1.09864271 307.00854492
v -23.84471893 6.66813231 304.58758545
v -23.84471893 6.74371624 305.01507568
v -23.84471893 2.68838882 301.22799683
v -23.84471893 6.74331665 304.16003418
v -23.84471893 3.41636753 300.71777344
v -23.84471893 6.96020174 303.78396606
v -23.84471893 4.04468393 300.08886719
v -23.84471893 7.29262686 303.50476074
v -23.84471893 4.55424690 299.36041260
v -23.84471893 7.70049715 303.35610962
v -23.84471893 4.92957354 298.55453491
v -23.84471893 8.13461781 303.35589600
v -23.84471893 10.17914581 297.61126709
v -23.84471893 10.51183128 297.89016724
v -23.84471893 5.15925980 297.69573975
v -23.84471893 9.96191025 297.23541260
v -23.84471893 9.88632584 296.80792236
v -23.84471893 9.96151066 296.38037109
v -23.84471893 10.17839527 296.00430298
v -23.84471893 7.69438410 290.26177979
v -23.84471893 8.12850475 290.26156616
v -23.84471893 7.28637505 290.11349487
v -23.84471893 10.51082039 295.72509766
v 18.27291870 25.15524673 337.33264160
v 18.25149727 25.37686920 337.32543945
v 17.75527954 25.15527725 337.40078735
v 17.97690582 25.65145874 337.32531738
v 17.75527954 25.67288399 337.33239746
v 17.75527954 26.15515327 337.13238525
v 18.29183960 26.01601982 337.12405396
v 17.91154289 26.26363945 337.05761719
v 18.57020950 26.32186127 336.80535889
v 18.15752220 26.59056854 336.73324585
v 18.79304123 26.54813576 336.39093018
v 18.37609100 26.81962013 336.31811523
v 18.94515228 26.67942619 335.90905762
v 18.55235291 26.93518639 335.84042358
v 18.75527954 26.88639450 335.39999390
v 18.27291870 27.08619499 335.39990234
v 18.75527954 25.15515327 337.13284302
v 18.61615181 25.69170952 337.12420654
v 18.86380196 25.31138039 337.05804443
v 19.16949463 25.15500450 336.81500244
v 19.19088173 25.55720901 336.73373413
v 19.48733139 25.15481186 336.40078735
v 19.42012787 25.77558517 336.31857300
v 19.59028435 25.32376671 336.17800903
v 19.69621849 25.52597618 335.70843506
v 19.68713188 25.15458679 335.91842651
v 19.75527954 25.15434456 335.40078735
v 19.68713188 25.67198181 335.40054321
v 19.53591537 25.95162201 335.84088135
v 19.14860916 26.19256783 336.39111328
v 18.92214012 25.96992874 336.80551147
v 19.48733139 26.15434456 335.40032959
v 19.28012466 26.34445381 335.90921021
v 19.16949463 26.56855774 335.40014648
v 18.12676811 27.09542656 335.70770264
v 17.75527954 27.15434456 335.39987183
v 17.75527954 27.08643723 335.91754150
v 17.92434120 26.98971176 336.17721558
v 17.75527954 26.88686180 336.39999390
v 17.75527954 26.56921768 336.81436157
v -18.96235847 25.15524673 337.33264160
v -18.75254440 25.52673721 337.34155273
v -18.44471931 25.67288399 337.33239746
v -18.88518715 25.95224762 337.18106079
v -18.44471931 26.15515327 337.13238525
v -18.95369148 26.34492874 336.92507935
v -18.44471931 26.56921768 336.81436157
v -18.95369148 26.67974472 336.58996582
v -18.44471931 26.88686180 336.39999390
v -18.88518715 26.93535233 336.19702148
v -18.44471931 27.08643723 335.91754150
v -18.75254440 27.09545517 335.77136230
v -18.44471931 27.15434456 335.39987183
v -18.96235847 27.08619499 335.39990234
v -19.22200775 26.98942757 335.56900024
v -19.44471931 26.88639450 335.39999390
v -19.36280441 26.81948090 336.02081299
v -19.77785492 26.59013367 335.80236816
v -19.43552017 26.54815865 336.43789673
v -19.84982681 26.32158470 336.21517944
v -19.43552017 26.19275665 336.79364014
v -19.84982681 25.96981812 336.56726074
v -19.36280441 25.77593231 337.06533813
v -19.77785492 25.55725670 336.83621216
v -19.44471931 25.15515327 337.13284302
v -19.85893250 25.15500450 336.81500244
v -20.10205460 25.31112289 336.50924683
v -20.17677116 25.15481186 336.40078735
v -20.16837883 25.69130516 336.26141357
v -20.36946678 25.37620163 335.89691162
v -20.36946678 25.65066338 335.62219238
v -20.44471931 25.15434456 335.40078735
v -20.37657166 25.67198181 335.40054321
v -20.17677116 26.15434456 335.40032959
v -20.16837883 26.01546669 335.93695068
v -20.10205460 26.26293945 335.55654907
v -19.85893250 26.56855774 335.40014648
v -20.37657166 25.15458679 335.91842651
v -19.22200775 25.32426071 337.23571777
v 17.75527954 27.15154266 329.39987183
v 18.14546013 27.11293221 329.00970459
v 18.52064705 26.99894524 328.63455200
v 18.86642075 26.81396294 328.28887939
v 19.16949463 26.56509590 327.98593140
v 19.41821861 26.26190758 327.73733521
v 19.60303879 25.91604805 327.55267334
v 19.71685028 25.54080772 327.43905640
v 19.75527954 25.15060997 327.40078735
v -20.44471931 25.15060997 327.40078735
v -20.40629005 25.54080772 327.43905640
v -20.29247856 25.91604805 327.55267334
v -20.10765839 26.26190758 327.73733521
v -19.85893250 26.56509590 327.98593140
v -19.55586052 26.81396294 328.28887939
v -19.21008682 26.99894524 328.63455200
v -18.83489990 27.11293221 329.00970459
v -18.44471931 27.15154266 329.39987183
v -7.75729132 25.15060997 327.40078735
v -7.96997881 25.37845802 327.41381836
v 7.06785202 25.15060997 327.40078735
v 7.28053951 25.37845802 327.41381836
v 7.54495335 25.55473709 327.44186401
v -0.34471968 25.66404724 327.46755981
v 7.84505224 25.66410446 327.46734619
v 8.15528011 25.70064545 327.47766113
v -0.34471968 26.15073395 327.66827393
v 9.70528030 26.15073395 327.66827393
v 9.70528030 26.56509590 327.98593140
v 9.70528030 26.88312721 328.39999390
v 9.70528030 27.08315277 328.88226318
v -0.34471968 27.08315277 328.88226318
v -10.39472008 27.08315277 328.88226318
v -10.39472008 26.88312721 328.39999390
v -10.39472008 26.56509590 327.98593140
v -10.39472008 26.15073395 327.66827393
v -10.39472008 25.66451454 327.46771240
v -9.45504665 25.55473709 327.44186401
v -9.71946049 25.37845802 327.41381836
v -8.23439312 25.55473709 327.44186401
v -8.53449154 25.66410446 327.46734619
v -8.84471989 25.70064545 327.47766113
v -9.15494728 25.66410446 327.46734619
v -0.34471968 26.56509590 327.98593140
v -9.93214798 25.15060997 327.40078735
v 9.70528030 25.66451454 327.46771240
v 8.46550846 25.66410446 327.46734619
v 8.76560688 25.55473709 327.44186401
v 9.03002071 25.37845802 327.41381836
v 9.24270821 25.15060997 327.40078735
v -0.34471968 26.88312721 328.39999390
v -18.83489990 -23.40630531 337.38504028
v -18.96235847 -4.00475073 337.34625244
v -18.96235847 -13.72474957 337.35079956
v -19.44471931 -13.72484303 337.15100098
v -19.21008682 -23.29254723 337.27117920
v -19.55586052 -23.10781288 337.08627319
v -19.85893250 -13.72499084 336.83316040
v -19.85893250 -22.85920334 336.83743286
v -20.10765839 -22.55627251 336.53421021
v -20.17677116 -13.72518444 336.41894531
v -20.29247856 -22.21066093 336.18826294
v -20.37657166 -13.72540951 335.93658447
v -20.40629005 -21.83564949 335.81289673
v -20.44471931 -21.44565010 335.42254639
v -20.37657166 -4.00541067 335.93203735
v -20.37657166 5.71458817 335.92752075
v -20.17677116 5.71481323 336.40988159
v -20.17677116 15.43481255 336.40533447
v -19.85893250 15.43500519 336.81954956
v -19.44471931 15.43515396 337.13739014
v -18.96235847 15.43524742 337.33718872
v -18.96235847 5.71524811 337.34170532
v -19.44471931 -4.00484371 337.14645386
v -20.37657166 15.43458748 335.92297363
v -19.44471931 5.71515512 337.14190674
v -19.85893250 5.71500683 336.82409668
v -19.85893250 -4.00499249 336.82861328
v -20.17677116 -4.00518560 336.41439819
v 7.28053951 25.38311577 337.38757324
v -7.96997881 25.38311577 337.38757324
v -8.23439312 25.55936623 337.35934448
v -0.34471968 25.66865349 337.33352661
v -8.53449154 25.66871071 337.33374023
v -8.84471989 25.70524216 337.32342529
v -0.34471968 26.15515327 337.13238525
v -9.39472008 26.15515327 337.13238525
v -9.39472008 26.56921768 336.81436157
v -9.39472008 26.88686180 336.39999390
v -9.39472008 27.08643723 335.91754150
v -0.34471968 27.08643723 335.91754150
v 8.70528030 27.08643723 335.91754150
v 8.70528030 26.88686180 336.39999390
v 8.70528030 26.56921768 336.81436157
v 8.70528030 26.15515327 337.13238525
v 8.15528011 25.70524216 337.32342529
v 8.70528030 25.66876221 337.33349609
v 8.46550846 25.66871071 337.33374023
v 8.76560688 25.55936623 337.35934448
v 7.54495335 25.55936623 337.35934448
v 7.84505224 25.66871071 337.33374023
v 9.03002071 25.38311577 337.38757324
v -9.39472008 25.66876221 337.33349609
v -9.15494728 25.66871071 337.33374023
v -9.45504665 25.55936623 337.35934448
v -9.71946049 25.38311577 337.38757324
v -0.34471968 26.56921768 336.81436157
v -0.34471968 26.88686180 336.39999390
v 19.75527954 -21.44565010 335.42254639
v 19.71685028 -21.83564949 335.81289673
v 19.68713188 -4.00541067 335.93203735
v 19.68713188 -13.72540951 335.93658447
v 19.48733139 -13.72518444 336.41894531
v 19.60303879 -22.21066093 336.18826294
v 19.41821861 -22.55627251 336.53421021
v 19.16949463 -13.72499084 336.83316040
v 19.16949463 -22.85920334 336.83743286
v 18.86642075 -23.10781288 337.08627319
v 18.75527954 -13.72484303 337.15100098
v 18.52064705 -23.29254723 337.27117920
v 18.27291870 -13.72474957 337.35079956
v 18.14546013 -23.40630531 337.38504028
v 17.75527954 -23.44471741 337.42349243
v 18.27291870 -4.00475073 337.34625244
v 18.27291870 5.71524811 337.34170532
v 18.75527954 5.71515512 337.14190674
v 18.75527954 15.43515396 337.13739014
v 19.16949463 15.43500519 336.81954956
v 19.48733139 15.43481255 336.40533447
v 19.68713188 15.43458748 335.92297363
v 19.68713188 5.71458817 335.92752075
v 19.48733139 -4.00518560 336.41439819
v 18.27291870 15.43524742 337.33718872
v 19.48733139 5.71481323 336.40988159
v 19.16949463 5.71500683 336.82409668
v 19.16949463 -4.00499249 336.82861328
v 18.75527954 -4.00484371 337.14645386
v -18.44471931 -23.44845200 329.42349243
v -18.83489990 -23.41020393 329.03329468
v -19.21008682 -23.29656792 328.65805054
v -19.55586052 -23.11190987 328.31219482
v -19.85893250 -22.86332512 328.00900269
v -20.10765839 -22.56036758 327.76013184
v -20.29247856 -22.21468163 327.57513428
v -20.40629005 -21.83954811 327.46115112
v -20.44471931 -21.44938469 327.42254639
v 19.75527954 -21.44938469 327.42254639
v 19.71685028 -21.83954811 327.46115112
v 19.60303879 -22.21468163 327.57513428
v 19.41821861 -22.56036758 327.76013184
v 19.16949463 -22.86332512 328.00900269
v 18.86642075 -23.11190987 328.31219482
v 18.52064705 -23.29656792 328.65805054
v 18.14546013 -23.41020393 329.03329468
v 17.75527954 -23.44845200 329.42349243
v -10.39472008 -21.96699142 327.49093628
v -10.39472008 -22.44926071 327.69097900
v -10.39472008 -22.86332512 328.00900269
v -10.39472008 -23.18096924 328.42337036
v -10.39472008 -23.38054466 328.90582275
v -0.34471968 -23.38054466 328.90582275
v 9.70528030 -23.38054466 328.90582275
v 9.70528030 -23.18096924 328.42337036
v 9.70528030 -22.86332512 328.00900269
v 9.70528030 -22.44926071 327.69097900
v 9.70528030 -21.96699142 327.49093628
v -0.34471968 -21.96699142 327.49093628
v -0.34471968 -22.44926071 327.69097900
v -0.34471968 -22.86332512 328.00900269
v -0.34471968 -23.18096924 328.42337036
v -20.44471931 -13.84938622 327.41900635
v -20.44471931 -13.84919930 327.81900024
v -20.44471931 -9.84920025 327.81713867
v -20.44471931 12.15079784 327.80685425
v -20.44471931 -9.84938622 327.41714478
v -20.44471931 12.15061092 327.40686035
v -20.44471931 14.15079784 327.80593872
v -20.44471931 14.15061092 327.40594482
v -10.13638973 24.74315071 327.40097046
v -10.19340038 24.29094696 327.40118408
v -10.09668159 23.84554291 327.40139771
v -9.85725689 23.45771027 327.40158081
v -9.50241852 23.17165565 327.40173340
v -15.34471989 19.40060997 327.40347290
v -9.07261086 23.01998329 327.40179443
v -14.90637493 19.32746315 327.40350342
v -8.61682796 23.01998329 327.40179443
v -14.51553249 19.11594963 327.40362549
v -14.21454525 18.78899002 327.40377808
v 7.92738867 23.01998329 327.40179443
v 13.52510548 18.78899002 327.40377808
v 13.82609272 19.11594963 327.40362549
v 14.21693611 19.32746315 327.40350342
v 8.38317204 23.01998329 327.40179443
v 14.65528011 19.40060997 327.40347290
v 8.81297874 23.17165565 327.40173340
v 9.16781807 23.45771027 327.40158081
v 9.40724182 23.84554291 327.40139771
v 7.49758196 23.17165565 327.40173340
v -8.18702126 23.17165565 327.40173340
v 7.14274311 23.45771027 327.40158081
v -7.83218241 23.45771027 327.40158081
v 6.90331841 23.84554291 327.40139771
v -7.59275770 23.84554291 327.40139771
v 6.80659914 24.29094696 327.40118408
v -7.49603891 24.29094696 327.40118408
v 6.86360979 24.74315071 327.40097046
v -7.55304956 24.74315071 327.40097046
v 9.50396156 24.29094696 327.40118408
v 9.44695091 24.74315071 327.40097046
v 19.75527954 14.15061092 327.40594482
v 15.96397114 18.38201523 327.40396118
v 15.78545475 18.78899002 327.40377808
v 15.48446751 19.11594963 327.40362549
v 14.43307781 16.71902275 327.40472412
v 14.87748337 16.71902275 327.40472412
v 15.29780960 16.86332130 327.40466309
v -16.65340996 18.38201523 327.40396118
v -16.69010925 17.93912888 327.40417480
v -16.58101273 17.50832176 327.40435791
v -15.78306389 19.32746315 327.40350342
v -16.17390633 19.11594963 327.40362549
v -16.47489357 18.78899002 327.40377808
v -16.33794785 17.13628006 327.40454102
v -15.98724842 16.86332130 327.40466309
v -15.56692219 16.71902275 327.40472412
v -15.12251663 16.71902275 327.40472412
v 14.01275158 16.86332130 327.40466309
v -14.70219040 16.86332130 327.40466309
v 13.66205311 17.13628006 327.40454102
v -14.35149193 17.13628006 327.40454102
v 13.41898632 17.50832176 327.40435791
v -14.10842609 17.50832176 327.40435791
v 13.30989170 17.93912888 327.40417480
v -13.99933052 17.93912888 327.40417480
v 13.34659004 18.38201523 327.40396118
v -14.03602886 18.38201523 327.40396118
v 15.64850807 17.13628006 327.40454102
v 15.89157391 17.50832176 327.40435791
v 16.00066948 17.93912888 327.40417480
v 15.09362507 19.32746315 327.40350342
v -10.19010830 24.24204445 333.65121460
v -10.15340996 24.68493271 333.65100098
v -9.97489452 25.09190750 333.65081787
v -9.67390728 25.41886711 333.65066528
v -9.28306389 25.63038063 333.65057373
v -8.84471989 25.70352745 333.65054321
v -8.40637493 25.63038063 333.65057373
v -8.01553249 25.41886711 333.65066528
v -7.71454477 25.09190750 333.65081787
v -7.53602934 24.68493271 333.65100098
v -7.49933052 24.24204445 333.65121460
v -7.60842562 23.81123924 333.65142822
v -7.85149240 23.43919754 333.65158081
v -8.20219040 23.16623878 333.65173340
v -8.62251663 23.02194023 333.65179443
v -9.06692219 23.02194023 333.65179443
v -9.48724842 23.16623878 333.65173340
v -9.83794689 23.43919754 333.65158081
v -10.08101368 23.81123924 333.65142822
v 6.80989122 24.24204445 333.65121460
v 6.84659004 24.68493271 333.65100098
v 7.02510548 25.09190750 333.65081787
v 7.32609320 25.41886711 333.65066528
v 7.71693611 25.63038063 333.65057373
v 8.15528011 25.70352745 333.65054321
v 8.59362507 25.63038063 333.65057373
v 8.98446751 25.41886711 333.65066528
v 9.28545475 25.09190750 333.65081787
v 9.46397114 24.68493271 333.65100098
v 9.50066948 24.24204445 333.65121460
v 9.39157391 23.81123924 333.65142822
v 9.14850807 23.43919754 333.65158081
v 8.79780960 23.16623878 333.65173340
v 8.37748337 23.02194023 333.65179443
v 7.93307781 23.02194023 333.65179443
v 7.51275110 23.16623878 333.65173340
v 7.16205311 23.43919754 333.65158081
v 6.91898632 23.81123924 333.65142822
v 13.30989170 17.94204521 333.65417480
v 13.34659004 18.38493347 333.65396118
v 13.52510548 18.79190826 333.65377808
v 13.82609272 19.11886787 333.65362549
v 14.21693611 19.33038139 333.65350342
v 14.65528011 19.40352821 333.65347290
v 15.09362507 19.33038139 333.65350342
v 15.48446751 19.11886787 333.65362549
v 15.78545475 18.79190826 333.65377808
v 15.96397114 18.38493347 333.65396118
v 16.00066948 17.94204521 333.65417480
v 15.89157391 17.51124001 333.65435791
v 15.64850807 17.13919830 333.65454102
v 15.29780960 16.86623955 333.65466309
v 14.87748337 16.72194099 333.65472412
v 14.43307781 16.72194099 333.65472412
v 14.01275158 16.86623955 333.65466309
v 13.66205311 17.13919830 333.65454102
v 13.41898632 17.51124001 333.65435791
v 13.30989170 -16.05795097 333.67004395
v 13.34659004 -15.61506271 333.66983032
v 13.52510548 -15.20808792 333.66964722
v 13.82609272 -14.88112831 333.66949463
v 14.21693611 -14.66961479 333.66937256
v 14.65528011 -14.59646797 333.66934204
v 15.09362507 -14.66961479 333.66937256
v 15.48446751 -14.88112831 333.66949463
v 15.78545475 -15.20808792 333.66964722
v 15.96397114 -15.61506271 333.66983032
v 16.00066948 -16.05795097 333.67004395
v 15.89157391 -16.48875618 333.67022705
v 15.64850807 -16.86079788 333.67041016
v 15.29780960 -17.13375854 333.67053223
v 14.87748337 -17.27805519 333.67059326
v 14.43307781 -17.27805519 333.67059326
v 14.01275158 -17.13375854 333.67053223
v 13.66205311 -16.86079788 333.67041016
v 13.41898632 -16.48875618 333.67022705
v 15.09362507 -14.67253304 327.41937256
v 14.65528011 -14.59938622 327.41934204
v 14.21693611 -14.67253304 327.41937256
v 13.82609272 -14.88404655 327.41949463
v 13.52510548 -15.21100616 327.41964722
v 13.34659004 -15.61798096 327.41983032
v 13.30989170 -16.06086731 327.42004395
v 13.41898632 -16.49167442 327.42022705
v 13.66205311 -16.86371613 327.42041016
v 14.01275158 -17.13667488 327.42053223
v 14.43307781 -17.28097343 327.42059326
v 14.87748337 -17.28097343 327.42059326
v 15.29780960 -17.13667488 327.42053223
v 15.64850807 -16.86371613 327.42041016
v 15.89157391 -16.49167442 327.42022705
v 16.00066948 -16.06086731 327.42004395
v 15.96397114 -15.61798096 327.41983032
v 15.78545475 -15.21100616 327.41964722
v 15.48446751 -14.88404655 327.41949463
v -16.69010925 -16.05795097 333.67004395
v -16.65340996 -15.61506271 333.66983032
v -16.47489357 -15.20808792 333.66964722
v -16.17390633 -14.88112831 333.66949463
v -15.78306389 -14.66961479 333.66937256
v -15.34471989 -14.59646797 333.66934204
v -14.90637493 -14.66961479 333.66937256
v -14.51553249 -14.88112831 333.66949463
v -14.21454525 -15.20808792 333.66964722
v -14.03602886 -15.61506271 333.66983032
v -13.99933052 -16.05795097 333.67004395
v -14.10842609 -16.48875618 333.67022705
v -14.35149193 -16.86079788 333.67041016
v -14.70219040 -17.13375854 333.67053223
v -15.12251663 -17.27805519 333.67059326
v -15.56692219 -17.27805519 333.67059326
v -15.98724842 -17.13375854 333.67053223
v -16.33794785 -16.86079788 333.67041016
v -16.58101273 -16.48875618 333.67022705
v -14.90637493 -14.67253304 327.41937256
v -15.34471989 -14.59938622 327.41934204
v -15.78306389 -14.67253304 327.41937256
v -16.17390633 -14.88404655 327.41949463
v -16.47489357 -15.21100616 327.41964722
v -16.65340996 -15.61798096 327.41983032
v -16.69010925 -16.06086731 327.42004395
v -16.58101273 -16.49167442 327.42022705
v -16.33794785 -16.86371613 327.42041016
v -15.98724842 -17.13667488 327.42053223
v -15.56692219 -17.28097343 327.42059326
v -15.12251663 -17.28097343 327.42059326
v -14.70219040 -17.13667488 327.42053223
v -14.35149193 -16.86371613 327.42041016
v -14.10842609 -16.49167442 327.42022705
v -13.99933052 -16.06086731 327.42004395
v -14.03602886 -15.61798096 327.41983032
v -14.21454525 -15.21100616 327.41964722
v -14.51553249 -14.88404655 327.41949463
v 13.30989170 0.94204789 333.66210938
v 13.34659004 1.38493538 333.66189575
v 13.52510548 1.79190993 333.66171265
v 13.82609272 2.11886954 333.66156006
v 14.21693611 2.33038306 333.66143799
v 14.65528011 2.40352988 333.66140747
v 15.09362507 2.33038306 333.66143799
v 15.48446751 2.11886954 333.66156006
v 15.78545475 1.79190993 333.66171265
v 15.96397114 1.38493538 333.66189575
v 16.00066948 0.94204789 333.66210938
v 15.89157391 0.51124120 333.66229248
v 15.64850807 0.13919996 333.66247559
v 15.29780960 -0.13375945 333.66259766
v 14.87748337 -0.27805763 333.66265869
v 14.43307781 -0.27805763 333.66265869
v 14.01275158 -0.13375945 333.66259766
v 13.66205311 0.13919996 333.66247559
v 13.41898632 0.51124120 333.66229248
v 15.09362507 2.32746530 327.41143799
v 14.65528011 2.40061212 327.41140747
v 14.21693611 2.32746530 327.41143799
v 13.82609272 2.11595178 327.41156006
v 13.52510548 1.78899217 327.41171265
v 13.34659004 1.38201761 327.41189575
v 13.30989170 0.93913019 327.41210938
v 13.41898632 0.50832349 327.41229248
v 13.66205311 0.13628224 327.41247559
v 14.01275158 -0.13667718 327.41259766
v 14.43307781 -0.28097534 327.41265869
v 14.87748337 -0.28097534 327.41265869
v 15.29780960 -0.13667718 327.41259766
v 15.64850807 0.13628224 327.41247559
v 15.89157391 0.50832349 327.41229248
v 16.00066948 0.93913019 327.41210938
v 15.96397114 1.38201761 327.41189575
v 15.78545475 1.78899217 327.41171265
v 15.48446751 2.11595178 327.41156006
v -16.69010925 17.94204521 333.65417480
v -16.65340996 18.38493347 333.65396118
v -16.47489357 18.79190826 333.65377808
v -16.17390633 19.11886787 333.65362549
v -15.78306389 19.33038139 333.65350342
v -15.34471989 19.40352821 333.65347290
v -14.90637493 19.33038139 333.65350342
v -14.51553249 19.11886787 333.65362549
v -14.21454525 18.79190826 333.65377808
v -14.03602886 18.38493347 333.65396118
v -13.99933052 17.94204521 333.65417480
v -14.10842609 17.51124001 333.65435791
v -14.35149193 17.13919830 333.65454102
v -14.70219040 16.86623955 333.65466309
v -15.12251663 16.72194099 333.65472412
v -15.56692219 16.72194099 333.65472412
v -15.98724842 16.86623955 333.65466309
v -16.33794785 17.13919830 333.65454102
v -16.58101273 17.51124001 333.65435791
v -16.69010925 0.94204789 333.66210938
v -16.65340996 1.38493538 333.66189575
v -16.47489357 1.79190993 333.66171265
v -16.17390633 2.11886954 333.66156006
v -15.78306389 2.33038306 333.66143799
v -15.34471989 2.40352988 333.66140747
v -14.90637493 2.33038306 333.66143799
v -14.51553249 2.11886954 333.66156006
v -14.21454525 1.79190993 333.66171265
v -14.03602886 1.38493538 333.66189575
v -13.99933052 0.94204789 333.66210938
v -14.10842609 0.51124120 333.66229248
v -14.35149193 0.13919996 333.66247559
v -14.70219040 -0.13375945 333.66259766
v -15.12251663 -0.27805763 333.66265869
v -15.56692219 -0.27805763 333.66265869
v -15.98724842 -0.13375945 333.66259766
v -16.33794785 0.13919996 333.66247559
v -16.58101273 0.51124120 333.66229248
v -14.90637493 2.32746530 327.41143799
v -15.34471989 2.40061212 327.41140747
v -15.78306389 2.32746530 327.41143799
v -16.17390633 2.11595178 327.41156006
v -16.47489357 1.78899217 327.41171265
v -16.65340996 1.38201761 327.41189575
v -16.69010925 0.93913019 327.41210938
v -16.58101273 0.50832349 327.41229248
v -16.33794785 0.13628224 327.41247559
v -15.98724842 -0.13667718 327.41259766
v -15.56692219 -0.28097534 327.41265869
v -15.12251663 -0.28097534 327.41265869
v -14.70219040 -0.13667718 327.41259766
v -14.35149193 0.13628224 327.41247559
v -14.10842609 0.50832349 327.41229248
v -13.99933052 0.93913019 327.41210938
v -14.03602886 1.38201761 327.41189575
v -14.21454525 1.78899217 327.41171265
v -14.51553249 2.11595178 327.41156006
v 19.75527954 -13.84938622 327.41900635
v 19.75527954 12.09305096 327.40689087
v 9.66971493 12.09305096 327.40689087
v 19.75527954 -9.84938622 327.41714478
v 9.66971493 -9.84938622 327.41714478
v -10.35915470 12.15061092 327.40686035
v -10.35915470 -9.84938622 327.41714478
v -10.35915470 12.14846325 322.80685425
v -28.34471893 12.14846325 322.80685425
v -28.34471893 14.14846325 322.80593872
v -27.84471893 14.14659595 318.80593872
v -32.34471893 14.14846325 322.80593872
v -27.84471893 14.13632584 296.80593872
v -32.34471893 14.13104439 285.49221802
v -27.84471893 14.13104439 285.49221802
v 27.15528107 14.14659595 318.80593872
v 27.65528107 14.14846325 322.80593872
v 31.65528107 14.14846325 322.80593872
v 19.75527954 14.15079784 327.80593872
v 31.65528107 14.13104439 285.49221802
v 9.66971493 12.09090328 322.80688477
v 9.66971493 -9.85153389 322.81713867
v 27.65528107 -9.85153389 322.81713867
v 19.75527954 -9.84920025 327.81713867
v 30.65528107 5.59381151 305.18496704
v 31.65528107 5.59381151 305.18496704
v 30.65528107 5.51813221 304.58813477
v 31.65528107 5.51813221 304.58813477
v 30.65528107 5.59325409 303.99124146
v 31.65528107 5.59325409 303.99124146
v 30.65528107 5.81445646 303.43179321
v 31.65528107 5.81445646 303.43179321
v 30.65528107 6.16784048 302.94491577
v 31.65528107 6.16784048 302.94491577
v 30.65528107 6.63120174 302.56121826
v 31.65528107 6.63120174 302.56121826
v 30.65528107 7.17542601 302.30480957
v 31.65528107 7.17542601 302.30480957
v 30.65528107 7.76631689 302.19180298
v 31.65528107 7.76631689 302.19180298
v 30.65528107 8.36674690 302.22930908
v 31.65528107 8.36674690 302.22930908
v 30.65528107 8.93898869 302.41494751
v 31.65528107 8.93898869 302.41494751
v 30.65528107 9.44708633 302.73706055
v 31.65528107 9.44708633 302.73706055
v 30.65528107 9.85911369 303.17541504
v 31.65528107 9.85911369 303.17541504
v 30.65528107 10.14918327 303.70248413
v 31.65528107 10.14918327 303.70248413
v 30.65528107 10.29906654 304.28509521
v 31.65528107 10.29906654 304.28509521
v 30.65528107 10.29934788 304.88668823
v 31.65528107 10.29934788 304.88668823
v 30.65528107 10.15000820 305.46948242
v 31.65528107 10.15000820 305.46948242
v 30.65528107 9.86043167 305.99679565
v 31.65528107 9.86043167 305.99679565
v 30.65528107 9.44881248 306.43551636
v 31.65528107 9.44881248 306.43551636
v 30.65528107 8.94101620 306.75811768
v 31.65528107 8.94101620 306.75811768
v 30.65528107 8.36894798 306.94430542
v 31.65528107 8.36894798 306.94430542
v 30.65528107 7.76855326 306.98233032
v 31.65528107 7.76855326 306.98233032
v 30.65528107 7.17755699 306.86990356
v 31.65528107 7.17755699 306.86990356
v 30.65528107 6.63309383 306.61401367
v 31.65528107 6.63309383 306.61401367
v 30.65528107 6.16937447 306.23074341
v 31.65528107 6.16937447 306.23074341
v 30.65528107 5.81553602 305.74420166
v 31.65528107 5.81553602 305.74420166
v 30.65528107 6.66813231 304.58758545
v 30.65528107 6.74331665 304.16003418
v 30.65528107 6.96020174 303.78396606
v 30.65528107 7.29262686 303.50476074
v 30.65528107 7.70049715 303.35610962
v 30.65528107 8.13461781 303.35589600
v 30.65528107 8.54262638 303.50418091
v 30.65528107 8.87531281 303.78308105
v 30.65528107 9.09254837 304.15893555
v 30.65528107 9.16813183 304.58642578
v 30.65528107 9.09294701 305.01397705
v 30.65528107 8.87606239 305.39004517
v 30.65528107 8.54363728 305.66925049
v 30.65528107 8.13576698 305.81793213
v 30.65528107 7.70164633 305.81811523
v 30.65528107 7.29363728 305.66983032
v 30.65528107 6.96095181 305.39093018
v 30.65528107 6.74371624 305.01507568
v 30.65528107 -9.96979809 289.63586426
v 31.65528107 -9.96979809 289.63586426
v 30.65528107 -10.04547787 289.03903198
v 31.65528107 -10.04547787 289.03903198
v 30.65528107 -9.97035599 288.44216919
v 31.65528107 -9.97035599 288.44216919
v 30.65528107 -9.74915314 287.88269043
v 31.65528107 -9.74915314 287.88269043
v 30.65528107 -9.39576912 287.39584351
v 31.65528107 -9.39576912 287.39584351
v 30.65528107 -8.93240738 287.01214600
v 31.65528107 -8.93240738 287.01214600
v 30.65528107 -8.38818359 286.75573730
v 31.65528107 -8.38818359 286.75573730
v 30.65528107 -7.79729319 286.64273071
v 31.65528107 -7.79729319 286.64273071
v 30.65528107 -7.19686317 286.68023682
v 31.65528107 -7.19686317 286.68023682
v 30.65528107 -6.62462139 286.86587524
v 31.65528107 -6.62462139 286.86587524
v 30.65528107 -6.11652374 287.18798828
v 31.65528107 -6.11652374 287.18798828
v 30.65528107 -5.70449543 287.62634277
v 31.65528107 -5.70449543 287.62634277
v 30.65528107 -5.41442680 288.15338135
v 31.65528107 -5.41442680 288.15338135
v 30.65528107 -5.26454306 288.73602295
v 31.65528107 -5.26454306 288.73602295
v 30.65528107 -5.26426220 289.33761597
v 31.65528107 -5.26426220 289.33761597
v 30.65528107 -5.41360188 289.92037964
v 31.65528107 -5.41360188 289.92037964
v 30.65528107 -5.70317841 290.44769287
v 31.65528107 -5.70317841 290.44769287
v 30.65528107 -6.11479712 290.88644409
v 31.65528107 -6.11479712 290.88644409
v 30.65528107 -6.62259388 291.20904541
v 31.65528107 -6.62259388 291.20904541
v 30.65528107 -7.19466209 291.39520264
v 31.65528107 -7.19466209 291.39520264
v 30.65528107 -7.79505682 291.43325806
v 31.65528107 -7.79505682 291.43325806
v 30.65528107 -8.38605309 291.32080078
v 31.65528107 -8.38605309 291.32080078
v 30.65528107 -8.93051624 291.06491089
v 31.65528107 -8.93051624 291.06491089
v 30.65528107 -9.39423561 290.68164062
v 31.65528107 -9.39423561 290.68164062
v 30.65528107 -9.74807358 290.19512939
v 31.65528107 -9.74807358 290.19512939
v 30.65528107 -8.89547729 289.03851318
v 30.65528107 -8.82029247 288.61096191
v 30.65528107 -8.60340786 288.23489380
v 30.65528107 -8.27098274 287.95568848
v 30.65528107 -7.86311245 287.80700684
v 30.65528107 -7.42899227 287.80682373
v 30.65528107 -7.02098322 287.95510864
v 30.65528107 -6.68829727 288.23400879
v 30.65528107 -6.47106171 288.60986328
v 30.65528107 -6.39547777 289.03735352
v 30.65528107 -6.47066259 289.46490479
v 30.65528107 -6.68754721 289.84097290
v 30.65528107 -7.01997232 290.12017822
v 30.65528107 -7.42784262 290.26882935
v 30.65528107 -7.86196327 290.26904297
v 30.65528107 -8.26997185 290.12075806
v 30.65528107 -8.60265827 289.84185791
v 30.65528107 -8.81989384 289.46600342
v 30.65528107 -2.18285823 308.41040039
v 31.65528107 -2.18285823 308.41040039
v 30.65528107 -2.25853729 307.81359863
v 31.65528107 -2.25853729 307.81359863
v 30.65528107 -2.18341565 307.21670532
v 31.65528107 -2.18341565 307.21670532
v 30.65528107 -1.96221316 306.65722656
v 31.65528107 -1.96221316 306.65722656
v 30.65528107 -1.60882914 306.17037964
v 31.65528107 -1.60882914 306.17037964
v 30.65528107 -1.14546776 305.78668213
v 31.65528107 -1.14546776 305.78668213
v 30.65528107 -0.60124385 305.53027344
v 31.65528107 -0.60124385 305.53027344
v 30.65528107 -0.01035303 305.41726685
v 31.65528107 -0.01035303 305.41726685
v 30.65528107 0.59007692 305.45477295
v 31.65528107 0.59007692 305.45477295
v 30.65528107 1.16231883 305.64041138
v 31.65528107 1.16231883 305.64041138
v 30.65528107 1.67041647 305.96252441
v 31.65528107 1.67041647 305.96252441
v 30.65528107 2.08244443 306.40087891
v 31.65528107 2.08244443 306.40087891
v 30.65528107 2.37251329 306.92791748
v 31.65528107 2.37251329 306.92791748
v 30.65528107 2.52239704 307.51055908
v 31.65528107 2.52239704 307.51055908
v 30.65528107 2.52267790 308.11215210
v 31.65528107 2.52267790 308.11215210
v 30.65528107 2.37333822 308.69491577
v 31.65528107 2.37333822 308.69491577
v 30.65528107 2.08376145 309.22225952
v 31.65528107 2.08376145 309.22225952
v 30.65528107 1.67214310 309.66098022
v 31.65528107 1.67214310 309.66098022
v 30.65528107 1.16434634 309.98358154
v 31.65528107 1.16434634 309.98358154
v 30.65528107 0.59227806 310.16973877
v 31.65528107 0.59227806 310.16973877
v 30.65528107 -0.00811664 310.20779419
v 31.65528107 -0.00811664 310.20779419
v 30.65528107 -0.59911275 310.09533691
v 31.65528107 -0.59911275 310.09533691
v 30.65528107 -1.14357579 309.83944702
v 31.65528107 -1.14357579 309.83944702
v 30.65528107 -1.60729516 309.45620728
v 31.65528107 -1.60729516 309.45620728
v 30.65528107 -1.96113360 308.96966553
v 31.65528107 -1.96113360 308.96966553
v 30.65528107 -1.10853744 307.81304932
v 30.65528107 -1.03335285 307.38549805
v 30.65528107 -0.81646812 307.00942993
v 30.65528107 -0.48404291 306.73022461
v 30.65528107 -0.07617248 306.58157349
v 30.65528107 0.35794792 306.58135986
v 30.65528107 0.76595694 306.72964478
v 30.65528107 1.09864271 307.00854492
v 30.65528107 1.31587851 307.38439941
v 30.65528107 1.39146221 307.81188965
v 30.65528107 1.31627762 308.23944092
v 30.65528107 1.09939289 308.61550903
v 30.65528107 0.76696771 308.89471436
v 30.65528107 0.35909727 309.04336548
v 30.65528107 -0.07502312 309.04357910
v 30.65528107 -0.48303217 308.89529419
v 30.65528107 -0.81571794 308.61639404
v 30.65528107 -1.03295362 308.24053955
v 30.65528107 5.58654928 289.62860107
v 31.65528107 5.58654928 289.62860107
v 30.65528107 5.51086998 289.03179932
v 31.65528107 5.51086998 289.03179932
v 30.65528107 5.58599186 288.43490601
v 31.65528107 5.58599186 288.43490601
v 30.65528107 5.80719423 287.87542725
v 31.65528107 5.80719423 287.87542725
v 30.65528107 6.16057825 287.38858032
v 31.65528107 6.16057825 287.38858032
v 30.65528107 6.62393951 287.00488281
v 31.65528107 6.62393951 287.00488281
v 30.65528107 7.16816378 286.74847412
v 31.65528107 7.16816378 286.74847412
v 30.65528107 7.75905418 286.63546753
v 31.65528107 7.75905418 286.63546753
v 30.65528107 8.35948467 286.67297363
v 31.65528107 8.35948467 286.67297363
v 30.65528107 8.93172646 286.85861206
v 31.65528107 8.93172646 286.85861206
v 30.65528107 9.43982410 287.18072510
v 31.65528107 9.43982410 287.18072510
v 30.65528107 9.85185146 287.61907959
v 31.65528107 9.85185146 287.61907959
v 30.65528107 10.14192104 288.14611816
v 31.65528107 10.14192104 288.14611816
v 30.65528107 10.29180431 288.72875977
v 31.65528107 10.29180431 288.72875977
v 30.65528107 10.29208565 289.33035278
v 31.65528107 10.29208565 289.33035278
v 30.65528107 10.14274597 289.91311646
v 31.65528107 10.14274597 289.91311646
v 30.65528107 9.85316944 290.44042969
v 31.65528107 9.85316944 290.44042969
v 30.65528107 9.44155025 290.87918091
v 31.65528107 9.44155025 290.87918091
v 30.65528107 8.93375397 291.20178223
v 31.65528107 8.93375397 291.20178223
v 30.65528107 8.36168575 291.38793945
v 31.65528107 8.36168575 291.38793945
v 30.65528107 7.76129103 291.42599487
v 31.65528107 7.76129103 291.42599487
v 30.65528107 7.17029476 291.31353760
v 31.65528107 7.17029476 291.31353760
v 30.65528107 6.62583160 291.05764771
v 31.65528107 6.62583160 291.05764771
v 30.65528107 6.16211224 290.67440796
v 31.65528107 6.16211224 290.67440796
v 30.65528107 5.80827379 290.18786621
v 31.65528107 5.80827379 290.18786621
v 30.65528107 6.66087008 289.03125000
v 30.65528107 6.73605442 288.60369873
v 30.65528107 6.95293951 288.22763062
v 30.65528107 7.28536463 287.94842529
v 30.65528107 7.69323492 287.79974365
v 30.65528107 8.12735558 287.79956055
v 30.65528107 8.53536415 287.94784546
v 30.65528107 8.86805058 288.22674561
v 30.65528107 9.08528614 288.60260010
v 30.65528107 9.16086960 289.03009033
v 30.65528107 9.08568478 289.45764160
v 30.65528107 8.86880016 289.83370972
v 30.65528107 8.53637505 290.11291504
v 30.65528107 8.12850475 290.26156616
v 30.65528107 7.69438410 290.26177979
v 30.65528107 7.28637505 290.11349487
v 30.65528107 6.95368958 289.83459473
v 30.65528107 6.73645353 289.45874023
v 30.65528107 -2.19312859 286.41040039
v 31.65528107 -2.19312859 286.41040039
v 30.65528107 -2.26880765 285.81359863
v 31.65528107 -2.26880765 285.81359863
v 30.65528107 -2.19368601 285.21670532
v 31.65528107 -2.19368601 285.21670532
v 30.65528107 -1.97248352 284.65725708
v 31.65528107 -1.97248352 284.65725708
v 30.65528107 -1.61909950 284.17037964
v 31.65528107 -1.61909950 284.17037964
v 30.65528107 -1.15573812 283.78668213
v 31.65528107 -1.15573812 283.78668213
v 30.65528107 -0.61151427 283.53027344
v 31.65528107 -0.61151427 283.53027344
v 30.65528107 -0.02062340 283.41726685
v 31.65528107 -0.02062340 283.41726685
v 30.65528107 0.57980657 283.45477295
v 31.65528107 0.57980657 283.45477295
v 30.65528107 1.15204847 283.64041138
v 31.65528107 1.15204847 283.64041138
v 30.65528107 1.66014612 283.96252441
v 31.65528107 1.66014612 283.96252441
v 30.65528107 2.07217407 284.40087891
v 31.65528107 2.07217407 284.40087891
v 30.65528107 2.36224294 284.92791748
v 31.65528107 2.36224294 284.92791748
v 30.65528107 2.51212668 285.51055908
v 31.65528107 2.51212668 285.51055908
v 30.65528107 2.51240754 286.11215210
v 31.65528107 2.51240754 286.11215210
v 30.65528107 2.36306787 286.69491577
v 31.65528107 2.36306787 286.69491577
v 30.65528107 2.07349110 287.22225952
v 31.65528107 2.07349110 287.22225952
v 30.65528107 1.66187274 287.66098022
v 31.65528107 1.66187274 287.66098022
v 30.65528107 1.15407598 287.98358154
v 31.65528107 1.15407598 287.98358154
v 30.65528107 0.58200771 288.16973877
v 31.65528107 0.58200771 288.16973877
v 30.65528107 -0.01838701 288.20779419
v 31.65528107 -0.01838701 288.20779419
v 30.65528107 -0.60938311 288.09533691
v 31.65528107 -0.60938311 288.09533691
v 30.65528107 -1.15384614 287.83944702
v 31.65528107 -1.15384614 287.83944702
v 30.65528107 -1.61756551 287.45620728
v 31.65528107 -1.61756551 287.45620728
v 30.65528107 -1.97140408 286.96966553
v 31.65528107 -1.97140408 286.96966553
v 30.65528107 -1.11880779 285.81304932
v 30.65528107 -1.04362321 285.38549805
v 30.65528107 -0.82673854 285.00942993
v 30.65528107 -0.49431327 284.73022461
v 30.65528107 -0.08644285 284.58157349
v 30.65528107 0.34767756 284.58135986
v 30.65528107 0.75568658 284.72964478
v 30.65528107 1.08837235 285.00854492
v 30.65528107 1.30560803 285.38439941
v 30.65528107 1.38119185 285.81188965
v 30.65528107 1.30600727 286.23944092
v 30.65528107 1.08912253 286.61550903
v 30.65528107 0.75669730 286.89471436
v 30.65528107 0.34882692 287.04336548
v 30.65528107 -0.08529349 287.04357910
v 30.65528107 -0.49330255 286.89529419
v 30.65528107 -0.82598835 286.61639404
v 30.65528107 -1.04322410 286.24053955
v 30.65528107 -9.96253586 305.19219971
v 31.65528107 -9.96253586 305.19219971
v 30.65528107 -10.03821468 304.59539795
v 31.65528107 -10.03821468 304.59539795
v 30.65528107 -9.96309376 303.99850464
v 31.65528107 -9.96309376 303.99850464
v 30.65528107 -9.74189091 303.43905640
v 31.65528107 -9.74189091 303.43905640
v 30.65528107 -9.38850689 302.95217896
v 31.65528107 -9.38850689 302.95217896
v 30.65528107 -8.92514515 302.56848145
v 31.65528107 -8.92514515 302.56848145
v 30.65528107 -8.38092136 302.31207275
v 31.65528107 -8.38092136 302.31207275
v 30.65528107 -7.79003096 302.19906616
v 31.65528107 -7.79003096 302.19906616
v 30.65528107 -7.18960094 302.23657227
v 31.65528107 -7.18960094 302.23657227
v 30.65528107 -6.61735916 302.42221069
v 31.65528107 -6.61735916 302.42221069
v 30.65528107 -6.10926151 302.74432373
v 31.65528107 -6.10926151 302.74432373
v 30.65528107 -5.69723320 303.18267822
v 31.65528107 -5.69723320 303.18267822
v 30.65528107 -5.40716457 303.70974731
v 31.65528107 -5.40716457 303.70974731
v 30.65528107 -5.25728083 304.29235840
v 31.65528107 -5.25728083 304.29235840
v 30.65528107 -5.25699997 304.89395142
v 31.65528107 -5.25699997 304.89395142
v 30.65528107 -5.40633965 305.47674561
v 31.65528107 -5.40633965 305.47674561
v 30.65528107 -5.69591618 306.00405884
v 31.65528107 -5.69591618 306.00405884
v 30.65528107 -6.10753489 306.44277954
v 31.65528107 -6.10753489 306.44277954
v 30.65528107 -6.61533165 306.76538086
v 31.65528107 -6.61533165 306.76538086
v 30.65528107 -7.18739986 306.95153809
v 31.65528107 -7.18739986 306.95153809
v 30.65528107 -7.78779459 306.98959351
v 31.65528107 -7.78779459 306.98959351
v 30.65528107 -8.37879086 306.87716675
v 31.65528107 -8.37879086 306.87716675
v 30.65528107 -8.92325401 306.62124634
v 31.65528107 -8.92325401 306.62124634
v 30.65528107 -9.38697338 306.23800659
v 31.65528107 -9.38697338 306.23800659
v 30.65528107 -9.74081135 305.75146484
v 31.65528107 -9.74081135 305.75146484
v 30.65528107 -8.88821507 304.59484863
v 30.65528107 -8.81303024 304.16729736
v 30.65528107 -8.59614563 303.79122925
v 30.65528107 -8.26372051 303.51202393
v 30.65528107 -7.85585022 303.36337280
v 30.65528107 -7.42173004 303.36315918
v 30.65528107 -7.01372099 303.51144409
v 30.65528107 -6.68103504 303.79034424
v 30.65528107 -6.46379948 304.16619873
v 30.65528107 -6.38821554 304.59368896
v 30.65528107 -6.46340036 305.02124023
v 30.65528107 -6.68028498 305.39730835
v 30.65528107 -7.01271009 305.67651367
v 30.65528107 -7.42058039 305.82519531
v 30.65528107 -7.85470104 305.82537842
v 30.65528107 -8.26270962 305.67709351
v 30.65528107 -8.59539604 305.39819336
v 30.65528107 -8.81263161 305.02233887
v -31.34471893 -5.31333733 305.19003296
v -32.34471893 -5.31333733 305.19003296
v -31.34471893 -5.23821545 304.59313965
v -32.34471893 -5.23821545 304.59313965
v -31.34471893 -5.31389475 303.99633789
v -32.34471893 -5.31389475 303.99633789
v -31.34471893 -5.53561926 303.43707275
v -32.34471893 -5.53561926 303.43707275
v -31.34471893 -5.88945770 302.95053101
v -32.34471893 -5.88945770 302.95053101
v -31.34471893 -6.35317707 302.56729126
v -32.34471893 -6.35317707 302.56729126
v -31.34471893 -6.89764023 302.31140137
v -32.34471893 -6.89764023 302.31140137
v -31.34471893 -7.48863649 302.19894409
v -32.34471893 -7.48863649 302.19894409
v -31.34471893 -8.08903122 302.23699951
v -32.34471893 -8.08903122 302.23699951
v -31.34471893 -8.66109943 302.42315674
v -32.34471893 -8.66109943 302.42315674
v -31.34471893 -9.16889572 302.74575806
v -32.34471893 -9.16889572 302.74575806
v -31.34471893 -9.58051491 303.18450928
v -32.34471893 -9.58051491 303.18450928
v -31.34471893 -9.87009144 303.71182251
v -32.34471893 -9.87009144 303.71182251
v -31.34471893 -10.01943111 304.29458618
v -32.34471893 -10.01943111 304.29458618
v -31.34471893 -10.01914978 304.89617920
v -32.34471893 -10.01914978 304.89617920
v -31.34471893 -9.86926651 305.47882080
v -32.34471893 -9.86926651 305.47882080
v -31.34471893 -9.57919788 306.00585938
v -32.34471893 -9.57919788 306.00585938
v -31.34471893 -9.16716957 306.44421387
v -32.34471893 -9.16716957 306.44421387
v -31.34471893 -8.65907192 306.76632690
v -32.34471893 -8.65907192 306.76632690
v -31.34471893 -8.08683014 306.95196533
v -32.34471893 -8.08683014 306.95196533
v -31.34471893 -7.48640013 306.98947144
v -32.34471893 -7.48640013 306.98947144
v -31.34471893 -6.89550924 306.87646484
v -32.34471893 -6.89550924 306.87646484
v -31.34471893 -6.35128546 306.62005615
v -32.34471893 -6.35128546 306.62005615
v -31.34471893 -5.88792372 306.23635864
v -32.34471893 -5.88792372 306.23635864
v -31.34471893 -5.53453970 305.74951172
v -32.34471893 -5.53453970 305.74951172
v -31.34471893 -6.38821554 304.59368896
v -31.34471893 -6.46379948 304.16619873
v -31.34471893 -6.68103504 303.79034424
v -31.34471893 -7.01372099 303.51144409
v -31.34471893 -7.42173004 303.36315918
v -31.34471893 -7.85585022 303.36337280
v -31.34471893 -8.26372051 303.51202393
v -31.34471893 -8.59614563 303.79122925
v -31.34471893 -8.81303024 304.16729736
v -31.34471893 -8.88821507 304.59484863
v -31.34471893 -8.81263161 305.02233887
v -31.34471893 -8.59539604 305.39819336
v -31.34471893 -8.26270962 305.67709351
v -31.34471893 -7.85470104 305.82537842
v -31.34471893 -7.42058039 305.82519531
v -31.34471893 -7.01271009 305.67651367
v -31.34471893 -6.68028498 305.39730835
v -31.34471893 -6.46340036 305.02124023
v -31.34471893 10.23574734 289.62643433
v -32.34471893 10.23574734 289.62643433
v -31.34471893 10.31086922 289.02954102
v -32.34471893 10.31086922 289.02954102
v -31.34471893 10.23519039 288.43270874
v -32.34471893 10.23519039 288.43270874
v -31.34471893 10.01346588 287.87347412
v -32.34471893 10.01346588 287.87347412
v -31.34471893 9.65962696 287.38693237
v -32.34471893 9.65962696 287.38693237
v -31.34471893 9.19590759 287.00366211
v -32.34471893 9.19590759 287.00366211
v -31.34471893 8.65144539 286.74777222
v -32.34471893 8.65144539 286.74777222
v -31.34471893 8.06044865 286.63531494
v -32.34471893 8.06044865 286.63531494
v -31.34471893 7.46005440 286.67337036
v -32.34471893 7.46005440 286.67337036
v -31.34471893 6.88798571 286.85955811
v -32.34471893 6.88798571 286.85955811
v -31.34471893 6.38018894 287.18215942
v -32.34471893 6.38018894 287.18215942
v -31.34471893 5.96857071 287.62088013
v -32.34471893 5.96857071 287.62088013
v -31.34471893 5.67899418 288.14819336
v -32.34471893 5.67899418 288.14819336
v -31.34471893 5.52965450 288.73098755
v -32.34471893 5.52965450 288.73098755
v -31.34471893 5.52993536 289.33258057
v -32.34471893 5.52993536 289.33258057
v -31.34471893 5.67981911 289.91519165
v -32.34471893 5.67981911 289.91519165
v -31.34471893 5.96988773 290.44226074
v -32.34471893 5.96988773 290.44226074
v -31.34471893 6.38191557 290.88061523
v -32.34471893 6.38191557 290.88061523
v -31.34471893 6.89001322 291.20272827
v -32.34471893 6.89001322 291.20272827
v -31.34471893 7.46225548 291.38836670
v -32.34471893 7.46225548 291.38836670
v -31.34471893 8.06268501 291.42584229
v -32.34471893 8.06268501 291.42584229
v -31.34471893 8.65357590 291.31286621
v -32.34471893 8.65357590 291.31286621
v -31.34471893 9.19779968 291.05645752
v -32.34471893 9.19779968 291.05645752
v -31.34471893 9.66116142 290.67276001
v -32.34471893 9.66116142 290.67276001
v -31.34471893 10.01454544 290.18588257
v -32.34471893 10.01454544 290.18588257
v -31.34471893 9.16086960 289.03009033
v -31.34471893 9.08528614 288.60260010
v -31.34471893 8.86805058 288.22674561
v -31.34471893 8.53536415 287.94784546
v -31.34471893 8.12735558 287.79956055
v -31.34471893 7.69323492 287.79974365
v -31.34471893 7.28536463 287.94842529
v -31.34471893 6.95293951 288.22763062
v -31.34471893 6.73605442 288.60369873
v -31.34471893 6.66087008 289.03125000
v -31.34471893 6.73645353 289.45874023
v -31.34471893 6.95368958 289.83459473
v -31.34471893 7.28637505 290.11349487
v -31.34471893 7.69438410 290.26177979
v -31.34471893 8.12850475 290.26156616
v -31.34471893 8.53637505 290.11291504
v -31.34471893 8.86880016 289.83370972
v -31.34471893 9.08568478 289.45764160
v -31.34471893 2.46634030 308.40823364
v -32.34471893 2.46634030 308.40823364
v -31.34471893 2.54146218 307.81134033
v -32.34471893 2.54146218 307.81134033
v -31.34471893 2.46578312 307.21453857
v -32.34471893 2.46578312 307.21453857
v -31.34471893 2.24405837 306.65527344
v -32.34471893 2.24405837 306.65527344
v -31.34471893 1.89021993 306.16873169
v -32.34471893 1.89021993 306.16873169
v -31.34471893 1.42650056 305.78549194
v -32.34471893 1.42650056 305.78549194
v -31.34471893 0.88203752 305.52957153
v -32.34471893 0.88203752 305.52957153
v -31.34471893 0.29104143 305.41714478
v -32.34471893 0.29104143 305.41714478
v -31.34471893 -0.30935326 305.45520020
v -32.34471893 -0.30935326 305.45520020
v -31.34471893 -0.88142157 305.64135742
v -32.34471893 -0.88142157 305.64135742
v -31.34471893 -1.38921833 305.96395874
v -32.34471893 -1.38921833 305.96395874
v -31.34471893 -1.80083668 306.40267944
v -32.34471893 -1.80083668 306.40267944
v -31.34471893 -2.09041333 306.93002319
v -32.34471893 -2.09041333 306.93002319
v -31.34471893 -2.23975301 307.51278687
v -32.34471893 -2.23975301 307.51278687
v -31.34471893 -2.23947215 308.11437988
v -32.34471893 -2.23947215 308.11437988
v -31.34471893 -2.08958840 308.69702148
v -32.34471893 -2.08958840 308.69702148
v -31.34471893 -1.79951966 309.22406006
v -32.34471893 -1.79951966 309.22406006
v -31.34471893 -1.38749170 309.66241455
v -32.34471893 -1.38749170 309.66241455
v -31.34471893 -0.87939399 309.98452759
v -32.34471893 -0.87939399 309.98452759
v -31.34471893 -0.30715215 310.17016602
v -32.34471893 -0.30715215 310.17016602
v -31.34471893 0.29327783 310.20767212
v -32.34471893 0.29327783 310.20767212
v -31.34471893 0.88416868 310.09466553
v -32.34471893 0.88416868 310.09466553
v -31.34471893 1.42839253 309.83825684
v -32.34471893 1.42839253 309.83825684
v -31.34471893 1.89175391 309.45455933
v -32.34471893 1.89175391 309.45455933
v -31.34471893 2.24513793 308.96768188
v -32.34471893 2.24513793 308.96768188
v -31.34471893 1.39146221 307.81188965
v -31.34471893 1.31587851 307.38439941
v -31.34471893 1.09864271 307.00854492
v -31.34471893 0.76595694 306.72964478
v -31.34471893 0.35794792 306.58135986
v -31.34471893 -0.07617248 306.58157349
v -31.34471893 -0.48404291 306.73022461
v -31.34471893 -0.81646812 307.00942993
v -31.34471893 -1.03335285 307.38549805
v -31.34471893 -1.10853744 307.81304932
v -31.34471893 -1.03295362 308.24053955
v -31.34471893 -0.81571794 308.61639404
v -31.34471893 -0.48303217 308.89529419
v -31.34471893 -0.07502312 309.04357910
v -31.34471893 0.35909727 309.04336548
v -31.34471893 0.76696771 308.89471436
v -31.34471893 1.09939289 308.61550903
v -31.34471893 1.31627762 308.23944092
v -31.34471893 -5.32059956 289.63369751
v -32.34471893 -5.32059956 289.63369751
v -31.34471893 -5.24547815 289.03680420
v -32.34471893 -5.24547815 289.03680420
v -31.34471893 -5.32115698 288.43997192
v -32.34471893 -5.32115698 288.43997192
v -31.34471893 -5.54288149 287.88073730
v -32.34471893 -5.54288149 287.88073730
v -31.34471893 -5.89671993 287.39419556
v -32.34471893 -5.89671993 287.39419556
v -31.34471893 -6.36043930 287.01092529
v -32.34471893 -6.36043930 287.01092529
v -31.34471893 -6.90490246 286.75503540
v -32.34471893 -6.90490246 286.75503540
v -31.34471893 -7.49589872 286.64257812
v -32.34471893 -7.49589872 286.64257812
v -31.34471893 -8.09629345 286.68063354
v -32.34471893 -8.09629345 286.68063354
v -31.34471893 -8.66836166 286.86682129
v -32.34471893 -8.66836166 286.86682129
v -31.34471893 -9.17615795 287.18942261
v -32.34471893 -9.17615795 287.18942261
v -31.34471893 -9.58777714 287.62814331
v -32.34471893 -9.58777714 287.62814331
v -31.34471893 -9.87735367 288.15545654
v -32.34471893 -9.87735367 288.15545654
v -31.34471893 -10.02669334 288.73825073
v -32.34471893 -10.02669334 288.73825073
v -31.34471893 -10.02641201 289.33984375
v -32.34471893 -10.02641201 289.33984375
v -31.34471893 -9.87652874 289.92245483
v -32.34471893 -9.87652874 289.92245483
v -31.34471893 -9.58646011 290.44952393
v -32.34471893 -9.58646011 290.44952393
v -31.34471893 -9.17443180 290.88787842
v -32.34471893 -9.17443180 290.88787842
v -31.34471893 -8.66633415 291.20999146
v -32.34471893 -8.66633415 291.20999146
v -31.34471893 -8.09409237 291.39562988
v -32.34471893 -8.09409237 291.39562988
v -31.34471893 -7.49366236 291.43310547
v -32.34471893 -7.49366236 291.43310547
v -31.34471893 -6.90277147 291.32012939
v -32.34471893 -6.90277147 291.32012939
v -31.34471893 -6.35854769 291.06372070
v -32.34471893 -6.35854769 291.06372070
v -31.34471893 -5.89518595 290.68002319
v -32.34471893 -5.89518595 290.68002319
v -31.34471893 -5.54180193 290.19314575
v -32.34471893 -5.54180193 290.19314575
v -31.34471893 -6.39547777 289.03735352
v -31.34471893 -6.47106171 288.60986328
v -31.34471893 -6.68829727 288.23400879
v -31.34471893 -7.02098322 287.95510864
v -31.34471893 -7.42899227 287.80682373
v -31.34471893 -7.86311245 287.80700684
v -31.34471893 -8.27098274 287.95568848
v -31.34471893 -8.60340786 288.23489380
v -31.34471893 -8.82029247 288.61096191
v -31.34471893 -8.89547729 289.03851318
v -31.34471893 -8.81989384 289.46600342
v -31.34471893 -8.60265827 289.84185791
v -31.34471893 -8.26997185 290.12075806
v -31.34471893 -7.86196327 290.26904297
v -31.34471893 -7.42784262 290.26882935
v -31.34471893 -7.01997232 290.12017822
v -31.34471893 -6.68754721 289.84097290
v -31.34471893 -6.47066259 289.46490479
v -31.34471893 2.45606995 286.40823364
v -32.34471893 2.45606995 286.40823364
v -31.34471893 2.53119183 285.81134033
v -32.34471893 2.53119183 285.81134033
v -31.34471893 2.45551276 285.21453857
v -32.34471893 2.45551276 285.21453857
v -31.34471893 2.23378801 284.65527344
v -32.34471893 2.23378801 284.65527344
v -31.34471893 1.87994957 284.16873169
v -32.34471893 1.87994957 284.16873169
v -31.34471893 1.41623020 283.78549194
v -32.34471893 1.41623020 283.78549194
v -31.34471893 0.87176716 283.52960205
v -32.34471893 0.87176716 283.52960205
v -31.34471893 0.28077108 283.41714478
v -32.34471893 0.28077108 283.41714478
v -31.34471893 -0.31962365 283.45520020
v -32.34471893 -0.31962365 283.45520020
v -31.34471893 -0.89169192 283.64135742
v -32.34471893 -0.89169192 283.64135742
v -31.34471893 -1.39948869 283.96395874
v -32.34471893 -1.39948869 283.96395874
v -31.34471893 -1.81110716 284.40267944
v -32.34471893 -1.81110716 284.40267944
v -31.34471893 -2.10068369 284.93002319
v -32.34471893 -2.10068369 284.93002319
v -31.34471893 -2.25002337 285.51278687
v -32.34471893 -2.25002337 285.51278687
v -31.34471893 -2.24974251 286.11437988
v -32.34471893 -2.24974251 286.11437988
v -31.34471893 -2.09985876 286.69702148
v -32.34471893 -2.09985876 286.69702148
v -31.34471893 -1.80979002 287.22406006
v -32.34471893 -1.80979002 287.22406006
v -31.34471893 -1.39776206 287.66241455
v -32.34471893 -1.39776206 287.66241455
v -31.34471893 -0.88966441 287.98452759
v -32.34471893 -0.88966441 287.98452759
v -31.34471893 -0.31742251 288.17016602
v -32.34471893 -0.31742251 288.17016602
v -31.34471893 0.28300744 288.20767212
v -32.34471893 0.28300744 288.20767212
v -31.34471893 0.87389833 288.09466553
v -32.34471893 0.87389833 288.09466553
v -31.34471893 1.41812217 287.83825684
v -32.34471893 1.41812217 287.83825684
v -31.34471893 1.88148355 287.45455933
v -32.34471893 1.88148355 287.45455933
v -31.34471893 2.23486757 286.96768188
v -32.34471893 2.23486757 286.96768188
v -31.34471893 1.38119185 285.81188965
v -31.34471893 1.30560803 285.38439941
v -31.34471893 1.08837235 285.00854492
v -31.34471893 0.75568658 284.72964478
v -31.34471893 0.34767756 284.58135986
v -31.34471893 -0.08644285 284.58157349
v -31.34471893 -0.49431327 284.73022461
v -31.34471893 -0.82673854 285.00942993
v -31.34471893 -1.04362321 285.38549805
v -31.34471893 -1.11880779 285.81304932
v -31.34471893 -1.04322410 286.24053955
v -31.34471893 -0.82598835 286.61639404
v -31.34471893 -0.49330255 286.89529419
v -31.34471893 -0.08529349 287.04357910
v -31.34471893 0.34882692 287.04336548
v -31.34471893 0.75669730 286.89471436
v -31.34471893 1.08912253 286.61550903
v -31.34471893 1.30600727 286.23944092
v -31.34471893 10.24301052 305.18276978
v -32.34471893 10.24301052 305.18276978
v -31.34471893 10.31813145 304.58587646
v -32.34471893 10.31813145 304.58587646
v -31.34471893 10.24245262 303.98907471
v -32.34471893 10.24245262 303.98907471
v -31.34471893 10.02072811 303.42980957
v -32.34471893 10.02072811 303.42980957
v -31.34471893 9.66688919 302.94326782
v -32.34471893 9.66688919 302.94326782
v -31.34471893 9.20316982 302.56002808
v -32.34471893 9.20316982 302.56002808
v -31.34471893 8.65870762 302.30413818
v -32.34471893 8.65870762 302.30413818
v -31.34471893 8.06771088 302.19168091
v -32.34471893 8.06771088 302.19168091
v -31.34471893 7.46731663 302.22973633
v -32.34471893 7.46731663 302.22973633
v -31.34471893 6.89524794 302.41589355
v -32.34471893 6.89524794 302.41589355
v -31.34471893 6.38745117 302.73849487
v -32.34471893 6.38745117 302.73849487
v -31.34471893 5.97583294 303.17724609
v -32.34471893 5.97583294 303.17724609
v -31.34471893 5.68625641 303.70455933
v -32.34471893 5.68625641 303.70455933
v -31.34471893 5.53691673 304.28732300
v -32.34471893 5.53691673 304.28732300
v -31.34471893 5.53719759 304.88891602
v -32.34471893 5.53719759 304.88891602
v -31.34471893 5.68708134 305.47155762
v -32.34471893 5.68708134 305.47155762
v -31.34471893 5.97714996 305.99859619
v -32.34471893 5.97714996 305.99859619
v -31.34471893 6.38917780 306.43695068
v -32.34471893 6.38917780 306.43695068
v -31.34471893 6.89727545 306.75906372
v -32.34471893 6.89727545 306.75906372
v -31.34471893 7.46951771 306.94470215
v -32.34471893 7.46951771 306.94470215
v -31.34471893 8.06994724 306.98220825
v -32.34471893 8.06994724 306.98220825
v -31.34471893 8.66083813 306.86920166
v -32.34471893 8.66083813 306.86920166
v -31.34471893 9.20506191 306.61279297
v -32.34471893 9.20506191 306.61279297
v -31.34471893 9.66842365 306.22909546
v -32.34471893 9.66842365 306.22909546
v -31.34471893 10.02180767 305.74224854
v -32.34471893 10.02180767 305.74224854
v -31.34471893 9.16813183 304.58642578
v -31.34471893 9.09254837 304.15893555
v -31.34471893 8.87531281 303.78308105
v -31.34471893 8.54262638 303.50418091
v -31.34471893 8.13461781 303.35589600
v -31.34471893 7.70049715 303.35610962
v -31.34471893 7.29262686 303.50476074
v -31.34471893 6.96020174 303.78396606
v -31.34471893 6.74331665 304.16003418
v -31.34471893 6.66813231 304.58758545
v -31.34471893 6.74371624 305.01507568
v -31.34471893 6.96095181 305.39093018
v -31.34471893 7.29363728 305.66983032
v -31.34471893 7.70164633 305.81811523
v -31.34471893 8.13576698 305.81793213
v -31.34471893 8.54363728 305.66925049
v -31.34471893 8.87606239 305.39004517
v -31.34471893 9.09294701 305.01397705
v -27.84471893 6.50450945 284.34466553
v -27.84471893 7.71536922 285.04141235
v -27.84471893 8.85076237 285.85534668
v -27.84471893 9.89938354 286.77838135
v -27.84471893 10.85079193 287.80136108
v -27.84471893 11.69551277 288.91403198
v -27.84471893 12.42513561 290.10537720
v -27.84471893 13.03239632 291.36349487
v -27.84471893 13.51124668 292.67587280
v -27.84471893 13.85692024 294.02941895
v -27.84471893 14.06597328 295.41070557
v -27.84471893 14.06031513 298.26937866
v -27.84471893 13.83175087 299.71682739
v -27.84471893 13.45313644 301.13247681
v -27.84471893 12.92862034 302.50082397
v -27.84471893 12.26394939 303.80679321
v -27.84471893 11.46640587 305.03616333
v -27.84471893 10.54472733 306.17544556
v -27.84471893 9.50901127 307.21212769
v -27.84471893 8.37060738 308.13485718
v -27.84471893 7.14198637 308.93356323
v -27.84471893 5.83661032 309.59945679
v -27.84471893 4.46878052 310.12524414
v -27.84471893 3.05348349 310.50518799
v -27.84471893 1.60622537 310.73507690
v -27.84471893 0.14286290 310.81246948
v -27.84471893 -1.32057118 310.73645020
v -27.84471893 -2.76804328 310.50790405
v -27.84471893 -4.18369436 310.12927246
v -27.84471893 -5.55201435 309.60476685
v -27.84471893 -6.85801172 308.94009399
v -27.84471893 -8.08737755 308.14254761
v -27.84471893 -9.22664356 307.22085571
v -27.84471893 -10.26332569 306.18515015
v -27.84471893 -11.18606758 305.04675293
v -27.84471893 -11.98475933 303.81811523
v -27.84471893 -12.65064907 302.51275635
v -27.84471893 -13.17644310 301.14492798
v -27.84471893 -13.55637932 299.72961426
v -27.84471893 -13.78629494 298.28237915
v -27.84471893 -13.86367130 296.81900024
v -27.84471893 -13.79462147 295.42370605
v -27.84471893 -13.58685780 294.04223633
v -27.84471893 -13.24244881 292.68835449
v -27.84471893 -12.76482391 291.37551880
v -27.84471893 -12.15873814 290.11685181
v -27.84471893 -11.43022823 288.92483521
v -27.84471893 -10.58654594 287.81137085
v -27.84471893 -9.63609409 286.78750610
v -27.84471893 -8.58833504 285.86349487
v -27.84471893 -7.45370197 285.04849243
v -27.84471893 -6.24349308 284.35061646
v -27.84471893 -12.74829769 284.24319458
v -27.84471893 -13.86895275 285.50531006
v -27.84471893 -11.51435566 283.09161377
v -27.84471893 -10.17797565 282.06066895
v -27.84471893 -8.75090790 281.15945435
v -27.84471893 -7.24569941 280.39584351
v -27.84471893 -5.67558479 279.77658081
v -27.84471893 -4.05436945 279.30709839
v -27.84471893 -2.39630795 278.99154663
v -27.84471893 -0.08644285 284.58157349
v -27.84471893 -0.71597832 278.83267212
v -27.84471893 0.97184515 278.83187866
v -27.84471893 0.34767756 284.58135986
v -27.84471893 2.65232253 278.98916626
v -27.84471893 4.31067801 279.30319214
v -27.84471893 5.93233109 279.77114868
v -27.84471893 7.50302267 280.38894653
v -27.84471893 9.00894356 281.15115356
v -27.84471893 10.43685246 282.05105591
v -27.84471893 11.77419472 283.08074951
v -27.84471893 13.00921154 284.23117065
v -27.84471893 5.15843296 295.92453003
v -27.84471893 4.92794466 295.06591797
v -27.84471893 4.55186605 294.26040649
v -27.84471893 4.04162312 293.53244019
v -27.84471893 3.41271973 292.90411377
v -27.84471893 2.68426514 292.39456177
v -27.84471893 1.08912253 286.61550903
v -27.84471893 1.87839246 292.01922607
v -27.84471893 0.75669730 286.89471436
v -27.84471893 1.01958811 291.78955078
v -27.84471893 0.34882692 287.04336548
v -27.84471893 0.13394636 291.71246338
v -27.84471893 -0.08529349 287.04357910
v -27.84471893 -0.75162309 291.79037476
v -27.84471893 -0.49330255 286.89529419
v -27.84471893 -1.61021256 292.02084351
v -27.84471893 -0.82598835 286.61639404
v -27.84471893 -2.41573429 292.39694214
v -27.84471893 -3.14371300 292.90716553
v -27.84471893 -3.77202940 293.53607178
v -27.84471893 -4.28159237 294.26452637
v -27.84471893 -4.65691900 295.07040405
v -27.84471893 -4.88660526 295.92919922
v -27.84471893 -1.04362321 285.38549805
v -27.84471893 -1.11880779 285.81304932
v -27.84471893 -1.04322410 286.24053955
v -27.84471893 1.30600727 286.23944092
v -27.84471893 1.38119185 285.81188965
v -27.84471893 1.30560803 285.38439941
v -27.84471893 1.08837235 285.00854492
v -27.84471893 0.75568658 284.72964478
v -27.84471893 -0.49431327 284.73022461
v -27.84471893 -0.82673854 285.00942993
v -27.84471893 -13.85340118 318.81900024
v -32.34471893 -13.85153389 322.81900024
v -32.34471893 -12.11367130 296.81817627
v -32.34471893 -13.86895275 285.50531006
v -32.34471893 -12.03848648 296.39062500
v -32.34471893 -11.82160187 296.01455688
v -32.34471893 12.38632584 296.80676270
v -32.34471893 12.31114101 297.23431396
v -32.34471893 12.09425640 297.61038208
v -32.34471893 11.76183128 297.88958740
v -32.34471893 11.35396099 298.03823853
v -32.34471893 10.91984081 298.03845215
v -32.34471893 13.00921154 284.23117065
v -32.34471893 11.77419472 283.08074951
v -32.34471893 10.43685246 282.05105591
v -32.34471893 9.00894356 281.15115356
v -32.34471893 7.50302267 280.38894653
v -32.34471893 5.93233109 279.77114868
v -32.34471893 2.68426514 292.39456177
v -32.34471893 3.41271973 292.90411377
v -32.34471893 4.31067801 279.30319214
v -32.34471893 2.65232253 278.98916626
v -32.34471893 0.97184515 278.83187866
v -32.34471893 -0.71597832 278.83267212
v -32.34471893 -2.39630795 278.99154663
v -32.34471893 -4.05436945 279.30709839
v -32.34471893 -5.67558479 279.77658081
v -32.34471893 -7.24569941 280.39584351
v -32.34471893 -8.75090790 281.15945435
v -32.34471893 -10.17797565 282.06066895
v -32.34471893 -11.51435566 283.09161377
v -32.34471893 -12.74829769 284.24319458
v -32.34471893 -11.48917675 295.73535156
v -32.34471893 -2.41161060 301.23037720
v -32.34471893 -1.60573804 301.60571289
v -32.34471893 -0.74693370 301.83538818
v -32.34471893 0.13870807 301.91247559
v -32.34471893 1.02427757 301.83456421
v -32.34471893 -12.03808784 297.24566650
v -32.34471893 -11.82085228 297.62152100
v -32.34471893 -11.48816586 297.90042114
v -32.34471893 -11.08015728 298.04870605
v -32.34471893 -10.64603710 298.04852295
v -32.34471893 -10.23816586 297.89984131
v -32.34471893 -9.90574074 297.62063599
v -32.34471893 -9.68885612 297.24456787
v -32.34471893 -4.88577843 297.70040894
v -32.34471893 -4.65529013 298.55902100
v -32.34471893 -4.27921152 299.36453247
v -32.34471893 -3.76896858 300.09249878
v -32.34471893 -3.14006543 300.72082520
v -32.34471893 11.76082039 295.72451782
v -32.34471893 12.09350681 296.00338745
v -32.34471893 12.31074238 296.37927246
v -32.34471893 10.91869068 295.57641602
v -32.34471893 11.35281181 295.57623291
v -32.34471893 10.51082039 295.72509766
v -32.34471893 10.17839527 296.00430298
v -32.34471893 9.96151066 296.38037109
v -32.34471893 4.92794466 295.06591797
v -32.34471893 5.15843296 295.92453003
v -32.34471893 9.88632584 296.80792236
v -32.34471893 5.23632669 296.81008911
v -32.34471893 5.15925980 297.69573975
v -32.34471893 4.55186605 294.26040649
v -32.34471893 4.04162312 293.53244019
v -32.34471893 2.68838882 301.22799683
v -32.34471893 3.41636753 300.71777344
v -32.34471893 4.04468393 300.08886719
v -32.34471893 4.55424690 299.36041260
v -32.34471893 4.92957354 298.55453491
v -32.34471893 1.88286698 301.60409546
v -32.34471893 -2.41573429 292.39694214
v -32.34471893 -3.14371300 292.90716553
v -32.34471893 -3.77202940 293.53607178
v -32.34471893 -4.28159237 294.26452637
v -32.34471893 -4.65691900 295.07040405
v -32.34471893 -4.88660526 295.92919922
v -32.34471893 -9.68925571 296.38952637
v -32.34471893 -9.90649128 296.01367188
v -32.34471893 -10.23917675 295.73477173
v -32.34471893 -10.64718628 295.58648682
v -32.34471893 -11.08130646 295.58670044
v -32.34471893 1.87839246 292.01922607
v -32.34471893 1.01958811 291.78955078
v -32.34471893 0.13394636 291.71246338
v -32.34471893 -0.75162309 291.79037476
v -32.34471893 -1.61021256 292.02084351
v -32.34471893 9.96191025 297.23541260
v -32.34471893 10.17914581 297.61126709
v -32.34471893 10.51183128 297.89016724
v -32.34471893 -9.61367130 296.81701660
v -32.34471893 -4.96367216 296.81484985
v 27.15528107 -13.85340118 318.81900024
v 31.65528107 -13.86895275 285.50531006
v 31.65528107 -12.74829769 284.24319458
v 31.65528107 -11.51435566 283.09161377
v 31.65528107 -10.17797565 282.06066895
v 31.65528107 -8.75090790 281.15945435
v 31.65528107 -7.24569941 280.39584351
v 31.65528107 -5.67558479 279.77658081
v 31.65528107 -4.05436945 279.30709839
v 31.65528107 -2.39630795 278.99154663
v 31.65528107 -0.71597832 278.83267212
v 31.65528107 0.97184515 278.83187866
v 31.65528107 2.65232253 278.98916626
v 31.65528107 4.31067801 279.30319214
v 31.65528107 5.93233109 279.77114868
v 31.65528107 7.50302267 280.38894653
v 31.65528107 9.00894356 281.15115356
v 31.65528107 10.43685246 282.05105591
v 31.65528107 11.77419472 283.08074951
v 31.65528107 13.00921154 284.23117065
v 31.65528107 -13.85153389 322.81900024
v 31.65528107 -12.11367130 296.81817627
v 31.65528107 -12.03808784 297.24566650
v 31.65528107 -11.82085228 297.62152100
v 31.65528107 -11.48816586 297.90042114
v 31.65528107 -11.08015728 298.04870605
v 31.65528107 -10.64603710 298.04852295
v 31.65528107 -2.41573429 292.39694214
v 31.65528107 -3.14371300 292.90716553
v 31.65528107 12.09350681 296.00338745
v 31.65528107 11.76082039 295.72451782
v 31.65528107 12.38632584 296.80676270
v 31.65528107 12.31074238 296.37927246
v 31.65528107 2.68838882 301.22799683
v 31.65528107 1.88286698 301.60409546
v 31.65528107 1.02427757 301.83456421
v 31.65528107 0.13870807 301.91247559
v 31.65528107 -0.74693370 301.83538818
v 31.65528107 12.31114101 297.23431396
v 31.65528107 12.09425640 297.61038208
v 31.65528107 11.76183128 297.88958740
v 31.65528107 11.35396099 298.03823853
v 31.65528107 10.91984081 298.03845215
v 31.65528107 10.51183128 297.89016724
v 31.65528107 10.17914581 297.61126709
v 31.65528107 9.96191025 297.23541260
v 31.65528107 5.15925980 297.69573975
v 31.65528107 4.92957354 298.55453491
v 31.65528107 4.55424690 299.36041260
v 31.65528107 4.04468393 300.08886719
v 31.65528107 3.41636753 300.71777344
v 31.65528107 -11.48917675 295.73535156
v 31.65528107 -11.82160187 296.01455688
v 31.65528107 -12.03848648 296.39062500
v 31.65528107 -10.64718628 295.58648682
v 31.65528107 -11.08130646 295.58670044
v 31.65528107 -10.23917675 295.73477173
v 31.65528107 -9.90649128 296.01367188
v 31.65528107 -9.68925571 296.38952637
v 31.65528107 -4.65691900 295.07040405
v 31.65528107 -4.88660526 295.92919922
v 31.65528107 -9.61367130 296.81701660
v 31.65528107 -4.96367216 296.81484985
v 31.65528107 -4.88577843 297.70040894
v 31.65528107 -4.28159237 294.26452637
v 31.65528107 -3.77202940 293.53607178
v 31.65528107 -2.41161060 301.23037720
v 31.65528107 -3.14006543 300.72082520
v 31.65528107 -3.76896858 300.09249878
v 31.65528107 -4.27921152 299.36453247
v 31.65528107 -4.65529013 298.55902100
v 31.65528107 -1.60573804 301.60571289
v 31.65528107 2.68426514 292.39456177
v 31.65528107 3.41271973 292.90411377
v 31.65528107 4.04162312 293.53244019
v 31.65528107 4.55186605 294.26040649
v 31.65528107 4.92794466 295.06591797
v 31.65528107 5.15843296 295.92453003
v 31.65528107 9.96151066 296.38037109
v 31.65528107 10.17839527 296.00430298
v 31.65528107 10.51082039 295.72509766
v 31.65528107 10.91869068 295.57641602
v 31.65528107 11.35281181 295.57623291
v 31.65528107 -1.61021256 292.02084351
v 31.65528107 -0.75162309 291.79037476
v 31.65528107 0.13394636 291.71246338
v 31.65528107 1.01958811 291.78955078
v 31.65528107 1.87839246 292.01922607
v 31.65528107 -9.68885612 297.24456787
v 31.65528107 -9.90574074 297.62063599
v 31.65528107 -10.23816586 297.89984131
v 31.65528107 5.23632669 296.81008911
v 31.65528107 9.88632584 296.80792236
v -12.58222008 6.41535378 318.80953979
v -12.58222008 -3.85340190 318.81433105
v -12.96490288 1.28101146 318.88806152
v -12.96490288 -3.85336637 318.89044189
v -13.28932667 1.28111255 319.10482788
v -13.28932667 -3.85326529 319.10723877
v -13.50609875 1.28126407 319.42926025
v -13.50609875 -3.85311389 319.43164062
v -13.58222008 -3.85293508 319.81433105
v -13.58222008 6.41582060 319.80953979
v -13.50609875 6.41564178 319.42684937
v -13.28932667 6.41549063 319.10244751
v -12.96490288 6.41538906 318.88565063
v -21.62915993 7.20837498 319.80917358
v -21.70722008 6.41582060 319.80953979
v -21.73238754 7.06306458 319.42654419
v -21.78334045 6.41564178 319.42684937
v -22.00011253 6.41549063 319.10244751
v -21.94649124 7.09682417 319.10211182
v -22.32453537 6.41538906 318.88565063
v -22.26692009 7.14747381 318.88531494
v -22.70722008 6.41535378 318.80953979
v -22.63030815 7.29444742 318.80914307
v -22.09548950 7.86153173 318.88497925
v -22.40191269 8.14683056 318.80874634
v -21.81446648 8.53998089 318.88467407
v -22.02897263 8.94660378 318.80834961
v -21.43077087 9.16611576 318.88436890
v -21.52281952 9.66946602 318.80801392
v -20.95384979 9.72451878 318.88412476
v -20.89883232 10.29345322 318.80773926
v -20.39544678 10.20143986 318.88388062
v -20.17597008 10.79960728 318.80749512
v -19.76931190 10.58513546 318.88372803
v -19.37619591 11.17254734 318.80731201
v -19.09086227 10.86615849 318.88357544
v -18.52381325 11.40094280 318.80722046
v -18.37680435 11.03758907 318.88351440
v -17.64472008 11.47785282 318.80718994
v -17.64472008 11.09520531 318.88348389
v -16.91263580 11.03758907 318.88351440
v -16.96338654 10.71726131 319.10043335
v -16.29883003 10.55771542 319.10049438
v -16.36581612 10.35170364 319.42501831
v -15.76582527 10.10317898 319.42514038
v -16.09006882 10.16908073 319.80780029
v -15.38771534 9.79366589 319.80795288
v -15.21210003 9.76385593 319.42529297
v -14.77209854 9.28844166 319.80819702
v -14.71827316 9.34208775 319.42547607
v -14.29650497 8.84826183 319.42572021
v -14.56499195 9.49521828 319.10098267
v -14.12113285 8.97552586 319.10122681
v -14.33558941 9.72451878 318.88412476
v -13.85866833 9.16611576 318.88436890
v -13.76661968 9.66946602 318.80801392
v -13.26046562 8.94660378 318.80834961
v -16.76562500 11.40094280 318.80722046
v -16.19857597 10.86615849 318.88357544
v -15.66741276 10.29617405 319.10061646
v -15.91324234 11.17254734 318.80731201
v -15.52012730 10.58513546 318.88372803
v -15.08468342 9.93907738 319.10079956
v -15.11347008 10.79960728 318.80749512
v -14.89399242 10.20143986 318.88388062
v -14.39060783 10.29345322 318.80773926
v -13.47497272 8.53998089 318.88467407
v -12.88752556 8.14683056 318.80874634
v -13.19394970 7.86153173 318.88497925
v -12.65913010 7.29444742 318.80914307
v -13.02251911 7.14747381 318.88531494
v -13.34294891 7.09682417 319.10211182
v -13.50249481 7.76138067 319.10180664
v -13.76403618 8.39279747 319.10150146
v -13.55705261 7.06306458 319.42654419
v -13.70865726 7.69454575 319.42626953
v -13.95718193 8.29453564 319.42596436
v -13.66027927 7.20837498 319.80917358
v -13.89145947 7.97047186 319.80880737
v -14.26687431 8.67282486 319.80847168
v -16.85216522 10.40025997 319.80767822
v -16.99729729 10.50330830 319.42495728
v -17.64472008 10.77088356 319.10040283
v -17.64472008 10.47832012 319.80764771
v -17.64472008 10.55426216 319.42492676
v -18.32605362 10.71726131 319.10043335
v -18.29214287 10.50330830 319.42495728
v -18.43727493 10.40025997 319.80767822
v -18.92362404 10.35170364 319.42501831
v -19.19937134 10.16908073 319.80780029
v -19.52361488 10.10317898 319.42514038
v -19.90172386 9.79366589 319.80795288
v -20.07733917 9.76385593 319.42529297
v -20.51734161 9.28844166 319.80819702
v -20.57116699 9.34208775 319.42547607
v -20.99293327 8.84826183 319.42572021
v -21.16830635 8.97552586 319.10122681
v -21.52540398 8.39279747 319.10150146
v -21.02256584 8.67282486 319.80847168
v -21.33225822 8.29453564 319.42596436
v -21.78694534 7.76138067 319.10180664
v -21.39797974 7.97047186 319.80880737
v -21.58078194 7.69454575 319.42626953
v -20.72444725 9.49521828 319.10098267
v -20.20475578 9.93907738 319.10079956
v -19.62202644 10.29617405 319.10061646
v -18.99061012 10.55771542 319.10049438
v -21.70722008 -3.85293508 319.81433105
v -21.78334045 1.28126407 319.42926025
v -21.78334045 -3.85311389 319.43164062
v -22.00011253 1.28111255 319.10482788
v -22.00011253 -3.85326529 319.10723877
v -22.32453537 1.28101146 318.88806152
v -22.32453537 -3.85336637 318.89044189
v -22.70722008 -3.85340190 318.81433105
v -13.66027927 -4.64548969 319.81469727
v -13.55705261 -4.50053644 319.43194580
v -13.34294891 -4.53459883 319.10754395
v -13.02251911 -4.58545113 318.89080811
v -12.65913010 -4.73249578 318.81475830
v -13.19394970 -5.29950905 318.89114380
v -12.88752556 -5.58487892 318.81515503
v -13.47497272 -5.97795868 318.89144897
v -13.26046562 -6.38465166 318.81552124
v -13.85866833 -6.60409307 318.89172363
v -13.76661968 -7.10751390 318.81585693
v -14.33558941 -7.16249609 318.89199829
v -14.39060783 -7.73150158 318.81613159
v -14.89399242 -7.63941717 318.89221191
v -15.11347008 -8.23765469 318.81637573
v -15.52012730 -8.02311325 318.89239502
v -15.91324234 -8.61059570 318.81655884
v -16.19857597 -8.30413628 318.89251709
v -16.76562500 -8.83899117 318.81665039
v -16.91263580 -8.47556591 318.89260864
v -17.64472008 -8.91590118 318.81671143
v -17.64472008 -8.53318214 318.89263916
v -18.37680435 -8.47556591 318.89260864
v -18.32605362 -8.15503597 319.10922241
v -18.99061012 -7.99549007 319.10916138
v -18.92362404 -7.78917551 319.43350220
v -19.52361488 -7.54065132 319.43338013
v -19.19937134 -7.60619545 319.81607056
v -19.90172386 -7.23078012 319.81591797
v -20.07733917 -7.20132780 319.43322754
v -20.51734161 -6.72555590 319.81567383
v -20.57116699 -6.77956009 319.43301392
v -20.99293327 -6.28573370 319.43280029
v -20.72444725 -6.93299294 319.10867310
v -21.16830635 -6.41330099 319.10842896
v -20.95384979 -7.16249609 318.89199829
v -21.43077087 -6.60409307 318.89172363
v -21.52281952 -7.10751390 318.81585693
v -22.02897263 -6.38465166 318.81552124
v -18.52381325 -8.83899117 318.81665039
v -19.09086227 -8.30413628 318.89251709
v -19.62202644 -7.73394871 319.10903931
v -19.37619591 -8.61059570 318.81655884
v -19.76931190 -8.02311325 318.89239502
v -20.20475578 -7.37685204 319.10888672
v -20.17597008 -8.23765469 318.81637573
v -20.39544678 -7.63941717 318.89221191
v -20.89883232 -7.73150158 318.81613159
v -21.81446648 -5.97795868 318.89144897
v -22.40191269 -5.58487892 318.81515503
v -22.09548950 -5.29950905 318.89114380
v -22.63030815 -4.73249578 318.81475830
v -22.26692009 -4.58545113 318.89080811
v -21.94649124 -4.53459883 319.10754395
v -21.78694534 -5.19915581 319.10784912
v -21.52540398 -5.83057213 319.10815430
v -21.73238754 -4.50053644 319.43194580
v -21.58078194 -5.13201761 319.43225098
v -21.33225822 -5.73200798 319.43252563
v -21.62915993 -4.64548969 319.81469727
v -21.39797974 -5.40758657 319.81506348
v -21.02256584 -6.10993910 319.81539917
v -18.43727493 -7.83737469 319.81619263
v -18.29214287 -7.94078064 319.43356323
v -17.64472008 -8.20865822 319.10925293
v -17.64472008 -7.91543484 319.81622314
v -17.64472008 -7.99173403 319.43359375
v -16.96338654 -8.15503597 319.10922241
v -16.99729729 -7.94078064 319.43356323
v -16.85216522 -7.83737469 319.81619263
v -16.36581612 -7.78917551 319.43350220
v -16.09006882 -7.60619545 319.81607056
v -15.76582527 -7.54065132 319.43338013
v -15.38771534 -7.23078012 319.81591797
v -15.21210003 -7.20132780 319.43322754
v -14.77209854 -6.72555590 319.81567383
v -14.71827316 -6.77956009 319.43301392
v -14.29650497 -6.28573370 319.43280029
v -14.12113285 -6.41330099 319.10842896
v -13.76403618 -5.83057213 319.10815430
v -14.26687431 -6.10993910 319.81539917
v -13.95718193 -5.73200798 319.43252563
v -13.50249481 -5.19915581 319.10784912
v -13.89145947 -5.40758657 319.81506348
v -13.70865726 -5.13201761 319.43225098
v -14.56499195 -6.93299294 319.10867310
v -15.08468342 -7.37685204 319.10888672
v -15.66741276 -7.73394871 319.10903931
v -16.29883003 -7.99549007 319.10916138
v -21.70722008 6.41675425 321.80953979
v -21.62915993 7.20930862 321.80917358
v -21.39797974 7.97140551 321.80880737
v -21.02256584 8.67375851 321.80847168
v -20.51734161 9.28937531 321.80819702
v -19.90172386 9.79459953 321.80795288
v -19.19937134 10.17001438 321.80780029
v -18.43727493 10.40119362 321.80767822
v -17.64472008 10.47925377 321.80764771
v -16.85216522 10.40119362 321.80767822
v -16.09006882 10.17001438 321.80780029
v -15.38771534 9.79459953 321.80795288
v -14.77209854 9.28937531 321.80819702
v -14.26687431 8.67375851 321.80847168
v -13.89145947 7.97140551 321.80880737
v -13.66027927 7.20930862 321.80917358
v -13.58222008 6.41675425 321.80953979
v -13.58222008 -3.85200143 321.81433105
v 22.01778030 -3.85340190 318.81433105
v 22.01778030 6.41535378 318.80953979
v 21.94087029 7.29444742 318.80914307
v 15.22380352 -8.61059570 318.81655884
v 16.07618713 -8.83899117 318.81665039
v 16.95528030 -8.91590118 318.81671143
v 21.71247482 8.14683056 318.80874634
v 21.33953476 8.94660378 318.80834961
v 20.83337975 9.66946602 318.80801392
v 20.20939255 10.29345322 318.80773926
v 19.48653030 10.79960728 318.80749512
v 18.68675804 11.17254734 318.80731201
v 17.83437347 11.40094280 318.80722046
v 16.95528030 11.47785282 318.80718994
v 16.07618713 11.40094280 318.80722046
v 15.22380352 11.17254734 318.80731201
v 14.42403030 10.79960728 318.80749512
v 13.70116806 10.29345322 318.80773926
v 13.07717991 9.66946602 318.80801392
v 12.57102680 8.94660378 318.80834961
v 12.19808674 8.14683056 318.80874634
v 11.96969128 7.29444742 318.80914307
v 11.89278030 6.41535378 318.80953979
v 11.89278030 -3.85340190 318.81433105
v 11.96969128 -4.73249578 318.81475830
v 12.19808674 -5.58487892 318.81515503
v 12.57102680 -6.38465166 318.81552124
v 13.07717991 -7.10751390 318.81585693
v 13.70116806 -7.73150158 318.81613159
v 14.42403030 -8.23765469 318.81637573
v 17.83437347 -8.83899117 318.81665039
v 18.68675804 -8.61059570 318.81655884
v 19.48653030 -8.23765469 318.81637573
v 20.20939255 -7.73150158 318.81613159
v 20.83337975 -7.10751390 318.81585693
v 21.33953476 -6.38465166 318.81552124
v 21.71247482 -5.58487892 318.81515503
v 21.94087029 -4.73249578 318.81475830
v -22.70722008 6.41722107 322.80953979
v -22.70722008 -3.85153461 322.81433105
v -22.32453537 1.28280771 322.73580933
v -22.32453537 -3.85157013 322.73822021
v -22.00011253 1.28270650 322.51904297
v -22.00011253 -3.85167146 322.52145386
v -21.78334045 1.28255498 322.19461060
v -21.78334045 -3.85182285 322.19702148
v -21.70722008 -3.85200143 321.81433105
v -21.78334045 6.41693306 322.19223022
v -22.00011253 6.41708422 322.51663208
v -22.32453537 6.41718531 322.73342896
v -13.55705261 7.06435585 322.19192505
v -13.50609875 6.41693306 322.19223022
v -13.28932667 6.41708422 322.51663208
v -13.34294891 7.09841776 322.51632690
v -12.96490288 6.41718531 322.73342896
v -13.02251911 7.14927006 322.73306274
v -12.58222008 6.41722107 322.80953979
v -12.65913010 7.29631472 322.80914307
v -13.19394970 7.86332846 322.73275757
v -12.88752556 8.14869785 322.80871582
v -13.47497272 8.54177761 322.73242188
v -13.26046562 8.94847107 322.80834961
v -13.85866833 9.16791248 322.73214722
v -13.76661968 9.67133331 322.80801392
v -14.33558941 9.72631550 322.73187256
v -14.39060783 10.29532051 322.80773926
v -14.89399242 10.20323658 322.73165894
v -15.11347008 10.80147457 322.80749512
v -15.52012730 10.58693218 322.73147583
v -15.91324234 11.17441463 322.80731201
v -16.19857597 10.86795521 322.73135376
v -16.76562500 11.40281010 322.80722046
v -16.91263580 11.03938484 322.73126221
v -17.64472008 11.47972012 322.80718994
v -17.64472008 11.09700203 322.73123169
v -18.37680435 11.03938484 322.73126221
v -18.32605362 10.71885490 322.51464844
v -18.99061012 10.55930901 322.51470947
v -18.92362404 10.35299397 322.19039917
v -19.52361488 10.10447025 322.19049072
v -20.07733917 9.76514721 322.19067383
v -20.57116699 9.34337902 322.19085693
v -20.99293327 8.84955311 322.19110107
v -20.72444725 9.49681187 322.51519775
v -21.16830635 8.97712040 322.51544189
v -20.95384979 9.72631550 322.73187256
v -21.43077087 9.16791248 322.73214722
v -21.52281952 9.67133331 322.80801392
v -22.02897263 8.94847107 322.80834961
v -18.52381325 11.40281010 322.80722046
v -19.09086227 10.86795521 322.73135376
v -19.62202644 10.29776764 322.51483154
v -19.37619591 11.17441463 322.80731201
v -19.76931190 10.58693218 322.73147583
v -20.20475578 9.94067097 322.51501465
v -20.17597008 10.80147457 322.80749512
v -20.39544678 10.20323658 322.73165894
v -20.89883232 10.29532051 322.80773926
v -21.81446648 8.54177761 322.73242188
v -22.40191269 8.14869785 322.80871582
v -22.09548950 7.86332846 322.73275757
v -22.63030815 7.29631472 322.80914307
v -22.26692009 7.14927006 322.73306274
v -21.94649124 7.09841776 322.51632690
v -21.78694534 7.76297474 322.51602173
v -21.52540398 8.39439106 322.51571655
v -21.73238754 7.06435585 322.19192505
v -21.58078194 7.69583702 322.19161987
v -21.33225822 8.29582691 322.19134521
v -18.29214287 10.50459957 322.19030762
v -17.64472008 10.77247715 322.51461792
v -17.64472008 10.55555248 322.19027710
v -16.96338654 10.71885490 322.51464844
v -16.99729729 10.50459957 322.19030762
v -16.36581612 10.35299397 322.19039917
v -15.76582527 10.10447025 322.19049072
v -15.21210003 9.76514721 322.19067383
v -14.71827316 9.34337902 322.19085693
v -14.29650497 8.84955311 322.19110107
v -14.12113285 8.97712040 322.51544189
v -13.76403618 8.39439106 322.51571655
v -13.95718193 8.29582691 322.19134521
v -13.50249481 7.76297474 322.51602173
v -13.70865726 7.69583702 322.19161987
v -14.56499195 9.49681187 322.51519775
v -15.08468342 9.94067097 322.51501465
v -15.66741276 10.29776764 322.51483154
v -16.29883003 10.55930901 322.51470947
v -13.50609875 1.28255498 322.19461060
v -13.50609875 -3.85182285 322.19702148
v -13.28932667 1.28270650 322.51904297
v -13.28932667 -3.85167146 322.52145386
v -12.96490288 1.28280771 322.73580933
v -12.96490288 -3.85157013 322.73822021
v -12.58222008 -3.85153461 322.81433105
v -21.62915993 -4.64455605 321.81469727
v -21.73238754 -4.49924564 322.19732666
v -21.94649124 -4.53300476 322.52175903
v -22.26692009 -4.58365488 322.73855591
v -22.63030815 -4.73062849 322.81475830
v -22.09548950 -5.29771280 322.73889160
v -22.40191269 -5.58301163 322.81515503
v -21.81446648 -5.97616243 322.73919678
v -22.02897263 -6.38278437 322.81552124
v -21.43077087 -6.60229683 322.73950195
v -21.52281952 -7.10564661 322.81585693
v -20.95384979 -7.16069984 322.73974609
v -20.89883232 -7.72963428 322.81613159
v -20.39544678 -7.63762093 322.73999023
v -20.17597008 -8.23578739 322.81637573
v -19.76931190 -8.02131653 322.74017334
v -19.37619591 -8.60872841 322.81655884
v -19.09086227 -8.30233955 322.74029541
v -18.52381325 -8.83712292 322.81665039
v -18.37680435 -8.47377014 322.74035645
v -17.64472008 -8.91403389 322.81671143
v -17.64472008 -8.53138638 322.74038696
v -16.91263580 -8.47377014 322.74035645
v -16.96338654 -8.15344238 322.52343750
v -16.29883003 -7.99389601 322.52337646
v -16.36581612 -7.78788424 322.19885254
v -15.76582527 -7.53936005 322.19873047
v -16.09006882 -7.60526180 321.81607056
v -15.38771534 -7.22984648 321.81591797
v -15.21210003 -7.20003653 322.19857788
v -14.77209854 -6.72462225 321.81567383
v -14.71827316 -6.77826929 322.19839478
v -14.29650497 -6.28444242 322.19815063
v -14.56499195 -6.93139935 322.52288818
v -14.12113285 -6.41170692 322.52264404
v -14.33558941 -7.16069984 322.73974609
v -13.85866833 -6.60229683 322.73950195
v -13.76661968 -7.10564661 322.81585693
v -13.26046562 -6.38278437 322.81552124
v -16.76562500 -8.83712292 322.81665039
v -16.19857597 -8.30233955 322.74029541
v -15.66741276 -7.73235464 322.52325439
v -15.91324234 -8.60872841 322.81655884
v -15.52012730 -8.02131653 322.74017334
v -15.08468342 -7.37525797 322.52307129
v -15.11347008 -8.23578739 322.81637573
v -14.89399242 -7.63762093 322.73999023
v -14.39060783 -7.72963428 322.81613159
v -13.47497272 -5.97616243 322.73919678
v -12.88752556 -5.58301163 322.81515503
v -13.19394970 -5.29771280 322.73889160
v -12.65913010 -4.73062849 322.81475830
v -13.02251911 -4.58365488 322.73855591
v -13.34294891 -4.53300476 322.52175903
v -13.50249481 -5.19756174 322.52206421
v -13.76403618 -5.82897854 322.52236938
v -13.55705261 -4.49924564 322.19732666
v -13.70865726 -5.13072681 322.19760132
v -13.95718193 -5.73071718 322.19790649
v -13.66027927 -4.64455605 321.81469727
v -13.89145947 -5.40665293 321.81506348
v -14.26687431 -6.10900545 321.81539917
v -16.85216522 -7.83644104 321.81619263
v -16.99729729 -7.93948936 322.19891357
v -17.64472008 -8.20706367 322.52346802
v -17.64472008 -7.91450119 321.81622314
v -17.64472008 -7.99044275 322.19894409
v -18.32605362 -8.15344238 322.52343750
v -18.29214287 -7.93948936 322.19891357
v -18.43727493 -7.83644104 321.81619263
v -18.92362404 -7.78788424 322.19885254
v -19.19937134 -7.60526180 321.81607056
v -19.52361488 -7.53936005 322.19873047
v -19.90172386 -7.22984648 321.81591797
v -20.07733917 -7.20003653 322.19857788
v -20.51734161 -6.72462225 321.81567383
v -20.57116699 -6.77826929 322.19839478
v -20.99293327 -6.28444242 322.19815063
v -21.16830635 -6.41170692 322.52264404
v -21.52540398 -5.82897854 322.52236938
v -21.02256584 -6.10900545 321.81539917
v -21.33225822 -5.73071718 322.19790649
v -21.78694534 -5.19756174 322.52206421
v -21.39797974 -5.40665293 321.81506348
v -21.58078194 -5.13072681 322.19760132
v -20.72444725 -6.93139935 322.52288818
v -20.20475578 -7.37525797 322.52307129
v -19.62202644 -7.73235464 322.52325439
v -18.99061012 -7.99389601 322.52337646
v -28.34471893 -9.85153389 322.81713867
v -10.35915470 -9.85153389 322.81713867
v -28.34471893 -13.85153389 322.81900024
v 21.63509750 1.28101146 318.88806152
v 21.63509750 -3.85336637 318.89044189
v 21.31067276 1.28111255 319.10482788
v 21.31067276 -3.85326529 319.10723877
v 21.09390068 1.28126407 319.42926025
v 21.09390068 -3.85311389 319.43164062
v 21.01778030 -3.85293508 319.81433105
v 21.01778030 6.41582060 319.80953979
v 21.09390068 6.41564178 319.42684937
v 21.31067276 6.41549063 319.10244751
v 21.63509750 6.41538906 318.88565063
v 12.97084045 7.20837498 319.80917358
v 12.89278030 6.41582060 319.80953979
v 12.86761284 7.06306458 319.42654419
v 12.81665993 6.41564178 319.42684937
v 12.59988689 6.41549063 319.10244751
v 12.65350914 7.09682417 319.10211182
v 12.27546406 6.41538906 318.88565063
v 12.33308029 7.14747381 318.88531494
v 12.50450993 7.86153173 318.88497925
v 12.78553295 8.53998089 318.88467407
v 13.16922951 9.16611576 318.88436890
v 13.64615059 9.72451878 318.88412476
v 14.20455360 10.20143986 318.88388062
v 14.83068848 10.58513546 318.88372803
v 15.50913715 10.86615849 318.88357544
v 16.22319603 11.03758907 318.88351440
v 16.95528030 11.09520531 318.88348389
v 17.68736458 11.03758907 318.88351440
v 17.63661385 10.71726131 319.10043335
v 18.30117035 10.55771542 319.10049438
v 18.23418427 10.35170364 319.42501831
v 18.83417511 10.10317898 319.42514038
v 18.50993156 10.16908073 319.80780029
v 19.21228409 9.79366589 319.80795288
v 19.38790131 9.76385593 319.42529297
v 19.82790184 9.28844166 319.80819702
v 19.88172722 9.34208775 319.42547607
v 20.30349541 8.84826183 319.42572021
v 20.03500748 9.49521828 319.10098267
v 20.47886658 8.97552586 319.10122681
v 20.26441002 9.72451878 318.88412476
v 20.74133110 9.16611576 318.88436890
v 18.40142250 10.86615849 318.88357544
v 18.93258667 10.29617405 319.10061646
v 19.07987213 10.58513546 318.88372803
v 19.51531601 9.93907738 319.10079956
v 19.70600700 10.20143986 318.88388062
v 21.12502670 8.53998089 318.88467407
v 21.40604973 7.86153173 318.88497925
v 21.57748032 7.14747381 318.88531494
v 21.25705147 7.09682417 319.10211182
v 21.09750557 7.76138067 319.10180664
v 20.83596420 8.39279747 319.10150146
v 21.04294777 7.06306458 319.42654419
v 20.89134216 7.69454575 319.42626953
v 20.64281845 8.29453564 319.42596436
v 20.93972015 7.20837498 319.80917358
v 20.70854187 7.97047186 319.80880737
v 20.33312607 8.67282486 319.80847168
v 17.74783516 10.40025997 319.80767822
v 17.60270309 10.50330830 319.42495728
v 16.95528030 10.77088356 319.10040283
v 16.95528030 10.47832012 319.80764771
v 16.95528030 10.55426216 319.42492676
v 16.27394676 10.71726131 319.10043335
v 16.30785751 10.50330830 319.42495728
v 16.16272545 10.40025997 319.80767822
v 15.67637634 10.35170364 319.42501831
v 15.40062904 10.16908073 319.80780029
v 15.07638550 10.10317898 319.42514038
v 14.69827652 9.79366589 319.80795288
v 14.52266026 9.76385593 319.42529297
v 14.08265877 9.28844166 319.80819702
v 14.02883339 9.34208775 319.42547607
v 13.60706615 8.84826183 319.42572021
v 13.43169308 8.97552586 319.10122681
v 13.07459641 8.39279747 319.10150146
v 13.57743454 8.67282486 319.80847168
v 13.26774216 8.29453564 319.42596436
v 12.81305504 7.76138067 319.10180664
v 13.20201969 7.97047186 319.80880737
v 13.01921844 7.69454575 319.42626953
v 13.87555218 9.49521828 319.10098267
v 14.39524460 9.93907738 319.10079956
v 14.97797298 10.29617405 319.10061646
v 15.60939026 10.55771542 319.10049438
v 12.89278030 -3.85293508 319.81433105
v 12.81665993 1.28126407 319.42926025
v 12.81665993 -3.85311389 319.43164062
v 12.59988689 1.28111255 319.10482788
v 12.59988689 -3.85326529 319.10723877
v 12.27546406 1.28101146 318.88806152
v 12.27546406 -3.85336637 318.89044189
v 20.93972015 -4.64548969 319.81469727
v 21.04294777 -4.50053644 319.43194580
v 21.25705147 -4.53459883 319.10754395
v 21.57748032 -4.58545113 318.89080811
v 21.40604973 -5.29950905 318.89114380
v 21.12502670 -5.97795868 318.89144897
v 20.74133110 -6.60409307 318.89172363
v 20.26441002 -7.16249609 318.89199829
v 19.70600700 -7.63941717 318.89221191
v 19.07987213 -8.02311325 318.89239502
v 18.40142250 -8.30413628 318.89251709
v 17.68736458 -8.47556591 318.89260864
v 16.95528030 -8.53318214 318.89263916
v 16.22319603 -8.47556591 318.89260864
v 16.27394676 -8.15503597 319.10922241
v 15.60939026 -7.99549007 319.10916138
v 15.67637634 -7.78917551 319.43350220
v 15.07638550 -7.54065132 319.43338013
v 15.40062904 -7.60619545 319.81607056
v 14.69827652 -7.23078012 319.81591797
v 14.52266026 -7.20132780 319.43322754
v 14.08265877 -6.72555590 319.81567383
v 14.02883339 -6.77956009 319.43301392
v 13.60706615 -6.28573370 319.43280029
v 13.87555218 -6.93299294 319.10867310
v 13.43169308 -6.41330099 319.10842896
v 13.64615059 -7.16249609 318.89199829
v 13.16922951 -6.60409307 318.89172363
v 15.50913715 -8.30413628 318.89251709
v 14.97797298 -7.73394871 319.10903931
v 14.83068848 -8.02311325 318.89239502
v 14.39524460 -7.37685204 319.10888672
v 14.20455360 -7.63941717 318.89221191
v 12.78553295 -5.97795868 318.89144897
v 12.50450993 -5.29950905 318.89114380
v 12.33308029 -4.58545113 318.89080811
v 12.65350914 -4.53459883 319.10754395
v 12.81305504 -5.19915581 319.10784912
v 13.07459641 -5.83057213 319.10815430
v 12.86761284 -4.50053644 319.43194580
v 13.01921844 -5.13201761 319.43225098
v 13.26774216 -5.73200798 319.43252563
v 12.97084045 -4.64548969 319.81469727
v 13.20201969 -5.40758657 319.81506348
v 13.57743454 -6.10993910 319.81539917
v 16.16272545 -7.83737469 319.81619263
v 16.30785751 -7.94078064 319.43356323
v 16.95528030 -8.20865822 319.10925293
v 16.95528030 -7.91543484 319.81622314
v 16.95528030 -7.99173403 319.43359375
v 17.63661385 -8.15503597 319.10922241
v 17.60270309 -7.94078064 319.43356323
v 17.74783516 -7.83737469 319.81619263
v 18.23418427 -7.78917551 319.43350220
v 18.50993156 -7.60619545 319.81607056
v 18.83417511 -7.54065132 319.43338013
v 19.21228409 -7.23078012 319.81591797
v 19.38790131 -7.20132780 319.43322754
v 19.82790184 -6.72555590 319.81567383
v 19.88172722 -6.77956009 319.43301392
v 20.30349541 -6.28573370 319.43280029
v 20.47886658 -6.41330099 319.10842896
v 20.83596420 -5.83057213 319.10815430
v 20.33312607 -6.10993910 319.81539917
v 20.64281845 -5.73200798 319.43252563
v 21.09750557 -5.19915581 319.10784912
v 20.70854187 -5.40758657 319.81506348
v 20.89134216 -5.13201761 319.43225098
v 20.03500748 -6.93299294 319.10867310
v 19.51531601 -7.37685204 319.10888672
v 18.93258667 -7.73394871 319.10903931
v 18.30117035 -7.99549007 319.10916138
v 12.89278030 6.41675425 321.80953979
v 12.97084045 7.20930862 321.80917358
v 13.20201969 7.97140551 321.80880737
v 13.57743454 8.67375851 321.80847168
v 14.08265877 9.28937531 321.80819702
v 14.69827652 9.79459953 321.80795288
v 15.40062904 10.17001438 321.80780029
v 16.16272545 10.40119362 321.80767822
v 16.95528030 10.47925377 321.80764771
v 17.74783516 10.40119362 321.80767822
v 18.50993156 10.17001438 321.80780029
v 19.21228409 9.79459953 321.80795288
v 19.82790184 9.28937531 321.80819702
v 20.33312607 8.67375851 321.80847168
v 20.70854187 7.97140551 321.80880737
v 20.93972015 7.20930862 321.80917358
v 21.01778030 6.41675425 321.80953979
v 21.01778030 -3.85200143 321.81433105
v 11.89278030 6.41722107 322.80953979
v 11.89278030 -3.85153461 322.81433105
v 12.27546406 1.28280771 322.73580933
v 12.27546406 -3.85157013 322.73822021
v 12.59988689 1.28270650 322.51904297
v 12.59988689 -3.85167146 322.52145386
v 12.81665993 1.28255498 322.19461060
v 12.81665993 -3.85182285 322.19702148
v 12.89278030 -3.85200143 321.81433105
v 12.81665993 6.41693306 322.19223022
v 12.59988689 6.41708422 322.51663208
v 12.27546406 6.41718531 322.73342896
v 21.04294777 7.06435585 322.19192505
v 21.09390068 6.41693306 322.19223022
v 21.31067276 6.41708422 322.51663208
v 21.25705147 7.09841776 322.51632690
v 21.63509750 6.41718531 322.73342896
v 21.57748032 7.14927006 322.73306274
v 22.01778030 6.41722107 322.80953979
v 21.94087029 7.29631472 322.80914307
v 21.40604973 7.86332846 322.73275757
v 21.71247482 8.14869785 322.80871582
v 21.12502670 8.54177761 322.73242188
v 21.33953476 8.94847107 322.80834961
v 20.74133110 9.16791248 322.73214722
v 20.83337975 9.67133331 322.80801392
v 20.26441002 9.72631550 322.73187256
v 20.20939255 10.29532051 322.80773926
v 19.70600700 10.20323658 322.73165894
v 19.48653030 10.80147457 322.80749512
v 19.07987213 10.58693218 322.73147583
v 18.68675804 11.17441463 322.80731201
v 18.40142250 10.86795521 322.73135376
v 17.83437347 11.40281010 322.80722046
v 17.68736458 11.03938484 322.73126221
v 16.95528030 11.47972012 322.80718994
v 16.95528030 11.09700203 322.73123169
v 16.22319603 11.03938484 322.73126221
v 16.27394676 10.71885490 322.51464844
v 15.60939026 10.55930901 322.51470947
v 15.67637634 10.35299397 322.19039917
v 15.07638550 10.10447025 322.19049072
v 14.52266026 9.76514721 322.19067383
v 14.02883339 9.34337902 322.19085693
v 13.60706615 8.84955311 322.19110107
v 13.87555218 9.49681187 322.51519775
v 13.43169308 8.97712040 322.51544189
v 13.64615059 9.72631550 322.73187256
v 13.16922951 9.16791248 322.73214722
v 13.07717991 9.67133331 322.80801392
v 12.57102680 8.94847107 322.80834961
v 16.07618713 11.40281010 322.80722046
v 15.50913715 10.86795521 322.73135376
v 14.97797298 10.29776764 322.51483154
v 15.22380352 11.17441463 322.80731201
v 14.83068848 10.58693218 322.73147583
v 14.39524460 9.94067097 322.51501465
v 14.42403030 10.80147457 322.80749512
v 14.20455360 10.20323658 322.73165894
v 13.70116806 10.29532051 322.80773926
v 12.78553295 8.54177761 322.73242188
v 12.19808674 8.14869785 322.80871582
v 12.50450993 7.86332846 322.73275757
v 11.96969128 7.29631472 322.80914307
v 12.33308029 7.14927006 322.73306274
v 12.65350914 7.09841776 322.51632690
v 12.81305504 7.76297474 322.51602173
v 13.07459641 8.39439106 322.51571655
v 12.86761284 7.06435585 322.19192505
v 13.01921844 7.69583702 322.19161987
v 13.26774216 8.29582691 322.19134521
v 16.30785751 10.50459957 322.19030762
v 16.95528030 10.77247715 322.51461792
v 16.95528030 10.55555248 322.19027710
v 17.63661385 10.71885490 322.51464844
v 17.60270309 10.50459957 322.19030762
v 18.23418427 10.35299397 322.19039917
v 18.83417511 10.10447025 322.19049072
v 19.38790131 9.76514721 322.19067383
v 19.88172722 9.34337902 322.19085693
v 20.30349541 8.84955311 322.19110107
v 20.47886658 8.97712040 322.51544189
v 20.83596420 8.39439106 322.51571655
v 20.64281845 8.29582691 322.19134521
v 21.09750557 7.76297474 322.51602173
v 20.89134216 7.69583702 322.19161987
v 20.03500748 9.49681187 322.51519775
v 19.51531601 9.94067097 322.51501465
v 18.93258667 10.29776764 322.51483154
v 18.30117035 10.55930901 322.51470947
v 21.09390068 1.28255498 322.19461060
v 21.09390068 -3.85182285 322.19702148
v 21.31067276 1.28270650 322.51904297
v 21.31067276 -3.85167146 322.52145386
v 21.63509750 1.28280771 322.73580933
v 21.63509750 -3.85157013 322.73822021
v 22.01778030 -3.85153461 322.81433105
v 12.97084045 -4.64455605 321.81469727
v 12.86761284 -4.49924564 322.19732666
v 12.65350914 -4.53300476 322.52175903
v 12.33308029 -4.58365488 322.73855591
v 11.96969128 -4.73062849 322.81475830
v 12.50450993 -5.29771280 322.73889160
v 12.19808674 -5.58301163 322.81515503
v 12.78553295 -5.97616243 322.73919678
v 12.57102680 -6.38278437 322.81552124
v 13.16922951 -6.60229683 322.73950195
v 13.07717991 -7.10564661 322.81585693
v 13.64615059 -7.16069984 322.73974609
v 13.70116806 -7.72963428 322.81613159
v 14.20455360 -7.63762093 322.73999023
v 14.42403030 -8.23578739 322.81637573
v 14.83068848 -8.02131653 322.74017334
v 15.22380352 -8.60872841 322.81655884
v 15.50913715 -8.30233955 322.74029541
v 16.07618713 -8.83712292 322.81665039
v 16.22319603 -8.47377014 322.74035645
v 16.95528030 -8.91403389 322.81671143
v 16.95528030 -8.53138638 322.74038696
v 17.68736458 -8.47377014 322.74035645
v 17.63661385 -8.15344238 322.52343750
v 18.30117035 -7.99389601 322.52337646
v 18.23418427 -7.78788424 322.19885254
v 18.83417511 -7.53936005 322.19873047
v 18.50993156 -7.60526180 321.81607056
v 19.21228409 -7.22984648 321.81591797
v 19.38790131 -7.20003653 322.19857788
v 19.82790184 -6.72462225 321.81567383
v 19.88172722 -6.77826929 322.19839478
v 20.30349541 -6.28444242 322.19815063
v 20.03500748 -6.93139935 322.52288818
v 20.47886658 -6.41170692 322.52264404
v 20.26441002 -7.16069984 322.73974609
v 20.74133110 -6.60229683 322.73950195
v 20.83337975 -7.10564661 322.81585693
v 21.33953476 -6.38278437 322.81552124
v 17.83437347 -8.83712292 322.81665039
v 18.40142250 -8.30233955 322.74029541
v 18.93258667 -7.73235464 322.52325439
v 18.68675804 -8.60872841 322.81655884
v 19.07987213 -8.02131653 322.74017334
v 19.51531601 -7.37525797 322.52307129
v 19.48653030 -8.23578739 322.81637573
v 19.70600700 -7.63762093 322.73999023
v 20.20939255 -7.72963428 322.81613159
v 21.12502670 -5.97616243 322.73919678
v 21.71247482 -5.58301163 322.81515503
v 21.40604973 -5.29771280 322.73889160
v 21.94087029 -4.73062849 322.81475830
v 21.57748032 -4.58365488 322.73855591
v 21.25705147 -4.53300476 322.52175903
v 21.09750557 -5.19756174 322.52206421
v 20.83596420 -5.82897854 322.52236938
v 21.04294777 -4.49924564 322.19732666
v 20.89134216 -5.13072681 322.19760132
v 20.64281845 -5.73071718 322.19790649
v 20.93972015 -4.64455605 321.81469727
v 20.70854187 -5.40665293 321.81506348
v 20.33312607 -6.10900545 321.81539917
v 17.74783516 -7.83644104 321.81619263
v 17.60270309 -7.93948936 322.19891357
v 16.95528030 -8.20706367 322.52346802
v 16.95528030 -7.91450119 321.81622314
v 16.95528030 -7.99044275 322.19894409
v 16.27394676 -8.15344238 322.52343750
v 16.30785751 -7.93948936 322.19891357
v 16.16272545 -7.83644104 321.81619263
v 15.67637634 -7.78788424 322.19885254
v 15.40062904 -7.60526180 321.81607056
v 15.07638550 -7.53936005 322.19873047
v 14.69827652 -7.22984648 321.81591797
v 14.52266026 -7.20003653 322.19857788
v 14.08265877 -6.72462225 321.81567383
v 14.02883339 -6.77826929 322.19839478
v 13.60706615 -6.28444242 322.19815063
v 13.43169308 -6.41170692 322.52264404
v 13.07459641 -5.82897854 322.52236938
v 13.57743454 -6.10900545 321.81539917
v 13.26774216 -5.73071718 322.19790649
v 12.81305504 -5.19756174 322.52206421
v 13.20201969 -5.40665293 321.81506348
v 13.01921844 -5.13072681 322.19760132
v 13.87555218 -6.93139935 322.52288818
v 14.39524460 -7.37525797 322.52307129
v 14.97797298 -7.73235464 322.52325439
v 15.60939026 -7.99389601 322.52337646
v 27.65528107 12.09090328 322.80688477
v 27.65528107 -13.85153389 322.81900024
v 19.75527954 -13.84919930 327.81900024
v 19.75527954 12.09323788 327.80688477
f 1 2 3
f 3 2 4
f 3 4 5
f 5 4 6
f 5 6 7
f 7 6 8
f 8 6 9
f 8 9 10
f 10 9 11
f 10 11 12
f 12 11 13
f 5 7 14
f 14 7 15
f 14 15 16
f 16 15 17
f 16 17 18
f 19 20 21
f 21 20 22
f 21 22 23
f 23 22 24
f 23 24 25
f 20 19 26
f 26 19 27
f 26 27 28
f 28 27 29
f 28 29 30
f 28 30 31
f 31 30 32
f 31 32 33
f 33 32 34
f 34 32 35
f 35 32 36
f 36 32 37
f 37 32 38
f 38 32 39
f 39 32 40
f 39 40 41
f 41 40 42
f 42 40 43
f 43 40 44
f 44 40 45
f 45 40 46
f 46 40 47
f 46 47 48
f 48 47 49
f 48 49 50
f 48 50 51
f 51 50 52
f 51 52 53
f 53 52 54
f 53 54 55
f 55 54 56
f 55 56 57
f 57 56 58
f 58 56 59
f 58 59 60
f 60 59 61
f 61 59 62
f 61 62 63
f 61 63 64
f 64 63 65
f 64 65 66
f 66 65 67
f 66 67 68
f 68 67 69
f 68 69 70
f 70 69 71
f 70 71 72
f 72 71 73
f 72 73 74
f 74 73 75
f 74 75 76
f 76 75 77
f 76 77 78
f 78 77 79
f 78 79 80
f 80 79 81
f 80 81 82
f 82 81 83
f 82 83 84
f 84 83 85
f 84 85 86
f 86 85 87
f 86 87 88
f 75 73 89
f 89 73 90
f 89 90 91
f 91 90 92
f 91 92 93
f 93 94 91
f 23 25 88
f 88 25 95
f 88 95 86
f 96 72 97
f 97 72 74
f 97 74 98
f 98 74 76
f 98 76 78
f 96 99 72
f 72 99 70
f 70 99 100
f 70 100 68
f 68 100 101
f 68 101 66
f 66 101 102
f 66 102 64
f 64 102 103
f 64 103 61
f 61 103 104
f 61 104 60
f 60 104 105
f 60 105 58
f 58 105 106
f 58 106 57
f 57 106 107
f 57 107 55
f 55 107 108
f 55 108 53
f 53 108 109
f 53 109 51
f 51 109 110
f 51 110 48
f 48 110 111
f 48 111 46
f 46 111 112
f 46 112 45
f 45 112 113
f 45 113 44
f 44 113 114
f 44 114 43
f 43 114 115
f 43 115 42
f 42 115 116
f 42 116 41
f 41 116 117
f 41 117 39
f 39 117 118
f 39 118 38
f 38 118 119
f 38 119 37
f 37 119 120
f 37 120 36
f 36 120 121
f 36 121 35
f 35 121 122
f 35 122 34
f 34 122 123
f 34 123 33
f 33 123 124
f 33 124 31
f 31 124 125
f 31 125 28
f 28 125 126
f 28 126 26
f 26 126 127
f 26 127 20
f 20 127 128
f 20 128 22
f 22 128 129
f 22 129 24
f 24 129 130
f 24 130 25
f 25 130 131
f 25 131 95
f 95 131 132
f 95 132 86
f 86 132 133
f 86 133 84
f 84 133 134
f 84 134 82
f 82 134 135
f 82 135 80
f 80 135 136
f 80 136 78
f 78 136 98
f 96 97 137
f 137 97 98
f 137 98 138
f 138 98 136
f 138 136 139
f 139 136 135
f 139 135 140
f 140 135 134
f 140 134 141
f 141 134 133
f 141 133 132
f 141 132 142
f 142 132 131
f 142 131 143
f 143 131 130
f 143 130 144
f 144 130 129
f 144 129 128
f 144 128 145
f 145 128 127
f 145 127 146
f 146 127 126
f 146 126 147
f 147 126 125
f 147 125 148
f 148 125 124
f 148 124 123
f 148 123 149
f 149 123 122
f 149 122 150
f 150 122 121
f 150 121 151
f 151 121 120
f 151 120 119
f 151 119 152
f 152 119 118
f 152 118 153
f 153 118 117
f 153 117 154
f 154 117 116
f 154 116 155
f 155 116 115
f 155 115 114
f 155 114 156
f 156 114 113
f 156 113 157
f 157 113 112
f 157 112 158
f 158 112 111
f 158 111 110
f 158 110 159
f 159 110 109
f 159 109 160
f 160 109 108
f 160 108 161
f 161 108 107
f 161 107 162
f 162 107 106
f 162 106 105
f 162 105 163
f 163 105 104
f 163 104 164
f 164 104 103
f 164 103 165
f 165 103 102
f 165 102 101
f 165 101 166
f 166 101 100
f 166 100 167
f 167 100 99
f 167 99 168
f 168 99 96
f 168 96 137
f 169 168 170
f 170 168 137
f 170 137 171
f 171 137 138
f 171 138 172
f 172 138 139
f 172 139 173
f 173 139 140
f 173 140 174
f 174 140 141
f 174 141 175
f 175 141 142
f 175 142 176
f 176 142 143
f 176 143 177
f 177 143 144
f 177 144 178
f 178 144 145
f 178 145 179
f 179 145 146
f 179 146 180
f 180 146 147
f 180 147 181
f 181 147 148
f 181 148 182
f 182 148 149
f 182 149 183
f 183 149 150
f 183 150 184
f 184 150 151
f 184 151 185
f 185 151 152
f 185 152 186
f 186 152 153
f 186 153 187
f 187 153 154
f 187 154 188
f 188 154 155
f 188 155 189
f 189 155 156
f 189 156 190
f 190 156 157
f 190 157 191
f 191 157 158
f 191 158 192
f 192 158 159
f 192 159 193
f 193 159 160
f 193 160 194
f 194 160 161
f 194 161 195
f 195 161 162
f 195 162 196
f 196 162 163
f 196 163 197
f 197 163 164
f 197 164 198
f 198 164 165
f 198 165 199
f 199 165 166
f 199 166 200
f 200 166 167
f 200 167 169
f 169 167 168
f 169 170 201
f 201 170 171
f 201 171 202
f 202 171 172
f 202 172 203
f 203 172 173
f 203 173 204
f 204 173 174
f 204 174 205
f 205 174 175
f 205 175 206
f 206 175 176
f 206 176 207
f 207 176 177
f 207 177 208
f 208 177 178
f 208 178 179
f 208 179 209
f 209 179 180
f 209 180 210
f 210 180 181
f 210 181 211
f 211 181 182
f 211 182 212
f 212 182 183
f 212 183 213
f 213 183 184
f 213 184 214
f 214 184 185
f 214 185 215
f 215 185 186
f 215 186 187
f 215 187 216
f 216 187 188
f 216 188 217
f 217 188 189
f 217 189 218
f 218 189 190
f 218 190 219
f 219 190 191
f 219 191 220
f 220 191 192
f 220 192 221
f 221 192 193
f 221 193 222
f 222 193 194
f 222 194 195
f 222 195 223
f 223 195 196
f 223 196 224
f 224 196 197
f 224 197 225
f 225 197 198
f 225 198 226
f 226 198 199
f 226 199 227
f 227 199 200
f 227 200 228
f 228 200 169
f 228 169 201
f 216 229 215
f 215 229 230
f 215 230 214
f 214 230 231
f 214 231 213
f 213 231 232
f 213 232 212
f 212 232 233
f 212 233 211
f 211 233 234
f 211 234 210
f 210 234 235
f 210 235 209
f 209 235 236
f 209 236 208
f 208 236 237
f 208 237 207
f 207 237 238
f 207 238 206
f 206 238 239
f 206 239 205
f 205 239 240
f 205 240 204
f 204 240 241
f 204 241 203
f 203 241 242
f 203 242 202
f 202 242 243
f 202 243 201
f 201 243 244
f 201 244 228
f 228 244 245
f 228 245 227
f 227 245 246
f 227 246 226
f 226 246 247
f 226 247 225
f 225 247 248
f 225 248 224
f 224 248 249
f 224 249 223
f 223 249 250
f 223 250 222
f 222 250 251
f 222 251 221
f 221 251 252
f 221 252 220
f 220 252 253
f 220 253 219
f 219 253 254
f 219 254 218
f 218 254 255
f 218 255 217
f 217 255 256
f 217 256 216
f 216 256 229
f 231 230 257
f 257 230 229
f 257 229 258
f 258 229 256
f 258 256 259
f 259 256 255
f 259 255 260
f 260 255 254
f 260 254 253
f 260 253 261
f 261 253 252
f 261 252 262
f 262 252 251
f 262 251 250
f 262 250 263
f 263 250 249
f 263 249 264
f 264 249 248
f 264 248 247
f 264 247 265
f 265 247 246
f 265 246 266
f 266 246 245
f 266 245 267
f 267 245 244
f 267 244 243
f 267 243 268
f 268 243 242
f 268 242 269
f 269 242 241
f 269 241 270
f 270 241 240
f 270 240 239
f 270 239 271
f 271 239 238
f 271 238 272
f 272 238 237
f 272 237 236
f 272 236 273
f 273 236 235
f 273 235 274
f 274 235 234
f 274 234 233
f 274 233 275
f 275 233 232
f 275 232 276
f 276 232 231
f 276 231 257
f 277 266 278
f 278 266 267
f 278 267 279
f 279 267 268
f 279 268 280
f 280 268 269
f 280 269 281
f 281 269 270
f 281 270 282
f 282 270 271
f 282 271 283
f 283 271 272
f 283 272 284
f 284 272 273
f 284 273 285
f 285 273 274
f 285 274 286
f 286 274 275
f 286 275 287
f 287 275 276
f 287 276 288
f 288 276 257
f 288 257 289
f 289 257 258
f 289 258 290
f 290 258 259
f 290 259 291
f 291 259 260
f 291 260 292
f 292 260 261
f 292 261 293
f 293 261 262
f 293 262 294
f 294 262 263
f 294 263 295
f 295 263 264
f 295 264 296
f 296 264 265
f 296 265 277
f 277 265 266
f 279 287 278
f 278 287 288
f 278 288 277
f 277 288 289
f 277 289 296
f 296 289 290
f 296 290 295
f 295 290 291
f 295 291 294
f 294 291 292
f 294 292 293
f 287 279 286
f 286 279 280
f 286 280 285
f 285 280 281
f 285 281 284
f 284 281 282
f 284 282 283
f 297 32 298
f 298 32 30
f 298 30 299
f 299 30 29
f 299 29 300
f 300 29 27
f 300 27 301
f 301 27 19
f 301 19 302
f 302 19 21
f 302 21 303
f 302 303 304
f 304 303 305
f 304 305 306
f 306 305 307
f 306 307 308
f 308 307 309
f 308 309 310
f 310 311 308
f 308 311 312
f 308 312 313
f 313 312 314
f 313 314 315
f 315 314 316
f 315 316 317
f 317 316 318
f 317 318 319
f 319 318 320
f 319 320 297
f 311 321 312
f 312 321 314
f 321 322 314
f 314 322 316
f 316 322 323
f 323 322 324
f 323 324 325
f 323 325 318
f 318 325 326
f 318 326 320
f 319 297 298
f 319 298 327
f 327 298 299
f 327 299 300
f 316 323 318
f 319 327 317
f 317 327 328
f 317 328 315
f 315 328 329
f 315 329 313
f 313 329 306
f 313 306 308
f 328 327 300
f 329 328 301
f 301 328 300
f 302 304 301
f 301 304 329
f 304 306 329
f 330 331 332
f 332 331 333
f 332 333 334
f 334 333 335
f 334 335 336
f 336 335 337
f 336 337 338
f 338 337 339
f 338 339 340
f 340 339 341
f 340 341 342
f 342 341 343
f 342 343 344
f 344 343 345
f 344 345 346
f 346 345 326
f 346 326 325
f 335 347 337
f 337 347 348
f 337 348 339
f 339 348 349
f 339 349 341
f 341 349 350
f 341 350 343
f 343 350 351
f 343 351 345
f 345 351 326
f 348 347 352
f 352 347 353
f 352 353 354
f 354 353 355
f 354 355 356
f 356 355 297
f 356 297 320
f 353 32 355
f 355 32 297
f 326 351 320
f 320 351 357
f 320 357 356
f 356 357 358
f 356 358 354
f 354 358 352
f 346 325 359
f 359 325 324
f 359 324 360
f 361 362 360
f 360 362 363
f 360 363 364
f 364 363 365
f 364 365 366
f 366 365 367
f 366 367 368
f 368 367 369
f 368 369 342
f 342 369 340
f 370 371 361
f 361 371 372
f 361 372 362
f 362 372 373
f 362 373 374
f 374 373 375
f 374 375 376
f 376 375 377
f 376 377 378
f 378 377 379
f 378 379 380
f 380 379 381
f 380 381 338
f 338 381 336
f 371 370 382
f 382 370 383
f 382 383 384
f 382 384 385
f 385 384 386
f 385 386 387
f 387 386 388
f 387 388 389
f 389 388 390
f 389 390 375
f 375 390 377
f 386 391 388
f 388 391 392
f 388 392 390
f 390 392 393
f 390 393 377
f 377 393 379
f 391 330 392
f 392 330 394
f 392 394 393
f 393 394 395
f 393 395 379
f 379 395 381
f 394 330 332
f 360 364 396
f 396 364 366
f 396 366 397
f 397 366 368
f 397 368 344
f 344 368 342
f 395 394 332
f 371 382 385
f 385 387 398
f 398 387 389
f 398 389 373
f 373 389 375
f 381 395 334
f 334 395 332
f 336 381 334
f 372 371 398
f 398 371 385
f 372 398 373
f 338 340 380
f 380 340 369
f 380 369 378
f 378 369 367
f 378 367 376
f 376 367 365
f 376 365 374
f 374 365 363
f 374 363 362
f 348 352 349
f 349 352 358
f 349 358 350
f 350 358 357
f 350 357 351
f 360 396 359
f 359 396 397
f 359 397 346
f 346 397 344
f 399 400 331
f 331 400 401
f 331 401 333
f 333 401 402
f 333 402 335
f 335 402 403
f 335 403 347
f 347 403 404
f 347 404 353
f 353 404 40
f 353 40 32
f 400 399 405
f 405 399 406
f 405 406 407
f 407 406 408
f 407 408 409
f 409 408 410
f 410 408 411
f 412 413 414
f 414 413 415
f 414 415 408
f 408 415 411
f 414 408 416
f 416 408 406
f 416 406 417
f 417 406 399
f 417 399 330
f 330 399 331
f 330 391 417
f 417 391 418
f 417 418 416
f 416 418 419
f 416 419 414
f 414 419 420
f 414 420 412
f 412 420 421
f 421 420 422
f 421 422 423
f 423 422 424
f 423 424 425
f 425 424 426
f 425 426 427
f 427 426 428
f 428 426 429
f 428 429 430
f 430 429 384
f 430 384 383
f 391 386 418
f 418 386 431
f 418 431 419
f 419 431 432
f 419 432 420
f 420 432 422
f 386 384 431
f 431 384 429
f 431 429 432
f 432 429 426
f 432 426 422
f 422 426 424
f 410 433 409
f 409 433 434
f 409 434 435
f 435 434 436
f 435 436 437
f 437 436 438
f 437 438 439
f 439 438 440
f 439 440 441
f 441 440 442
f 441 442 443
f 433 444 434
f 434 444 445
f 434 445 436
f 436 445 446
f 436 446 438
f 438 446 447
f 438 447 440
f 440 447 442
f 443 448 441
f 441 448 449
f 441 449 450
f 450 449 451
f 450 451 452
f 448 453 449
f 449 453 451
f 453 454 451
f 450 452 455
f 455 452 456
f 455 456 457
f 457 456 458
f 457 458 405
f 405 458 400
f 405 407 457
f 457 407 435
f 457 435 437
f 407 409 435
f 441 450 439
f 439 450 455
f 439 455 437
f 437 455 457
f 451 454 459
f 459 454 460
f 459 460 461
f 461 460 462
f 461 462 463
f 463 462 464
f 463 464 465
f 465 464 466
f 465 466 467
f 467 466 468
f 467 468 469
f 469 468 470
f 469 470 471
f 471 470 472
f 471 472 473
f 466 464 474
f 474 464 475
f 474 475 476
f 476 475 477
f 476 477 478
f 478 477 472
f 478 472 470
f 479 480 473
f 473 480 481
f 473 481 471
f 471 481 482
f 471 482 469
f 469 482 483
f 469 483 467
f 467 483 484
f 467 484 465
f 465 484 463
f 480 479 485
f 485 479 40
f 485 40 404
f 485 404 486
f 486 404 403
f 486 403 487
f 487 403 488
f 487 488 489
f 489 488 490
f 489 490 491
f 491 490 492
f 491 492 493
f 493 492 494
f 493 494 495
f 495 494 452
f 495 452 496
f 496 452 451
f 496 451 459
f 403 402 488
f 488 402 497
f 488 497 490
f 490 497 498
f 490 498 492
f 492 498 499
f 492 499 494
f 494 499 456
f 494 456 452
f 497 402 500
f 500 402 401
f 500 401 501
f 501 401 400
f 501 400 458
f 501 458 502
f 502 458 456
f 502 456 499
f 496 459 503
f 503 459 461
f 503 461 504
f 504 461 463
f 504 463 484
f 495 496 505
f 505 496 503
f 505 503 506
f 506 503 504
f 506 504 507
f 507 504 484
f 507 484 483
f 500 501 502
f 500 502 498
f 498 502 499
f 495 505 493
f 493 505 508
f 493 508 491
f 491 508 509
f 491 509 489
f 489 509 510
f 489 510 487
f 487 510 486
f 508 505 506
f 497 500 498
f 508 506 511
f 511 506 507
f 511 507 512
f 512 507 483
f 512 483 482
f 466 474 468
f 468 474 478
f 468 478 470
f 476 478 474
f 482 513 512
f 512 513 514
f 512 514 511
f 511 514 509
f 511 509 508
f 513 515 514
f 514 515 510
f 514 510 509
f 482 481 513
f 513 481 480
f 513 480 515
f 515 480 485
f 515 485 486
f 515 486 510
f 464 516 475
f 475 516 517
f 475 517 518
f 518 517 519
f 518 519 520
f 520 519 521
f 520 521 522
f 522 521 523
f 522 523 524
f 516 464 525
f 525 464 462
f 525 462 460
f 454 526 460
f 460 526 525
f 475 518 477
f 477 518 527
f 477 527 472
f 472 527 528
f 472 528 473
f 473 528 529
f 473 529 479
f 479 529 530
f 479 530 40
f 40 530 47
f 47 530 531
f 47 531 49
f 49 531 532
f 49 532 50
f 50 532 533
f 50 533 52
f 52 533 534
f 52 534 54
f 54 534 535
f 535 534 536
f 535 536 537
f 537 536 538
f 537 538 539
f 539 538 540
f 539 540 541
f 541 540 524
f 524 540 522
f 522 540 542
f 522 542 520
f 520 542 543
f 520 543 544
f 544 543 545
f 544 545 546
f 546 545 547
f 546 547 548
f 548 547 532
f 548 532 531
f 527 518 544
f 544 518 520
f 544 546 527
f 527 546 528
f 531 530 529
f 546 548 528
f 528 548 529
f 548 531 529
f 545 543 549
f 549 543 542
f 549 542 538
f 538 542 540
f 547 545 550
f 550 545 549
f 550 549 536
f 536 549 538
f 532 547 533
f 533 547 550
f 533 550 534
f 534 550 536
f 551 552 524
f 524 552 541
f 541 552 553
f 541 553 554
f 541 554 539
f 539 554 555
f 539 555 537
f 537 555 556
f 537 556 557
f 537 557 535
f 535 557 558
f 535 558 54
f 54 558 56
f 524 523 551
f 551 523 559
f 560 561 562
f 562 561 563
f 562 563 564
f 564 563 565
f 564 565 566
f 564 566 567
f 567 566 568
f 567 568 559
f 559 568 551
f 568 569 551
f 551 569 570
f 551 570 552
f 552 570 571
f 552 571 572
f 572 571 573
f 572 573 574
f 574 573 575
f 574 575 576
f 576 575 577
f 576 577 578
f 578 577 579
f 578 579 580
f 580 579 581
f 580 581 582
f 582 581 583
f 582 583 584
f 584 583 585
f 584 585 586
f 586 585 587
f 586 587 588
f 588 587 589
f 588 589 590
f 590 589 591
f 590 591 592
f 569 568 593
f 593 568 566
f 593 566 594
f 594 566 595
f 594 595 596
f 596 595 597
f 596 597 575
f 575 597 577
f 566 565 595
f 595 565 598
f 595 598 597
f 597 598 599
f 597 599 577
f 577 599 579
f 563 600 565
f 565 600 601
f 565 601 598
f 598 601 599
f 561 602 563
f 563 602 603
f 563 603 604
f 604 603 605
f 604 605 606
f 606 605 583
f 606 583 581
f 561 591 602
f 602 591 607
f 602 607 608
f 608 607 587
f 608 587 585
f 609 610 592
f 592 610 611
f 592 611 590
f 590 611 612
f 590 612 588
f 588 612 613
f 588 613 586
f 586 613 614
f 586 614 584
f 584 614 615
f 584 615 582
f 582 615 616
f 582 616 580
f 580 616 617
f 580 617 578
f 578 617 618
f 578 618 576
f 576 618 619
f 576 619 574
f 574 619 620
f 574 620 572
f 572 620 553
f 572 553 552
f 621 622 609
f 609 622 623
f 609 623 610
f 610 623 624
f 610 624 625
f 625 624 626
f 625 626 627
f 627 626 628
f 627 628 629
f 629 628 630
f 629 630 631
f 631 630 632
f 631 632 633
f 633 632 634
f 633 634 635
f 635 634 636
f 635 636 637
f 637 636 638
f 637 638 639
f 639 638 554
f 639 554 553
f 640 641 621
f 621 641 642
f 621 642 622
f 622 642 624
f 622 624 623
f 643 644 640
f 640 644 645
f 640 645 646
f 646 645 647
f 646 647 648
f 648 647 628
f 648 628 626
f 649 650 643
f 643 650 651
f 643 651 644
f 644 651 652
f 644 652 645
f 645 652 653
f 645 653 647
f 647 653 630
f 647 630 628
f 56 558 649
f 649 558 654
f 649 654 650
f 650 654 651
f 558 557 654
f 654 557 655
f 654 655 651
f 651 655 656
f 651 656 652
f 652 656 657
f 652 657 653
f 653 657 632
f 653 632 630
f 557 556 655
f 655 556 658
f 655 658 656
f 656 658 659
f 656 659 657
f 657 659 634
f 657 634 632
f 556 555 658
f 658 555 660
f 658 660 659
f 659 660 636
f 659 636 634
f 555 554 660
f 660 554 638
f 660 638 636
f 587 607 589
f 589 607 591
f 600 563 604
f 605 603 608
f 608 603 602
f 604 606 600
f 600 606 661
f 600 661 601
f 601 661 599
f 570 569 593
f 593 594 662
f 662 594 596
f 662 596 573
f 573 596 575
f 662 573 571
f 599 661 579
f 579 661 581
f 661 606 581
f 608 585 605
f 605 585 583
f 639 553 620
f 637 639 619
f 619 639 620
f 635 637 618
f 618 637 619
f 633 635 617
f 617 635 618
f 631 633 616
f 616 633 617
f 629 631 615
f 615 631 616
f 627 629 614
f 614 629 615
f 625 627 613
f 613 627 614
f 610 625 612
f 612 625 613
f 612 611 610
f 648 626 642
f 642 626 624
f 646 648 641
f 641 648 642
f 640 646 641
f 571 570 662
f 662 570 593
f 663 664 561
f 561 664 665
f 561 665 591
f 591 665 592
f 592 665 666
f 592 666 609
f 609 666 621
f 621 666 667
f 621 667 640
f 640 667 643
f 643 667 668
f 643 668 649
f 649 668 56
f 56 668 669
f 56 669 670
f 670 669 671
f 670 671 672
f 672 671 673
f 673 671 674
f 674 671 675
f 674 675 676
f 676 675 677
f 676 677 678
f 678 677 679
f 679 677 663
f 663 677 664
f 672 680 670
f 670 680 56
f 680 59 56
f 666 665 664
f 664 677 681
f 681 677 675
f 681 675 682
f 682 675 671
f 682 671 669
f 667 666 681
f 681 666 664
f 667 681 682
f 668 667 682
f 668 682 669
f 683 684 685
f 685 684 686
f 685 686 687
f 683 688 684
f 684 689 686
f 686 689 690
f 690 689 691
f 690 691 692
f 692 691 693
f 692 693 694
f 694 693 695
f 694 695 696
f 696 695 697
f 697 695 698
f 698 695 699
f 700 701 693
f 693 701 702
f 693 702 695
f 695 702 703
f 695 703 704
f 704 705 695
f 695 705 706
f 706 705 707
f 707 705 708
f 707 708 709
f 709 710 707
f 711 712 696
f 696 712 694
f 713 714 715
f 715 714 716
f 715 716 717
f 715 718 713
f 713 718 719
f 720 721 722
f 722 721 723
f 561 560 663
f 663 560 724
f 725 683 726
f 726 683 685
f 726 685 727
f 727 685 728
f 727 728 729
f 729 728 730
f 729 730 731
f 731 730 732
f 731 732 733
f 733 732 734
f 733 734 735
f 735 734 736
f 735 736 737
f 737 738 735
f 735 738 739
f 735 739 733
f 733 739 740
f 733 740 731
f 731 740 741
f 731 741 729
f 729 741 742
f 729 742 727
f 727 742 726
f 738 743 739
f 739 743 740
f 743 744 740
f 740 744 741
f 744 745 741
f 741 745 742
f 745 746 742
f 742 746 726
f 746 725 726
f 700 747 701
f 701 747 748
f 708 749 709
f 709 749 750
f 751 752 753
f 753 752 754
f 755 756 757
f 757 756 758
f 759 760 761
f 761 760 762
f 763 764 765
f 765 764 766
f 767 768 769
f 769 768 770
f 738 771 743
f 743 771 744
f 744 771 745
f 745 771 746
f 746 771 725
f 725 771 772
f 725 772 683
f 683 772 688
f 773 774 775
f 775 774 776
f 776 774 777
f 776 777 778
f 778 777 779
f 779 777 780
f 780 777 781
f 781 777 782
f 693 783 700
f 700 783 747
f 784 750 785
f 785 750 786
f 785 786 787
f 788 789 784
f 784 789 750
f 750 749 786
f 786 749 790
f 790 749 748
f 790 748 747
f 791 792 749
f 749 792 793
f 749 793 748
f 748 793 794
f 794 793 795
f 791 796 792
f 783 797 747
f 747 797 798
f 747 798 790
f 783 799 797
f 787 800 785
f 801 802 803
f 803 802 804
f 803 804 805
f 806 807 801
f 801 807 808
f 801 808 802
f 809 810 806
f 806 810 811
f 806 811 812
f 813 814 809
f 809 814 815
f 809 815 816
f 817 818 813
f 813 818 819
f 813 819 820
f 803 821 817
f 817 821 822
f 817 822 823
f 816 824 809
f 809 824 810
f 812 807 806
f 805 821 803
f 823 825 817
f 817 825 818
f 820 814 813
f 826 827 828
f 828 827 829
f 828 829 830
f 831 832 826
f 826 832 833
f 826 833 834
f 835 836 831
f 831 836 837
f 831 837 838
f 839 840 835
f 835 840 841
f 835 841 842
f 828 843 839
f 839 843 844
f 839 844 845
f 842 846 835
f 835 846 836
f 838 832 831
f 834 847 826
f 826 847 827
f 830 848 828
f 828 848 849
f 828 849 843
f 845 840 839
f 850 851 852
f 852 851 853
f 852 853 854
f 855 856 850
f 850 856 857
f 850 857 858
f 859 860 855
f 855 860 861
f 855 861 862
f 863 864 859
f 859 864 865
f 859 865 866
f 852 867 863
f 863 867 868
f 863 868 869
f 869 870 863
f 863 870 864
f 866 860 859
f 862 871 855
f 855 871 856
f 858 872 850
f 850 872 851
f 854 873 852
f 852 873 867
f 874 875 876
f 876 875 877
f 876 877 878
f 879 880 874
f 874 880 881
f 874 881 882
f 883 884 879
f 879 884 885
f 879 885 886
f 887 888 883
f 883 888 889
f 883 889 890
f 876 891 887
f 887 891 892
f 887 892 893
f 893 894 887
f 887 894 888
f 890 884 883
f 886 895 879
f 879 895 880
f 882 896 874
f 874 896 875
f 878 897 876
f 876 897 891
f 785 898 784
f 784 898 899
f 784 899 900
f 901 902 785
f 785 902 903
f 785 903 904
f 905 906 901
f 901 906 907
f 901 907 908
f 909 910 905
f 905 910 911
f 905 911 912
f 784 913 909
f 909 913 914
f 909 914 915
f 900 916 784
f 784 916 913
f 915 917 909
f 909 917 910
f 912 906 905
f 908 918 901
f 901 918 902
f 904 919 785
f 785 919 898
f 792 920 793
f 793 920 921
f 793 921 922
f 923 924 792
f 792 924 925
f 792 925 926
f 927 928 923
f 923 928 929
f 923 929 930
f 931 932 927
f 927 932 933
f 927 933 934
f 793 935 931
f 931 935 936
f 931 936 937
f 922 938 793
f 793 938 935
f 937 939 931
f 931 939 932
f 934 928 927
f 930 940 923
f 923 940 924
f 926 941 792
f 792 941 920
f 798 942 943
f 943 942 944
f 943 944 945
f 797 946 798
f 798 946 947
f 798 947 942
f 948 949 797
f 797 949 950
f 797 950 951
f 952 953 948
f 948 953 954
f 948 954 955
f 956 957 952
f 952 957 958
f 952 958 959
f 943 960 956
f 956 960 961
f 956 961 962
f 945 960 943
f 962 957 956
f 959 953 952
f 955 963 948
f 948 963 949
f 951 964 797
f 797 964 946
f 965 966 967
f 967 966 968
f 967 968 969
f 970 971 965
f 965 971 972
f 965 972 973
f 974 975 970
f 970 975 976
f 970 976 977
f 978 979 974
f 974 979 980
f 974 980 981
f 967 982 978
f 978 982 983
f 978 983 984
f 981 985 974
f 974 985 975
f 977 971 970
f 973 986 965
f 965 986 966
f 969 987 967
f 967 987 988
f 967 988 982
f 984 979 978
f 803 989 801
f 801 989 774
f 801 774 990
f 989 991 774
f 774 991 777
f 990 992 801
f 992 993 801
f 801 993 806
f 993 994 806
f 806 994 809
f 809 994 995
f 799 783 996
f 996 783 693
f 996 693 691
f 689 684 997
f 997 684 998
f 997 998 999
f 796 791 1000
f 1000 791 705
f 1000 705 704
f 703 702 1001
f 1001 702 794
f 1001 794 795
f 1002 1003 1004
f 1004 1003 1005
f 1004 1005 1006
f 992 990 993
f 993 990 1007
f 993 1007 994
f 1008 1009 1010
f 1010 1009 1011
f 1010 1011 1012
f 1013 1014 1015
f 1015 1014 1016
f 1015 1016 1017
f 1018 1019 1020
f 1020 1019 1021
f 1020 1021 1022
f 1023 1024 1025
f 1025 1024 1026
f 1025 1026 1027
f 1028 1029 1030
f 1030 1029 1031
f 1030 1031 1032
f 1032 1031 1033
f 1034 1035 1030
f 1030 1035 1028
f 789 1036 710
f 710 1036 719
f 710 719 1037
f 789 788 1036
f 1037 1038 710
f 710 1038 707
f 1039 1040 1041
f 1041 1040 1042
f 1042 1040 1043
f 1043 1040 1044
f 1043 1044 1045
f 1045 1044 1046
f 1046 1044 1047
f 1046 1047 1048
f 1048 1047 1049
f 1049 1047 1050
f 1051 1052 1040
f 1040 1052 1044
f 1044 1053 1047
f 1047 1053 1054
f 1054 1053 1055
f 713 1056 714
f 714 1056 1057
f 1057 1056 1058
f 1058 1056 1059
f 1058 1059 1060
f 1060 1059 1061
f 1061 1059 1062
f 1061 1062 1063
f 1063 1062 1064
f 1064 1062 1065
f 1059 1056 1066
f 1066 1056 800
f 1066 800 787
f 1059 1067 1062
f 1062 1067 1068
f 799 996 797
f 797 996 948
f 996 691 948
f 948 691 952
f 952 691 1069
f 997 956 689
f 689 956 952
f 689 952 1069
f 1017 1018 1070
f 1039 1023 1071
f 1006 1065 1072
f 704 703 1073
f 1069 691 689
f 995 994 1008
f 1029 1050 1074
f 713 719 1075
f 773 775 1007
f 1007 775 1076
f 1007 1076 1077
f 1077 1076 1078
f 1077 1079 1007
f 1007 1079 994
f 994 1079 1080
f 994 1080 1008
f 1008 1080 1081
f 1008 1081 1009
f 1009 1081 1082
f 1009 1082 1016
f 1016 1082 1017
f 1017 1082 1018
f 1018 1082 1019
f 1019 1082 1083
f 1019 1083 1034
f 1084 1085 1081
f 1081 1085 1086
f 1081 1086 1082
f 1082 1086 1087
f 1082 1087 1088
f 1088 1089 1082
f 1030 766 1034
f 1034 766 764
f 1034 764 1019
f 762 760 1016
f 1016 760 1009
f 1090 1091 1092
f 1092 1091 1049
f 1092 1049 1050
f 1029 1093 1050
f 1050 1093 1092
f 1094 1095 1096
f 1096 1095 1097
f 1098 1099 1100
f 1100 1099 1101
f 781 782 1102
f 1102 782 1103
f 1102 1103 1104
f 1104 1103 1105
f 1104 1105 1106
f 1106 1105 1107
f 1106 1107 1108
f 1108 1107 1109
f 1108 1109 1110
f 1110 1109 1111
f 1110 1111 1112
f 1112 1111 1113
f 1112 1113 1076
f 1076 775 1112
f 1112 775 1114
f 1112 1114 1110
f 1110 1114 1115
f 1110 1115 1108
f 1108 1115 1116
f 1108 1116 1106
f 1106 1116 1117
f 1106 1117 1104
f 1104 1117 1102
f 775 776 1114
f 1114 776 1115
f 776 778 1115
f 1115 778 1116
f 778 779 1116
f 1116 779 1117
f 779 780 1117
f 1117 780 1102
f 780 781 1102
f 1118 712 1119
f 1119 712 711
f 1120 1121 1122
f 1122 1121 1123
f 1124 1125 1126
f 1126 1125 1127
f 1084 1128 1085
f 1085 1128 1129
f 1130 1131 1132
f 1132 1131 1133
f 1134 1135 1136
f 1136 1135 1137
f 1138 1139 1140
f 1140 1139 1141
f 687 1142 685
f 685 1142 728
f 728 1142 1143
f 728 1143 730
f 730 1143 732
f 732 1143 734
f 734 1143 736
f 736 1143 737
f 1103 1144 1105
f 1105 1144 1107
f 1107 1144 1109
f 1109 1144 1111
f 1111 1144 1113
f 1113 1144 1145
f 1113 1145 1076
f 1076 1145 1078
f 712 1118 694
f 694 1118 1146
f 1147 1148 1149
f 1149 1148 1150
f 1150 1148 1151
f 1152 1153 1154
f 1154 1153 1086
f 1086 1153 1087
f 1080 1155 1081
f 1081 1155 1156
f 1156 1155 1157
f 1158 1159 1160
f 1160 1159 1077
f 1077 1159 1079
f 1161 1162 1163
f 1163 1162 1164
f 1164 1162 1165
f 697 1166 696
f 696 1166 1167
f 1167 1166 1168
f 690 1169 686
f 686 1169 1170
f 1170 1169 1171
f 1172 1173 1146
f 1146 1173 694
f 694 1173 692
f 698 699 1174
f 1174 699 1175
f 1174 1175 1176
f 1176 1175 1177
f 1177 1175 1178
f 1179 1180 1181
f 1181 1180 1182
f 1182 1180 1183
f 1183 1180 1089
f 1183 1089 1088
f 1184 1185 1186
f 1186 1185 1187
f 1188 1189 1190
f 1190 1189 1191
f 1090 1192 1091
f 1091 1192 1193
f 1091 1193 1194
f 1194 1193 1195
f 1195 1193 1196
f 1195 1196 1197
f 1197 1196 1198
f 1198 1196 1199
f 1198 1199 1200
f 1200 1199 1201
f 1201 1199 1202
f 1196 1193 1203
f 1203 1193 1204
f 1203 1204 1205
f 1196 1206 1199
f 1199 1206 1207
f 1208 1209 1210
f 1210 1209 1211
f 1211 1209 1212
f 1212 1209 1213
f 1212 1213 1214
f 1214 1213 1215
f 1215 1213 1216
f 1215 1216 1217
f 1217 1216 716
f 716 1216 1218
f 716 1218 717
f 1219 1220 1209
f 1209 1220 1213
f 1213 1221 1216
f 1216 1221 1222
f 1222 1221 1223
f 1148 1147 1224
f 1224 1147 1225
f 1225 1147 1226
f 1151 1148 1227
f 1227 1148 1224
f 1228 1123 1227
f 1227 1123 1150
f 1227 1150 1151
f 1207 1206 1228
f 1228 1206 1133
f 1228 1133 1123
f 1123 1133 5
f 1123 5 14
f 1133 1131 5
f 1125 1124 14
f 14 1124 1122
f 14 1122 1123
f 1220 1229 1124
f 1124 1229 1230
f 1124 1230 1122
f 1122 1230 1163
f 1163 1230 1161
f 1220 1219 1229
f 1231 1232 1233
f 1233 1232 1234
f 1233 1234 1235
f 1236 1237 1231
f 1231 1237 1238
f 1231 1238 1239
f 1240 1241 1236
f 1236 1241 1242
f 1236 1242 1243
f 1244 1245 1240
f 1240 1245 1246
f 1240 1246 1247
f 1233 1248 1244
f 1244 1248 1249
f 1244 1249 1250
f 1250 1251 1244
f 1244 1251 1245
f 1247 1241 1240
f 1243 1252 1236
f 1236 1252 1253
f 1236 1253 1237
f 1239 1254 1231
f 1231 1254 1232
f 1235 1248 1233
f 1255 1256 1257
f 1257 1256 1258
f 1257 1258 1259
f 1260 1261 1255
f 1255 1261 1262
f 1255 1262 1263
f 1264 1265 1260
f 1260 1265 1266
f 1260 1266 1267
f 1268 1269 1264
f 1264 1269 1270
f 1264 1270 1271
f 1257 1272 1268
f 1268 1272 1273
f 1268 1273 1274
f 1267 1275 1260
f 1260 1275 1261
f 1263 1276 1255
f 1255 1276 1256
f 1259 1272 1257
f 1274 1277 1268
f 1268 1277 1269
f 1271 1278 1264
f 1264 1278 1265
f 1279 1280 1281
f 1281 1280 1282
f 1281 1282 1283
f 1284 1285 1279
f 1279 1285 1286
f 1279 1286 1287
f 1288 1289 1284
f 1284 1289 1290
f 1284 1290 1291
f 1292 1293 1288
f 1288 1293 1294
f 1288 1294 1295
f 1296 1297 1292
f 1292 1297 1298
f 1292 1298 1299
f 1281 1283 1296
f 1296 1283 1300
f 1296 1300 1301
f 1299 1302 1292
f 1292 1302 1293
f 1295 1289 1288
f 1291 1303 1284
f 1284 1303 1285
f 1287 1280 1279
f 1301 1297 1296
f 1304 1305 1306
f 1306 1305 1307
f 1306 1307 1308
f 1309 1310 1304
f 1304 1310 1311
f 1304 1311 1312
f 1313 1314 1309
f 1309 1314 1315
f 1309 1315 1316
f 1317 1318 1313
f 1313 1318 1319
f 1313 1319 1320
f 1306 1321 1317
f 1317 1321 1322
f 1317 1322 1323
f 1320 1324 1313
f 1313 1324 1314
f 1316 1310 1309
f 1312 1325 1304
f 1304 1325 1326
f 1304 1326 1305
f 1308 1327 1306
f 1306 1327 1321
f 1323 1318 1317
f 1227 1328 1228
f 1228 1328 1329
f 1228 1329 1330
f 1224 1331 1227
f 1227 1331 1332
f 1227 1332 1333
f 1225 1334 1224
f 1224 1334 1335
f 1224 1335 1336
f 1337 1338 1225
f 1225 1338 1339
f 1225 1339 1340
f 1228 1341 1337
f 1337 1341 1342
f 1337 1342 1343
f 1336 1344 1224
f 1224 1344 1331
f 1333 1345 1227
f 1227 1345 1328
f 1330 1346 1228
f 1228 1346 1341
f 1343 1347 1337
f 1337 1347 1338
f 1340 1334 1225
f 1229 1348 1230
f 1230 1348 1349
f 1230 1349 1350
f 1351 1352 1229
f 1229 1352 1353
f 1229 1353 1354
f 1355 1356 1351
f 1351 1356 1357
f 1351 1357 1358
f 1359 1360 1355
f 1355 1360 1361
f 1355 1361 1362
f 1230 1363 1359
f 1359 1363 1364
f 1359 1364 1365
f 1358 1366 1351
f 1351 1366 1352
f 1354 1367 1229
f 1229 1367 1348
f 1350 1368 1230
f 1230 1368 1363
f 1365 1369 1359
f 1359 1369 1360
f 1362 1356 1355
f 1370 1371 1372
f 1372 1371 1373
f 1372 1373 1374
f 1375 1376 1370
f 1370 1376 1377
f 1370 1377 1378
f 1379 1380 1375
f 1375 1380 1381
f 1375 1381 1382
f 1383 1384 1379
f 1379 1384 1385
f 1379 1385 1386
f 1372 1387 1383
f 1383 1387 1388
f 1383 1388 1389
f 1374 1390 1372
f 1372 1390 1387
f 1389 1391 1383
f 1383 1391 1384
f 1386 1380 1379
f 1382 1392 1375
f 1375 1392 1376
f 1378 1393 1370
f 1370 1393 1371
f 1394 1395 1396
f 1396 1395 1397
f 1396 1397 1398
f 1399 1400 1394
f 1394 1400 1401
f 1394 1401 1395
f 1402 1403 1399
f 1399 1403 1404
f 1399 1404 1405
f 1406 1407 1402
f 1402 1407 1408
f 1402 1408 1409
f 1410 1411 1406
f 1406 1411 1412
f 1406 1412 1413
f 1396 1414 1410
f 1410 1414 1415
f 1410 1415 1416
f 1398 1417 1396
f 1396 1417 1414
f 1416 1418 1410
f 1410 1418 1411
f 1413 1407 1406
f 1409 1403 1402
f 1405 1400 1399
f 1191 1231 1190
f 1190 1231 1233
f 1190 1233 1419
f 1184 1420 1421
f 1421 1420 1422
f 1422 1420 1218
f 1192 1423 1424
f 1424 1423 1419
f 1419 1423 1190
f 1420 1184 1425
f 1425 1184 1186
f 1425 1186 1426
f 1426 1186 1178
f 1426 1178 1175
f 1134 1136 1186
f 1186 1136 1178
f 1420 1425 1218
f 1218 1425 715
f 1218 715 717
f 715 1427 718
f 718 1427 1428
f 718 1428 1429
f 1429 1428 1430
f 1429 1430 1431
f 1431 1430 706
f 706 1430 1432
f 706 1432 695
f 695 1432 1426
f 1426 1432 1425
f 1425 1432 1427
f 1425 1427 715
f 1433 1092 1434
f 1434 1092 1093
f 1434 1093 1435
f 1435 1093 1436
f 1435 1436 1437
f 1437 1436 1438
f 1437 1438 1083
f 1437 1083 1439
f 1439 1083 1082
f 1439 1082 1440
f 1440 1433 1439
f 1439 1433 1434
f 718 1429 719
f 719 1429 1037
f 1429 1431 1037
f 1037 1431 1038
f 1431 706 1038
f 1038 706 707
f 695 1426 699
f 699 1426 1175
f 1423 1192 1433
f 1433 1192 1092
f 1092 1192 1090
f 1423 1433 1190
f 1190 1433 1188
f 1188 1433 1440
f 1188 1440 1179
f 1179 1440 1180
f 1138 1140 1179
f 1179 1140 1188
f 1140 1141 1188
f 1188 1141 1189
f 1279 1128 1284
f 1284 1128 1156
f 1284 1156 1157
f 1279 1441 1128
f 1128 1441 1129
f 1129 1441 1139
f 1129 1139 1306
f 1306 1139 1304
f 1304 1139 1181
f 1304 1181 1182
f 1441 1442 1139
f 1139 1442 1141
f 1141 1442 1236
f 1141 1236 1231
f 1442 1205 1236
f 1236 1205 1204
f 1191 1189 1231
f 1231 1189 1141
f 1152 1154 1306
f 1306 1154 1129
f 1157 1155 1284
f 1284 1155 1288
f 1155 1080 1288
f 1288 1080 1292
f 1292 1080 1443
f 1159 1296 1079
f 1079 1296 1292
f 1079 1292 1443
f 1088 1087 1444
f 1080 1079 1443
f 1147 1202 1226
f 1208 1165 1445
f 697 698 1446
f 690 692 1447
f 1183 1088 1309
f 1309 1088 1313
f 1313 1088 1444
f 1182 1183 1304
f 1304 1183 1309
f 1153 1317 1087
f 1087 1317 1313
f 1087 1313 1444
f 1306 1317 1152
f 1152 1317 1153
f 1201 1202 1041
f 1041 1202 1039
f 1039 1202 1147
f 1039 1147 1023
f 1023 1147 1149
f 1023 1149 1024
f 1024 1149 1164
f 1024 1164 1005
f 1005 1164 1165
f 1005 1165 1006
f 1006 1165 1208
f 1006 1208 1065
f 1065 1208 1210
f 1065 1210 1064
f 1121 1120 1149
f 1149 1120 1164
f 753 754 1005
f 1005 754 1024
f 1448 1449 1450
f 1450 1449 1451
f 1452 1453 1454
f 1454 1453 1455
f 1048 1049 1456
f 1456 1049 1091
f 1456 1091 1194
f 1456 1194 1457
f 1457 1194 1195
f 1457 1195 1458
f 1458 1195 1197
f 1458 1197 1459
f 1459 1197 1198
f 1459 1198 1460
f 1460 1198 1200
f 1460 1200 1201
f 1201 1041 1460
f 1460 1041 1042
f 1460 1042 1459
f 1459 1042 1043
f 1459 1043 1458
f 1458 1043 1045
f 1458 1045 1457
f 1457 1045 1046
f 1457 1046 1456
f 1456 1046 1048
f 754 752 1024
f 1024 752 1026
f 852 767 850
f 850 767 1052
f 850 1052 1051
f 1027 1026 852
f 852 1026 752
f 852 752 767
f 767 752 1461
f 767 1461 768
f 752 751 1461
f 1461 751 1462
f 1462 751 755
f 1462 755 757
f 1003 874 751
f 751 874 876
f 751 876 755
f 755 876 1067
f 1067 876 1068
f 1003 1002 874
f 1051 1040 850
f 850 1040 855
f 1040 1039 855
f 855 1039 859
f 859 1039 1071
f 1025 863 1023
f 1023 863 859
f 1023 859 1071
f 852 863 1027
f 1027 863 1025
f 767 769 1052
f 1052 769 1044
f 769 770 1044
f 1044 770 1053
f 768 1461 770
f 770 1461 1463
f 770 1463 1055
f 1055 1053 770
f 989 803 759
f 759 803 817
f 759 817 1011
f 1011 817 1012
f 759 761 989
f 989 761 763
f 989 763 1463
f 1463 763 765
f 1463 765 967
f 967 765 965
f 965 765 1032
f 965 1032 1033
f 1014 826 761
f 761 826 828
f 761 828 763
f 763 828 1021
f 1021 828 1022
f 1014 1013 826
f 1054 1055 967
f 967 1055 1463
f 1464 991 1465
f 1465 991 1466
f 1466 991 1467
f 1467 991 1468
f 1468 991 1469
f 1469 991 1470
f 1470 991 1097
f 1097 991 1471
f 1097 1471 1472
f 1471 991 1473
f 1473 991 989
f 1473 989 1474
f 1474 989 1475
f 1475 989 1476
f 1476 989 1477
f 1477 989 1478
f 1478 989 1479
f 1478 1479 1480
f 1480 1479 1481
f 1480 1481 1482
f 1482 1481 1483
f 1482 1483 1484
f 1484 1483 1485
f 1484 1485 1486
f 1463 1487 989
f 989 1487 1488
f 989 1488 1479
f 1461 1489 1463
f 1463 1489 1490
f 1463 1490 1491
f 1462 1492 1461
f 1461 1492 1493
f 1461 1493 1494
f 786 1495 1462
f 1462 1495 1496
f 1462 1496 1497
f 1497 1496 1498
f 1498 1496 1499
f 1498 1499 1500
f 1500 1499 1501
f 1500 1501 723
f 723 1501 1502
f 723 1502 1503
f 790 1504 786
f 786 1504 1505
f 786 1505 1506
f 1506 1505 1507
f 1506 1507 1508
f 1508 1507 1509
f 1508 1509 1510
f 1510 1509 1511
f 1510 1511 1512
f 1512 1511 1513
f 1512 1513 1514
f 1514 1513 1515
f 1515 1513 1516
f 1515 1516 1517
f 1517 1516 1518
f 1517 1518 723
f 723 1518 1519
f 723 1519 1520
f 1521 1522 790
f 790 1522 1523
f 790 1523 1524
f 1525 1526 1521
f 1521 1526 1527
f 1521 1527 1528
f 1528 1529 1521
f 1521 1529 1530
f 1521 1530 1531
f 1531 722 1521
f 1521 722 1532
f 1521 1532 1522
f 723 1533 722
f 722 1533 1534
f 722 1534 1535
f 1497 1536 1462
f 1462 1536 1537
f 1462 1537 1538
f 1537 1536 1539
f 1539 1536 1540
f 1539 1540 1541
f 1541 1540 1542
f 1541 1542 1543
f 1543 1542 1450
f 1543 1450 1544
f 1544 1450 1545
f 1545 1450 1546
f 1546 1450 1547
f 1547 1450 1451
f 1547 1451 1548
f 1548 1451 1549
f 1549 1451 1550
f 1550 1451 1551
f 1551 1451 1552
f 1552 1451 1553
f 1553 1451 1554
f 1553 1554 1555
f 1555 1554 1556
f 1555 1556 1557
f 1557 1556 1558
f 1557 1558 1461
f 1461 1558 1559
f 1461 1559 1560
f 1560 1559 1561
f 1561 1559 1562
f 1561 1562 1563
f 1563 1562 1564
f 1563 1564 1565
f 1565 1564 1096
f 1565 1096 1566
f 1566 1096 1567
f 1567 1096 1568
f 1568 1096 1569
f 1568 1569 1570
f 1570 1569 1571
f 1570 1571 1572
f 1097 1573 1096
f 1096 1573 1574
f 1096 1574 1569
f 1575 1576 1097
f 1097 1576 1577
f 1097 1577 1578
f 1578 1577 1579
f 1578 1579 1580
f 1580 1579 1581
f 1580 1581 1582
f 1582 1581 1583
f 1582 1583 1486
f 1486 1583 1484
f 1472 1584 1097
f 1097 1584 1585
f 1097 1585 1575
f 1570 1572 1586
f 1586 1572 1587
f 1586 1587 1588
f 1588 1587 1589
f 1589 1587 1590
f 1589 1590 1591
f 1591 1590 1592
f 1591 1592 1593
f 1593 1592 1594
f 1593 1594 1487
f 1578 1573 1097
f 1595 1596 1597
f 1597 1596 1598
f 1597 1598 1599
f 1599 1598 1600
f 1599 1600 1548
f 1548 1600 1547
f 1596 1595 1601
f 1601 1595 1602
f 1601 1602 1603
f 1603 1602 1604
f 1603 1604 1605
f 1605 1604 1493
f 1605 1493 1492
f 1494 1606 1461
f 1461 1606 1607
f 1461 1607 1608
f 1608 1609 1461
f 1461 1609 1557
f 1610 1611 790
f 790 1611 1612
f 790 1612 1613
f 790 1613 1614
f 1614 1613 1615
f 1614 1615 1616
f 1616 1615 1617
f 1616 1617 1618
f 1618 1617 1619
f 1618 1619 1620
f 1620 1619 1621
f 1621 1619 1622
f 1621 1622 1623
f 1623 1622 1624
f 1623 1624 1625
f 1625 1624 1626
f 1625 1626 1533
f 1533 1626 1534
f 1535 1627 722
f 722 1627 1628
f 722 1628 1629
f 1629 1532 722
f 1524 1610 790
f 1520 1533 723
f 1614 1630 790
f 790 1630 1504
f 1538 1631 1462
f 1462 1631 1632
f 1462 1632 1633
f 1633 1492 1462
f 1560 1489 1461
f 1491 1634 1463
f 1463 1634 1635
f 1463 1635 1636
f 1463 1636 1487
f 1487 1636 1593
f 1506 1637 786
f 786 1637 1638
f 786 1638 1639
f 1639 1640 786
f 786 1640 1641
f 786 1641 1495
f 1503 1642 723
f 723 1642 1517
f 815 1577 816
f 816 1577 1576
f 816 1576 824
f 824 1576 1575
f 824 1575 810
f 810 1575 1585
f 810 1585 811
f 811 1585 1584
f 811 1584 812
f 812 1584 1472
f 812 1472 807
f 807 1472 1471
f 807 1471 808
f 808 1471 1473
f 808 1473 802
f 802 1473 1474
f 802 1474 804
f 804 1474 1475
f 804 1475 805
f 805 1475 1476
f 805 1476 821
f 821 1476 1477
f 821 1477 822
f 822 1477 1478
f 822 1478 823
f 823 1478 1480
f 823 1480 825
f 825 1480 1482
f 825 1482 818
f 818 1482 1484
f 818 1484 819
f 819 1484 1583
f 819 1583 820
f 820 1583 1581
f 820 1581 814
f 814 1581 1579
f 814 1579 815
f 815 1579 1577
f 841 1574 842
f 842 1574 1573
f 842 1573 846
f 846 1573 1578
f 846 1578 836
f 836 1578 1580
f 836 1580 837
f 837 1580 1582
f 837 1582 838
f 838 1582 1486
f 838 1486 832
f 832 1486 1485
f 832 1485 833
f 833 1485 1483
f 833 1483 834
f 834 1483 1481
f 834 1481 847
f 847 1481 1479
f 847 1479 827
f 827 1479 1488
f 827 1488 829
f 829 1488 1487
f 829 1487 830
f 830 1487 1594
f 830 1594 848
f 848 1594 1592
f 848 1592 849
f 849 1592 1590
f 849 1590 843
f 843 1590 1587
f 843 1587 844
f 844 1587 1572
f 844 1572 845
f 845 1572 1571
f 845 1571 840
f 840 1571 1569
f 840 1569 841
f 841 1569 1574
f 867 1595 868
f 868 1595 1597
f 868 1597 869
f 869 1597 1599
f 869 1599 870
f 870 1599 1548
f 870 1548 864
f 864 1548 1549
f 864 1549 865
f 865 1549 1550
f 865 1550 866
f 866 1550 1551
f 866 1551 860
f 860 1551 1552
f 860 1552 861
f 861 1552 1553
f 861 1553 862
f 862 1553 1555
f 862 1555 871
f 871 1555 1557
f 871 1557 856
f 856 1557 1609
f 856 1609 857
f 857 1609 1608
f 857 1608 858
f 858 1608 1607
f 858 1607 872
f 872 1607 1606
f 872 1606 851
f 851 1606 1494
f 851 1494 853
f 853 1494 1493
f 853 1493 854
f 854 1493 1604
f 854 1604 873
f 873 1604 1602
f 873 1602 867
f 867 1602 1595
f 964 1612 946
f 946 1612 1611
f 946 1611 947
f 947 1611 1610
f 947 1610 942
f 942 1610 1524
f 942 1524 944
f 944 1524 1523
f 944 1523 945
f 945 1523 1522
f 945 1522 960
f 960 1522 1532
f 960 1532 961
f 961 1532 1629
f 961 1629 962
f 962 1629 1628
f 962 1628 957
f 957 1628 1627
f 957 1627 958
f 958 1627 1535
f 958 1535 959
f 959 1535 1534
f 959 1534 953
f 953 1534 1626
f 953 1626 954
f 954 1626 1624
f 954 1624 955
f 955 1624 1622
f 955 1622 963
f 963 1622 1619
f 963 1619 949
f 949 1619 1617
f 949 1617 950
f 950 1617 1615
f 950 1615 951
f 951 1615 1613
f 951 1613 964
f 964 1613 1612
f 941 1505 920
f 920 1505 1504
f 920 1504 921
f 921 1504 1630
f 921 1630 922
f 922 1630 1614
f 922 1614 938
f 938 1614 1616
f 938 1616 935
f 935 1616 1618
f 935 1618 936
f 936 1618 1620
f 936 1620 937
f 937 1620 1621
f 937 1621 939
f 939 1621 1623
f 939 1623 932
f 932 1623 1625
f 932 1625 933
f 933 1625 1533
f 933 1533 934
f 934 1533 1520
f 934 1520 928
f 928 1520 1519
f 928 1519 929
f 929 1519 1518
f 929 1518 930
f 930 1518 1516
f 930 1516 940
f 940 1516 1513
f 940 1513 924
f 924 1513 1511
f 924 1511 925
f 925 1511 1509
f 925 1509 926
f 926 1509 1507
f 926 1507 941
f 941 1507 1505
f 891 1538 892
f 892 1538 1537
f 892 1537 893
f 893 1537 1539
f 893 1539 894
f 894 1539 1541
f 894 1541 888
f 888 1541 1543
f 888 1543 889
f 889 1543 1544
f 889 1544 890
f 890 1544 1545
f 890 1545 884
f 884 1545 1546
f 884 1546 885
f 885 1546 1547
f 885 1547 886
f 886 1547 1600
f 886 1600 895
f 895 1600 1598
f 895 1598 880
f 880 1598 1596
f 880 1596 881
f 881 1596 1601
f 881 1601 882
f 882 1601 1603
f 882 1603 896
f 896 1603 1605
f 896 1605 875
f 875 1605 1492
f 875 1492 877
f 877 1492 1633
f 877 1633 878
f 878 1633 1632
f 878 1632 897
f 897 1632 1631
f 897 1631 891
f 891 1631 1538
f 980 1565 981
f 981 1565 1566
f 981 1566 985
f 985 1566 1567
f 985 1567 975
f 975 1567 1568
f 975 1568 976
f 976 1568 1570
f 976 1570 977
f 977 1570 1586
f 977 1586 971
f 971 1586 1588
f 971 1588 972
f 972 1588 1589
f 972 1589 973
f 973 1589 1591
f 973 1591 986
f 986 1591 1593
f 986 1593 966
f 966 1593 1636
f 966 1636 968
f 968 1636 1635
f 968 1635 969
f 969 1635 1634
f 969 1634 987
f 987 1634 1491
f 987 1491 988
f 988 1491 1490
f 988 1490 982
f 982 1490 1489
f 982 1489 983
f 983 1489 1560
f 983 1560 984
f 984 1560 1561
f 984 1561 979
f 979 1561 1563
f 979 1563 980
f 980 1563 1565
f 919 1638 898
f 898 1638 1637
f 898 1637 899
f 899 1637 1506
f 899 1506 900
f 900 1506 1508
f 900 1508 916
f 916 1508 1510
f 916 1510 913
f 913 1510 1512
f 913 1512 914
f 914 1512 1514
f 914 1514 915
f 915 1514 1515
f 915 1515 917
f 917 1515 1517
f 917 1517 910
f 910 1517 1642
f 910 1642 911
f 911 1642 1503
f 911 1503 912
f 912 1503 1502
f 912 1502 906
f 906 1502 1501
f 906 1501 907
f 907 1501 1499
f 907 1499 908
f 908 1499 1496
f 908 1496 918
f 918 1496 1495
f 918 1495 902
f 902 1495 1641
f 902 1641 903
f 903 1641 1640
f 903 1640 904
f 904 1640 1639
f 904 1639 919
f 919 1639 1638
f 1097 1095 1470
f 1470 1095 1643
f 1470 1643 1469
f 1469 1643 1644
f 1469 1644 1468
f 1468 1644 1645
f 1468 1645 1467
f 1467 1645 1646
f 1467 1646 1466
f 1466 1646 1647
f 1466 1647 1465
f 1465 1647 1648
f 1465 1648 1464
f 1464 1648 1649
f 1650 1651 1652
f 1652 1651 1653
f 1652 1653 1654
f 1654 1653 1655
f 1654 1655 1656
f 1656 1655 1657
f 1656 1657 1658
f 1658 1657 1659
f 1658 1659 1660
f 1660 1659 1661
f 1660 1661 1662
f 1662 1661 1663
f 1662 1663 1664
f 1662 1664 1665
f 1665 1664 1666
f 1665 1666 1667
f 1667 1666 1668
f 1667 1668 1648
f 1648 1668 1649
f 1667 1648 1669
f 1669 1648 1647
f 1669 1647 1670
f 1670 1647 1646
f 1670 1646 1671
f 1671 1646 1645
f 1671 1645 1672
f 1672 1645 1644
f 1672 1644 1673
f 1673 1644 1643
f 1673 1643 1674
f 1674 1643 1095
f 1674 1675 1673
f 1673 1675 1676
f 1673 1676 1672
f 1672 1676 1677
f 1672 1677 1671
f 1671 1677 1678
f 1671 1678 1670
f 1670 1678 1679
f 1670 1679 1669
f 1669 1679 1680
f 1669 1680 1667
f 1667 1680 1665
f 1675 1650 1676
f 1676 1650 1652
f 1676 1652 1677
f 1677 1652 1654
f 1677 1654 1678
f 1678 1654 1656
f 1678 1656 1679
f 1679 1656 1658
f 1679 1658 1680
f 1680 1658 1660
f 1680 1660 1665
f 1665 1660 1662
f 1681 1682 1683
f 1683 1682 1684
f 1683 1684 1685
f 1685 1686 1683
f 1683 1686 1687
f 1683 1687 1688
f 1688 1687 1689
f 1689 1687 1690
f 1690 1687 1691
f 1691 1687 1692
f 1692 1687 1693
f 1693 1687 1694
f 1694 1687 1663
f 1694 1663 1695
f 1695 1663 1696
f 1696 1663 1697
f 1697 1663 1698
f 1698 1663 1699
f 1699 1663 1700
f 1700 1663 1701
f 1701 1663 1651
f 1701 1651 1702
f 1702 1651 1703
f 1702 1703 1704
f 1704 1703 1705
f 1705 1703 1706
f 1705 1706 1707
f 1707 1706 1708
f 1708 1706 1709
f 1709 1706 1710
f 1710 1706 1711
f 1710 1711 1712
f 1712 1711 1713
f 1713 1711 1714
f 1714 1711 1715
f 1714 1715 1716
f 1716 1715 1717
f 1717 1715 1683
f 1717 1683 1718
f 1718 1683 1688
f 1663 1661 1651
f 1651 1661 1659
f 1651 1659 1657
f 1657 1655 1651
f 1651 1655 1653
f 1719 1720 1703
f 1703 1720 1721
f 1703 1721 1722
f 1722 1723 1703
f 1703 1723 1706
f 1711 1724 1715
f 1715 1724 1725
f 1715 1725 1726
f 1726 1727 1715
f 1715 1727 1728
f 1729 1687 1730
f 1730 1687 1686
f 1730 1686 1731
f 1731 1686 1685
f 1731 1685 1732
f 1732 1685 1684
f 1732 1684 1733
f 1733 1684 1682
f 1733 1682 1734
f 1734 1682 1681
f 1734 1681 1735
f 1735 1681 1683
f 1735 1683 1736
f 1735 1736 1737
f 1737 1736 1738
f 1737 1738 1739
f 1739 1738 1740
f 1739 1740 1741
f 1741 1740 720
f 1739 1741 1742
f 1742 1741 1743
f 1742 1743 1744
f 1744 1743 1745
f 1744 1745 1746
f 1746 1745 1747
f 1746 1747 1748
f 1748 1747 1749
f 1748 1749 1750
f 1750 1749 1751
f 1750 1751 1752
f 1752 1751 1753
f 1752 1754 1750
f 1750 1754 1755
f 1750 1755 1748
f 1748 1755 1756
f 1748 1756 1746
f 1746 1756 1757
f 1746 1757 1744
f 1744 1757 1758
f 1744 1758 1742
f 1742 1758 1759
f 1742 1759 1739
f 1739 1759 1737
f 1754 1729 1755
f 1755 1729 1730
f 1755 1730 1756
f 1756 1730 1731
f 1756 1731 1757
f 1757 1731 1732
f 1757 1732 1758
f 1758 1732 1733
f 1758 1733 1759
f 1759 1733 1734
f 1759 1734 1737
f 1737 1734 1735
f 1664 1663 1760
f 1760 1663 1687
f 1760 1687 1761
f 1761 1687 1729
f 1761 1729 1762
f 1762 1729 1754
f 1762 1754 1763
f 1763 1754 1752
f 1763 1752 1753
f 1753 1649 1763
f 1763 1649 1764
f 1763 1764 1762
f 1762 1764 1765
f 1762 1765 1761
f 1761 1765 1760
f 1649 1668 1764
f 1764 1668 1765
f 1668 1666 1765
f 1765 1666 1760
f 1666 1664 1760
f 1525 1753 1526
f 1526 1753 1751
f 1526 1751 1527
f 1527 1751 1749
f 1527 1749 1528
f 1528 1749 1747
f 1528 1747 1529
f 1529 1747 1745
f 1529 1745 1530
f 1530 1745 1743
f 1530 1743 1531
f 1531 1743 1741
f 1531 1741 722
f 722 1741 720
f 1715 1766 1683
f 1683 1766 1767
f 1683 1767 1736
f 1736 1767 1738
f 1738 1767 1768
f 1738 1768 1740
f 1740 1768 1769
f 1740 1769 720
f 720 1769 1770
f 720 1770 1771
f 1771 1770 1772
f 1771 1772 1773
f 1773 1772 1774
f 1773 1774 1775
f 1775 1774 1715
f 1715 1774 1776
f 1715 1776 1766
f 1766 1776 1777
f 1766 1777 1768
f 1768 1777 1769
f 1775 1778 1773
f 1773 1778 1779
f 1773 1779 1771
f 1771 1779 721
f 1771 721 720
f 1778 1780 1779
f 1779 1780 721
f 1777 1776 1772
f 1772 1776 1774
f 1768 1767 1766
f 1769 1777 1770
f 1770 1777 1772
f 1775 1715 1781
f 1781 1715 1728
f 1781 1728 1782
f 1782 1728 1727
f 1782 1727 1783
f 1783 1727 1726
f 1783 1726 1784
f 1784 1726 1725
f 1784 1725 1785
f 1785 1725 1724
f 1785 1724 1786
f 1786 1724 1711
f 1786 1711 1787
f 1786 1787 1788
f 1788 1787 1789
f 1788 1789 1790
f 1790 1789 1791
f 1790 1791 1792
f 1792 1791 1448
f 1790 1792 1793
f 1793 1792 1794
f 1793 1794 1795
f 1795 1794 1796
f 1795 1796 1797
f 1797 1796 1798
f 1797 1798 1799
f 1799 1798 1800
f 1799 1800 1801
f 1801 1800 1802
f 1801 1802 1780
f 1780 1802 721
f 1780 1778 1801
f 1801 1778 1803
f 1801 1803 1799
f 1799 1803 1804
f 1799 1804 1797
f 1797 1804 1805
f 1797 1805 1795
f 1795 1805 1806
f 1795 1806 1793
f 1793 1806 1807
f 1793 1807 1790
f 1790 1807 1788
f 1778 1775 1803
f 1803 1775 1781
f 1803 1781 1804
f 1804 1781 1782
f 1804 1782 1805
f 1805 1782 1783
f 1805 1783 1806
f 1806 1783 1784
f 1806 1784 1807
f 1807 1784 1785
f 1807 1785 1788
f 1788 1785 1786
f 723 721 1500
f 1500 721 1802
f 1500 1802 1498
f 1498 1802 1800
f 1498 1800 1497
f 1497 1800 1798
f 1497 1798 1536
f 1536 1798 1796
f 1536 1796 1540
f 1540 1796 1794
f 1540 1794 1542
f 1542 1794 1792
f 1542 1792 1450
f 1450 1792 1448
f 1787 1711 1808
f 1808 1711 1706
f 1808 1706 1809
f 1809 1706 1810
f 1809 1810 1811
f 1811 1810 1812
f 1811 1812 1813
f 1813 1812 1814
f 1813 1814 1449
f 1449 1448 1813
f 1813 1448 1815
f 1813 1815 1811
f 1811 1815 1816
f 1811 1816 1809
f 1809 1816 1808
f 1448 1791 1815
f 1815 1791 1816
f 1791 1789 1816
f 1816 1789 1808
f 1789 1787 1808
f 1810 1706 1817
f 1817 1706 1723
f 1817 1723 1818
f 1818 1723 1722
f 1818 1722 1819
f 1819 1722 1721
f 1819 1721 1820
f 1820 1721 1720
f 1820 1720 1821
f 1821 1720 1719
f 1821 1719 1822
f 1822 1719 1703
f 1822 1703 1823
f 1822 1823 1824
f 1824 1823 1825
f 1824 1825 1826
f 1826 1825 1827
f 1826 1827 1828
f 1828 1827 1094
f 1826 1828 1829
f 1829 1828 1830
f 1829 1830 1831
f 1831 1830 1832
f 1831 1832 1833
f 1833 1832 1834
f 1833 1834 1835
f 1835 1834 1836
f 1835 1836 1837
f 1837 1836 1838
f 1837 1838 1814
f 1814 1838 1449
f 1814 1812 1837
f 1837 1812 1839
f 1837 1839 1835
f 1835 1839 1840
f 1835 1840 1833
f 1833 1840 1841
f 1833 1841 1831
f 1831 1841 1842
f 1831 1842 1829
f 1829 1842 1843
f 1829 1843 1826
f 1826 1843 1824
f 1812 1810 1839
f 1839 1810 1817
f 1839 1817 1840
f 1840 1817 1818
f 1840 1818 1841
f 1841 1818 1819
f 1841 1819 1842
f 1842 1819 1820
f 1842 1820 1843
f 1843 1820 1821
f 1843 1821 1824
f 1824 1821 1822
f 1451 1449 1554
f 1554 1449 1838
f 1554 1838 1556
f 1556 1838 1836
f 1556 1836 1558
f 1558 1836 1834
f 1558 1834 1559
f 1559 1834 1832
f 1559 1832 1562
f 1562 1832 1830
f 1562 1830 1564
f 1564 1830 1828
f 1564 1828 1096
f 1096 1828 1094
f 1651 1844 1703
f 1703 1844 1845
f 1703 1845 1823
f 1823 1845 1825
f 1825 1845 1846
f 1825 1846 1827
f 1827 1846 1847
f 1827 1847 1094
f 1094 1847 1848
f 1094 1848 1849
f 1849 1848 1850
f 1849 1850 1851
f 1851 1850 1852
f 1851 1852 1650
f 1650 1852 1651
f 1651 1852 1853
f 1651 1853 1844
f 1844 1853 1854
f 1844 1854 1846
f 1846 1854 1847
f 1650 1675 1851
f 1851 1675 1855
f 1851 1855 1849
f 1849 1855 1095
f 1849 1095 1094
f 1675 1674 1855
f 1855 1674 1095
f 1854 1853 1850
f 1850 1853 1852
f 1846 1845 1844
f 1847 1854 1848
f 1848 1854 1850
f 1702 1856 1701
f 1701 1856 1857
f 1701 1857 1700
f 1700 1857 1858
f 1700 1858 1699
f 1699 1858 1859
f 1699 1859 1698
f 1698 1859 1860
f 1698 1860 1697
f 1697 1860 1861
f 1697 1861 1696
f 1696 1861 1862
f 1696 1862 1695
f 1695 1862 1863
f 1695 1863 1694
f 1694 1863 1864
f 1694 1864 1693
f 1693 1864 1865
f 1693 1865 1692
f 1692 1865 1866
f 1692 1866 1691
f 1691 1866 1867
f 1691 1867 1690
f 1690 1867 1868
f 1690 1868 1689
f 1689 1868 1869
f 1689 1869 1688
f 1688 1869 1870
f 1688 1870 1718
f 1718 1870 1871
f 1718 1871 1717
f 1717 1871 1872
f 1717 1872 1716
f 1716 1872 1873
f 1716 1873 1714
f 1714 1873 1874
f 1714 1874 1713
f 1713 1874 1875
f 1713 1875 1712
f 1712 1875 1876
f 1712 1876 1710
f 1710 1876 1877
f 1710 1877 1709
f 1709 1877 1878
f 1709 1878 1708
f 1708 1878 1879
f 1708 1879 1707
f 1707 1879 1880
f 1707 1880 1705
f 1705 1880 1881
f 1705 1881 1704
f 1704 1881 1882
f 1704 1882 1702
f 1702 1882 1856
f 1857 1856 1858
f 1858 1856 1859
f 1859 1856 1882
f 1859 1882 1860
f 1860 1882 1881
f 1860 1881 1861
f 1861 1881 1880
f 1861 1880 1862
f 1862 1880 1863
f 1863 1880 1864
f 1864 1880 1865
f 1865 1880 1866
f 1866 1880 1867
f 1867 1880 1868
f 1868 1880 1869
f 1869 1880 1870
f 1870 1880 1871
f 1871 1880 1872
f 1872 1880 1873
f 1873 1880 1874
f 1874 1880 1879
f 1874 1879 1875
f 1875 1879 1876
f 1876 1879 1878
f 1876 1878 1877
f 798 943 790
f 790 943 772
f 790 772 1521
f 1521 772 771
f 999 998 943
f 943 998 772
f 688 772 684
f 684 772 998
f 943 956 999
f 999 956 997
f 1066 787 758
f 758 787 786
f 758 786 1462
f 1462 757 758
f 758 756 1066
f 1066 756 1059
f 756 755 1059
f 1059 755 1067
f 1047 1054 978
f 978 1054 967
f 1047 978 1050
f 1050 978 974
f 1050 974 1074
f 1031 1029 970
f 970 1029 974
f 974 1029 1074
f 1033 1031 965
f 965 1031 970
f 1030 1032 766
f 766 1032 765
f 764 763 1019
f 1019 763 1021
f 828 839 1022
f 1022 839 1020
f 1020 839 1018
f 1018 839 835
f 1018 835 1070
f 1015 1017 831
f 831 1017 835
f 835 1017 1070
f 1013 1015 826
f 826 1015 831
f 1016 1014 762
f 762 1014 761
f 760 759 1009
f 1009 759 1011
f 817 813 1012
f 1012 813 1010
f 1010 813 1008
f 1008 813 809
f 1008 809 995
f 876 887 1068
f 1068 887 1062
f 1062 887 1065
f 1065 887 883
f 1065 883 1072
f 1004 1006 879
f 879 1006 883
f 883 1006 1072
f 1002 1004 874
f 874 1004 879
f 1005 1003 753
f 753 1003 751
f 1063 1064 1883
f 1883 1064 1210
f 1883 1210 1211
f 1883 1211 1884
f 1884 1211 1212
f 1884 1212 1885
f 1885 1212 1214
f 1885 1214 1886
f 1886 1214 1215
f 1886 1215 1887
f 1887 1215 1217
f 1887 1217 716
f 716 714 1887
f 1887 714 1057
f 1887 1057 1886
f 1886 1057 1058
f 1886 1058 1885
f 1885 1058 1060
f 1885 1060 1884
f 1884 1060 1061
f 1884 1061 1883
f 1883 1061 1063
f 1120 1122 1164
f 1164 1122 1163
f 1149 1150 1121
f 1121 1150 1123
f 1888 1452 1889
f 1889 1452 1454
f 1889 1454 1890
f 1890 1891 1889
f 1889 1891 1892
f 1889 1892 1893
f 1893 1892 1894
f 1893 1894 1895
f 1895 1894 1896
f 1895 1896 1897
f 1895 1897 1898
f 1898 1897 1899
f 1898 1899 93
f 93 1899 94
f 93 1900 1898
f 1898 1900 1901
f 1898 1901 1895
f 1895 1901 1902
f 1895 1902 1903
f 1895 1903 1893
f 1893 1903 1904
f 1893 1904 1905
f 1893 1905 1889
f 1889 1905 1888
f 1906 1907 1908
f 1908 1907 1909
f 1908 1909 1910
f 1910 1909 1911
f 1910 1911 1912
f 1912 1911 1913
f 1912 1913 1914
f 1914 1913 1915
f 1914 1915 1916
f 1916 1915 1917
f 1916 1917 1918
f 1918 1917 1919
f 1918 1919 1920
f 1920 1919 1921
f 1920 1921 1922
f 1922 1921 1923
f 1922 1923 1924
f 1924 1923 1925
f 1924 1925 1926
f 1926 1925 1927
f 1926 1927 1928
f 1928 1927 1929
f 1928 1929 1930
f 1930 1929 1888
f 1930 1888 1905
f 1931 1932 1906
f 1906 1932 1933
f 1906 1933 1907
f 1907 1933 1909
f 1934 1935 1931
f 1931 1935 1936
f 1931 1936 1937
f 1937 1936 1938
f 1937 1938 1939
f 1939 1938 1917
f 1939 1917 1915
f 1452 1940 1934
f 1934 1940 1941
f 1934 1941 1942
f 1942 1941 1943
f 1942 1943 1944
f 1944 1943 1923
f 1944 1923 1921
f 1452 1888 1940
f 1940 1888 1945
f 1940 1945 1946
f 1946 1945 1927
f 1946 1927 1925
f 1930 1905 1947
f 1947 1905 1904
f 1947 1904 1948
f 1948 1904 1949
f 1948 1949 1950
f 1950 1949 1951
f 1950 1951 1952
f 1952 1951 1903
f 1952 1903 1953
f 1953 1903 1902
f 1953 1902 1954
f 1954 1902 1955
f 1954 1955 1956
f 1956 1955 1957
f 1956 1957 1958
f 1958 1957 1959
f 1958 1959 1960
f 1960 1959 1961
f 1960 1961 1962
f 1962 1961 1963
f 1962 1963 1920
f 1920 1963 1918
f 1949 1904 1951
f 1951 1904 1903
f 1955 1902 1964
f 1964 1902 1901
f 1964 1901 1965
f 1965 1901 1966
f 1965 1966 1967
f 1967 1966 1900
f 1967 1900 93
f 1901 1900 1966
f 93 1968 1967
f 1967 1968 1969
f 1967 1969 1965
f 1965 1969 1970
f 1965 1970 1971
f 1971 1970 1972
f 1971 1972 1957
f 1957 1972 1959
f 1968 1973 1969
f 1969 1973 1974
f 1969 1974 1970
f 1970 1974 1975
f 1970 1975 1972
f 1972 1975 1976
f 1972 1976 1959
f 1959 1976 1961
f 1973 1977 1974
f 1974 1977 1978
f 1974 1978 1975
f 1975 1978 1979
f 1975 1979 1976
f 1976 1979 1980
f 1976 1980 1961
f 1961 1980 1963
f 1977 1981 1978
f 1978 1981 1982
f 1978 1982 1979
f 1979 1982 1983
f 1979 1983 1980
f 1980 1983 1984
f 1980 1984 1963
f 1963 1984 1918
f 1910 1985 1981
f 1981 1985 1986
f 1981 1986 1982
f 1982 1986 1983
f 1985 1910 1912
f 1927 1945 1929
f 1929 1945 1888
f 1935 1934 1942
f 1943 1941 1946
f 1946 1941 1940
f 1942 1944 1935
f 1935 1944 1987
f 1935 1987 1936
f 1936 1987 1938
f 1932 1931 1988
f 1988 1931 1937
f 1988 1937 1939
f 1932 1988 1989
f 1989 1988 1939
f 1989 1939 1915
f 1933 1932 1990
f 1990 1932 1989
f 1990 1989 1913
f 1913 1989 1915
f 1990 1913 1911
f 1917 1938 1919
f 1919 1938 1987
f 1919 1987 1921
f 1921 1987 1944
f 1946 1925 1943
f 1943 1925 1923
f 1928 1930 1991
f 1991 1930 1947
f 1991 1947 1948
f 1926 1928 1992
f 1992 1928 1991
f 1992 1991 1993
f 1993 1991 1948
f 1993 1948 1950
f 1924 1926 1994
f 1994 1926 1992
f 1994 1992 1995
f 1995 1992 1993
f 1995 1993 1996
f 1996 1993 1950
f 1996 1950 1952
f 1962 1920 1922
f 1922 1924 1997
f 1997 1924 1994
f 1997 1994 1998
f 1998 1994 1995
f 1998 1995 1999
f 1999 1995 1996
f 1999 1996 2000
f 2000 1996 1952
f 2000 1952 1953
f 1918 1984 1916
f 1916 1984 2001
f 1916 2001 1914
f 1914 2001 1985
f 1914 1985 1912
f 1983 1986 2001
f 2001 1986 1985
f 2001 1984 1983
f 1962 1997 1960
f 1960 1997 1998
f 1960 1998 1958
f 1958 1998 1999
f 1958 1999 1956
f 1956 1999 2000
f 1956 2000 1954
f 1954 2000 1953
f 1997 1962 1922
f 1971 1957 1955
f 1965 1971 1964
f 1964 1971 1955
f 1911 1909 1990
f 1990 1909 1933
f 1452 1934 1453
f 1453 1934 2002
f 2002 1934 1931
f 2002 1931 2003
f 2003 1931 1906
f 2003 1906 2004
f 2004 1906 1908
f 2004 1908 2005
f 2006 1099 2007
f 2007 1099 2008
f 2007 2008 2009
f 413 412 2006
f 2006 412 421
f 2006 421 423
f 423 425 2006
f 2006 425 2010
f 2006 2010 2011
f 425 427 2010
f 2010 427 2012
f 2012 427 2013
f 2013 427 2014
f 2014 427 2015
f 2014 2015 2016
f 2016 2015 2017
f 2011 2018 2006
f 2006 2018 2019
f 2006 2019 2020
f 2020 1101 2006
f 2006 1101 1099
f 2009 2021 2007
f 2007 2021 2022
f 2007 2022 2023
f 2007 2023 2024
f 2024 2023 2025
f 2024 2025 2026
f 2026 2027 2024
f 2024 2027 2028
f 2028 2027 2029
f 2028 2029 2030
f 2024 2031 2007
f 2007 2031 2032
f 2007 2032 2033
f 2033 1455 2007
f 2007 1455 1453
f 2007 1453 2034
f 2034 1453 2002
f 2034 2002 2003
f 2003 2004 2034
f 2034 2004 2005
f 2034 2005 2035
f 2035 2005 2036
f 2036 2005 2037
f 2037 2005 2038
f 2038 2005 2039
f 2038 2039 2040
f 2040 2039 2041
f 2035 2042 2034
f 2034 2042 2043
f 2034 2043 2044
f 2044 2045 2034
f 2034 2045 724
f 2034 724 2046
f 2046 724 560
f 2046 560 562
f 562 564 2046
f 2046 564 567
f 2046 567 559
f 559 523 2046
f 2046 523 442
f 2046 442 447
f 442 523 443
f 443 523 521
f 443 521 519
f 519 517 443
f 443 517 526
f 526 517 516
f 526 516 525
f 447 446 2046
f 2046 446 445
f 2046 445 444
f 427 428 2015
f 2015 428 430
f 2015 430 383
f 383 370 2015
f 2015 370 2017
f 2017 370 361
f 2017 361 360
f 2017 360 2016
f 2016 360 324
f 2016 324 2014
f 2014 324 322
f 2014 322 2013
f 2013 322 321
f 2013 321 2012
f 2012 321 311
f 2012 311 2010
f 2010 311 310
f 310 2047 2010
f 2010 2047 2011
f 23 2048 21
f 21 2048 303
f 303 2048 2049
f 303 2049 305
f 305 2049 2050
f 305 2050 2051
f 305 2051 307
f 307 2051 2052
f 307 2052 2053
f 307 2053 309
f 309 2053 2054
f 309 2054 310
f 310 2054 2047
f 2055 2056 1100
f 1100 2056 2057
f 1100 2057 2058
f 2058 2057 2059
f 2058 2059 2060
f 2060 2059 2061
f 2060 2061 2062
f 2062 2061 2063
f 2062 2063 2064
f 2064 2063 2065
f 2064 2065 2066
f 2066 2065 2067
f 2066 2067 2068
f 2068 2067 2069
f 2068 2069 2070
f 2070 2069 2071
f 2070 2071 2072
f 2072 2071 2073
f 2072 2073 2074
f 2074 2073 2075
f 2074 2075 2076
f 2076 2075 2077
f 2076 2077 2078
f 2078 2077 2054
f 2078 2054 2053
f 2079 2080 2055
f 2055 2080 2081
f 2055 2081 2056
f 2056 2081 2057
f 2082 2083 2079
f 2079 2083 2084
f 2079 2084 2085
f 2085 2084 2086
f 2085 2086 2087
f 2087 2086 2065
f 2087 2065 2063
f 2047 2088 2082
f 2082 2088 2089
f 2082 2089 2090
f 2090 2089 2091
f 2090 2091 2092
f 2092 2091 2071
f 2092 2071 2069
f 2047 2054 2088
f 2088 2054 2093
f 2088 2093 2094
f 2094 2093 2075
f 2094 2075 2073
f 2078 2053 2095
f 2095 2053 2052
f 2095 2052 2096
f 2096 2052 2097
f 2096 2097 2098
f 2098 2097 2099
f 2098 2099 2100
f 2100 2099 2051
f 2100 2051 2101
f 2101 2051 2050
f 2101 2050 2102
f 2102 2050 2103
f 2102 2103 2104
f 2104 2103 2105
f 2104 2105 2106
f 2106 2105 2107
f 2106 2107 2108
f 2108 2107 2109
f 2108 2109 2110
f 2110 2109 2111
f 2110 2111 2068
f 2068 2111 2066
f 2097 2052 2099
f 2099 2052 2051
f 2103 2050 2112
f 2112 2050 2049
f 2112 2049 2113
f 2113 2049 2114
f 2113 2114 2115
f 2115 2114 2048
f 2115 2048 23
f 2049 2048 2114
f 23 2116 2115
f 2115 2116 2117
f 2115 2117 2113
f 2113 2117 2118
f 2113 2118 2119
f 2119 2118 2120
f 2119 2120 2105
f 2105 2120 2107
f 2116 2121 2117
f 2117 2121 2122
f 2117 2122 2118
f 2118 2122 2123
f 2118 2123 2120
f 2120 2123 2124
f 2120 2124 2107
f 2107 2124 2109
f 2121 2125 2122
f 2122 2125 2126
f 2122 2126 2123
f 2123 2126 2127
f 2123 2127 2124
f 2124 2127 2128
f 2124 2128 2109
f 2109 2128 2111
f 2125 2129 2126
f 2126 2129 2130
f 2126 2130 2127
f 2127 2130 2131
f 2127 2131 2128
f 2128 2131 2132
f 2128 2132 2111
f 2111 2132 2066
f 2058 2133 2129
f 2129 2133 2134
f 2129 2134 2130
f 2130 2134 2131
f 2133 2058 2060
f 2075 2093 2077
f 2077 2093 2054
f 2083 2082 2090
f 2091 2089 2094
f 2094 2089 2088
f 2090 2092 2083
f 2083 2092 2135
f 2083 2135 2084
f 2084 2135 2086
f 2080 2079 2136
f 2136 2079 2085
f 2136 2085 2087
f 2080 2136 2137
f 2137 2136 2087
f 2137 2087 2063
f 2081 2080 2138
f 2138 2080 2137
f 2138 2137 2061
f 2061 2137 2063
f 2138 2061 2059
f 2065 2086 2067
f 2067 2086 2135
f 2067 2135 2069
f 2069 2135 2092
f 2094 2073 2091
f 2091 2073 2071
f 2076 2078 2139
f 2139 2078 2095
f 2139 2095 2096
f 2074 2076 2140
f 2140 2076 2139
f 2140 2139 2141
f 2141 2139 2096
f 2141 2096 2098
f 2072 2074 2142
f 2142 2074 2140
f 2142 2140 2143
f 2143 2140 2141
f 2143 2141 2144
f 2144 2141 2098
f 2144 2098 2100
f 2110 2068 2070
f 2070 2072 2145
f 2145 2072 2142
f 2145 2142 2146
f 2146 2142 2143
f 2146 2143 2147
f 2147 2143 2144
f 2147 2144 2148
f 2148 2144 2100
f 2148 2100 2101
f 2066 2132 2064
f 2064 2132 2149
f 2064 2149 2062
f 2062 2149 2133
f 2062 2133 2060
f 2131 2134 2149
f 2149 2134 2133
f 2149 2132 2131
f 2110 2145 2108
f 2108 2145 2146
f 2108 2146 2106
f 2106 2146 2147
f 2106 2147 2104
f 2104 2147 2148
f 2104 2148 2102
f 2102 2148 2101
f 2145 2110 2070
f 2119 2105 2103
f 2113 2119 2112
f 2112 2119 2103
f 2059 2057 2138
f 2138 2057 2081
f 2047 2082 2011
f 2011 2082 2018
f 2018 2082 2079
f 2018 2079 2019
f 2019 2079 2055
f 2019 2055 2020
f 2020 2055 1100
f 2020 1100 1101
f 1100 2150 1098
f 1098 2150 2151
f 1098 2151 2152
f 2152 2151 2153
f 2153 2151 2154
f 2153 2154 2155
f 2155 2154 2156
f 2156 2154 2157
f 2156 2157 2158
f 2158 2157 2159
f 2159 2157 2160
f 2159 2160 2161
f 2161 2160 88
f 88 2160 2162
f 88 2162 2163
f 2163 2162 2164
f 2163 2164 2121
f 2121 2164 2125
f 2125 2164 2165
f 2125 2165 2129
f 2129 2165 2166
f 2129 2166 2058
f 2058 2166 1100
f 1100 2166 2150
f 2121 2116 2163
f 2163 2116 88
f 2116 23 88
f 2154 2151 2150
f 2150 2166 2167
f 2167 2166 2165
f 2167 2165 2168
f 2168 2165 2164
f 2168 2164 2162
f 2157 2154 2167
f 2167 2154 2150
f 2157 2167 2168
f 2160 2157 2168
f 2160 2168 2162
f 2169 2170 2171
f 2171 2170 2172
f 2171 2172 2173
f 2173 2172 2174
f 2173 2174 2175
f 2175 2174 2176
f 2175 2176 2177
f 2177 2176 2178
f 2177 2178 2179
f 2179 2178 2180
f 2179 2180 2181
f 2181 2180 2182
f 2181 2182 2183
f 2183 2182 2184
f 2183 2184 2185
f 2185 2184 2186
f 2185 2186 2187
f 2187 2186 2188
f 2187 2188 2189
f 2189 2188 2190
f 2189 2190 2191
f 2191 2190 2192
f 2191 2192 2193
f 2193 2192 2152
f 2193 2152 2153
f 2194 2195 2169
f 2169 2195 2196
f 2169 2196 2170
f 2170 2196 2172
f 2197 2198 2194
f 2194 2198 2199
f 2194 2199 2200
f 2200 2199 2201
f 2200 2201 2202
f 2202 2201 2180
f 2202 2180 2178
f 1098 2203 2197
f 2197 2203 2204
f 2197 2204 2205
f 2205 2204 2206
f 2205 2206 2207
f 2207 2206 2186
f 2207 2186 2184
f 1098 2152 2203
f 2203 2152 2208
f 2203 2208 2209
f 2209 2208 2190
f 2209 2190 2188
f 2193 2153 2210
f 2210 2153 2155
f 2210 2155 2211
f 2211 2155 2212
f 2211 2212 2213
f 2213 2212 2214
f 2213 2214 2215
f 2215 2214 2156
f 2215 2156 2216
f 2216 2156 2158
f 2216 2158 2217
f 2217 2158 2218
f 2217 2218 2219
f 2219 2218 2220
f 2219 2220 2221
f 2221 2220 2222
f 2221 2222 2223
f 2223 2222 2224
f 2223 2224 2225
f 2225 2224 2226
f 2225 2226 2183
f 2183 2226 2181
f 2212 2155 2214
f 2214 2155 2156
f 2218 2158 2227
f 2227 2158 2159
f 2227 2159 2228
f 2228 2159 2229
f 2228 2229 2230
f 2230 2229 2161
f 2230 2161 88
f 2159 2161 2229
f 88 2231 2230
f 2230 2231 2232
f 2230 2232 2228
f 2228 2232 2233
f 2228 2233 2234
f 2234 2233 2235
f 2234 2235 2220
f 2220 2235 2222
f 2231 2236 2232
f 2232 2236 2237
f 2232 2237 2233
f 2233 2237 2238
f 2233 2238 2235
f 2235 2238 2239
f 2235 2239 2222
f 2222 2239 2224
f 2236 2240 2237
f 2237 2240 2241
f 2237 2241 2238
f 2238 2241 2242
f 2238 2242 2239
f 2239 2242 2243
f 2239 2243 2224
f 2224 2243 2226
f 2240 2244 2241
f 2241 2244 2245
f 2241 2245 2242
f 2242 2245 2246
f 2242 2246 2243
f 2243 2246 2247
f 2243 2247 2226
f 2226 2247 2181
f 2173 2248 2244
f 2244 2248 2249
f 2244 2249 2245
f 2245 2249 2246
f 2248 2173 2175
f 2190 2208 2192
f 2192 2208 2152
f 2198 2197 2205
f 2206 2204 2209
f 2209 2204 2203
f 2205 2207 2198
f 2198 2207 2250
f 2198 2250 2199
f 2199 2250 2201
f 2195 2194 2251
f 2251 2194 2200
f 2251 2200 2202
f 2195 2251 2252
f 2252 2251 2202
f 2252 2202 2178
f 2196 2195 2253
f 2253 2195 2252
f 2253 2252 2176
f 2176 2252 2178
f 2253 2176 2174
f 2180 2201 2182
f 2182 2201 2250
f 2182 2250 2184
f 2184 2250 2207
f 2209 2188 2206
f 2206 2188 2186
f 2191 2193 2254
f 2254 2193 2210
f 2254 2210 2211
f 2189 2191 2255
f 2255 2191 2254
f 2255 2254 2256
f 2256 2254 2211
f 2256 2211 2213
f 2187 2189 2257
f 2257 2189 2255
f 2257 2255 2258
f 2258 2255 2256
f 2258 2256 2259
f 2259 2256 2213
f 2259 2213 2215
f 2225 2183 2185
f 2185 2187 2260
f 2260 2187 2257
f 2260 2257 2261
f 2261 2257 2258
f 2261 2258 2262
f 2262 2258 2259
f 2262 2259 2263
f 2263 2259 2215
f 2263 2215 2216
f 2181 2247 2179
f 2179 2247 2264
f 2179 2264 2177
f 2177 2264 2248
f 2177 2248 2175
f 2246 2249 2264
f 2264 2249 2248
f 2264 2247 2246
f 2225 2260 2223
f 2223 2260 2261
f 2223 2261 2221
f 2221 2261 2262
f 2221 2262 2219
f 2219 2262 2263
f 2219 2263 2217
f 2217 2263 2216
f 2260 2225 2185
f 2234 2220 2218
f 2228 2234 2227
f 2227 2234 2218
f 2174 2172 2253
f 2253 2172 2196
f 1098 2197 1099
f 1099 2197 2008
f 2008 2197 2194
f 2008 2194 2009
f 2009 2194 2169
f 2009 2169 2021
f 2021 2169 2171
f 2021 2171 2022
f 2265 2023 2171
f 2171 2023 2022
f 2171 2173 2265
f 2265 2173 2266
f 2266 2173 2244
f 2266 2244 2267
f 2267 2244 2240
f 2267 2240 2268
f 2268 2240 2236
f 2268 2236 2269
f 2269 2236 2231
f 2269 2231 87
f 87 2231 88
f 2269 87 2270
f 2270 87 85
f 2270 85 2271
f 2271 85 83
f 2271 83 2272
f 2272 83 81
f 2272 81 2273
f 2273 81 79
f 2273 79 2274
f 2274 79 77
f 2274 77 2275
f 2275 77 75
f 2275 75 2276
f 2276 75 89
f 2276 89 2277
f 2277 89 91
f 2277 91 2278
f 2278 2279 2277
f 2277 2279 2280
f 2277 2280 2276
f 2276 2280 2281
f 2276 2281 2275
f 2275 2281 2282
f 2275 2282 2274
f 2274 2282 2283
f 2274 2283 2273
f 2273 2283 2284
f 2273 2284 2272
f 2272 2284 2285
f 2272 2285 2271
f 2271 2285 2286
f 2271 2286 2270
f 2270 2286 2287
f 2270 2287 2269
f 2269 2287 2268
f 2268 2287 2288
f 2268 2288 2267
f 2267 2288 2289
f 2267 2289 2266
f 2266 2289 2265
f 2265 2289 2290
f 2290 2289 2291
f 2290 2291 2292
f 2292 2291 2293
f 2292 2293 2294
f 2294 2293 2295
f 2294 2295 2296
f 2296 2295 2285
f 2296 2285 2284
f 2279 2297 2280
f 2280 2297 2298
f 2280 2298 2281
f 2281 2298 2299
f 2281 2299 2282
f 2282 2299 2300
f 2282 2300 2283
f 2283 2300 2301
f 2283 2301 2284
f 2284 2301 2296
f 2297 2302 2298
f 2298 2302 2303
f 2298 2303 2299
f 2299 2303 2304
f 2299 2304 2300
f 2300 2304 2305
f 2300 2305 2301
f 2301 2305 2306
f 2301 2306 2296
f 2296 2306 2294
f 2302 2307 2303
f 2303 2307 2308
f 2303 2308 2304
f 2304 2308 2309
f 2304 2309 2305
f 2305 2309 2306
f 2309 2310 2306
f 2306 2310 2294
f 2310 2292 2294
f 2291 2289 2288
f 2288 2287 2311
f 2311 2287 2286
f 2311 2286 2295
f 2295 2286 2285
f 2293 2291 2311
f 2311 2291 2288
f 2293 2311 2295
f 2023 2265 2025
f 2025 2265 2290
f 2025 2290 2026
f 2026 2290 2292
f 2026 2292 2027
f 2027 2292 2310
f 2027 2310 2029
f 2029 2310 2309
f 2029 2309 2030
f 2030 2309 2308
f 2030 2308 2028
f 2028 2308 2307
f 2307 2312 2028
f 2028 2312 2024
f 94 2313 91
f 91 2313 2278
f 2278 2313 2314
f 2278 2314 2279
f 2279 2314 2315
f 2279 2315 2316
f 2279 2316 2297
f 2297 2316 2317
f 2297 2317 2318
f 2297 2318 2302
f 2302 2318 2319
f 2302 2319 2307
f 2307 2319 2312
f 2320 2321 1454
f 1454 2321 2322
f 1454 2322 1890
f 1890 2322 2323
f 1890 2323 2324
f 2324 2323 2325
f 2324 2325 2326
f 2326 2325 2327
f 2326 2327 2328
f 2328 2327 2329
f 2328 2329 2330
f 2330 2329 2331
f 2330 2331 2332
f 2332 2331 2333
f 2332 2333 2334
f 2334 2333 2335
f 2334 2335 2336
f 2336 2335 2337
f 2336 2337 2338
f 2338 2337 2339
f 2338 2339 2340
f 2340 2339 2341
f 2340 2341 2342
f 2342 2341 2319
f 2342 2319 2318
f 2343 2344 2320
f 2320 2344 2345
f 2320 2345 2321
f 2321 2345 2322
f 2346 2347 2343
f 2343 2347 2348
f 2343 2348 2349
f 2349 2348 2350
f 2349 2350 2351
f 2351 2350 2329
f 2351 2329 2327
f 2312 2352 2346
f 2346 2352 2353
f 2346 2353 2354
f 2354 2353 2355
f 2354 2355 2356
f 2356 2355 2335
f 2356 2335 2333
f 2312 2319 2352
f 2352 2319 2357
f 2352 2357 2358
f 2358 2357 2339
f 2358 2339 2337
f 2342 2318 2359
f 2359 2318 2317
f 2359 2317 2360
f 2360 2317 2361
f 2360 2361 2362
f 2362 2361 2363
f 2362 2363 2364
f 2364 2363 2316
f 2364 2316 2365
f 2365 2316 2315
f 2365 2315 2366
f 2366 2315 2367
f 2366 2367 2368
f 2368 2367 2369
f 2368 2369 2370
f 2370 2369 2371
f 2370 2371 2372
f 2372 2371 2373
f 2372 2373 2374
f 2374 2373 2375
f 2374 2375 2332
f 2332 2375 2330
f 2361 2317 2363
f 2363 2317 2316
f 2367 2315 2376
f 2376 2315 2314
f 2376 2314 2377
f 2377 2314 2378
f 2377 2378 2379
f 2379 2378 2313
f 2379 2313 94
f 2314 2313 2378
f 94 1899 2379
f 2379 1899 1897
f 2379 1897 2380
f 2380 1897 1896
f 2380 1896 2381
f 2381 1896 1894
f 2381 1894 2382
f 2382 1894 1892
f 2382 1892 2383
f 2383 1892 2384
f 2383 2384 2385
f 2385 2384 2386
f 2385 2386 2387
f 2387 2386 2328
f 2387 2328 2330
f 1892 1891 2384
f 2384 1891 2388
f 2384 2388 2386
f 2386 2388 2326
f 2386 2326 2328
f 2388 1891 2324
f 2324 1891 1890
f 2339 2357 2341
f 2341 2357 2319
f 2347 2346 2354
f 2355 2353 2358
f 2358 2353 2352
f 2354 2356 2347
f 2347 2356 2389
f 2347 2389 2348
f 2348 2389 2350
f 2344 2343 2390
f 2390 2343 2349
f 2390 2349 2351
f 2344 2390 2391
f 2391 2390 2351
f 2391 2351 2327
f 2345 2344 2392
f 2392 2344 2391
f 2392 2391 2325
f 2325 2391 2327
f 2392 2325 2323
f 2329 2350 2331
f 2331 2350 2389
f 2331 2389 2333
f 2333 2389 2356
f 2358 2337 2355
f 2355 2337 2335
f 2340 2342 2393
f 2393 2342 2359
f 2393 2359 2360
f 2338 2340 2394
f 2394 2340 2393
f 2394 2393 2395
f 2395 2393 2360
f 2395 2360 2362
f 2336 2338 2396
f 2396 2338 2394
f 2396 2394 2397
f 2397 2394 2395
f 2397 2395 2398
f 2398 2395 2362
f 2398 2362 2364
f 2374 2332 2334
f 2334 2336 2399
f 2399 2336 2396
f 2399 2396 2400
f 2400 2396 2397
f 2400 2397 2401
f 2401 2397 2398
f 2401 2398 2402
f 2402 2398 2364
f 2402 2364 2365
f 2387 2330 2375
f 2388 2324 2326
f 2387 2375 2403
f 2403 2375 2373
f 2403 2373 2404
f 2404 2373 2371
f 2404 2371 2405
f 2405 2371 2369
f 2405 2369 2406
f 2406 2369 2367
f 2406 2367 2376
f 2374 2399 2372
f 2372 2399 2400
f 2372 2400 2370
f 2370 2400 2401
f 2370 2401 2368
f 2368 2401 2402
f 2368 2402 2366
f 2366 2402 2365
f 2399 2374 2334
f 2387 2403 2385
f 2385 2403 2407
f 2385 2407 2383
f 2383 2407 2382
f 2407 2403 2404
f 2407 2404 2408
f 2408 2404 2405
f 2408 2405 2409
f 2409 2405 2406
f 2409 2406 2377
f 2377 2406 2376
f 2381 2382 2408
f 2408 2382 2407
f 2381 2408 2409
f 2380 2381 2409
f 2380 2409 2377
f 2379 2380 2377
f 2323 2322 2392
f 2392 2322 2345
f 2312 2346 2024
f 2024 2346 2031
f 2031 2346 2343
f 2031 2343 2032
f 2032 2343 2320
f 2032 2320 2033
f 2033 2320 1454
f 2033 1454 1455
f 1279 1281 1441
f 1441 1281 1145
f 1441 1145 2410
f 2410 1145 1144
f 1158 1160 1281
f 1281 1160 1145
f 1078 1145 1077
f 1077 1145 1160
f 1281 1296 1158
f 1158 1296 1159
f 1203 1205 1130
f 1130 1205 1442
f 1130 1442 3
f 5 1131 3
f 3 1131 1130
f 1130 1132 1203
f 1203 1132 1196
f 1132 1133 1196
f 1196 1133 1206
f 1125 16 1127
f 1127 16 2411
f 1127 2411 1223
f 1125 14 16
f 1223 1221 1127
f 1126 1127 1213
f 1213 1127 1221
f 1124 1126 1220
f 1220 1126 1213
f 1260 1135 1264
f 1264 1135 1187
f 1264 1187 1185
f 1222 1223 1260
f 1260 1223 2411
f 1260 2411 1135
f 1135 2411 1137
f 1137 2411 2412
f 1137 2412 1119
f 1119 2412 1118
f 1118 2412 1394
f 1118 1394 1396
f 1172 1146 1396
f 1396 1146 1118
f 1167 1370 1119
f 1119 1370 1372
f 1119 1372 1137
f 1137 1372 1177
f 1177 1372 1176
f 1167 1168 1370
f 1421 1268 1184
f 1184 1268 1264
f 1184 1264 1185
f 1421 1422 1268
f 1268 1422 1257
f 1216 1255 1218
f 1218 1255 1257
f 1218 1257 1422
f 1260 1255 1222
f 1222 1255 1216
f 1186 1187 1134
f 1134 1187 1135
f 1136 1137 1178
f 1178 1137 1177
f 1372 1383 1176
f 1176 1383 1174
f 1174 1383 698
f 698 1383 1379
f 698 1379 1446
f 1166 697 1375
f 1375 697 1379
f 1379 697 1446
f 1168 1166 1370
f 1370 1166 1375
f 696 1167 711
f 711 1167 1119
f 1396 1410 1172
f 1172 1410 1173
f 1173 1410 692
f 692 1410 1406
f 692 1406 1447
f 1169 690 1402
f 1402 690 1406
f 1406 690 1447
f 1171 1169 1399
f 1399 1169 1402
f 1394 2412 1399
f 1399 2412 1142
f 1399 1142 1170
f 2412 2413 1142
f 1142 2413 1143
f 1170 1171 1399
f 686 1170 687
f 687 1170 1142
f 454 453 526
f 526 453 448
f 526 448 443
f 2414 2415 2042
f 2042 2415 2043
f 2043 2415 2416
f 2043 2416 2044
f 2044 2416 2417
f 2044 2417 2045
f 2045 2417 663
f 2045 663 724
f 2417 2418 663
f 663 2418 2419
f 663 2419 679
f 679 2419 2420
f 679 2420 2421
f 2421 2420 2422
f 2421 2422 2423
f 2423 2422 2424
f 2423 2424 2425
f 2425 2424 2426
f 2425 2426 2427
f 2427 2426 2428
f 2427 2428 2429
f 2429 2428 2430
f 2429 2430 2431
f 2431 2430 2432
f 2431 2432 2433
f 2433 2432 2434
f 2433 2434 2435
f 2435 2434 2436
f 2435 2436 2437
f 2437 2436 2438
f 2437 2438 2439
f 2439 2438 2440
f 2439 2440 2441
f 2416 2442 2417
f 2417 2442 2443
f 2417 2443 2418
f 2418 2443 2419
f 2415 2444 2416
f 2416 2444 2445
f 2416 2445 2446
f 2446 2445 2447
f 2446 2447 2448
f 2448 2447 2426
f 2448 2426 2424
f 2414 2449 2415
f 2415 2449 2450
f 2415 2450 2451
f 2451 2450 2452
f 2451 2452 2453
f 2453 2452 2432
f 2453 2432 2430
f 2414 2440 2449
f 2449 2440 2454
f 2449 2454 2455
f 2455 2454 2436
f 2455 2436 2434
f 2439 2441 2456
f 2456 2441 2457
f 2456 2457 2458
f 2458 2457 2459
f 2458 2459 2460
f 2460 2459 2461
f 2460 2461 2462
f 2462 2461 2463
f 2462 2463 2464
f 2464 2463 2465
f 2464 2465 2466
f 2466 2465 2467
f 2466 2467 2468
f 2468 2467 2469
f 2468 2469 2470
f 2470 2469 2471
f 2470 2471 2472
f 2472 2471 2473
f 2472 2473 2474
f 2474 2473 2475
f 2474 2475 2429
f 2429 2475 2427
f 2459 2457 2461
f 2461 2457 2463
f 2467 2465 2476
f 2476 2465 2477
f 2476 2477 2478
f 2478 2477 2479
f 2478 2479 2480
f 2480 2479 2481
f 2480 2481 59
f 2477 2481 2479
f 59 680 2480
f 2480 680 672
f 2480 672 2482
f 2482 672 673
f 2482 673 2483
f 2483 673 674
f 2483 674 2484
f 2484 674 676
f 2484 676 2485
f 2485 676 2486
f 2485 2486 2487
f 2487 2486 2488
f 2487 2488 2489
f 2489 2488 2425
f 2489 2425 2427
f 676 678 2486
f 2486 678 2490
f 2486 2490 2488
f 2488 2490 2423
f 2488 2423 2425
f 2490 678 2421
f 2421 678 679
f 2436 2454 2438
f 2438 2454 2440
f 2444 2415 2451
f 2452 2450 2455
f 2455 2450 2449
f 2451 2453 2444
f 2444 2453 2491
f 2444 2491 2445
f 2445 2491 2447
f 2442 2416 2492
f 2492 2416 2446
f 2492 2446 2448
f 2442 2492 2493
f 2493 2492 2448
f 2493 2448 2424
f 2443 2442 2494
f 2494 2442 2493
f 2494 2493 2422
f 2422 2493 2424
f 2494 2422 2420
f 2426 2447 2428
f 2428 2447 2491
f 2428 2491 2430
f 2430 2491 2453
f 2455 2434 2452
f 2452 2434 2432
f 2437 2439 2495
f 2495 2439 2456
f 2495 2456 2458
f 2435 2437 2496
f 2496 2437 2495
f 2496 2495 2497
f 2497 2495 2458
f 2497 2458 2460
f 2433 2435 2498
f 2498 2435 2496
f 2498 2496 2499
f 2499 2496 2497
f 2499 2497 2500
f 2500 2497 2460
f 2500 2460 2462
f 2474 2429 2431
f 2431 2433 2501
f 2501 2433 2498
f 2501 2498 2502
f 2502 2498 2499
f 2502 2499 2503
f 2503 2499 2500
f 2503 2500 2504
f 2504 2500 2462
f 2504 2462 2464
f 2489 2427 2475
f 2490 2421 2423
f 2489 2475 2505
f 2505 2475 2473
f 2505 2473 2506
f 2506 2473 2471
f 2506 2471 2507
f 2507 2471 2469
f 2507 2469 2508
f 2508 2469 2467
f 2508 2467 2476
f 2474 2501 2472
f 2472 2501 2502
f 2472 2502 2470
f 2470 2502 2503
f 2470 2503 2468
f 2468 2503 2504
f 2468 2504 2466
f 2466 2504 2464
f 2501 2474 2431
f 2489 2505 2487
f 2487 2505 2509
f 2487 2509 2485
f 2485 2509 2484
f 2509 2505 2506
f 2509 2506 2510
f 2510 2506 2507
f 2510 2507 2511
f 2511 2507 2508
f 2511 2508 2478
f 2478 2508 2476
f 2483 2484 2510
f 2510 2484 2509
f 2483 2510 2511
f 2482 2483 2511
f 2482 2511 2478
f 2480 2482 2478
f 2420 2419 2494
f 2494 2419 2443
f 59 2481 62
f 62 2481 2512
f 2512 2481 2477
f 2512 2477 2513
f 2513 2477 2465
f 2513 2465 2463
f 2513 2463 2514
f 2514 2463 2457
f 2514 2457 2441
f 2514 2441 2515
f 2515 2441 2440
f 2515 2440 2516
f 2516 2440 2414
f 2517 92 2518
f 2518 92 90
f 2518 90 2519
f 2519 90 73
f 2519 73 2520
f 2520 73 71
f 2520 71 2521
f 2521 71 69
f 2521 69 2522
f 2522 69 67
f 2522 67 2523
f 2523 67 65
f 2523 65 2524
f 2524 65 63
f 2524 63 2525
f 2525 63 62
f 2525 62 2512
f 2512 2513 2525
f 2525 2513 2526
f 2525 2526 2524
f 2524 2526 2527
f 2524 2527 2523
f 2523 2527 2528
f 2523 2528 2522
f 2522 2528 2529
f 2522 2529 2521
f 2521 2529 2530
f 2521 2530 2520
f 2520 2530 2531
f 2520 2531 2519
f 2519 2531 2532
f 2519 2532 2518
f 2518 2532 2533
f 2518 2533 2517
f 2517 2533 2534
f 2534 2533 2535
f 2534 2535 2536
f 2536 2535 2537
f 2536 2537 2538
f 2538 2537 2539
f 2539 2537 2540
f 2540 2537 2541
f 2540 2541 2542
f 2542 2541 2543
f 2542 2543 2544
f 2544 2543 2545
f 2544 2545 2546
f 2546 2545 2531
f 2546 2531 2530
f 2513 2514 2526
f 2526 2514 2547
f 2526 2547 2527
f 2527 2547 2548
f 2527 2548 2528
f 2528 2548 2549
f 2528 2549 2529
f 2529 2549 2550
f 2529 2550 2530
f 2530 2550 2546
f 2514 2515 2547
f 2547 2515 2551
f 2547 2551 2548
f 2548 2551 2552
f 2548 2552 2549
f 2549 2552 2553
f 2549 2553 2550
f 2550 2553 2554
f 2550 2554 2546
f 2546 2554 2544
f 2515 2516 2551
f 2551 2516 2555
f 2551 2555 2552
f 2552 2555 2556
f 2552 2556 2553
f 2553 2556 2554
f 2556 2557 2554
f 2554 2557 2544
f 2557 2542 2544
f 2541 2537 2535
f 2535 2533 2558
f 2558 2533 2532
f 2558 2532 2545
f 2545 2532 2531
f 2543 2541 2558
f 2558 2541 2535
f 2543 2558 2545
f 1908 1910 2539
f 2539 1910 2538
f 2538 1910 1981
f 2538 1981 2536
f 2536 1981 1977
f 2536 1977 2534
f 2534 1977 1973
f 2534 1973 2517
f 2517 1973 1968
f 2517 1968 92
f 92 1968 93
f 2539 2039 1908
f 1908 2039 2005
f 2039 2539 2041
f 2041 2539 2540
f 2041 2540 2040
f 2040 2540 2542
f 2040 2542 2038
f 2038 2542 2557
f 2038 2557 2037
f 2037 2557 2556
f 2037 2556 2036
f 2036 2556 2555
f 2036 2555 2035
f 2035 2555 2516
f 2516 2414 2035
f 2035 2414 2042
f 1199 1337 1202
f 1202 1337 1225
f 1202 1225 1226
f 1228 1337 1207
f 1207 1337 1199
f 1209 1208 1351
f 1351 1208 1355
f 1355 1208 1445
f 1219 1209 1229
f 1229 1209 1351
f 1162 1359 1165
f 1165 1359 1355
f 1165 1355 1445
f 1230 1359 1161
f 1161 1359 1162
f 1081 1156 1084
f 1084 1156 1128
f 1085 1129 1086
f 1086 1129 1154
f 1179 1181 1138
f 1138 1181 1139
f 1204 1193 1236
f 1236 1193 1240
f 1424 1244 1192
f 1192 1244 1240
f 1192 1240 1193
f 1424 1419 1244
f 1244 1419 1233
f 1089 1180 1082
f 1082 1180 1440
f 1083 1438 1034
f 1034 1438 1035
f 1438 1436 1035
f 1035 1436 1028
f 1093 1029 1436
f 1436 1029 1028
f 1430 1428 2559
f 2559 1428 2560
f 1432 1430 2561
f 2561 1430 2559
f 1427 1432 2562
f 2562 1432 2561
f 1428 1427 2560
f 2560 1427 2562
f 2560 2562 2559
f 2559 2562 2561
f 2563 2564 2565
f 2565 2564 2566
f 1437 1439 2563
f 2563 1439 2564
f 1435 1437 2565
f 2565 1437 2563
f 1434 1435 2566
f 2566 1435 2565
f 1439 1434 2564
f 2564 1434 2566
f 1007 990 773
f 773 990 774
f 1000 704 923
f 923 704 927
f 927 704 1073
f 796 1000 792
f 792 1000 923
f 1001 931 703
f 703 931 927
f 703 927 1073
f 793 931 795
f 795 931 1001
f 1056 713 901
f 901 713 905
f 905 713 1075
f 800 1056 785
f 785 1056 901
f 1036 909 719
f 719 909 905
f 719 905 1075
f 784 909 788
f 788 909 1036
f 705 791 708
f 708 791 749
f 701 748 702
f 702 748 794
f 709 750 710
f 710 750 789
f 2413 2412 2567
f 2567 2412 2568
f 2568 2412 2411
f 2568 2411 16
f 2569 2570 2571
f 2571 2570 2572
f 2573 2574 2575
f 2575 2574 2576
f 2576 2574 2577
f 2576 2577 2578
f 2578 2577 2579
f 2578 2579 2580
f 2580 2579 2581
f 2580 2581 2582
f 2582 2581 2583
f 2582 2583 2584
f 2584 2583 2585
f 2584 2585 2586
f 2586 2585 2587
f 2586 2587 2588
f 2588 2587 2589
f 2588 2589 2590
f 2590 2589 2591
f 2590 2591 2592
f 2592 2591 2593
f 2592 2593 2594
f 2594 2593 2595
f 2594 2595 2596
f 2596 2595 2597
f 2596 2597 2598
f 2598 2597 2599
f 2598 2599 2600
f 2600 2599 2601
f 2600 2601 2602
f 2602 2601 2603
f 2602 2603 2604
f 2604 2603 2605
f 2604 2605 2606
f 2606 2605 2607
f 2606 2607 2608
f 2608 2607 2609
f 2608 2609 2610
f 2610 2609 2611
f 2610 2611 2612
f 2612 2611 2613
f 2612 2613 2614
f 2614 2613 2615
f 2614 2615 2616
f 2616 2615 2617
f 2616 2617 2618
f 2618 2617 2619
f 2618 2619 2620
f 2620 2619 2621
f 2620 2621 2622
f 2622 2621 2623
f 2622 2623 2624
f 2624 2623 2625
f 2624 2625 2626
f 2626 2625 2627
f 2626 2627 2628
f 2628 2627 2629
f 2628 2629 2630
f 2630 2629 2631
f 2630 2631 2632
f 2632 2631 2633
f 2632 2633 2634
f 2634 2633 2635
f 2634 2635 2636
f 2636 2635 2637
f 2636 2637 2569
f 2569 2637 2570
f 2575 2571 2573
f 2573 2571 2572
f 2637 2638 2570
f 2570 2638 2639
f 2570 2639 2572
f 2572 2639 2573
f 2573 2639 2640
f 2573 2640 2574
f 2574 2640 2641
f 2574 2641 2577
f 2577 2641 2642
f 2577 2642 2579
f 2579 2642 2643
f 2579 2643 2581
f 2581 2643 2644
f 2581 2644 2583
f 2583 2644 2645
f 2583 2645 2585
f 2585 2645 2646
f 2585 2646 2587
f 2587 2646 2647
f 2587 2647 2589
f 2589 2647 2648
f 2589 2648 2591
f 2591 2648 2649
f 2591 2649 2593
f 2593 2649 2650
f 2593 2650 2651
f 2638 2637 2652
f 2652 2637 2635
f 2652 2635 2653
f 2653 2635 2633
f 2653 2633 2654
f 2654 2633 2631
f 2654 2631 2655
f 2655 2631 2629
f 2655 2629 2656
f 2656 2629 2627
f 2656 2627 2657
f 2657 2627 2625
f 2657 2625 2658
f 2658 2625 2623
f 2658 2623 2659
f 2659 2623 2621
f 2659 2621 2660
f 2660 2621 2619
f 2660 2619 2661
f 2661 2619 2662
f 2662 2619 2617
f 2662 2617 2663
f 2663 2617 2615
f 2663 2615 2664
f 2664 2615 2613
f 2664 2613 2665
f 2665 2613 2611
f 2665 2611 2666
f 2666 2611 2609
f 2666 2609 2667
f 2667 2609 2607
f 2667 2607 2668
f 2668 2607 2605
f 2668 2605 2669
f 2669 2605 2603
f 2669 2603 2670
f 2670 2603 2601
f 2670 2601 2671
f 2671 2601 2599
f 2671 2599 2672
f 2672 2599 2597
f 2672 2597 2673
f 2673 2597 2595
f 2673 2595 2651
f 2651 2595 2593
f 2674 2649 2675
f 2675 2649 2648
f 2675 2648 2676
f 2676 2648 2647
f 2676 2647 2677
f 2677 2647 2646
f 2677 2646 2678
f 2678 2646 2645
f 2678 2645 2679
f 2679 2645 2644
f 2679 2644 2680
f 2680 2644 2643
f 2680 2643 2681
f 2681 2643 2642
f 2681 2642 2682
f 2682 2642 2641
f 2682 2641 2683
f 2683 2641 2640
f 2683 2640 2684
f 2684 2640 2639
f 2684 2639 2685
f 2685 2639 2638
f 2685 2638 2686
f 2686 2638 2652
f 2686 2652 2687
f 2687 2652 2653
f 2687 2653 2688
f 2688 2653 2654
f 2688 2654 2689
f 2689 2654 2655
f 2689 2655 2690
f 2690 2655 2656
f 2690 2656 2691
f 2691 2656 2657
f 2691 2657 2692
f 2692 2657 2658
f 2692 2658 2693
f 2693 2658 2659
f 2693 2659 2694
f 2694 2659 2660
f 2694 2660 2695
f 2695 2660 2661
f 2695 2661 2696
f 2696 2661 2662
f 2696 2662 2697
f 2697 2662 2663
f 2697 2663 2698
f 2698 2663 2664
f 2698 2664 2699
f 2699 2664 2665
f 2699 2665 2700
f 2700 2665 2666
f 2700 2666 2701
f 2701 2666 2667
f 2701 2667 2702
f 2702 2667 2668
f 2702 2668 2703
f 2703 2668 2669
f 2703 2669 2704
f 2704 2669 2670
f 2704 2670 2705
f 2705 2670 2671
f 2705 2671 2706
f 2706 2671 2672
f 2706 2672 2707
f 2707 2672 2673
f 2707 2673 2708
f 2708 2673 2651
f 2708 2651 2709
f 2709 2651 2650
f 2709 2650 2674
f 2674 2650 2649
f 2710 2711 2712
f 2712 2711 2713
f 2712 2713 2714
f 2711 2710 2715
f 2715 2710 2716
f 2715 2716 2717
f 2717 2716 2718
f 2718 2716 2719
f 2718 2719 2720
f 2720 2719 2721
f 2720 2721 2722
f 2722 2721 2723
f 2723 2721 2724
f 2723 2724 2725
f 2725 2724 2726
f 2725 2726 2727
f 2727 2726 2728
f 2728 2726 2729
f 2728 2729 2730
f 2730 2729 2731
f 2730 2731 2732
f 2732 2731 2733
f 2733 2731 2734
f 2733 2734 2735
f 2735 2734 2736
f 2735 2736 2737
f 2737 2736 2738
f 2737 2738 2739
f 2739 2738 2740
f 2739 2740 2741
f 2741 2740 2742
f 2741 2742 2743
f 2743 2742 2744
f 2744 2742 2745
f 2744 2745 2746
f 2746 2745 2747
f 2746 2747 2748
f 2740 2738 2749
f 2749 2738 2750
f 2749 2750 2751
f 2751 2750 2752
f 2751 2752 2753
f 2753 2752 2754
f 2753 2754 2755
f 2755 2754 2756
f 2756 2754 2757
f 2756 2757 2758
f 2758 2757 2759
f 2758 2759 2760
f 2760 2759 2761
f 2761 2759 2762
f 2761 2762 2763
f 2763 2762 2764
f 2763 2764 2765
f 2765 2764 2766
f 2765 2766 2767
f 2767 2766 2768
f 2768 2766 2769
f 2768 2769 2770
f 2770 2769 2681
f 2770 2681 2682
f 2764 2771 2766
f 2766 2771 2772
f 2772 2771 2773
f 2772 2773 2774
f 2774 2773 2775
f 2774 2775 2776
f 2776 2775 2777
f 2777 2775 2778
f 2777 2778 2779
f 2779 2778 2780
f 2780 2778 2781
f 2780 2781 2782
f 2782 2781 2783
f 2782 2783 2784
f 2784 2783 2785
f 2785 2783 2786
f 2785 2786 2787
f 2788 2789 2787
f 2787 2789 2790
f 2787 2790 2791
f 2791 2790 2792
f 2791 2792 2793
f 2789 2788 2794
f 2794 2788 2795
f 2794 2795 2796
f 2796 2795 2797
f 2796 2797 2798
f 2798 2797 2799
f 2799 2797 2800
f 2799 2800 2801
f 2801 2800 2802
f 2802 2800 2803
f 2802 2803 2804
f 2804 2803 2805
f 2804 2805 2806
f 2806 2805 2807
f 2806 2807 2808
f 2808 2807 2809
f 2808 2809 2810
f 2810 2809 2811
f 2811 2809 2812
f 2811 2812 2813
f 2813 2812 2814
f 2813 2814 2708
f 2708 2814 2707
f 2707 2814 2815
f 2707 2815 2706
f 2706 2815 2816
f 2706 2816 2705
f 2705 2816 2817
f 2705 2817 2818
f 2818 2817 2819
f 2819 2817 2820
f 2819 2820 2821
f 2821 2820 2822
f 2821 2822 2823
f 2809 2807 2824
f 2824 2807 2825
f 2824 2825 2826
f 2827 2828 2826
f 2826 2828 2829
f 2826 2829 2824
f 2828 2827 2830
f 2830 2827 2831
f 2830 2831 2832
f 2832 2831 2833
f 2833 2831 2834
f 2833 2834 2835
f 2835 2834 2836
f 2836 2834 2837
f 2836 2837 2838
f 2838 2837 2839
f 2838 2839 2820
f 2820 2839 2840
f 2820 2840 2822
f 2822 2840 2841
f 2841 2840 2842
f 2841 2842 2843
f 2843 2842 2844
f 2843 2844 2845
f 2845 2844 2846
f 2846 2844 2847
f 2846 2847 2848
f 2848 2847 2849
f 2848 2849 2850
f 2850 2849 2851
f 2851 2849 2852
f 2851 2852 2853
f 2853 2852 2854
f 2853 2854 2855
f 2855 2854 2856
f 2855 2856 2857
f 2857 2856 2858
f 2857 2858 2859
f 2859 2858 2860
f 2860 2858 2861
f 2860 2861 2862
f 2862 2861 2699
f 2862 2699 2700
f 2858 2856 2863
f 2863 2856 2864
f 2863 2864 2865
f 2865 2864 2866
f 2865 2866 2867
f 2867 2866 2868
f 2867 2868 2869
f 2869 2868 2870
f 2870 2868 2871
f 2870 2871 2872
f 2872 2871 2873
f 2872 2873 2874
f 2874 2873 2875
f 2875 2873 2876
f 2875 2876 2877
f 2877 2876 2878
f 2877 2878 2879
f 2879 2878 2880
f 2879 2880 2881
f 2881 2880 2882
f 2881 2882 2883
f 2883 2882 2884
f 2884 2882 2885
f 2884 2885 2886
f 2886 2885 2887
f 2886 2887 2888
f 2878 2889 2880
f 2880 2889 2890
f 2890 2889 2891
f 2890 2891 2892
f 2892 2891 2893
f 2893 2891 2894
f 2893 2894 2714
f 2714 2894 2712
f 2676 2895 2675
f 2675 2895 2896
f 2675 2896 2897
f 2895 2676 2898
f 2898 2676 2677
f 2898 2677 2899
f 2899 2677 2678
f 2899 2678 2900
f 2900 2678 2679
f 2900 2679 2901
f 2901 2679 2680
f 2901 2680 2902
f 2902 2680 2681
f 2902 2681 2769
f 2770 2682 2903
f 2903 2682 2683
f 2903 2683 2904
f 2904 2683 2684
f 2904 2684 2905
f 2905 2684 2906
f 2906 2684 2685
f 2906 2685 2907
f 2907 2685 2686
f 2907 2686 2908
f 2908 2686 2687
f 2908 2687 2909
f 2909 2687 2910
f 2910 2687 2688
f 2910 2688 2911
f 2911 2688 2689
f 2911 2689 2912
f 2912 2689 2690
f 2912 2690 2913
f 2913 2690 2691
f 2913 2691 2914
f 2914 2691 2692
f 2914 2692 2915
f 2915 2692 2693
f 2915 2693 2916
f 2916 2693 2917
f 2917 2693 2694
f 2917 2694 2918
f 2918 2694 2695
f 2918 2695 2919
f 2919 2695 2696
f 2919 2696 2920
f 2920 2696 2697
f 2920 2697 2921
f 2921 2697 2698
f 2921 2698 2922
f 2922 2698 2699
f 2922 2699 2861
f 2862 2700 2923
f 2923 2700 2701
f 2923 2701 2924
f 2924 2701 2702
f 2924 2702 2925
f 2925 2702 2926
f 2926 2702 2703
f 2926 2703 2927
f 2927 2703 2704
f 2927 2704 2818
f 2818 2704 2705
f 2708 2709 2813
f 2813 2709 2928
f 2928 2709 2674
f 2928 2674 2897
f 2897 2674 2675
f 2746 2748 2929
f 2929 2748 2930
f 2929 2930 2931
f 2931 2930 2767
f 2767 2930 2765
f 2900 2932 2899
f 2899 2932 2793
f 2793 2932 2791
f 2791 2785 2787
f 2933 2934 2935
f 2935 2934 2936
f 2935 2936 2937
f 2937 2936 2938
f 2937 2938 2939
f 2939 2938 2810
f 2810 2938 2808
f 2790 2940 2792
f 2792 2940 2941
f 2941 2940 2942
f 2942 2940 2933
f 2942 2933 2935
f 2943 2944 2823
f 2823 2944 2945
f 2823 2945 2821
f 2944 2943 2946
f 2946 2943 2947
f 2946 2947 2948
f 2946 2948 2949
f 2949 2948 2950
f 2949 2950 2951
f 2951 2950 2859
f 2859 2950 2857
f 2920 2952 2919
f 2919 2952 2953
f 2953 2952 2879
f 2953 2879 2881
f 2886 2888 2954
f 2954 2888 2955
f 2954 2955 2956
f 2956 2955 2957
f 2957 2955 2720
f 2957 2720 2722
f 2957 2722 2958
f 2958 2722 2959
f 2958 2959 2913
f 2913 2959 2912
f 2908 2909 2960
f 2960 2909 2739
f 2960 2739 2741
f 2894 2961 2712
f 2712 2961 2962
f 2712 2962 2710
f 2710 2962 2963
f 2710 2963 2716
f 2716 2963 2964
f 2716 2964 2719
f 2719 2964 2965
f 2719 2965 2721
f 2721 2965 2966
f 2721 2966 2724
f 2724 2966 2967
f 2724 2967 2726
f 2726 2967 2968
f 2726 2968 2729
f 2729 2968 2969
f 2729 2969 2731
f 2731 2969 2970
f 2731 2970 2734
f 2734 2970 2971
f 2734 2971 2736
f 2736 2971 2972
f 2736 2972 2738
f 2738 2972 2973
f 2738 2973 2750
f 2750 2973 2974
f 2750 2974 2752
f 2752 2974 2975
f 2752 2975 2754
f 2754 2975 2976
f 2754 2976 2757
f 2757 2976 2977
f 2757 2977 2759
f 2759 2977 2978
f 2759 2978 2762
f 2762 2978 2979
f 2762 2979 2764
f 2764 2979 2980
f 2764 2980 2771
f 2771 2980 2981
f 2771 2981 2773
f 2773 2981 2982
f 2773 2982 2775
f 2775 2982 2983
f 2775 2983 2778
f 2778 2983 2984
f 2778 2984 2781
f 2781 2984 2985
f 2781 2985 2783
f 2783 2985 2986
f 2783 2986 2786
f 2786 2986 2987
f 2786 2987 2787
f 2787 2987 2988
f 2787 2988 2788
f 2788 2988 2989
f 2788 2989 2795
f 2795 2989 2990
f 2795 2990 2797
f 2797 2990 2991
f 2797 2991 2800
f 2800 2991 2992
f 2800 2992 2803
f 2803 2992 2993
f 2803 2993 2805
f 2805 2993 2994
f 2805 2994 2807
f 2807 2994 2995
f 2807 2995 2825
f 2825 2995 2996
f 2825 2996 2826
f 2826 2996 2997
f 2826 2997 2827
f 2827 2997 2998
f 2827 2998 2831
f 2831 2998 2999
f 2831 2999 2834
f 2834 2999 3000
f 2834 3000 2837
f 2837 3000 3001
f 2837 3001 2839
f 2839 3001 3002
f 2839 3002 2840
f 2840 3002 3003
f 2840 3003 2842
f 2842 3003 3004
f 2842 3004 2844
f 2844 3004 3005
f 2844 3005 2847
f 2847 3005 3006
f 2847 3006 2849
f 2849 3006 3007
f 2849 3007 2852
f 2852 3007 3008
f 2852 3008 2854
f 2854 3008 3009
f 2854 3009 2856
f 2856 3009 3010
f 2856 3010 2864
f 2864 3010 3011
f 2864 3011 2866
f 2866 3011 3012
f 2866 3012 2868
f 2868 3012 3013
f 2868 3013 2871
f 2871 3013 3014
f 2871 3014 2873
f 2873 3014 3015
f 2873 3015 2876
f 2876 3015 3016
f 2876 3016 2878
f 2878 3016 3017
f 2878 3017 2889
f 2889 3017 3018
f 2889 3018 2891
f 2891 3018 3019
f 2891 3019 2894
f 2894 3019 2961
f 3020 2992 3021
f 3021 2992 2991
f 3021 2991 3022
f 3022 2991 2990
f 3022 2990 3023
f 3023 2990 2989
f 3023 2989 3024
f 3024 2989 2988
f 3024 2988 3025
f 3025 2988 2987
f 3025 2987 3026
f 3026 2987 2986
f 3026 2986 3027
f 3027 2986 2985
f 3027 2985 3028
f 3028 2985 2984
f 3028 2984 3029
f 3029 2984 2983
f 3029 2983 3030
f 3030 2983 2982
f 3030 2982 3031
f 3031 2982 2981
f 3031 2981 3032
f 3032 2981 2980
f 3032 2980 3033
f 3033 2980 2979
f 3033 2979 3034
f 3034 2979 2978
f 3034 2978 3035
f 3035 2978 2977
f 3035 2977 3036
f 3036 2977 2976
f 3036 2976 3037
f 3037 2976 2975
f 3037 2975 3038
f 3038 2975 2974
f 3038 2974 3039
f 3039 2974 2973
f 3039 2973 3040
f 3040 2973 2972
f 3040 2972 3041
f 3041 2972 2971
f 3041 2971 3042
f 3042 2971 2970
f 3042 2970 3043
f 3043 2970 2969
f 3043 2969 3044
f 3044 2969 2968
f 3044 2968 3045
f 3045 2968 2967
f 3045 2967 3046
f 3046 2967 2966
f 3046 2966 3047
f 3047 2966 2965
f 3047 2965 3048
f 3048 2965 2964
f 3048 2964 3049
f 3049 2964 2963
f 3049 2963 3050
f 3050 2963 2962
f 3050 2962 3051
f 3051 2962 2961
f 3051 2961 3052
f 3052 2961 3019
f 3052 3019 3053
f 3053 3019 3018
f 3053 3018 3054
f 3054 3018 3017
f 3054 3017 3055
f 3055 3017 3016
f 3055 3016 3056
f 3056 3016 3015
f 3056 3015 3057
f 3057 3015 3014
f 3057 3014 3058
f 3058 3014 3013
f 3058 3013 3059
f 3059 3013 3012
f 3059 3012 3060
f 3060 3012 3011
f 3060 3011 3061
f 3061 3011 3010
f 3061 3010 3062
f 3062 3010 3009
f 3062 3009 3063
f 3063 3009 3008
f 3063 3008 3064
f 3064 3008 3007
f 3064 3007 3065
f 3065 3007 3006
f 3065 3006 3066
f 3066 3006 3005
f 3066 3005 3067
f 3067 3005 3004
f 3067 3004 3068
f 3068 3004 3003
f 3068 3003 3069
f 3069 3003 3002
f 3069 3002 3070
f 3070 3002 3001
f 3070 3001 3071
f 3071 3001 3000
f 3071 3000 3072
f 3072 3000 2999
f 3072 2999 3073
f 3073 2999 2998
f 3073 2998 3074
f 3074 2998 2997
f 3074 2997 3075
f 3075 2997 2996
f 3075 2996 3076
f 3076 2996 2995
f 3076 2995 3077
f 3077 2995 2994
f 3077 2994 3078
f 3078 2994 2993
f 3078 2993 3020
f 3020 2993 2992
f 3079 3039 3080
f 3080 3039 3040
f 3080 3040 3081
f 3081 3040 3041
f 3081 3041 3082
f 3082 3041 3042
f 3082 3042 3083
f 3083 3042 3043
f 3083 3043 3084
f 3084 3043 3044
f 3084 3044 3085
f 3085 3044 3086
f 3086 3044 3045
f 3086 3045 3087
f 3087 3045 3046
f 3087 3046 3088
f 3088 3046 3047
f 3088 3047 3089
f 3089 3047 3048
f 3089 3048 3090
f 3090 3048 3049
f 3090 3049 3091
f 3091 3049 3050
f 3091 3050 3092
f 3092 3050 3051
f 3092 3051 3093
f 3093 3051 3052
f 3093 3052 3094
f 3094 3052 3053
f 3094 3053 3095
f 3095 3053 3054
f 3095 3054 3096
f 3096 3054 3055
f 3096 3055 3097
f 3097 3055 3056
f 3097 3056 3098
f 3098 3056 3057
f 3098 3057 3099
f 3099 3057 3058
f 3099 3058 3100
f 3100 3058 3059
f 3100 3059 3101
f 3101 3059 3060
f 3101 3060 3102
f 3102 3060 3061
f 3102 3061 3103
f 3103 3061 3062
f 3103 3062 3104
f 3104 3062 3063
f 3104 3063 3105
f 3105 3063 3064
f 3105 3064 3106
f 3106 3064 3065
f 3106 3065 3107
f 3107 3065 3066
f 3107 3066 3108
f 3108 3066 3067
f 3108 3067 3109
f 3109 3067 3068
f 3109 3068 3110
f 3110 3068 3069
f 3110 3069 3111
f 3111 3069 3070
f 3111 3070 3112
f 3112 3070 3071
f 3112 3071 3113
f 3113 3071 3072
f 3113 3072 3114
f 3114 3072 3073
f 3114 3073 3115
f 3115 3073 3074
f 3115 3074 3116
f 3116 3074 3075
f 3116 3075 3117
f 3117 3075 3076
f 3117 3076 3118
f 3118 3076 3077
f 3118 3077 3119
f 3119 3077 3078
f 3119 3078 3120
f 3120 3078 3020
f 3120 3020 3121
f 3121 3020 3021
f 3121 3021 3122
f 3122 3021 3022
f 3122 3022 3123
f 3123 3022 3023
f 3123 3023 3124
f 3124 3023 3024
f 3124 3024 3125
f 3125 3024 3025
f 3125 3025 3126
f 3126 3025 3026
f 3126 3026 3127
f 3127 3026 3027
f 3127 3027 3128
f 3128 3027 3028
f 3128 3028 3129
f 3129 3028 3029
f 3129 3029 3130
f 3130 3029 3030
f 3130 3030 3131
f 3131 3030 3031
f 3131 3031 3132
f 3132 3031 3032
f 3132 3032 3133
f 3133 3032 3033
f 3133 3033 3134
f 3134 3033 3034
f 3134 3034 3135
f 3135 3034 3035
f 3135 3035 3136
f 3136 3035 3036
f 3136 3036 3137
f 3137 3036 3037
f 3137 3037 3138
f 3138 3037 3038
f 3138 3038 3079
f 3079 3038 3039
f 3139 3085 3140
f 3140 3085 3086
f 3140 3086 3141
f 3141 3086 3087
f 3141 3087 3142
f 3142 3087 3088
f 3142 3088 3143
f 3143 3088 3144
f 3143 3144 3145
f 3145 3144 3146
f 3145 3146 3147
f 3147 3146 3148
f 3147 3148 3149
f 3149 3148 3150
f 3150 3148 3151
f 3150 3151 3152
f 3152 3151 3153
f 3152 3153 3154
f 3085 3139 3084
f 3084 3139 3155
f 3084 3155 3156
f 3084 3156 3083
f 3083 3156 3157
f 3083 3157 3158
f 3083 3158 3082
f 3082 3158 3159
f 3082 3159 3081
f 3081 3159 3160
f 3081 3160 3080
f 3080 3160 3161
f 3080 3161 3162
f 3162 3161 3163
f 3163 3161 3164
f 3163 3164 3165
f 3166 3167 3165
f 3165 3167 3168
f 3165 3168 3169
f 3169 3168 3170
f 3169 3170 3171
f 3171 3170 3172
f 3171 3172 3173
f 3173 3172 3174
f 3174 3172 3175
f 3174 3175 3176
f 3176 3175 3177
f 3176 3177 3178
f 3167 3166 3179
f 3179 3166 3180
f 3179 3180 3149
f 3149 3180 3147
f 3181 3182 3183
f 3183 3182 3184
f 3183 3184 3185
f 3185 3184 3186
f 3185 3186 3187
f 3187 3186 3188
f 3187 3188 3189
f 3189 3188 3190
f 3189 3190 3191
f 3191 3190 3192
f 3191 3192 3193
f 3193 3192 3176
f 3193 3176 3194
f 3194 3176 3178
f 3182 3181 3195
f 3195 3181 3196
f 3195 3196 3197
f 3197 3196 3198
f 3197 3198 3199
f 3199 3198 3200
f 3199 3200 3201
f 3201 3200 3202
f 3201 3202 3203
f 3203 3202 3204
f 3203 3204 3205
f 3205 3204 3206
f 3205 3206 3207
f 3207 3206 3208
f 3207 3208 3209
f 3209 3208 3210
f 3209 3210 3211
f 3211 3210 3212
f 3211 3212 3213
f 3213 3212 3214
f 3213 3214 3215
f 3215 3214 3216
f 3215 3216 3217
f 3217 3216 3218
f 3217 3218 3219
f 3219 3218 3220
f 3219 3220 3221
f 3221 3220 3222
f 3221 3222 3223
f 3223 3224 3221
f 3221 3224 3225
f 3221 3225 3154
f 3154 3225 3152
f 3169 3163 3165
f 3226 3181 3227
f 3227 3181 3183
f 3227 3183 3228
f 3228 3183 3185
f 3228 3185 3229
f 3229 3185 3187
f 3229 3187 3230
f 3230 3187 3189
f 3230 3189 3231
f 3231 3189 3191
f 3231 3191 3232
f 3232 3191 3193
f 3232 3193 3233
f 3233 3193 3194
f 3233 3194 3234
f 3234 3194 3178
f 3234 3178 3235
f 3235 3178 3177
f 3235 3177 3236
f 3236 3177 3175
f 3236 3175 3237
f 3237 3175 3172
f 3237 3172 3238
f 3238 3172 3170
f 3238 3170 3239
f 3239 3170 3168
f 3239 3168 3240
f 3240 3168 3167
f 3240 3167 3241
f 3241 3167 3179
f 3241 3179 3242
f 3242 3179 3149
f 3242 3149 3243
f 3243 3149 3150
f 3243 3150 3244
f 3244 3150 3152
f 3244 3152 3245
f 3245 3152 3225
f 3245 3225 3246
f 3246 3225 3224
f 3246 3224 3247
f 3247 3224 3223
f 3247 3223 3248
f 3248 3223 3222
f 3248 3222 3249
f 3249 3222 3220
f 3249 3220 3250
f 3250 3220 3218
f 3250 3218 3251
f 3251 3218 3216
f 3251 3216 3252
f 3252 3216 3214
f 3252 3214 3253
f 3253 3214 3212
f 3253 3212 3254
f 3254 3212 3210
f 3254 3210 3255
f 3255 3210 3208
f 3255 3208 3256
f 3256 3208 3206
f 3256 3206 3257
f 3257 3206 3204
f 3257 3204 3258
f 3258 3204 3202
f 3258 3202 3259
f 3259 3202 3200
f 3259 3200 3260
f 3260 3200 3198
f 3260 3198 3261
f 3261 3198 3196
f 3261 3196 3226
f 3226 3196 3181
f 3262 3226 3263
f 3263 3226 3227
f 3263 3227 3228
f 3226 3262 3261
f 3261 3262 3264
f 3261 3264 3260
f 3260 3264 3265
f 3260 3265 3259
f 3259 3265 3266
f 3259 3266 3258
f 3258 3266 3267
f 3258 3267 3257
f 3257 3267 3268
f 3257 3268 3256
f 3256 3268 3269
f 3256 3269 3255
f 3255 3269 3270
f 3255 3270 3254
f 3254 3270 3271
f 3254 3271 3253
f 3253 3271 3272
f 3253 3272 3252
f 3252 3272 3273
f 3252 3273 3251
f 3251 3273 3274
f 3251 3274 3250
f 3250 3274 3275
f 3250 3275 3249
f 3249 3275 3276
f 3249 3276 3248
f 3248 3276 3277
f 3248 3277 3247
f 3247 3277 3278
f 3247 3278 3246
f 3246 3278 3279
f 3246 3279 3245
f 3245 3279 3280
f 3245 3280 3244
f 3244 3280 3281
f 3244 3281 3243
f 3243 3281 3282
f 3243 3282 3242
f 3242 3282 3283
f 3242 3283 3241
f 3241 3283 3284
f 3241 3284 3240
f 3240 3284 3285
f 3240 3285 3239
f 3239 3285 3286
f 3239 3286 3238
f 3238 3286 3287
f 3238 3287 3237
f 3237 3287 3288
f 3237 3288 3236
f 3236 3288 3289
f 3236 3289 3235
f 3235 3289 3290
f 3235 3290 3234
f 3234 3290 3291
f 3234 3291 3233
f 3233 3291 3292
f 3233 3292 3232
f 3232 3292 3293
f 3232 3293 3231
f 3231 3293 3294
f 3231 3294 3230
f 3230 3294 3295
f 3230 3295 3229
f 3229 3295 3296
f 3229 3296 3228
f 3228 3296 3263
f 3296 3297 3263
f 3263 3297 3298
f 3263 3298 3262
f 3262 3298 3264
f 3264 3298 3299
f 3264 3299 3265
f 3265 3299 3300
f 3265 3300 3266
f 3266 3300 3301
f 3266 3301 3302
f 3296 3295 3297
f 3297 3295 3303
f 3303 3295 3294
f 3303 3294 3304
f 3304 3294 3293
f 3304 3293 3292
f 3304 3292 3305
f 3305 3292 3291
f 3305 3291 3290
f 3289 3306 3290
f 3290 3306 3307
f 3290 3307 3305
f 3305 3307 3308
f 3305 3308 3309
f 3309 3308 3310
f 3309 3310 3311
f 3311 3310 3312
f 3311 3312 3313
f 3313 3312 3314
f 3313 3314 3286
f 3286 3314 3287
f 3287 3314 3315
f 3287 3315 3316
f 3288 3317 3289
f 3289 3317 3318
f 3289 3318 3306
f 3287 3316 3288
f 3288 3316 3319
f 3288 3319 3320
f 3286 3285 3313
f 3313 3285 3321
f 3321 3285 3284
f 3321 3284 3322
f 3322 3284 3283
f 3322 3283 3282
f 3322 3282 3323
f 3323 3282 3281
f 3323 3281 3280
f 3323 3280 3324
f 3324 3280 3279
f 3324 3279 3325
f 3325 3279 3278
f 3325 3278 3277
f 3325 3277 3326
f 3326 3277 3276
f 3326 3276 3327
f 3327 3276 3275
f 3327 3275 3328
f 3328 3275 3329
f 3329 3275 3274
f 3329 3274 3330
f 3330 3274 3331
f 3331 3274 3273
f 3331 3273 3332
f 3332 3273 3333
f 3333 3273 3334
f 3334 3273 3272
f 3334 3272 3335
f 3335 3272 3336
f 3335 3336 3337
f 3337 3336 3338
f 3337 3338 3339
f 3339 3338 3340
f 3339 3340 3341
f 3341 3340 3326
f 3341 3326 3327
f 3272 3271 3336
f 3336 3271 3270
f 3336 3270 3342
f 3342 3270 3343
f 3342 3343 3344
f 3270 3269 3343
f 3343 3269 3345
f 3345 3269 3346
f 3346 3269 3268
f 3346 3268 3347
f 3347 3268 3348
f 3348 3268 3349
f 3349 3268 3267
f 3349 3267 3350
f 3350 3267 3302
f 3302 3267 3266
f 3301 3300 3351
f 3351 3300 3352
f 3351 3352 3353
f 3353 3352 3344
f 3344 3352 3342
f 3320 3317 3288
f 3323 3324 3354
f 3354 3324 3325
f 3354 3325 3355
f 3355 3325 3326
f 3355 3326 3356
f 3356 3326 3340
f 3356 3340 3357
f 3357 3340 3338
f 3357 3338 3358
f 3358 3338 3336
f 3358 3336 3359
f 3359 3336 3342
f 3359 3342 3360
f 3360 3342 3352
f 3360 3352 3361
f 3361 3352 3300
f 3361 3300 3362
f 3362 3300 3299
f 3362 3299 3363
f 3363 3299 3298
f 3363 3298 3364
f 3364 3298 3297
f 3364 3297 3365
f 3365 3297 3303
f 3365 3303 3366
f 3366 3303 3304
f 3366 3304 3367
f 3367 3304 3305
f 3367 3305 3368
f 3368 3305 3309
f 3368 3309 3369
f 3369 3309 3311
f 3369 3311 3370
f 3370 3311 3313
f 3370 3313 3371
f 3371 3313 3321
f 3371 3321 3372
f 3372 3321 3322
f 3372 3322 3373
f 3373 3322 3323
f 3373 3323 3354
f 3374 3363 3375
f 3375 3363 3364
f 3375 3364 3376
f 3376 3364 3365
f 3376 3365 3377
f 3377 3365 3366
f 3377 3366 3378
f 3378 3366 3367
f 3378 3367 3379
f 3379 3367 3368
f 3379 3368 3380
f 3380 3368 3369
f 3380 3369 3381
f 3381 3369 3370
f 3381 3370 3382
f 3382 3370 3371
f 3382 3371 3383
f 3383 3371 3372
f 3383 3372 3384
f 3384 3372 3373
f 3384 3373 3385
f 3385 3373 3354
f 3385 3354 3386
f 3386 3354 3355
f 3386 3355 3387
f 3387 3355 3356
f 3387 3356 3388
f 3388 3356 3357
f 3388 3357 3389
f 3389 3357 3358
f 3389 3358 3390
f 3390 3358 3359
f 3390 3359 3391
f 3391 3359 3360
f 3391 3360 3392
f 3392 3360 3361
f 3392 3361 3393
f 3393 3361 3362
f 3393 3362 3374
f 3374 3362 3363
f 3394 3395 3390
f 3390 3395 3396
f 3390 3396 3389
f 3389 3396 3397
f 3389 3397 3388
f 3388 3397 3398
f 3388 3398 3399
f 3388 3399 3387
f 3387 3399 3400
f 3387 3400 3401
f 3387 3401 3386
f 3386 3401 3402
f 3386 3402 3385
f 3385 3402 3403
f 3385 3403 3404
f 3385 3404 3384
f 3384 3404 3405
f 3384 3405 3383
f 3383 3405 3406
f 3383 3406 3407
f 3383 3407 3382
f 3382 3407 3408
f 3382 3408 3409
f 3382 3409 3381
f 3381 3409 3410
f 3381 3410 3380
f 3380 3410 3411
f 3380 3411 3412
f 3380 3412 3379
f 3379 3412 3413
f 3379 3413 3378
f 3378 3413 3414
f 3378 3414 3415
f 3378 3415 3377
f 3377 3415 3416
f 3377 3416 3417
f 3377 3417 3376
f 3376 3417 3418
f 3376 3418 3375
f 3375 3418 3419
f 3375 3419 3420
f 3375 3420 3374
f 3374 3420 3421
f 3374 3421 3393
f 3393 3421 3422
f 3393 3422 3423
f 3393 3423 3392
f 3392 3423 3424
f 3392 3424 3425
f 3392 3425 3391
f 3391 3425 3394
f 3391 3394 3390
f 3394 2604 3395
f 3395 2604 2606
f 3395 2606 2608
f 2604 3394 2602
f 2602 3394 3425
f 2602 3425 2600
f 2600 3425 3424
f 2600 3424 2598
f 2598 3424 3423
f 2598 3423 2596
f 2596 3423 3422
f 2596 3422 2594
f 2594 3422 3421
f 2594 3421 2592
f 2592 3421 3420
f 2592 3420 2590
f 2590 3420 3419
f 2590 3419 2588
f 2588 3419 3418
f 2588 3418 2586
f 2586 3418 3417
f 2586 3417 2584
f 2584 3417 3416
f 2584 3416 2582
f 2582 3416 3415
f 2582 3415 2580
f 2580 3415 3414
f 2580 3414 2578
f 2578 3414 3413
f 2578 3413 2576
f 2576 3413 3412
f 2576 3412 2575
f 2575 3412 3411
f 2575 3411 2571
f 2571 3411 2569
f 2569 3411 3410
f 2569 3410 2636
f 2636 3410 3409
f 2636 3409 2634
f 2634 3409 3408
f 2634 3408 2632
f 2632 3408 3407
f 2632 3407 2630
f 2630 3407 3406
f 2630 3406 2628
f 2628 3406 3405
f 2628 3405 2626
f 2626 3405 3404
f 2626 3404 2624
f 2624 3404 3403
f 2624 3403 2622
f 2622 3403 3402
f 2622 3402 2620
f 2620 3402 3401
f 2620 3401 2618
f 2618 3401 3400
f 2618 3400 2616
f 2616 3400 3399
f 2616 3399 2614
f 2614 3399 3398
f 2614 3398 2612
f 2612 3398 3397
f 2612 3397 2610
f 2610 3397 3396
f 2610 3396 2608
f 2608 3396 3395
f 3349 3426 3348
f 3302 3426 3350
f 3351 3426 3301
f 3344 3426 3353
f 3345 3426 3343
f 3347 3426 3346
f 3348 3426 3347
f 3343 3426 3344
f 3301 3426 3302
f 3346 3426 3345
f 3353 3426 3351
f 3350 3426 3349
f 3319 3427 3320
f 3315 3427 3316
f 3312 3427 3314
f 3308 3427 3310
f 3306 3427 3307
f 3317 3427 3318
f 3320 3427 3317
f 3307 3427 3308
f 3314 3427 3315
f 3318 3427 3306
f 3310 3427 3312
f 3316 3427 3319
f 3332 3428 3331
f 3334 3428 3333
f 3337 3428 3335
f 3341 3428 3339
f 3328 3428 3327
f 3330 3428 3329
f 3331 3428 3330
f 3327 3428 3341
f 3335 3428 3334
f 3329 3428 3328
f 3339 3428 3337
f 3333 3428 3332
f 3429 3430 3431
f 3431 3430 3432
f 3431 3432 3433
f 3433 3432 3434
f 3433 3434 3435
f 3435 3434 3436
f 3435 3436 3437
f 3437 3436 3438
f 3437 3438 3439
f 3439 3438 3440
f 3439 3440 3441
f 3441 3440 3442
f 3441 3442 3443
f 3443 3442 3444
f 3443 3444 3445
f 3445 3444 3446
f 3445 3446 3447
f 3447 3446 3448
f 3447 3448 3449
f 3447 3449 3450
f 3450 3449 3451
f 3450 3451 3452
f 3452 3451 3453
f 3452 3453 3454
f 3454 3453 3455
f 3454 3455 3456
f 3456 3455 3457
f 3456 3457 3458
f 3458 3457 3459
f 3458 3459 3460
f 3460 3459 3461
f 3460 3461 3462
f 3462 3461 3429
f 3462 3429 3431
f 3433 2740 3431
f 3431 2740 2749
f 3431 2749 3462
f 3462 2749 2751
f 3462 2751 3460
f 3460 2751 2753
f 3460 2753 3458
f 3458 2753 2755
f 3458 2755 3456
f 3456 2755 2756
f 3456 2756 3454
f 3454 2756 2758
f 3454 2758 3452
f 3452 2758 2760
f 3452 2760 3450
f 3450 2760 2761
f 3450 2761 3447
f 3447 2761 2763
f 3447 2763 3445
f 3445 2763 2765
f 3445 2765 3443
f 3443 2765 2930
f 3443 2930 3441
f 3441 2930 2748
f 3441 2748 3439
f 3439 2748 2747
f 3439 2747 3437
f 3437 2747 2745
f 3437 2745 3435
f 3435 2745 2742
f 3435 2742 3433
f 3433 2742 2740
f 3463 3464 3465
f 3465 3464 3466
f 3465 3466 3467
f 3467 3466 3468
f 3467 3468 3469
f 3469 3468 3470
f 3469 3470 3471
f 3471 3470 3472
f 3471 3472 3473
f 3473 3472 3474
f 3473 3474 3475
f 3475 3474 3476
f 3475 3476 3477
f 3477 3476 3478
f 3477 3478 3479
f 3479 3478 3480
f 3479 3480 3481
f 3481 3480 3482
f 3481 3482 3483
f 3481 3483 3484
f 3484 3483 3485
f 3484 3485 3486
f 3486 3485 3487
f 3486 3487 3488
f 3488 3487 3489
f 3488 3489 3490
f 3490 3489 3491
f 3490 3491 3492
f 3492 3491 3493
f 3492 3493 3494
f 3494 3493 3495
f 3494 3495 3496
f 3496 3495 3463
f 3496 3463 3465
f 3467 2902 3465
f 3465 2902 2769
f 3465 2769 3496
f 3496 2769 2766
f 3496 2766 3494
f 3494 2766 2772
f 3494 2772 3492
f 3492 2772 2774
f 3492 2774 3490
f 3490 2774 2776
f 3490 2776 3488
f 3488 2776 2777
f 3488 2777 3486
f 3486 2777 2779
f 3486 2779 3484
f 3484 2779 2780
f 3484 2780 3481
f 3481 2780 2782
f 3481 2782 3479
f 3479 2782 2784
f 3479 2784 3477
f 3477 2784 2785
f 3477 2785 3475
f 3475 2785 2791
f 3475 2791 3473
f 3473 2791 2932
f 3473 2932 3471
f 3471 2932 2900
f 3471 2900 3469
f 3469 2900 2901
f 3469 2901 3467
f 3467 2901 2902
f 3497 3498 3499
f 3499 3498 3500
f 3499 3500 3501
f 3501 3500 3502
f 3501 3502 3503
f 3503 3502 3504
f 3503 3504 3505
f 3505 3504 3506
f 3505 3506 3507
f 3507 3506 3508
f 3507 3508 3509
f 3509 3508 3510
f 3509 3510 3511
f 3511 3510 3512
f 3511 3512 3513
f 3513 3512 3514
f 3513 3514 3515
f 3515 3514 3516
f 3515 3516 3517
f 3515 3517 3518
f 3518 3517 3519
f 3518 3519 3520
f 3520 3519 3521
f 3520 3521 3522
f 3522 3521 3523
f 3522 3523 3524
f 3524 3523 3525
f 3524 3525 3526
f 3526 3525 3527
f 3526 3527 3528
f 3528 3527 3529
f 3528 3529 3530
f 3530 3529 3497
f 3530 3497 3499
f 3501 2936 3499
f 3499 2936 2934
f 3499 2934 3530
f 3530 2934 2933
f 3530 2933 3528
f 3528 2933 2940
f 3528 2940 3526
f 3526 2940 2790
f 3526 2790 3524
f 3524 2790 2789
f 3524 2789 3522
f 3522 2789 2794
f 3522 2794 3520
f 3520 2794 2796
f 3520 2796 3518
f 3518 2796 2798
f 3518 2798 3515
f 3515 2798 2799
f 3515 2799 3513
f 3513 2799 2801
f 3513 2801 3511
f 3511 2801 2802
f 3511 2802 3509
f 3509 2802 2804
f 3509 2804 3507
f 3507 2804 2806
f 3507 2806 3505
f 3505 2806 2808
f 3505 2808 3503
f 3503 2808 2938
f 3503 2938 3501
f 3501 2938 2936
f 3531 3532 3533
f 3533 3532 3534
f 3533 3534 3535
f 3535 3534 3536
f 3535 3536 3537
f 3537 3536 3538
f 3537 3538 3539
f 3539 3538 3540
f 3539 3540 3541
f 3541 3540 3542
f 3541 3542 3543
f 3543 3542 3544
f 3543 3544 3545
f 3545 3544 3546
f 3545 3546 3547
f 3547 3546 3548
f 3547 3548 3549
f 3549 3548 3550
f 3549 3550 3551
f 3549 3551 3552
f 3552 3551 3553
f 3552 3553 3554
f 3554 3553 3555
f 3554 3555 3556
f 3556 3555 3557
f 3556 3557 3558
f 3558 3557 3559
f 3558 3559 3560
f 3560 3559 3561
f 3560 3561 3562
f 3562 3561 3563
f 3562 3563 3564
f 3564 3563 3531
f 3564 3531 3533
f 3535 2820 3533
f 3533 2820 2817
f 3533 2817 3564
f 3564 2817 2816
f 3564 2816 3562
f 3562 2816 2815
f 3562 2815 3560
f 3560 2815 2814
f 3560 2814 3558
f 3558 2814 2812
f 3558 2812 3556
f 3556 2812 2809
f 3556 2809 3554
f 3554 2809 2824
f 3554 2824 3552
f 3552 2824 2829
f 3552 2829 3549
f 3549 2829 2828
f 3549 2828 3547
f 3547 2828 2830
f 3547 2830 3545
f 3545 2830 2832
f 3545 2832 3543
f 3543 2832 2833
f 3543 2833 3541
f 3541 2833 2835
f 3541 2835 3539
f 3539 2835 2836
f 3539 2836 3537
f 3537 2836 2838
f 3537 2838 3535
f 3535 2838 2820
f 3565 3566 3567
f 3567 3566 3568
f 3567 3568 3569
f 3569 3568 3570
f 3569 3570 3571
f 3571 3570 3572
f 3571 3572 3573
f 3573 3572 3574
f 3573 3574 3575
f 3575 3574 3576
f 3575 3576 3577
f 3577 3576 3578
f 3577 3578 3579
f 3579 3578 3580
f 3579 3580 3581
f 3581 3580 3582
f 3581 3582 3583
f 3583 3582 3584
f 3583 3584 3585
f 3583 3585 3586
f 3586 3585 3587
f 3586 3587 3588
f 3588 3587 3589
f 3588 3589 3590
f 3590 3589 3591
f 3590 3591 3592
f 3592 3591 3593
f 3592 3593 3594
f 3594 3593 3595
f 3594 3595 3596
f 3596 3595 3597
f 3596 3597 3598
f 3598 3597 3565
f 3598 3565 3567
f 3569 2853 3567
f 3567 2853 2855
f 3567 2855 3598
f 3598 2855 2857
f 3598 2857 3596
f 3596 2857 2950
f 3596 2950 3594
f 3594 2950 2948
f 3594 2948 3592
f 3592 2948 2947
f 3592 2947 3590
f 3590 2947 2943
f 3590 2943 3588
f 3588 2943 2823
f 3588 2823 3586
f 3586 2823 2822
f 3586 2822 3583
f 3583 2822 2841
f 3583 2841 3581
f 3581 2841 2843
f 3581 2843 3579
f 3579 2843 2845
f 3579 2845 3577
f 3577 2845 2846
f 3577 2846 3575
f 3575 2846 2848
f 3575 2848 3573
f 3573 2848 2850
f 3573 2850 3571
f 3571 2850 2851
f 3571 2851 3569
f 3569 2851 2853
f 3599 3600 3601
f 3601 3600 3602
f 3601 3602 3603
f 3603 3602 3604
f 3603 3604 3605
f 3605 3604 3606
f 3605 3606 3607
f 3607 3606 3608
f 3607 3608 3609
f 3609 3608 3610
f 3609 3610 3611
f 3611 3610 3612
f 3611 3612 3613
f 3613 3612 3614
f 3613 3614 3615
f 3615 3614 3616
f 3615 3616 3617
f 3617 3616 3618
f 3617 3618 3619
f 3617 3619 3620
f 3620 3619 3621
f 3620 3621 3622
f 3622 3621 3623
f 3622 3623 3624
f 3624 3623 3625
f 3624 3625 3626
f 3626 3625 3627
f 3626 3627 3628
f 3628 3627 3629
f 3628 3629 3630
f 3630 3629 3631
f 3630 3631 3632
f 3632 3631 3599
f 3632 3599 3601
f 3603 2872 3601
f 3601 2872 2874
f 3601 2874 3632
f 3632 2874 2875
f 3632 2875 3630
f 3630 2875 2877
f 3630 2877 3628
f 3628 2877 2879
f 3628 2879 3626
f 3626 2879 2952
f 3626 2952 3624
f 3624 2952 2920
f 3624 2920 3622
f 3622 2920 2921
f 3622 2921 3620
f 3620 2921 2922
f 3620 2922 3617
f 3617 2922 2861
f 3617 2861 3615
f 3615 2861 2858
f 3615 2858 3613
f 3613 2858 2863
f 3613 2863 3611
f 3611 2863 2865
f 3611 2865 3609
f 3609 2865 2867
f 3609 2867 3607
f 3607 2867 2869
f 3607 2869 3605
f 3605 2869 2870
f 3605 2870 3603
f 3603 2870 2872
f 3633 3634 3635
f 3635 3634 3636
f 3635 3636 3637
f 3637 3636 3638
f 3637 3638 3639
f 3639 3638 3640
f 3639 3640 3641
f 3641 3640 3642
f 3641 3642 3643
f 3643 3642 3644
f 3643 3644 3645
f 3645 3644 3646
f 3645 3646 3647
f 3647 3646 3648
f 3647 3648 3649
f 3649 3648 3650
f 3649 3650 3651
f 3651 3650 3652
f 3651 3652 3653
f 3651 3653 3654
f 3654 3653 3655
f 3654 3655 3656
f 3656 3655 3657
f 3656 3657 3658
f 3658 3657 3659
f 3658 3659 3660
f 3660 3659 3661
f 3660 3661 3662
f 3662 3661 3663
f 3662 3663 3664
f 3664 3663 3665
f 3664 3665 3666
f 3666 3665 3633
f 3666 3633 3635
f 3637 2714 3635
f 3635 2714 2713
f 3635 2713 3666
f 3666 2713 2711
f 3666 2711 3664
f 3664 2711 2715
f 3664 2715 3662
f 3662 2715 2717
f 3662 2717 3660
f 3660 2717 2718
f 3660 2718 3658
f 3658 2718 2720
f 3658 2720 3656
f 3656 2720 2955
f 3656 2955 3654
f 3654 2955 2888
f 3654 2888 3651
f 3651 2888 2887
f 3651 2887 3649
f 3649 2887 2885
f 3649 2885 3647
f 3647 2885 2882
f 3647 2882 3645
f 3645 2882 2880
f 3645 2880 3643
f 3643 2880 2890
f 3643 2890 3641
f 3641 2890 2892
f 3641 2892 3639
f 3639 2892 2893
f 3639 2893 3637
f 3637 2893 2714
f 3139 3140 3667
f 3667 3140 3141
f 3667 3141 3668
f 3668 3141 3142
f 3668 3142 3669
f 3669 3142 3143
f 3669 3143 3670
f 3670 3143 3145
f 3670 3145 3671
f 3671 3145 3147
f 3671 3147 3672
f 3672 3147 3180
f 3672 3180 3673
f 3673 3180 3166
f 3673 3166 3674
f 3674 3166 3165
f 3674 3165 3675
f 3675 3165 3164
f 3675 3164 3161
f 3675 3161 3676
f 3676 3161 3160
f 3676 3160 3677
f 3677 3160 3159
f 3677 3159 3678
f 3678 3159 3158
f 3678 3158 3679
f 3679 3158 3157
f 3679 3157 3680
f 3680 3157 3156
f 3680 3156 3681
f 3681 3156 3155
f 3681 3155 3682
f 3682 3155 3139
f 3682 3139 3667
f 3668 2725 3667
f 3667 2725 2727
f 3667 2727 3682
f 3682 2727 2728
f 3682 2728 3681
f 3681 2728 2730
f 3681 2730 3680
f 3680 2730 2732
f 3680 2732 3679
f 3679 2732 2733
f 3679 2733 3678
f 3678 2733 2735
f 3678 2735 3677
f 3677 2735 2737
f 3677 2737 3676
f 3676 2737 2739
f 3676 2739 3675
f 3675 2739 2909
f 3675 2909 3674
f 3674 2909 2910
f 3674 2910 3673
f 3673 2910 2911
f 3673 2911 3672
f 3672 2911 2912
f 3672 2912 3671
f 3671 2912 2959
f 3671 2959 3670
f 3670 2959 2722
f 3670 2722 3669
f 3669 2722 2723
f 3669 2723 3668
f 3668 2723 2725
f 3163 3683 3162
f 3162 3683 3684
f 3162 3684 3685
f 3685 3684 3686
f 3685 3686 3687
f 3687 3686 3688
f 3687 3688 3689
f 3689 3688 3690
f 3689 3690 3691
f 3691 3690 3692
f 3691 3692 3693
f 3693 3692 3694
f 3693 3694 3695
f 3695 3694 3696
f 3696 3694 3697
f 3696 3697 3698
f 3698 3697 3699
f 3698 3699 3700
f 3700 3699 3701
f 3700 3701 3702
f 3702 3701 3703
f 3702 3703 3704
f 3704 3703 3705
f 3704 3705 3176
f 3176 3705 3706
f 3176 3706 3174
f 3174 3706 3707
f 3174 3707 3173
f 3173 3707 3708
f 3173 3708 3171
f 3171 3708 3169
f 3169 3708 3709
f 3169 3709 3163
f 3163 3709 3683
f 2741 3684 2960
f 2960 3684 3683
f 2960 3683 2908
f 2908 3683 3709
f 2908 3709 2907
f 2907 3709 3708
f 2907 3708 2906
f 2906 3708 3707
f 2906 3707 2905
f 2905 3707 3706
f 2905 3706 2904
f 2904 3706 3705
f 2904 3705 2903
f 2903 3705 3703
f 2903 3703 2770
f 2770 3703 3701
f 2770 3701 2768
f 2768 3701 3699
f 2768 3699 2767
f 2767 3699 3697
f 2767 3697 2931
f 2931 3697 3694
f 2931 3694 2929
f 2929 3694 3692
f 2929 3692 2746
f 2746 3692 3690
f 2746 3690 2744
f 2744 3690 3688
f 2744 3688 2743
f 2743 3688 3686
f 2743 3686 2741
f 2741 3686 3684
f 3710 3711 3712
f 3712 3711 3713
f 3712 3713 3714
f 3714 3713 3715
f 3714 3715 3716
f 3716 3715 3717
f 3716 3717 3718
f 3718 3717 3719
f 3718 3719 3720
f 3720 3719 3721
f 3720 3721 3722
f 3722 3721 3723
f 3722 3723 3724
f 3724 3723 3725
f 3724 3725 3726
f 3726 3725 3727
f 3726 3727 3728
f 3728 3727 3729
f 3728 3729 3730
f 3728 3730 3731
f 3731 3730 3732
f 3731 3732 3733
f 3733 3732 3734
f 3733 3734 3735
f 3735 3734 3736
f 3735 3736 3737
f 3737 3736 3738
f 3737 3738 3739
f 3739 3738 3740
f 3739 3740 3741
f 3741 3740 3742
f 3741 3742 3743
f 3743 3742 3710
f 3743 3710 3712
f 2895 3735 2896
f 2896 3735 3737
f 2896 3737 2897
f 2897 3737 3739
f 2897 3739 2928
f 2928 3739 3741
f 2928 3741 2813
f 2813 3741 3743
f 2813 3743 2811
f 2811 3743 3712
f 2811 3712 2810
f 2810 3712 3714
f 2810 3714 2939
f 2939 3714 3716
f 2939 3716 2937
f 2937 3716 3718
f 2937 3718 2935
f 2935 3718 3720
f 2935 3720 2942
f 2942 3720 3722
f 2942 3722 2941
f 2941 3722 3724
f 2941 3724 2792
f 2792 3724 3726
f 2792 3726 2793
f 2793 3726 3728
f 2793 3728 2899
f 2899 3728 3731
f 2899 3731 2898
f 2898 3731 3733
f 2898 3733 2895
f 2895 3733 3735
f 3744 3745 3746
f 3746 3745 3747
f 3746 3747 3748
f 3748 3747 3749
f 3748 3749 3750
f 3750 3749 3751
f 3750 3751 3752
f 3752 3751 3753
f 3752 3753 3754
f 3754 3753 3755
f 3754 3755 3756
f 3756 3755 3757
f 3756 3757 3758
f 3758 3757 3759
f 3758 3759 3760
f 3760 3759 3761
f 3760 3761 3762
f 3762 3761 3763
f 3762 3763 3764
f 3762 3764 3765
f 3765 3764 3766
f 3765 3766 3767
f 3767 3766 3768
f 3767 3768 3769
f 3769 3768 3770
f 3769 3770 3771
f 3771 3770 3772
f 3771 3772 3773
f 3773 3772 3774
f 3773 3774 3775
f 3775 3774 3776
f 3775 3776 3777
f 3777 3776 3744
f 3777 3744 3746
f 2862 3769 2860
f 2860 3769 3771
f 2860 3771 2859
f 2859 3771 3773
f 2859 3773 2951
f 2951 3773 3775
f 2951 3775 2949
f 2949 3775 3777
f 2949 3777 2946
f 2946 3777 3746
f 2946 3746 2944
f 2944 3746 3748
f 2944 3748 2945
f 2945 3748 3750
f 2945 3750 2821
f 2821 3750 3752
f 2821 3752 2819
f 2819 3752 3754
f 2819 3754 2818
f 2818 3754 3756
f 2818 3756 2927
f 2927 3756 3758
f 2927 3758 2926
f 2926 3758 3760
f 2926 3760 2925
f 2925 3760 3762
f 2925 3762 2924
f 2924 3762 3765
f 2924 3765 2923
f 2923 3765 3767
f 2923 3767 2862
f 2862 3767 3769
f 3778 3779 3144
f 3144 3779 3780
f 3144 3780 3146
f 3146 3780 3781
f 3146 3781 3148
f 3148 3781 3782
f 3148 3782 3151
f 3151 3782 3153
f 3153 3782 3783
f 3153 3783 3154
f 3154 3783 3784
f 3154 3784 3221
f 3221 3784 3785
f 3221 3785 3786
f 3786 3785 3787
f 3786 3787 3788
f 3788 3787 3789
f 3788 3789 3790
f 3790 3789 3791
f 3790 3791 3792
f 3792 3791 3793
f 3792 3793 3794
f 3794 3793 3795
f 3794 3795 3796
f 3796 3795 3797
f 3797 3795 3798
f 3797 3798 3799
f 3799 3798 3800
f 3799 3800 3801
f 3801 3800 3802
f 3801 3802 3803
f 3803 3802 3804
f 3803 3804 3778
f 3778 3804 3779
f 2954 3802 2886
f 2886 3802 3800
f 2886 3800 2884
f 2884 3800 3798
f 2884 3798 2883
f 2883 3798 3795
f 2883 3795 2881
f 2881 3795 3793
f 2881 3793 2953
f 2953 3793 3791
f 2953 3791 2919
f 2919 3791 3789
f 2919 3789 2918
f 2918 3789 3787
f 2918 3787 2917
f 2917 3787 3785
f 2917 3785 2916
f 2916 3785 3784
f 2916 3784 2915
f 2915 3784 3783
f 2915 3783 2914
f 2914 3783 3782
f 2914 3782 2913
f 2913 3782 3781
f 2913 3781 2958
f 2958 3781 3780
f 2958 3780 2957
f 2957 3780 3779
f 2957 3779 2956
f 2956 3779 3804
f 2956 3804 2954
f 2954 3804 3802
f 3176 3162 3704
f 3704 3162 3685
f 3704 3685 3687
f 3704 3687 3702
f 3702 3687 3689
f 3702 3689 3700
f 3700 3689 3691
f 3700 3691 3698
f 3698 3691 3693
f 3698 3693 3696
f 3696 3693 3695
f 3744 3755 3745
f 3745 3755 3753
f 3745 3753 3747
f 3747 3753 3751
f 3747 3751 3749
f 3755 3744 3757
f 3757 3744 3776
f 3757 3776 3759
f 3759 3776 3774
f 3759 3774 3761
f 3761 3774 3772
f 3761 3772 3763
f 3763 3772 3770
f 3763 3770 3764
f 3764 3770 3768
f 3764 3768 3766
f 3710 3721 3711
f 3711 3721 3719
f 3711 3719 3713
f 3713 3719 3717
f 3713 3717 3715
f 3721 3710 3723
f 3723 3710 3742
f 3723 3742 3725
f 3725 3742 3740
f 3725 3740 3727
f 3727 3740 3738
f 3727 3738 3729
f 3729 3738 3736
f 3729 3736 3730
f 3730 3736 3734
f 3730 3734 3732
f 3633 3805 3634
f 3634 3805 3806
f 3634 3806 3636
f 3636 3806 3807
f 3636 3807 3638
f 3638 3807 3808
f 3638 3808 3640
f 3640 3808 3809
f 3640 3809 3642
f 3642 3809 3810
f 3642 3810 3644
f 3644 3810 3811
f 3644 3811 3646
f 3646 3811 3812
f 3646 3812 3648
f 3648 3812 3813
f 3648 3813 3650
f 3650 3813 3814
f 3650 3814 3652
f 3652 3814 3815
f 3652 3815 3653
f 3653 3815 3816
f 3653 3816 3655
f 3655 3816 3817
f 3655 3817 3657
f 3657 3817 3818
f 3657 3818 3659
f 3659 3818 3819
f 3659 3819 3661
f 3661 3819 3820
f 3661 3820 3663
f 3663 3820 3821
f 3663 3821 3665
f 3665 3821 3822
f 3665 3822 3633
f 3633 3822 3805
f 3599 3823 3600
f 3600 3823 3824
f 3600 3824 3602
f 3602 3824 3825
f 3602 3825 3604
f 3604 3825 3826
f 3604 3826 3606
f 3606 3826 3827
f 3606 3827 3608
f 3608 3827 3828
f 3608 3828 3610
f 3610 3828 3829
f 3610 3829 3612
f 3612 3829 3830
f 3612 3830 3614
f 3614 3830 3831
f 3614 3831 3616
f 3616 3831 3832
f 3616 3832 3618
f 3618 3832 3833
f 3618 3833 3619
f 3619 3833 3834
f 3619 3834 3621
f 3621 3834 3835
f 3621 3835 3623
f 3623 3835 3836
f 3623 3836 3625
f 3625 3836 3837
f 3625 3837 3627
f 3627 3837 3838
f 3627 3838 3629
f 3629 3838 3839
f 3629 3839 3631
f 3631 3839 3840
f 3631 3840 3599
f 3599 3840 3823
f 3565 3841 3566
f 3566 3841 3842
f 3566 3842 3568
f 3568 3842 3843
f 3568 3843 3570
f 3570 3843 3844
f 3570 3844 3572
f 3572 3844 3845
f 3572 3845 3574
f 3574 3845 3846
f 3574 3846 3576
f 3576 3846 3847
f 3576 3847 3578
f 3578 3847 3848
f 3578 3848 3580
f 3580 3848 3849
f 3580 3849 3582
f 3582 3849 3850
f 3582 3850 3584
f 3584 3850 3851
f 3584 3851 3585
f 3585 3851 3852
f 3585 3852 3587
f 3587 3852 3853
f 3587 3853 3589
f 3589 3853 3854
f 3589 3854 3591
f 3591 3854 3855
f 3591 3855 3593
f 3593 3855 3856
f 3593 3856 3595
f 3595 3856 3857
f 3595 3857 3597
f 3597 3857 3858
f 3597 3858 3565
f 3565 3858 3841
f 3531 3859 3532
f 3532 3859 3860
f 3532 3860 3534
f 3534 3860 3861
f 3534 3861 3536
f 3536 3861 3862
f 3536 3862 3538
f 3538 3862 3863
f 3538 3863 3540
f 3540 3863 3864
f 3540 3864 3542
f 3542 3864 3865
f 3542 3865 3544
f 3544 3865 3866
f 3544 3866 3546
f 3546 3866 3867
f 3546 3867 3548
f 3548 3867 3868
f 3548 3868 3550
f 3550 3868 3869
f 3550 3869 3551
f 3551 3869 3870
f 3551 3870 3553
f 3553 3870 3871
f 3553 3871 3555
f 3555 3871 3872
f 3555 3872 3557
f 3557 3872 3873
f 3557 3873 3559
f 3559 3873 3874
f 3559 3874 3561
f 3561 3874 3875
f 3561 3875 3563
f 3563 3875 3876
f 3563 3876 3531
f 3531 3876 3859
f 3497 3877 3498
f 3498 3877 3878
f 3498 3878 3500
f 3500 3878 3879
f 3500 3879 3502
f 3502 3879 3880
f 3502 3880 3504
f 3504 3880 3881
f 3504 3881 3506
f 3506 3881 3882
f 3506 3882 3508
f 3508 3882 3883
f 3508 3883 3510
f 3510 3883 3884
f 3510 3884 3512
f 3512 3884 3885
f 3512 3885 3514
f 3514 3885 3886
f 3514 3886 3516
f 3516 3886 3887
f 3516 3887 3517
f 3517 3887 3888
f 3517 3888 3519
f 3519 3888 3889
f 3519 3889 3521
f 3521 3889 3890
f 3521 3890 3523
f 3523 3890 3891
f 3523 3891 3525
f 3525 3891 3892
f 3525 3892 3527
f 3527 3892 3893
f 3527 3893 3529
f 3529 3893 3894
f 3529 3894 3497
f 3497 3894 3877
f 3463 3895 3464
f 3464 3895 3896
f 3464 3896 3466
f 3466 3896 3897
f 3466 3897 3468
f 3468 3897 3898
f 3468 3898 3470
f 3470 3898 3899
f 3470 3899 3472
f 3472 3899 3900
f 3472 3900 3474
f 3474 3900 3901
f 3474 3901 3476
f 3476 3901 3902
f 3476 3902 3478
f 3478 3902 3903
f 3478 3903 3480
f 3480 3903 3904
f 3480 3904 3482
f 3482 3904 3905
f 3482 3905 3483
f 3483 3905 3906
f 3483 3906 3485
f 3485 3906 3907
f 3485 3907 3487
f 3487 3907 3908
f 3487 3908 3489
f 3489 3908 3909
f 3489 3909 3491
f 3491 3909 3910
f 3491 3910 3493
f 3493 3910 3911
f 3493 3911 3495
f 3495 3911 3912
f 3495 3912 3463
f 3463 3912 3895
f 3429 3913 3430
f 3430 3913 3914
f 3430 3914 3432
f 3432 3914 3915
f 3432 3915 3434
f 3434 3915 3916
f 3434 3916 3436
f 3436 3916 3917
f 3436 3917 3438
f 3438 3917 3918
f 3438 3918 3440
f 3440 3918 3919
f 3440 3919 3442
f 3442 3919 3920
f 3442 3920 3444
f 3444 3920 3921
f 3444 3921 3446
f 3446 3921 3922
f 3446 3922 3448
f 3448 3922 3923
f 3448 3923 3449
f 3449 3923 3924
f 3449 3924 3451
f 3451 3924 3925
f 3451 3925 3453
f 3453 3925 3926
f 3453 3926 3455
f 3455 3926 3927
f 3455 3927 3457
f 3457 3927 3928
f 3457 3928 3459
f 3459 3928 3929
f 3459 3929 3461
f 3461 3929 3930
f 3461 3930 3429
f 3429 3930 3913
f 3221 3786 3144
f 3144 3786 3778
f 3778 3786 3803
f 3803 3786 3788
f 3803 3788 3801
f 3801 3788 3790
f 3801 3790 3799
f 3799 3790 3792
f 3799 3792 3797
f 3797 3792 3794
f 3797 3794 3796
f 3931 3088 3932
f 3932 3088 3089
f 3932 3089 3933
f 3933 3089 3090
f 3933 3090 3934
f 3934 3090 3091
f 3934 3091 3935
f 3935 3091 3092
f 3935 3092 3936
f 3936 3092 3093
f 3936 3093 3937
f 3937 3093 3094
f 3937 3094 3938
f 3938 3094 3095
f 3938 3095 3939
f 3939 3095 3096
f 3939 3096 3940
f 3940 3096 3097
f 3940 3097 3941
f 3941 3097 3098
f 3941 3098 3942
f 3942 3098 3099
f 3942 3099 3943
f 3943 3099 3100
f 3943 3100 3944
f 3944 3100 3101
f 3944 3101 3945
f 3945 3101 3102
f 3945 3102 3946
f 3946 3102 3103
f 3946 3103 3947
f 3947 3103 3104
f 3947 3104 3948
f 3948 3104 3105
f 3948 3105 3949
f 3949 3105 3106
f 3949 3106 3950
f 3950 3106 3107
f 3950 3107 3951
f 3951 3107 3108
f 3951 3108 3952
f 3952 3108 3109
f 3952 3109 3953
f 3953 3109 3110
f 3953 3110 3954
f 3954 3110 3111
f 3954 3111 3955
f 3955 3111 3112
f 3955 3112 3956
f 3956 3112 3113
f 3956 3113 3957
f 3957 3113 3114
f 3957 3114 3115
f 3957 3115 3958
f 3958 3115 3116
f 3958 3116 3959
f 3959 3116 3117
f 3959 3117 3960
f 3960 3117 3118
f 3960 3118 3961
f 3961 3118 3119
f 3961 3119 3962
f 3962 3119 3120
f 3962 3120 3963
f 3963 3120 3121
f 3963 3121 3964
f 3964 3121 3122
f 3964 3122 3965
f 3965 3122 3123
f 3965 3123 3966
f 3966 3123 3124
f 3966 3124 3967
f 3967 3124 3125
f 3967 3125 3968
f 3968 3125 3126
f 3968 3126 3969
f 3969 3126 3127
f 3969 3127 3970
f 3970 3127 3128
f 3970 3128 3971
f 3971 3128 3129
f 3971 3129 3972
f 3972 3129 3130
f 3972 3130 3973
f 3973 3130 3131
f 3973 3131 3974
f 3974 3131 3132
f 3974 3132 3975
f 3975 3132 3133
f 3975 3133 3976
f 3976 3133 3134
f 3976 3134 3977
f 3977 3134 3135
f 3977 3135 3978
f 3978 3135 3136
f 3978 3136 3979
f 3979 3136 3137
f 3979 3137 3980
f 3980 3137 3138
f 3980 3138 3981
f 3981 3138 3079
f 3981 3079 3982
f 3982 3079 3080
f 3982 3080 3983
f 3984 3985 3986
f 3986 3985 3987
f 3986 3987 3988
f 3988 3987 3989
f 3988 3989 3990
f 3990 3989 3991
f 3990 3991 3992
f 3992 3991 3993
f 3992 3993 3994
f 3994 3993 3995
f 3994 3995 3996
f 3996 3995 3997
f 3996 3997 3998
f 3985 3984 3999
f 3999 3984 4000
f 3999 4000 4001
f 4001 4000 4002
f 4001 4002 4003
f 4003 4002 4004
f 4003 4004 4005
f 4005 4004 4006
f 4005 4006 4007
f 4007 4006 4008
f 4007 4008 4009
f 4009 4008 4010
f 4009 4010 4011
f 4011 4010 4012
f 4011 4012 4013
f 4013 4012 4014
f 4013 4014 4015
f 4015 4014 4016
f 4015 4016 4017
f 4017 4016 4018
f 4017 4018 4019
f 4019 4018 4020
f 4019 4020 4021
f 4021 4020 4022
f 4021 4022 4023
f 4023 4022 4024
f 4023 4024 4025
f 4025 4024 4026
f 4025 4026 4027
f 4027 4026 4028
f 4027 4028 4029
f 4029 4028 4030
f 4029 4030 4031
f 4031 4030 4032
f 4031 4032 4033
f 4033 4032 4034
f 4033 4034 4035
f 4035 4034 4036
f 4035 4036 4037
f 4037 4036 4038
f 4037 4038 4039
f 4039 4038 4040
f 4039 4040 4041
f 4041 4040 4042
f 4041 4042 4043
f 4043 4042 4044
f 4043 4044 4045
f 4045 4044 4046
f 4045 4046 4047
f 4047 4046 4048
f 4047 4048 4049
f 4006 4050 4008
f 4008 4050 4051
f 4008 4051 4010
f 4010 4051 4052
f 4010 4052 4012
f 4012 4052 4053
f 4012 4053 4014
f 4014 4053 4054
f 4014 4054 4016
f 4016 4054 4018
f 4050 4055 4051
f 4051 4055 4056
f 4051 4056 4052
f 4052 4056 4057
f 4052 4057 4053
f 4053 4057 4058
f 4053 4058 4054
f 4054 4058 4059
f 4054 4059 4018
f 4018 4059 4020
f 4055 4060 4056
f 4056 4060 4061
f 4056 4061 4057
f 4057 4061 4062
f 4057 4062 4058
f 4058 4062 4063
f 4058 4063 4059
f 4059 4063 4064
f 4059 4064 4020
f 4020 4064 4022
f 4060 4065 4061
f 4061 4065 4066
f 4061 4066 4062
f 4062 4066 4067
f 4062 4067 4063
f 4063 4067 4068
f 4063 4068 4064
f 4064 4068 4069
f 4064 4069 4022
f 4022 4069 4024
f 4066 4065 4070
f 4070 4065 4071
f 4070 4071 4072
f 4072 4071 4073
f 4072 4073 4074
f 4074 4073 4075
f 4074 4075 4076
f 4076 4075 4077
f 4076 4077 4078
f 4078 4077 4079
f 4078 4079 4080
f 4080 4079 4081
f 4080 4081 4082
f 4082 4081 4083
f 4082 4083 4084
f 4084 4083 4085
f 4084 4085 4086
f 4086 4085 4087
f 4086 4087 4036
f 4036 4087 4038
f 4079 4088 4081
f 4081 4088 4089
f 4081 4089 4083
f 4083 4089 4090
f 4083 4090 4085
f 4085 4090 4091
f 4085 4091 4087
f 4087 4091 4040
f 4087 4040 4038
f 4088 4092 4089
f 4089 4092 4093
f 4089 4093 4090
f 4090 4093 4094
f 4090 4094 4091
f 4091 4094 4042
f 4091 4042 4040
f 4092 4095 4093
f 4093 4095 4096
f 4093 4096 4094
f 4094 4096 4044
f 4094 4044 4042
f 4095 4048 4096
f 4096 4048 4046
f 4096 4046 4044
f 4047 4049 4097
f 4097 4049 4098
f 4097 4098 4099
f 4099 4098 4100
f 4099 4100 4101
f 4101 4100 4102
f 4101 4102 4103
f 4103 4102 4104
f 4103 4104 4105
f 4105 4104 4106
f 4105 4106 4107
f 4107 4106 4108
f 4107 4108 4109
f 4109 4108 4110
f 4109 4110 4111
f 4111 4110 4112
f 4111 4112 4113
f 4113 4112 4114
f 4113 4114 4115
f 4115 4114 4116
f 4115 4116 4117
f 4117 4116 4118
f 4117 4118 4119
f 4119 4118 4120
f 4119 4120 4121
f 4121 4120 4122
f 4121 4122 4123
f 4123 4122 4124
f 4123 4124 4125
f 4125 4124 4126
f 4125 4126 4127
f 4127 4126 4128
f 4127 4128 4129
f 4129 4128 4130
f 4129 4130 4131
f 4131 4130 4132
f 4131 4132 4133
f 4133 4132 4134
f 4133 4134 4135
f 4135 4134 4136
f 4135 4136 4137
f 4137 4136 4138
f 4137 4138 4139
f 4139 4138 4140
f 4139 4140 4141
f 4141 4140 4142
f 4141 4142 4143
f 4143 4142 4144
f 4143 4144 4145
f 4145 4144 4146
f 4145 4146 4147
f 4147 4146 4148
f 4147 4148 4149
f 4149 4148 4150
f 4149 4150 4151
f 4151 4150 4152
f 4151 4152 4153
f 4153 4152 4154
f 4153 4154 4155
f 4155 4154 4156
f 4155 4156 4157
f 4157 4156 4158
f 4157 4158 4159
f 4159 4158 3994
f 4159 3994 3996
f 4102 4160 4104
f 4104 4160 4161
f 4104 4161 4106
f 4106 4161 4162
f 4106 4162 4108
f 4108 4162 4163
f 4108 4163 4110
f 4110 4163 4164
f 4110 4164 4112
f 4112 4164 4114
f 4160 4165 4161
f 4161 4165 4166
f 4161 4166 4162
f 4162 4166 4167
f 4162 4167 4163
f 4163 4167 4168
f 4163 4168 4164
f 4164 4168 4169
f 4164 4169 4114
f 4114 4169 4116
f 4165 4170 4166
f 4166 4170 4171
f 4166 4171 4167
f 4167 4171 4172
f 4167 4172 4168
f 4168 4172 4173
f 4168 4173 4169
f 4169 4173 4174
f 4169 4174 4116
f 4116 4174 4118
f 4170 4175 4171
f 4171 4175 4176
f 4171 4176 4172
f 4172 4176 4177
f 4172 4177 4173
f 4173 4177 4178
f 4173 4178 4174
f 4174 4178 4179
f 4174 4179 4118
f 4118 4179 4120
f 4175 4180 4176
f 4176 4180 4181
f 4176 4181 4177
f 4177 4181 4182
f 4177 4182 4178
f 4178 4182 4183
f 4178 4183 4179
f 4179 4183 4184
f 4179 4184 4120
f 4120 4184 4122
f 4181 4180 4185
f 4185 4180 4186
f 4185 4186 4187
f 4187 4186 4188
f 4187 4188 4189
f 4189 4188 4190
f 4189 4190 4191
f 4191 4190 4192
f 4191 4192 4193
f 4193 4192 4194
f 4193 4194 4195
f 4195 4194 4196
f 4195 4196 4197
f 4197 4196 4198
f 4197 4198 4199
f 4199 4198 4200
f 4199 4200 4132
f 4132 4200 4134
f 4192 4201 4194
f 4194 4201 4202
f 4194 4202 4196
f 4196 4202 4203
f 4196 4203 4198
f 4198 4203 4204
f 4198 4204 4200
f 4200 4204 4136
f 4200 4136 4134
f 4201 4205 4202
f 4202 4205 4206
f 4202 4206 4203
f 4203 4206 4207
f 4203 4207 4204
f 4204 4207 4138
f 4204 4138 4136
f 4205 4208 4206
f 4206 4208 4209
f 4206 4209 4207
f 4207 4209 4140
f 4207 4140 4138
f 4208 4210 4209
f 4209 4210 4142
f 4209 4142 4140
f 4210 4144 4142
f 4152 4211 4154
f 4154 4211 4212
f 4154 4212 4156
f 4156 4212 4213
f 4156 4213 4158
f 4158 4213 3992
f 4158 3992 3994
f 4211 4214 4212
f 4212 4214 4215
f 4212 4215 4213
f 4213 4215 3990
f 4213 3990 3992
f 4214 4216 4215
f 4215 4216 3988
f 4215 3988 3990
f 4216 3986 3988
f 3996 3998 4217
f 4217 3998 4218
f 4217 4218 4219
f 4219 4218 4220
f 4219 4220 4221
f 4221 4220 4222
f 4221 4222 4223
f 4223 4222 4224
f 4223 4224 4225
f 4225 4224 4226
f 4225 4226 4227
f 4227 4226 4228
f 4227 4228 4229
f 4229 4228 4230
f 4229 4230 4231
f 4231 4230 4232
f 4231 4232 4135
f 4135 4232 4133
f 4113 4233 4111
f 4111 4233 4234
f 4111 4234 4109
f 4109 4234 4235
f 4109 4235 4107
f 4107 4235 4236
f 4107 4236 4105
f 4105 4236 4237
f 4105 4237 4103
f 4103 4237 4101
f 4233 4238 4234
f 4234 4238 4239
f 4234 4239 4235
f 4235 4239 4240
f 4235 4240 4236
f 4236 4240 4241
f 4236 4241 4237
f 4237 4241 4242
f 4237 4242 4101
f 4101 4242 4099
f 4238 4243 4239
f 4239 4243 4244
f 4239 4244 4240
f 4240 4244 4245
f 4240 4245 4241
f 4241 4245 4246
f 4241 4246 4242
f 4242 4246 4247
f 4242 4247 4099
f 4099 4247 4097
f 4243 4248 4244
f 4244 4248 4249
f 4244 4249 4245
f 4245 4249 4250
f 4245 4250 4246
f 4246 4250 4251
f 4246 4251 4247
f 4247 4251 4252
f 4247 4252 4097
f 4097 4252 4047
f 4248 4253 4249
f 4249 4253 4254
f 4249 4254 4250
f 4250 4254 4255
f 4250 4255 4251
f 4251 4255 4256
f 4251 4256 4252
f 4252 4256 4045
f 4252 4045 4047
f 4253 4257 4254
f 4254 4257 4258
f 4254 4258 4255
f 4255 4258 4259
f 4255 4259 4256
f 4256 4259 4043
f 4256 4043 4045
f 4257 4260 4258
f 4258 4260 4261
f 4258 4261 4259
f 4259 4261 4041
f 4259 4041 4043
f 4260 4262 4261
f 4261 4262 4039
f 4261 4039 4041
f 4262 4037 4039
f 4017 4263 4015
f 4015 4263 4264
f 4015 4264 4013
f 4013 4264 4265
f 4013 4265 4011
f 4011 4265 4266
f 4011 4266 4009
f 4009 4266 4267
f 4009 4267 4007
f 4007 4267 4005
f 4263 4268 4264
f 4264 4268 4269
f 4264 4269 4265
f 4265 4269 4270
f 4265 4270 4266
f 4266 4270 4271
f 4266 4271 4267
f 4267 4271 4272
f 4267 4272 4005
f 4005 4272 4003
f 4268 4273 4269
f 4269 4273 4274
f 4269 4274 4270
f 4270 4274 4275
f 4270 4275 4271
f 4271 4275 4276
f 4271 4276 4272
f 4272 4276 4277
f 4272 4277 4003
f 4003 4277 4001
f 4273 4278 4274
f 4274 4278 4279
f 4274 4279 4275
f 4275 4279 4280
f 4275 4280 4276
f 4276 4280 4281
f 4276 4281 4277
f 4277 4281 4282
f 4277 4282 4001
f 4001 4282 3999
f 4278 4283 4279
f 4279 4283 4284
f 4279 4284 4280
f 4280 4284 4285
f 4280 4285 4281
f 4281 4285 4286
f 4281 4286 4282
f 4282 4286 4287
f 4282 4287 3999
f 3999 4287 3985
f 4283 4288 4284
f 4284 4288 4289
f 4284 4289 4285
f 4285 4289 4290
f 4285 4290 4286
f 4286 4290 4291
f 4286 4291 4287
f 4287 4291 4292
f 4287 4292 3985
f 3985 4292 3987
f 4288 4293 4289
f 4289 4293 4294
f 4289 4294 4290
f 4290 4294 4295
f 4290 4295 4291
f 4291 4295 4296
f 4291 4296 4292
f 4292 4296 3989
f 4292 3989 3987
f 4293 4297 4294
f 4294 4297 4298
f 4294 4298 4295
f 4295 4298 4299
f 4295 4299 4296
f 4296 4299 3991
f 4296 3991 3989
f 4297 4300 4298
f 4298 4300 4301
f 4298 4301 4299
f 4299 4301 3993
f 4299 3993 3991
f 4300 3997 4301
f 4301 3997 3995
f 4301 3995 3993
f 4066 4070 4067
f 4067 4070 4302
f 4067 4302 4068
f 4068 4302 4303
f 4068 4303 4069
f 4069 4303 4304
f 4069 4304 4024
f 4024 4304 4026
f 4070 4072 4302
f 4302 4072 4305
f 4302 4305 4303
f 4303 4305 4306
f 4303 4306 4304
f 4304 4306 4307
f 4304 4307 4026
f 4026 4307 4028
f 4072 4074 4305
f 4305 4074 4308
f 4305 4308 4306
f 4306 4308 4309
f 4306 4309 4307
f 4307 4309 4310
f 4307 4310 4028
f 4028 4310 4030
f 4074 4076 4308
f 4308 4076 4311
f 4308 4311 4309
f 4309 4311 4312
f 4309 4312 4310
f 4310 4312 4313
f 4310 4313 4030
f 4030 4313 4032
f 4076 4078 4311
f 4311 4078 4314
f 4311 4314 4312
f 4312 4314 4315
f 4312 4315 4313
f 4313 4315 4316
f 4313 4316 4032
f 4032 4316 4034
f 4080 4082 4314
f 4314 4082 4315
f 4316 4315 4084
f 4084 4315 4082
f 4078 4080 4314
f 4034 4316 4086
f 4086 4316 4084
f 4036 4034 4086
f 4181 4185 4182
f 4182 4185 4317
f 4182 4317 4183
f 4183 4317 4318
f 4183 4318 4184
f 4184 4318 4319
f 4184 4319 4122
f 4122 4319 4124
f 4185 4187 4317
f 4317 4187 4320
f 4317 4320 4318
f 4318 4320 4321
f 4318 4321 4319
f 4319 4321 4322
f 4319 4322 4124
f 4124 4322 4126
f 4187 4189 4320
f 4320 4189 4323
f 4320 4323 4321
f 4321 4323 4324
f 4321 4324 4322
f 4322 4324 4325
f 4322 4325 4126
f 4126 4325 4128
f 4189 4191 4323
f 4323 4191 4326
f 4323 4326 4324
f 4324 4326 4327
f 4324 4327 4325
f 4325 4327 4328
f 4325 4328 4128
f 4128 4328 4130
f 4193 4195 4326
f 4326 4195 4327
f 4328 4327 4197
f 4197 4327 4195
f 4191 4193 4326
f 4130 4328 4199
f 4199 4328 4197
f 4132 4130 4199
f 4141 4143 4329
f 4329 4143 4145
f 4329 4145 4330
f 4330 4145 4147
f 4330 4147 4331
f 4331 4147 4149
f 4331 4149 4332
f 4332 4149 4151
f 4332 4151 4333
f 4333 4151 4153
f 4333 4153 4155
f 4139 4141 4334
f 4334 4141 4329
f 4334 4329 4335
f 4335 4329 4330
f 4335 4330 4336
f 4336 4330 4331
f 4336 4331 4337
f 4337 4331 4332
f 4337 4332 4338
f 4338 4332 4333
f 4338 4333 4339
f 4339 4333 4155
f 4339 4155 4157
f 4137 4139 4340
f 4340 4139 4334
f 4340 4334 4341
f 4341 4334 4335
f 4341 4335 4342
f 4342 4335 4336
f 4342 4336 4343
f 4343 4336 4337
f 4343 4337 4344
f 4344 4337 4338
f 4344 4338 4345
f 4345 4338 4339
f 4345 4339 4346
f 4346 4339 4157
f 4346 4157 4159
f 4135 4137 4231
f 4231 4137 4340
f 4231 4340 4229
f 4229 4340 4341
f 4229 4341 4227
f 4227 4341 4342
f 4227 4342 4225
f 4225 4342 4343
f 4225 4343 4223
f 4223 4343 4344
f 4223 4344 4221
f 4221 4344 4345
f 4221 4345 4219
f 4219 4345 4346
f 4219 4346 4217
f 4217 4346 4159
f 4217 4159 3996
f 4347 4300 4348
f 4348 4300 4297
f 4348 4297 4293
f 4349 4129 4347
f 4347 4129 4131
f 4347 4131 4133
f 4350 4253 4349
f 4349 4253 4248
f 4349 4248 4243
f 4348 4021 4350
f 4350 4021 4023
f 4350 4023 4025
f 3998 3997 4347
f 4347 3997 4300
f 4293 4288 4348
f 4348 4288 4283
f 4348 4283 4278
f 4278 4273 4348
f 4348 4273 4268
f 4348 4268 4263
f 4263 4017 4348
f 4348 4017 4019
f 4348 4019 4021
f 4025 4027 4350
f 4350 4027 4029
f 4350 4029 4031
f 4031 4033 4350
f 4350 4033 4035
f 4350 4035 4037
f 4037 4262 4350
f 4350 4262 4260
f 4350 4260 4257
f 4257 4253 4350
f 4243 4238 4349
f 4349 4238 4233
f 4349 4233 4113
f 4113 4115 4349
f 4349 4115 4117
f 4349 4117 4119
f 4119 4121 4349
f 4349 4121 4123
f 4349 4123 4125
f 4125 4127 4349
f 4349 4127 4129
f 4133 4232 4347
f 4347 4232 4230
f 4347 4230 4228
f 4228 4226 4347
f 4347 4226 4224
f 4347 4224 4222
f 4222 4220 4347
f 4347 4220 4218
f 4347 4218 3998
f 4216 4160 3986
f 3986 4160 4102
f 3986 4102 3984
f 3984 4102 4100
f 3984 4100 4000
f 4000 4100 4098
f 4000 4098 4002
f 4002 4098 4049
f 4002 4049 4004
f 4004 4049 4048
f 4004 4048 4006
f 4006 4048 4095
f 4006 4095 4050
f 4050 4095 4092
f 4050 4092 4055
f 4055 4092 4088
f 4055 4088 4060
f 4060 4088 4079
f 4060 4079 4065
f 4065 4079 4077
f 4065 4077 4071
f 4071 4077 4075
f 4071 4075 4073
f 4160 4216 4165
f 4165 4216 4214
f 4165 4214 4170
f 4170 4214 4211
f 4170 4211 4175
f 4175 4211 4152
f 4175 4152 4180
f 4180 4152 4150
f 4180 4150 4186
f 4186 4150 4148
f 4186 4148 4188
f 4188 4148 4146
f 4188 4146 4190
f 4190 4146 4144
f 4190 4144 4192
f 4192 4144 4210
f 4192 4210 4201
f 4201 4210 4208
f 4201 4208 4205
f 3983 3080 4351
f 4351 3080 3162
f 4351 3162 4352
f 4352 3162 3176
f 4352 3176 3192
f 3931 4353 3088
f 3088 4353 3144
f 3144 4353 4354
f 3144 4354 3221
f 3221 4354 3219
f 4351 4355 3983
f 3983 4355 3982
f 3982 4355 4356
f 3982 4356 3981
f 3981 4356 4357
f 3981 4357 3980
f 3980 4357 4358
f 3980 4358 3979
f 3979 4358 4359
f 3979 4359 3978
f 3978 4359 4360
f 3978 4360 3977
f 3977 4360 4361
f 3977 4361 3976
f 3976 4361 4362
f 3976 4362 3975
f 3975 4362 4363
f 3975 4363 3974
f 3974 4363 4364
f 3974 4364 3973
f 3973 4364 4365
f 3973 4365 3972
f 3972 4365 4366
f 3972 4366 3971
f 3971 4366 4367
f 3971 4367 3970
f 3970 4367 4368
f 3970 4368 3969
f 3969 4368 4369
f 3969 4369 3968
f 3968 4369 4370
f 3968 4370 3967
f 3967 4370 4371
f 3967 4371 3966
f 3966 4371 4372
f 3966 4372 3965
f 3965 4372 4373
f 3965 4373 3964
f 3964 4373 4374
f 3964 4374 3963
f 3963 4374 4375
f 3963 4375 3962
f 3962 4375 4376
f 3962 4376 3961
f 3961 4376 4377
f 3961 4377 3960
f 3960 4377 4378
f 3960 4378 3959
f 3959 4378 4379
f 3959 4379 3958
f 3958 4379 4380
f 3958 4380 3957
f 3957 4380 4381
f 3957 4381 4382
f 3957 4382 3956
f 3956 4382 4383
f 3956 4383 3955
f 3955 4383 4384
f 3955 4384 3954
f 3954 4384 4385
f 3954 4385 3953
f 3953 4385 4386
f 3953 4386 3952
f 3952 4386 4387
f 3952 4387 3951
f 3951 4387 4388
f 3951 4388 3950
f 3950 4388 4389
f 3950 4389 3949
f 3949 4389 4390
f 3949 4390 3948
f 3948 4390 4391
f 3948 4391 3947
f 3947 4391 4392
f 3947 4392 3946
f 3946 4392 4393
f 3946 4393 3945
f 3945 4393 4394
f 3945 4394 3944
f 3944 4394 4395
f 3944 4395 3943
f 3943 4395 4396
f 3943 4396 3942
f 3942 4396 4397
f 3942 4397 3941
f 3941 4397 4398
f 3941 4398 3940
f 3940 4398 4399
f 3940 4399 3939
f 3939 4399 4400
f 3939 4400 3938
f 3938 4400 4401
f 3938 4401 3937
f 3937 4401 4402
f 3937 4402 3936
f 3936 4402 4403
f 3936 4403 3935
f 3935 4403 4404
f 3935 4404 3934
f 3934 4404 4405
f 3934 4405 3933
f 3933 4405 4406
f 3933 4406 3932
f 3932 4406 4407
f 3932 4407 3931
f 3931 4407 4353
f 4408 4404 4409
f 4409 4404 4403
f 4409 4403 4402
f 4404 4408 4405
f 4405 4408 4410
f 4405 4410 4406
f 4406 4410 4411
f 4406 4411 4407
f 4407 4411 4412
f 4407 4412 4353
f 4353 4412 4413
f 4353 4413 4414
f 4414 4415 4353
f 4353 4415 4416
f 4353 4416 4417
f 4417 4416 4418
f 4417 4418 4419
f 4417 4419 4420
f 4420 4419 4421
f 4420 4421 4351
f 4351 4421 4422
f 4351 4422 4423
f 4423 4424 4351
f 4351 4424 4425
f 4351 4425 4355
f 4355 4425 4426
f 4355 4426 4356
f 4356 4426 4427
f 4356 4427 4357
f 4357 4427 4428
f 4357 4428 4358
f 4358 4428 4429
f 4358 4429 4359
f 4359 4429 4360
f 4360 4429 4361
f 4361 4429 4362
f 4362 4429 4363
f 4363 4429 4364
f 4364 4429 4365
f 4365 4429 4366
f 4352 4430 4351
f 4351 4430 4431
f 4351 4431 4432
f 4432 4433 4351
f 4351 4433 4434
f 4351 4434 4435
f 4351 4435 4436
f 4436 4435 4437
f 4436 4437 4438
f 4438 4437 4439
f 4438 4439 4440
f 4440 4439 4441
f 4440 4441 4442
f 4442 4441 4443
f 4442 4443 4444
f 4444 4443 4445
f 4444 4445 4446
f 4446 4445 4447
f 4446 4447 4353
f 4353 4447 4448
f 4353 4448 4449
f 4449 4450 4353
f 4353 4450 4451
f 4353 4451 4452
f 4452 4354 4353
f 4402 4401 4409
f 4409 4401 4400
f 4409 4400 4399
f 4399 4398 4409
f 4409 4398 4397
f 4409 4397 4396
f 4453 4454 4351
f 4351 4454 4455
f 4351 4455 4456
f 4456 4457 4351
f 4351 4457 4420
f 4417 4458 4353
f 4353 4458 4459
f 4353 4459 4460
f 4460 4461 4353
f 4353 4461 4462
f 4353 4462 4446
f 4436 4453 4351
f 4463 4464 4465
f 4465 4464 4466
f 4467 4468 4469
f 4469 4468 4470
f 4463 4471 4464
f 4464 4471 4472
f 4464 4472 4473
f 4474 4475 4463
f 4463 4475 4476
f 4463 4476 4471
f 4475 4474 4477
f 4477 4474 4478
f 4477 4478 4479
f 4479 4478 4480
f 4479 4480 4481
f 4481 4480 4482
f 4482 4480 4483
f 4482 4483 4484
f 4484 4483 4485
f 4485 4483 4486
f 4485 4486 4487
f 4487 4486 4488
f 4487 4488 4489
f 4489 4488 4490
f 4490 4488 4491
f 4490 4491 4492
f 4492 4491 4493
f 4492 4493 4494
f 4494 4493 4495
f 4495 4493 4496
f 4495 4496 4497
f 4497 4496 4498
f 4497 4498 4499
f 4499 4498 4500
f 4500 4498 4501
f 4500 4501 4502
f 4502 4501 4503
f 4502 4503 4504
f 4504 4503 4505
f 4505 4503 4506
f 4505 4506 4507
f 4507 4506 4508
f 4508 4506 4509
f 4508 4509 4510
f 4510 4509 4511
f 4510 4511 4512
f 4512 4511 4513
f 4513 4511 4514
f 4513 4514 4515
f 4515 4514 4516
f 4515 4516 4517
f 4517 4516 4518
f 4517 4518 4519
f 4519 4518 4520
f 4520 4518 4521
f 4520 4521 4522
f 4522 4521 4523
f 4523 4521 4524
f 4523 4524 4525
f 4525 4524 4526
f 4525 4526 4527
f 4527 4526 4528
f 4528 4526 4529
f 4528 4529 4530
f 4530 4529 4531
f 4531 4529 4532
f 4531 4532 4533
f 4533 4532 4534
f 4533 4534 4535
f 4535 4534 4536
f 4535 4536 4537
f 4537 4536 4538
f 4538 4536 4539
f 4538 4539 4540
f 4540 4539 4541
f 4540 4541 4542
f 4542 4541 4543
f 4543 4541 4544
f 4543 4544 4545
f 4545 4544 4546
f 4545 4546 4547
f 4547 4546 4548
f 4547 4548 4549
f 4549 4548 4550
f 4549 4550 4551
f 4548 4552 4550
f 4550 4552 4553
f 4553 4552 4554
f 4554 4552 4555
f 4554 4555 4556
f 4556 4555 4557
f 4556 4557 4558
f 4558 4557 4559
f 4559 4557 4560
f 4559 4560 4561
f 4561 4560 4562
f 4562 4560 4563
f 4562 4563 4564
f 4564 4563 4565
f 4564 4565 4566
f 4566 4565 4567
f 4566 4567 4568
f 4568 4567 4569
f 4568 4569 4570
f 4567 4571 4569
f 4569 4571 4572
f 4572 4571 4573
f 4572 4573 4574
f 4574 4573 4575
f 4575 4573 4576
f 4575 4576 4577
f 4577 4576 4578
f 4578 4576 4579
f 4578 4579 4580
f 4580 4579 4581
f 4580 4581 4582
f 4582 4581 4583
f 4583 4581 4584
f 4583 4584 4585
f 4585 4584 4586
f 4585 4586 4587
f 4587 4586 4588
f 4587 4588 4589
f 4589 4588 4590
f 4589 4590 4591
f 4591 4590 4592
f 4591 4592 4470
f 4470 4592 4593
f 4470 4593 4594
f 4586 4595 4588
f 4588 4595 4596
f 4596 4595 4597
f 4596 4597 4598
f 4598 4597 4599
f 4599 4597 4600
f 4599 4600 4601
f 4601 4600 4602
f 4601 4602 4603
f 4603 4602 4604
f 4604 4602 4605
f 4604 4605 4606
f 4606 4605 4607
f 4607 4605 4608
f 4607 4608 4609
f 4609 4608 4610
f 4609 4610 4611
f 4611 4610 4469
f 4611 4469 4612
f 4612 4469 4613
f 4613 4469 4470
f 4613 4470 4614
f 4614 4470 4594
f 4615 4616 4470
f 4470 4616 4617
f 4470 4617 4618
f 4616 4615 4619
f 4619 4615 4620
f 4619 4620 4621
f 4621 4620 4622
f 4622 4620 4623
f 4622 4623 4624
f 4624 4623 4625
f 4624 4625 4626
f 4626 4625 4627
f 4626 4627 4628
f 4628 4627 4629
f 4628 4629 4630
f 4630 4629 4631
f 4630 4631 4632
f 4632 4631 4633
f 4633 4631 4634
f 4633 4634 4635
f 4635 4634 4636
f 4635 4636 4637
f 4637 4636 4638
f 4637 4638 4639
f 4639 4638 4640
f 4639 4640 4641
f 4641 4640 4642
f 4641 4642 4643
f 4640 4644 4642
f 4642 4644 4645
f 4645 4644 4646
f 4645 4646 4647
f 4647 4646 4648
f 4647 4648 4649
f 4649 4648 4650
f 4649 4650 4651
f 4651 4650 4652
f 4651 4652 4653
f 4653 4652 4654
f 4653 4654 4655
f 4652 4656 4654
f 4654 4656 4657
f 4657 4656 4464
f 4657 4464 4658
f 4658 4464 4659
f 4659 4464 4660
f 4660 4464 4661
f 4660 4661 4662
f 4473 4663 4464
f 4464 4663 4661
f 4660 4662 4664
f 4664 4662 4492
f 4664 4492 4494
f 4528 4530 4643
f 4643 4530 4641
f 4630 4632 4551
f 4551 4632 4549
f 4619 4621 4570
f 4570 4621 4568
f 4510 4512 4655
f 4655 4512 4653
f 4618 4591 4470
f 4665 4666 4667
f 4667 4666 4668
f 4667 4668 4669
f 4669 4668 4670
f 4670 4668 4671
f 4670 4671 4672
f 4672 4671 4673
f 4672 4673 4674
f 4674 4673 4675
f 4674 4675 4676
f 4676 4675 4677
f 4676 4677 4678
f 4678 4677 4679
f 4678 4679 4680
f 4665 4681 4666
f 4666 4681 4682
f 4666 4682 4668
f 4668 4682 4671
f 4682 4681 4683
f 4683 4681 4684
f 4683 4684 4685
f 4685 4684 4686
f 4685 4686 4687
f 4687 4686 4688
f 4687 4688 4689
f 4689 4688 4690
f 4689 4690 4691
f 4686 4690 4688
f 4691 4692 4689
f 4689 4692 4693
f 4689 4693 4687
f 4687 4693 4694
f 4687 4694 4695
f 4695 4694 4673
f 4695 4673 4671
f 4692 4696 4693
f 4693 4696 4697
f 4693 4697 4694
f 4694 4697 4675
f 4694 4675 4673
f 4696 4698 4697
f 4697 4698 4677
f 4697 4677 4675
f 4698 4679 4677
f 4678 4680 4699
f 4699 4680 4700
f 4699 4700 4701
f 4699 4701 4702
f 4702 4701 4703
f 4702 4703 4676
f 4676 4703 4674
f 4703 4704 4674
f 4674 4704 4672
f 4704 4670 4672
f 4695 4671 4682
f 4683 4685 4682
f 4682 4685 4695
f 4685 4687 4695
f 4702 4676 4678
f 4699 4702 4678
f 4705 2568 4706
f 4706 2568 4707
f 4706 4707 4708
f 4708 4707 4709
f 4708 4709 4710
f 4710 4709 4711
f 4710 4711 4712
f 4712 4711 4713
f 4712 4713 4714
f 4714 4713 4715
f 4714 4715 4716
f 4716 4715 4717
f 4716 4717 4718
f 4716 4718 4719
f 4719 4718 4720
f 4719 4720 4721
f 4721 4720 4722
f 4721 4722 4723
f 4723 4722 4724
f 4723 4724 4725
f 4725 4724 4726
f 4725 4726 4727
f 4727 4726 4728
f 4727 4728 4729
f 4729 4728 4730
f 4730 4728 4731
f 4730 4731 4732
f 4732 4731 4733
f 4732 4733 4734
f 4734 4733 4735
f 4734 4735 4736
f 4736 4735 4737
f 4737 4735 4738
f 4738 4735 4739
f 4738 4739 4740
f 4740 4739 4724
f 4740 4724 4722
f 4720 4741 4722
f 4722 4741 4740
f 4741 4738 4740
f 4736 4742 4734
f 4734 4742 4732
f 4727 4729 4743
f 4743 4729 4705
f 4743 4705 4706
f 4727 4743 4706
f 4725 4727 4708
f 4708 4727 4706
f 4733 4731 4728
f 4733 4728 4726
f 4723 4725 4710
f 4710 4725 4708
f 4724 4739 4726
f 4726 4739 4733
f 4739 4735 4733
f 4721 4723 4712
f 4712 4723 4710
f 4719 4721 4714
f 4714 4721 4712
f 4716 4719 4714
f 4744 4700 4745
f 4745 4700 4680
f 4745 4680 4746
f 4746 4680 4679
f 4746 4679 4747
f 4747 4679 4698
f 4747 4698 4748
f 4748 4698 4749
f 4749 4698 4696
f 4749 4696 4750
f 4750 4696 4692
f 4750 4692 4751
f 4751 4692 4691
f 4751 4691 4752
f 4753 4736 4754
f 4754 4736 4737
f 4754 4737 4755
f 4755 4737 4738
f 4755 4738 4756
f 4756 4738 4741
f 4756 4741 4757
f 4757 4741 4758
f 4758 4741 4720
f 4758 4720 4759
f 4759 4720 4718
f 4759 4718 4760
f 4760 4718 4717
f 4760 4717 4761
f 4762 4763 4764
f 4764 4763 4765
f 4765 4763 4766
f 4766 4763 4767
f 4766 4767 4768
f 4768 4767 4769
f 4769 4767 4770
f 4769 4770 4771
f 4771 4770 4772
f 4771 4772 4749
f 4749 4772 4748
f 4748 4772 4747
f 4747 4772 4773
f 4747 4773 4746
f 4746 4773 4774
f 4746 4774 4745
f 4745 4774 4744
f 4744 4774 4775
f 4744 4775 4776
f 4776 4775 4777
f 4776 4777 4759
f 4759 4777 4758
f 4758 4777 4778
f 4758 4778 4757
f 4757 4778 4756
f 4756 4778 4779
f 4756 4779 4755
f 4755 4779 4780
f 4755 4780 4754
f 4754 4780 4781
f 4754 4781 4782
f 4763 4783 4767
f 4767 4783 4784
f 4767 4784 4785
f 4786 4780 4785
f 4785 4780 4779
f 4785 4779 4770
f 4770 4779 4787
f 4770 4787 4772
f 4772 4787 4773
f 4786 4781 4780
f 4788 4753 4782
f 4782 4753 4754
f 4759 4760 4776
f 4776 4760 4744
f 4760 4761 4744
f 4749 4750 4771
f 4771 4750 4789
f 4771 4789 4769
f 4769 4789 4790
f 4790 4789 4791
f 4791 4789 4751
f 4791 4751 4792
f 4792 4751 4752
f 4792 4752 4793
f 4750 4751 4789
f 4767 4785 4770
f 4779 4778 4787
f 4787 4778 4794
f 4787 4794 4773
f 4773 4794 4774
f 4778 4777 4794
f 4794 4777 4775
f 4794 4775 4774
f 2567 2568 4795
f 4795 2568 4796
f 4795 4796 4797
f 4797 4796 4798
f 4797 4798 4799
f 4799 4798 4800
f 4800 4798 4801
f 4800 4801 4802
f 4802 4801 4803
f 4803 4801 4804
f 4803 4804 4805
f 4805 4804 4806
f 4805 4806 4807
f 4807 4806 4808
f 4808 4806 4809
f 4808 4809 4810
f 4810 4809 4811
f 4810 4811 4812
f 4812 4811 4813
f 4812 4813 4730
f 4730 4813 4729
f 4729 4813 4814
f 4729 4814 4705
f 4705 4814 4815
f 4705 4815 2568
f 2568 4815 4816
f 2568 4816 4796
f 4796 4816 4817
f 4796 4817 4798
f 4798 4817 4801
f 4730 4732 4812
f 4812 4732 4818
f 4812 4818 4810
f 4810 4818 4736
f 4810 4736 4808
f 4732 4742 4818
f 4818 4742 4736
f 4799 4795 4797
f 4816 4815 4819
f 4819 4815 4814
f 4819 4814 4820
f 4820 4814 4813
f 4820 4813 4811
f 4816 4819 4817
f 4817 4819 4821
f 4817 4821 4801
f 4801 4821 4804
f 4821 4819 4820
f 4821 4820 4822
f 4822 4820 4811
f 4822 4811 4809
f 4806 4804 4822
f 4822 4804 4821
f 4806 4822 4809
f 13 4823 12
f 12 4823 4824
f 4824 4823 4825
f 4825 4823 4826
f 4825 4826 4827
f 4827 4826 4828
f 4828 4826 4829
f 4828 4829 4830
f 4830 4829 4831
f 4830 4831 4711
f 4711 4831 4713
f 4713 4831 4832
f 4713 4832 4715
f 4715 4832 4833
f 4715 4833 4717
f 4717 4833 4834
f 4717 4834 4700
f 4700 4834 4835
f 4700 4835 4701
f 4701 4835 4703
f 4703 4835 4836
f 4703 4836 4704
f 4704 4836 4837
f 4704 4837 4670
f 4670 4837 4838
f 4670 4838 4669
f 4669 4838 4839
f 4669 4839 4840
f 4840 4839 4841
f 4840 4841 4842
f 4823 4843 4826
f 4826 4843 4844
f 4826 4844 4839
f 4840 4842 4669
f 4669 4842 4845
f 4669 4845 4667
f 4667 4845 3
f 3 4845 1
f 4711 4709 4830
f 4830 4709 4707
f 4830 4707 4828
f 4828 4707 4846
f 4828 4846 4847
f 4847 4846 4848
f 4848 4846 4707
f 4848 4707 4849
f 4849 4707 2568
f 4849 2568 16
f 16 18 4849
f 4826 4839 4829
f 4829 4839 4838
f 4829 4838 4850
f 4850 4838 4837
f 4850 4837 4851
f 4851 4837 4836
f 4851 4836 4834
f 4834 4836 4835
f 4831 4829 4850
f 4832 4831 4850
f 4832 4850 4851
f 4833 4832 4851
f 4833 4851 4834
f 4852 4691 4853
f 4853 4691 4854
f 4853 4854 4855
f 4855 4854 4856
f 4855 4856 4857
f 4857 4856 4858
f 4858 4856 4859
f 4858 4859 4860
f 4860 4859 4861
f 4861 4859 4862
f 4861 4862 4863
f 4863 4862 4864
f 4863 4864 4865
f 4865 4864 4866
f 4866 4864 4867
f 4866 4867 4868
f 4868 4867 4869
f 4868 4869 4870
f 4870 4869 4871
f 4870 4871 4684
f 4684 4871 4686
f 4686 4871 4872
f 4686 4872 4690
f 4690 4872 4873
f 4690 4873 4691
f 4691 4873 4874
f 4691 4874 4854
f 4854 4874 4875
f 4854 4875 4856
f 4856 4875 4859
f 4684 4681 4870
f 4870 4681 4876
f 4870 4876 4868
f 4868 4876 4667
f 4868 4667 4866
f 4681 4665 4876
f 4876 4665 4667
f 4857 4853 4855
f 4874 4873 4877
f 4877 4873 4872
f 4877 4872 4878
f 4878 4872 4871
f 4878 4871 4869
f 4874 4877 4875
f 4875 4877 4879
f 4875 4879 4859
f 4859 4879 4862
f 4879 4877 4878
f 4879 4878 4880
f 4880 4878 4869
f 4880 4869 4867
f 4864 4862 4880
f 4880 4862 4879
f 4864 4880 4867
f 2567 4795 4881
f 4881 4795 4882
f 4882 4795 4799
f 4882 4799 4883
f 4883 4799 4800
f 4883 4800 4884
f 4884 4800 4802
f 4884 4802 4885
f 4885 4802 4803
f 4885 4803 4886
f 4886 4803 4805
f 4886 4805 4887
f 4887 4805 4807
f 4887 4807 4888
f 4888 4807 4808
f 4888 4808 4889
f 4890 4852 4891
f 4891 4852 4853
f 4891 4853 4892
f 4892 4853 4857
f 4892 4857 4893
f 4893 4857 4858
f 4893 4858 4894
f 4894 4858 4860
f 4894 4860 4895
f 4895 4860 4861
f 4895 4861 4896
f 4896 4861 4863
f 4896 4863 4897
f 4897 4863 4865
f 4897 4865 4898
f 4898 4865 4866
f 4889 4890 4888
f 4888 4890 4899
f 4888 4899 4887
f 4887 4899 4900
f 4887 4900 4886
f 4886 4900 4901
f 4886 4901 4885
f 4885 4901 4884
f 4884 4901 4902
f 4884 4902 4883
f 4883 4902 4903
f 4883 4903 4882
f 4882 4903 4881
f 4881 4903 4904
f 4881 4904 4905
f 4905 4904 4906
f 4905 4906 4896
f 4896 4906 4895
f 4895 4906 4907
f 4895 4907 4894
f 4894 4907 4893
f 4893 4907 4908
f 4893 4908 4892
f 4892 4908 4909
f 4892 4909 4891
f 4891 4909 4890
f 4890 4909 4910
f 4890 4910 4899
f 4899 4910 4900
f 4896 4897 4905
f 4905 4897 4881
f 4897 4898 4881
f 4910 4909 4911
f 4911 4909 4908
f 4911 4908 4912
f 4912 4908 4907
f 4912 4907 4913
f 4913 4907 4906
f 4913 4906 4904
f 4901 4900 4911
f 4911 4900 4910
f 4901 4911 4912
f 4902 4901 4912
f 4902 4912 4913
f 4903 4902 4913
f 4903 4913 4904
f 4914 4889 4915
f 4915 4889 4808
f 4915 4808 4916
f 4916 4808 4917
f 4916 4917 4918
f 4918 4917 4919
f 4808 4736 4917
f 4917 4736 4920
f 4920 4736 4753
f 4920 4753 4921
f 4788 4922 4753
f 4753 4922 4923
f 4753 4923 4924
f 4924 4925 4753
f 4753 4925 4926
f 4753 4926 4927
f 4927 4926 4928
f 4927 4928 4929
f 4929 4928 4930
f 4929 4930 4931
f 4931 4930 4932
f 4932 4930 4933
f 4932 4933 4934
f 4934 4933 4935
f 4935 4933 4936
f 4936 4933 4937
f 4936 4937 4938
f 4938 4937 4939
f 4938 4939 4752
f 4752 4939 4940
f 4752 4940 4941
f 4933 4930 4942
f 4942 4930 4943
f 4942 4943 4944
f 4944 4943 4945
f 4944 4945 4946
f 4946 4945 4947
f 4946 4947 4948
f 4948 4947 4949
f 4948 4949 4950
f 4950 4949 4951
f 4950 4951 4764
f 4764 4951 4762
f 4941 4952 4752
f 4752 4952 4953
f 4752 4953 4793
f 4954 4955 4752
f 4752 4955 4956
f 4752 4956 4957
f 4921 4958 4954
f 4954 4958 4959
f 4954 4959 4960
f 4753 4961 4921
f 4921 4961 4962
f 4921 4962 4963
f 4927 4964 4753
f 4753 4964 4965
f 4753 4965 4966
f 4966 4961 4753
f 4963 4967 4921
f 4921 4967 4968
f 4921 4968 4969
f 4969 4970 4921
f 4921 4970 4958
f 4958 4970 4971
f 4971 4970 4972
f 4971 4972 4973
f 4973 4972 4974
f 4973 4974 4975
f 4975 4974 4976
f 4975 4976 4977
f 4977 4976 4978
f 4977 4978 4979
f 4979 4978 4980
f 4979 4980 4934
f 4934 4980 4932
f 4960 4981 4954
f 4954 4981 4982
f 4954 4982 4983
f 4983 4955 4954
f 4957 4984 4752
f 4752 4984 4938
f 4349 2410 2006
f 2006 2410 1144
f 2006 1144 1103
f 4347 4898 4349
f 4349 4898 4866
f 4349 4866 2410
f 2046 2413 4347
f 4347 2413 2567
f 4347 2567 4881
f 444 737 2046
f 2046 737 1143
f 2046 1143 2413
f 433 410 444
f 444 410 738
f 444 738 737
f 738 410 782
f 782 410 411
f 782 411 413
f 413 411 415
f 782 413 1103
f 1103 413 2006
f 777 991 782
f 782 991 1464
f 782 1464 1525
f 1525 1464 1753
f 1753 1464 1649
f 782 1525 738
f 738 1525 1521
f 738 1521 771
f 4881 4898 4347
f 1358 4985 1366
f 1366 4985 4986
f 1366 4986 1352
f 1352 4986 4987
f 1352 4987 18
f 18 4987 4988
f 18 4988 4849
f 4849 4988 4848
f 4848 4988 4989
f 4848 4989 4847
f 4847 4989 4990
f 4847 4990 4828
f 4828 4990 4827
f 4827 4990 4991
f 4827 4991 4825
f 4825 4991 4992
f 4825 4992 4824
f 4824 4992 12
f 12 4992 4993
f 12 4993 1368
f 1368 4993 4994
f 1368 4994 1363
f 1363 4994 4995
f 1363 4995 1364
f 1364 4995 4996
f 1364 4996 1365
f 1365 4996 4997
f 1365 4997 1369
f 1369 4997 4998
f 1369 4998 1360
f 1360 4998 4999
f 1360 4999 1361
f 1361 4999 5000
f 1361 5000 1362
f 1362 5000 5001
f 1362 5001 1356
f 1356 5001 5002
f 1356 5002 1357
f 1357 5002 5003
f 1357 5003 1358
f 1358 5003 4985
f 1368 1350 12
f 12 1350 10
f 10 1350 1349
f 10 1349 8
f 8 1349 1348
f 8 1348 7
f 7 1348 1367
f 7 1367 15
f 15 1367 1354
f 15 1354 17
f 17 1354 1353
f 17 1353 18
f 18 1353 1352
f 4782 4988 4788
f 4788 4988 4987
f 4788 4987 4922
f 4922 4987 4986
f 4922 4986 4923
f 4923 4986 4985
f 4923 4985 4924
f 4924 4985 5003
f 4924 5003 4925
f 4925 5003 5002
f 4925 5002 4926
f 4926 5002 5001
f 4926 5001 4928
f 4928 5001 5000
f 4928 5000 4999
f 4782 4781 4988
f 4988 4781 4989
f 4781 4786 4989
f 4989 4786 4990
f 4786 4785 4990
f 4990 4785 4784
f 4990 4784 4991
f 4991 4784 4783
f 4991 4783 4992
f 4992 4783 4763
f 4992 4763 4762
f 4992 4762 4993
f 4993 4762 4951
f 4993 4951 4994
f 4994 4951 4949
f 4994 4949 4995
f 4995 4949 4947
f 4995 4947 4996
f 4996 4947 4945
f 4996 4945 4997
f 4997 4945 4943
f 4997 4943 4998
f 4998 4943 4930
f 4998 4930 4999
f 4999 4930 4928
f 1336 5004 1344
f 1344 5004 5005
f 1344 5005 1331
f 1331 5005 5006
f 1331 5006 13
f 13 5006 5007
f 13 5007 4823
f 4823 5007 4843
f 4843 5007 5008
f 4843 5008 4844
f 4844 5008 5009
f 4844 5009 4839
f 4839 5009 4841
f 4841 5009 5010
f 4841 5010 4842
f 4842 5010 5011
f 4842 5011 4845
f 4845 5011 1
f 1 5011 5012
f 1 5012 1346
f 1346 5012 5013
f 1346 5013 1341
f 1341 5013 5014
f 1341 5014 1342
f 1342 5014 5015
f 1342 5015 1343
f 1343 5015 5016
f 1343 5016 1347
f 1347 5016 5017
f 1347 5017 1338
f 1338 5017 5018
f 1338 5018 1339
f 1339 5018 5019
f 1339 5019 1340
f 1340 5019 5020
f 1340 5020 1334
f 1334 5020 5021
f 1334 5021 1335
f 1335 5021 5022
f 1335 5022 1336
f 1336 5022 5004
f 1346 1330 1
f 1 1330 2
f 2 1330 1329
f 2 1329 4
f 4 1329 1328
f 4 1328 6
f 6 1328 1345
f 6 1345 9
f 9 1345 1333
f 9 1333 11
f 11 1333 1332
f 11 1332 13
f 13 1332 1331
f 4765 5007 4764
f 4764 5007 5006
f 4764 5006 4950
f 4950 5006 5005
f 4950 5005 4948
f 4948 5005 5004
f 4948 5004 4946
f 4946 5004 5022
f 4946 5022 4944
f 4944 5022 5021
f 4944 5021 4942
f 4942 5021 5020
f 4942 5020 4933
f 4933 5020 5019
f 4933 5019 5018
f 4765 4766 5007
f 5007 4766 5008
f 4766 4768 5008
f 5008 4768 5009
f 4768 4769 5009
f 5009 4769 4790
f 5009 4790 5010
f 5010 4790 4791
f 5010 4791 5011
f 5011 4791 4792
f 5011 4792 4793
f 5011 4793 5012
f 5012 4793 4953
f 5012 4953 5013
f 5013 4953 4952
f 5013 4952 5014
f 5014 4952 4941
f 5014 4941 5015
f 5015 4941 4940
f 5015 4940 5016
f 5016 4940 4939
f 5016 4939 5017
f 5017 4939 4937
f 5017 4937 5018
f 5018 4937 4933
f 4717 4700 4761
f 4761 4700 4744
f 2006 2007 4349
f 4349 2007 4350
f 2007 2034 4350
f 4350 2034 4348
f 2034 2046 4348
f 4348 2046 4347
f 2410 4866 1441
f 1441 4866 4667
f 1441 4667 1442
f 1442 4667 3
f 1249 5023 1250
f 1250 5023 5024
f 1250 5024 1251
f 1251 5024 5025
f 1251 5025 1245
f 1245 5025 5026
f 1245 5026 1246
f 1246 5026 5027
f 1246 5027 1247
f 1247 5027 5028
f 1247 5028 1241
f 1241 5028 5029
f 1241 5029 1242
f 1242 5029 5030
f 1242 5030 1243
f 1243 5030 5031
f 1243 5031 1252
f 1252 5031 5032
f 1252 5032 1253
f 1253 5032 5033
f 1253 5033 1237
f 1237 5033 5034
f 1237 5034 1238
f 1238 5034 5035
f 1238 5035 1239
f 1239 5035 5036
f 1239 5036 1254
f 1254 5036 5037
f 1254 5037 1232
f 1232 5037 5038
f 1232 5038 1234
f 1234 5038 5039
f 1234 5039 1235
f 1235 5039 5040
f 1235 5040 1248
f 1248 5040 5041
f 1248 5041 1249
f 1249 5041 5023
f 4984 5029 4938
f 4938 5029 5028
f 4938 5028 4936
f 4936 5028 5027
f 4936 5027 4935
f 4935 5027 5026
f 4935 5026 4934
f 4934 5026 5025
f 4934 5025 4979
f 4979 5025 5024
f 4979 5024 4977
f 4977 5024 5023
f 4977 5023 4975
f 4975 5023 5041
f 4975 5041 4973
f 4973 5041 5040
f 4973 5040 4971
f 4971 5040 5039
f 4971 5039 4958
f 4958 5039 5038
f 4958 5038 4959
f 4959 5038 5037
f 4959 5037 4960
f 4960 5037 5036
f 4960 5036 4981
f 4981 5036 5035
f 4981 5035 4982
f 4982 5035 5034
f 4982 5034 4983
f 4983 5034 5033
f 4983 5033 4955
f 4955 5033 5032
f 4955 5032 4956
f 4956 5032 5031
f 4956 5031 4957
f 4957 5031 5030
f 4957 5030 4984
f 4984 5030 5029
f 1298 5042 1299
f 1299 5042 5043
f 1299 5043 1302
f 1302 5043 5044
f 1302 5044 1293
f 1293 5044 5045
f 1293 5045 1294
f 1294 5045 5046
f 1294 5046 1295
f 1295 5046 5047
f 1295 5047 1289
f 1289 5047 5048
f 1289 5048 1290
f 1290 5048 5049
f 1290 5049 1291
f 1291 5049 5050
f 1291 5050 1303
f 1303 5050 5051
f 1303 5051 1285
f 1285 5051 5052
f 1285 5052 1286
f 1286 5052 5053
f 1286 5053 1287
f 1287 5053 5054
f 1287 5054 1280
f 1280 5054 5055
f 1280 5055 1282
f 1282 5055 5056
f 1282 5056 1283
f 1283 5056 5057
f 1283 5057 1300
f 1300 5057 5058
f 1300 5058 1301
f 1301 5058 5059
f 1301 5059 1297
f 1297 5059 5060
f 1297 5060 1298
f 1298 5060 5042
f 5061 5048 5062
f 5062 5048 5047
f 5062 5047 5063
f 5063 5047 5046
f 5063 5046 5064
f 5064 5046 5045
f 5064 5045 5065
f 5065 5045 5044
f 5065 5044 5066
f 5066 5044 5043
f 5066 5043 5067
f 5067 5043 5042
f 5067 5042 5068
f 5068 5042 5060
f 5068 5060 5069
f 5069 5060 5059
f 5069 5059 5070
f 5070 5059 5058
f 5070 5058 5071
f 5071 5058 5057
f 5071 5057 5072
f 5072 5057 5056
f 5072 5056 5073
f 5073 5056 5055
f 5073 5055 5074
f 5074 5055 5054
f 5074 5054 5075
f 5075 5054 5053
f 5075 5053 5076
f 5076 5053 5052
f 5076 5052 5077
f 5077 5052 5051
f 5077 5051 5078
f 5078 5051 5050
f 5078 5050 5079
f 5079 5050 5049
f 5079 5049 5061
f 5061 5049 5048
f 1401 5080 1395
f 1395 5080 5081
f 1395 5081 1397
f 1397 5081 5082
f 1397 5082 1398
f 1398 5082 5083
f 1398 5083 1417
f 1417 5083 5084
f 1417 5084 1414
f 1414 5084 5085
f 1414 5085 1415
f 1415 5085 5086
f 1415 5086 1416
f 1416 5086 5087
f 1416 5087 1418
f 1418 5087 5088
f 1418 5088 1411
f 1411 5088 5089
f 1411 5089 1412
f 1412 5089 5090
f 1412 5090 1413
f 1413 5090 5091
f 1413 5091 1407
f 1407 5091 5092
f 1407 5092 1408
f 1408 5092 5093
f 1408 5093 1409
f 1409 5093 5094
f 1409 5094 1403
f 1403 5094 5095
f 1403 5095 1404
f 1404 5095 5096
f 1404 5096 1405
f 1405 5096 5097
f 1405 5097 1400
f 1400 5097 5098
f 1400 5098 1401
f 1401 5098 5080
f 5099 5086 5100
f 5100 5086 5085
f 5100 5085 5101
f 5101 5085 5084
f 5101 5084 5102
f 5102 5084 5083
f 5102 5083 5103
f 5103 5083 5082
f 5103 5082 5104
f 5104 5082 5081
f 5104 5081 5105
f 5105 5081 5080
f 5105 5080 5106
f 5106 5080 5098
f 5106 5098 5107
f 5107 5098 5097
f 5107 5097 5108
f 5108 5097 5096
f 5108 5096 5109
f 5109 5096 5095
f 5109 5095 5110
f 5110 5095 5094
f 5110 5094 5111
f 5111 5094 5093
f 5111 5093 5112
f 5112 5093 5092
f 5112 5092 5113
f 5113 5092 5091
f 5113 5091 5114
f 5114 5091 5090
f 5114 5090 5115
f 5115 5090 5089
f 5115 5089 5116
f 5116 5089 5088
f 5116 5088 5117
f 5117 5088 5087
f 5117 5087 5099
f 5099 5087 5086
f 1319 5118 1320
f 1320 5118 5119
f 1320 5119 1324
f 1324 5119 5120
f 1324 5120 1314
f 1314 5120 5121
f 1314 5121 1315
f 1315 5121 5122
f 1315 5122 1316
f 1316 5122 5123
f 1316 5123 1310
f 1310 5123 5124
f 1310 5124 1311
f 1311 5124 5125
f 1311 5125 1312
f 1312 5125 5126
f 1312 5126 1325
f 1325 5126 5127
f 1325 5127 1326
f 1326 5127 5128
f 1326 5128 1305
f 1305 5128 5129
f 1305 5129 1307
f 1307 5129 5130
f 1307 5130 1308
f 1308 5130 5131
f 1308 5131 1327
f 1327 5131 5132
f 1327 5132 1321
f 1321 5132 5133
f 1321 5133 1322
f 1322 5133 5134
f 1322 5134 1323
f 1323 5134 5135
f 1323 5135 1318
f 1318 5135 5136
f 1318 5136 1319
f 1319 5136 5118
f 5137 5124 5138
f 5138 5124 5123
f 5138 5123 5139
f 5139 5123 5122
f 5139 5122 5140
f 5140 5122 5121
f 5140 5121 5141
f 5141 5121 5120
f 5141 5120 5142
f 5142 5120 5119
f 5142 5119 5143
f 5143 5119 5118
f 5143 5118 5144
f 5144 5118 5136
f 5144 5136 5145
f 5145 5136 5135
f 5145 5135 5146
f 5146 5135 5134
f 5146 5134 5147
f 5147 5134 5133
f 5147 5133 5148
f 5148 5133 5132
f 5148 5132 5149
f 5149 5132 5131
f 5149 5131 5150
f 5150 5131 5130
f 5150 5130 5151
f 5151 5130 5129
f 5151 5129 5152
f 5152 5129 5128
f 5152 5128 5153
f 5153 5128 5127
f 5153 5127 5154
f 5154 5127 5126
f 5154 5126 5155
f 5155 5126 5125
f 5155 5125 5137
f 5137 5125 5124
f 1278 5156 1265
f 1265 5156 5157
f 1265 5157 1266
f 1266 5157 5158
f 1266 5158 1267
f 1267 5158 5159
f 1267 5159 1275
f 1275 5159 5160
f 1275 5160 1261
f 1261 5160 5161
f 1261 5161 1262
f 1262 5161 5162
f 1262 5162 1263
f 1263 5162 5163
f 1263 5163 1276
f 1276 5163 5164
f 1276 5164 1256
f 1256 5164 5165
f 1256 5165 1258
f 1258 5165 5166
f 1258 5166 1259
f 1259 5166 5167
f 1259 5167 1272
f 1272 5167 5168
f 1272 5168 1273
f 1273 5168 5169
f 1273 5169 1274
f 1274 5169 5170
f 1274 5170 1277
f 1277 5170 5171
f 1277 5171 1269
f 1269 5171 5172
f 1269 5172 1270
f 1270 5172 5173
f 1270 5173 1271
f 1271 5173 5174
f 1271 5174 1278
f 1278 5174 5156
f 4929 5162 4927
f 4927 5162 5161
f 4927 5161 4964
f 4964 5161 5160
f 4964 5160 4965
f 4965 5160 5159
f 4965 5159 4966
f 4966 5159 5158
f 4966 5158 4961
f 4961 5158 5157
f 4961 5157 4962
f 4962 5157 5156
f 4962 5156 4963
f 4963 5156 5174
f 4963 5174 4967
f 4967 5174 5173
f 4967 5173 4968
f 4968 5173 5172
f 4968 5172 4969
f 4969 5172 5171
f 4969 5171 4970
f 4970 5171 5170
f 4970 5170 4972
f 4972 5170 5169
f 4972 5169 4974
f 4974 5169 5168
f 4974 5168 4976
f 4976 5168 5167
f 4976 5167 4978
f 4978 5167 5166
f 4978 5166 4980
f 4980 5166 5165
f 4980 5165 4932
f 4932 5165 5164
f 4932 5164 4931
f 4931 5164 5163
f 4931 5163 4929
f 4929 5163 5162
f 1393 5175 1371
f 1371 5175 5176
f 1371 5176 1373
f 1373 5176 5177
f 1373 5177 1374
f 1374 5177 5178
f 1374 5178 1390
f 1390 5178 5179
f 1390 5179 1387
f 1387 5179 5180
f 1387 5180 1388
f 1388 5180 5181
f 1388 5181 1389
f 1389 5181 5182
f 1389 5182 1391
f 1391 5182 5183
f 1391 5183 1384
f 1384 5183 5184
f 1384 5184 1385
f 1385 5184 5185
f 1385 5185 1386
f 1386 5185 5186
f 1386 5186 1380
f 1380 5186 5187
f 1380 5187 1381
f 1381 5187 5188
f 1381 5188 1382
f 1382 5188 5189
f 1382 5189 1392
f 1392 5189 5190
f 1392 5190 1376
f 1376 5190 5191
f 1376 5191 1377
f 1377 5191 5192
f 1377 5192 1378
f 1378 5192 5193
f 1378 5193 1393
f 1393 5193 5175
f 5194 5181 5195
f 5195 5181 5180
f 5195 5180 5196
f 5196 5180 5179
f 5196 5179 5197
f 5197 5179 5178
f 5197 5178 5198
f 5198 5178 5177
f 5198 5177 5199
f 5199 5177 5176
f 5199 5176 5200
f 5200 5176 5175
f 5200 5175 5201
f 5201 5175 5193
f 5201 5193 5202
f 5202 5193 5192
f 5202 5192 5203
f 5203 5192 5191
f 5203 5191 5204
f 5204 5191 5190
f 5204 5190 5205
f 5205 5190 5189
f 5205 5189 5206
f 5206 5189 5188
f 5206 5188 5207
f 5207 5188 5187
f 5207 5187 5208
f 5208 5187 5186
f 5208 5186 5209
f 5209 5186 5185
f 5209 5185 5210
f 5210 5185 5184
f 5210 5184 5211
f 5211 5184 5183
f 5211 5183 5212
f 5212 5183 5182
f 5212 5182 5194
f 5194 5182 5181
f 4889 5071 4890
f 4890 5071 5072
f 4890 5072 5073
f 4914 5106 4889
f 4889 5106 5107
f 4889 5107 5108
f 5213 5100 4914
f 4914 5100 5101
f 4914 5101 5102
f 4890 5075 5213
f 5213 5075 5076
f 5213 5076 5077
f 5063 5099 5062
f 5062 5099 5100
f 5062 5100 5213
f 5099 5063 5117
f 5117 5063 5064
f 5117 5064 5116
f 5116 5064 5065
f 5116 5065 5115
f 5115 5065 5066
f 5115 5066 5114
f 5114 5066 5067
f 5114 5067 5113
f 5113 5067 5068
f 5113 5068 5112
f 5112 5068 5069
f 5112 5069 5111
f 5111 5069 5070
f 5111 5070 5110
f 5110 5070 5071
f 5110 5071 4889
f 5073 5074 4890
f 4890 5074 5075
f 5077 5078 5213
f 5213 5078 5079
f 5213 5079 5061
f 5061 5062 5213
f 5102 5103 4914
f 4914 5103 5104
f 4914 5104 5105
f 5105 5106 4914
f 5108 5109 4889
f 4889 5109 5110
f 5214 5138 5215
f 5215 5138 5139
f 5215 5139 5140
f 5216 5152 5214
f 5214 5152 5153
f 5214 5153 5154
f 5217 5148 5216
f 5216 5148 5149
f 5216 5149 5150
f 5215 5143 5217
f 5217 5143 5144
f 5217 5144 5145
f 5140 5141 5215
f 5215 5141 5142
f 5215 5142 5143
f 5145 5146 5217
f 5217 5146 5147
f 5217 5147 5148
f 5150 5151 5216
f 5216 5151 5152
f 5154 5155 5214
f 5214 5155 5137
f 5214 5137 5138
f 5218 5195 4919
f 4919 5195 5196
f 4919 5196 5197
f 5219 5209 5218
f 5218 5209 5210
f 5218 5210 5211
f 4918 5204 5219
f 5219 5204 5205
f 5219 5205 5206
f 4919 5200 4918
f 4918 5200 5201
f 4918 5201 5202
f 5197 5198 4919
f 4919 5198 5199
f 4919 5199 5200
f 5202 5203 4918
f 4918 5203 5204
f 5206 5207 5219
f 5219 5207 5208
f 5219 5208 5209
f 5211 5212 5218
f 5218 5212 5194
f 5218 5194 5195
f 5218 4919 5220
f 5220 4919 5221
f 5221 4919 4917
f 4920 4921 5222
f 5222 4921 5223
f 5222 5223 5224
f 5224 5223 5225
f 5224 5225 5226
f 5226 5225 5227
f 4921 4954 5223
f 5223 4954 5228
f 5228 4954 5229
f 5228 5229 5230
f 4954 5231 5229
f 5228 5230 4396
f 4396 5230 5232
f 4396 5232 4409
f 5215 5217 5233
f 5233 5217 5234
f 5217 5216 5234
f 5234 5216 5235
f 5235 5216 5236
f 5237 5238 5239
f 5239 5238 5240
f 5239 5240 5241
f 5241 5240 5242
f 5241 5242 5243
f 5243 5242 5244
f 5243 5244 5245
f 5245 5244 5246
f 5245 5246 5247
f 5247 5246 5248
f 5247 5248 5249
f 5249 5248 5250
f 5249 5250 5251
f 5251 5250 5252
f 5251 5252 5253
f 5253 5252 5254
f 5253 5254 5255
f 5255 5254 5256
f 5255 5256 5257
f 5257 5256 5258
f 5257 5258 5259
f 5259 5258 5260
f 5259 5260 5261
f 5261 5260 5262
f 5261 5262 5263
f 5263 5262 5264
f 5263 5264 5265
f 5265 5264 5266
f 5265 5266 5267
f 5267 5266 5268
f 5267 5268 5269
f 5269 5268 5270
f 5269 5270 5271
f 5271 5270 5272
f 5271 5272 5273
f 5273 5272 5274
f 5273 5274 5275
f 5275 5274 5276
f 5275 5276 5277
f 5277 5276 5278
f 5277 5278 5279
f 5279 5278 5280
f 5279 5280 5281
f 5281 5280 5282
f 5281 5282 5283
f 5283 5282 5284
f 5283 5284 5285
f 5285 5284 5286
f 5285 5286 5237
f 5237 5286 5238
f 5237 5239 5287
f 5287 5239 5241
f 5287 5241 5288
f 5288 5241 5243
f 5288 5243 5289
f 5289 5243 5245
f 5289 5245 5290
f 5290 5245 5247
f 5290 5247 5249
f 5290 5249 5291
f 5291 5249 5251
f 5291 5251 5292
f 5292 5251 5253
f 5292 5253 5255
f 5292 5255 5293
f 5293 5255 5257
f 5293 5257 5294
f 5294 5257 5259
f 5294 5259 5295
f 5295 5259 5261
f 5295 5261 5263
f 5295 5263 5296
f 5296 5263 5265
f 5296 5265 5297
f 5297 5265 5267
f 5297 5267 5269
f 5297 5269 5298
f 5298 5269 5271
f 5298 5271 5299
f 5299 5271 5273
f 5299 5273 5300
f 5300 5273 5275
f 5300 5275 5277
f 5300 5277 5301
f 5301 5277 5279
f 5301 5279 5302
f 5302 5279 5281
f 5302 5281 5283
f 5302 5283 5303
f 5303 5283 5285
f 5303 5285 5304
f 5304 5285 5237
f 5304 5237 5287
f 5305 5306 5307
f 5307 5306 5308
f 5307 5308 5309
f 5309 5308 5310
f 5309 5310 5311
f 5311 5310 5312
f 5311 5312 5313
f 5313 5312 5314
f 5313 5314 5315
f 5315 5314 5316
f 5315 5316 5317
f 5317 5316 5318
f 5317 5318 5319
f 5319 5318 5320
f 5319 5320 5321
f 5321 5320 5322
f 5321 5322 5323
f 5323 5322 5324
f 5323 5324 5325
f 5325 5324 5326
f 5325 5326 5327
f 5327 5326 5328
f 5327 5328 5329
f 5329 5328 5330
f 5329 5330 5331
f 5331 5330 5332
f 5331 5332 5333
f 5333 5332 5334
f 5333 5334 5335
f 5335 5334 5336
f 5335 5336 5337
f 5337 5336 5338
f 5337 5338 5339
f 5339 5338 5340
f 5339 5340 5341
f 5341 5340 5342
f 5341 5342 5343
f 5343 5342 5344
f 5343 5344 5345
f 5345 5344 5346
f 5345 5346 5347
f 5347 5346 5348
f 5347 5348 5349
f 5349 5348 5350
f 5349 5350 5351
f 5351 5350 5352
f 5351 5352 5353
f 5353 5352 5354
f 5353 5354 5305
f 5305 5354 5306
f 5305 5307 5355
f 5355 5307 5309
f 5355 5309 5356
f 5356 5309 5311
f 5356 5311 5357
f 5357 5311 5313
f 5357 5313 5358
f 5358 5313 5315
f 5358 5315 5317
f 5358 5317 5359
f 5359 5317 5319
f 5359 5319 5360
f 5360 5319 5321
f 5360 5321 5323
f 5360 5323 5361
f 5361 5323 5325
f 5361 5325 5362
f 5362 5325 5327
f 5362 5327 5363
f 5363 5327 5329
f 5363 5329 5331
f 5363 5331 5364
f 5364 5331 5333
f 5364 5333 5365
f 5365 5333 5335
f 5365 5335 5337
f 5365 5337 5366
f 5366 5337 5339
f 5366 5339 5367
f 5367 5339 5341
f 5367 5341 5368
f 5368 5341 5343
f 5368 5343 5345
f 5368 5345 5369
f 5369 5345 5347
f 5369 5347 5370
f 5370 5347 5349
f 5370 5349 5351
f 5370 5351 5371
f 5371 5351 5353
f 5371 5353 5372
f 5372 5353 5305
f 5372 5305 5355
f 5373 5374 5375
f 5375 5374 5376
f 5375 5376 5377
f 5377 5376 5378
f 5377 5378 5379
f 5379 5378 5380
f 5379 5380 5381
f 5381 5380 5382
f 5381 5382 5383
f 5383 5382 5384
f 5383 5384 5385
f 5385 5384 5386
f 5385 5386 5387
f 5387 5386 5388
f 5387 5388 5389
f 5389 5388 5390
f 5389 5390 5391
f 5391 5390 5392
f 5391 5392 5393
f 5393 5392 5394
f 5393 5394 5395
f 5395 5394 5396
f 5395 5396 5397
f 5397 5396 5398
f 5397 5398 5399
f 5399 5398 5400
f 5399 5400 5401
f 5401 5400 5402
f 5401 5402 5403
f 5403 5402 5404
f 5403 5404 5405
f 5405 5404 5406
f 5405 5406 5407
f 5407 5406 5408
f 5407 5408 5409
f 5409 5408 5410
f 5409 5410 5411
f 5411 5410 5412
f 5411 5412 5413
f 5413 5412 5414
f 5413 5414 5415
f 5415 5414 5416
f 5415 5416 5417
f 5417 5416 5418
f 5417 5418 5419
f 5419 5418 5420
f 5419 5420 5421
f 5421 5420 5422
f 5421 5422 5373
f 5373 5422 5374
f 5373 5375 5423
f 5423 5375 5377
f 5423 5377 5424
f 5424 5377 5379
f 5424 5379 5425
f 5425 5379 5381
f 5425 5381 5426
f 5426 5381 5383
f 5426 5383 5385
f 5426 5385 5427
f 5427 5385 5387
f 5427 5387 5428
f 5428 5387 5389
f 5428 5389 5391
f 5428 5391 5429
f 5429 5391 5393
f 5429 5393 5430
f 5430 5393 5395
f 5430 5395 5431
f 5431 5395 5397
f 5431 5397 5399
f 5431 5399 5432
f 5432 5399 5401
f 5432 5401 5433
f 5433 5401 5403
f 5433 5403 5405
f 5433 5405 5434
f 5434 5405 5407
f 5434 5407 5435
f 5435 5407 5409
f 5435 5409 5436
f 5436 5409 5411
f 5436 5411 5413
f 5436 5413 5437
f 5437 5413 5415
f 5437 5415 5438
f 5438 5415 5417
f 5438 5417 5419
f 5438 5419 5439
f 5439 5419 5421
f 5439 5421 5440
f 5440 5421 5373
f 5440 5373 5423
f 5441 5442 5443
f 5443 5442 5444
f 5443 5444 5445
f 5445 5444 5446
f 5445 5446 5447
f 5447 5446 5448
f 5447 5448 5449
f 5449 5448 5450
f 5449 5450 5451
f 5451 5450 5452
f 5451 5452 5453
f 5453 5452 5454
f 5453 5454 5455
f 5455 5454 5456
f 5455 5456 5457
f 5457 5456 5458
f 5457 5458 5459
f 5459 5458 5460
f 5459 5460 5461
f 5461 5460 5462
f 5461 5462 5463
f 5463 5462 5464
f 5463 5464 5465
f 5465 5464 5466
f 5465 5466 5467
f 5467 5466 5468
f 5467 5468 5469
f 5469 5468 5470
f 5469 5470 5471
f 5471 5470 5472
f 5471 5472 5473
f 5473 5472 5474
f 5473 5474 5475
f 5475 5474 5476
f 5475 5476 5477
f 5477 5476 5478
f 5477 5478 5479
f 5479 5478 5480
f 5479 5480 5481
f 5481 5480 5482
f 5481 5482 5483
f 5483 5482 5484
f 5483 5484 5485
f 5485 5484 5486
f 5485 5486 5487
f 5487 5486 5488
f 5487 5488 5489
f 5489 5488 5490
f 5489 5490 5441
f 5441 5490 5442
f 5441 5443 5491
f 5491 5443 5445
f 5491 5445 5492
f 5492 5445 5447
f 5492 5447 5493
f 5493 5447 5449
f 5493 5449 5494
f 5494 5449 5451
f 5494 5451 5453
f 5494 5453 5495
f 5495 5453 5455
f 5495 5455 5496
f 5496 5455 5457
f 5496 5457 5459
f 5496 5459 5497
f 5497 5459 5461
f 5497 5461 5498
f 5498 5461 5463
f 5498 5463 5499
f 5499 5463 5465
f 5499 5465 5467
f 5499 5467 5500
f 5500 5467 5469
f 5500 5469 5501
f 5501 5469 5471
f 5501 5471 5473
f 5501 5473 5502
f 5502 5473 5475
f 5502 5475 5503
f 5503 5475 5477
f 5503 5477 5504
f 5504 5477 5479
f 5504 5479 5481
f 5504 5481 5505
f 5505 5481 5483
f 5505 5483 5506
f 5506 5483 5485
f 5506 5485 5487
f 5506 5487 5507
f 5507 5487 5489
f 5507 5489 5508
f 5508 5489 5441
f 5508 5441 5491
f 5509 5510 5511
f 5511 5510 5512
f 5511 5512 5513
f 5513 5512 5514
f 5513 5514 5515
f 5515 5514 5516
f 5515 5516 5517
f 5517 5516 5518
f 5517 5518 5519
f 5519 5518 5520
f 5519 5520 5521
f 5521 5520 5522
f 5521 5522 5523
f 5523 5522 5524
f 5523 5524 5525
f 5525 5524 5526
f 5525 5526 5527
f 5527 5526 5528
f 5527 5528 5529
f 5529 5528 5530
f 5529 5530 5531
f 5531 5530 5532
f 5531 5532 5533
f 5533 5532 5534
f 5533 5534 5535
f 5535 5534 5536
f 5535 5536 5537
f 5537 5536 5538
f 5537 5538 5539
f 5539 5538 5540
f 5539 5540 5541
f 5541 5540 5542
f 5541 5542 5543
f 5543 5542 5544
f 5543 5544 5545
f 5545 5544 5546
f 5545 5546 5547
f 5547 5546 5548
f 5547 5548 5549
f 5549 5548 5550
f 5549 5550 5551
f 5551 5550 5552
f 5551 5552 5553
f 5553 5552 5554
f 5553 5554 5555
f 5555 5554 5556
f 5555 5556 5557
f 5557 5556 5558
f 5557 5558 5509
f 5509 5558 5510
f 5509 5511 5559
f 5559 5511 5513
f 5559 5513 5560
f 5560 5513 5515
f 5560 5515 5561
f 5561 5515 5517
f 5561 5517 5562
f 5562 5517 5519
f 5562 5519 5521
f 5562 5521 5563
f 5563 5521 5523
f 5563 5523 5564
f 5564 5523 5525
f 5564 5525 5527
f 5564 5527 5565
f 5565 5527 5529
f 5565 5529 5566
f 5566 5529 5531
f 5566 5531 5567
f 5567 5531 5533
f 5567 5533 5535
f 5567 5535 5568
f 5568 5535 5537
f 5568 5537 5569
f 5569 5537 5539
f 5569 5539 5541
f 5569 5541 5570
f 5570 5541 5543
f 5570 5543 5571
f 5571 5543 5545
f 5571 5545 5572
f 5572 5545 5547
f 5572 5547 5549
f 5572 5549 5573
f 5573 5549 5551
f 5573 5551 5574
f 5574 5551 5553
f 5574 5553 5555
f 5574 5555 5575
f 5575 5555 5557
f 5575 5557 5576
f 5576 5557 5509
f 5576 5509 5559
f 5577 5578 5579
f 5579 5578 5580
f 5579 5580 5581
f 5581 5580 5582
f 5581 5582 5583
f 5583 5582 5584
f 5583 5584 5585
f 5585 5584 5586
f 5585 5586 5587
f 5587 5586 5588
f 5587 5588 5589
f 5589 5588 5590
f 5589 5590 5591
f 5591 5590 5592
f 5591 5592 5593
f 5593 5592 5594
f 5593 5594 5595
f 5595 5594 5596
f 5595 5596 5597
f 5597 5596 5598
f 5597 5598 5599
f 5599 5598 5600
f 5599 5600 5601
f 5601 5600 5602
f 5601 5602 5603
f 5603 5602 5604
f 5603 5604 5605
f 5605 5604 5606
f 5605 5606 5607
f 5607 5606 5608
f 5607 5608 5609
f 5609 5608 5610
f 5609 5610 5611
f 5611 5610 5612
f 5611 5612 5613
f 5613 5612 5614
f 5613 5614 5615
f 5615 5614 5616
f 5615 5616 5617
f 5617 5616 5618
f 5617 5618 5619
f 5619 5618 5620
f 5619 5620 5621
f 5621 5620 5622
f 5621 5622 5623
f 5623 5622 5624
f 5623 5624 5625
f 5625 5624 5626
f 5625 5626 5577
f 5577 5626 5578
f 5577 5579 5627
f 5627 5579 5581
f 5627 5581 5628
f 5628 5581 5583
f 5628 5583 5629
f 5629 5583 5585
f 5629 5585 5630
f 5630 5585 5587
f 5630 5587 5589
f 5630 5589 5631
f 5631 5589 5591
f 5631 5591 5632
f 5632 5591 5593
f 5632 5593 5595
f 5632 5595 5633
f 5633 5595 5597
f 5633 5597 5634
f 5634 5597 5599
f 5634 5599 5635
f 5635 5599 5601
f 5635 5601 5603
f 5635 5603 5636
f 5636 5603 5605
f 5636 5605 5637
f 5637 5605 5607
f 5637 5607 5609
f 5637 5609 5638
f 5638 5609 5611
f 5638 5611 5639
f 5639 5611 5613
f 5639 5613 5640
f 5640 5613 5615
f 5640 5615 5617
f 5640 5617 5641
f 5641 5617 5619
f 5641 5619 5642
f 5642 5619 5621
f 5642 5621 5623
f 5642 5623 5643
f 5643 5623 5625
f 5643 5625 5644
f 5644 5625 5577
f 5644 5577 5627
f 5645 5646 5647
f 5647 5646 5648
f 5647 5648 5649
f 5649 5648 5650
f 5649 5650 5651
f 5651 5650 5652
f 5651 5652 5653
f 5653 5652 5654
f 5653 5654 5655
f 5655 5654 5656
f 5655 5656 5657
f 5657 5656 5658
f 5657 5658 5659
f 5659 5658 5660
f 5659 5660 5661
f 5661 5660 5662
f 5661 5662 5663
f 5663 5662 5664
f 5663 5664 5665
f 5665 5664 5666
f 5665 5666 5667
f 5667 5666 5668
f 5667 5668 5669
f 5669 5668 5670
f 5669 5670 5671
f 5671 5670 5672
f 5671 5672 5673
f 5673 5672 5674
f 5673 5674 5675
f 5675 5674 5676
f 5675 5676 5677
f 5677 5676 5678
f 5677 5678 5679
f 5679 5678 5680
f 5679 5680 5681
f 5681 5680 5682
f 5681 5682 5683
f 5683 5682 5684
f 5683 5684 5685
f 5685 5684 5686
f 5685 5686 5687
f 5687 5686 5688
f 5687 5688 5689
f 5689 5688 5690
f 5689 5690 5691
f 5691 5690 5692
f 5691 5692 5693
f 5693 5692 5694
f 5693 5694 5645
f 5645 5694 5646
f 5645 5647 5695
f 5695 5647 5649
f 5695 5649 5696
f 5696 5649 5651
f 5696 5651 5697
f 5697 5651 5653
f 5697 5653 5698
f 5698 5653 5655
f 5698 5655 5657
f 5698 5657 5699
f 5699 5657 5659
f 5699 5659 5700
f 5700 5659 5661
f 5700 5661 5663
f 5700 5663 5701
f 5701 5663 5665
f 5701 5665 5702
f 5702 5665 5667
f 5702 5667 5703
f 5703 5667 5669
f 5703 5669 5671
f 5703 5671 5704
f 5704 5671 5673
f 5704 5673 5705
f 5705 5673 5675
f 5705 5675 5677
f 5705 5677 5706
f 5706 5677 5679
f 5706 5679 5707
f 5707 5679 5681
f 5707 5681 5708
f 5708 5681 5683
f 5708 5683 5685
f 5708 5685 5709
f 5709 5685 5687
f 5709 5687 5710
f 5710 5687 5689
f 5710 5689 5691
f 5710 5691 5711
f 5711 5691 5693
f 5711 5693 5712
f 5712 5693 5645
f 5712 5645 5695
f 5713 5714 5715
f 5715 5714 5716
f 5715 5716 5717
f 5717 5716 5718
f 5717 5718 5719
f 5719 5718 5720
f 5719 5720 5721
f 5721 5720 5722
f 5721 5722 5723
f 5723 5722 5724
f 5723 5724 5725
f 5725 5724 5726
f 5725 5726 5727
f 5727 5726 5728
f 5727 5728 5729
f 5729 5728 5730
f 5729 5730 5731
f 5731 5730 5732
f 5731 5732 5733
f 5733 5732 5734
f 5733 5734 5735
f 5735 5734 5736
f 5735 5736 5737
f 5737 5736 5738
f 5737 5738 5739
f 5739 5738 5740
f 5739 5740 5741
f 5741 5740 5742
f 5741 5742 5743
f 5743 5742 5744
f 5743 5744 5745
f 5745 5744 5746
f 5745 5746 5747
f 5747 5746 5748
f 5747 5748 5749
f 5749 5748 5750
f 5749 5750 5751
f 5751 5750 5752
f 5751 5752 5753
f 5753 5752 5754
f 5753 5754 5755
f 5755 5754 5756
f 5755 5756 5757
f 5757 5756 5758
f 5757 5758 5759
f 5759 5758 5760
f 5759 5760 5761
f 5761 5760 5762
f 5761 5762 5713
f 5713 5762 5714
f 5713 5715 5763
f 5763 5715 5717
f 5763 5717 5764
f 5764 5717 5719
f 5764 5719 5765
f 5765 5719 5721
f 5765 5721 5766
f 5766 5721 5723
f 5766 5723 5725
f 5766 5725 5767
f 5767 5725 5727
f 5767 5727 5768
f 5768 5727 5729
f 5768 5729 5731
f 5768 5731 5769
f 5769 5731 5733
f 5769 5733 5770
f 5770 5733 5735
f 5770 5735 5771
f 5771 5735 5737
f 5771 5737 5739
f 5771 5739 5772
f 5772 5739 5741
f 5772 5741 5773
f 5773 5741 5743
f 5773 5743 5745
f 5773 5745 5774
f 5774 5745 5747
f 5774 5747 5775
f 5775 5747 5749
f 5775 5749 5776
f 5776 5749 5751
f 5776 5751 5753
f 5776 5753 5777
f 5777 5753 5755
f 5777 5755 5778
f 5778 5755 5757
f 5778 5757 5759
f 5778 5759 5779
f 5779 5759 5761
f 5779 5761 5780
f 5780 5761 5713
f 5780 5713 5763
f 5781 5782 5783
f 5783 5782 5784
f 5783 5784 5785
f 5785 5784 5786
f 5785 5786 5787
f 5787 5786 5788
f 5787 5788 5789
f 5789 5788 5790
f 5789 5790 5791
f 5791 5790 5792
f 5791 5792 5793
f 5793 5792 5794
f 5793 5794 5795
f 5795 5794 5796
f 5795 5796 5797
f 5797 5796 5798
f 5797 5798 5799
f 5799 5798 5800
f 5799 5800 5801
f 5801 5800 5802
f 5801 5802 5803
f 5803 5802 5804
f 5803 5804 5805
f 5805 5804 5806
f 5805 5806 5807
f 5807 5806 5808
f 5807 5808 5809
f 5809 5808 5810
f 5809 5810 5811
f 5811 5810 5812
f 5811 5812 5813
f 5813 5812 5814
f 5813 5814 5815
f 5815 5814 5816
f 5815 5816 5817
f 5817 5816 5818
f 5817 5818 5819
f 5819 5818 5820
f 5819 5820 5821
f 5821 5820 5822
f 5821 5822 5823
f 5823 5822 5824
f 5823 5824 5825
f 5825 5824 5826
f 5825 5826 5827
f 5827 5826 5828
f 5827 5828 5829
f 5829 5828 5830
f 5829 5830 5781
f 5781 5830 5782
f 5781 5783 5831
f 5831 5783 5785
f 5831 5785 5832
f 5832 5785 5787
f 5832 5787 5833
f 5833 5787 5789
f 5833 5789 5834
f 5834 5789 5791
f 5834 5791 5793
f 5834 5793 5835
f 5835 5793 5795
f 5835 5795 5836
f 5836 5795 5797
f 5836 5797 5799
f 5836 5799 5837
f 5837 5799 5801
f 5837 5801 5838
f 5838 5801 5803
f 5838 5803 5839
f 5839 5803 5805
f 5839 5805 5807
f 5839 5807 5840
f 5840 5807 5809
f 5840 5809 5841
f 5841 5809 5811
f 5841 5811 5813
f 5841 5813 5842
f 5842 5813 5815
f 5842 5815 5843
f 5843 5815 5817
f 5843 5817 5844
f 5844 5817 5819
f 5844 5819 5821
f 5844 5821 5845
f 5845 5821 5823
f 5845 5823 5846
f 5846 5823 5825
f 5846 5825 5827
f 5846 5827 5847
f 5847 5827 5829
f 5847 5829 5848
f 5848 5829 5781
f 5848 5781 5831
f 5849 5850 5851
f 5851 5850 5852
f 5851 5852 5853
f 5853 5852 5854
f 5853 5854 5855
f 5855 5854 5856
f 5855 5856 5857
f 5857 5856 5858
f 5857 5858 5859
f 5859 5858 5860
f 5859 5860 5861
f 5861 5860 5862
f 5861 5862 5863
f 5863 5862 5864
f 5863 5864 5865
f 5865 5864 5866
f 5865 5866 5867
f 5867 5866 5868
f 5867 5868 5869
f 5869 5868 5870
f 5869 5870 5871
f 5871 5870 5872
f 5871 5872 5873
f 5873 5872 5874
f 5873 5874 5875
f 5875 5874 5876
f 5875 5876 5877
f 5877 5876 5878
f 5877 5878 5879
f 5879 5878 5880
f 5879 5880 5881
f 5881 5880 5882
f 5881 5882 5883
f 5883 5882 5884
f 5883 5884 5885
f 5885 5884 5886
f 5885 5886 5887
f 5887 5886 5888
f 5887 5888 5889
f 5889 5888 5890
f 5889 5890 5891
f 5891 5890 5892
f 5891 5892 5893
f 5893 5892 5894
f 5893 5894 5895
f 5895 5894 5896
f 5895 5896 5897
f 5897 5896 5898
f 5897 5898 5849
f 5849 5898 5850
f 5849 5851 5899
f 5899 5851 5853
f 5899 5853 5900
f 5900 5853 5855
f 5900 5855 5901
f 5901 5855 5857
f 5901 5857 5902
f 5902 5857 5859
f 5902 5859 5861
f 5902 5861 5903
f 5903 5861 5863
f 5903 5863 5904
f 5904 5863 5865
f 5904 5865 5867
f 5904 5867 5905
f 5905 5867 5869
f 5905 5869 5906
f 5906 5869 5871
f 5906 5871 5907
f 5907 5871 5873
f 5907 5873 5875
f 5907 5875 5908
f 5908 5875 5877
f 5908 5877 5909
f 5909 5877 5879
f 5909 5879 5881
f 5909 5881 5910
f 5910 5881 5883
f 5910 5883 5911
f 5911 5883 5885
f 5911 5885 5912
f 5912 5885 5887
f 5912 5887 5889
f 5912 5889 5913
f 5913 5889 5891
f 5913 5891 5914
f 5914 5891 5893
f 5914 5893 5895
f 5914 5895 5915
f 5915 5895 5897
f 5915 5897 5916
f 5916 5897 5849
f 5916 5849 5899
f 5917 5918 5919
f 5919 5918 5920
f 5919 5920 5921
f 5921 5920 5922
f 5921 5922 5923
f 5923 5922 5924
f 5923 5924 5925
f 5925 5924 5926
f 5925 5926 5927
f 5927 5926 5928
f 5927 5928 5929
f 5929 5928 5930
f 5929 5930 5931
f 5931 5930 5932
f 5931 5932 5933
f 5933 5932 5934
f 5933 5934 5935
f 5935 5934 5936
f 5935 5936 5937
f 5937 5936 5938
f 5937 5938 5939
f 5939 5938 5940
f 5939 5940 5941
f 5941 5940 5942
f 5941 5942 5943
f 5943 5942 5944
f 5943 5944 5945
f 5945 5944 5946
f 5945 5946 5947
f 5947 5946 5948
f 5947 5948 5949
f 5949 5948 5950
f 5949 5950 5951
f 5951 5950 5952
f 5951 5952 5953
f 5953 5952 5954
f 5953 5954 5955
f 5955 5954 5956
f 5955 5956 5957
f 5957 5956 5958
f 5957 5958 5959
f 5959 5958 5960
f 5959 5960 5961
f 5961 5960 5962
f 5961 5962 5963
f 5963 5962 5964
f 5963 5964 5965
f 5965 5964 5966
f 5965 5966 5917
f 5917 5966 5918
f 5917 5919 5967
f 5967 5919 5921
f 5967 5921 5968
f 5968 5921 5923
f 5968 5923 5969
f 5969 5923 5925
f 5969 5925 5970
f 5970 5925 5927
f 5970 5927 5929
f 5970 5929 5971
f 5971 5929 5931
f 5971 5931 5972
f 5972 5931 5933
f 5972 5933 5935
f 5972 5935 5973
f 5973 5935 5937
f 5973 5937 5974
f 5974 5937 5939
f 5974 5939 5975
f 5975 5939 5941
f 5975 5941 5943
f 5975 5943 5976
f 5976 5943 5945
f 5976 5945 5977
f 5977 5945 5947
f 5977 5947 5949
f 5977 5949 5978
f 5978 5949 5951
f 5978 5951 5979
f 5979 5951 5953
f 5979 5953 5980
f 5980 5953 5955
f 5980 5955 5957
f 5980 5957 5981
f 5981 5957 5959
f 5981 5959 5982
f 5982 5959 5961
f 5982 5961 5963
f 5982 5963 5983
f 5983 5963 5965
f 5983 5965 5984
f 5984 5965 5917
f 5984 5917 5967
f 5985 5986 5987
f 5987 5986 5988
f 5987 5988 5989
f 5989 5988 5990
f 5989 5990 5991
f 5991 5990 5992
f 5991 5992 5993
f 5993 5992 5994
f 5993 5994 5995
f 5995 5994 5996
f 5995 5996 5997
f 5997 5996 5998
f 5997 5998 5999
f 5999 5998 6000
f 5999 6000 6001
f 6001 6000 6002
f 6001 6002 6003
f 6003 6002 6004
f 6003 6004 6005
f 6005 6004 6006
f 6005 6006 6007
f 6007 6006 6008
f 6007 6008 6009
f 6009 6008 6010
f 6009 6010 6011
f 6011 6010 6012
f 6011 6012 6013
f 6013 6012 6014
f 6013 6014 6015
f 6015 6014 6016
f 6015 6016 6017
f 6017 6016 6018
f 6017 6018 6019
f 6019 6018 6020
f 6019 6020 6021
f 6021 6020 6022
f 6021 6022 6023
f 6023 6022 6024
f 6023 6024 6025
f 6025 6024 6026
f 6025 6026 6027
f 6027 6026 6028
f 6027 6028 6029
f 6029 6028 6030
f 6029 6030 6031
f 6031 6030 6032
f 6031 6032 6033
f 6033 6032 6034
f 6033 6034 5985
f 5985 6034 5986
f 5985 5987 6035
f 6035 5987 5989
f 6035 5989 6036
f 6036 5989 5991
f 6036 5991 6037
f 6037 5991 5993
f 6037 5993 6038
f 6038 5993 5995
f 6038 5995 5997
f 6038 5997 6039
f 6039 5997 5999
f 6039 5999 6040
f 6040 5999 6001
f 6040 6001 6003
f 6040 6003 6041
f 6041 6003 6005
f 6041 6005 6042
f 6042 6005 6007
f 6042 6007 6043
f 6043 6007 6009
f 6043 6009 6011
f 6043 6011 6044
f 6044 6011 6013
f 6044 6013 6045
f 6045 6013 6015
f 6045 6015 6017
f 6045 6017 6046
f 6046 6017 6019
f 6046 6019 6047
f 6047 6019 6021
f 6047 6021 6048
f 6048 6021 6023
f 6048 6023 6025
f 6048 6025 6049
f 6049 6025 6027
f 6049 6027 6050
f 6050 6027 6029
f 6050 6029 6031
f 6050 6031 6051
f 6051 6031 6033
f 6051 6033 6052
f 6052 6033 5985
f 6052 5985 6035
f 4465 6053 4463
f 4463 6053 4474
f 4474 6053 6054
f 4474 6054 4478
f 4478 6054 6055
f 4478 6055 4480
f 4480 6055 6056
f 4480 6056 4483
f 4483 6056 6057
f 4483 6057 4486
f 4486 6057 6058
f 4486 6058 4488
f 4488 6058 6059
f 4488 6059 4491
f 4491 6059 6060
f 4491 6060 4493
f 4493 6060 6061
f 4493 6061 4496
f 4496 6061 6062
f 4496 6062 4498
f 4498 6062 6063
f 4498 6063 4501
f 4501 6063 5225
f 4501 5225 4503
f 4503 5225 6064
f 4503 6064 4506
f 4506 6064 6065
f 4506 6065 4509
f 4509 6065 6066
f 4509 6066 4511
f 4511 6066 6067
f 4511 6067 4514
f 4514 6067 6068
f 4514 6068 4516
f 4516 6068 6069
f 4516 6069 4518
f 4518 6069 6070
f 4518 6070 4521
f 4521 6070 6071
f 4521 6071 4524
f 4524 6071 6072
f 4524 6072 4526
f 4526 6072 6073
f 4526 6073 4529
f 4529 6073 6074
f 4529 6074 4532
f 4532 6074 6075
f 4532 6075 4534
f 4534 6075 6076
f 4534 6076 4536
f 4536 6076 6077
f 4536 6077 4539
f 4539 6077 6078
f 4539 6078 6079
f 4539 6079 4541
f 4541 6079 6080
f 4541 6080 4544
f 4544 6080 6081
f 4544 6081 4546
f 4546 6081 6082
f 4546 6082 4548
f 4548 6082 6083
f 4548 6083 4552
f 4552 6083 6084
f 4552 6084 4555
f 4555 6084 6085
f 4555 6085 4557
f 4557 6085 6086
f 4557 6086 4560
f 4560 6086 6087
f 4560 6087 4563
f 4563 6087 6088
f 4563 6088 4565
f 4565 6088 6089
f 4565 6089 4567
f 4567 6089 6090
f 4567 6090 4571
f 4571 6090 6091
f 4571 6091 4573
f 4573 6091 6092
f 4573 6092 4576
f 4576 6092 6093
f 4576 6093 4579
f 4579 6093 6094
f 4579 6094 4581
f 4581 6094 6095
f 4581 6095 4584
f 4584 6095 6096
f 4584 6096 4586
f 4586 6096 6097
f 4586 6097 4595
f 4595 6097 6098
f 4595 6098 4597
f 4597 6098 6099
f 4597 6099 4600
f 4600 6099 6100
f 4600 6100 4602
f 4602 6100 6101
f 4602 6101 4605
f 4605 6101 6102
f 4605 6102 4608
f 4608 6102 6103
f 4608 6103 4610
f 4610 6103 6104
f 4610 6104 4469
f 4469 6104 4467
f 6105 6101 6106
f 6106 6101 6100
f 6106 6100 6099
f 6101 6105 6102
f 6102 6105 6107
f 6102 6107 6103
f 6103 6107 6108
f 6103 6108 6104
f 6104 6108 6109
f 6104 6109 4467
f 4467 6109 6110
f 4467 6110 6111
f 6111 6112 4467
f 4467 6112 6113
f 4467 6113 6114
f 6114 6113 6115
f 6114 6115 6116
f 6114 6116 6117
f 6117 6116 6118
f 6117 6118 4465
f 4465 6118 6119
f 4465 6119 6120
f 6120 6121 4465
f 4465 6121 6122
f 4465 6122 6053
f 6053 6122 6123
f 6053 6123 6054
f 6054 6123 6124
f 6054 6124 6055
f 6055 6124 6125
f 6055 6125 6056
f 6056 6125 5227
f 6056 5227 6057
f 6057 5227 6058
f 6058 5227 6059
f 6059 5227 6060
f 6060 5227 6061
f 6061 5227 6062
f 6062 5227 6063
f 6063 5227 5225
f 4466 6126 4465
f 4465 6126 6127
f 4465 6127 6128
f 6128 6129 4465
f 4465 6129 6130
f 4465 6130 6131
f 4465 6131 6132
f 6132 6131 6133
f 6132 6133 6134
f 6134 6133 6135
f 6134 6135 6136
f 6136 6135 6137
f 6136 6137 6138
f 6138 6137 6139
f 6138 6139 6140
f 6140 6139 6141
f 6140 6141 6142
f 6142 6141 6143
f 6142 6143 4467
f 4467 6143 6144
f 4467 6144 6145
f 6145 6146 4467
f 4467 6146 6147
f 4467 6147 6148
f 6148 4468 4467
f 6099 6098 6106
f 6106 6098 6097
f 6106 6097 6096
f 6096 6095 6106
f 6106 6095 6094
f 6106 6094 6093
f 6149 6150 4467
f 4467 6150 6151
f 4467 6151 6142
f 6132 6152 4465
f 4465 6152 6153
f 4465 6153 6154
f 6154 6155 4465
f 4465 6155 6156
f 4465 6156 6117
f 6114 6157 4467
f 4467 6157 6158
f 4467 6158 6149
f 6093 6092 6159
f 6159 6092 6091
f 6159 6091 6090
f 6090 6089 6159
f 6159 6089 6088
f 6159 6088 6087
f 6087 6086 6159
f 6159 6086 6085
f 6159 6085 6084
f 6084 6083 6159
f 6159 6083 6082
f 6159 6082 6081
f 6081 6080 6159
f 6159 6080 6079
f 6159 6079 6078
f 6159 6078 5223
f 5223 6078 6077
f 5223 6077 6076
f 6076 6075 5223
f 5223 6075 6074
f 5223 6074 6073
f 6073 6072 5223
f 5223 6072 6071
f 5223 6071 6070
f 6070 6069 5223
f 5223 6069 6068
f 5223 6068 6067
f 6067 6066 5223
f 5223 6066 6065
f 5223 6065 6064
f 6064 5225 5223
f 6160 6161 6162
f 6162 6161 6163
f 6162 6163 6164
f 5224 5822 6160
f 6160 5822 5820
f 6160 5820 5818
f 5226 6165 5224
f 5224 6165 6166
f 5224 6166 5988
f 5988 6166 6167
f 5988 6167 5990
f 5990 6167 6168
f 5990 6168 5992
f 5992 6168 6169
f 5992 6169 6170
f 6171 5718 5226
f 5226 5718 5716
f 5226 5716 5714
f 5718 6171 5720
f 5720 6171 6172
f 5720 6172 5722
f 5722 6172 6173
f 5722 6173 5724
f 5724 6173 5726
f 5726 6173 6174
f 5726 6174 5728
f 5728 6174 6175
f 5728 6175 5730
f 5730 6175 5732
f 5732 6175 6176
f 5732 6176 5734
f 5734 6176 5922
f 5734 5922 5736
f 5736 5922 5920
f 5736 5920 5738
f 5738 5920 5918
f 5738 5918 5740
f 5740 5918 5966
f 5740 5966 5742
f 5742 5966 6177
f 5742 6177 6178
f 6176 6179 5922
f 5922 6179 5924
f 5924 6179 5926
f 5926 6179 6180
f 5926 6180 5928
f 5928 6180 6181
f 5928 6181 5930
f 5930 6181 5932
f 5932 6181 6182
f 5932 6182 5934
f 5934 6182 5936
f 5936 6182 6183
f 5936 6183 5938
f 5938 6183 5940
f 5940 6183 6184
f 5940 6184 5942
f 5942 6184 6185
f 5942 6185 5944
f 5944 6185 5858
f 5944 5858 5856
f 5858 6185 5860
f 5860 6185 6186
f 5860 6186 5862
f 5862 6186 5864
f 5864 6186 6187
f 5864 6187 5866
f 5866 6187 5868
f 5868 6187 6188
f 5868 6188 5870
f 5870 6188 6189
f 5870 6189 5872
f 5872 6189 5874
f 5874 6189 6190
f 5874 6190 5876
f 5876 6190 6162
f 5876 6162 5878
f 5878 6162 6164
f 5878 6164 6191
f 5646 5806 5648
f 5648 5806 5804
f 5648 5804 6192
f 6192 5804 5802
f 6192 5802 6193
f 6193 5802 5800
f 6193 5800 6194
f 6194 5800 5798
f 6194 5798 6195
f 6195 5798 5796
f 6195 5796 6196
f 6196 5796 5794
f 6196 5794 5792
f 5806 5646 5808
f 5808 5646 5694
f 5808 5694 5810
f 5810 5694 5692
f 5810 5692 5812
f 5812 5692 5690
f 5812 5690 5688
f 5812 5688 5814
f 5814 5688 5686
f 5814 5686 6160
f 6160 5686 5684
f 6160 5684 5682
f 5682 5680 6160
f 6160 5680 5678
f 6160 5678 5676
f 5676 5674 6160
f 6160 5674 6197
f 6160 6197 6161
f 6197 5674 6198
f 6198 5674 5672
f 6198 5672 6199
f 6199 5672 5670
f 6199 5670 6200
f 6200 5670 5668
f 6200 5668 6201
f 6201 5668 5666
f 6201 5666 6202
f 6202 5666 5664
f 6202 5664 6203
f 6203 5664 5662
f 6203 5662 6204
f 6204 5662 5660
f 6204 5660 6205
f 6205 5660 5658
f 6205 5658 6206
f 6206 5658 5656
f 6206 5656 6207
f 6207 5656 5654
f 6207 5654 6208
f 6208 5654 5652
f 6208 5652 6209
f 6209 5652 5650
f 6209 5650 6192
f 6192 5650 5648
f 5762 6210 5714
f 5714 6210 6211
f 5714 6211 5226
f 5226 6211 6212
f 5226 6212 6165
f 5760 6213 5762
f 5762 6213 6214
f 5762 6214 6210
f 6213 5760 6215
f 6215 5760 5758
f 6215 5758 6216
f 6216 5758 5756
f 6216 5756 6217
f 6217 5756 5754
f 6217 5754 5752
f 5750 6218 5752
f 5752 6218 6219
f 5752 6219 6217
f 6217 6219 6220
f 6220 6219 6221
f 6220 6221 6222
f 5750 5748 6218
f 6218 5748 6223
f 6223 5748 5746
f 6223 5746 6224
f 6224 5746 5744
f 6224 5744 6178
f 6178 5744 5742
f 5782 6018 5784
f 5784 6018 6016
f 5784 6016 5786
f 5786 6016 6014
f 5786 6014 5788
f 5788 6014 6012
f 5788 6012 6225
f 6225 6012 6226
f 6226 6012 6010
f 6226 6010 6227
f 6227 6010 6008
f 6227 6008 6228
f 6228 6008 6006
f 6228 6006 6229
f 6229 6006 6004
f 6229 6004 6002
f 6018 5782 6020
f 6020 5782 5830
f 6020 5830 6022
f 6022 5830 6024
f 6024 5830 5828
f 6024 5828 5224
f 5224 5828 5826
f 5224 5826 5824
f 5824 5822 5224
f 5818 5816 6160
f 6160 5816 5814
f 6196 5792 6230
f 6230 5792 5790
f 6230 5790 6225
f 6225 5790 5788
f 5850 6231 5852
f 5852 6231 5950
f 5852 5950 5948
f 6231 5850 6232
f 6232 5850 5898
f 6232 5898 6233
f 6233 5898 5896
f 6233 5896 6234
f 6234 5896 5894
f 6234 5894 6235
f 6235 5894 5892
f 6235 5892 6236
f 6236 5892 5890
f 6236 5890 6237
f 6237 5890 5888
f 6237 5888 6238
f 6238 5888 5886
f 6238 5886 6239
f 6239 5886 5884
f 6239 5884 6240
f 6240 5884 5882
f 6240 5882 6241
f 6241 5882 5880
f 6241 5880 6191
f 6191 5880 5878
f 5944 5856 5946
f 5946 5856 5854
f 5946 5854 5948
f 5948 5854 5852
f 5966 5964 6177
f 6177 5964 6242
f 6242 5964 5962
f 6242 5962 6243
f 6243 5962 5960
f 6243 5960 5958
f 6243 5958 6244
f 6244 5958 5956
f 6244 5956 6245
f 6245 5956 5954
f 6245 5954 6246
f 6246 5954 5952
f 6246 5952 6231
f 6231 5952 5950
f 5988 5986 5224
f 5224 5986 6034
f 5224 6034 6032
f 6032 6030 5224
f 5224 6030 6028
f 5224 6028 6026
f 6026 6024 5224
f 6000 6247 6002
f 6002 6247 6222
f 6002 6222 6229
f 6000 5998 6247
f 6247 5998 6248
f 6248 5998 5996
f 6248 5996 6249
f 6249 5996 5994
f 6249 5994 6170
f 6170 5994 5992
f 6204 6205 6250
f 6250 6205 6251
f 6250 6251 6236
f 6247 6220 6222
f 6237 6250 6236
f 4396 4395 5228
f 5228 4395 4394
f 5228 4394 4393
f 4393 4392 5228
f 5228 4392 4391
f 5228 4391 4390
f 4390 4389 5228
f 5228 4389 4388
f 5228 4388 4387
f 4387 4386 5228
f 5228 4386 4385
f 5228 4385 4384
f 4384 4383 5228
f 5228 4383 4382
f 5228 4382 4381
f 5228 4381 6252
f 6252 4381 4380
f 6252 4380 4379
f 4379 4378 6252
f 6252 4378 4377
f 6252 4377 4376
f 4376 4375 6252
f 6252 4375 4374
f 6252 4374 4373
f 4373 4372 6252
f 6252 4372 4371
f 6252 4371 4370
f 4370 4369 6252
f 6252 4369 4368
f 6252 4368 4367
f 4367 4366 6252
f 6253 4429 6254
f 6254 4429 4428
f 6254 4428 6255
f 6255 4428 4427
f 6255 4427 6256
f 6256 4427 4426
f 6256 4426 6257
f 6257 4426 4425
f 6257 4425 6258
f 6258 4425 4424
f 6258 4424 6259
f 6259 4424 4423
f 6259 4423 6260
f 6260 4423 4422
f 6260 4422 6261
f 6261 4422 4421
f 6261 4421 6262
f 6262 4421 4419
f 6262 4419 6263
f 6263 4419 4418
f 6263 4418 6264
f 6264 4418 4416
f 6264 4416 6265
f 6265 4416 4415
f 6265 4415 6266
f 6266 4415 4414
f 6266 4414 6267
f 6267 4414 4413
f 6267 4413 6268
f 6268 4413 4412
f 6268 4412 6269
f 6269 4412 4411
f 6269 4411 6270
f 6270 4411 4410
f 6270 4410 6271
f 6271 4410 4408
f 6271 4408 5232
f 5232 4408 4409
f 6272 5414 5230
f 5230 5414 5412
f 5230 5412 5410
f 6253 6273 6272
f 6272 6273 6274
f 6272 6274 5580
f 5580 6274 6275
f 5580 6275 5582
f 5582 6275 6276
f 5582 6276 5584
f 5584 6276 6277
f 5584 6277 6278
f 6254 5310 6253
f 6253 5310 5308
f 6253 5308 5306
f 5310 6254 5312
f 5312 6254 6255
f 5312 6255 5314
f 5314 6255 6256
f 5314 6256 5316
f 5316 6256 5318
f 5318 6256 6257
f 5318 6257 5320
f 5320 6257 6258
f 5320 6258 5322
f 5322 6258 5324
f 5324 6258 6259
f 5324 6259 5326
f 5326 6259 5514
f 5326 5514 5328
f 5328 5514 5512
f 5328 5512 5330
f 5330 5512 5510
f 5330 5510 5332
f 5332 5510 5558
f 5332 5558 5334
f 5334 5558 6279
f 5334 6279 6280
f 6259 6260 5514
f 5514 6260 5516
f 5516 6260 5518
f 5518 6260 6261
f 5518 6261 5520
f 5520 6261 6262
f 5520 6262 5522
f 5522 6262 5524
f 5524 6262 6263
f 5524 6263 5526
f 5526 6263 5528
f 5528 6263 6264
f 5528 6264 5530
f 5530 6264 5532
f 5532 6264 6265
f 5532 6265 5534
f 5534 6265 6266
f 5534 6266 5536
f 5536 6266 5450
f 5536 5450 5448
f 5450 6266 5452
f 5452 6266 6267
f 5452 6267 5454
f 5454 6267 5456
f 5456 6267 6268
f 5456 6268 5458
f 5458 6268 5460
f 5460 6268 6269
f 5460 6269 5462
f 5462 6269 6270
f 5462 6270 5464
f 5464 6270 5466
f 5466 6270 6271
f 5466 6271 5468
f 5468 6271 5232
f 5468 5232 5470
f 5470 5232 6281
f 5470 6281 6282
f 5230 6283 5232
f 5232 6283 6284
f 5232 6284 6281
f 5238 5398 5240
f 5240 5398 5396
f 5240 5396 6285
f 6285 5396 5394
f 6285 5394 6286
f 6286 5394 5392
f 6286 5392 6287
f 6287 5392 5390
f 6287 5390 6288
f 6288 5390 5388
f 6288 5388 6289
f 6289 5388 5386
f 6289 5386 5384
f 5398 5238 5400
f 5400 5238 5286
f 5400 5286 5402
f 5402 5286 5284
f 5402 5284 5404
f 5404 5284 5282
f 5404 5282 5280
f 5404 5280 5406
f 5406 5280 5278
f 5406 5278 5230
f 5230 5278 5276
f 5230 5276 5274
f 5274 5272 5230
f 5230 5272 5270
f 5230 5270 5268
f 5268 5266 5230
f 5230 5266 6290
f 5230 6290 6283
f 6290 5266 6291
f 6291 5266 5264
f 6291 5264 6292
f 6292 5264 5262
f 6292 5262 6293
f 6293 5262 5260
f 6293 5260 6294
f 6294 5260 5258
f 6294 5258 6295
f 6295 5258 5256
f 6295 5256 6296
f 6296 5256 5254
f 6296 5254 6297
f 6297 5254 5252
f 6297 5252 6298
f 6298 5252 5250
f 6298 5250 6299
f 6299 5250 5248
f 6299 5248 6300
f 6300 5248 5246
f 6300 5246 6301
f 6301 5246 5244
f 6301 5244 6302
f 6302 5244 5242
f 6302 5242 6285
f 6285 5242 5240
f 5354 6303 5306
f 5306 6303 6304
f 5306 6304 6253
f 6253 6304 6305
f 6253 6305 6273
f 5352 6306 5354
f 5354 6306 6307
f 5354 6307 6303
f 6306 5352 6308
f 6308 5352 5350
f 6308 5350 6309
f 6309 5350 5348
f 6309 5348 6310
f 6310 5348 5346
f 6310 5346 5344
f 5342 6311 5344
f 5344 6311 6312
f 5344 6312 6310
f 6310 6312 6313
f 6313 6312 6314
f 6313 6314 6315
f 5342 5340 6311
f 6311 5340 6316
f 6316 5340 5338
f 6316 5338 6317
f 6317 5338 5336
f 6317 5336 6280
f 6280 5336 5334
f 5374 5610 5376
f 5376 5610 5608
f 5376 5608 5378
f 5378 5608 5606
f 5378 5606 5380
f 5380 5606 5604
f 5380 5604 6318
f 6318 5604 6319
f 6319 5604 5602
f 6319 5602 6320
f 6320 5602 5600
f 6320 5600 6321
f 6321 5600 5598
f 6321 5598 6322
f 6322 5598 5596
f 6322 5596 5594
f 5610 5374 5612
f 5612 5374 5422
f 5612 5422 5614
f 5614 5422 5616
f 5616 5422 5420
f 5616 5420 6272
f 6272 5420 5418
f 6272 5418 5416
f 5416 5414 6272
f 5410 5408 5230
f 5230 5408 5406
f 6289 5384 6323
f 6323 5384 5382
f 6323 5382 6318
f 6318 5382 5380
f 5442 6324 5444
f 5444 6324 5542
f 5444 5542 5540
f 6324 5442 6325
f 6325 5442 5490
f 6325 5490 6326
f 6326 5490 5488
f 6326 5488 6327
f 6327 5488 5486
f 6327 5486 6328
f 6328 5486 5484
f 6328 5484 6329
f 6329 5484 5482
f 6329 5482 6330
f 6330 5482 5480
f 6330 5480 6331
f 6331 5480 5478
f 6331 5478 6332
f 6332 5478 5476
f 6332 5476 6333
f 6333 5476 5474
f 6333 5474 6334
f 6334 5474 5472
f 6334 5472 6282
f 6282 5472 5470
f 5536 5448 5538
f 5538 5448 5446
f 5538 5446 5540
f 5540 5446 5444
f 5558 5556 6279
f 6279 5556 6335
f 6335 5556 5554
f 6335 5554 6336
f 6336 5554 5552
f 6336 5552 5550
f 6336 5550 6337
f 6337 5550 5548
f 6337 5548 6338
f 6338 5548 5546
f 6338 5546 6339
f 6339 5546 5544
f 6339 5544 6324
f 6324 5544 5542
f 5580 5578 6272
f 6272 5578 5626
f 6272 5626 5624
f 5624 5622 6272
f 6272 5622 5620
f 6272 5620 5618
f 5618 5616 6272
f 5592 6340 5594
f 5594 6340 6315
f 5594 6315 6322
f 5592 5590 6340
f 6340 5590 6341
f 6341 5590 5588
f 6341 5588 6342
f 6342 5588 5586
f 6342 5586 6278
f 6278 5586 5584
f 6340 6313 6315
f 6298 6343 6344
f 6344 6343 6329
f 6344 6329 6330
f 6297 6298 6344
f 5226 5227 6171
f 6171 5227 6125
f 6171 6125 6172
f 6172 6125 6124
f 6172 6124 6173
f 6173 6124 6123
f 6173 6123 6174
f 6174 6123 6122
f 6174 6122 6175
f 6175 6122 6121
f 6175 6121 6176
f 6176 6121 6120
f 6176 6120 6179
f 6179 6120 6119
f 6179 6119 6180
f 6180 6119 6118
f 6180 6118 6181
f 6181 6118 6116
f 6181 6116 6182
f 6182 6116 6115
f 6182 6115 6183
f 6183 6115 6113
f 6183 6113 6184
f 6184 6113 6112
f 6184 6112 6185
f 6185 6112 6111
f 6185 6111 6186
f 6186 6111 6110
f 6186 6110 6187
f 6187 6110 6109
f 6187 6109 6188
f 6188 6109 6108
f 6188 6108 6189
f 6189 6108 6107
f 6189 6107 6190
f 6190 6107 6105
f 6190 6105 6162
f 6162 6105 6106
f 3816 5508 3817
f 3817 5508 5491
f 3817 5491 3818
f 3818 5491 5492
f 3818 5492 3819
f 3819 5492 5493
f 3819 5493 3820
f 3820 5493 5494
f 3820 5494 3821
f 3821 5494 5495
f 3821 5495 3822
f 3822 5495 5496
f 3822 5496 3805
f 3805 5496 5497
f 3805 5497 3806
f 3806 5497 5498
f 3806 5498 3807
f 3807 5498 5499
f 3807 5499 3808
f 3808 5499 5500
f 3808 5500 3809
f 3809 5500 5501
f 3809 5501 3810
f 3810 5501 5502
f 3810 5502 3811
f 3811 5502 5503
f 3811 5503 3812
f 3812 5503 5504
f 3812 5504 3813
f 3813 5504 5505
f 3813 5505 3814
f 3814 5505 5506
f 3814 5506 3815
f 3815 5506 5507
f 3815 5507 3816
f 3816 5507 5508
f 5773 4472 5772
f 5772 4472 4471
f 5772 4471 5771
f 5771 4471 4476
f 5771 4476 5770
f 5770 4476 4475
f 5770 4475 5769
f 5769 4475 4477
f 5769 4477 5768
f 5768 4477 4479
f 5768 4479 5767
f 5767 4479 4481
f 5767 4481 5766
f 5766 4481 4482
f 5766 4482 5765
f 5765 4482 4484
f 5765 4484 5764
f 5764 4484 4485
f 5764 4485 5763
f 5763 4485 4487
f 5763 4487 5780
f 5780 4487 4489
f 5780 4489 5779
f 5779 4489 4490
f 5779 4490 5778
f 5778 4490 4492
f 5778 4492 5777
f 5777 4492 4662
f 5777 4662 5776
f 5776 4662 4661
f 5776 4661 5775
f 5775 4661 4663
f 5775 4663 5774
f 5774 4663 4473
f 5774 4473 5773
f 5773 4473 4472
f 4453 5576 4454
f 4454 5576 5559
f 4454 5559 4455
f 4455 5559 5560
f 4455 5560 4456
f 4456 5560 5561
f 4456 5561 4457
f 4457 5561 5562
f 4457 5562 4420
f 4420 5562 5563
f 4420 5563 4417
f 4417 5563 5564
f 4417 5564 4458
f 4458 5564 5565
f 4458 5565 4459
f 4459 5565 5566
f 4459 5566 4460
f 4460 5566 5567
f 4460 5567 4461
f 4461 5567 5568
f 4461 5568 4462
f 4462 5568 5569
f 4462 5569 4446
f 4446 5569 5570
f 4446 5570 4444
f 4444 5570 5571
f 4444 5571 4442
f 4442 5571 5572
f 4442 5572 4440
f 4440 5572 5573
f 4440 5573 4438
f 4438 5573 5574
f 4438 5574 4436
f 4436 5574 5575
f 4436 5575 4453
f 4453 5575 5576
f 5977 6151 5976
f 5976 6151 6150
f 5976 6150 5975
f 5975 6150 6149
f 5975 6149 5974
f 5974 6149 6158
f 5974 6158 5973
f 5973 6158 6157
f 5973 6157 5972
f 5972 6157 6114
f 5972 6114 5971
f 5971 6114 6117
f 5971 6117 5970
f 5970 6117 6156
f 5970 6156 5969
f 5969 6156 6155
f 5969 6155 5968
f 5968 6155 6154
f 5968 6154 5967
f 5967 6154 6153
f 5967 6153 5984
f 5984 6153 6152
f 5984 6152 5983
f 5983 6152 6132
f 5983 6132 5982
f 5982 6132 6134
f 5982 6134 5981
f 5981 6134 6136
f 5981 6136 5980
f 5980 6136 6138
f 5980 6138 5979
f 5979 6138 6140
f 5979 6140 5978
f 5978 6140 6142
f 5978 6142 5977
f 5977 6142 6151
f 3924 5372 3925
f 3925 5372 5355
f 3925 5355 3926
f 3926 5355 5356
f 3926 5356 3927
f 3927 5356 5357
f 3927 5357 3928
f 3928 5357 5358
f 3928 5358 3929
f 3929 5358 5359
f 3929 5359 3930
f 3930 5359 5360
f 3930 5360 3913
f 3913 5360 5361
f 3913 5361 3914
f 3914 5361 5362
f 3914 5362 3915
f 3915 5362 5363
f 3915 5363 3916
f 3916 5363 5364
f 3916 5364 3917
f 3917 5364 5365
f 3917 5365 3918
f 3918 5365 5366
f 3918 5366 3919
f 3919 5366 5367
f 3919 5367 3920
f 3920 5367 5368
f 3920 5368 3921
f 3921 5368 5369
f 3921 5369 3922
f 3922 5369 5370
f 3922 5370 3923
f 3923 5370 5371
f 3923 5371 3924
f 3924 5371 5372
f 5909 4598 5908
f 5908 4598 4599
f 5908 4599 5907
f 5907 4599 4601
f 5907 4601 5906
f 5906 4601 4603
f 5906 4603 5905
f 5905 4603 4604
f 5905 4604 5904
f 5904 4604 4606
f 5904 4606 5903
f 5903 4606 4607
f 5903 4607 5902
f 5902 4607 4609
f 5902 4609 5901
f 5901 4609 4611
f 5901 4611 5900
f 5900 4611 4612
f 5900 4612 5899
f 5899 4612 4613
f 5899 4613 5916
f 5916 4613 4614
f 5916 4614 5915
f 5915 4614 4594
f 5915 4594 5914
f 5914 4594 4593
f 5914 4593 5913
f 5913 4593 4592
f 5913 4592 5912
f 5912 4592 4590
f 5912 4590 5911
f 5911 4590 4588
f 5911 4588 5910
f 5910 4588 4596
f 5910 4596 5909
f 5909 4596 4598
f 6345 6346 6347
f 6347 6346 6348
f 6347 6348 6349
f 6349 6348 6350
f 6349 6350 6351
f 6351 6350 6352
f 6351 6352 6353
f 6353 6354 6351
f 6351 6354 6355
f 6351 6355 6349
f 6349 6355 6356
f 6349 6356 6347
f 6347 6356 6357
f 6347 6357 6345
f 6358 6359 6360
f 6360 6359 6361
f 6360 6361 6362
f 6360 6362 6363
f 6363 6362 6364
f 6363 6364 6365
f 6365 6364 6366
f 6365 6366 6367
f 6365 6367 6368
f 6368 6367 6369
f 6368 6369 6370
f 6370 6369 6371
f 6370 6371 6372
f 6372 6371 6373
f 6372 6373 6374
f 6374 6373 6375
f 6374 6375 6376
f 6376 6375 6377
f 6376 6377 6378
f 6378 6377 6379
f 6378 6379 6380
f 6380 6379 6381
f 6380 6381 6382
f 6382 6381 6383
f 6382 6383 6384
f 6384 6383 6385
f 6384 6385 6386
f 6386 6385 6387
f 6386 6387 6388
f 6388 6387 6389
f 6388 6389 6390
f 6390 6389 6391
f 6391 6389 6392
f 6391 6392 6393
f 6393 6392 6394
f 6393 6394 6395
f 6395 6394 6396
f 6395 6396 6397
f 6397 6396 6398
f 6397 6398 6399
f 6399 6398 6400
f 6399 6400 6401
f 6383 6402 6385
f 6385 6402 6403
f 6385 6403 6387
f 6387 6403 6404
f 6387 6404 6389
f 6389 6404 6392
f 6402 6405 6403
f 6403 6405 6406
f 6403 6406 6404
f 6404 6406 6407
f 6404 6407 6392
f 6392 6407 6394
f 6405 6408 6406
f 6406 6408 6409
f 6406 6409 6407
f 6407 6409 6396
f 6407 6396 6394
f 6408 6410 6409
f 6409 6410 6398
f 6409 6398 6396
f 6410 6400 6398
f 6399 6401 6411
f 6411 6401 6412
f 6411 6412 6413
f 6413 6412 6414
f 6413 6414 6415
f 6415 6414 6345
f 6415 6345 6357
f 6357 6356 6415
f 6415 6356 6416
f 6415 6416 6413
f 6413 6416 6417
f 6413 6417 6411
f 6411 6417 6418
f 6411 6418 6399
f 6399 6418 6397
f 6356 6355 6416
f 6416 6355 6419
f 6416 6419 6417
f 6417 6419 6420
f 6417 6420 6418
f 6418 6420 6421
f 6418 6421 6397
f 6397 6421 6395
f 6355 6354 6419
f 6419 6354 6422
f 6419 6422 6420
f 6420 6422 6423
f 6420 6423 6421
f 6421 6423 6424
f 6421 6424 6395
f 6395 6424 6393
f 6390 6425 6388
f 6388 6425 6426
f 6388 6426 6386
f 6386 6426 6427
f 6386 6427 6384
f 6384 6427 6382
f 6425 6428 6426
f 6426 6428 6429
f 6426 6429 6427
f 6427 6429 6430
f 6427 6430 6382
f 6382 6430 6380
f 6429 6428 6431
f 6431 6428 6432
f 6431 6432 6433
f 6433 6432 6434
f 6433 6434 6435
f 6435 6434 6436
f 6435 6436 6437
f 6437 6436 6438
f 6437 6438 6439
f 6439 6438 6440
f 6439 6440 6441
f 6441 6440 6442
f 6441 6442 6370
f 6370 6442 6368
f 6438 6443 6440
f 6440 6443 6444
f 6440 6444 6442
f 6442 6444 6445
f 6442 6445 6368
f 6368 6445 6365
f 6443 6446 6444
f 6444 6446 6447
f 6444 6447 6445
f 6445 6447 6363
f 6445 6363 6365
f 6446 6358 6447
f 6447 6358 6360
f 6447 6360 6363
f 6370 6372 6441
f 6441 6372 6448
f 6441 6448 6439
f 6439 6448 6437
f 6372 6374 6448
f 6448 6374 6449
f 6448 6449 6437
f 6437 6449 6435
f 6374 6376 6449
f 6449 6376 6450
f 6449 6450 6435
f 6435 6450 6433
f 6376 6378 6450
f 6450 6378 6451
f 6450 6451 6433
f 6433 6451 6431
f 6378 6380 6451
f 6451 6380 6430
f 6451 6430 6431
f 6431 6430 6429
f 6359 6452 6453
f 6453 6452 6454
f 6453 6454 6455
f 6455 6454 6456
f 6455 6456 6457
f 6457 6456 6458
f 6457 6458 6459
f 6459 6366 6457
f 6457 6366 6364
f 6457 6364 6455
f 6455 6364 6362
f 6455 6362 6453
f 6453 6362 6361
f 6453 6361 6359
f 6460 6353 6461
f 6461 6353 6352
f 6461 6352 6350
f 6461 6350 6462
f 6462 6350 6348
f 6462 6348 6463
f 6463 6348 6346
f 6463 6346 6464
f 6463 6464 6465
f 6465 6464 6466
f 6465 6466 6467
f 6467 6466 6468
f 6467 6468 6469
f 6469 6468 6470
f 6469 6470 6471
f 6471 6470 6472
f 6471 6472 6473
f 6473 6472 6474
f 6473 6474 6475
f 6475 6474 6476
f 6475 6476 6477
f 6477 6476 6478
f 6477 6478 6479
f 6479 6478 6480
f 6479 6480 6481
f 6481 6480 6482
f 6481 6482 6483
f 6483 6482 6484
f 6483 6484 6485
f 6485 6484 6486
f 6485 6486 6487
f 6487 6486 6488
f 6488 6486 6489
f 6488 6489 6490
f 6490 6489 6491
f 6490 6491 6492
f 6492 6491 6493
f 6492 6493 6494
f 6494 6493 6495
f 6494 6495 6496
f 6496 6495 6497
f 6496 6497 6498
f 6480 6499 6482
f 6482 6499 6500
f 6482 6500 6484
f 6484 6500 6501
f 6484 6501 6486
f 6486 6501 6489
f 6499 6502 6500
f 6500 6502 6503
f 6500 6503 6501
f 6501 6503 6504
f 6501 6504 6489
f 6489 6504 6491
f 6502 6505 6503
f 6503 6505 6506
f 6503 6506 6504
f 6504 6506 6493
f 6504 6493 6491
f 6505 6507 6506
f 6506 6507 6495
f 6506 6495 6493
f 6507 6497 6495
f 6496 6498 6508
f 6508 6498 6509
f 6508 6509 6510
f 6510 6509 6511
f 6510 6511 6512
f 6512 6511 6459
f 6512 6459 6458
f 6458 6456 6512
f 6512 6456 6513
f 6512 6513 6510
f 6510 6513 6514
f 6510 6514 6508
f 6508 6514 6515
f 6508 6515 6496
f 6496 6515 6494
f 6456 6454 6513
f 6513 6454 6516
f 6513 6516 6514
f 6514 6516 6517
f 6514 6517 6515
f 6515 6517 6518
f 6515 6518 6494
f 6494 6518 6492
f 6454 6452 6516
f 6516 6452 6519
f 6516 6519 6517
f 6517 6519 6520
f 6517 6520 6518
f 6518 6520 6521
f 6518 6521 6492
f 6492 6521 6490
f 6487 6522 6485
f 6485 6522 6523
f 6485 6523 6483
f 6483 6523 6524
f 6483 6524 6481
f 6481 6524 6479
f 6522 6525 6523
f 6523 6525 6526
f 6523 6526 6524
f 6524 6526 6527
f 6524 6527 6479
f 6479 6527 6477
f 6526 6525 6528
f 6528 6525 6529
f 6528 6529 6530
f 6530 6529 6531
f 6530 6531 6532
f 6532 6531 6533
f 6532 6533 6534
f 6534 6533 6535
f 6534 6535 6536
f 6536 6535 6537
f 6536 6537 6538
f 6538 6537 6539
f 6538 6539 6467
f 6467 6539 6465
f 6535 6540 6537
f 6537 6540 6541
f 6537 6541 6539
f 6539 6541 6542
f 6539 6542 6465
f 6465 6542 6463
f 6540 6543 6541
f 6541 6543 6544
f 6541 6544 6542
f 6542 6544 6462
f 6542 6462 6463
f 6543 6460 6544
f 6544 6460 6461
f 6544 6461 6462
f 6467 6469 6538
f 6538 6469 6545
f 6538 6545 6536
f 6536 6545 6534
f 6469 6471 6545
f 6545 6471 6546
f 6545 6546 6534
f 6534 6546 6532
f 6471 6473 6546
f 6546 6473 6547
f 6546 6547 6532
f 6532 6547 6530
f 6473 6475 6547
f 6547 6475 6548
f 6547 6548 6530
f 6530 6548 6528
f 6475 6477 6548
f 6548 6477 6527
f 6548 6527 6528
f 6528 6527 6526
f 6549 6359 6550
f 6550 6359 6358
f 6550 6358 6551
f 6551 6358 6446
f 6551 6446 6552
f 6552 6446 6443
f 6552 6443 6553
f 6553 6443 6438
f 6553 6438 6554
f 6554 6438 6436
f 6554 6436 6555
f 6555 6436 6434
f 6555 6434 6556
f 6556 6434 6432
f 6556 6432 6557
f 6557 6432 6428
f 6557 6428 6558
f 6558 6428 6425
f 6558 6425 6559
f 6559 6425 6390
f 6559 6390 6560
f 6560 6390 6391
f 6560 6391 6561
f 6561 6391 6393
f 6561 6393 6562
f 6562 6393 6424
f 6562 6424 6563
f 6563 6424 6423
f 6563 6423 6564
f 6564 6423 6422
f 6564 6422 6565
f 6565 6422 6354
f 6354 6353 6565
f 6565 6353 6566
f 5228 6402 5223
f 5223 6402 6383
f 5223 6383 6381
f 6252 6567 5228
f 5228 6567 6568
f 5228 6568 6569
f 6159 6570 6252
f 6252 6570 6571
f 6252 6571 6572
f 5223 6459 6159
f 6159 6459 6511
f 6159 6511 6509
f 6569 6573 5228
f 5228 6573 6574
f 5228 6574 6575
f 6575 6576 5228
f 5228 6576 6577
f 5228 6577 6578
f 6578 6579 5228
f 5228 6579 6580
f 5228 6580 6581
f 6582 6405 6581
f 6581 6405 6402
f 6581 6402 5228
f 6405 6582 6408
f 6408 6582 6583
f 6408 6583 6410
f 6410 6583 6584
f 6410 6584 6400
f 6400 6584 6585
f 6400 6585 6401
f 6401 6585 6586
f 6401 6586 6412
f 6412 6586 6587
f 6412 6587 6414
f 6414 6587 6588
f 6414 6588 6345
f 6345 6588 6589
f 6345 6589 6346
f 6346 6589 6590
f 6346 6590 6464
f 6464 6590 6591
f 6464 6591 6466
f 6466 6591 6592
f 6466 6592 6468
f 6468 6592 6593
f 6468 6593 6470
f 6470 6593 6594
f 6470 6594 6472
f 6472 6594 6595
f 6472 6595 6474
f 6474 6595 6596
f 6474 6596 6476
f 6476 6596 6570
f 6476 6570 6159
f 6572 6597 6252
f 6252 6597 6598
f 6252 6598 6599
f 6599 6600 6252
f 6252 6600 6601
f 6252 6601 6602
f 6602 6603 6252
f 6252 6603 6604
f 6252 6604 6567
f 6381 6379 5223
f 5223 6379 6377
f 5223 6377 6375
f 6375 6373 5223
f 5223 6373 6371
f 5223 6371 6369
f 6369 6367 5223
f 5223 6367 6366
f 5223 6366 6459
f 6509 6498 6159
f 6159 6498 6497
f 6159 6497 6507
f 6507 6505 6159
f 6159 6505 6502
f 6159 6502 6499
f 6499 6480 6159
f 6159 6480 6478
f 6159 6478 6476
f 6605 6606 6607
f 6607 6606 6608
f 6607 6608 6609
f 6609 6608 6610
f 6609 6610 6611
f 6611 6610 6612
f 6611 6612 6613
f 6613 6549 6611
f 6611 6549 6614
f 6611 6614 6609
f 6609 6614 6615
f 6609 6615 6607
f 6607 6615 6616
f 6607 6616 6605
f 6564 6565 6617
f 6617 6565 6618
f 6617 6618 6619
f 6617 6619 6620
f 6620 6619 6621
f 6620 6621 6622
f 6622 6621 6623
f 6622 6623 6624
f 6622 6624 6625
f 6625 6624 6626
f 6625 6626 6627
f 6627 6626 6628
f 6627 6628 6629
f 6629 6628 6630
f 6629 6630 6631
f 6631 6630 6632
f 6631 6632 6633
f 6633 6632 6634
f 6633 6634 6635
f 6635 6634 6636
f 6635 6636 6637
f 6637 6636 6638
f 6637 6638 6639
f 6639 6638 6640
f 6639 6640 6641
f 6641 6640 6642
f 6641 6642 6643
f 6643 6642 6644
f 6643 6644 6645
f 6645 6644 6646
f 6645 6646 6555
f 6555 6646 6554
f 6554 6646 6647
f 6554 6647 6553
f 6553 6647 6648
f 6553 6648 6649
f 6649 6648 6650
f 6649 6650 6651
f 6651 6650 6652
f 6651 6652 6653
f 6653 6652 6654
f 6653 6654 6655
f 6640 6656 6642
f 6642 6656 6657
f 6642 6657 6644
f 6644 6657 6658
f 6644 6658 6646
f 6646 6658 6647
f 6656 6659 6657
f 6657 6659 6660
f 6657 6660 6658
f 6658 6660 6661
f 6658 6661 6647
f 6647 6661 6648
f 6659 6662 6660
f 6660 6662 6663
f 6660 6663 6661
f 6661 6663 6650
f 6661 6650 6648
f 6662 6664 6663
f 6663 6664 6652
f 6663 6652 6650
f 6664 6654 6652
f 6653 6655 6665
f 6665 6655 6666
f 6665 6666 6667
f 6667 6666 6668
f 6667 6668 6669
f 6669 6668 6605
f 6669 6605 6616
f 6616 6615 6669
f 6669 6615 6670
f 6669 6670 6667
f 6667 6670 6671
f 6667 6671 6665
f 6665 6671 6672
f 6665 6672 6653
f 6653 6672 6651
f 6615 6614 6670
f 6670 6614 6673
f 6670 6673 6671
f 6671 6673 6674
f 6671 6674 6672
f 6672 6674 6675
f 6672 6675 6651
f 6651 6675 6649
f 6614 6549 6673
f 6673 6549 6550
f 6673 6550 6674
f 6674 6550 6551
f 6674 6551 6675
f 6675 6551 6552
f 6675 6552 6649
f 6649 6552 6553
f 6555 6556 6645
f 6645 6556 6676
f 6645 6676 6643
f 6643 6676 6677
f 6643 6677 6641
f 6641 6677 6639
f 6556 6557 6676
f 6676 6557 6678
f 6676 6678 6677
f 6677 6678 6679
f 6677 6679 6639
f 6639 6679 6637
f 6678 6557 6680
f 6680 6557 6558
f 6680 6558 6681
f 6681 6558 6559
f 6681 6559 6682
f 6682 6559 6560
f 6682 6560 6683
f 6683 6560 6561
f 6683 6561 6684
f 6684 6561 6685
f 6684 6685 6686
f 6686 6685 6687
f 6686 6687 6627
f 6627 6687 6625
f 6561 6562 6685
f 6685 6562 6688
f 6685 6688 6687
f 6687 6688 6689
f 6687 6689 6625
f 6625 6689 6622
f 6562 6563 6688
f 6688 6563 6690
f 6688 6690 6689
f 6689 6690 6620
f 6689 6620 6622
f 6563 6564 6690
f 6690 6564 6617
f 6690 6617 6620
f 6627 6629 6686
f 6686 6629 6691
f 6686 6691 6684
f 6684 6691 6683
f 6629 6631 6691
f 6691 6631 6692
f 6691 6692 6683
f 6683 6692 6682
f 6631 6633 6692
f 6692 6633 6693
f 6692 6693 6682
f 6682 6693 6681
f 6633 6635 6693
f 6693 6635 6694
f 6693 6694 6681
f 6681 6694 6680
f 6635 6637 6694
f 6694 6637 6679
f 6694 6679 6680
f 6680 6679 6678
f 6565 6566 6695
f 6695 6566 6696
f 6695 6696 6697
f 6697 6696 6698
f 6697 6698 6699
f 6699 6698 6700
f 6699 6700 6701
f 6701 6623 6699
f 6699 6623 6621
f 6699 6621 6697
f 6697 6621 6619
f 6697 6619 6695
f 6695 6619 6618
f 6695 6618 6565
f 6702 6613 6703
f 6703 6613 6612
f 6703 6612 6610
f 6703 6610 6704
f 6704 6610 6608
f 6704 6608 6705
f 6705 6608 6606
f 6705 6606 6706
f 6705 6706 6707
f 6707 6706 6708
f 6707 6708 6709
f 6709 6708 6710
f 6709 6710 6711
f 6711 6710 6712
f 6711 6712 6713
f 6713 6712 6714
f 6713 6714 6715
f 6715 6714 6716
f 6715 6716 6717
f 6717 6716 6718
f 6717 6718 6719
f 6719 6718 6720
f 6719 6720 6721
f 6721 6720 6722
f 6721 6722 6723
f 6723 6722 6724
f 6723 6724 6725
f 6725 6724 6726
f 6725 6726 6727
f 6727 6726 6728
f 6727 6728 6729
f 6729 6728 6730
f 6730 6728 6731
f 6730 6731 6732
f 6732 6731 6733
f 6732 6733 6734
f 6734 6733 6735
f 6734 6735 6736
f 6736 6735 6737
f 6736 6737 6738
f 6738 6737 6739
f 6738 6739 6740
f 6722 6741 6724
f 6724 6741 6742
f 6724 6742 6726
f 6726 6742 6743
f 6726 6743 6728
f 6728 6743 6731
f 6741 6744 6742
f 6742 6744 6745
f 6742 6745 6743
f 6743 6745 6746
f 6743 6746 6731
f 6731 6746 6733
f 6744 6747 6745
f 6745 6747 6748
f 6745 6748 6746
f 6746 6748 6735
f 6746 6735 6733
f 6747 6749 6748
f 6748 6749 6737
f 6748 6737 6735
f 6749 6739 6737
f 6738 6740 6750
f 6750 6740 6751
f 6750 6751 6752
f 6752 6751 6753
f 6752 6753 6754
f 6754 6753 6701
f 6754 6701 6700
f 6700 6698 6754
f 6754 6698 6755
f 6754 6755 6752
f 6752 6755 6756
f 6752 6756 6750
f 6750 6756 6757
f 6750 6757 6738
f 6738 6757 6736
f 6698 6696 6755
f 6755 6696 6758
f 6755 6758 6756
f 6756 6758 6759
f 6756 6759 6757
f 6757 6759 6760
f 6757 6760 6736
f 6736 6760 6734
f 6696 6566 6758
f 6758 6566 6761
f 6758 6761 6759
f 6759 6761 6762
f 6759 6762 6760
f 6760 6762 6763
f 6760 6763 6734
f 6734 6763 6732
f 6729 6764 6727
f 6727 6764 6765
f 6727 6765 6725
f 6725 6765 6766
f 6725 6766 6723
f 6723 6766 6721
f 6764 6767 6765
f 6765 6767 6768
f 6765 6768 6766
f 6766 6768 6769
f 6766 6769 6721
f 6721 6769 6719
f 6768 6767 6770
f 6770 6767 6771
f 6770 6771 6772
f 6772 6771 6773
f 6772 6773 6774
f 6774 6773 6775
f 6774 6775 6776
f 6776 6775 6777
f 6776 6777 6778
f 6778 6777 6779
f 6778 6779 6780
f 6780 6779 6781
f 6780 6781 6709
f 6709 6781 6707
f 6777 6782 6779
f 6779 6782 6783
f 6779 6783 6781
f 6781 6783 6784
f 6781 6784 6707
f 6707 6784 6705
f 6782 6785 6783
f 6783 6785 6786
f 6783 6786 6784
f 6784 6786 6704
f 6784 6704 6705
f 6785 6702 6786
f 6786 6702 6703
f 6786 6703 6704
f 6709 6711 6780
f 6780 6711 6787
f 6780 6787 6778
f 6778 6787 6776
f 6711 6713 6787
f 6787 6713 6788
f 6787 6788 6776
f 6776 6788 6774
f 6713 6715 6788
f 6788 6715 6789
f 6788 6789 6774
f 6774 6789 6772
f 6715 6717 6789
f 6789 6717 6790
f 6789 6790 6772
f 6772 6790 6770
f 6717 6719 6790
f 6790 6719 6769
f 6790 6769 6770
f 6770 6769 6768
f 6452 6359 6613
f 6613 6359 6549
f 5221 6640 5220
f 5220 6640 6638
f 5220 6638 6636
f 5222 5224 5221
f 5221 5224 6791
f 5221 6791 6606
f 6606 6791 6706
f 6706 6791 6708
f 6708 6791 6710
f 6710 6791 6712
f 6712 6791 6714
f 6714 6791 6716
f 6716 6791 6718
f 6718 6791 6720
f 6720 6791 6722
f 6722 6791 6792
f 6722 6792 6741
f 6741 6792 6744
f 6744 6792 6747
f 6747 6792 6749
f 6749 6792 6739
f 6739 6792 6740
f 6740 6792 6751
f 6751 6792 6753
f 6753 6792 6701
f 6701 6792 5220
f 6701 5220 6623
f 6623 5220 6624
f 6624 5220 6626
f 6626 5220 6628
f 6628 5220 6630
f 6630 5220 6632
f 6632 5220 6634
f 6634 5220 6636
f 5224 6160 6791
f 6791 6160 6793
f 6606 6605 5221
f 5221 6605 6668
f 5221 6668 6666
f 6666 6655 5221
f 5221 6655 6654
f 5221 6654 6664
f 6664 6662 5221
f 5221 6662 6659
f 5221 6659 6656
f 6656 6640 5221
f 6568 6567 6794
f 6794 6567 6795
f 6794 6795 6796
f 6796 6795 6797
f 6796 6797 6798
f 6798 6797 6799
f 6798 6799 6800
f 6800 6801 6798
f 6798 6801 6802
f 6798 6802 6796
f 6796 6802 6803
f 6796 6803 6794
f 6794 6803 6804
f 6794 6804 6568
f 6805 6806 6807
f 6807 6806 6808
f 6807 6808 6809
f 6807 6809 6810
f 6810 6809 6811
f 6810 6811 6812
f 6812 6811 6589
f 6812 6589 6588
f 6812 6588 6813
f 6813 6588 6587
f 6813 6587 6814
f 6814 6587 6586
f 6814 6586 6815
f 6815 6586 6585
f 6815 6585 6816
f 6816 6585 6584
f 6816 6584 6817
f 6817 6584 6583
f 6817 6583 6818
f 6818 6583 6582
f 6818 6582 6819
f 6819 6582 6581
f 6819 6581 6820
f 6820 6581 6580
f 6820 6580 6821
f 6821 6580 6822
f 6821 6822 6823
f 6823 6822 6824
f 6823 6824 6825
f 6825 6824 6826
f 6825 6826 6827
f 6827 6826 6828
f 6828 6826 6829
f 6828 6829 6830
f 6830 6829 6831
f 6830 6831 6832
f 6832 6831 6833
f 6832 6833 6834
f 6834 6833 6835
f 6834 6835 6836
f 6836 6835 6575
f 6836 6575 6574
f 6580 6579 6822
f 6822 6579 6837
f 6822 6837 6824
f 6824 6837 6838
f 6824 6838 6826
f 6826 6838 6829
f 6579 6578 6837
f 6837 6578 6839
f 6837 6839 6838
f 6838 6839 6840
f 6838 6840 6829
f 6829 6840 6831
f 6578 6577 6839
f 6839 6577 6841
f 6839 6841 6840
f 6840 6841 6833
f 6840 6833 6831
f 6577 6576 6841
f 6841 6576 6835
f 6841 6835 6833
f 6576 6575 6835
f 6836 6574 6842
f 6842 6574 6573
f 6842 6573 6843
f 6843 6573 6569
f 6843 6569 6844
f 6844 6569 6568
f 6844 6568 6804
f 6804 6803 6844
f 6844 6803 6845
f 6844 6845 6843
f 6843 6845 6846
f 6843 6846 6842
f 6842 6846 6847
f 6842 6847 6836
f 6836 6847 6834
f 6803 6802 6845
f 6845 6802 6848
f 6845 6848 6846
f 6846 6848 6849
f 6846 6849 6847
f 6847 6849 6850
f 6847 6850 6834
f 6834 6850 6832
f 6802 6801 6848
f 6848 6801 6851
f 6848 6851 6849
f 6849 6851 6852
f 6849 6852 6850
f 6850 6852 6853
f 6850 6853 6832
f 6832 6853 6830
f 6827 6854 6825
f 6825 6854 6855
f 6825 6855 6823
f 6823 6855 6856
f 6823 6856 6821
f 6821 6856 6820
f 6854 6857 6855
f 6855 6857 6858
f 6855 6858 6856
f 6856 6858 6859
f 6856 6859 6820
f 6820 6859 6819
f 6858 6857 6860
f 6860 6857 6861
f 6860 6861 6862
f 6862 6861 6863
f 6862 6863 6864
f 6864 6863 6865
f 6864 6865 6866
f 6866 6865 6867
f 6866 6867 6868
f 6868 6867 6869
f 6868 6869 6870
f 6870 6869 6871
f 6870 6871 6814
f 6814 6871 6813
f 6867 6872 6869
f 6869 6872 6873
f 6869 6873 6871
f 6871 6873 6874
f 6871 6874 6813
f 6813 6874 6812
f 6872 6875 6873
f 6873 6875 6876
f 6873 6876 6874
f 6874 6876 6810
f 6874 6810 6812
f 6875 6805 6876
f 6876 6805 6807
f 6876 6807 6810
f 6814 6815 6870
f 6870 6815 6877
f 6870 6877 6868
f 6868 6877 6866
f 6815 6816 6877
f 6877 6816 6878
f 6877 6878 6866
f 6866 6878 6864
f 6816 6817 6878
f 6878 6817 6879
f 6878 6879 6864
f 6864 6879 6862
f 6817 6818 6879
f 6879 6818 6880
f 6879 6880 6862
f 6862 6880 6860
f 6818 6819 6880
f 6880 6819 6859
f 6880 6859 6860
f 6860 6859 6858
f 6806 6881 6882
f 6882 6881 6883
f 6882 6883 6884
f 6884 6883 6885
f 6884 6885 6886
f 6886 6885 6887
f 6886 6887 6590
f 6590 6589 6886
f 6886 6589 6811
f 6886 6811 6884
f 6884 6811 6809
f 6884 6809 6882
f 6882 6809 6808
f 6882 6808 6806
f 6888 6800 6889
f 6889 6800 6799
f 6889 6799 6797
f 6889 6797 6890
f 6890 6797 6795
f 6890 6795 6891
f 6891 6795 6567
f 6891 6567 6604
f 6891 6604 6892
f 6892 6604 6603
f 6892 6603 6893
f 6893 6603 6602
f 6893 6602 6894
f 6894 6602 6601
f 6894 6601 6895
f 6895 6601 6600
f 6895 6600 6896
f 6896 6600 6599
f 6896 6599 6897
f 6897 6599 6598
f 6897 6598 6898
f 6898 6598 6597
f 6898 6597 6899
f 6899 6597 6572
f 6899 6572 6900
f 6900 6572 6901
f 6900 6901 6902
f 6902 6901 6903
f 6902 6903 6904
f 6904 6903 6905
f 6904 6905 6906
f 6906 6905 6907
f 6907 6905 6908
f 6907 6908 6909
f 6909 6908 6910
f 6909 6910 6911
f 6911 6910 6912
f 6911 6912 6913
f 6913 6912 6914
f 6913 6914 6915
f 6915 6914 6594
f 6915 6594 6593
f 6572 6571 6901
f 6901 6571 6916
f 6901 6916 6903
f 6903 6916 6917
f 6903 6917 6905
f 6905 6917 6908
f 6571 6570 6916
f 6916 6570 6918
f 6916 6918 6917
f 6917 6918 6919
f 6917 6919 6908
f 6908 6919 6910
f 6570 6596 6918
f 6918 6596 6920
f 6918 6920 6919
f 6919 6920 6912
f 6919 6912 6910
f 6596 6595 6920
f 6920 6595 6914
f 6920 6914 6912
f 6595 6594 6914
f 6915 6593 6921
f 6921 6593 6592
f 6921 6592 6922
f 6922 6592 6591
f 6922 6591 6923
f 6923 6591 6590
f 6923 6590 6887
f 6887 6885 6923
f 6923 6885 6924
f 6923 6924 6922
f 6922 6924 6925
f 6922 6925 6921
f 6921 6925 6926
f 6921 6926 6915
f 6915 6926 6913
f 6885 6883 6924
f 6924 6883 6927
f 6924 6927 6925
f 6925 6927 6928
f 6925 6928 6926
f 6926 6928 6929
f 6926 6929 6913
f 6913 6929 6911
f 6883 6881 6927
f 6927 6881 6930
f 6927 6930 6928
f 6928 6930 6931
f 6928 6931 6929
f 6929 6931 6932
f 6929 6932 6911
f 6911 6932 6909
f 6906 6933 6904
f 6904 6933 6934
f 6904 6934 6902
f 6902 6934 6935
f 6902 6935 6900
f 6900 6935 6899
f 6933 6936 6934
f 6934 6936 6937
f 6934 6937 6935
f 6935 6937 6938
f 6935 6938 6899
f 6899 6938 6898
f 6937 6936 6939
f 6939 6936 6940
f 6939 6940 6941
f 6941 6940 6942
f 6941 6942 6943
f 6943 6942 6944
f 6943 6944 6945
f 6945 6944 6946
f 6945 6946 6947
f 6947 6946 6948
f 6947 6948 6949
f 6949 6948 6950
f 6949 6950 6893
f 6893 6950 6892
f 6946 6951 6948
f 6948 6951 6952
f 6948 6952 6950
f 6950 6952 6953
f 6950 6953 6892
f 6892 6953 6891
f 6951 6954 6952
f 6952 6954 6955
f 6952 6955 6953
f 6953 6955 6890
f 6953 6890 6891
f 6954 6888 6955
f 6955 6888 6889
f 6955 6889 6890
f 6893 6894 6949
f 6949 6894 6956
f 6949 6956 6947
f 6947 6956 6945
f 6894 6895 6956
f 6956 6895 6957
f 6956 6957 6945
f 6945 6957 6943
f 6895 6896 6957
f 6957 6896 6958
f 6957 6958 6943
f 6943 6958 6941
f 6896 6897 6958
f 6958 6897 6959
f 6958 6959 6941
f 6941 6959 6939
f 6897 6898 6959
f 6959 6898 6938
f 6959 6938 6939
f 6939 6938 6937
f 6960 6806 6961
f 6961 6806 6805
f 6961 6805 6962
f 6962 6805 6875
f 6962 6875 6963
f 6963 6875 6872
f 6963 6872 6964
f 6964 6872 6867
f 6964 6867 6965
f 6965 6867 6865
f 6965 6865 6966
f 6966 6865 6863
f 6966 6863 6967
f 6967 6863 6861
f 6967 6861 6968
f 6968 6861 6857
f 6968 6857 6969
f 6969 6857 6854
f 6969 6854 6970
f 6970 6854 6827
f 6970 6827 6971
f 6971 6827 6828
f 6971 6828 6972
f 6972 6828 6830
f 6972 6830 6973
f 6973 6830 6853
f 6973 6853 6974
f 6974 6853 6852
f 6974 6852 6975
f 6975 6852 6851
f 6975 6851 6976
f 6976 6851 6801
f 6801 6800 6976
f 6976 6800 6977
f 6978 6979 6980
f 6980 6979 6981
f 6980 6981 6982
f 6982 6981 6983
f 6982 6983 6984
f 6984 6983 6985
f 6984 6985 6986
f 6986 6960 6984
f 6984 6960 6987
f 6984 6987 6982
f 6982 6987 6988
f 6982 6988 6980
f 6980 6988 6989
f 6980 6989 6978
f 6975 6976 6990
f 6990 6976 6991
f 6990 6991 6992
f 6990 6992 6993
f 6993 6992 6994
f 6993 6994 6995
f 6995 6994 6996
f 6995 6996 6997
f 6995 6997 6998
f 6998 6997 6999
f 6998 6999 7000
f 7000 6999 7001
f 7000 7001 7002
f 7002 7001 7003
f 7002 7003 7004
f 7004 7003 7005
f 7004 7005 7006
f 7006 7005 7007
f 7006 7007 7008
f 7008 7007 7009
f 7008 7009 7010
f 7010 7009 7011
f 7010 7011 7012
f 7012 7011 7013
f 7012 7013 7014
f 7014 7013 7015
f 7014 7015 7016
f 7016 7015 7017
f 7016 7017 7018
f 7018 7017 7019
f 7018 7019 6966
f 6966 7019 6965
f 6965 7019 7020
f 6965 7020 6964
f 6964 7020 7021
f 6964 7021 7022
f 7022 7021 7023
f 7022 7023 7024
f 7024 7023 7025
f 7024 7025 7026
f 7026 7025 7027
f 7026 7027 7028
f 7013 7029 7015
f 7015 7029 7030
f 7015 7030 7017
f 7017 7030 7031
f 7017 7031 7019
f 7019 7031 7020
f 7029 7032 7030
f 7030 7032 7033
f 7030 7033 7031
f 7031 7033 7034
f 7031 7034 7020
f 7020 7034 7021
f 7032 7035 7033
f 7033 7035 7036
f 7033 7036 7034
f 7034 7036 7023
f 7034 7023 7021
f 7035 7037 7036
f 7036 7037 7025
f 7036 7025 7023
f 7037 7027 7025
f 7026 7028 7038
f 7038 7028 7039
f 7038 7039 7040
f 7040 7039 7041
f 7040 7041 7042
f 7042 7041 6978
f 7042 6978 6989
f 6989 6988 7042
f 7042 6988 7043
f 7042 7043 7040
f 7040 7043 7044
f 7040 7044 7038
f 7038 7044 7045
f 7038 7045 7026
f 7026 7045 7024
f 6988 6987 7043
f 7043 6987 7046
f 7043 7046 7044
f 7044 7046 7047
f 7044 7047 7045
f 7045 7047 7048
f 7045 7048 7024
f 7024 7048 7022
f 6987 6960 7046
f 7046 6960 6961
f 7046 6961 7047
f 7047 6961 6962
f 7047 6962 7048
f 7048 6962 6963
f 7048 6963 7022
f 7022 6963 6964
f 6966 6967 7018
f 7018 6967 7049
f 7018 7049 7016
f 7016 7049 7050
f 7016 7050 7014
f 7014 7050 7012
f 6967 6968 7049
f 7049 6968 7051
f 7049 7051 7050
f 7050 7051 7052
f 7050 7052 7012
f 7012 7052 7010
f 7051 6968 7053
f 7053 6968 6969
f 7053 6969 7054
f 7054 6969 6970
f 7054 6970 7055
f 7055 6970 6971
f 7055 6971 7056
f 7056 6971 6972
f 7056 6972 7057
f 7057 6972 7058
f 7057 7058 7059
f 7059 7058 7060
f 7059 7060 7000
f 7000 7060 6998
f 6972 6973 7058
f 7058 6973 7061
f 7058 7061 7060
f 7060 7061 7062
f 7060 7062 6998
f 6998 7062 6995
f 6973 6974 7061
f 7061 6974 7063
f 7061 7063 7062
f 7062 7063 6993
f 7062 6993 6995
f 6974 6975 7063
f 7063 6975 6990
f 7063 6990 6993
f 7000 7002 7059
f 7059 7002 7064
f 7059 7064 7057
f 7057 7064 7056
f 7002 7004 7064
f 7064 7004 7065
f 7064 7065 7056
f 7056 7065 7055
f 7004 7006 7065
f 7065 7006 7066
f 7065 7066 7055
f 7055 7066 7054
f 7006 7008 7066
f 7066 7008 7067
f 7066 7067 7054
f 7054 7067 7053
f 7008 7010 7067
f 7067 7010 7052
f 7067 7052 7053
f 7053 7052 7051
f 6976 6977 7068
f 7068 6977 7069
f 7068 7069 7070
f 7070 7069 7071
f 7070 7071 7072
f 7072 7071 7073
f 7072 7073 7074
f 7074 6996 7072
f 7072 6996 6994
f 7072 6994 7070
f 7070 6994 6992
f 7070 6992 7068
f 7068 6992 6991
f 7068 6991 6976
f 7075 6986 7076
f 7076 6986 6985
f 7076 6985 6983
f 7076 6983 7077
f 7077 6983 6981
f 7077 6981 7078
f 7078 6981 6979
f 7078 6979 7079
f 7078 7079 7080
f 7080 7079 7081
f 7080 7081 7082
f 7082 7081 7083
f 7082 7083 7084
f 7084 7083 7085
f 7084 7085 7086
f 7086 7085 7087
f 7086 7087 7088
f 7088 7087 7089
f 7088 7089 7090
f 7090 7089 7091
f 7090 7091 7092
f 7092 7091 7093
f 7092 7093 7094
f 7094 7093 7095
f 7094 7095 7096
f 7096 7095 7097
f 7096 7097 7098
f 7098 7097 7099
f 7098 7099 7100
f 7100 7099 7101
f 7100 7101 7102
f 7102 7101 7103
f 7103 7101 7104
f 7103 7104 7105
f 7105 7104 7106
f 7105 7106 7107
f 7107 7106 7108
f 7107 7108 7109
f 7109 7108 7110
f 7109 7110 7111
f 7111 7110 7112
f 7111 7112 7113
f 7095 7114 7097
f 7097 7114 7115
f 7097 7115 7099
f 7099 7115 7116
f 7099 7116 7101
f 7101 7116 7104
f 7114 7117 7115
f 7115 7117 7118
f 7115 7118 7116
f 7116 7118 7119
f 7116 7119 7104
f 7104 7119 7106
f 7117 7120 7118
f 7118 7120 7121
f 7118 7121 7119
f 7119 7121 7108
f 7119 7108 7106
f 7120 7122 7121
f 7121 7122 7110
f 7121 7110 7108
f 7122 7112 7110
f 7111 7113 7123
f 7123 7113 7124
f 7123 7124 7125
f 7125 7124 7126
f 7125 7126 7127
f 7127 7126 7074
f 7127 7074 7073
f 7073 7071 7127
f 7127 7071 7128
f 7127 7128 7125
f 7125 7128 7129
f 7125 7129 7123
f 7123 7129 7130
f 7123 7130 7111
f 7111 7130 7109
f 7071 7069 7128
f 7128 7069 7131
f 7128 7131 7129
f 7129 7131 7132
f 7129 7132 7130
f 7130 7132 7133
f 7130 7133 7109
f 7109 7133 7107
f 7069 6977 7131
f 7131 6977 7134
f 7131 7134 7132
f 7132 7134 7135
f 7132 7135 7133
f 7133 7135 7136
f 7133 7136 7107
f 7107 7136 7105
f 7102 7137 7100
f 7100 7137 7138
f 7100 7138 7098
f 7098 7138 7139
f 7098 7139 7096
f 7096 7139 7094
f 7137 7140 7138
f 7138 7140 7141
f 7138 7141 7139
f 7139 7141 7142
f 7139 7142 7094
f 7094 7142 7092
f 7141 7140 7143
f 7143 7140 7144
f 7143 7144 7145
f 7145 7144 7146
f 7145 7146 7147
f 7147 7146 7148
f 7147 7148 7149
f 7149 7148 7150
f 7149 7150 7151
f 7151 7150 7152
f 7151 7152 7153
f 7153 7152 7154
f 7153 7154 7082
f 7082 7154 7080
f 7150 7155 7152
f 7152 7155 7156
f 7152 7156 7154
f 7154 7156 7157
f 7154 7157 7080
f 7080 7157 7078
f 7155 7158 7156
f 7156 7158 7159
f 7156 7159 7157
f 7157 7159 7077
f 7157 7077 7078
f 7158 7075 7159
f 7159 7075 7076
f 7159 7076 7077
f 7082 7084 7153
f 7153 7084 7160
f 7153 7160 7151
f 7151 7160 7149
f 7084 7086 7160
f 7160 7086 7161
f 7160 7161 7149
f 7149 7161 7147
f 7086 7088 7161
f 7161 7088 7162
f 7161 7162 7147
f 7147 7162 7145
f 7088 7090 7162
f 7162 7090 7163
f 7162 7163 7145
f 7145 7163 7143
f 7090 7092 7163
f 7163 7092 7142
f 7163 7142 7143
f 7143 7142 7141
f 6881 6806 6986
f 6986 6806 6960
f 5233 7013 7164
f 7164 7013 7011
f 7164 7011 7009
f 5234 6979 5233
f 5233 6979 6978
f 5233 6978 7041
f 5235 7095 5234
f 5234 7095 7093
f 5234 7093 7091
f 7165 6272 5235
f 5235 6272 5230
f 5235 5230 7164
f 7164 5230 5229
f 7041 7039 5233
f 5233 7039 7028
f 5233 7028 7027
f 7027 7037 5233
f 5233 7037 7035
f 5233 7035 7032
f 7032 7029 5233
f 5233 7029 7013
f 7009 7007 7164
f 7164 7007 7005
f 7164 7005 7003
f 7003 7001 7164
f 7164 7001 6999
f 7164 6999 6997
f 6997 6996 7164
f 7164 6996 7074
f 7164 7074 5235
f 5235 7074 7126
f 5235 7126 7124
f 7124 7113 5235
f 5235 7113 7112
f 5235 7112 7122
f 7122 7120 5235
f 5235 7120 7117
f 5235 7117 7114
f 7114 7095 5235
f 7091 7089 5234
f 5234 7089 7087
f 5234 7087 7085
f 7085 7083 5234
f 5234 7083 7081
f 5234 7081 7079
f 7079 6979 5234
f 4916 6791 4915
f 4915 6791 6793
f 4920 5222 4917
f 4917 5222 5221
f 5235 5236 7165
f 7165 5236 7166
f 5229 5231 7164
f 7164 5231 7167
f 5215 5233 5214
f 5214 5233 7164
f 5214 7164 7167
f 5219 6792 4918
f 4918 6792 6791
f 4918 6791 4916
f 5219 5218 6792
f 6792 5218 5220
f 6566 6353 6761
f 6761 6353 6460
f 6761 6460 6762
f 6762 6460 6543
f 6762 6543 6763
f 6763 6543 6540
f 6763 6540 6732
f 6732 6540 6535
f 6732 6535 6730
f 6730 6535 6533
f 6730 6533 6729
f 6729 6533 6531
f 6729 6531 6764
f 6764 6531 6529
f 6764 6529 6767
f 6767 6529 6525
f 6767 6525 6771
f 6771 6525 6522
f 6771 6522 6773
f 6773 6522 6487
f 6773 6487 6775
f 6775 6487 6488
f 6775 6488 6777
f 6777 6488 6490
f 6777 6490 6782
f 6782 6490 6521
f 6782 6521 6785
f 6785 6521 6520
f 6785 6520 6702
f 6702 6520 6519
f 6702 6519 6613
f 6613 6519 6452
f 6977 6800 7134
f 7134 6800 6888
f 7134 6888 7135
f 7135 6888 6954
f 7135 6954 7136
f 7136 6954 6951
f 7136 6951 7105
f 7105 6951 6946
f 7105 6946 7103
f 7103 6946 6944
f 7103 6944 7102
f 7102 6944 6942
f 7102 6942 7137
f 7137 6942 6940
f 7137 6940 7140
f 7140 6940 6936
f 7140 6936 7144
f 7144 6936 6933
f 7144 6933 7146
f 7146 6933 6906
f 7146 6906 7148
f 7148 6906 6907
f 7148 6907 7150
f 7150 6907 6909
f 7150 6909 7155
f 7155 6909 6932
f 7155 6932 7158
f 7158 6932 6931
f 7158 6931 7075
f 7075 6931 6930
f 7075 6930 6986
f 6986 6930 6881
f 4915 6793 4914
f 4914 6793 6159
f 4914 6159 6252
f 6793 6160 6159
f 6159 6160 6093
f 6093 6160 6162
f 6093 6162 6106
f 4366 6272 6252
f 6252 6272 7165
f 6252 7165 5213
f 5213 7165 7166
f 4429 6253 4366
f 4366 6253 6272
f 5213 4914 6252
f 6329 6343 4354
f 4354 6343 6298
f 4354 6298 3217
f 3217 6298 3215
f 3215 6298 6299
f 3215 6299 3213
f 3213 6299 6300
f 3213 6300 3211
f 3211 6300 6301
f 3211 6301 3209
f 3209 6301 6302
f 3209 6302 3207
f 3207 6302 6285
f 3207 6285 3205
f 3205 6285 6286
f 3205 6286 3203
f 3203 6286 6287
f 3203 6287 3201
f 3201 6287 6288
f 3201 6288 3199
f 3199 6288 6289
f 3199 6289 3197
f 3197 6289 6323
f 3197 6323 3195
f 3195 6323 6318
f 3195 6318 3182
f 3182 6318 6319
f 3182 6319 3184
f 3184 6319 6320
f 3184 6320 3186
f 3186 6320 6321
f 3186 6321 3188
f 3188 6321 6322
f 3188 6322 3190
f 3190 6322 6315
f 3190 6315 4352
f 4352 6315 6314
f 4352 6314 4430
f 4430 6314 6312
f 4430 6312 4431
f 4431 6312 6311
f 4431 6311 4432
f 4432 6311 6316
f 4432 6316 4433
f 4433 6316 6317
f 4433 6317 4434
f 4434 6317 6280
f 4434 6280 4435
f 4435 6280 6279
f 4435 6279 4437
f 4437 6279 6335
f 4437 6335 4439
f 4439 6335 6336
f 4439 6336 4441
f 4441 6336 6337
f 4441 6337 4443
f 4443 6337 6338
f 4443 6338 4445
f 4445 6338 6339
f 4445 6339 4447
f 4447 6339 6324
f 4447 6324 4448
f 4448 6324 6325
f 4448 6325 4449
f 4449 6325 6326
f 4449 6326 4450
f 4450 6326 6327
f 4450 6327 4451
f 4451 6327 6328
f 4451 6328 4452
f 4452 6328 6329
f 4452 6329 4354
f 4352 3192 3190
f 3217 3219 4354
f 5433 3863 5432
f 5432 3863 3862
f 5432 3862 5431
f 5431 3862 3861
f 5431 3861 5430
f 5430 3861 3860
f 5430 3860 5429
f 5429 3860 3859
f 5429 3859 5428
f 5428 3859 3876
f 5428 3876 5427
f 5427 3876 3875
f 5427 3875 5426
f 5426 3875 3874
f 5426 3874 5425
f 5425 3874 3873
f 5425 3873 5424
f 5424 3873 3872
f 5424 3872 5423
f 5423 3872 3871
f 5423 3871 5440
f 5440 3871 3870
f 5440 3870 5439
f 5439 3870 3869
f 5439 3869 5438
f 5438 3869 3868
f 5438 3868 5437
f 5437 3868 3867
f 5437 3867 5436
f 5436 3867 3866
f 5436 3866 5435
f 5435 3866 3865
f 5435 3865 5434
f 5434 3865 3864
f 5434 3864 5433
f 5433 3864 3863
f 5637 3881 5636
f 5636 3881 3880
f 5636 3880 5635
f 5635 3880 3879
f 5635 3879 5634
f 5634 3879 3878
f 5634 3878 5633
f 5633 3878 3877
f 5633 3877 5632
f 5632 3877 3894
f 5632 3894 5631
f 5631 3894 3893
f 5631 3893 5630
f 5630 3893 3892
f 5630 3892 5629
f 5629 3892 3891
f 5629 3891 5628
f 5628 3891 3890
f 5628 3890 5627
f 5627 3890 3889
f 5627 3889 5644
f 5644 3889 3888
f 5644 3888 5643
f 5643 3888 3887
f 5643 3887 5642
f 5642 3887 3886
f 5642 3886 5641
f 5641 3886 3885
f 5641 3885 5640
f 5640 3885 3884
f 5640 3884 5639
f 5639 3884 3883
f 5639 3883 5638
f 5638 3883 3882
f 5638 3882 5637
f 5637 3882 3881
f 5297 3845 5296
f 5296 3845 3844
f 5296 3844 5295
f 5295 3844 3843
f 5295 3843 5294
f 5294 3843 3842
f 5294 3842 5293
f 5293 3842 3841
f 5293 3841 5292
f 5292 3841 3858
f 5292 3858 5291
f 5291 3858 3857
f 5291 3857 5290
f 5290 3857 3856
f 5290 3856 5289
f 5289 3856 3855
f 5289 3855 5288
f 5288 3855 3854
f 5288 3854 5287
f 5287 3854 3853
f 5287 3853 5304
f 5304 3853 3852
f 5304 3852 5303
f 5303 3852 3851
f 5303 3851 5302
f 5302 3851 3850
f 5302 3850 5301
f 5301 3850 3849
f 5301 3849 5300
f 5300 3849 3848
f 5300 3848 5299
f 5299 3848 3847
f 5299 3847 5298
f 5298 3847 3846
f 5298 3846 5297
f 5297 3846 3845
f 6340 3899 6313
f 6313 3899 3898
f 6313 3898 6310
f 6310 3898 3897
f 6310 3897 6309
f 6309 3897 3896
f 6309 3896 6308
f 6308 3896 3895
f 6308 3895 6306
f 6306 3895 3912
f 6306 3912 6307
f 6307 3912 3911
f 6307 3911 6303
f 6303 3911 3910
f 6303 3910 6304
f 6304 3910 3909
f 6304 3909 6305
f 6305 3909 3908
f 6305 3908 6273
f 6273 3908 3907
f 6273 3907 6274
f 6274 3907 3906
f 6274 3906 6275
f 6275 3906 3905
f 6275 3905 6276
f 6276 3905 3904
f 6276 3904 6277
f 6277 3904 3903
f 6277 3903 6278
f 6278 3903 3902
f 6278 3902 6342
f 6342 3902 3901
f 6342 3901 6341
f 6341 3901 3900
f 6341 3900 6340
f 6340 3900 3899
f 6290 3827 6283
f 6283 3827 3826
f 6283 3826 6284
f 6284 3826 3825
f 6284 3825 6281
f 6281 3825 3824
f 6281 3824 6282
f 6282 3824 3823
f 6282 3823 6334
f 6334 3823 3840
f 6334 3840 6333
f 6333 3840 3839
f 6333 3839 6332
f 6332 3839 3838
f 6332 3838 6331
f 6331 3838 3837
f 6331 3837 6330
f 6330 3837 3836
f 6330 3836 6344
f 6344 3836 3835
f 6344 3835 6297
f 6297 3835 3834
f 6297 3834 6296
f 6296 3834 3833
f 6296 3833 6295
f 6295 3833 3832
f 6295 3832 6294
f 6294 3832 3831
f 6294 3831 6293
f 6293 3831 3830
f 6293 3830 6292
f 6292 3830 3829
f 6292 3829 6291
f 6291 3829 3828
f 6291 3828 6290
f 6290 3828 3827
f 4533 5848 4531
f 4531 5848 5831
f 4531 5831 4530
f 4530 5831 5832
f 4530 5832 4641
f 4641 5832 5833
f 4641 5833 4639
f 4639 5833 5834
f 4639 5834 4637
f 4637 5834 5835
f 4637 5835 4635
f 4635 5835 5836
f 4635 5836 4633
f 4633 5836 5837
f 4633 5837 4632
f 4632 5837 5838
f 4632 5838 4549
f 4549 5838 5839
f 4549 5839 4547
f 4547 5839 5840
f 4547 5840 4545
f 4545 5840 5841
f 4545 5841 4543
f 4543 5841 5842
f 4543 5842 4542
f 4542 5842 5843
f 4542 5843 4540
f 4540 5843 5844
f 4540 5844 4538
f 4538 5844 5845
f 4538 5845 4537
f 4537 5845 5846
f 4537 5846 4535
f 4535 5846 5847
f 4535 5847 4533
f 4533 5847 5848
f 4551 5712 4630
f 4630 5712 5695
f 4630 5695 4628
f 4628 5695 5696
f 4628 5696 4626
f 4626 5696 5697
f 4626 5697 4624
f 4624 5697 5698
f 4624 5698 4622
f 4622 5698 5699
f 4622 5699 4621
f 4621 5699 5700
f 4621 5700 4568
f 4568 5700 5701
f 4568 5701 4566
f 4566 5701 5702
f 4566 5702 4564
f 4564 5702 5703
f 4564 5703 4562
f 4562 5703 5704
f 4562 5704 4561
f 4561 5704 5705
f 4561 5705 4559
f 4559 5705 5706
f 4559 5706 4558
f 4558 5706 5707
f 4558 5707 4556
f 4556 5707 5708
f 4556 5708 4554
f 4554 5708 5709
f 4554 5709 4553
f 4553 5709 5710
f 4553 5710 4550
f 4550 5710 5711
f 4550 5711 4551
f 4551 5711 5712
f 4464 4656 4466
f 4466 4656 6222
f 4466 6222 6221
f 6222 4656 6229
f 6229 4656 4652
f 6229 4652 6228
f 6228 4652 4650
f 6228 4650 6227
f 6227 4650 4648
f 6227 4648 6226
f 6226 4648 4646
f 6226 4646 6225
f 6225 4646 4644
f 6225 4644 6230
f 6230 4644 4640
f 6230 4640 6196
f 6196 4640 4638
f 6196 4638 6195
f 6195 4638 4636
f 6195 4636 6194
f 6194 4636 4634
f 6194 4634 6193
f 6193 4634 4631
f 6193 4631 6192
f 6192 4631 4629
f 6192 4629 6209
f 6209 4629 4627
f 6209 4627 6208
f 6208 4627 4625
f 6208 4625 6207
f 6207 4625 4623
f 6207 4623 6206
f 6206 4623 4620
f 6206 4620 6205
f 6205 4620 4615
f 6205 4615 4468
f 4468 4615 4470
f 6148 6236 4468
f 4468 6236 6251
f 4468 6251 6205
f 6236 6148 6235
f 6235 6148 6147
f 6235 6147 6234
f 6234 6147 6146
f 6234 6146 6233
f 6233 6146 6145
f 6233 6145 6232
f 6232 6145 6144
f 6232 6144 6231
f 6231 6144 6143
f 6231 6143 6246
f 6246 6143 6141
f 6246 6141 6245
f 6245 6141 6139
f 6245 6139 6244
f 6244 6139 6137
f 6244 6137 6243
f 6243 6137 6135
f 6243 6135 6242
f 6242 6135 6133
f 6242 6133 6177
f 6177 6133 6131
f 6177 6131 6178
f 6178 6131 6130
f 6178 6130 6224
f 6224 6130 6129
f 6224 6129 6223
f 6223 6129 6128
f 6223 6128 6218
f 6218 6128 6127
f 6218 6127 6219
f 6219 6127 6126
f 6219 6126 6221
f 6221 6126 4466
f 4519 6052 4517
f 4517 6052 6035
f 4517 6035 4515
f 4515 6035 6036
f 4515 6036 4513
f 4513 6036 6037
f 4513 6037 4512
f 4512 6037 6038
f 4512 6038 4653
f 4653 6038 6039
f 4653 6039 4651
f 4651 6039 6040
f 4651 6040 4649
f 4649 6040 6041
f 4649 6041 4647
f 4647 6041 6042
f 4647 6042 4645
f 4645 6042 6043
f 4645 6043 4642
f 4642 6043 6044
f 4642 6044 4643
f 4643 6044 6045
f 4643 6045 4528
f 4528 6045 6046
f 4528 6046 4527
f 4527 6046 6047
f 4527 6047 4525
f 4525 6047 6048
f 4525 6048 4523
f 4523 6048 6049
f 4523 6049 4522
f 4522 6049 6050
f 4522 6050 4520
f 4520 6050 6051
f 4520 6051 4519
f 4519 6051 6052
f 4616 6204 4617
f 4617 6204 6250
f 4617 6250 4618
f 4618 6250 6237
f 4618 6237 4591
f 4591 6237 6238
f 4591 6238 4589
f 4589 6238 6239
f 4589 6239 4587
f 4587 6239 6240
f 4587 6240 4585
f 4585 6240 6241
f 4585 6241 4583
f 4583 6241 6191
f 4583 6191 4582
f 4582 6191 6164
f 4582 6164 4580
f 4580 6164 6163
f 4580 6163 4578
f 4578 6163 6161
f 4578 6161 4577
f 4577 6161 6197
f 4577 6197 4575
f 4575 6197 6198
f 4575 6198 4574
f 4574 6198 6199
f 4574 6199 4572
f 4572 6199 6200
f 4572 6200 4569
f 4569 6200 6201
f 4569 6201 4570
f 4570 6201 6202
f 4570 6202 4619
f 4619 6202 6203
f 4619 6203 4616
f 4616 6203 6204
f 4504 6166 4502
f 4502 6166 6165
f 4502 6165 4500
f 4500 6165 6212
f 4500 6212 4499
f 4499 6212 6211
f 4499 6211 4497
f 4497 6211 6210
f 4497 6210 4495
f 4495 6210 6214
f 4495 6214 4494
f 4494 6214 6213
f 4494 6213 4664
f 4664 6213 6215
f 4664 6215 4660
f 4660 6215 6216
f 4660 6216 4659
f 4659 6216 6217
f 4659 6217 4658
f 4658 6217 6220
f 4658 6220 4657
f 4657 6220 6247
f 4657 6247 4654
f 4654 6247 6248
f 4654 6248 4655
f 4655 6248 6249
f 4655 6249 4510
f 4510 6249 6170
f 4510 6170 4508
f 4508 6170 6169
f 4508 6169 4507
f 4507 6169 6168
f 4507 6168 4505
f 4505 6168 6167
f 4505 6167 4504
f 4504 6167 6166
f 4890 7166 4852
f 4852 7166 5236
f 4852 5236 7167
f 7167 5236 5214
f 5214 5236 5216
f 4890 5213 7166
f 4852 7167 4691
f 4691 7167 5231
f 4691 5231 4752
f 4752 5231 4954

