# https://github.com/mikedh/trimesh
v -14.84471989 -36.38650131 462.12954712
v -18.24472046 -32.38650131 462.12765503
v -18.54471970 -36.38650131 462.12954712
v -18.24472046 6.21349430 462.10964966
v -18.54471970 12.21349335 462.10684204
v -13.14472008 12.21349335 462.10684204
v -21.94471931 -19.40817070 423.06515503
v -21.94471931 -19.07022858 423.25625610
v -21.94471931 -19.79638290 423.06863403
v -21.94471931 -20.13084602 423.26574707
v -21.94471931 -18.87310982 423.59069824
v -21.94471931 -20.32194138 423.60369873
v -21.94471931 -18.86963081 423.97891235
v -21.94471931 -20.31846237 423.99191284
v -21.94471931 -19.06072617 424.31686401
v -21.94471931 -20.12134361 424.32635498
v -21.94471931 -19.39518929 424.51397705
v -21.94471931 -19.78340149 424.51745605
v -21.94471931 -8.94440556 428.98205566
v -21.94471931 -8.60646343 429.17312622
v -21.94471931 -9.33261776 428.98553467
v -21.94471931 -9.66708088 429.18264771
v -21.94471931 -8.40934467 429.50759888
v -21.94471931 -9.85817528 429.52056885
v -21.94471931 -8.40586662 429.89581299
v -21.94471931 -9.85469723 429.90878296
v -21.94471931 -8.59696007 430.23376465
v -21.94471931 -9.65757751 430.24325562
v -21.94471931 -8.93142319 430.43087769
v -21.94471931 -9.31963634 430.43435669
v -21.94471931 -3.02751279 418.51828003
v -21.94471931 -2.68957114 418.70938110
v -21.94471931 -3.41572571 418.52175903
v -21.94471931 -3.75018883 418.71887207
v -21.94471931 -2.49245238 419.04382324
v -21.94471931 -3.94128275 419.05682373
v -21.94471931 -2.48897386 419.43203735
v -21.94471931 -3.93780446 419.44503784
v -21.94471931 -2.68006802 419.76998901
v -21.94471931 -3.74068546 419.77947998
v -21.94471931 -3.01453114 419.96710205
v -21.94471931 -3.40274405 419.97058105
v -21.94471931 -4.53535509 415.24758911
v -21.94471931 -4.10194111 415.42617798
v -21.94471931 -4.51002693 415.65216064
v -21.94471931 -3.78943992 415.77557373
v -21.94471931 -4.66482782 416.02682495
v -21.94471931 -3.66013646 416.22616577
v -21.94471931 -3.73980260 416.68811035
v -21.94471931 -4.01256037 417.06933594
v -21.94471931 -4.96835041 416.29556274
v -21.94471931 -4.42404461 417.29388428
v -21.94471931 -4.89224243 417.31698608
v -21.94471931 -5.32383490 417.13406372
v -21.94471931 -5.35901403 416.40380859
v -21.94471931 -5.63280010 416.78152466
v -21.94471931 -5.75755787 416.32965088
v -21.94471931 -17.67575264 414.64776611
v -21.94471931 -17.49715996 414.21435547
v -21.94471931 -17.27115822 414.62243652
v -21.94471931 -17.14775276 413.90185547
v -21.94471931 -16.89649200 414.77725220
v -21.94471931 -16.69717216 413.77255249
v -21.94471931 -16.23522377 413.85220337
v -21.94471931 -15.85398197 414.12496948
v -21.94471931 -16.62776947 415.08074951
v -21.94471931 -15.62943077 414.53646851
v -21.94471931 -15.60632801 415.00466919
v -21.94471931 -15.78927803 415.43624878
v -21.94471931 -16.51950836 415.47143555
v -21.94471931 -16.14181519 415.74520874
v -21.94471931 -16.59367561 415.86996460
v -21.94471931 -20.69712257 421.09375000
v -21.94471931 -20.87730789 420.66098022
v -21.94471931 -20.42893982 420.78973389
v -21.94471931 -20.85121155 420.19296265
v -21.94471931 -20.05455017 420.63427734
v -21.94471931 -20.62403297 419.78289795
v -21.94471931 -20.24105453 419.51260376
v -21.94471931 -19.77860641 419.43588257
v -21.94471931 -19.64991188 420.65887451
v -21.94471931 -19.32886124 419.56805420
v -21.94471931 -18.98146057 419.88278198
v -21.94471931 -18.80564308 420.31735229
v -21.94471931 -19.29711914 420.85858154
v -21.94471931 -18.83645248 420.78509521
v -21.94471931 -19.06775093 421.19284058
v -21.94471931 -18.27556038 427.78817749
v -21.94471931 -18.70897293 427.60958862
v -21.94471931 -18.30088806 427.38357544
v -21.94471931 -19.02147484 427.26016235
v -21.94471931 -18.14608574 427.00891113
v -21.94471931 -19.15077782 426.80960083
v -21.94471931 -19.07111168 426.34762573
v -21.94471931 -18.79835510 425.96640015
v -21.94471931 -17.84256363 426.74017334
v -21.94471931 -18.38686943 425.74185181
v -21.94471931 -17.91867256 425.71875000
v -21.94471931 -17.48707962 425.90170288
v -21.94471931 -17.45190048 426.63192749
v -21.94471931 -17.17811394 426.25424194
v -21.94471931 -17.05335617 426.70608521
v -21.94471931 -11.82958412 430.80953979
v -21.94471931 -12.26233768 430.98971558
v -21.94471931 -12.13358498 430.54135132
v -21.94471931 -12.73037815 430.96362305
v -21.94471931 -12.28905392 430.16696167
v -21.94471931 -13.14041805 430.73645020
v -21.94471931 -13.41073227 430.35345459
v -21.94471931 -13.48744297 429.89102173
v -21.94471931 -12.26444721 429.76232910
v -21.94471931 -13.35526085 429.44128418
v -21.94471931 -13.04053116 429.09387207
v -21.94471931 -12.60598469 428.91806030
v -21.94471931 -12.06475830 429.40954590
v -21.94471931 -12.13823128 428.94885254
v -21.94471931 -11.73050022 429.18017578
v -21.94471931 -5.13516140 428.38796997
v -21.94471931 -5.31375360 428.82138062
v -21.94471931 -5.53975582 428.41329956
v -21.94471931 -5.66316080 429.13388062
v -21.94471931 -5.91442204 428.25851440
v -21.94471931 -6.11374187 429.26318359
v -21.94471931 -6.57568979 429.18353271
v -21.94471931 -6.95693254 428.91076660
v -21.94471931 -6.18314552 427.95498657
v -21.94471931 -7.18148327 428.49926758
v -21.94471931 -7.20458603 428.03109741
v -21.94471931 -7.02163649 427.59948730
v -21.94471931 -6.29140568 427.56430054
v -21.94471931 -6.66909885 427.29052734
v -21.94471931 -6.21723795 427.16577148
v -21.94471931 -2.11379242 421.94198608
v -21.94471931 -1.93360662 422.37475586
v -21.94471931 -2.38197446 422.24600220
v -21.94471931 -1.95970321 422.84280396
v -21.94471931 -2.75636435 422.40145874
v -21.94471931 -2.18688059 423.25283813
v -21.94471931 -2.56985974 423.52313232
v -21.94471931 -3.03230762 423.59985352
v -21.94471931 -3.16100335 422.37686157
v -21.94471931 -3.48205256 423.46768188
v -21.94471931 -3.82945442 423.15295410
v -21.94471931 -4.00527143 422.71838379
v -21.94471931 -3.51379561 422.17718506
v -21.94471931 -3.97446108 422.25064087
v -21.94471931 -3.74316430 421.84292603
v -21.94471931 -15.51022148 411.31243896
v -21.94471931 -15.51012135 411.52828979
v -21.94471931 -16.87491417 411.97402954
v -21.94471931 -16.84164810 412.18579102
v -21.94471931 -18.13563728 412.81701660
v -21.94471931 -18.07039642 413.01971436
v -21.94471931 -19.26842690 413.82543945
v -21.94471931 -19.17313194 414.01431274
v -21.94471931 -20.25175095 414.98004150
v -21.94471931 -20.12900734 415.15078735
v -21.94471931 -21.06691551 416.25894165
v -21.94471931 -20.91995049 416.40765381
v -21.94471931 -21.69842529 417.63781738
v -21.94471931 -21.53100777 417.76110840
v -21.94471931 -22.13427734 419.09045410
v -21.94471931 -21.95062447 419.18560791
v -21.94471931 -22.36618614 420.58920288
v -21.94471931 -22.17086792 420.65420532
v -21.94471931 -22.38974380 422.10562134
v -21.94471931 -22.18757248 422.13912964
v -21.94471931 -22.20450020 423.61087036
v -21.94471931 -22.00042534 423.61230469
v -21.94471931 -21.81398010 425.07632446
v -21.94471931 -21.61296463 425.04586792
v -21.94471931 -21.22560501 426.47415161
v -21.94471931 -21.03251266 426.41275024
v -21.94471931 -20.45055771 427.77774048
v -21.94471931 -20.27004623 427.68707275
v -21.94471931 -19.50357437 428.96237183
v -21.94471931 -19.33998108 428.84475708
v -21.94471931 -18.40265465 430.00546265
v -21.94471931 -18.25990105 429.86392212
v -21.94471931 -17.16872406 430.88720703
v -21.94471931 -17.05022621 430.72528076
v -21.94471931 -15.82524204 431.59088135
v -21.94471931 -15.73382759 431.41256714
v -21.94471931 -14.39774323 432.10305786
v -21.94471931 -14.33559418 431.91278076
v -21.94471931 -12.91336441 432.41403198
v -21.94471931 -12.88196278 432.21646118
v -21.94471931 -11.40032196 432.51788330
v -21.94471931 -11.40041542 432.31787109
v -21.94471931 -9.91896343 432.21508789
v -21.94471931 -9.88737679 432.41262817
v -21.94471931 -8.46561527 431.91003418
v -21.94471931 -8.40328979 432.10025024
v -21.94471931 -7.06785059 431.40853882
v -21.94471931 -6.97626972 431.58676147
v -21.94471931 -5.75209475 430.72000122
v -21.94471931 -5.63344431 430.88183594
v -21.94471931 -4.54322481 429.85751343
v -21.94471931 -4.40033817 429.99893188
v -21.94471931 -3.46409655 428.83734131
v -21.94471931 -3.30039239 428.95480347
v -21.94471931 -2.53511214 427.67880249
v -21.94471931 -2.35451508 427.76931763
v -21.94471931 -1.77383614 426.40374756
v -21.94471931 -1.58068645 426.46496582
v -21.94471931 -1.19466114 425.03634644
v -21.94471931 -0.99361616 425.06661987
v -21.94471931 -0.80853778 423.60241699
v -21.94471931 -0.60446388 423.60079956
v -21.94471931 -0.62276608 422.12905884
v -21.94471931 -0.42062697 422.09536743
v -21.94471931 -0.64085841 420.64416504
v -21.94471931 -0.44559991 420.57897949
v -21.94471931 -0.86247277 419.17575073
v -21.94471931 -0.67890805 419.08041382
v -21.94471931 -1.28341913 417.75164795
v -21.94471931 -1.11611640 417.62820435
v -21.94471931 -1.89573896 416.39877319
v -21.94471931 -1.74891412 416.24993896
v -21.94471931 -2.68785501 415.14263916
v -21.94471931 -2.56527233 414.97180176
v -21.94471931 -3.64479160 414.00708008
v -21.94471931 -3.54967308 413.81808472
v -21.94471931 -4.74845600 413.01348877
v -21.94471931 -4.68340397 412.81076050
v -21.94471931 -5.97798157 412.18072510
v -21.94471931 -5.94491386 411.96893311
v -21.94471931 -7.31012201 411.52447510
v -21.94471931 -7.31022263 411.30859375
v -25.94471931 -20.39612007 441.52206421
v -25.84683228 -20.39583015 442.14010620
v -25.94471931 -21.09068298 441.58316040
v -25.84683228 -20.98307991 442.19177246
v -25.94471931 -21.76408768 441.76394653
v -25.84683228 -21.55243683 442.34460449
v -25.94471931 -22.39586830 442.05889893
v -25.84683228 -22.08660316 442.59399414
v -25.89843178 -22.39563560 442.56106567
v -25.76288605 -22.39539909 443.06713867
v -25.56275368 -21.80760956 443.07669067
v -25.56275368 -22.21076965 443.35928345
v -25.12029076 -21.58619881 443.45977783
v -25.12029076 -21.92620277 443.69808960
v -24.56275368 -21.44404411 443.70574951
v -24.56275368 -21.74349785 443.91561890
v -23.94471931 -21.57057762 443.90457153
v -23.94471931 -22.01283455 444.34725952
v -25.56275368 -20.39557076 442.69763184
v -25.56275368 -20.88600731 442.74078369
v -25.56275368 -21.36150360 442.86843872
v -25.12029076 -20.39536476 443.14010620
v -25.12029076 -20.80897141 443.17648315
v -25.12029076 -21.20997810 443.28414917
v -24.56275368 -20.39523125 443.42419434
v -24.56275368 -20.75951004 443.45623779
v -24.56275368 -21.11269188 443.55102539
v -23.94471931 -20.39518547 443.52206421
v -23.94471931 -21.01317406 443.62023926
v -23.94471931 -22.29665375 444.90493774
v -24.56275368 -22.21156502 444.47396851
v -24.56275368 -22.00195694 444.17431641
v -25.12029076 -22.21965790 443.99182129
v -24.56275368 -22.36595535 444.80548096
v -23.94471931 -22.39425278 445.52301025
v -24.65835762 -22.39459610 444.78549194
v -25.30671310 -22.39497948 443.96362305
v -25.55878639 -22.39517975 443.53628540
v -25.94471931 -2.39612150 441.51367188
v -25.84683228 -11.39583206 442.13589478
v -25.84683228 -2.39583302 442.13171387
v -25.56275368 -11.39557171 442.69345093
v -25.56275368 -2.39557266 442.68923950
v -25.12029076 -11.39536476 443.13589478
v -25.12029076 -2.39536619 443.13171387
v -24.56275368 -11.39523220 443.41998291
v -24.56275368 -2.39523363 443.41577148
v -23.94471931 -2.39518785 443.51367188
v -25.94471931 -1.02792847 441.75427246
v -25.94471931 -0.39587152 442.04864502
v -25.84683228 -0.70463860 442.58401489
v -25.89843178 -0.39563709 442.55078125
v -25.76288605 -0.39540085 443.05688477
v -25.55878639 -0.39518183 443.52603149
v -25.56275368 -0.57975614 443.34918213
v -25.56275368 -0.98318142 443.06698608
v -25.84683228 -1.23903739 442.33511353
v -25.94471931 -1.70150054 441.57409668
v -25.84683228 -1.80853677 442.18280029
v -25.56275368 -1.90509570 442.73190308
v -25.12029076 -1.98172522 443.16769409
v -24.56275368 -2.03092432 443.44747925
v -23.94471931 -1.77710819 443.61126709
v -24.56275368 -1.67765498 443.54196167
v -24.56275368 -1.34615898 443.69635010
v -25.12029076 -1.58061886 443.27496338
v -25.12029076 -1.20423424 443.45025635
v -25.56275368 -1.42948151 442.85913086
v -25.30671310 -0.39498234 443.95336914
v -25.12029076 -0.57027727 443.98171997
v -25.12029076 -0.86400789 443.68826294
v -24.65835762 -0.39459866 444.77520752
v -24.56275368 -0.57792062 444.46386719
v -24.56275368 -0.78780919 444.16442871
v -23.94471931 -0.77676916 444.33734131
v -23.94471931 -1.21943915 443.89508057
v -24.56275368 -0.42322043 444.79522705
v -23.94471931 -0.39425436 445.51272583
v -23.94471931 -0.49242985 444.89474487
v -24.56275368 -1.04650879 443.90597534
v -25.94471931 -3.89362049 429.55355835
v -25.94471931 -2.86939311 428.45584106
v -25.94471931 -2.00417662 427.22891235
v -25.94471931 -5.05777884 430.50158691
v -25.94471931 -6.34018278 431.28225708
v -25.94471931 -7.71694326 431.88101196
v -25.94471931 -9.16241360 432.28674316
v -25.94471931 -10.64966774 432.49188232
v -25.94471931 -12.15100002 432.49258423
v -25.94471931 -13.63844490 432.28884888
v -25.94471931 -15.08429432 431.88446045
v -25.94471931 -16.46161270 431.28695679
v -25.94471931 -17.74474525 430.50750732
v -25.94471931 -18.90978813 429.56057739
v -25.94471931 -22.40545654 421.52301025
v -25.94471931 -22.30230141 423.02078247
v -25.94471931 -21.99616051 424.49057007
v -25.94471931 -21.49273491 425.90499878
v -25.94471931 -20.80140114 427.23767090
v -25.94471931 -19.93503952 428.46380615
v -25.94471931 -1.31408811 425.89556885
v -25.94471931 -0.81198275 424.48068237
v -25.94471931 -0.50721377 423.01062012
v -25.94471931 -0.40545842 421.51272583
v 25.05528069 -2.39612150 441.51367188
v 24.95739365 -2.39583302 442.13171387
v 25.05528069 -1.70150054 441.57409668
v 24.95739365 -1.80853677 442.18280029
v 25.05528069 -1.02792847 441.75427246
v 24.95739365 -1.23903739 442.33511353
v 25.05528069 -0.39587152 442.04864502
v 24.95739365 -0.70463860 442.58401489
v 25.00899315 -0.39563709 442.55078125
v 24.87344551 -0.39540085 443.05688477
v 24.67331505 -0.98318142 443.06698608
v 24.67331505 -0.57975614 443.34918213
v 24.23085022 -1.20423424 443.45025635
v 24.23085022 -0.86400789 443.68826294
v 23.67331505 -1.34615898 443.69635010
v 23.67331505 -1.04650879 443.90597534
v 23.05528069 -1.21943915 443.89508057
v 23.05528069 -0.77676916 444.33734131
v 24.67331505 -2.39557266 442.68923950
v 24.67331505 -1.90509570 442.73190308
v 24.67331505 -1.42948151 442.85913086
v 24.23085022 -2.39536619 443.13171387
v 24.23085022 -1.98172522 443.16769409
v 24.23085022 -1.58061886 443.27496338
v 23.67331505 -2.39523363 443.41577148
v 23.67331505 -2.03092432 443.44747925
v 23.67331505 -1.67765498 443.54196167
v 23.05528069 -2.39518785 443.51367188
v 23.05528069 -1.77710819 443.61126709
v 23.05528069 -0.49242985 444.89474487
v 23.67331505 -0.57792062 444.46386719
v 23.67331505 -0.78780919 444.16442871
v 24.23085022 -0.57027727 443.98171997
v 23.67331505 -0.42322043 444.79522705
v 23.05528069 -0.39425436 445.51272583
v 23.76891899 -0.39459866 444.77520752
v 24.41727448 -0.39498234 443.95336914
v 24.66934776 -0.39518183 443.52603149
v 25.05528069 -20.39612007 441.52206421
v 24.95739365 -11.39583206 442.13589478
v 24.95739365 -20.39583015 442.14010620
v 24.67331505 -11.39557171 442.69345093
v 24.67331505 -20.39557076 442.69763184
v 24.23085022 -11.39536476 443.13589478
v 24.23085022 -20.39536476 443.14010620
v 23.67331505 -11.39523220 443.41998291
v 23.67331505 -20.39523125 443.42419434
v 23.05528069 -20.39518547 443.52206421
v 25.05528069 -21.76408768 441.76394653
v 25.05528069 -22.39586830 442.05889893
v 24.95739365 -22.08660316 442.59399414
v 25.00899315 -22.39563560 442.56106567
v 24.87344551 -22.39539909 443.06713867
v 24.66934776 -22.39517975 443.53628540
v 24.67331505 -22.21076965 443.35928345
v 24.67331505 -21.80760956 443.07669067
v 24.95739365 -21.55243683 442.34460449
v 25.05528069 -21.09068298 441.58316040
v 24.95739365 -20.98307991 442.19177246
v 24.67331505 -20.88600731 442.74078369
v 24.23085022 -20.80897141 443.17648315
v 23.67331505 -20.75951004 443.45623779
v 23.05528069 -21.01317406 443.62023926
v 23.67331505 -21.11269188 443.55102539
v 23.67331505 -21.44404411 443.70574951
v 24.23085022 -21.20997810 443.28414917
v 24.23085022 -21.58619881 443.45977783
v 24.67331505 -21.36150360 442.86843872
v 24.41727448 -22.39497948 443.96362305
v 24.23085022 -22.21965790 443.99182129
v 24.23085022 -21.92620277 443.69808960
v 23.76891899 -22.39459610 444.78549194
v 23.67331505 -22.21156502 444.47396851
v 23.67331505 -22.00195694 444.17431641
v 23.05528069 -22.01283455 444.34725952
v 23.05528069 -21.57057762 443.90457153
v 23.67331505 -22.36595535 444.80548096
v 23.05528069 -22.39425278 445.52301025
v 23.05528069 -22.29665375 444.90493774
v 23.67331505 -21.74349785 443.91561890
v 25.05528069 -18.90978813 429.56057739
v 25.05528069 -19.93503952 428.46380615
v 25.05528069 -20.80140114 427.23767090
v 25.05528069 -17.74474525 430.50750732
v 25.05528069 -16.46161270 431.28695679
v 25.05528069 -15.08429432 431.88446045
v 25.05528069 -13.63844490 432.28884888
v 25.05528069 -12.15100002 432.49258423
v 25.05528069 -10.64966774 432.49188232
v 25.05528069 -9.16241360 432.28674316
v 25.05528069 -7.71694326 431.88101196
v 25.05528069 -6.34018278 431.28225708
v 25.05528069 -5.05777884 430.50158691
v 25.05528069 -3.89362049 429.55355835
v 25.05528069 -0.40545842 421.51272583
v 25.05528069 -0.50721377 423.01062012
v 25.05528069 -0.81198275 424.48068237
v 25.05528069 -1.31408811 425.89556885
v 25.05528069 -2.00417662 427.22891235
v 25.05528069 -2.86939311 428.45584106
v 25.05528069 -21.49273491 425.90499878
v 25.05528069 -21.99616051 424.49057007
v 25.05528069 -22.30230141 423.02078247
v 25.05528069 -22.40545654 421.52301025
v -12.19471931 -22.29665375 444.90493774
v -0.44471967 -22.29665375 444.90493774
v 11.30528069 -22.29665375 444.90493774
v 11.30528069 -22.01283455 444.34725952
v 11.30528069 -21.57057762 443.90457153
v 11.30528069 -21.01317406 443.62023926
v -0.44471967 -21.01317406 443.62023926
v -12.19471931 -21.01317406 443.62023926
v -12.19471931 -21.57057762 443.90457153
v -12.19471931 -22.01283455 444.34725952
v -0.44471967 -22.01283455 444.34725952
v -0.44471967 -21.57057762 443.90457153
v -30.44471931 -22.39331818 447.52301025
v -28.44471931 -22.39331818 447.52301025
v -22.23468018 -22.39148331 451.45339966
v -20.54471970 -22.39210510 450.12301636
v -20.54471970 -22.39005089 454.52301025
v 19.65528107 -22.39210510 450.12301636
v 21.34524155 -22.39148331 451.45339966
v 19.65528107 -22.39005089 454.52301025
v 27.55528069 -22.39331818 447.52301025
v 29.55528069 -22.39331818 447.52301025
v 29.55528069 -22.41210747 407.27520752
v 25.05528069 -22.41210747 407.27520752
v -30.44471931 -22.41210747 407.27520752
v -25.94471931 -22.41210747 407.27520752
v -12.19471931 -1.77710819 443.61126709
v -0.44471967 -1.77710819 443.61126709
v 11.30528069 -1.77710819 443.61126709
v 11.30528069 -1.21943915 443.89508057
v 11.30528069 -0.77676916 444.33734131
v 11.30528069 -0.49242985 444.89474487
v -0.44471967 -0.49242985 444.89474487
v -12.19471931 -0.49242985 444.89474487
v -12.19471931 -0.77676916 444.33734131
v -12.19471931 -1.21943915 443.89508057
v -0.44471967 -1.21943915 443.89508057
v -0.44471967 -0.77676916 444.33734131
v 29.55528069 -0.39332071 447.51272583
v 27.55528069 -0.39332071 447.51272583
v 21.34524155 -0.39148584 451.44314575
v 19.65528107 -0.39210692 450.11273193
v 19.65528107 -0.39005286 454.51272583
v -20.54471970 -0.39210692 450.11273193
v -22.23468018 -0.39148584 451.44314575
v -20.54471970 -0.39005286 454.51272583
v -28.44471931 -0.39332071 447.51272583
v -30.44471931 -0.39332071 447.51272583
v -30.44471931 -0.41210979 407.26492310
v -25.94471931 -0.41210979 407.26492310
v 29.55528069 -0.41210979 407.26492310
v 25.05528069 -0.41210979 407.26492310
v 29.55528069 -11.40055561 432.01788330
v 29.55528069 -10.78256702 431.91970825
v 29.55528069 -10.22516346 431.63534546
v 29.55528069 -20.77920341 421.73764038
v 29.55528069 -19.41305733 427.53201294
v 29.55528069 -19.31488228 428.14999390
v 29.55528069 -20.91768456 406.23660278
v 29.55528069 -19.32107162 414.89312744
v 29.55528069 -19.41867065 415.51119995
v 29.55528069 -20.77940369 421.30685425
v 29.55528069 -20.57939529 420.92535400
v 29.55528069 -19.32049370 416.12918091
v 29.55528069 -20.22499275 420.68048096
v 29.55528069 -19.79738998 420.62835693
v 29.55528069 -19.03615570 416.68658447
v 29.55528069 -19.39454460 420.78091431
v 29.55528069 -18.59348488 417.12884521
v 29.55528069 -19.10874176 421.10321045
v 29.55528069 -18.03581619 417.41265869
v 29.55528069 -17.41773605 417.51025391
v 29.55528069 -19.32602692 405.35418701
v 29.55528069 -18.59499550 413.89279175
v 29.55528069 -19.03725243 414.33544922
v 29.55528069 -18.03759193 413.60845947
v 29.55528069 -17.65340233 404.63702393
v 29.55528069 -17.41960335 413.51028442
v 29.55528069 -16.80152321 413.60787964
v 29.55528069 -15.91691017 404.09240723
v 29.55528069 -16.24385452 413.89169312
v 29.55528069 -13.31182671 412.40072632
v 29.55528069 -15.80118465 414.33395386
v 29.55528069 -13.40942478 413.01879883
v 29.55528069 -15.51684570 414.89135742
v 29.55528069 -13.31124973 413.63677979
v 29.55528069 -15.41867065 415.50933838
v 29.55528069 -13.96326160 418.31356812
v 29.55528069 -15.51626873 416.12741089
v 29.55528069 -14.61215973 418.96307373
v 29.55528069 -15.80008698 416.68508911
v 29.55528069 -15.10025978 419.74066162
v 29.55528069 -16.24234390 417.12774658
v 29.55528069 -15.40308666 420.60739136
v 29.55528069 -16.79974747 417.41207886
v 29.55528069 -15.50545692 421.51977539
v 29.55528069 -19.00545692 421.52142334
v 29.55528069 -13.02800751 411.84304810
v 29.55528069 -14.13430023 403.72592163
v 29.55528069 -12.58575058 411.40039062
v 29.55528069 -12.32379532 403.54132080
v 29.55528069 -12.02834702 411.11605835
v 29.55528069 -11.41035938 411.01788330
v 29.55528069 -10.50390339 403.54046631
v 29.55528069 -10.79227924 411.11547852
v 29.55528069 -10.23461056 411.39929199
v 29.55528069 -8.69322681 403.72338867
v 29.55528069 -9.79194069 411.84155273
v 29.55528069 -6.91027641 404.08819580
v 29.55528069 -9.50760078 412.39895630
v 29.55528069 -6.57418203 413.88717651
v 29.55528069 -7.01643848 414.32983398
v 29.55528069 -6.01677799 413.60284424
v 29.55528069 -5.17327595 404.63119507
v 29.55528069 -5.39878988 413.50466919
v 29.55528069 -4.78071022 413.60226440
v 29.55528069 -3.49998260 405.34680176
v 29.55528069 -4.22304106 413.88607788
v 29.55528069 -1.90750098 406.22772217
v 29.55528069 -3.78037119 414.32833862
v 29.55528069 -3.49603176 414.88574219
v 29.55528069 -3.39785624 415.50372314
v 29.55528069 -2.10874295 421.09527588
v 29.55528069 -2.39454579 420.77297974
v 29.55528069 -2.00545812 421.51348877
v 29.55528069 -2.10835266 421.93179321
v 29.55528069 -3.39224458 427.52453613
v 29.55528069 -2.39385414 422.25436401
v 29.55528069 -3.49042010 426.90655518
v 29.55528069 -2.79655814 422.40728760
v 29.55528069 -3.77475929 426.34915161
v 29.55528069 -3.22420955 422.35556030
v 29.55528069 -4.21742916 425.90689087
v 29.55528069 -3.57883906 422.11102295
v 29.55528069 -4.77509832 425.62307739
v 29.55528069 -3.77920508 421.72970581
v 29.55528069 -5.39317799 425.52548218
v 29.55528069 -7.30545759 421.51596069
v 29.55528069 -6.01116610 425.62365723
v 29.55528069 -7.40782738 422.42834473
v 29.55528069 -6.56857014 425.90798950
v 29.55528069 -7.71065474 423.29507446
v 29.55528069 -7.01082706 426.35064697
v 29.55528069 -8.19875526 424.07269287
v 29.55528069 -7.29464579 426.90832520
v 29.55528069 -8.84765244 424.72219849
v 29.55528069 -7.39224434 427.52639771
v 29.55528069 -9.49966526 429.39895630
v 29.55528069 -7.29406881 428.14437866
v 29.55528069 -9.40148926 430.01693726
v 29.55528069 -7.00972939 428.70178223
v 29.55528069 -9.49908733 430.63500977
v 29.55528069 -6.56705952 429.14404297
v 29.55528069 -9.78290653 431.19268799
v 29.55528069 -6.00939035 429.42788696
v 29.55528069 -5.39131069 429.52548218
v 29.55528069 -4.77332258 429.42730713
v 29.55528069 -13.30331326 430.63677979
v 29.55528069 -15.79447556 428.70590210
v 29.55528069 -13.40148926 430.01879883
v 29.55528069 -15.51065731 428.14822388
v 29.55528069 -13.30389023 429.40072632
v 29.55528069 -15.41305828 427.53015137
v 29.55528069 -13.96026897 424.72457886
v 29.55528069 -15.51123428 426.91217041
v 29.55528069 -14.60977268 424.07568359
v 29.55528069 -15.79557323 426.35476685
v 29.55528069 -15.09859848 423.29852295
v 29.55528069 -16.23824310 425.91250610
v 29.55528069 -15.40223503 422.43206787
v 29.55528069 -16.79591179 425.62869263
v 29.55528069 -17.41399193 425.53109741
v 29.55528069 -19.10835075 421.93972778
v 29.55528069 -18.03198051 425.62927246
v 29.55528069 -18.58938408 425.91360474
v 29.55528069 -16.23673248 429.14855957
v 29.55528069 -13.01897430 431.19418335
v 29.55528069 -16.79413605 429.43292236
v 29.55528069 -17.41212463 429.53109741
v 29.55528069 -18.03020477 429.43347168
v 29.55528069 -18.58787346 429.14965820
v 29.55528069 -19.03054428 428.70739746
v 29.55528069 -12.57630444 431.63644409
v 29.55528069 -12.01863480 431.92025757
v 29.55528069 -9.78400421 428.84155273
v 29.55528069 -9.62480927 425.21099854
v 29.55528069 -10.22667408 428.39929199
v 29.55528069 -10.49125576 425.51464844
v 29.55528069 -10.78434277 428.11547852
v 29.55528069 -11.40354347 425.61785889
v 29.55528069 -11.40242290 428.01788330
v 29.55528069 -12.02041054 428.11605835
v 29.55528069 -12.31592655 425.51550293
v 29.55528069 -12.57781506 428.40039062
v 29.55528069 -13.18265629 425.21267700
v 29.55528069 -13.02007198 428.84304810
v 29.55528069 -13.02691078 414.19418335
v 29.55528069 -13.18610477 417.82473755
v 29.55528069 -12.58423996 414.63644409
v 29.55528069 -12.31965923 417.52108765
v 29.55528069 -12.02657127 414.92025757
v 29.55528069 -11.40737152 417.41787720
v 29.55528069 -11.40849209 415.01788330
v 29.55528069 -10.79050350 414.91970825
v 29.55528069 -10.49498749 417.52023315
v 29.55528069 -10.23309994 414.63534546
v 29.55528069 -9.62825871 417.82305908
v 29.55528069 -9.79084301 414.19268799
v 29.55528069 -8.85064602 418.31115723
v 29.55528069 -9.50702381 413.63500977
v 29.55528069 -7.39785576 415.50558472
v 29.55528069 -7.30025721 414.88751221
v 29.55528069 -9.40942574 413.01693726
v 29.55528069 -20.57883644 422.11895752
v 29.55528069 -19.31546021 426.91394043
v 29.55528069 -20.22420692 422.36349487
v 29.55528069 -19.79655647 422.41522217
v 29.55528069 -19.03164101 426.35626221
v 29.55528069 -19.39385223 422.26229858
v 29.55528069 -3.49545479 416.12179565
v 29.55528069 -2.79739213 420.62042236
v 29.55528069 -3.77927351 416.67947388
v 29.55528069 -3.22499537 420.67254639
v 29.55528069 -4.22153044 417.12213135
v 29.55528069 -3.57939625 420.91741943
v 29.55528069 -4.77893400 417.40649414
v 29.55528069 -3.77940631 421.29891968
v 29.55528069 -5.39692259 417.50466919
v 29.55528069 -6.01500225 417.40707397
v 29.55528069 -7.40867901 420.60366821
v 29.55528069 -6.57267094 417.12322998
v 29.55528069 -7.71231556 419.73721313
v 29.55528069 -7.01534128 416.68096924
v 29.55528069 -8.20114231 418.96005249
v 29.55528069 -7.29968023 416.12356567
v 29.55528069 -4.21591854 429.14294434
v 29.55528069 -3.77366185 428.70028687
v 29.55528069 -3.48984289 428.14260864
v 27.55528069 -7.30025721 414.88751221
v 27.55528069 -6.27180433 415.28967285
v 27.55528069 -7.39785576 415.50558472
v 27.55528069 -6.27160311 415.72045898
v 27.55528069 -7.29968023 416.12356567
v 27.55528069 -7.01534128 416.68096924
v 27.55528069 -6.07123709 416.10177612
v 27.55528069 -6.57267094 417.12322998
v 27.55528069 -5.71660757 416.34631348
v 27.55528069 -6.01500225 417.40707397
v 27.55528069 -5.39692259 417.50466919
v 27.55528069 -5.28895617 416.39804077
v 27.55528069 -4.77893400 417.40649414
v 27.55528069 -4.88625193 416.24511719
v 27.55528069 -4.22153044 417.12213135
v 27.55528069 -3.77927351 416.67947388
v 27.55528069 -4.60075045 415.92254639
v 27.55528069 -3.49545479 416.12179565
v 27.55528069 -4.49785614 415.50424194
v 27.55528069 -3.39785624 415.50372314
v 27.55528069 -3.49603176 414.88574219
v 27.55528069 -4.60114098 415.08602905
v 27.55528069 -3.78037119 414.32833862
v 27.55528069 -4.88694382 414.76373291
v 27.55528069 -4.22304106 413.88607788
v 27.55528069 -4.78071022 413.60226440
v 27.55528069 -5.28979015 414.61117554
v 27.55528069 -5.39878988 413.50466919
v 27.55528069 -5.71739340 414.66329956
v 27.55528069 -6.01677799 413.60284424
v 27.55528069 -6.57418203 413.88717651
v 27.55528069 -6.07179451 414.90817261
v 27.55528069 -7.01643848 414.32983398
v 27.55528069 -19.31546021 426.91394043
v 27.55528069 -18.28700638 427.31610107
v 27.55528069 -19.41305733 427.53201294
v 27.55528069 -18.28680611 427.74688721
v 27.55528069 -19.31488228 428.14999390
v 27.55528069 -19.03054428 428.70739746
v 27.55528069 -18.08643913 428.12820435
v 27.55528069 -18.58787346 429.14965820
v 27.55528069 -17.73180962 428.37274170
v 27.55528069 -18.03020477 429.43347168
v 27.55528069 -17.41212463 429.53109741
v 27.55528069 -17.30415916 428.42446899
v 27.55528069 -16.79413605 429.43292236
v 27.55528069 -16.90145493 428.27151489
v 27.55528069 -16.23673248 429.14855957
v 27.55528069 -15.79447556 428.70590210
v 27.55528069 -16.61595345 427.94897461
v 27.55528069 -15.51065731 428.14822388
v 27.55528069 -16.51305771 427.53067017
v 27.55528069 -15.41305828 427.53015137
v 27.55528069 -15.51123428 426.91217041
v 27.55528069 -16.61634254 427.11245728
v 27.55528069 -15.79557323 426.35476685
v 27.55528069 -16.90214539 426.79016113
v 27.55528069 -16.23824310 425.91250610
v 27.55528069 -16.79591179 425.62869263
v 27.55528069 -17.30499268 426.63760376
v 27.55528069 -17.41399193 425.53109741
v 27.55528069 -17.73259544 426.68972778
v 27.55528069 -18.03198051 425.62927246
v 27.55528069 -18.58938408 425.91360474
v 27.55528069 -18.08699608 426.93460083
v 27.55528069 -19.03164101 426.35626221
v 27.55528069 -13.31182671 412.40072632
v 27.55528069 -12.28337383 412.80288696
v 27.55528069 -13.40942478 413.01879883
v 27.55528069 -12.28317261 413.23367310
v 27.55528069 -13.31124973 413.63677979
v 27.55528069 -13.02691078 414.19418335
v 27.55528069 -12.08280659 413.61499023
v 27.55528069 -12.58423996 414.63644409
v 27.55528069 -11.72817707 413.85952759
v 27.55528069 -12.02657127 414.92025757
v 27.55528069 -11.40849209 415.01788330
v 27.55528069 -11.30052567 413.91125488
v 27.55528069 -10.79050350 414.91970825
v 27.55528069 -10.89782143 413.75833130
v 27.55528069 -10.23309994 414.63534546
v 27.55528069 -9.79084301 414.19268799
v 27.55528069 -10.61231995 413.43576050
v 27.55528069 -9.50702381 413.63500977
v 27.55528069 -10.50942516 413.01745605
v 27.55528069 -9.40942574 413.01693726
v 27.55528069 -9.50760078 412.39895630
v 27.55528069 -10.61271000 412.59924316
v 27.55528069 -9.79194069 411.84155273
v 27.55528069 -10.89851284 412.27694702
v 27.55528069 -10.23461056 411.39929199
v 27.55528069 -10.79227924 411.11547852
v 27.55528069 -11.30135918 412.12438965
v 27.55528069 -11.41035938 411.01788330
v 27.55528069 -11.72896290 412.17651367
v 27.55528069 -12.02834702 411.11605835
v 27.55528069 -12.58575058 411.40039062
v 27.55528069 -12.08336353 412.42138672
v 27.55528069 -13.02800751 411.84304810
v 27.55528069 -7.29464579 426.90832520
v 27.55528069 -6.26619244 427.31048584
v 27.55528069 -7.39224434 427.52639771
v 27.55528069 -6.26599121 427.74127197
v 27.55528069 -7.29406881 428.14437866
v 27.55528069 -7.00972939 428.70178223
v 27.55528069 -6.06562519 428.12258911
v 27.55528069 -6.56705952 429.14404297
v 27.55528069 -5.71099567 428.36712646
v 27.55528069 -6.00939035 429.42788696
v 27.55528069 -5.39131069 429.52548218
v 27.55528069 -5.28334427 428.41885376
v 27.55528069 -4.77332258 429.42730713
v 27.55528069 -4.88064051 428.26593018
v 27.55528069 -4.21591854 429.14294434
v 27.55528069 -3.77366185 428.70028687
v 27.55528069 -4.59513855 427.94335938
v 27.55528069 -3.48984289 428.14260864
v 27.55528069 -4.49224424 427.52505493
v 27.55528069 -3.39224458 427.52453613
v 27.55528069 -3.49042010 426.90655518
v 27.55528069 -4.59552908 427.10684204
v 27.55528069 -3.77475929 426.34915161
v 27.55528069 -4.88133192 426.78454590
v 27.55528069 -4.21742916 425.90689087
v 27.55528069 -4.77509832 425.62307739
v 27.55528069 -5.28417826 426.63198853
v 27.55528069 -5.39317799 425.52548218
v 27.55528069 -5.71178150 426.68411255
v 27.55528069 -6.01116610 425.62365723
v 27.55528069 -6.56857014 425.90798950
v 27.55528069 -6.06618261 426.92898560
v 27.55528069 -7.01082706 426.35064697
v 27.55528069 -13.30389023 429.40072632
v 27.55528069 -12.27543736 429.80288696
v 27.55528069 -13.40148926 430.01879883
v 27.55528069 -12.27523613 430.23367310
v 27.55528069 -13.30331326 430.63677979
v 27.55528069 -13.01897430 431.19418335
v 27.55528069 -12.07487011 430.61499023
v 27.55528069 -12.57630444 431.63644409
v 27.55528069 -11.72024059 430.85952759
v 27.55528069 -12.01863480 431.92025757
v 27.55528069 -11.40055561 432.01788330
v 27.55528069 -11.29258919 430.91125488
v 27.55528069 -10.78256702 431.91970825
v 27.55528069 -10.88988495 430.75833130
v 27.55528069 -10.22516346 431.63534546
v 27.55528069 -9.78290653 431.19268799
v 27.55528069 -10.60438347 430.43576050
v 27.55528069 -9.49908733 430.63500977
v 27.55528069 -10.50148964 430.01745605
v 27.55528069 -9.40148926 430.01693726
v 27.55528069 -9.49966526 429.39895630
v 27.55528069 -10.60477448 429.59924316
v 27.55528069 -9.78400421 428.84155273
v 27.55528069 -10.89057636 429.27694702
v 27.55528069 -10.22667408 428.39929199
v 27.55528069 -10.78434277 428.11547852
v 27.55528069 -11.29342365 429.12438965
v 27.55528069 -11.40242290 428.01788330
v 27.55528069 -11.72102642 429.17651367
v 27.55528069 -12.02041054 428.11605835
v 27.55528069 -12.57781506 428.40039062
v 27.55528069 -12.07542706 429.42138672
v 27.55528069 -13.02007198 428.84304810
v 27.55528069 -19.32107162 414.89312744
v 27.55528069 -18.29261780 415.29528809
v 27.55528069 -19.41867065 415.51119995
v 27.55528069 -18.29241753 415.72607422
v 27.55528069 -19.32049370 416.12918091
v 27.55528069 -19.03615570 416.68658447
v 27.55528069 -18.09205055 416.10739136
v 27.55528069 -18.59348488 417.12884521
v 27.55528069 -17.73742104 416.35192871
v 27.55528069 -18.03581619 417.41265869
v 27.55528069 -17.41773605 417.51025391
v 27.55528069 -17.30977058 416.40365601
v 27.55528069 -16.79974747 417.41207886
v 27.55528069 -16.90706635 416.25070190
v 27.55528069 -16.24234390 417.12774658
v 27.55528069 -15.80008698 416.68508911
v 27.55528069 -16.62156487 415.92816162
v 27.55528069 -15.51626873 416.12741089
v 27.55528069 -16.51867104 415.50985718
v 27.55528069 -15.41867065 415.50933838
v 27.55528069 -15.51684570 414.89135742
v 27.55528069 -16.62195587 415.09164429
v 27.55528069 -15.80118465 414.33395386
v 27.55528069 -16.90775681 414.76934814
v 27.55528069 -16.24385452 413.89169312
v 27.55528069 -16.80152321 413.60787964
v 27.55528069 -17.31060410 414.61679077
v 27.55528069 -17.41960335 413.51028442
v 27.55528069 -17.73820686 414.66891479
v 27.55528069 -18.03759193 413.60845947
v 27.55528069 -18.59499550 413.89279175
v 27.55528069 -18.09260750 414.91378784
v 27.55528069 -19.03725243 414.33544922
v -30.44471931 -2.03151011 421.72888184
v -30.44471931 -3.39224458 427.52453613
v -30.44471931 -3.48984289 428.14260864
v -30.44471931 -1.90750098 406.22772217
v -30.44471931 -3.49603176 414.88574219
v -30.44471931 -3.39785624 415.50372314
v -30.44471931 -2.03171110 421.29809570
v -30.44471931 -2.23207712 420.91677856
v -30.44471931 -3.49545479 416.12179565
v -30.44471931 -2.58670664 420.67224121
v -30.44471931 -3.01435828 420.62051392
v -30.44471931 -3.77927351 416.67947388
v -30.44471931 -3.41706204 420.77346802
v -30.44471931 -4.22153044 417.12213135
v -30.44471931 -3.70256376 421.09600830
v -30.44471931 -4.77893400 417.40649414
v -30.44471931 -5.39692259 417.50466919
v -30.44471931 -3.49998260 405.34680176
v -30.44471931 -4.22304106 413.88607788
v -30.44471931 -3.78037119 414.32833862
v -30.44471931 -4.78071022 413.60226440
v -30.44471931 -5.17327595 404.63119507
v -30.44471931 -5.39878988 413.50466919
v -30.44471931 -6.01677799 413.60284424
v -30.44471931 -6.91027641 404.08819580
v -30.44471931 -6.57418203 413.88717651
v -30.44471931 -9.50760078 412.39895630
v -30.44471931 -7.01643848 414.32983398
v -30.44471931 -9.40942574 413.01693726
v -30.44471931 -7.30025721 414.88751221
v -30.44471931 -9.50702381 413.63500977
v -30.44471931 -7.39785576 415.50558472
v -30.44471931 -8.85064602 418.31115723
v -30.44471931 -7.29968023 416.12356567
v -30.44471931 -8.20114231 418.96005249
v -30.44471931 -7.01534128 416.68096924
v -30.44471931 -7.71231556 419.73721313
v -30.44471931 -6.57267094 417.12322998
v -30.44471931 -7.40867901 420.60366821
v -30.44471931 -6.01500225 417.40707397
v -30.44471931 -7.30545759 421.51596069
v -30.44471931 -3.80545807 421.51431274
v -30.44471931 -9.79194069 411.84155273
v -30.44471931 -8.69322681 403.72338867
v -30.44471931 -10.23461056 411.39929199
v -30.44471931 -10.50390339 403.54046631
v -30.44471931 -10.79227924 411.11547852
v -30.44471931 -11.41035938 411.01788330
v -30.44471931 -12.32379532 403.54132080
v -30.44471931 -12.02834702 411.11605835
v -30.44471931 -12.58575058 411.40039062
v -30.44471931 -14.13430023 403.72592163
v -30.44471931 -13.02800751 411.84304810
v -30.44471931 -15.91691017 404.09240723
v -30.44471931 -13.31182671 412.40072632
v -30.44471931 -16.24385452 413.89169312
v -30.44471931 -15.80118465 414.33395386
v -30.44471931 -16.80152321 413.60787964
v -30.44471931 -17.65340233 404.63702393
v -30.44471931 -17.41960335 413.51028442
v -30.44471931 -18.03759193 413.60845947
v -30.44471931 -19.32602692 405.35418701
v -30.44471931 -18.59499550 413.89279175
v -30.44471931 -20.91768456 406.23660278
v -30.44471931 -19.03725243 414.33544922
v -30.44471931 -19.32107162 414.89312744
v -30.44471931 -19.41867065 415.51119995
v -30.44471931 -20.70256233 421.10397339
v -30.44471931 -20.41706085 420.78140259
v -30.44471931 -20.80545616 421.52224731
v -30.44471931 -20.70217133 421.94046021
v -30.44471931 -19.41305733 427.53201294
v -30.44471931 -20.41636848 422.26275635
v -30.44471931 -19.31546021 426.91394043
v -30.44471931 -20.01352310 422.41531372
v -30.44471931 -19.03164101 426.35626221
v -30.44471931 -19.58591843 422.36318970
v -30.44471931 -18.58938408 425.91360474
v -30.44471931 -19.23151779 422.11834717
v -30.44471931 -18.03198051 425.62927246
v -30.44471931 -19.03150749 421.73681641
v -30.44471931 -17.41399193 425.53109741
v -30.44471931 -15.50545692 421.51977539
v -30.44471931 -16.79591179 425.62869263
v -30.44471931 -15.40223503 422.43206787
v -30.44471931 -16.23824310 425.91250610
v -30.44471931 -15.09859848 423.29852295
v -30.44471931 -15.79557323 426.35476685
v -30.44471931 -14.60977268 424.07568359
v -30.44471931 -15.51123428 426.91217041
v -30.44471931 -13.96026897 424.72457886
v -30.44471931 -15.41305828 427.53015137
v -30.44471931 -13.30389023 429.40072632
v -30.44471931 -15.51065731 428.14822388
v -30.44471931 -13.40148926 430.01879883
v -30.44471931 -15.79447556 428.70590210
v -30.44471931 -13.30331326 430.63677979
v -30.44471931 -16.23673248 429.14855957
v -30.44471931 -13.01897430 431.19418335
v -30.44471931 -16.79413605 429.43292236
v -30.44471931 -17.41212463 429.53109741
v -30.44471931 -18.03020477 429.43347168
v -30.44471931 -11.40055561 432.01788330
v -30.44471931 -12.01863480 431.92025757
v -30.44471931 -12.57630444 431.63644409
v -30.44471931 -18.58787346 429.14965820
v -30.44471931 -19.03054428 428.70739746
v -30.44471931 -19.31488228 428.14999390
v -30.44471931 -9.49908733 430.63500977
v -30.44471931 -7.00972939 428.70178223
v -30.44471931 -9.40148926 430.01693726
v -30.44471931 -7.29406881 428.14437866
v -30.44471931 -9.49966526 429.39895630
v -30.44471931 -7.39224434 427.52639771
v -30.44471931 -8.84765244 424.72219849
v -30.44471931 -7.29464579 426.90832520
v -30.44471931 -8.19875526 424.07269287
v -30.44471931 -7.01082706 426.35064697
v -30.44471931 -7.71065474 423.29507446
v -30.44471931 -6.56857014 425.90798950
v -30.44471931 -7.40782738 422.42834473
v -30.44471931 -6.01116610 425.62365723
v -30.44471931 -5.39317799 425.52548218
v -30.44471931 -3.70217323 421.93252563
v -30.44471931 -4.77509832 425.62307739
v -30.44471931 -4.21742916 425.90689087
v -30.44471931 -6.56705952 429.14404297
v -30.44471931 -9.78290653 431.19268799
v -30.44471931 -6.00939035 429.42788696
v -30.44471931 -5.39131069 429.52548218
v -30.44471931 -4.77332258 429.42730713
v -30.44471931 -4.21591854 429.14294434
v -30.44471931 -3.77366185 428.70028687
v -30.44471931 -10.22516346 431.63534546
v -30.44471931 -10.78256702 431.91970825
v -30.44471931 -13.02007198 428.84304810
v -30.44471931 -13.18265629 425.21267700
v -30.44471931 -12.57781506 428.40039062
v -30.44471931 -12.31592655 425.51550293
v -30.44471931 -12.02041054 428.11605835
v -30.44471931 -11.40354347 425.61785889
v -30.44471931 -11.40242290 428.01788330
v -30.44471931 -10.78434277 428.11547852
v -30.44471931 -10.49125576 425.51464844
v -30.44471931 -10.22667408 428.39929199
v -30.44471931 -9.62480927 425.21099854
v -30.44471931 -9.78400421 428.84155273
v -30.44471931 -15.51626873 416.12741089
v -30.44471931 -13.96326160 418.31356812
v -30.44471931 -15.41867065 415.50933838
v -30.44471931 -13.31124973 413.63677979
v -30.44471931 -15.51684570 414.89135742
v -30.44471931 -13.40942478 413.01879883
v -30.44471931 -14.61215973 418.96307373
v -30.44471931 -15.80008698 416.68508911
v -30.44471931 -15.10025978 419.74066162
v -30.44471931 -16.24234390 417.12774658
v -30.44471931 -15.40308666 420.60739136
v -30.44471931 -16.79974747 417.41207886
v -30.44471931 -17.41773605 417.51025391
v -30.44471931 -19.03170967 421.30606079
v -30.44471931 -18.03581619 417.41265869
v -30.44471931 -19.23207474 420.92471313
v -30.44471931 -18.59348488 417.12884521
v -30.44471931 -19.58670425 420.68017578
v -30.44471931 -19.03615570 416.68658447
v -30.44471931 -20.01435661 420.62844849
v -30.44471931 -19.32049370 416.12918091
v -30.44471931 -9.79084301 414.19268799
v -30.44471931 -9.62825871 417.82305908
v -30.44471931 -10.23309994 414.63534546
v -30.44471931 -10.49498749 417.52023315
v -30.44471931 -10.79050350 414.91970825
v -30.44471931 -11.40737152 417.41787720
v -30.44471931 -11.40849209 415.01788330
v -30.44471931 -12.02657127 414.92025757
v -30.44471931 -12.31965923 417.52108765
v -30.44471931 -12.58423996 414.63644409
v -30.44471931 -13.18610477 417.82473755
v -30.44471931 -13.02691078 414.19418335
v -30.44471931 -3.41637063 422.25482178
v -30.44471931 -3.77475929 426.34915161
v -30.44471931 -3.01352406 422.40737915
v -30.44471931 -3.49042010 426.90655518
v -30.44471931 -2.58592081 422.35525513
v -30.44471931 -2.23151994 422.11041260
v -25.94471931 -20.91768456 406.23660278
v -25.94471931 -19.32602692 405.35418701
v -25.94471931 -17.65340233 404.63702393
v -25.94471931 -15.91691017 404.09240723
v -25.94471931 -14.13430023 403.72592163
v -25.94471931 -12.32379532 403.54132080
v -25.94471931 -10.50390339 403.54046631
v -25.94471931 -8.69322681 403.72338867
v -25.94471931 -6.91027641 404.08819580
v -25.94471931 -5.17327595 404.63119507
v -25.94471931 -3.49998260 405.34680176
v -25.94471931 -1.90750098 406.22772217
v -28.44471931 -15.51123428 426.91217041
v -28.44471931 -16.53931046 427.31527710
v -28.44471931 -15.41305828 427.53015137
v -28.44471931 -16.53911018 427.74606323
v -28.44471931 -15.51065731 428.14822388
v -28.44471931 -15.79447556 428.70590210
v -28.44471931 -16.73912048 428.12759399
v -28.44471931 -16.23673248 429.14855957
v -28.44471931 -17.09352112 428.37243652
v -28.44471931 -16.79413605 429.43292236
v -28.44471931 -17.41212463 429.53109741
v -28.44471931 -17.52112389 428.42456055
v -28.44471931 -18.03020477 429.43347168
v -28.44471931 -17.92397118 428.27200317
v -28.44471931 -18.58787346 429.14965820
v -28.44471931 -19.03054428 428.70739746
v -28.44471931 -18.20977402 427.94970703
v -28.44471931 -19.31488228 428.14999390
v -28.44471931 -18.31305885 427.53149414
v -28.44471931 -19.41305733 427.53201294
v -28.44471931 -19.31546021 426.91394043
v -28.44471931 -18.21016312 427.11318970
v -28.44471931 -19.03164101 426.35626221
v -28.44471931 -17.92466164 426.79064941
v -28.44471931 -18.58938408 425.91360474
v -28.44471931 -18.03198051 425.62927246
v -28.44471931 -17.52195930 426.63769531
v -28.44471931 -17.41399193 425.53109741
v -28.44471931 -17.09430695 426.68942261
v -28.44471931 -16.79591179 425.62869263
v -28.44471931 -16.23824310 425.91250610
v -28.44471931 -16.73967743 426.93395996
v -28.44471931 -15.79557323 426.35476685
v -28.44471931 -9.50760078 412.39895630
v -28.44471931 -10.53567791 412.80209351
v -28.44471931 -9.40942574 413.01693726
v -28.44471931 -10.53547764 413.23284912
v -28.44471931 -9.50702381 413.63500977
v -28.44471931 -9.79084301 414.19268799
v -28.44471931 -10.73548698 413.61437988
v -28.44471931 -10.23309994 414.63534546
v -28.44471931 -11.08988762 413.85922241
v -28.44471931 -10.79050350 414.91970825
v -28.44471931 -11.40849209 415.01788330
v -28.44471931 -11.51749134 413.91134644
v -28.44471931 -12.02657127 414.92025757
v -28.44471931 -11.92033768 413.75878906
v -28.44471931 -12.58423996 414.63644409
v -28.44471931 -13.02691078 414.19418335
v -28.44471931 -12.20614052 413.43649292
v -28.44471931 -13.31124973 413.63677979
v -28.44471931 -12.30942535 413.01828003
v -28.44471931 -13.40942478 413.01879883
v -28.44471931 -13.31182671 412.40072632
v -28.44471931 -12.20653057 412.60000610
v -28.44471931 -13.02800751 411.84304810
v -28.44471931 -11.92102909 412.27743530
v -28.44471931 -12.58575058 411.40039062
v -28.44471931 -12.02834702 411.11605835
v -28.44471931 -11.51832581 412.12448120
v -28.44471931 -11.41035938 411.01788330
v -28.44471931 -11.09067345 412.17620850
v -28.44471931 -10.79227924 411.11547852
v -28.44471931 -10.23461056 411.39929199
v -28.44471931 -10.73604393 412.42074585
v -28.44471931 -9.79194069 411.84155273
v -28.44471931 -9.49966526 429.39895630
v -28.44471931 -10.52774239 429.80206299
v -28.44471931 -9.40148926 430.01693726
v -28.44471931 -10.52754116 430.23284912
v -28.44471931 -9.49908733 430.63500977
v -28.44471931 -9.78290653 431.19268799
v -28.44471931 -10.72755051 430.61437988
v -28.44471931 -10.22516346 431.63534546
v -28.44471931 -11.08195210 430.85922241
v -28.44471931 -10.78256702 431.91970825
v -28.44471931 -11.40055561 432.01788330
v -28.44471931 -11.50955486 430.91134644
v -28.44471931 -12.01863480 431.92025757
v -28.44471931 -11.91240120 430.75878906
v -28.44471931 -12.57630444 431.63644409
v -28.44471931 -13.01897430 431.19418335
v -28.44471931 -12.19820404 430.43649292
v -28.44471931 -13.30331326 430.63677979
v -28.44471931 -12.30148888 430.01828003
v -28.44471931 -13.40148926 430.01879883
v -28.44471931 -13.30389023 429.40072632
v -28.44471931 -12.19859505 429.59997559
v -28.44471931 -13.02007198 428.84304810
v -28.44471931 -11.91309357 429.27743530
v -28.44471931 -12.57781506 428.40039062
v -28.44471931 -12.02041054 428.11605835
v -28.44471931 -11.51038933 429.12448120
v -28.44471931 -11.40242290 428.01788330
v -28.44471931 -11.08273792 429.17620850
v -28.44471931 -10.78434277 428.11547852
v -28.44471931 -10.22667408 428.39929199
v -28.44471931 -10.72810841 429.42074585
v -28.44471931 -9.78400421 428.84155273
v -28.44471931 -15.51684570 414.89135742
v -28.44471931 -16.54492378 415.29446411
v -28.44471931 -15.41867065 415.50933838
v -28.44471931 -16.54472160 415.72525024
v -28.44471931 -15.51626873 416.12741089
v -28.44471931 -15.80008698 416.68508911
v -28.44471931 -16.74473190 416.10675049
v -28.44471931 -16.24234390 417.12774658
v -28.44471931 -17.09913254 416.35162354
v -28.44471931 -16.79974747 417.41207886
v -28.44471931 -17.41773605 417.51025391
v -28.44471931 -17.52673531 416.40374756
v -28.44471931 -18.03581619 417.41265869
v -28.44471931 -17.92958260 416.25119019
v -28.44471931 -18.59348488 417.12884521
v -28.44471931 -19.03615570 416.68658447
v -28.44471931 -18.21538544 415.92889404
v -28.44471931 -19.32049370 416.12918091
v -28.44471931 -18.31867027 415.51068115
v -28.44471931 -19.41867065 415.51119995
v -28.44471931 -19.32107162 414.89312744
v -28.44471931 -18.21577644 415.09237671
v -28.44471931 -19.03725243 414.33544922
v -28.44471931 -17.93027496 414.76983643
v -28.44471931 -18.59499550 413.89279175
v -28.44471931 -18.03759193 413.60845947
v -28.44471931 -17.52757072 414.61688232
v -28.44471931 -17.41960335 413.51028442
v -28.44471931 -17.09991837 414.66860962
v -28.44471931 -16.80152321 413.60787964
v -28.44471931 -16.24385452 413.89169312
v -28.44471931 -16.74528885 414.91314697
v -28.44471931 -15.80118465 414.33395386
v -28.44471931 -3.49603176 414.88574219
v -28.44471931 -4.52410889 415.28887939
v -28.44471931 -3.39785624 415.50372314
v -28.44471931 -4.52390814 415.71963501
v -28.44471931 -3.49545479 416.12179565
v -28.44471931 -3.77927351 416.67947388
v -28.44471931 -4.72391796 416.10116577
v -28.44471931 -4.22153044 417.12213135
v -28.44471931 -5.07831907 416.34600830
v -28.44471931 -4.77893400 417.40649414
v -28.44471931 -5.39692259 417.50466919
v -28.44471931 -5.50592184 416.39813232
v -28.44471931 -6.01500225 417.40707397
v -28.44471931 -5.90876865 416.24557495
v -28.44471931 -6.57267094 417.12322998
v -28.44471931 -7.01534128 416.68096924
v -28.44471931 -6.19457102 415.92327881
v -28.44471931 -7.29968023 416.12356567
v -28.44471931 -6.29785585 415.50506592
v -28.44471931 -7.39785576 415.50558472
v -28.44471931 -7.30025721 414.88751221
v -28.44471931 -6.19496155 415.08679199
v -28.44471931 -7.01643848 414.32983398
v -28.44471931 -5.90946007 414.76422119
v -28.44471931 -6.57418203 413.88717651
v -28.44471931 -6.01677799 413.60284424
v -28.44471931 -5.50675631 414.61126709
v -28.44471931 -5.39878988 413.50466919
v -28.44471931 -5.07910442 414.66299438
v -28.44471931 -4.78071022 413.60226440
v -28.44471931 -4.22304106 413.88607788
v -28.44471931 -4.72447491 414.90753174
v -28.44471931 -3.78037119 414.32833862
v -28.44471931 -3.49042010 426.90655518
v -28.44471931 -4.51849747 427.30969238
v -28.44471931 -3.39224458 427.52453613
v -28.44471931 -4.51829624 427.74044800
v -28.44471931 -3.48984289 428.14260864
v -28.44471931 -3.77366185 428.70028687
v -28.44471931 -4.71830606 428.12197876
v -28.44471931 -4.21591854 429.14294434
v -28.44471931 -5.07270718 428.36685181
v -28.44471931 -4.77332258 429.42730713
v -28.44471931 -5.39131069 429.52548218
v -28.44471931 -5.50031042 428.41894531
v -28.44471931 -6.00939035 429.42788696
v -28.44471931 -5.90315676 428.26638794
v -28.44471931 -6.56705952 429.14404297
v -28.44471931 -7.00972939 428.70178223
v -28.44471931 -6.18895960 427.94409180
v -28.44471931 -7.29406881 428.14437866
v -28.44471931 -6.29224443 427.52587891
v -28.44471931 -7.39224434 427.52639771
v -28.44471931 -7.29464579 426.90832520
v -28.44471931 -6.18935013 427.10760498
v -28.44471931 -7.01082706 426.35064697
v -28.44471931 -5.90384817 426.78503418
v -28.44471931 -6.56857014 425.90798950
v -28.44471931 -6.01116610 425.62365723
v -28.44471931 -5.50114441 426.63208008
v -28.44471931 -5.39317799 425.52548218
v -28.44471931 -5.07349300 426.68380737
v -28.44471931 -4.77509832 425.62307739
v -28.44471931 -4.21742916 425.90689087
v -28.44471931 -4.71886349 426.92834473
v -28.44471931 -3.77475929 426.34915161
v 25.05528069 -22.31030273 420.07415771
v 25.05528069 -22.02514839 418.65045166
v 25.05528069 -21.55496025 417.27670288
v 25.05528069 -20.90793037 415.97683716
v 25.05528069 -20.09533501 414.77352905
v 25.05528069 -19.13133049 413.68774414
v 25.05528069 -18.03271294 412.73837280
v 25.05528069 -16.81862640 411.94198608
v 25.05528069 -20.91768456 406.23660278
v 25.05528069 -15.51022148 411.31243896
v 25.05528069 -19.32602692 405.35418701
v 25.05528069 -17.65340233 404.63702393
v 25.05528069 -15.91691017 404.09240723
v 25.05528069 -14.13430023 403.72592163
v 25.05528069 -12.32379532 403.54132080
v 25.05528069 -11.72896290 412.17651367
v 25.05528069 -11.30135918 412.12438965
v 25.05528069 -15.50545692 421.51977539
v 25.05528069 -15.40308666 420.60739136
v 25.05528069 -15.10025978 419.74066162
v 25.05528069 -14.61215973 418.96307373
v 25.05528069 -13.96326160 418.31356812
v 25.05528069 -13.18610477 417.82473755
v 25.05528069 -12.08280659 413.61499023
v 25.05528069 -12.31965923 417.52108765
v 25.05528069 -11.72817707 413.85952759
v 25.05528069 -11.40737152 417.41787720
v 25.05528069 -11.30052567 413.91125488
v 25.05528069 -10.49498749 417.52023315
v 25.05528069 -10.89782143 413.75833130
v 25.05528069 -9.62825871 417.82305908
v 25.05528069 -10.61231995 413.43576050
v 25.05528069 -7.31022263 411.30859375
v 25.05528069 -10.50942516 413.01745605
v 25.05528069 -10.61271000 412.59924316
v 25.05528069 -10.89851284 412.27694702
v 25.05528069 -10.50390339 403.54046631
v 25.05528069 -8.85064602 418.31115723
v 25.05528069 -8.20114231 418.96005249
v 25.05528069 -7.71231556 419.73721313
v 25.05528069 -7.40867901 420.60366821
v 25.05528069 -7.30545759 421.51596069
v 25.05528069 -6.00123119 411.93692017
v 25.05528069 -1.90750098 406.22772217
v 25.05528069 -3.49998260 405.34680176
v 25.05528069 -5.17327595 404.63119507
v 25.05528069 -4.78640079 412.73220825
v 25.05528069 -3.68689752 413.68054199
v 25.05528069 -2.72187972 414.76544189
v 25.05528069 -1.90816081 415.96798706
v 25.05528069 -1.25991881 417.26721191
v 25.05528069 -0.78844845 418.64053345
v 25.05528069 -0.50196445 420.06396484
v 25.05528069 -6.91027641 404.08819580
v 25.05528069 -8.69322681 403.72338867
v 25.05528069 -12.28317261 413.23367310
v 25.05528069 -12.28337383 412.80288696
v 25.05528069 -12.08336353 412.42138672
v 21.05528069 -7.31022263 411.30859375
v 21.05528069 -7.30545759 421.51596069
v 21.05528069 -0.44559991 420.57897949
v 21.05528069 -0.42062697 422.09536743
v 21.05528069 -0.60446388 423.60079956
v 21.05528069 -0.99361616 425.06661987
v 21.05528069 -1.58068645 426.46496582
v 21.05528069 -2.35451508 427.76931763
v 21.05528069 -3.30039239 428.95480347
v 21.05528069 -4.40033817 429.99893188
v 21.05528069 -5.63344431 430.88183594
v 21.05528069 -6.97626972 431.58676147
v 21.05528069 -8.40328979 432.10025024
v 21.05528069 -9.88737679 432.41262817
v 21.05528069 -11.40032196 432.51788330
v 21.05528069 -12.91336441 432.41403198
v 21.05528069 -14.39774323 432.10305786
v 21.05528069 -15.82524204 431.59088135
v 21.05528069 -17.16872406 430.88720703
v 21.05528069 -18.40265465 430.00546265
v 21.05528069 -19.50357437 428.96237183
v 21.05528069 -20.45055771 427.77774048
v 21.05528069 -21.22560501 426.47415161
v 21.05528069 -21.81398010 425.07632446
v 21.05528069 -22.20450020 423.61087036
v 21.05528069 -22.38974380 422.10562134
v 21.05528069 -22.36618614 420.58920288
v 21.05528069 -22.13427734 419.09045410
v 21.05528069 -21.69842529 417.63781738
v 21.05528069 -21.06691551 416.25894165
v 21.05528069 -20.25175095 414.98004150
v 21.05528069 -19.26842690 413.82543945
v 21.05528069 -18.13563728 412.81701660
v 21.05528069 -16.87491417 411.97402954
v 21.05528069 -15.51022148 411.31243896
v 21.05528069 -0.67890805 419.08041382
v 21.05528069 -1.11611640 417.62820435
v 21.05528069 -1.74891412 416.24993896
v 21.05528069 -2.56527233 414.97180176
v 21.05528069 -3.54967308 413.81808472
v 21.05528069 -4.68340397 412.81076050
v 21.05528069 -5.94491386 411.96893311
v -25.94471931 -22.31030273 420.07415771
v -25.94471931 -22.02514839 418.65045166
v -25.94471931 -21.55496025 417.27670288
v -25.94471931 -20.90793037 415.97683716
v -25.94471931 -20.09533501 414.77352905
v -25.94471931 -19.13133049 413.68774414
v -25.94471931 -18.03271294 412.73837280
v -25.94471931 -16.81862640 411.94198608
v -25.94471931 -15.51022148 411.31243896
v -25.94471931 -11.51832581 412.12448120
v -25.94471931 -11.09067345 412.17620850
v -25.94471931 -7.31022263 411.30859375
v -25.94471931 -10.73604393 412.42074585
v -25.94471931 -10.53567791 412.80209351
v -25.94471931 -10.53547764 413.23284912
v -25.94471931 -10.73548698 413.61437988
v -25.94471931 -9.62825871 417.82305908
v -25.94471931 -10.49498749 417.52023315
v -25.94471931 -6.00123119 411.93692017
v -25.94471931 -4.78640079 412.73220825
v -25.94471931 -3.68689752 413.68054199
v -25.94471931 -2.72187972 414.76544189
v -25.94471931 -1.90816081 415.96798706
v -25.94471931 -1.25991881 417.26721191
v -25.94471931 -0.78844845 418.64053345
v -25.94471931 -0.50196445 420.06396484
v -25.94471931 -7.30545759 421.51596069
v -25.94471931 -7.40867901 420.60366821
v -25.94471931 -7.71231556 419.73721313
v -25.94471931 -8.20114231 418.96005249
v -25.94471931 -8.85064602 418.31115723
v -25.94471931 -11.08988762 413.85922241
v -25.94471931 -11.40737152 417.41787720
v -25.94471931 -11.51749134 413.91134644
v -25.94471931 -12.31965923 417.52108765
v -25.94471931 -11.92033768 413.75878906
v -25.94471931 -13.18610477 417.82473755
v -25.94471931 -12.20614052 413.43649292
v -25.94471931 -12.30942535 413.01828003
v -25.94471931 -12.20653057 412.60000610
v -25.94471931 -11.92102909 412.27743530
v -25.94471931 -13.96326160 418.31356812
v -25.94471931 -14.61215973 418.96307373
v -25.94471931 -15.10025978 419.74066162
v -25.94471931 -15.40308666 420.60739136
v -25.94471931 -15.50545692 421.51977539
v -21.94471931 -15.50545692 421.51977539
v -21.94471931 -7.30545759 421.51596069
v 21.05528069 -16.90775681 414.76934814
v 21.05528069 -16.62195587 415.09164429
v 21.05528069 -16.51867104 415.50985718
v 21.05528069 -17.31060410 414.61679077
v 21.05528069 -17.73820686 414.66891479
v 21.05528069 -18.09260750 414.91378784
v 21.05528069 -18.29261780 415.29528809
v 21.05528069 -18.29241753 415.72607422
v 21.05528069 -18.09205055 416.10739136
v 21.05528069 -17.73742104 416.35192871
v 21.05528069 -19.79738998 420.62835693
v 21.05528069 -19.39454460 420.78091431
v 21.05528069 -20.22499275 420.68048096
v 21.05528069 -20.57939529 420.92535400
v 21.05528069 -20.77940369 421.30685425
v 21.05528069 -20.77920341 421.73764038
v 21.05528069 -20.57883644 422.11895752
v 21.05528069 -20.22420692 422.36349487
v 21.05528069 -19.79655647 422.41522217
v 21.05528069 -17.73259544 426.68972778
v 21.05528069 -19.39385223 422.26229858
v 21.05528069 -17.30499268 426.63760376
v 21.05528069 -15.09859848 423.29852295
v 21.05528069 -14.60977268 424.07568359
v 21.05528069 -16.90214539 426.79016113
v 21.05528069 -13.96026897 424.72457886
v 21.05528069 -16.61634254 427.11245728
v 21.05528069 -13.18265629 425.21267700
v 21.05528069 -16.51305771 427.53067017
v 21.05528069 -12.07542706 429.42138672
v 21.05528069 -16.61595345 427.94897461
v 21.05528069 -12.27543736 429.80288696
v 21.05528069 -12.27523613 430.23367310
v 21.05528069 -12.07487011 430.61499023
v 21.05528069 -11.72024059 430.85952759
v 21.05528069 -11.29258919 430.91125488
v 21.05528069 -10.88988495 430.75833130
v 21.05528069 -10.60438347 430.43576050
v 21.05528069 -10.50148964 430.01745605
v 21.05528069 -6.06562519 428.12258911
v 21.05528069 -5.71099567 428.36712646
v 21.05528069 -5.28334427 428.41885376
v 21.05528069 -4.88064051 428.26593018
v 21.05528069 -4.59513855 427.94335938
v 21.05528069 -4.49224424 427.52505493
v 21.05528069 -4.59552908 427.10684204
v 21.05528069 -4.88133192 426.78454590
v 21.05528069 -3.22420955 422.35556030
v 21.05528069 -2.79655814 422.40728760
v 21.05528069 -2.39385414 422.25436401
v 21.05528069 -2.10835266 421.93179321
v 21.05528069 -2.00545812 421.51348877
v 21.05528069 -2.10874295 421.09527588
v 21.05528069 -2.39454579 420.77297974
v 21.05528069 -2.79739213 420.62042236
v 21.05528069 -3.22499537 420.67254639
v 21.05528069 -4.88625193 416.24511719
v 21.05528069 -5.28895617 416.39804077
v 21.05528069 -18.08699608 426.93460083
v 21.05528069 -18.28700638 427.31610107
v 21.05528069 -18.28680611 427.74688721
v 21.05528069 -18.08643913 428.12820435
v 21.05528069 -17.73180962 428.37274170
v 21.05528069 -17.30415916 428.42446899
v 21.05528069 -16.90145493 428.27151489
v 21.05528069 -4.60075045 415.92254639
v 21.05528069 -4.49785614 415.50424194
v 21.05528069 -4.60114098 415.08602905
v 21.05528069 -4.88694382 414.76373291
v 21.05528069 -5.28979015 414.61117554
v 21.05528069 -5.71739340 414.66329956
v 21.05528069 -6.07179451 414.90817261
v 21.05528069 -6.27180433 415.28967285
v 21.05528069 -6.27160311 415.72045898
v 21.05528069 -6.07123709 416.10177612
v 21.05528069 -5.71660757 416.34631348
v 21.05528069 -3.57939625 420.91741943
v 21.05528069 -7.40782738 422.42834473
v 21.05528069 -3.77920508 421.72970581
v 21.05528069 -3.77940631 421.29891968
v 21.05528069 -3.57883906 422.11102295
v 21.05528069 -7.71065474 423.29507446
v 21.05528069 -5.28417826 426.63198853
v 21.05528069 -5.71178150 426.68411255
v 21.05528069 -8.19875526 424.07269287
v 21.05528069 -6.06618261 426.92898560
v 21.05528069 -8.84765244 424.72219849
v 21.05528069 -6.26619244 427.31048584
v 21.05528069 -9.62480927 425.21099854
v 21.05528069 -6.26599121 427.74127197
v 21.05528069 -10.89057636 429.27694702
v 21.05528069 -10.60477448 429.59924316
v 21.05528069 -10.49125576 425.51464844
v 21.05528069 -11.29342365 429.12438965
v 21.05528069 -11.40354347 425.61785889
v 21.05528069 -11.72102642 429.17651367
v 21.05528069 -12.31592655 425.51550293
v 21.05528069 -19.10835075 421.93972778
v 21.05528069 -15.40223503 422.43206787
v 21.05528069 -15.50545692 421.51977539
v 21.05528069 -16.62156487 415.92816162
v 21.05528069 -16.90706635 416.25070190
v 21.05528069 -17.30977058 416.40365601
v 21.05528069 -19.10874176 421.10321045
v 21.05528069 -19.00545692 421.52142334
v -21.94471931 -20.73589706 421.86877441
v -21.94471931 -20.80433273 421.47686768
v -21.94471931 -20.50518799 422.19290161
v -21.94471931 -20.15728951 422.38589478
v -21.94471931 -19.76017952 422.41003418
v -21.94471931 -19.39145851 422.26062012
v -21.94471931 -19.12317657 421.96685791
v -21.94471931 -19.00775528 421.58612061
v -21.94471931 -11.33720684 429.12017822
v -21.94471931 -10.95647526 429.23559570
v -21.94471931 -10.66270161 429.50387573
v -21.94471931 -10.51329136 429.87258911
v -21.94471931 -10.53744030 430.26971436
v -21.94471931 -10.73042965 430.61761475
v -21.94471931 -11.05454731 430.84829712
v -21.94471931 -11.44645977 430.91674805
v -21.94471931 -15.40223503 422.43206787
v -21.94471931 -15.09859848 423.29852295
v -21.94471931 -14.60977268 424.07568359
v -21.94471931 -13.96026897 424.72457886
v -21.94471931 -13.18265629 425.21267700
v -21.94471931 -12.31592655 425.51550293
v -21.94471931 -11.40354347 425.61785889
v -21.94471931 -10.49125576 425.51464844
v -21.94471931 -9.62480927 425.21099854
v -21.94471931 -8.84765244 424.72219849
v -21.94471931 -8.19875526 424.07269287
v -21.94471931 -7.71065474 423.29507446
v -21.94471931 -7.40782738 422.42834473
v -21.94471931 -6.26568413 415.74313354
v -21.94471931 -6.28370857 415.34570312
v -21.94471931 -6.12863255 414.97933960
v -21.94471931 -5.83075809 414.71560669
v -21.94471931 -5.44829226 414.60607910
v -21.94471931 -5.05597115 414.67211914
v -21.94471931 -4.73045588 414.90084839
v -21.94471931 -6.07808113 416.09396362
v -21.94471931 -16.73283386 426.94177246
v -21.94471931 -16.54523087 427.29260254
v -21.94471931 -18.08045769 428.13488770
v -21.94471931 -17.75494385 428.36361694
v -21.94471931 -17.36262131 428.42965698
v -21.94471931 -16.98015594 428.32012939
v -21.94471931 -16.68228149 428.05639648
v -21.94471931 -16.52720642 427.69003296
v -21.94471931 -18.31725502 415.56069946
v -21.94471931 -18.25120544 415.16839600
v -21.94471931 -18.02247238 414.84286499
v -21.94471931 -16.82935333 416.19049072
v -21.94471931 -17.18018723 416.37808228
v -21.94471931 -17.57761955 416.39611816
v -21.94471931 -17.94399452 416.24105835
v -21.94471931 -18.20771790 415.94317627
v -21.94471931 -5.98156118 426.84524536
v -21.94471931 -5.63072824 426.65765381
v -21.94471931 -5.23329401 426.63961792
v -21.94471931 -4.86691999 426.79470825
v -21.94471931 -4.60319710 427.09255981
v -21.94471931 -4.49365854 427.47503662
v -21.94471931 -4.55970907 427.86737061
v -21.94471931 -4.78844213 428.19287109
v -21.94471931 -3.80315948 421.44961548
v -21.94471931 -3.68773866 421.06887817
v -21.94471931 -3.41945553 420.77511597
v -21.94471931 -3.05073452 420.62570190
v -21.94471931 -2.00658226 421.55886841
v -21.94471931 -2.07501769 421.16696167
v -21.94471931 -2.30572605 420.84283447
v -21.94471931 -2.65362549 420.64984131
v 19.65528107 1.60882652 452.11178589
v -20.54471970 1.60882652 452.11178589
v -20.54471970 -24.39117050 452.12393188
v 19.65528107 -24.39117050 452.12393188
v 14.55528069 -13.64117146 452.11892700
v 15.07190323 -13.53840923 452.11886597
v 14.03865814 -13.53840923 452.11886597
v 13.60068607 -13.24576569 452.11874390
v 15.50987434 -13.24576569 452.11874390
v 13.30804253 -12.80779457 452.11853027
v 15.80251789 -12.80779457 452.11853027
v 13.20528030 -12.29117203 452.11828613
v 15.90528011 -12.29117203 452.11828613
v 13.30804253 -11.77454948 452.11804199
v 15.80251789 -11.77454948 452.11804199
v 13.60068607 -11.33657837 452.11782837
v 15.50987434 -11.33657837 452.11782837
v 14.03865814 -11.04393482 452.11770630
v 15.07190323 -11.04393482 452.11770630
v 14.55528069 -10.94117165 452.11764526
v -15.44471931 -13.64117146 452.11892700
v -14.92809677 -13.53840923 452.11886597
v -15.96134186 -13.53840923 452.11886597
v -16.39931297 -13.24576569 452.11874390
v -14.49012566 -13.24576569 452.11874390
v -16.69195747 -12.80779457 452.11853027
v -14.19748211 -12.80779457 452.11853027
v -16.79471970 -12.29117203 452.11828613
v -14.09471989 -12.29117203 452.11828613
v -16.69195747 -11.77454948 452.11804199
v -14.19748211 -11.77454948 452.11804199
v -16.39931297 -11.33657837 452.11782837
v -14.49012566 -11.33657837 452.11782837
v -15.96134186 -11.04393482 452.11770630
v -14.92809677 -11.04393482 452.11770630
v -15.44471931 -10.94117165 452.11764526
v 19.65528107 10.20882607 452.10778809
v 19.65528107 10.21256065 460.10778809
v 19.65528107 -36.38743591 460.12954712
v 19.65528107 -36.39117050 452.12954712
v 6.95299006 -1.02325177 457.21301270
v 7.08537483 -0.80120307 457.83096313
v 7.05528021 0.21120754 457.21246338
v 7.15316725 0.21149606 457.83047485
v 7.08537483 1.22419512 457.83001709
v 7.43724632 0.21175633 458.38803101
v 7.36691952 1.26231945 458.38754272
v 7.87970972 0.21196289 458.83047485
v 7.80543518 1.32150066 458.82995605
v 8.43724632 0.21209551 459.11456299
v 8.35799694 1.39594555 459.11401367
v 9.05528069 0.21214120 459.21246338
v 8.94917297 1.62804258 459.21179199
v 6.88320827 -1.79583049 457.83142090
v 6.64890957 -2.22403812 457.21359253
v 6.55027390 -2.75463724 457.83187866
v 6.15133333 -3.35839748 457.21411133
v 6.09251404 -3.66051316 457.83230591
v 5.47383404 -4.39538717 457.21459961
v 5.51809740 -4.49729300 457.83267212
v 4.63489199 -5.30672121 457.21502686
v 4.83727360 -5.25004435 457.83303833
v 4.06219292 -5.90533447 457.83334351
v 4.23070288 -6.13377762 458.39099121
v 3.34320927 -6.70033264 458.39123535
v 3.55584931 -7.08814430 458.83389282
v 2.54714489 -7.55623245 458.83410645
v 2.74752784 -8.07638168 459.11843872
v 1.61429906 -8.42791271 459.11859131
v 3.02602005 -8.63115883 459.21658325
v 1.66922915 -9.04967308 459.21676636
v 0.44432685 -8.62526226 459.11868286
v 0.26521620 -9.26129341 459.21688843
v -0.74151039 -8.66490936 459.11871338
v -1.15465558 -9.26129341 459.21688843
v -1.92205131 -8.54614639 459.11865234
v -2.55866861 -9.04967308 459.21676636
v -3.07622933 -8.27109146 459.11853027
v -3.91545939 -8.63115883 459.21658325
v -4.18344784 -7.84465408 459.11831665
v -5.19471979 -8.01509953 459.21627808
v -5.22394896 -7.27444410 459.11807251
v -6.36787271 -7.21525717 459.21591187
v -6.17916441 -6.57063675 459.11773682
v -7.40871239 -6.24949932 459.21545410
v -7.03204870 -5.74579096 459.11734009
v -8.29398823 -5.13939857 459.21493530
v -7.76738167 -4.81462669 459.11691284
v -8.37204170 -3.79376054 459.11642456
v -7.30772543 -4.49922323 458.83267212
v -7.87442970 -3.54243875 458.83224487
v -6.94294024 -4.24901915 458.39010620
v -7.47952271 -3.34308982 458.38967896
v -6.70873356 -4.08850574 457.83248901
v -7.22597694 -3.21522737 457.83209229
v -7.04077291 -3.35839748 457.21411133
v -7.53834915 -2.22403812 457.21359253
v 3.65739155 -6.06754017 457.21539307
v 3.20668626 -6.45146942 457.83358765
v 2.38812017 -7.14354086 458.39144897
v 1.48505080 -7.88569736 458.83425903
v 2.56799603 -6.65709162 457.21566772
v 2.28602004 -6.87870407 457.83380127
v 1.38247883 -7.45549345 458.39160156
v 0.38851985 -8.07065868 458.83435059
v 1.39642143 -7.05929375 457.21585083
v 1.31662357 -7.17941332 457.83392334
v 0.34423116 -7.63062429 458.39169312
v -0.72288030 -8.10781670 458.83438110
v 0.17462541 -7.26317549 457.21594238
v 0.31579608 -7.34823227 457.83401489
v -0.70809537 -7.66580725 458.39169312
v -1.82931662 -7.99650860 458.83432007
v -0.69860291 -7.38214731 457.83401489
v -1.06406474 -7.26317549 457.21594238
v -1.70847130 -7.28055334 457.83398438
v -2.28586078 -7.05929375 457.21585083
v -2.69578815 -7.04526377 457.83386230
v -3.45743537 -6.65709162 457.21566772
v -3.64293432 -6.68047762 457.83370972
v -4.54683065 -6.06754017 457.21539307
v -4.53300858 -6.19270325 457.83346558
v -5.35012722 -5.59064627 457.83319092
v -5.53353643 -5.80732346 458.39083862
v -6.29039621 -5.07534552 458.39050293
v -6.61855030 -5.37193680 458.83309937
v -5.52433157 -5.30672121 457.21502686
v -6.07970858 -4.88504982 457.83285522
v -6.36327362 -4.39538717 457.21459961
v -7.84242964 -1.02325177 457.21301270
v -7.89035797 -1.30189633 457.83117676
v -7.62220860 -2.28079939 457.83163452
v -7.89056921 -2.37372422 458.38922119
v -8.30855083 -2.51865673 458.83175659
v -8.83523846 -2.70140982 459.11593628
v -9.00392437 -3.90975380 459.21438599
v -8.02563953 -0.29598677 457.83071899
v -7.94471979 0.21120754 457.21246338
v -8.02563953 0.71897888 457.83026123
v -7.84242964 1.44566679 457.21188354
v -7.89035797 1.72488844 457.82977295
v -7.53834915 2.64645338 457.21130371
v -7.62220860 2.70379162 457.82931519
v -7.04077291 3.78081250 457.21078491
v -7.22597694 3.63821959 457.82888794
v -6.70873356 4.51149750 457.82849121
v -6.94294024 4.67253160 458.38592529
v -6.29039621 5.49885798 458.38555908
v -6.61855030 5.79586267 458.82788086
v -5.81920338 6.56893110 458.82751465
v -6.17916441 6.99482775 459.11138916
v -5.22394896 7.69863510 459.11108398
v -6.36787271 7.63953924 459.20898438
v -5.19471979 8.43938160 459.20861816
v -4.18344784 8.26884556 459.11080933
v -3.91545939 9.05544090 459.20831299
v -3.07622933 8.69528294 459.11059570
v -2.55866861 9.47395515 459.20812988
v -1.92205131 8.97033691 459.11047363
v -1.15465558 9.68557644 459.20803833
v -0.74151039 9.08910084 459.11041260
v 0.26521620 9.68557644 459.20803833
v 0.44432685 9.04945374 459.11044312
v 1.66922915 9.47395515 459.20812988
v 1.61429906 8.85210419 459.11053467
v 3.02602005 9.05544090 459.20831299
v 2.74752784 8.50057316 459.11068726
v 3.82379103 8.00113392 459.11093140
v 2.54714489 7.98015833 458.82687378
v 3.55584931 7.51207018 458.82708740
v 2.38812017 7.56705332 458.38458252
v 3.34320927 7.12384510 458.38479614
v 2.28602004 7.30169630 457.82717896
v 3.20668626 6.87446165 457.82736206
v 2.56799603 7.07950687 457.20925903
v 3.65739155 6.48995543 457.20953369
v -6.36327362 4.81780243 457.21029663
v -6.07970858 5.30804205 457.82809448
v -5.53353643 6.23083639 458.38522339
v -4.92394829 7.22855949 458.82720947
v -5.52433157 5.72913647 457.20986938
v -5.35012722 6.01363850 457.82778931
v -4.68586636 6.85540390 458.38491821
v -3.94876146 7.76297665 458.82696533
v -4.54683065 6.48995543 457.20953369
v -4.53300858 6.61569548 457.82748413
v -3.76251316 7.36141539 458.38467407
v -2.91104484 8.16264534 458.82678223
v -3.45743537 7.07950687 457.20925903
v -3.64293432 7.10346937 457.82727051
v -2.77995372 7.73984098 458.38452148
v -1.82931662 8.42043400 458.82666016
v -2.69578815 7.46825600 457.82708740
v -2.28586078 7.48170853 457.20904541
v -1.70847130 7.70354557 457.82699585
v -1.06406474 7.68559027 457.20895386
v -0.69860291 7.80513906 457.82693481
v 0.17462541 7.68559027 457.20895386
v 0.31579608 7.77122402 457.82696533
v 1.39642143 7.48170853 457.20904541
v 1.31662357 7.60240555 457.82702637
v 4.06219292 6.32832670 457.82763672
v 4.63489199 5.72913647 457.20986938
v 4.83727360 5.67303658 457.82794189
v 5.47383404 4.81780243 457.21029663
v 5.51809740 4.92028522 457.82827759
v 6.09251404 4.08350515 457.82867432
v 6.33693647 4.22853708 458.38613892
v 6.81181145 3.28879094 458.38659668
v 7.21916533 3.46173048 458.82897949
v 7.58393574 2.41123867 458.82946777
v 8.12166309 2.55866981 459.11346436
v 6.15133333 3.78081250 457.21078491
v 6.55027390 3.17762923 457.82910156
v 7.15719366 2.29413533 458.38705444
v 6.64890957 2.64645338 457.21130371
v 6.88320827 2.21882272 457.82955933
v 6.95299006 1.44566679 457.21188354
v 8.63322163 3.01231503 459.21115112
v 7.73246145 3.67951941 459.11294556
v 6.71763277 4.45423031 458.82849121
v 5.74104261 5.09660339 458.38574219
v 8.11448479 4.33403635 459.21054077
v 7.19733810 4.73849249 459.11245728
v 6.08828735 5.37102652 458.82806396
v 5.03476334 5.87749958 458.38537598
v 7.40454865 5.56368113 459.20996094
v 6.52584171 5.71669245 459.11199951
v 5.34236050 6.19575930 458.82769775
v 4.23070288 6.55729055 458.38507080
v 6.51927328 6.67378139 459.20944214
v 5.72995567 6.59666252 459.11157227
v 4.49316311 6.91371107 458.82736206
v 5.47843361 7.63953924 459.20898438
v 4.82388258 7.36269951 459.11123657
v 4.30528021 8.43938160 459.20861816
v -7.40871239 6.67378139 459.20944214
v -7.03204870 6.16998196 459.11178589
v -7.30772543 4.92314911 458.82827759
v -7.47952271 3.76660228 458.38635254
v -8.29398823 5.56368113 459.20996094
v -7.76738167 5.23881769 459.11221313
v -7.87442970 3.96636438 458.82873535
v -7.89056921 2.79723692 458.38681030
v -8.37204170 4.21795177 459.11270142
v -9.00392437 4.33403635 459.21054077
v -8.83523846 3.12560081 459.11318970
v -9.52266121 3.01231503 459.21115112
v -9.14870644 1.98125851 459.11373901
v -9.83861256 1.62804258 459.21179199
v -9.30685139 0.80534536 459.11428833
v -9.94471931 0.21214120 459.21246338
v -9.30685139 -0.38115433 459.11483765
v -9.83861256 -1.20376015 459.21310425
v -9.14870644 -1.55706739 459.11538696
v -9.52266121 -2.58803272 459.21374512
v 3.82379103 -7.57694292 459.11819458
v 4.30528021 -8.01509953 459.21627808
v 4.82388258 -6.93850851 459.11788940
v 5.47843361 -7.21525717 459.21591187
v 5.72995567 -6.17247152 459.11755371
v 6.51927328 -6.24949932 459.21545410
v 6.52584171 -5.29250145 459.11712646
v 7.40454865 -5.13939857 459.21493530
v 7.19733810 -4.31430149 459.11666870
v 8.11448479 -3.90975380 459.21438599
v 7.73246145 -3.25532842 459.11618042
v 8.63322163 -2.58803272 459.21374512
v 8.12166309 -2.13447881 459.11566162
v 8.94917297 -1.20376015 459.21310425
v 8.35799694 -0.97175455 459.11511230
v 7.36691952 -0.83880681 458.38851929
v 7.15719366 -1.87062263 458.38900757
v 6.81181145 -2.86527824 458.38946533
v 6.33693647 -3.80502439 458.38989258
v 5.74104261 -4.67309046 458.39028931
v 5.03476334 -5.45398712 458.39065552
v 7.80543518 -0.89757484 458.83099365
v 7.58393574 -1.98731291 458.83151245
v 7.21916533 -3.03780484 458.83200073
v 6.71763277 -4.03030443 458.83245850
v 6.08828735 -4.94710064 458.83288574
v 5.34236050 -5.77183342 458.83328247
v 4.49316311 -6.48978519 458.83361816
v -1.75572205 -7.56041527 458.39166260
v -2.91104484 -7.73871946 458.83419800
v -2.77995372 -7.31632805 458.39154053
v -3.94876146 -7.33905077 458.83401489
v -3.76251316 -6.93790245 458.39135742
v -4.92394829 -6.80463362 458.83377075
v -4.68586636 -6.43189096 458.39111328
v -5.81920338 -6.14500523 458.83346558
v -8.16874409 -1.35822070 458.38876343
v -8.30908394 -0.31470087 458.38827515
v -8.30908394 0.73821354 458.38778687
v -8.16874409 1.78173327 458.38729858
v -8.60234165 -1.44614661 458.83126831
v -8.75055981 -0.34404761 458.83074951
v -8.75055981 0.76797342 458.83023071
v -8.60234165 1.87007236 458.82971191
v -8.30855083 2.94258237 458.82922363
v -1.75572205 7.98392773 458.38439941
v -0.72288030 8.53174305 458.82659912
v -0.70809537 8.08932018 458.38433838
v 0.38851985 8.49458504 458.82662964
v 0.34423116 8.05413723 458.38436890
v 1.48505080 8.30962276 458.82669067
v 1.38247883 7.87900639 458.38442993
v 11.85527992 12.21214008 459.20684814
v 11.85527992 -32.98785400 459.22793579
v -12.74471951 12.21214008 459.20684814
v -12.74471951 -32.98785400 459.22793579
v -18.54471970 -37.00458145 462.03195190
v -18.97940063 -36.82122803 462.03292847
v -19.16275406 -36.38654709 462.03164673
v -19.26885414 -36.45175171 461.99273682
v -19.72029114 -36.38668060 461.74755859
v -19.71408081 -36.77730179 461.70452881
v -20.16275406 -36.38688660 461.30511475
v -20.04609299 -37.06510544 461.26385498
v -20.27638435 -36.54357910 461.11795044
v -20.45316696 -36.78812790 460.57369995
v -20.44683266 -36.38714600 460.74755859
v -20.54471970 -36.38743591 460.12954712
v -20.44683266 -37.00547028 460.12982178
v -20.23274612 -37.28729630 460.71331787
v -19.68449783 -37.52666092 461.31405640
v -19.37199593 -37.21395493 461.75201416
v -18.93532181 -37.55606079 461.70489502
v -18.60990715 -37.11069870 461.99304199
v -18.54471970 -37.56224823 461.74810791
v -20.16275406 -37.56300354 460.13009644
v -19.88665009 -37.72906876 460.76138306
v -19.22291756 -37.88827896 461.26422119
v -18.54471970 -38.00492096 461.30587769
v -19.72029114 -38.00547028 460.13027954
v -19.44485283 -38.07518768 460.71371460
v -18.70132637 -38.11863708 461.11868286
v -18.54471970 -38.28926086 460.74847412
v -18.94561768 -38.29567337 460.57440186
v -18.54471970 -38.38743591 460.13046265
v -19.16275406 -38.28954697 460.13043213
v 18.27331352 -36.38654709 462.03164673
v 17.65528107 -36.38650131 462.12954712
v 18.09924889 -36.78744125 462.03817749
v 17.65528107 -37.00458145 462.03195190
v 18.23865509 -37.28678131 461.81799316
v 17.65528107 -37.56224823 461.74810791
v 18.28650665 -37.72873688 461.47210693
v 17.65528107 -38.00492096 461.30587769
v 18.23865509 -38.07503891 461.03045654
v 17.65528107 -38.28926086 460.74847412
v 18.09924889 -38.29569626 460.53134155
v 17.65528107 -38.38743591 460.13046265
v 18.27331352 -38.28954697 460.13043213
v 18.64361763 -38.11902618 460.28695679
v 18.83085060 -38.00547028 460.13027954
v 18.78926849 -37.88848877 460.80844116
v 19.23008919 -37.55661392 460.52069092
v 18.83926010 -37.52667999 461.26983643
v 19.27738571 -37.21432495 460.95721436
v 18.78926849 -37.06493378 461.63122559
v 19.23008919 -36.77748871 461.29907227
v 18.83085060 -36.38668060 461.74755859
v 19.27331352 -36.38688660 461.30511475
v 19.51844406 -36.45228577 460.85369873
v 19.55739403 -36.38714600 460.74755859
v 19.55846405 -36.82191086 460.56442261
v 19.55739403 -37.00547028 460.12982178
v 19.51844406 -37.11153793 460.19506836
v 19.27331352 -37.56300354 460.13009644
v 18.64361763 -36.54323196 461.86126709
v -18.54471970 -38.39023590 454.13046265
v -18.93490028 -38.35198975 453.74026489
v -19.31008720 -38.23835373 453.36502075
v -19.65586090 -38.05369186 453.01916504
v -19.95893288 -37.80511093 452.71597290
v -20.20765877 -37.50215149 452.46713257
v -20.39247894 -37.15646362 452.28213501
v -20.50629044 -36.78133011 452.16815186
v -20.54471970 -36.39117050 452.12954712
v 19.61685181 -36.78133011 452.16815186
v 19.50304031 -37.15646362 452.28213501
v 19.31822014 -37.50215149 452.46713257
v 19.06949425 -37.80511093 452.71597290
v 18.76642036 -38.05369186 453.01916504
v 18.42064667 -38.23835373 453.36502075
v 18.04546165 -38.35198975 453.74026489
v 17.65528107 -38.39023590 454.13046265
v 6.96785212 -36.39117050 452.12954712
v 7.18053961 -36.61900711 452.14276123
v -7.85729170 -36.39117050 452.12954712
v -8.06997871 -36.61900711 452.14276123
v 7.44495344 -36.79525757 452.17098999
v -8.33439255 -36.79525757 452.17098999
v -8.63449192 -36.90460205 452.19656372
v -7.14471960 -37.00915909 452.22772217
v -8.94471931 -36.94113159 452.20690918
v 6.25528049 -37.00915909 452.22772217
v 7.74505234 -36.90460205 452.19656372
v 8.05528069 -36.94113159 452.20690918
v 8.36550808 -36.90460205 452.19656372
v 6.25528049 -37.56656265 452.51205444
v -7.14471960 -37.56656265 452.51205444
v -7.14471960 -38.00881958 452.95471191
v -7.14471960 -38.29263687 453.51239014
v 6.25528049 -38.29263687 453.51239014
v 6.25528049 -38.00881958 452.95471191
v 8.66560745 -36.79525757 452.17098999
v 8.93002129 -36.61900711 452.14276123
v 9.14270878 -36.39117050 452.12954712
v -9.81946087 -36.61900711 452.14276123
v -9.55504704 -36.79525757 452.17098999
v -9.25494766 -36.90460205 452.19656372
v -10.03214741 -36.39117050 452.12954712
v 17.65528107 12.21349335 462.10684204
v 18.04546165 12.17504597 462.06845093
v 18.27331352 0.06344935 462.01464844
v 18.42064667 12.06118202 461.95468140
v 18.83085060 0.06331673 461.73056030
v 18.76642036 11.87627602 461.76995850
v 19.06949425 11.62743378 461.52133179
v 19.27331352 0.06311017 461.28808594
v 19.31822014 11.32421970 461.21841431
v 19.50304031 10.97828388 460.87280273
v 19.55739403 0.06284989 460.73056030
v 19.61685181 10.60292339 460.49777222
v 19.55739403 -12.08714867 460.73623657
v 19.55739403 -24.23714828 460.74191284
v 19.27331352 -24.23688698 461.29943848
v 18.83085060 -24.23668098 461.74191284
v 18.27331352 -24.23654747 462.02597046
v 18.27331352 -12.08654976 462.02029419
v 18.83085060 -12.08668232 461.73623657
v 19.27331352 -12.08688831 461.29376221
v -7.85729170 -36.38650131 462.12954712
v -8.06997871 -36.61434937 462.11651611
v 6.96785212 -36.38650131 462.12954712
v 7.18053961 -36.61434937 462.11651611
v -8.33439255 -36.79063034 462.08847046
v 7.44495344 -36.79063034 462.08847046
v 7.74505234 -36.89999771 462.06298828
v 5.58861351 -37.00458145 462.03195190
v 8.05528069 -36.93653870 462.05267334
v 8.36550808 -36.89999771 462.06298828
v 8.66560745 -36.79063034 462.08847046
v 8.93002129 -36.61434937 462.11651611
v 13.95528030 -36.38650131 462.12954712
v -6.47805309 -37.00458145 462.03195190
v -8.63449192 -36.89999771 462.06298828
v -8.94471931 -36.93653870 462.05267334
v -9.25494766 -36.89999771 462.06298828
v -9.55504704 -36.79063034 462.08847046
v -9.81946087 -36.61434937 462.11651611
v -10.03214741 -36.38650131 462.12954712
v -6.47805309 -37.56224823 461.74810791
v -6.47805309 -38.00492096 461.30587769
v -6.47805309 -38.28926086 460.74847412
v 5.58861351 -38.28926086 460.74847412
v 5.58861351 -38.00492096 461.30587769
v 5.58861351 -37.56224823 461.74810791
v 9.14270878 -36.38650131 462.12954712
v -20.54471970 10.21256065 460.10778809
v -20.50629044 10.60292339 460.49777222
v -20.44683266 -12.08714867 460.73623657
v -20.44683266 0.06284989 460.73056030
v -20.16275406 0.06311017 461.28808594
v -20.39247894 10.97828388 460.87280273
v -20.20765877 11.32421970 461.21841431
v -19.95893288 11.62743378 461.52133179
v -19.72029114 0.06331673 461.73056030
v -19.65586090 11.87627602 461.76995850
v -19.31008720 12.06118202 461.95468140
v -19.16275406 0.06344935 462.01464844
v -18.93490028 12.17504597 462.06845093
v -19.16275406 -12.08654976 462.02029419
v -19.16275406 -24.23654747 462.02597046
v -19.72029114 -24.23668098 461.74191284
v -20.16275406 -24.23688698 461.29943848
v -20.44683266 -24.23714828 460.74191284
v -20.16275406 -12.08688831 461.29376221
v -19.72029114 -12.08668232 461.73623657
v 17.65528107 12.20975876 454.10684204
v 18.04546165 12.17114735 453.71667480
v 18.42064667 12.05716038 453.34155273
v 18.76642036 11.87217999 452.99588013
v 19.06949425 11.62331200 452.69290161
v 19.31822014 11.32012367 452.44433594
v 19.50304031 10.97426319 452.25967407
v 19.61685181 10.59902382 452.14602661
v -20.54471970 10.20882607 452.10778809
v -20.50629044 10.59902382 452.14602661
v -20.39247894 10.97426319 452.25967407
v -20.20765877 11.32012367 452.44433594
v -19.95893288 11.62331200 452.69290161
v -19.65586090 11.87217999 452.99588013
v -19.31008720 12.05716038 453.34155273
v -18.93490028 12.17114735 453.71667480
v -18.54471970 12.20975876 454.10684204
v 6.25528049 10.82690525 452.20538330
v 6.25528049 11.38457394 452.48919678
v 6.25528049 11.82724380 452.93145752
v 6.25528049 12.11158371 453.48886108
v -7.14471960 12.11158371 453.48886108
v -7.14471960 11.82724380 452.93145752
v -7.14471960 11.38457394 452.48919678
v -7.14471960 10.82690525 452.20538330
v -14.92809677 -28.04393196 452.12564087
v -15.44471931 -27.94116974 452.12557983
v -15.96134186 -28.04393196 452.12564087
v 15.90528011 -29.29117012 452.12622070
v 15.80251789 -28.77454758 452.12597656
v 15.50987434 -28.33657646 452.12576294
v 9.35753059 -35.94704056 452.12933350
v 9.39843464 -35.45538712 452.12908936
v 9.25995827 -34.98186493 452.12887573
v 8.96059608 -34.58971786 452.12869263
v 14.55528069 -30.64117050 452.12686157
v 15.07190323 -30.53840828 452.12680054
v 8.54032803 -34.33131790 452.12857056
v 8.05528069 -34.24116898 452.12854004
v 14.03865814 -30.53840828 452.12680054
v 13.60068607 -30.24576378 452.12667847
v 7.57023287 -34.33131790 452.12857056
v -8.45967197 -34.33131790 452.12857056
v -8.03940392 -34.58971786 452.12869263
v 7.14996433 -34.58971786 452.12869263
v -7.74004126 -34.98186493 452.12887573
v 6.85060215 -34.98186493 452.12887573
v -7.60156536 -35.45538712 452.12908936
v 6.71212626 -35.45538712 452.12908936
v -7.64246988 -35.94704056 452.12933350
v 6.75303030 -35.94704056 452.12933350
v -8.94471931 -34.24116898 452.12854004
v -14.49012566 -30.24576378 452.12667847
v 13.30804253 -29.80779266 452.12646484
v -9.42976665 -34.33131790 452.12857056
v -15.44471931 -30.64117050 452.12686157
v -14.92809677 -30.53840828 452.12680054
v -9.85003567 -34.58971786 452.12869263
v -15.96134186 -30.53840828 452.12680054
v -16.39931297 -30.24576378 452.12667847
v -16.69195747 -29.80779266 452.12646484
v -16.79471970 -29.29117012 452.12622070
v -16.69195747 -28.77454758 452.12597656
v -16.39931297 -28.33657646 452.12576294
v -10.14939785 -34.98186493 452.12887573
v -10.28787422 -35.45538712 452.12908936
v -10.24696922 -35.94704056 452.12933350
v 15.50987434 -30.24576378 452.12667847
v 15.80251789 -29.80779266 452.12646484
v 15.07190323 -28.04393196 452.12564087
v 14.55528069 -27.94116974 452.12557983
v 14.03865814 -28.04393196 452.12564087
v 13.60068607 -28.33657646 452.12576294
v -14.49012566 -28.33657646 452.12576294
v -14.19748211 -28.77454758 452.12597656
v 13.30804253 -28.77454758 452.12597656
v -14.09471989 -29.29117012 452.12622070
v 13.20528030 -29.29117012 452.12622070
v -14.19748211 -29.80779266 452.12646484
v -12.74471951 12.21349335 462.10684204
v -12.74471951 -32.98649979 462.12796021
v 11.85527992 -32.98649979 462.12796021
v 11.85527992 12.21349335 462.10684204
v 17.35527992 -32.38650131 462.12765503
v 17.35527992 6.21349430 462.10964966
v 12.25528049 12.21349335 462.10684204
v 14.03865814 3.46158886 452.11093140
v 14.55528069 3.35882640 452.11099243
v 15.07190323 3.46158886 452.11093140
v -16.69195747 5.22544861 452.11010742
v -16.79471970 4.70882607 452.11035156
v -16.69195747 4.19220352 452.11059570
v -14.92809677 5.95606327 452.10977173
v -15.44471931 6.05882597 452.10971069
v -15.96134186 5.95606327 452.10977173
v 15.80251789 5.22544861 452.11010742
v 15.50987434 5.66342020 452.10989380
v 15.07190323 5.95606327 452.10977173
v -15.96134186 3.46158886 452.11093140
v -15.44471931 3.35882640 452.11099243
v -14.92809677 3.46158886 452.11093140
v 13.60068607 3.75423217 452.11080933
v -14.49012566 3.75423217 452.11080933
v 13.30804253 4.19220352 452.11059570
v -14.19748211 4.19220352 452.11059570
v 13.20528030 4.70882607 452.11035156
v -14.09471989 4.70882607 452.11035156
v 13.30804253 5.22544861 452.11010742
v -14.19748211 5.22544861 452.11010742
v 13.60068607 5.66342020 452.10989380
v -14.49012566 5.66342020 452.10989380
v 14.03865814 5.95606327 452.10977173
v -16.39931297 5.66342020 452.10989380
v -16.39931297 3.75423217 452.11080933
v 15.50987434 3.75423217 452.11080933
v 15.80251789 4.19220352 452.11059570
v 15.90528011 4.70882607 452.11035156
v 14.55528069 6.05882597 452.10971069
v -21.94471931 -4.99821568 415.27392578
v -21.94471931 -5.40461254 415.49703979
v -21.94471931 -5.67531824 415.87338257
v -21.94471931 -17.64940643 415.11062622
v -21.94471931 -17.42630196 415.51702881
v -21.94471931 -17.04993439 415.78771973
v -21.94471931 -20.35120010 421.40240479
v -21.94471931 -19.90607452 421.53201294
v -21.94471931 -19.44852448 421.45730591
v -21.94471931 -17.81269836 427.76181030
v -21.94471931 -17.40630150 427.53872681
v -21.94471931 -17.13559532 427.16235352
v -21.94471931 -11.52092266 430.46362305
v -21.94471931 -11.39131546 430.01849365
v -21.94471931 -11.46602917 429.56094360
v -21.94471931 -5.16150808 427.92510986
v -21.94471931 -5.38461256 427.51870728
v -21.94471931 -5.76098061 427.24801636
v -21.94471931 -2.45971441 421.63333130
v -21.94471931 -2.90483952 421.50372314
v -21.94471931 -3.36238933 421.57843018
v -21.94471931 -15.34222794 420.80947876
v -21.94471931 -15.08589077 419.95120239
v -21.94471931 -14.64500141 419.17150879
v -21.94471931 -15.40115929 421.70324707
v -21.94471931 -15.25972939 422.58773804
v -21.94471931 -14.92503071 423.41854858
v -21.94471931 -14.41384506 424.15408325
v -21.94471931 -13.75180626 424.75741577
v -21.94471931 -12.97211266 425.19830322
v -21.94471931 -12.11385918 425.45465088
v -21.94471931 -11.22008419 425.51358032
v -21.94471931 -10.33560467 425.37213135
v -21.94471931 -9.50477219 425.03744507
v -21.94471931 -8.76924706 424.52624512
v -21.94471931 -8.16591358 423.86422729
v -21.94471931 -7.72502375 423.08453369
v -21.94471931 -7.46868610 422.22628784
v -21.94471931 -7.40975475 421.33248901
v -21.94471931 -7.55118465 420.44802856
v -21.94471931 -7.88588381 419.61718750
v -21.94471931 -8.39706898 418.88165283
v -21.94471931 -9.40542126 413.49224854
v -21.94471931 -9.05910778 418.27832031
v -21.94471931 -9.67953014 413.87069702
v -21.94471931 -10.09069920 414.09274292
v -21.94471931 -9.32266331 413.03231812
v -21.94471931 -8.63806343 411.07846069
v -21.94471931 -9.44764709 412.58206177
v -21.94471931 -9.75561905 412.23062134
v -21.94471931 -10.01256466 410.80807495
v -21.94471931 -10.18558025 412.04757690
v -21.94471931 -10.65237141 412.06924438
v -21.94471931 -11.41049862 410.71786499
v -21.94471931 -11.06354046 412.29129028
v -21.94471931 -11.33764935 412.66973877
v -21.94471931 -12.80834866 410.80938721
v -21.94471931 -13.15333652 412.79248047
v -21.94471931 -13.49127769 412.60137939
v -21.94471931 -14.18259621 411.08102417
v -21.94471931 -13.87949085 412.60485840
v -21.94471931 -14.21395397 412.80197144
v -21.94471931 -14.40504837 413.13992310
v -21.94471931 -14.40156937 413.52813721
v -21.94471931 -14.20445061 413.86260986
v -21.94471931 -14.04166698 418.50949097
v -21.94471931 -13.30614281 417.99829102
v -21.94471931 -12.95621777 413.12695312
v -21.94471931 -11.42040730 413.12963867
v -21.94471931 -12.95273876 413.51516724
v -21.94471931 -11.29542351 413.57992554
v -21.94471931 -13.14383316 413.85308838
v -21.94471931 -10.98745251 413.93136597
v -21.94471931 -11.59082985 417.52215576
v -21.94471931 -10.69705486 417.58108521
v -21.94471931 -12.47530937 417.66360474
v -21.94471931 -13.47829628 414.05023193
v -21.94471931 -13.86650944 414.05371094
v -21.94471931 -9.83880234 417.83743286
v -21.94471931 -10.55749130 414.11437988
v -23.04471970 -13.05113411 418.65750122
v -18.54471970 -12.92716694 418.58966064
v -23.04471970 -12.28808594 418.33810425
v -18.54471970 -12.16283321 418.30596924
v -23.04471970 -11.46957779 418.21850586
v -18.54471970 -11.35227013 418.21829224
v -23.04471970 -10.64704227 418.30621338
v -18.54471970 -10.54495430 418.33203125
v -23.04471970 -9.87215996 418.59570312
v -18.54471970 -9.79016113 418.64022827
v -23.04471970 -9.19362068 419.06884766
v -18.54471970 -9.13396168 419.12405396
v -23.04471970 -8.65405846 419.69583130
v -18.54471970 -8.61640739 419.75399780
v -23.04471970 -8.28737736 420.43731689
v -18.54471970 -8.26908875 420.49160767
v -18.69471931 -8.22568226 420.63525391
v -18.54471970 -13.59862041 419.05209351
v -23.04471970 -13.71077824 419.15661621
v -18.54471970 -14.13620853 419.66503906
v -23.04471970 -14.22557068 419.80410767
v -18.54471970 -14.50712013 420.39105225
v -23.04471970 -14.56316566 420.55929565
v -18.54471970 -14.68871403 421.18588257
v -23.04471970 -14.70234966 421.37469482
v -18.54471970 -14.66990757 422.00094604
v -23.04471970 -14.63437843 422.19909668
v -18.54471970 -14.45184803 422.78652954
v -23.04471970 -14.36352158 422.98068237
v -18.54471970 -14.04784584 423.49468994
v -23.04471970 -13.90679836 423.67037964
v -18.54471970 -13.48255825 424.08218384
v -23.04471970 -13.29290771 424.22482300
v -18.54471970 -12.79049110 424.51315308
v -23.04471970 -12.56042099 424.60916138
v -18.54471970 -12.01388550 424.76129150
v -23.04471970 -11.75536346 424.79925537
v -18.54471970 -11.20014286 424.81146240
v -23.04471970 -10.92831993 424.78320312
v -18.54471970 -10.39893150 424.66061401
v -23.04471970 -10.13125706 424.56195068
v -18.54471970 -9.65915585 424.31796265
v -23.04471970 -9.41425705 424.14944458
v -18.54471970 -9.02597046 423.80435181
v -23.04471970 -8.82237148 423.57156372
v -18.54471970 -8.53802109 423.15121460
v -23.04471970 -8.39278984 422.86465454
v -18.54471970 -8.22509289 422.39837646
v -23.04471970 -8.15250587 422.07312012
v -18.54471970 -8.10628510 421.59179688
v -23.04471970 -8.11661720 421.24670410
v -18.54471970 -8.18884945 420.78070068
v -18.59453773 -6.85650110 420.15121460
v -18.64453888 -6.79417992 420.18582153
v -18.69471931 -6.73215437 420.22067261
v -18.54471970 -6.91911650 420.11691284
v -18.54471970 -11.13296032 426.20996094
v -18.54471970 -10.14838123 426.04663086
v -18.54471970 -9.30577755 425.72277832
v -18.54471970 -8.54062748 425.24383545
v -18.54471970 -7.88115644 424.62741089
v -18.54471970 -7.35168982 423.89630127
v -18.54471970 -6.97175980 423.07745361
v -18.54471970 -6.75538111 422.20108032
v -18.54471970 -6.71053505 421.29949951
v -18.54471970 -6.83887672 420.40597534
v -18.54471970 -12.12982559 426.16171265
v -18.54471970 -13.09402943 425.90405273
v -18.54471970 -13.98209190 425.44863892
v -18.54471970 -14.75397110 424.81597900
v -18.54471970 -15.37485981 424.03457642
v -18.54471970 -15.81676292 423.13970947
v -18.54471970 -16.05975342 422.17172241
v -18.54471970 -16.09287453 421.17422485
v -18.54471970 -15.91463280 420.19223022
v -18.54471970 -15.53306675 419.27001953
v -18.54471970 -14.96537971 418.44915771
v -18.54471970 -14.23717022 417.76669312
v -18.54471970 -13.38127518 417.25335693
v -18.54471970 -12.43628693 416.93231201
v -18.54471970 -11.44481754 416.81802368
v -18.54471970 -10.45157337 416.91567993
v -18.54471970 -9.50134087 417.22085571
v -18.54471970 -8.63696861 417.71978760
v -18.54471970 -7.89743090 418.38998413
v -18.54471970 -7.31607533 419.20120239
v -18.84472275 -10.06814194 426.33572388
v -18.84472275 -11.07633114 426.50701904
v -18.84472275 -12.09828949 426.46963501
v -18.84472275 -13.09126472 426.22509766
v -18.84472275 -14.01371956 425.78366089
v -18.84472275 -14.82706547 425.16375732
v -18.84472275 -15.49728012 424.39135742
v -18.84472275 -15.99632645 423.49874878
v -18.84472275 -16.30332756 422.52328491
v -18.84472275 -16.40544319 421.50576782
v -18.84472275 -16.29839897 420.48873901
v -18.84472275 -15.98667431 419.51477051
v -18.84472275 -15.48330879 418.62457275
v -18.84472275 -14.80935955 417.85543823
v -18.84472275 -13.99301910 417.23950195
v -18.84472275 -13.06843662 416.80252075
v -18.84472275 -12.07428741 416.56280518
v -18.84472275 -11.05216122 416.53036499
v -18.84472275 -10.04481316 416.70657349
v -18.84472275 -9.09438324 417.08404541
v -18.84472275 -8.24063015 417.64697266
v -18.84472275 -7.51926756 418.37182617
v -18.84472275 -6.96047115 419.22830200
v -18.84472275 -6.58761644 420.18054199
v -19.94471931 -11.06534100 426.50628662
v -19.94471931 -10.06814194 426.33572388
v -18.84472275 -9.15392399 425.98223877
v -19.94471931 -9.12569237 425.96789551
v -18.84472275 -8.32623100 425.45721436
v -19.94471931 -8.27657700 425.41787720
v -18.84472275 -7.61687136 424.78079224
v -19.94471931 -7.55555820 424.70822144
v -18.84472275 -7.05310440 423.97897339
v -19.94471931 -6.99215508 423.86791992
v -18.84472275 -6.65659666 423.08258057
v -19.94471931 -6.60943270 422.93142700
v -18.84472275 -6.44258451 422.12606812
v -19.94471931 -6.42306042 421.93707275
v -18.84472275 -6.41929293 421.14617920
v -19.94471931 -6.44066763 420.92553711
v -19.94471931 -6.66153431 419.93826294
v -19.94471931 -7.07661772 419.01565552
v -19.94471931 -7.66892385 418.19546509
v -19.94471931 -8.41420460 417.51132202
v -19.94471931 -9.28194714 416.99121094
v -19.94471931 -10.23662663 416.65640259
v -19.94471931 -11.23915863 416.52062988
v -19.94471931 -12.24849892 416.58944702
v -19.94471931 -13.22332382 416.86004639
v -19.94471931 -14.12372589 417.32131958
v -19.94471931 -14.91284180 417.95440674
v -19.94471931 -15.55836487 418.73339844
v -19.94471931 -16.03386688 419.62637329
v -19.94471931 -16.31988144 420.59677124
v -19.94471931 -16.40469933 421.60488892
v -19.94471931 -16.28484726 422.60943604
v -19.94471931 -15.96523285 423.56930542
v -19.94471931 -15.45894051 424.44519043
v -19.94471931 -14.78669834 425.20123291
v -19.94471931 -13.97602749 425.80648804
v -19.94471931 -13.06011677 426.23614502
v -19.94471931 -12.07646465 426.47262573
v -18.59453773 -6.80291080 420.34429932
v -18.64453888 -6.76733637 420.28253174
v -23.04471970 -11.75315952 420.26522827
v -23.04471970 -11.24732780 420.22750854
v -23.04471970 -10.76557064 420.38626099
v -23.04471970 -10.38123035 420.71728516
v -23.04471970 -10.15281868 421.17016602
v -23.04471970 -10.11511040 421.67599487
v -23.04471970 -10.27384567 422.15774536
v -23.04471970 -10.60485840 422.54208374
v -23.04471970 -11.05775547 422.77050781
v -23.04471970 -11.56358624 422.80822754
v -23.04471970 -12.04534435 422.64947510
v -23.04471970 -12.42968464 422.31848145
v -23.04471970 -12.65809536 421.86557007
v -23.04471970 -12.69580364 421.35974121
v -23.04471970 -12.53706932 420.87799072
v -23.04471970 -12.20605564 420.49365234
v -23.84475517 -11.56358624 422.80822754
v -23.84475517 -11.05775547 422.77050781
v -23.84475517 -10.60485840 422.54208374
v -23.84475517 -10.27384567 422.15774536
v -23.84475517 -10.11511040 421.67599487
v -23.84475517 -10.15281868 421.17016602
v -23.84475517 -10.38123035 420.71728516
v -23.84475517 -10.76557064 420.38626099
v -23.84475517 -11.24732780 420.22750854
v -23.84475517 -11.75315952 420.26522827
v -23.84475517 -12.20605564 420.49365234
v -23.84475517 -12.53706932 420.87799072
v -23.84475517 -12.69580364 421.35974121
v -23.84475517 -12.65809536 421.86557007
v -23.84475517 -12.42968464 422.31848145
v -23.84475517 -12.04534435 422.64947510
v -24.04471970 -12.89809513 421.36984253
v -24.04471970 -12.85076904 421.91906738
v -24.04471970 -12.60824680 422.41406250
v -24.04471970 -12.20328045 422.78805542
v -24.04471970 -11.69056320 422.99047852
v -24.04471970 -11.13934135 422.99401855
v -24.04471970 -10.62406063 422.79821777
v -24.04471970 -10.21431065 422.42947388
v -24.04471970 -9.96543217 421.93762207
v -24.04471970 -9.91103745 421.38909912
v -24.04471970 -10.05847168 420.85794067
v -24.04471970 -10.38782406 420.41592407
v -24.04471970 -10.85461330 420.12271118
v -24.04471970 -11.39579773 420.01794434
v -24.04471970 -11.93828583 420.11575317
v -24.04471970 -12.40881348 420.40289307
v -24.04471970 -12.74383163 420.84063721
v -24.04471970 -15.20269299 421.66241455
v -24.04471970 -15.06700325 422.53424072
v -24.04471970 -14.73391724 423.35122681
v -24.04471970 -13.71470070 423.55990601
v -24.04471970 -13.82618809 423.62561035
v -24.04471970 -13.88988590 423.73825073
v -24.04471970 -14.22139454 424.06942749
v -24.04471970 -13.88872623 423.86767578
v -24.04471970 -13.82301998 423.97915649
v -24.04471970 -13.71037292 424.04284668
v -24.04471970 -13.55706310 424.65005493
v -24.04471970 -13.58096886 424.04168701
v -24.04471970 -13.46948147 423.97598267
v -24.04471970 -12.77673817 425.06179810
v -24.04471970 -13.40578270 423.86334229
v -24.04471970 -11.92248631 425.28253174
v -24.04471970 -11.04036236 425.30026245
v -24.04471970 -10.17792034 425.11413574
v -24.04471970 -9.38165569 424.73410034
v -24.04471970 -8.69449425 424.18069458
v -24.04471970 -8.15348148 423.48370361
v -24.04471970 -7.78778362 422.68075562
v -24.04471970 -7.61711550 421.81512451
v -24.04471970 -7.65067768 420.93347168
v -24.04471970 -8.25517368 420.90289307
v -24.04471970 -8.38457775 420.90405273
v -24.04471970 -8.49722481 420.84033203
v -24.04471970 -8.56293106 420.72885132
v -24.04471970 -8.56409073 420.59945679
v -24.04471970 -8.50039291 420.48681641
v -24.04471970 -8.31234360 419.31048584
v -24.04471970 -8.38890553 420.42108154
v -24.04471970 -7.88666153 420.08331299
v -24.04471970 -8.25950050 420.41992188
v -24.04471970 -8.14685345 420.48364258
v -24.04471970 -8.08114719 420.59512329
v -24.04471970 -8.07998753 420.72451782
v -24.04471970 -8.14368534 420.83718872
v -24.04471970 -8.90477753 418.65667725
v -24.04471970 -9.63202286 418.15710449
v -24.04471970 -10.45487499 417.83871460
v -24.04471970 -11.32897282 417.71865845
v -24.04471970 -12.20719433 417.80343628
v -24.04471970 -13.04219341 418.08843994
v -24.04471970 -13.78895569 418.55834961
v -24.04471970 -14.40722370 419.18777466
v -24.04471970 -14.86366463 419.94284058
v -24.04471970 -14.44117832 420.47531128
v -24.04471970 -14.32853031 420.53903198
v -24.04471970 -14.26282406 420.65051270
v -24.04471970 -14.26166534 420.77990723
v -24.04471970 -15.13367367 420.78280640
v -24.04471970 -14.68206978 420.54220581
v -24.04471970 -14.57058239 420.47647095
v -24.04471970 -14.67890263 420.89572144
v -24.04471970 -14.74460888 420.78424072
v -24.04471970 -14.74576759 420.65484619
v -24.04471970 -14.32536316 420.89254761
v -24.04471970 -14.43685055 420.95828247
v -24.04471970 -14.56625462 420.95944214
v -24.04471970 -13.47264862 423.62243652
v -24.04471970 -13.40694237 423.73391724
v -24.04471970 -13.58529568 423.55874634
v -23.84470558 -15.40115929 421.70324707
v -23.84470558 -15.25972939 422.58773804
v -23.84470558 -14.92503071 423.41854858
v -23.84470558 -15.34222794 420.80947876
v -23.84470558 -15.08589077 419.95120239
v -23.84470558 -14.64500141 419.17150879
v -23.84470558 -14.04166698 418.50949097
v -23.84470558 -13.30614281 417.99829102
v -23.84470558 -12.47530937 417.66360474
v -23.84470558 -11.59082985 417.52215576
v -23.84470558 -10.69705486 417.58108521
v -23.84470558 -9.83880234 417.83743286
v -23.84470558 -9.05910778 418.27832031
v -23.84470558 -8.39706898 418.88165283
v -23.84470558 -7.88588381 419.61718750
v -23.84470558 -7.55118465 420.44802856
v -23.84470558 -7.40975475 421.33248901
v -23.84470558 -7.46868610 422.22628784
v -23.84470558 -7.72502375 423.08453369
v -23.84470558 -8.16591358 423.86422729
v -23.84470558 -8.76924706 424.52624512
v -23.84470558 -9.50477219 425.03744507
v -23.84470558 -10.33560467 425.37213135
v -23.84470558 -11.22008419 425.51358032
v -23.84470558 -12.11385918 425.45465088
v -23.84470558 -12.97211266 425.19830322
v -23.84470558 -13.75180626 424.75741577
v -23.84470558 -14.41384506 424.15408325
v -21.74471855 -6.99861479 411.43917847
v -21.74471855 -8.41203976 410.93301392
v -21.74471855 -9.88122654 410.62399292
v -21.74471855 -11.37880707 410.51791382
v -21.74471855 -12.87688446 410.61672974
v -21.74471855 -14.34755135 410.91860962
v -21.74471855 -15.76341248 411.41796875
v -21.74471855 -17.09809303 412.10543823
v -21.74471855 -18.32673073 412.96826172
v -21.74471855 -19.42643929 413.99032593
v -21.74471855 -20.37673187 415.15261841
v -21.74471855 -21.15990448 416.43350220
v -21.74471855 -21.76137161 417.80908203
v -21.74471855 -22.16992760 419.25375366
v -21.74471855 -22.37796211 420.74063110
v -21.74471855 -22.38159943 422.24194336
v -21.74471855 -22.18077278 423.72979736
v -21.74471855 -21.77922058 425.17642212
v -21.74471855 -21.18442726 426.55490112
v -21.74471855 -20.40746880 427.83956909
v -21.74471855 -19.46282005 429.00646973
v -21.74471855 -18.36807632 430.03384399
v -21.74471855 -17.14363480 430.90261841
v -21.74471855 -15.81229973 431.59655762
v -21.74471855 -14.39887428 432.10275269
v -21.74471855 -5.66728020 412.13311768
v -21.74471855 -4.44283772 413.00189209
v -21.74471855 -3.34809518 414.02929688
v -21.74471855 -2.40344644 415.19616699
v -21.74471855 -1.62648785 416.48083496
v -21.74471855 -1.03169298 417.85931396
v -21.74471855 -0.63014179 419.30593872
v -21.74471855 -0.42931432 420.79379272
v -21.74471855 -0.43295160 422.29513550
v -21.74471855 -0.64098591 423.78198242
v -21.74471855 -1.04954195 425.22665405
v -21.74471855 -1.65100908 426.60223389
v -21.74471855 -2.43418312 427.88311768
v -21.74471855 -3.38447499 429.04541016
v -21.74471855 -4.48418283 430.06747437
v -21.74471855 -5.71282053 430.93029785
v -21.74471855 -7.04750156 431.61776733
v -21.74471855 -8.46336269 432.11712646
v -21.74471855 -9.93402958 432.41900635
v -21.74471855 -11.43210697 432.51785278
v -21.74471855 -12.92968750 432.41174316
v -20.14472008 -9.19353962 432.29318237
v -20.14472008 -7.74690342 431.89163208
v -20.14472008 -6.36841869 431.29684448
v -20.14472008 -5.08376455 430.51986694
v -20.14472008 -3.91687131 429.57522583
v -20.14472008 -2.88947630 428.48049927
v -20.14472008 -2.02071810 427.25604248
v -20.14472008 -1.32677984 425.92471313
v -20.14472008 -0.82058817 424.51129150
v -20.14472008 -0.51157260 423.04211426
v -20.14472008 -0.40548950 421.54452515
v -20.14472008 -0.50431496 420.04644775
v -20.14472008 -0.80620807 418.57577515
v -20.14472008 -1.30554521 417.15991211
v -20.14472008 -1.99302459 415.82522583
v -20.14472008 -2.85583973 414.59658813
v -20.14472008 -3.87791800 413.49688721
v -20.14472008 -5.04022026 412.54660034
v -20.14472008 -6.32109451 411.76342773
v -20.14472008 -7.69668102 411.16195679
v -20.14472008 -9.14135551 410.75338745
v -20.14472008 -10.62820530 410.54537964
v -20.14472008 -12.12953377 410.54171753
v -20.14472008 -13.61737442 410.74255371
v -20.14472008 -15.06401062 411.14410400
v -20.14472008 -16.44249535 411.73889160
v -20.14472008 -17.72714996 412.51586914
v -20.14472008 -18.89404297 413.46051025
v -20.14472008 -19.92143822 414.55523682
v -20.14472008 -20.79019547 415.77969360
v -20.14472008 -21.48413467 417.11102295
v -20.14472008 -21.99032593 418.52444458
v -20.14472008 -22.29934120 419.99365234
v -20.14472008 -22.40542412 421.49121094
v -20.14472008 -22.30659866 422.98928833
v -20.14472008 -22.00470543 424.45996094
v -20.14472008 -21.50536919 425.87582397
v -20.14472008 -20.81789017 427.21051025
v -20.14472008 -19.95507431 428.43914795
v -20.14472008 -18.93299675 429.53884888
v -20.14472008 -17.77069473 430.48913574
v -20.14472008 -16.48982048 431.27230835
v -20.14472008 -15.11423302 431.87377930
v -20.14472008 -13.66955948 432.28234863
v -20.14472008 -12.18270969 432.49038696
v -20.14472008 -10.68138027 432.49401855
v -19.94471931 -21.30870056 425.82666016
v -19.94471931 -21.81199265 424.40646362
v -19.94471931 -20.61265373 427.16299438
v -19.94471931 -19.73740005 428.38946533
v -19.94471931 -18.69997406 429.48217773
v -19.94471931 -17.52056885 430.41986084
v -19.94471931 -16.22213936 431.18429565
v -19.94471931 -14.82995796 431.76055908
v -19.94471931 -13.37112427 432.13748169
v -19.94471931 -11.87403011 432.30770874
v -19.94471931 -10.36781597 432.26791382
v -19.94471931 -8.88179874 432.01889038
v -19.94471931 -7.44490099 431.56546021
v -19.94471931 -6.08509111 430.91647339
v -19.94471931 -4.82883644 430.08456421
v -19.94471931 -3.70058775 429.08590698
v -19.94471931 -2.72230601 427.93994141
v -19.94471931 -1.91303170 426.66897583
v -19.94471931 -1.28851664 425.29776001
v -19.94471931 -0.86091644 423.85296631
v -19.94471931 -0.63855368 422.36273193
v -19.94471931 -0.62575650 420.85601807
v -19.94471931 -0.82277387 419.36224365
v -19.94471931 -1.22577119 417.91036987
v -19.94471931 -1.82690442 416.52874756
v -19.94471931 -2.61447334 415.24423218
v -19.94471931 -3.57314873 414.08181763
v -19.94471931 -4.68427134 413.06414795
v -19.94471931 -5.92621374 412.21099854
v -19.94471931 -7.27480364 411.53900146
v -19.94471931 -8.70379162 411.06124878
v -19.94471931 -10.18536568 410.78701782
v -19.94471931 -11.69068623 410.72164917
v -19.94471931 -13.19045544 410.86639404
v -19.94471931 -14.65548134 411.21847534
v -19.94471931 -16.05724907 411.77102661
v -19.94471931 -17.36847687 412.51330566
v -19.94471931 -18.56363869 413.43081665
v -19.94471931 -19.61947632 414.50573730
v -19.94471931 -20.51543617 415.71716309
v -19.94471931 -21.23408318 417.04147339
v -19.94471931 -21.76142502 418.45291138
v -19.94471931 -22.08720016 419.92401123
v -19.94471931 -22.20506668 421.42614746
v -19.94471931 -22.11273193 422.93005371
v -19.94471931 -20.32194138 423.60369873
v -19.94471931 -20.31846237 423.99191284
v -19.94471931 -20.12134361 424.32635498
v -19.94471931 -20.19335365 421.20281982
v -19.94471931 -20.13084602 423.26574707
v -19.94471931 -20.63336563 420.60345459
v -19.94471931 -20.48722649 420.95736694
v -19.94471931 -20.39003563 419.90081787
v -19.94471931 -20.59829140 420.22213745
v -19.94471931 -20.05631065 419.71310425
v -19.94471931 -19.67356873 419.70196533
v -19.94471931 -16.99115372 415.53988647
v -19.94471931 -17.28502846 415.29440308
v -19.94471931 -17.43116760 414.94049072
v -19.94471931 -17.39609146 414.55920410
v -19.94471931 -17.18783760 414.23788452
v -19.94471931 -16.85411263 414.05014038
v -19.94471931 -16.47136879 414.03900146
v -19.94471931 -16.12729073 414.20700073
v -19.94471931 -14.40504837 413.13992310
v -19.94471931 -14.40156937 413.52813721
v -19.94471931 -14.21395397 412.80197144
v -19.94471931 -13.87949085 412.60485840
v -19.94471931 -13.49127769 412.60137939
v -19.94471931 -13.15333652 412.79248047
v -19.94471931 -11.12748528 412.81918335
v -19.94471931 -10.91923046 412.49786377
v -19.94471931 -10.58550549 412.31011963
v -19.94471931 -10.20276260 412.29898071
v -19.94471931 -9.85868359 412.46701050
v -19.94471931 -9.63209248 412.77566528
v -19.94471931 -9.57489872 413.15426636
v -19.94471931 -9.70020485 413.51608276
v -19.94471931 -5.25628185 415.70007324
v -19.94471931 -5.46453619 416.02139282
v -19.94471931 -4.92255688 415.51232910
v -19.94471931 -4.53981400 415.50119019
v -19.94471931 -4.19573498 415.66918945
v -19.94471931 -3.96914363 415.97784424
v -19.94471931 -3.91195011 416.35647583
v -19.94471931 -4.03725624 416.71829224
v -19.94471931 -3.02751279 418.51828003
v -19.94471931 -3.41572571 418.52175903
v -19.94471931 -2.68957114 418.70938110
v -19.94471931 -2.49245238 419.04382324
v -19.94471931 -2.48897386 419.43203735
v -19.94471931 -2.68006802 419.76998901
v -19.94471931 -2.45572186 421.93780518
v -19.94471931 -2.22913074 422.24645996
v -19.94471931 -2.17193723 422.62506104
v -19.94471931 -2.29724336 422.98690796
v -19.94471931 -2.57634306 423.24905396
v -19.94471931 -2.94529819 423.35144043
v -19.94471931 -3.31958532 423.27066040
v -19.94471931 -5.65792084 427.60073853
v -19.94471931 -6.00200033 427.43273926
v -19.94471931 -5.43132973 427.90942383
v -19.94471931 -5.37413645 428.28802490
v -19.94471931 -5.49944258 428.64984131
v -19.94471931 -5.77854204 428.91198730
v -19.94471931 -6.14749718 429.01440430
v -19.94471931 -6.52178431 428.93362427
v -19.94471931 -8.40586662 429.89581299
v -19.94471931 -8.40934467 429.50759888
v -19.94471931 -8.59696007 430.23376465
v -19.94471931 -8.93142319 430.43087769
v -19.94471931 -9.31963634 430.43435669
v -19.94471931 -9.65757751 430.24325562
v -19.94471931 -11.76804829 430.38986206
v -19.94471931 -9.85469723 429.90878296
v -19.94471931 -11.64274216 430.02804565
v -19.94471931 -9.85817528 429.52056885
v -19.94471931 -11.69993591 429.64941406
v -19.94471931 -11.92652702 429.34075928
v -19.94471931 -12.04714870 430.65200806
v -19.94471931 -12.41610336 430.75442505
v -19.94471931 -12.79039097 430.67364502
v -19.94471931 -13.08426571 430.42816162
v -19.94471931 -13.23040390 430.07424927
v -19.94471931 -13.19532871 429.69296265
v -19.94471931 -17.43099785 427.18765259
v -19.94471931 -12.98707390 429.37164307
v -19.94471931 -17.71009827 427.44979858
v -19.94471931 -18.07905197 427.55221558
v -19.94471931 -18.45334053 427.47143555
v -19.94471931 -18.74721527 427.22598267
v -19.94471931 -18.89335251 426.87203979
v -19.94471931 -18.85827827 426.49075317
v -19.94471931 -19.78340149 424.51745605
v -19.94471931 -8.94440556 428.98205566
v -19.94471931 -9.33261776 428.98553467
v -19.94471931 -9.66708088 429.18264771
v -19.94471931 -6.71846819 427.63162231
v -19.94471931 -6.92672253 427.95294189
v -19.94471931 -8.60646343 429.17312622
v -19.94471931 -6.96179819 428.33422852
v -19.94471931 -6.81565905 428.68814087
v -19.94471931 -6.38474321 427.44387817
v -19.94471931 -3.61346006 423.02520752
v -19.94471931 -3.75959897 422.67129517
v -19.94471931 -3.72452354 422.28997803
v -19.94471931 -3.51626897 421.96865845
v -19.94471931 -3.74068546 419.77947998
v -19.94471931 -3.40274405 419.97058105
v -19.94471931 -3.93780446 419.44503784
v -19.94471931 -3.94128275 419.05682373
v -19.94471931 -5.05959845 417.00207520
v -19.94471931 -5.35347319 416.75659180
v -19.94471931 -5.49961185 416.40267944
v -19.94471931 -9.97930527 413.77822876
v -19.94471931 -10.34825993 413.88064575
v -19.94471931 -10.72254753 413.79986572
v -19.94471931 -13.14383316 413.85308838
v -19.94471931 -13.47829628 414.05023193
v -19.94471931 -13.86650944 414.05371094
v -19.94471931 -15.96881104 415.25610352
v -19.94471931 -15.84350491 414.89428711
v -19.94471931 -16.24791145 415.51824951
v -19.94471931 -16.61686707 415.62066650
v -19.94471931 -19.32948875 419.86996460
v -19.94471931 -19.10289764 420.17861938
v -19.94471931 -19.04570389 420.55722046
v -19.94471931 -19.17101097 420.91906738
v -19.94471931 -19.07022858 423.25625610
v -19.94471931 -19.45010948 421.18118286
v -19.94471931 -19.40817070 423.06515503
v -19.94471931 -19.81906509 421.28359985
v -19.94471931 -19.79638290 423.06863403
v -19.94471931 -18.87310982 423.59069824
v -19.94471931 -18.86963081 423.97891235
v -19.94471931 -17.93355560 425.97055054
v -19.94471931 -19.06072617 424.31686401
v -19.94471931 -18.31629753 425.98168945
v -19.94471931 -19.39518929 424.51397705
v -19.94471931 -18.65002251 426.16943359
v -19.94471931 -17.58947563 426.13858032
v -19.94471931 -17.36288452 426.44723511
v -19.94471931 -17.30569077 426.82583618
v -19.94471931 -12.65334988 429.18389893
v -19.94471931 -12.27060604 429.17276001
v -19.94471931 -3.18254399 421.78094482
v -19.94471931 -3.01453114 419.96710205
v -19.94471931 -2.79980111 421.76980591
v -19.94471931 -14.20445061 413.86260986
v -19.94471931 -15.90069866 414.51568604
v -19.94471931 -12.95621777 413.12695312
v -19.94471931 -11.16256046 413.20046997
v -19.94471931 -12.95273876 413.51516724
v -19.94471931 -11.01642227 413.55441284
v -19.94471931 -4.68531132 417.08285522
v -19.94471931 -3.75018883 418.71887207
v -19.94471931 -4.31635618 416.98043823
v -21.69471931 -3.51626897 421.96865845
v -21.69471931 -3.18254399 421.78094482
v -21.69471931 -2.79980111 421.76980591
v -21.69471931 -2.45572186 421.93780518
v -21.69471931 -2.22913074 422.24645996
v -21.69471931 -2.17193723 422.62506104
v -21.69471931 -2.29724336 422.98690796
v -21.69471931 -2.57634306 423.24905396
v -21.69471931 -2.94529819 423.35144043
v -21.69471931 -3.31958532 423.27066040
v -21.69471931 -3.61346006 423.02520752
v -21.69471931 -3.75959897 422.67129517
v -21.69471931 -3.72452354 422.28997803
v -21.69471931 -6.71846819 427.63162231
v -21.69471931 -6.38474321 427.44387817
v -21.69471931 -6.00200033 427.43273926
v -21.69471931 -5.65792084 427.60073853
v -21.69471931 -5.43132973 427.90942383
v -21.69471931 -5.37413645 428.28802490
v -21.69471931 -5.49944258 428.64984131
v -21.69471931 -5.77854204 428.91198730
v -21.69471931 -6.14749718 429.01440430
v -21.69471931 -6.52178431 428.93362427
v -21.69471931 -6.81565905 428.68814087
v -21.69471931 -6.96179819 428.33422852
v -21.69471931 -6.92672253 427.95294189
v -21.69471931 -12.98707390 429.37164307
v -21.69471931 -12.65334988 429.18389893
v -21.69471931 -12.27060604 429.17276001
v -21.69471931 -11.92652702 429.34075928
v -21.69471931 -11.69993591 429.64941406
v -21.69471931 -11.64274216 430.02804565
v -21.69471931 -11.76804829 430.38986206
v -21.69471931 -12.04714870 430.65200806
v -21.69471931 -12.41610336 430.75442505
v -21.69471931 -12.79039097 430.67364502
v -21.69471931 -13.08426571 430.42816162
v -21.69471931 -13.23040390 430.07424927
v -21.69471931 -13.19532871 429.69296265
v -21.69471931 -18.65002251 426.16943359
v -21.69471931 -18.31629753 425.98168945
v -21.69471931 -17.93355560 425.97055054
v -21.69471931 -17.58947563 426.13858032
v -21.69471931 -17.36288452 426.44723511
v -21.69471931 -17.30569077 426.82583618
v -21.69471931 -17.43099785 427.18765259
v -21.69471931 -17.71009827 427.44979858
v -21.69471931 -18.07905197 427.55221558
v -21.69471931 -18.45334053 427.47143555
v -21.69471931 -18.74721527 427.22598267
v -21.69471931 -18.89335251 426.87203979
v -21.69471931 -18.85827827 426.49075317
v -21.69471931 -20.39003563 419.90081787
v -21.69471931 -20.05631065 419.71310425
v -21.69471931 -19.67356873 419.70196533
v -21.69471931 -19.32948875 419.86996460
v -21.69471931 -19.10289764 420.17861938
v -21.69471931 -19.04570389 420.55722046
v -21.69471931 -19.17101097 420.91906738
v -21.69471931 -19.45010948 421.18118286
v -21.69471931 -19.81906509 421.28359985
v -21.69471931 -20.19335365 421.20281982
v -21.69471931 -20.48722649 420.95736694
v -21.69471931 -20.63336563 420.60345459
v -21.69471931 -20.59829140 420.22213745
v -21.69471931 -17.18783760 414.23788452
v -21.69471931 -16.85411263 414.05014038
v -21.69471931 -16.47136879 414.03900146
v -21.69471931 -16.12729073 414.20700073
v -21.69471931 -15.90069866 414.51568604
v -21.69471931 -15.84350491 414.89428711
v -21.69471931 -15.96881104 415.25610352
v -21.69471931 -16.24791145 415.51824951
v -21.69471931 -16.61686707 415.62066650
v -21.69471931 -16.99115372 415.53988647
v -21.69471931 -17.28502846 415.29440308
v -21.69471931 -17.43116760 414.94049072
v -21.69471931 -17.39609146 414.55920410
v -21.69471931 -10.91923046 412.49786377
v -21.69471931 -10.58550549 412.31011963
v -21.69471931 -10.20276260 412.29898071
v -21.69471931 -9.85868359 412.46701050
v -21.69471931 -9.63209248 412.77566528
v -21.69471931 -9.57489872 413.15426636
v -21.69471931 -9.70020485 413.51608276
v -21.69471931 -9.97930527 413.77822876
v -21.69471931 -10.34825993 413.88064575
v -21.69471931 -10.72254753 413.79986572
v -21.69471931 -11.01642227 413.55441284
v -21.69471931 -11.16256046 413.20046997
v -21.69471931 -11.12748528 412.81918335
v -21.69471931 -5.25628185 415.70007324
v -21.69471931 -4.92255688 415.51232910
v -21.69471931 -4.53981400 415.50119019
v -21.69471931 -4.19573498 415.66918945
v -21.69471931 -3.96914363 415.97784424
v -21.69471931 -3.91195011 416.35647583
v -21.69471931 -4.03725624 416.71829224
v -21.69471931 -4.31635618 416.98043823
v -21.69471931 -4.68531132 417.08285522
v -21.69471931 -5.05959845 417.00207520
v -21.69471931 -5.35347319 416.75659180
v -21.69471931 -5.49961185 416.40267944
v -21.69471931 -5.46453619 416.02139282
v -23.79471970 -13.64783478 423.80078125
v -23.79471970 -8.32203960 420.66198730
v -23.79471970 -14.50371647 420.71737671
v 11.75528049 -26.78650284 462.12506104
v 11.75528049 6.21349430 462.10964966
v 11.67916012 6.59617758 462.10946655
v 5.70528030 -32.78650284 462.12786865
v 6.08796358 -32.71038055 462.12780762
v 6.41238689 -32.49360657 462.12771606
v -12.64472008 -26.78650284 462.12506104
v -12.56859875 -27.16918564 462.12524414
v -12.35182667 -27.49360847 462.12539673
v -6.67137432 12.21349335 462.10684204
v -7.09477568 11.88653088 462.10699463
v -7.38622761 11.43566322 462.10720825
v -7.54369164 10.93174362 462.10745239
v -9.59471989 7.21349430 462.10919189
v -7.59471989 10.39624500 462.10769653
v -8.97668552 7.31138134 462.10913086
v -8.41914940 7.59546041 462.10900879
v -7.97668552 8.03792381 462.10879517
v -7.59471989 9.21349430 462.10824585
v -7.69260645 8.59545994 462.10855103
v -11.64472008 7.21349430 462.10919189
v -12.02740288 7.13737392 462.10922241
v -12.35182667 6.92060089 462.10931396
v -12.56859875 6.59617758 462.10946655
v -12.64472008 6.21349430 462.10964966
v -12.02740288 -27.71038055 462.12548828
v -11.64472008 -27.78650284 462.12551880
v -9.59471989 -27.78650284 462.12551880
v -7.59471989 -31.78650093 462.12738037
v -8.97668552 -27.88438797 462.12557983
v -8.41914940 -28.16846848 462.12570190
v -7.97668552 -28.61093140 462.12591553
v -7.59471989 -29.78650093 462.12646484
v -7.69260645 -29.16846848 462.12615967
v -7.51859903 -32.16918564 462.12756348
v -7.30182648 -32.49360657 462.12771606
v -6.97740316 -32.71038055 462.12780762
v -6.59471989 -32.78650284 462.12786865
v 6.62915993 -32.16918564 462.12756348
v 6.70528030 -31.78650093 462.12738037
v 8.70528030 -27.78650284 462.12551880
v 8.08724594 -27.88438797 462.12557983
v 7.52970982 -28.16846848 462.12570190
v 7.08724642 -28.61093140 462.12591553
v 6.70528030 -29.78650093 462.12646484
v 6.80316734 -29.16846848 462.12615967
v 10.75528049 -27.78650284 462.12551880
v 11.13796329 -27.71038055 462.12548828
v 11.46238708 -27.49360847 462.12539673
v 11.67916012 -27.16918564 462.12524414
v 11.46238708 6.92060089 462.10931396
v 11.13796329 7.13737392 462.10922241
v 10.75528049 7.21349430 462.10919189
v 8.70528030 7.21349430 462.10919189
v 6.65425205 10.93174362 462.10745239
v 6.49678802 11.43566322 462.10720825
v 6.70528030 10.39624500 462.10769653
v 8.08724594 7.31138134 462.10913086
v 7.52970982 7.59546041 462.10900879
v 7.08724642 8.03792381 462.10879517
v 6.70528030 9.21349430 462.10824585
v 6.80316734 8.59545994 462.10855103
v 6.20533657 11.88653088 462.10699463
v 5.78193521 12.21349335 462.10684204
v -16.75018120 4.22867060 506.91058350
v -16.84471893 4.73440886 506.91033936
v -16.79471970 4.73440886 506.91033936
v -16.75018120 5.24014711 506.91009521
v -16.69195747 5.25103140 506.91009521
v -16.47933197 5.67758274 506.90991211
v -16.39931297 5.68900299 506.90991211
v -16.06875420 5.98763704 506.90975952
v -15.96134186 5.98164606 506.90975952
v -15.57389545 6.12843657 506.90969849
v -15.44471931 6.08440876 506.90972900
v -15.06159115 6.08096457 506.90972900
v -14.92809677 5.98164606 506.90975952
v -14.60103130 5.85163260 506.90982056
v -14.49012566 5.68900299 506.90991211
v -14.25441551 5.47141361 506.91000366
v -14.19748211 5.25103140 506.91009521
v -14.06855774 4.99165821 506.91021729
v -14.09471989 4.73440886 506.91033936
v -14.06855774 4.47715950 506.91046143
v -14.19748211 4.21778631 506.91058350
v -14.25441551 3.99740386 506.91067505
v -14.49012566 3.77981472 506.91079712
v -14.60103130 3.61718464 506.91085815
v -14.92809677 3.48717141 506.91091919
v -15.06159115 3.38785291 506.91098022
v -15.44471931 3.38440895 506.91098022
v -15.57389545 3.34038115 506.91101074
v -15.96134186 3.48717141 506.91091919
v -16.06875420 3.48118019 506.91091919
v -16.39931297 3.77981472 506.91079712
v -16.47933197 3.79123497 506.91079712
v -16.69195747 4.21778631 506.91058350
v -16.75018120 -12.77132797 506.91851807
v -16.84471893 -12.26558971 506.91827393
v -16.79471970 -12.26558971 506.91827393
v -16.75018120 -11.75985146 506.91806030
v -16.69195747 -11.74896717 506.91802979
v -16.47933197 -11.32241535 506.91784668
v -16.39931297 -11.31099510 506.91784668
v -16.06875420 -11.01236057 506.91769409
v -15.96134186 -11.01835251 506.91769409
v -15.57389545 -10.87156200 506.91763306
v -15.44471931 -10.91558933 506.91766357
v -15.06159115 -10.91903400 506.91766357
v -14.92809677 -11.01835251 506.91769409
v -14.60103130 -11.14836502 506.91775513
v -14.49012566 -11.31099510 506.91784668
v -14.25441551 -11.52858448 506.91793823
v -14.19748211 -11.74896717 506.91802979
v -14.06855774 -12.00833988 506.91815186
v -14.09471989 -12.26558971 506.91827393
v -14.06855774 -12.52283859 506.91839600
v -14.19748211 -12.78221226 506.91851807
v -14.25441551 -13.00259399 506.91864014
v -14.49012566 -13.22018337 506.91873169
v -14.60103130 -13.38281345 506.91879272
v -14.92809677 -13.51282692 506.91885376
v -15.06159115 -13.61214542 506.91891479
v -15.44471931 -13.61558914 506.91891479
v -15.57389545 -13.65961742 506.91894531
v -15.96134186 -13.51282692 506.91885376
v -16.06875420 -13.51881790 506.91885376
v -16.39931297 -13.22018337 506.91873169
v -16.47933197 -13.20876312 506.91873169
v -16.69195747 -12.78221226 506.91851807
v -16.75018120 -29.77132607 506.92645264
v -16.84471893 -29.26558685 506.92620850
v -16.79471970 -29.26558685 506.92620850
v -16.75018120 -28.75984955 506.92599487
v -16.69195747 -28.74896431 506.92596436
v -16.47933197 -28.32241440 506.92578125
v -16.39931297 -28.31099319 506.92578125
v -16.06875420 -28.01235962 506.92562866
v -15.96134186 -28.01835060 506.92562866
v -15.57389545 -27.87155914 506.92556763
v -15.44471931 -27.91558838 506.92559814
v -15.06159115 -27.91903114 506.92559814
v -14.92809677 -28.01835060 506.92562866
v -14.60103130 -28.14836311 506.92568970
v -14.49012566 -28.31099319 506.92578125
v -14.25441551 -28.52858353 506.92587280
v -14.19748211 -28.74896431 506.92596436
v -14.06855774 -29.00833893 506.92608643
v -14.09471989 -29.26558685 506.92620850
v -14.06855774 -29.52283669 506.92633057
v -14.19748211 -29.78220940 506.92645264
v -14.25441551 -30.00259209 506.92657471
v -14.49012566 -30.22018242 506.92666626
v -14.60103130 -30.38281250 506.92672729
v -14.92809677 -30.51282501 506.92678833
v -15.06159115 -30.61214256 506.92684937
v -15.44471931 -30.61558723 506.92684937
v -15.57389545 -30.65961456 506.92687988
v -15.96134186 -30.51282501 506.92678833
v -16.06875420 -30.51881599 506.92678833
v -16.39931297 -30.22018242 506.92666626
v -16.47933197 -30.20876122 506.92666626
v -16.69195747 -29.78220940 506.92645264
v 6.74981928 -36.07132339 506.92938232
v 6.65528011 -35.56558609 506.92916870
v 6.70528030 -35.56558609 506.92916870
v 6.74981928 -35.05984879 506.92892456
v 6.80804300 -35.04896545 506.92892456
v 7.02066803 -34.62241364 506.92871094
v 7.10068607 -34.61099243 506.92871094
v 7.43124676 -34.31235886 506.92855835
v 7.53865767 -34.31834793 506.92858887
v 7.92610455 -34.17155838 506.92849731
v 8.05528069 -34.21558762 506.92852783
v 8.43840885 -34.21903229 506.92852783
v 8.57190323 -34.31834793 506.92858887
v 8.89896870 -34.44836426 506.92864990
v 9.00987434 -34.61099243 506.92871094
v 9.24558449 -34.82858276 506.92880249
v 9.30251789 -35.04896545 506.92892456
v 9.43144226 -35.30833817 506.92904663
v 9.40528011 -35.56558609 506.92916870
v 9.43144226 -35.82283783 506.92929077
v 9.30251789 -36.08221054 506.92941284
v 9.24558449 -36.30259323 506.92950439
v 9.00987434 -36.52017975 506.92959595
v 8.89896870 -36.68281174 506.92968750
v 8.57190323 -36.81282425 506.92974854
v 8.43840885 -36.91214371 506.92977905
v 8.05528069 -36.91558838 506.92977905
v 7.92610455 -36.95961380 506.92980957
v 7.53865767 -36.81282425 506.92974854
v 7.43124676 -36.81881714 506.92974854
v 7.10068607 -36.52017975 506.92959595
v 7.02066803 -36.50876236 506.92959595
v 6.80804300 -36.08221054 506.92941284
v -10.25018120 -36.07132339 506.92938232
v -10.34471989 -35.56558609 506.92916870
v -10.29471970 -35.56558609 506.92916870
v -10.25018120 -35.05984879 506.92892456
v -10.19195747 -35.04896545 506.92892456
v -9.97933197 -34.62241364 506.92871094
v -9.89931393 -34.61099243 506.92871094
v -9.56875324 -34.31235886 506.92855835
v -9.46134186 -34.31834793 506.92858887
v -9.07389545 -34.17155838 506.92849731
v -8.94471931 -34.21558762 506.92852783
v -8.56159115 -34.21903229 506.92852783
v -8.42809677 -34.31834793 506.92858887
v -8.10103130 -34.44836426 506.92864990
v -7.99012566 -34.61099243 506.92871094
v -7.75441551 -34.82858276 506.92880249
v -7.69748211 -35.04896545 506.92892456
v -7.56855726 -35.30833817 506.92904663
v -7.59471989 -35.56558609 506.92916870
v -7.56855726 -35.82283783 506.92929077
v -7.69748211 -36.08221054 506.92941284
v -7.75441551 -36.30259323 506.92950439
v -7.99012566 -36.52017975 506.92959595
v -8.10103130 -36.68281174 506.92968750
v -8.42809677 -36.81282425 506.92974854
v -8.56159115 -36.91214371 506.92977905
v -8.94471931 -36.91558838 506.92977905
v -9.07389545 -36.95961380 506.92980957
v -9.46134186 -36.81282425 506.92974854
v -9.56875324 -36.81881714 506.92974854
v -9.89931393 -36.52017975 506.92959595
v -9.97933197 -36.50876236 506.92959595
v -10.19195747 -36.08221054 506.92941284
v 13.24981880 4.22867060 506.91058350
v 13.15528011 4.73440886 506.91033936
v 13.20528030 4.73440886 506.91033936
v 13.24981880 5.24014711 506.91009521
v 13.30804253 5.25103140 506.91009521
v 13.52066803 5.67758274 506.90991211
v 13.60068607 5.68900299 506.90991211
v 13.93124676 5.98763704 506.90975952
v 14.03865814 5.98164606 506.90975952
v 14.42610455 6.12843657 506.90969849
v 14.55528069 6.08440876 506.90972900
v 14.93840885 6.08096457 506.90972900
v 15.07190323 5.98164606 506.90975952
v 15.39896870 5.85163260 506.90982056
v 15.50987434 5.68900299 506.90991211
v 15.74558449 5.47141361 506.91000366
v 15.80251789 5.25103140 506.91009521
v 15.93144226 4.99165821 506.91021729
v 15.90528011 4.73440886 506.91033936
v 15.93144226 4.47715950 506.91046143
v 15.80251789 4.21778631 506.91058350
v 15.74558449 3.99740386 506.91067505
v 15.50987434 3.77981472 506.91079712
v 15.39896870 3.61718464 506.91085815
v 15.07190323 3.48717141 506.91091919
v 14.93840885 3.38785291 506.91098022
v 14.55528069 3.38440895 506.91098022
v 14.42610455 3.34038115 506.91101074
v 14.03865814 3.48717141 506.91091919
v 13.93124676 3.48118019 506.91091919
v 13.60068607 3.77981472 506.91079712
v 13.52066803 3.79123497 506.91079712
v 13.30804253 4.21778631 506.91058350
v 13.24981880 -12.77132797 506.91851807
v 13.15528011 -12.26558971 506.91827393
v 13.20528030 -12.26558971 506.91827393
v 13.24981880 -11.75985146 506.91806030
v 13.30804253 -11.74896717 506.91802979
v 13.52066803 -11.32241535 506.91784668
v 13.60068607 -11.31099510 506.91784668
v 13.93124676 -11.01236057 506.91769409
v 14.03865814 -11.01835251 506.91769409
v 14.42610455 -10.87156200 506.91763306
v 14.55528069 -10.91558933 506.91766357
v 14.93840885 -10.91903400 506.91766357
v 15.07190323 -11.01835251 506.91769409
v 15.39896870 -11.14836502 506.91775513
v 15.50987434 -11.31099510 506.91784668
v 15.74558449 -11.52858448 506.91793823
v 15.80251789 -11.74896717 506.91802979
v 15.93144226 -12.00833988 506.91815186
v 15.90528011 -12.26558971 506.91827393
v 15.93144226 -12.52283859 506.91839600
v 15.80251789 -12.78221226 506.91851807
v 15.74558449 -13.00259399 506.91864014
v 15.50987434 -13.22018337 506.91873169
v 15.39896870 -13.38281345 506.91879272
v 15.07190323 -13.51282692 506.91885376
v 14.93840885 -13.61214542 506.91891479
v 14.55528069 -13.61558914 506.91891479
v 14.42610455 -13.65961742 506.91894531
v 14.03865814 -13.51282692 506.91885376
v 13.93124676 -13.51881790 506.91885376
v 13.60068607 -13.22018337 506.91873169
v 13.52066803 -13.20876312 506.91873169
v 13.30804253 -12.78221226 506.91851807
v 13.24981880 -29.77132607 506.92645264
v 13.15528011 -29.26558685 506.92620850
v 13.20528030 -29.26558685 506.92620850
v 13.24981880 -28.75984955 506.92599487
v 13.30804253 -28.74896431 506.92596436
v 13.52066803 -28.32241440 506.92578125
v 13.60068607 -28.31099319 506.92578125
v 13.93124676 -28.01235962 506.92562866
v 14.03865814 -28.01835060 506.92562866
v 14.42610455 -27.87155914 506.92556763
v 14.55528069 -27.91558838 506.92559814
v 14.93840885 -27.91903114 506.92559814
v 15.07190323 -28.01835060 506.92562866
v 15.39896870 -28.14836311 506.92568970
v 15.50987434 -28.31099319 506.92578125
v 15.74558449 -28.52858353 506.92587280
v 15.80251789 -28.74896431 506.92596436
v 15.93144226 -29.00833893 506.92608643
v 15.90528011 -29.26558685 506.92620850
v 15.93144226 -29.52283669 506.92633057
v 15.80251789 -29.78220940 506.92645264
v 15.74558449 -30.00259209 506.92657471
v 15.50987434 -30.22018242 506.92666626
v 15.39896870 -30.38281250 506.92672729
v 15.07190323 -30.51282501 506.92678833
v 14.93840885 -30.61214256 506.92684937
v 14.55528069 -30.61558723 506.92684937
v 14.42610455 -30.65961456 506.92687988
v 14.03865814 -30.51282501 506.92678833
v 13.93124676 -30.51881599 506.92678833
v 13.60068607 -30.22018242 506.92666626
v 13.52066803 -30.20876122 506.92666626
v 13.30804253 -29.78220940 506.92645264
v 17.35527992 10.23440838 506.90777588
v 17.25739288 10.85244179 506.90750122
v 17.35527992 43.23440552 506.89236450
v 16.97331429 11.40997887 506.90722656
v 16.53085136 11.85244179 506.90701294
v 15.97331429 12.13652134 506.90689087
v 15.35527992 12.23440838 506.90682983
v 11.95528030 12.23440838 506.90682983
v 11.95528030 -32.96558762 506.92794800
v 2.50135398 -0.55498874 506.91281128
v 2.60528040 0.23440923 506.91244507
v 2.50135398 1.02380729 506.91207886
v -12.84471989 -32.96558762 506.92794800
v -0.44471967 -2.81559038 506.91387939
v 0.34467840 -2.71166420 506.91381836
v 1.08028030 -2.40696788 506.91366577
v -12.84471989 12.23440838 506.90682983
v -3.39079356 -0.55498874 506.91281128
v -3.08609724 -1.29059064 506.91314697
v -2.60139537 -1.92226624 506.91345215
v -16.24472046 12.23440838 506.90682983
v -18.24472046 43.23440552 506.89236450
v -16.24472046 45.23440552 506.89144897
v -1.23411775 3.18048263 506.91107178
v -0.44471967 3.28440881 506.91101074
v 15.35527992 45.23440552 506.89144897
v 0.34467840 3.18048263 506.91107178
v 1.08028030 2.87578654 506.91122437
v 1.71195602 2.39108467 506.91143799
v 2.19665790 1.75940907 506.91174316
v -16.86275291 12.13652134 506.90689087
v -17.42028999 11.85244179 506.90701294
v -17.86275291 11.40997887 506.90722656
v -18.14683342 10.85244179 506.90750122
v -18.24472046 10.23440838 506.90777588
v -18.14683342 43.85243988 506.89208984
v -17.86275291 44.40997314 506.89181519
v -17.42028999 44.85243988 506.89160156
v -16.86275291 45.13651657 506.89147949
v 15.97331429 45.13651657 506.89147949
v 16.53085136 44.85243988 506.89160156
v 16.97331429 44.40997314 506.89181519
v 17.25739288 43.85243988 506.89208984
v -1.96971965 2.87578654 506.91122437
v -2.60139537 2.39108467 506.91143799
v -3.08609724 1.75940907 506.91174316
v -3.39079356 1.02380729 506.91207886
v -3.49471974 0.23440923 506.91244507
v -1.96971965 -2.40696788 506.91366577
v -1.23411775 -2.71166420 506.91381836
v 1.71195602 -1.92226624 506.91345215
v 2.19665790 -1.29059064 506.91314697
v -9.14472008 -41.48718643 518.93194580
v -13.14472008 -41.48718643 518.93194580
v -9.14472008 -42.08989716 518.83923340
v -13.14472008 -42.08989716 518.83923340
v -9.14472008 -42.63666916 518.56927490
v -13.14472008 -42.63666916 518.56927490
v -9.14472008 -43.07666397 518.14703369
v -13.14472008 -43.07666397 518.14703369
v -9.14472008 -43.36898422 517.61187744
v -13.14472008 -43.36898422 517.61187744
v -9.14472008 -43.48645401 517.01348877
v -13.14472008 -43.48645401 517.01348877
v -9.14472008 -43.41815186 516.40753174
v -13.14472008 -43.41815186 516.40753174
v -9.14472008 -43.17042542 515.85034180
v -13.14472008 -43.17042542 515.85034180
v -12.44471931 -29.25998497 518.92620850
v -12.52536201 -29.95089149 518.92651367
v -12.76295280 -30.60465240 518.92681885
v -9.14472008 -17.75998688 518.92083740
v -12.44471931 -12.25998783 518.91827393
v -12.52536201 -12.95089245 518.91857910
v -12.44471931 4.74001074 518.91033936
v -9.14472008 18.24000931 518.90405273
v -11.14472008 45.24000549 518.89141846
v -9.14472008 45.24000549 518.89141846
v -11.76275349 45.14212036 518.89147949
v -12.32029057 44.85803986 518.89160156
v -12.52536201 5.43091583 518.91003418
v -12.76275349 44.41557693 518.89184570
v -12.76295280 6.08467674 518.90972900
v -13.04683304 43.85803986 518.89208984
v -13.14472008 43.24000549 518.89239502
v -13.14472008 6.66614676 518.90942383
v -12.52536201 4.04910564 518.91064453
v -12.52536201 -11.56908226 518.91796875
v -12.76295280 -10.91532135 518.91766357
v -12.76295280 3.39534473 518.91094971
v -13.14472008 -10.33385181 518.91735840
v -13.14472008 2.81387496 518.91125488
v -12.52536201 -28.56908035 518.92590332
v -12.76295280 -13.60465336 518.91888428
v -12.76295280 -27.91531944 518.92559814
v -13.14472008 -14.18612289 518.91918945
v -13.14472008 -27.33384895 518.92529297
v -13.14472008 -31.18612099 518.92712402
v 8.25528049 -43.17042542 515.85034180
v 12.25528049 -43.17042542 515.85034180
v 8.25528049 -43.41815186 516.40753174
v 12.25528049 -43.41815186 516.40753174
v 8.25528049 -43.48645401 517.01348877
v 12.25528049 -43.48645401 517.01348877
v 8.25528049 -43.36898422 517.61187744
v 12.25528049 -43.36898422 517.61187744
v 8.25528049 -43.07666397 518.14703369
v 12.25528049 -43.07666397 518.14703369
v 8.25528049 -42.63666916 518.56927490
v 12.25528049 -42.63666916 518.56927490
v 8.25528049 -42.08989716 518.83923340
v 12.25528049 -42.08989716 518.83923340
v 8.25528049 -41.48718643 518.93194580
v 12.25528049 -41.48718643 518.93194580
v -13.14472008 -42.42326736 514.83514404
v 12.25528049 -42.42326736 514.83514404
v -13.14472008 -41.55433655 513.92193604
v 12.25528049 -41.55433655 513.92193604
v -13.14472008 -40.57742691 513.12536621
v 12.25528049 -40.57742691 513.12536621
v -13.14472008 -39.50806808 512.45800781
v 12.25528049 -39.50806808 512.45800781
v 12.25528049 -38.36325073 511.93045044
v -13.14472008 -38.36325073 511.93045044
v 8.25528049 -43.85512161 517.10394287
v -9.14472008 -43.85512161 517.10394287
v 8.25528049 -44.35422134 518.44232178
v -9.14472008 -44.35422134 518.44232178
v 8.25528049 -44.65754318 519.83813477
v -9.14472008 -44.65754318 519.83813477
v 8.25528049 -44.75889587 521.26300049
v -9.14472008 -44.75889587 521.26300049
v 10.25528049 45.23674011 511.89144897
v 10.25528049 45.24000549 518.89141846
v 10.87331390 45.13885117 511.89147949
v 10.87331390 45.14212036 518.89147949
v 11.43085098 44.85477066 511.89160156
v 11.43085098 44.85803986 518.89160156
v 11.87331390 44.41230774 511.89181519
v 11.87331390 44.41557693 518.89184570
v 12.15739346 43.85477448 511.89208984
v 12.15739346 43.85803986 518.89208984
v 12.25528049 43.23674011 511.89236450
v 12.25528049 43.24000549 518.89239502
v 8.25528049 -17.75998688 518.92083740
v 11.55528069 -29.25998497 518.92620850
v 11.63592243 -29.95089149 518.92651367
v 11.87351322 -30.60465240 518.92681885
v 12.25528049 -31.18612099 518.92712402
v 11.63592243 -28.56908035 518.92590332
v 11.63592243 -12.95089245 518.91857910
v 11.55528069 -12.25998783 518.91827393
v 11.55528069 4.74001074 518.91033936
v 8.25528049 18.24000931 518.90405273
v 8.25528049 45.24000549 518.89141846
v 11.87351322 -13.60465336 518.91888428
v 11.87351322 -27.91531944 518.92559814
v 12.25528049 -14.18612289 518.91918945
v 12.25528049 -27.33384895 518.92529297
v 11.63592243 4.04910564 518.91064453
v 11.63592243 -11.56908226 518.91796875
v 11.87351322 -10.91532135 518.91766357
v 11.87351322 3.39534473 518.91094971
v 12.25528049 -10.33385181 518.91735840
v 12.25528049 2.81387496 518.91125488
v 11.63592243 5.43091583 518.91003418
v 11.87351322 6.08467674 518.90972900
v 12.25528049 6.66614676 518.90942383
v -11.14472008 45.23674011 511.89144897
v 15.35527992 45.23674011 511.89144897
v -16.24472046 45.23674011 511.89144897
v -9.14472008 45.24514008 529.89141846
v 8.25528049 45.24514008 529.89141846
v -13.14472008 43.23674011 511.89236450
v -13.04683304 43.85477448 511.89208984
v -12.76275349 44.41230774 511.89181519
v -12.32029057 44.85477066 511.89160156
v -11.76275349 45.13885117 511.89147949
v -18.24472046 43.23674011 511.89236450
v -18.14683342 43.85477448 511.89208984
v -17.86275291 44.41230774 511.89181519
v -17.42028999 44.85477066 511.89160156
v -16.86275291 45.13885117 511.89147949
v -16.39931297 5.69133711 511.90991211
v -15.96134186 5.98398018 511.90975952
v -15.44471931 6.08674288 511.90972900
v -16.69195747 5.25336552 511.91009521
v -16.79471970 4.73674297 511.91033936
v -18.24472046 -36.36325073 511.92953491
v -16.79471970 -12.26325512 511.91827393
v -16.69195747 -11.74663258 511.91802979
v -18.14683342 -36.98128510 511.92980957
v -17.86275291 -37.53882217 511.93008423
v -16.79471970 -29.26325417 511.92620850
v -16.69195747 -28.74663162 511.92596436
v -16.69195747 -12.77987766 511.91851807
v -16.39931297 -28.30865860 511.92578125
v -16.39931297 -13.21784973 511.91873169
v -15.96134186 -28.01601601 511.92562866
v -15.96134186 -13.51049232 511.91885376
v -15.44471931 -27.91325378 511.92559814
v -15.44471931 -13.61325550 511.91891479
v -14.92809677 -13.51049232 511.91885376
v -14.92809677 -28.01601601 511.92562866
v -14.49012566 -13.21784973 511.91873169
v -14.49012566 -28.30865860 511.92578125
v -14.19748211 -28.74663162 511.92596436
v -17.42028999 -37.98128510 511.93029785
v -16.86275291 -38.26536560 511.93041992
v -16.69195747 -29.77987671 511.92645264
v -16.39931297 -30.21784782 511.92666626
v -16.24472046 -38.36325073 511.93045044
v -15.96134186 -30.51049042 511.92678833
v -15.44471931 -30.61325264 511.92684937
v -14.92809677 -30.51049042 511.92678833
v -14.49012566 -30.21784782 511.92666626
v -14.19748211 -29.77987671 511.92645264
v -14.09471989 -29.26325417 511.92620850
v -13.14472008 -31.18938828 511.92712402
v -13.14472008 -27.33711815 511.92532349
v -12.76295280 -27.91858673 511.92559814
v -12.76295280 -30.60791969 511.92684937
v -12.52536201 -28.57234764 511.92590332
v -12.52536201 -29.95415878 511.92654419
v -12.44471931 -29.26325417 511.92620850
v -14.09471989 -12.26325512 511.91827393
v -13.14472008 -14.18939114 511.91918945
v -13.14472008 -10.33711910 511.91738892
v -12.76295280 -10.91858959 511.91766357
v -12.76295280 -13.60792160 511.91891479
v -12.52536201 -11.57235050 511.91796875
v -12.52536201 -12.95416069 511.91860962
v -12.44471931 -12.26325512 511.91827393
v -14.09471989 4.73674297 511.91033936
v -13.14472008 2.81060719 511.91125488
v -13.14472008 6.66287851 511.90945435
v -12.76295280 6.08140898 511.90972900
v -12.76295280 3.39207697 511.91098022
v -12.52536201 5.42764807 511.91003418
v -12.52536201 4.04583788 511.91067505
v -12.44471931 4.73674297 511.91033936
v -14.19748211 5.25336552 511.91009521
v -14.49012566 5.69133711 511.90991211
v -14.92809677 5.98398018 511.90975952
v -14.19748211 -12.77987766 511.91851807
v -14.92809677 -11.01601791 511.91769409
v -14.92809677 3.48950577 511.91091919
v -15.44471931 -10.91325569 511.91766357
v -15.44471931 3.38674307 511.91098022
v -15.96134186 3.48950577 511.91091919
v -14.49012566 3.78214884 511.91079712
v -14.49012566 -11.30866146 511.91784668
v -14.19748211 -11.74663258 511.91802979
v -14.19748211 4.22012043 511.91058350
v -16.69195747 4.22012043 511.91058350
v -16.39931297 -11.30866146 511.91784668
v -16.39931297 3.78214884 511.91079712
v -15.96134186 -11.01601791 511.91769409
v 15.97331429 45.13885117 511.89147949
v 16.53085136 44.85477066 511.89160156
v 16.97331429 44.41230774 511.89181519
v 17.25739288 43.85477448 511.89208984
v 17.35527992 43.23674011 511.89236450
v 15.90528011 4.73674297 511.91033936
v 17.35527992 -36.36325073 511.92953491
v 15.90528011 -12.26325512 511.91827393
v 15.90528011 -29.26325417 511.92620850
v 15.80251789 -28.74663162 511.92596436
v 15.80251789 -12.77987766 511.91851807
v 15.50987434 -28.30865860 511.92578125
v 15.50987434 -13.21784973 511.91873169
v 15.07190323 -28.01601601 511.92562866
v 15.07190323 -13.51049232 511.91885376
v 14.55528069 -27.91325378 511.92559814
v 14.55528069 -13.61325550 511.91891479
v 14.03865814 -13.51049232 511.91885376
v 15.80251789 5.25336552 511.91009521
v 15.50987434 5.69133711 511.90991211
v 15.07190323 5.98398018 511.90975952
v 14.55528069 6.08674288 511.90972900
v 14.03865814 5.98398018 511.90975952
v 13.60068607 5.69133711 511.90991211
v 13.30804253 5.25336552 511.91009521
v 12.25528049 6.66287851 511.90945435
v 13.20528030 4.73674297 511.91033936
v 12.25528049 2.81060719 511.91125488
v 13.20528030 -12.26325512 511.91827393
v 12.25528049 -10.33711910 511.91738892
v 12.25528049 -14.18939114 511.91918945
v 11.87351322 -10.91858959 511.91766357
v 11.87351322 -13.60792160 511.91891479
v 11.63592243 -11.57235050 511.91796875
v 11.63592243 -12.95416069 511.91860962
v 11.55528069 -12.26325512 511.91827393
v 11.87351322 6.08140898 511.90972900
v 11.87351322 3.39207697 511.91098022
v 11.63592243 5.42764807 511.91003418
v 11.63592243 4.04583788 511.91067505
v 11.55528069 4.73674297 511.91033936
v 13.20528030 -29.26325417 511.92620850
v 12.25528049 -27.33711815 511.92532349
v 12.25528049 -31.18938828 511.92712402
v 11.87351322 -27.91858673 511.92559814
v 11.87351322 -30.60791969 511.92684937
v 11.63592243 -28.57234764 511.92590332
v 11.63592243 -29.95415878 511.92654419
v 11.55528069 -29.26325417 511.92620850
v 13.30804253 -29.77987671 511.92645264
v 13.60068607 -30.21784782 511.92666626
v 14.03865814 -30.51049042 511.92678833
v 15.35527992 -38.36325073 511.93045044
v 14.55528069 -30.61325264 511.92684937
v 15.07190323 -30.51049042 511.92678833
v 15.50987434 -30.21784782 511.92666626
v 15.97331429 -38.26536560 511.93041992
v 15.80251789 -29.77987671 511.92645264
v 16.53085136 -37.98128510 511.93029785
v 16.97331429 -37.53882217 511.93008423
v 17.25739288 -36.98128510 511.92980957
v 15.07190323 -11.01601791 511.91769409
v 15.07190323 3.48950577 511.91091919
v 14.55528069 -10.91325569 511.91766357
v 14.55528069 3.38674307 511.91098022
v 14.03865814 3.48950577 511.91091919
v 15.50987434 3.78214884 511.91079712
v 15.50987434 -11.30866146 511.91784668
v 15.80251789 4.22012043 511.91058350
v 15.80251789 -11.74663258 511.91802979
v 14.03865814 -28.01601601 511.92562866
v 13.60068607 -13.21784973 511.91873169
v 13.60068607 -28.30865860 511.92578125
v 13.30804253 -12.77987766 511.91851807
v 13.30804253 -28.74663162 511.92596436
v 13.30804253 -11.74663258 511.91802979
v 13.30804253 4.22012043 511.91058350
v 13.60068607 -11.30866146 511.91784668
v 13.60068607 3.78214884 511.91079712
v 14.03865814 -11.01601791 511.91769409
v -9.14472008 -44.75484848 529.93347168
v 8.25528049 -44.75484848 529.93347168
v -0.44471967 -44.65667343 530.55145264
v 8.25528049 -44.65667343 530.55145264
v -0.44471967 -44.37233353 531.10882568
v 8.25528049 -44.37233353 531.10882568
v -0.44471967 -43.92966461 531.55108643
v 8.25528049 -43.92966461 531.55108643
v -0.44471967 -43.37199402 531.83489990
v 8.25528049 -43.37199402 531.83489990
v 8.25528049 -42.75391388 531.93249512
v -9.14472008 -42.75391388 531.93249512
v -9.14472008 -43.37199402 531.83489990
v -9.14472008 -43.92966461 531.55108643
v -9.14472008 -44.37233353 531.10882568
v -9.14472008 -44.65667343 530.55145264
v -9.14472008 -17.75391769 531.92083740
v 8.25528049 -17.75391769 531.92083740
v 8.25528049 -41.38835907 529.88153076
v 8.25528049 -40.75482559 529.98156738
v 8.25528049 -40.12138748 529.88098145
v 8.25528049 -41.95996857 529.59063721
v 8.25528049 -42.70574570 527.29901123
v 8.25528049 -42.80578232 527.93255615
v 8.25528049 -42.70515442 528.56597900
v 8.25528049 -40.12320709 525.98162842
v 8.25528049 -40.75674057 525.88159180
v 8.25528049 -22.39018059 525.97332764
v 8.25528049 -22.96151924 526.26477051
v 8.25528049 -39.55159760 526.27252197
v 8.25528049 -39.09786224 526.72583008
v 8.25528049 -23.41483116 526.71850586
v 8.25528049 -38.80641174 527.29718018
v 8.25528049 -23.70574570 527.29016113
v 8.25528049 -38.70578384 527.93060303
v 8.25528049 -23.80578423 527.92364502
v 8.25528049 -38.80582047 528.56414795
v 8.25528049 -23.70515442 528.55712891
v 8.25528049 -39.09673691 529.13574219
v 8.25528049 -23.41370773 529.12841797
v 8.25528049 -39.55004883 529.58947754
v 8.25528049 -22.95997047 529.58178711
v 8.25528049 -22.38835907 529.87268066
v 8.25528049 -21.75482750 529.97271729
v 8.25528049 -21.12138939 529.87207031
v 8.25528049 -19.80641556 527.28833008
v 8.25528049 -20.09786224 526.71697998
v 8.25528049 -20.55159950 526.26367188
v 8.25528049 -20.55005074 529.58062744
v 8.25528049 -20.09673691 529.12689209
v 8.25528049 -19.80582428 528.55529785
v 8.25528049 -19.70578575 527.92175293
v 8.25528049 -21.12321091 525.97277832
v 8.25528049 -21.75674248 525.87274170
v 8.25528049 -42.41370392 529.13732910
v 8.25528049 -41.39017868 525.98223877
v 8.25528049 -41.96151733 526.27368164
v 8.25528049 -42.41482925 526.72741699
v -0.44471967 45.14754486 530.50952148
v -9.14472008 45.14754486 530.50952148
v -0.44471967 44.86372375 531.06719971
v -9.14472008 44.86372375 531.06719971
v -0.44471967 44.42146683 531.50982666
v -9.14472008 44.42146683 531.50982666
v -0.44471967 43.86406326 531.79418945
v -9.14472008 43.86406326 531.79418945
v -9.14472008 43.24607468 531.89239502
v 8.25528049 43.24607468 531.89239502
v 8.25528049 43.86406326 531.79418945
v 8.25528049 44.42146683 531.50982666
v 8.25528049 44.86372375 531.06719971
v 8.25528049 45.14754486 530.50952148
v 8.25528049 18.24607849 531.90405273
v -9.14472008 18.24607849 531.90405273
v -9.14472008 41.87860489 529.84265137
v -9.14472008 41.24516678 529.94329834
v -9.14472008 42.44994354 529.55120850
v -9.14472008 42.90325546 529.09747314
v -9.14472008 43.19416809 528.52587891
v -9.14472008 43.29420853 527.89233398
v -9.14472008 43.19357681 527.25891113
v -9.14472008 42.90213013 526.68756104
v -9.14472008 42.44839478 526.23425293
v -9.14472008 41.87678146 525.94335938
v -9.14472008 41.24325180 525.84332275
v -9.14472008 40.60981369 525.94390869
v -9.14472008 22.87678528 525.95220947
v -9.14472008 22.24325371 525.85217285
v -9.14472008 21.60981560 525.95281982
v -9.14472008 21.03847694 526.24426270
v -9.14472008 20.58516312 526.69799805
v -9.14472008 20.29424858 527.26959229
v -9.14472008 20.19421005 527.90313721
v -9.14472008 20.29483986 528.53656006
v -9.14472008 20.58628845 529.10791016
v -9.14472008 21.04002571 529.56121826
v -9.14472008 21.61163521 529.85211182
v -9.14472008 22.24516678 529.95214844
v -9.14472008 22.87860489 529.85156250
v -9.14472008 40.61163330 529.84326172
v -9.14472008 39.29424667 527.26074219
v -9.14472008 24.19358063 527.26776123
v -9.14472008 39.19421005 527.89428711
v -9.14472008 24.29421043 527.90124512
v -9.14472008 39.29483795 528.52770996
v -9.14472008 24.19417191 528.53472900
v -9.14472008 39.58628464 529.09906006
v -9.14472008 23.90325737 529.10638428
v -9.14472008 40.04002380 529.55236816
v -9.14472008 23.44994354 529.56011963
v -9.14472008 23.90213203 526.69641113
v -9.14472008 39.58515930 526.68914795
v -9.14472008 23.44839668 526.24310303
v -9.14472008 40.03847504 526.23535156
v -0.44471967 20.29483986 528.53656006
v -0.44471967 20.19421005 527.90313721
v -0.44471967 20.29424858 527.26959229
v -0.44471967 20.58516312 526.69799805
v -0.44471967 21.03847694 526.24426270
v -0.44471967 21.60981560 525.95281982
v -0.44471967 22.24325371 525.85217285
v -0.44471967 22.87678528 525.95220947
v -0.44471967 23.44839668 526.24310303
v -0.44471967 23.90213203 526.69641113
v -0.44471967 24.19358063 527.26776123
v -0.44471967 24.29421043 527.90124512
v -0.44471967 24.19417191 528.53472900
v -0.44471967 23.90325737 529.10638428
v -0.44471967 23.44994354 529.56011963
v -0.44471967 22.87860489 529.85156250
v -0.44471967 22.24516678 529.95214844
v -0.44471967 21.61163521 529.85211182
v -0.44471967 21.04002571 529.56121826
v -0.44471967 20.58628845 529.10791016
v 8.25528049 20.29424858 527.26959229
v 8.25528049 20.19421005 527.90313721
v 8.25528049 20.29483986 528.53656006
v 8.25528049 20.58628845 529.10791016
v 8.25528049 21.04002571 529.56121826
v 8.25528049 21.61163521 529.85211182
v 8.25528049 22.24516678 529.95214844
v 8.25528049 22.87860489 529.85156250
v 8.25528049 23.44994354 529.56011963
v 8.25528049 23.90325737 529.10638428
v 8.25528049 24.19417191 528.53472900
v 8.25528049 24.29421043 527.90124512
v 8.25528049 24.19358063 527.26776123
v 8.25528049 23.90213203 526.69641113
v 8.25528049 23.44839668 526.24310303
v 8.25528049 22.87678528 525.95220947
v 8.25528049 22.24325371 525.85217285
v 8.25528049 21.60981560 525.95281982
v 8.25528049 21.03847694 526.24426270
v 8.25528049 20.58516312 526.69799805
v -9.14472008 -42.70515442 528.56597900
v -0.44471967 -42.70515442 528.56597900
v -9.14472008 -42.80578232 527.93255615
v -0.44471967 -42.80578232 527.93255615
v -9.14472008 -42.70574570 527.29901123
v -0.44471967 -42.70574570 527.29901123
v -9.14472008 -42.41482925 526.72741699
v -0.44471967 -42.41482925 526.72741699
v -9.14472008 -41.96151733 526.27368164
v -0.44471967 -41.96151733 526.27368164
v -9.14472008 -41.39017868 525.98223877
v -0.44471967 -41.39017868 525.98223877
v -9.14472008 -40.75674057 525.88159180
v -0.44471967 -40.75674057 525.88159180
v -9.14472008 -40.12320709 525.98162842
v -0.44471967 -40.12320709 525.98162842
v -9.14472008 -39.55159760 526.27252197
v -0.44471967 -39.55159760 526.27252197
v -9.14472008 -39.09786224 526.72583008
v -0.44471967 -39.09786224 526.72583008
v -9.14472008 -38.80641174 527.29718018
v -0.44471967 -38.80641174 527.29718018
v -9.14472008 -38.70578384 527.93060303
v -0.44471967 -38.70578384 527.93060303
v -9.14472008 -38.80582047 528.56414795
v -0.44471967 -38.80582047 528.56414795
v -9.14472008 -39.09673691 529.13574219
v -0.44471967 -39.09673691 529.13574219
v -9.14472008 -39.55004883 529.58947754
v -0.44471967 -39.55004883 529.58947754
v -9.14472008 -40.12138748 529.88098145
v -0.44471967 -40.12138748 529.88098145
v -9.14472008 -40.75482559 529.98156738
v -0.44471967 -40.75482559 529.98156738
v -9.14472008 -41.38835907 529.88153076
v -0.44471967 -41.38835907 529.88153076
v -9.14472008 -41.95996857 529.59063721
v -0.44471967 -41.95996857 529.59063721
v -9.14472008 -42.41370392 529.13732910
v -0.44471967 -42.41370392 529.13732910
v -0.44471967 39.29483795 528.52770996
v -0.44471967 39.19421005 527.89428711
v -0.44471967 39.29424667 527.26074219
v -0.44471967 39.58515930 526.68914795
v -0.44471967 40.03847504 526.23535156
v -0.44471967 40.60981369 525.94390869
v -0.44471967 41.24325180 525.84332275
v -0.44471967 41.87678146 525.94335938
v -0.44471967 42.44839478 526.23425293
v -0.44471967 42.90213013 526.68756104
v -0.44471967 43.19357681 527.25891113
v -0.44471967 43.29420853 527.89233398
v -0.44471967 43.19416809 528.52587891
v -0.44471967 42.90325546 529.09747314
v -0.44471967 42.44994354 529.55120850
v -0.44471967 41.87860489 529.84265137
v -0.44471967 41.24516678 529.94329834
v -0.44471967 40.61163330 529.84326172
v -0.44471967 40.04002380 529.55236816
v -0.44471967 39.58628464 529.09906006
v 8.25528049 39.29424667 527.26074219
v 8.25528049 39.19421005 527.89428711
v 8.25528049 39.29483795 528.52770996
v 8.25528049 39.58628464 529.09906006
v 8.25528049 40.04002380 529.55236816
v 8.25528049 40.61163330 529.84326172
v 8.25528049 41.24516678 529.94329834
v 8.25528049 41.87860489 529.84265137
v 8.25528049 42.44994354 529.55120850
v 8.25528049 42.90325546 529.09747314
v 8.25528049 43.19416809 528.52587891
v 8.25528049 43.29420853 527.89233398
v 8.25528049 43.19357681 527.25891113
v 8.25528049 42.90213013 526.68756104
v 8.25528049 42.44839478 526.23425293
v 8.25528049 41.87678146 525.94335938
v 8.25528049 41.24325180 525.84332275
v 8.25528049 40.60981369 525.94390869
v 8.25528049 40.03847504 526.23535156
v 8.25528049 39.58515930 526.68914795
v -9.14472008 -23.70515442 528.55712891
v -0.44471967 -23.70515442 528.55712891
v -9.14472008 -23.80578423 527.92364502
v -0.44471967 -23.80578423 527.92364502
v -9.14472008 -23.70574570 527.29016113
v -0.44471967 -23.70574570 527.29016113
v -9.14472008 -23.41483116 526.71850586
v -0.44471967 -23.41483116 526.71850586
v -9.14472008 -22.96151924 526.26477051
v -0.44471967 -22.96151924 526.26477051
v -9.14472008 -22.39018059 525.97332764
v -0.44471967 -22.39018059 525.97332764
v -9.14472008 -21.75674248 525.87274170
v -0.44471967 -21.75674248 525.87274170
v -9.14472008 -21.12321091 525.97277832
v -0.44471967 -21.12321091 525.97277832
v -9.14472008 -20.55159950 526.26367188
v -0.44471967 -20.55159950 526.26367188
v -9.14472008 -20.09786224 526.71697998
v -0.44471967 -20.09786224 526.71697998
v -9.14472008 -19.80641556 527.28833008
v -0.44471967 -19.80641556 527.28833008
v -9.14472008 -19.70578575 527.92175293
v -0.44471967 -19.70578575 527.92175293
v -9.14472008 -19.80582428 528.55529785
v -0.44471967 -19.80582428 528.55529785
v -9.14472008 -20.09673691 529.12689209
v -0.44471967 -20.09673691 529.12689209
v -9.14472008 -20.55005074 529.58062744
v -0.44471967 -20.55005074 529.58062744
v -9.14472008 -21.12138939 529.87207031
v -0.44471967 -21.12138939 529.87207031
v -9.14472008 -21.75482750 529.97271729
v -0.44471967 -21.75482750 529.97271729
v -9.14472008 -22.38835907 529.87268066
v -0.44471967 -22.38835907 529.87268066
v -9.14472008 -22.95997047 529.58178711
v -0.44471967 -22.95997047 529.58178711
v -9.14472008 -23.41370773 529.12841797
v -0.44471967 -23.41370773 529.12841797
v -9.14472008 18.23674202 511.90405273
v -9.14472008 -17.76325417 511.92083740
v 8.25528049 -17.76325417 511.92083740
v 8.25528049 18.23674202 511.90405273
v -3.49471974 0.23674341 511.91244507
v -3.39079356 1.02614141 511.91207886
v -3.08609724 1.76174319 511.91174316
v -0.44471967 -2.81325626 511.91387939
v -1.23411775 -2.70933008 511.91381836
v -1.96971965 -2.40463376 511.91366577
v 2.60528040 0.23674341 511.91244507
v 2.50135398 -0.55265456 511.91281128
v 2.19665790 -1.28825641 511.91314697
v -0.44471967 3.28674316 511.91101074
v 0.34467840 3.18281674 511.91107178
v 1.08028030 2.87812066 511.91122437
v 1.71195602 2.39341879 511.91143799
v 2.19665790 1.76174319 511.91174316
v 2.50135398 1.02614141 511.91207886
v 1.71195602 -1.91993201 511.91345215
v 1.08028030 -2.40463376 511.91366577
v 0.34467840 -2.70933008 511.91381836
v -2.60139537 -1.91993201 511.91345215
v -3.08609724 -1.28825641 511.91314697
v -3.39079356 -0.55265456 511.91281128
v -2.60139537 2.39341879 511.91143799
v -1.96971965 2.87812066 511.91122437
v -1.23411775 3.18281674 511.91107178
v 8.05528069 -34.21325302 511.92852783
v 8.57190323 -34.31601715 511.92858887
v 7.53865767 -34.31601715 511.92858887
v 7.10068607 -34.60865784 511.92871094
v 9.00987434 -34.60865784 511.92871094
v 6.80804300 -35.04663086 511.92892456
v 9.30251789 -35.04663086 511.92892456
v 6.70528030 -35.56325150 511.92916870
v 9.40528011 -35.56325150 511.92916870
v 6.80804300 -36.07987595 511.92941284
v 9.30251789 -36.07987595 511.92941284
v 7.10068607 -36.51784515 511.92959595
v 9.00987434 -36.51784515 511.92959595
v 7.53865767 -36.81048965 511.92974854
v 8.57190323 -36.81048965 511.92974854
v 8.05528069 -36.91325378 511.92977905
v -8.94471931 -34.21325302 511.92852783
v -8.42809677 -34.31601715 511.92858887
v -9.46134186 -34.31601715 511.92858887
v -9.89931393 -34.60865784 511.92871094
v -7.99012566 -34.60865784 511.92871094
v -10.19195747 -35.04663086 511.92892456
v -7.69748211 -35.04663086 511.92892456
v -10.29471970 -35.56325150 511.92916870
v -7.59471989 -35.56325150 511.92916870
v -10.19195747 -36.07987595 511.92941284
v -7.69748211 -36.07987595 511.92941284
v -9.89931393 -36.51784515 511.92959595
v -7.99012566 -36.51784515 511.92959595
v -9.46134186 -36.81048965 511.92974854
v -8.42809677 -36.81048965 511.92974854
v -8.94471931 -36.91325378 511.92977905
v -13.14472008 -38.37249756 492.13046265
v -16.24472046 -38.37249756 492.13046265
v -18.24472046 -32.37249756 492.12765503
v -18.24472046 -36.37249756 492.12954712
v -16.86275291 -38.27460861 492.13043213
v -17.42028999 -37.99052811 492.13027954
v -17.86275291 -37.54806519 492.13009644
v -18.14683342 -36.99052811 492.12982178
v 12.25528049 -38.37249756 492.13046265
v 17.35527992 -32.37249756 492.12765503
v 15.35527992 -38.37249756 492.13046265
v 17.35527992 -36.37249756 492.12954712
v 15.97331429 -38.27460861 492.13043213
v 16.53085136 -37.99052811 492.13027954
v 16.97331429 -37.54806519 492.13009644
v 17.25739288 -36.99052811 492.12982178
v 12.25528049 12.22749901 492.10684204
v 15.35527992 12.22749901 492.10684204
v 17.35527992 6.22749949 492.10964966
v 17.35527992 10.22749901 492.10778809
v 15.97331429 12.12961197 492.10690308
v 16.53085136 11.84553242 492.10702515
v 16.97331429 11.40306950 492.10723877
v 17.25739288 10.84553337 492.10748291
v -13.14472008 12.22749901 492.10684204
v -18.24472046 6.22749949 492.10964966
v -16.24472046 12.22749901 492.10684204
v -18.24472046 10.22749901 492.10778809
v -16.86275291 12.12961197 492.10690308
v -17.42028999 11.84553242 492.10702515
v -17.86275291 11.40306950 492.10723877
v -18.14683342 10.84553337 492.10748291
v 15.97331429 -38.26998520 502.03042603
v 16.53085136 -37.98590851 502.03027344
v 16.97331429 -37.54344559 502.03009033
v 17.25739288 -36.98590851 502.02981567
v -18.14683342 -36.98590851 502.02981567
v -17.86275291 -37.54344559 502.03009033
v -17.42028999 -37.98590851 502.03027344
v -16.86275291 -38.26998520 502.03042603
v 13.15528011 -29.26904297 499.52621460
v 13.26184940 -29.80479813 499.52645874
v 13.56533051 -30.25899124 499.52667236
v 14.01952362 -30.56247330 499.52682495
v 14.55528069 -30.66904259 499.52688599
v 15.09103680 -30.56247330 499.52682495
v 15.54522991 -30.25899124 499.52667236
v 15.84871197 -29.80479813 499.52645874
v 15.95528030 -29.26904297 499.52621460
v 15.84871197 -28.73328590 499.52597046
v 15.54522991 -28.27909279 499.52575684
v 15.09103680 -27.97561073 499.52560425
v 14.55528069 -27.86904144 499.52557373
v 14.01952362 -27.97561073 499.52560425
v 13.56533051 -28.27909279 499.52575684
v 13.26184940 -28.73328590 499.52597046
v 13.24981880 -29.77823448 492.12646484
v 13.15528011 -29.27249718 492.12622070
v 13.24981880 -28.76675797 492.12597656
v 13.52066803 -28.32932281 492.12579346
v 13.93124676 -28.01926804 492.12564087
v 14.42610455 -27.87846947 492.12557983
v 14.93840885 -27.92594147 492.12557983
v 15.39896870 -28.15527344 492.12570190
v 15.74558449 -28.53549194 492.12588501
v 15.93144226 -29.01524734 492.12609863
v 15.93144226 -29.52974510 492.12634277
v 15.74558449 -30.00950241 492.12655640
v 15.39896870 -30.38972092 492.12673950
v 14.93840885 -30.61905289 492.12686157
v 14.42610455 -30.66652489 492.12686157
v 13.93124676 -30.52572441 492.12680054
v 13.52066803 -30.21566963 492.12664795
v 13.15528011 -12.26904392 499.51828003
v 13.26184940 -12.80480099 499.51852417
v 13.56533051 -13.25899315 499.51873779
v 14.01952362 -13.56247520 499.51889038
v 14.55528069 -13.66904354 499.51892090
v 15.09103680 -13.56247520 499.51889038
v 15.54522991 -13.25899315 499.51873779
v 15.84871197 -12.80480099 499.51852417
v 15.95528030 -12.26904392 499.51828003
v 15.84871197 -11.73328686 499.51803589
v 15.54522991 -11.27909470 499.51782227
v 15.09103680 -10.97561264 499.51766968
v 14.55528069 -10.86904430 499.51763916
v 14.01952362 -10.97561264 499.51766968
v 13.56533051 -11.27909470 499.51782227
v 13.26184940 -11.73328686 499.51803589
v 13.24981880 -12.77823639 492.11853027
v 13.15528011 -12.27249813 492.11828613
v 13.24981880 -11.76675987 492.11804199
v 13.52066803 -11.32932472 492.11782837
v 13.93124676 -11.01926994 492.11770630
v 14.42610455 -10.87847042 492.11764526
v 14.93840885 -10.92594242 492.11764526
v 15.39896870 -11.15527439 492.11776733
v 15.74558449 -11.53549385 492.11795044
v 15.93144226 -12.01524925 492.11816406
v 15.93144226 -12.52974796 492.11840820
v 15.74558449 -13.00950336 492.11862183
v 15.39896870 -13.38972282 492.11880493
v 14.93840885 -13.61905384 492.11889648
v 14.42610455 -13.66652584 492.11892700
v 13.93124676 -13.52572727 492.11886597
v 13.52066803 -13.21567249 492.11871338
v 13.15528011 4.73095417 499.51034546
v 13.26184940 4.19519758 499.51058960
v 13.56533051 3.74100471 499.51080322
v 14.01952362 3.43752289 499.51095581
v 14.55528069 3.33095431 499.51098633
v 15.09103680 3.43752289 499.51095581
v 15.54522991 3.74100471 499.51080322
v 15.84871197 4.19519758 499.51058960
v 15.95528030 4.73095417 499.51034546
v 15.84871197 5.26671076 499.51010132
v 15.54522991 5.72090340 499.50988770
v 15.09103680 6.02438545 499.50973511
v 14.55528069 6.13095379 499.50970459
v 14.01952362 6.02438545 499.50973511
v 13.56533051 5.72090340 499.50988770
v 13.26184940 5.26671076 499.51010132
v 13.24981880 4.22176123 492.11059570
v 13.15528011 4.72749949 492.11035156
v 13.24981880 5.23323774 492.11010742
v 13.52066803 5.67067337 492.10989380
v 13.93124676 5.98072815 492.10977173
v 14.42610455 6.12152719 492.10971069
v 14.93840885 6.07405519 492.10971069
v 15.39896870 5.84472370 492.10983276
v 15.74558449 5.46450472 492.11001587
v 15.93144226 4.98474884 492.11022949
v 15.93144226 4.47025013 492.11047363
v 15.74558449 3.99049473 492.11068726
v 15.39896870 3.61027551 492.11087036
v 14.93840885 3.38094378 492.11096191
v 14.42610455 3.33347178 492.11099243
v 13.93124676 3.47427106 492.11093140
v 13.52066803 3.78432584 492.11077881
v -10.34471989 -35.56904221 499.52914429
v -10.23815060 -36.10479736 499.52941895
v -9.93466949 -36.55899048 499.52963257
v -9.48047638 -36.86247253 499.52975464
v -8.94471931 -36.96903992 499.52981567
v -8.40896320 -36.86247253 499.52975464
v -7.95477009 -36.55899048 499.52963257
v -7.65128851 -36.10479736 499.52941895
v -7.54471970 -35.56904221 499.52914429
v -7.65128851 -35.03328323 499.52890015
v -7.95477009 -34.57909393 499.52868652
v -8.40896320 -34.27561188 499.52856445
v -8.94471931 -34.16904068 499.52850342
v -9.48047638 -34.27561188 499.52856445
v -9.93466949 -34.57909393 499.52868652
v -10.23815060 -35.03328323 499.52890015
v -10.25018120 -36.07823563 492.12939453
v -10.34471989 -35.57249451 492.12915039
v -10.25018120 -35.06675720 492.12893677
v -9.97933197 -34.62932205 492.12872314
v -9.56875324 -34.31926727 492.12857056
v -9.07389545 -34.17846680 492.12850952
v -8.56159115 -34.22594070 492.12854004
v -8.10103130 -34.45527267 492.12863159
v -7.75441551 -34.83549118 492.12881470
v -7.56855726 -35.31524658 492.12902832
v -7.56855726 -35.82974625 492.12927246
v -7.75441551 -36.30950165 492.12951660
v -8.10103130 -36.68972015 492.12966919
v -8.56159115 -36.91905212 492.12979126
v -9.07389545 -36.96652222 492.12982178
v -9.56875324 -36.82572556 492.12973022
v -9.97933197 -36.51567078 492.12960815
v 6.65528011 -35.56904221 499.52914429
v 6.76184893 -36.10479736 499.52941895
v 7.06533098 -36.55899048 499.52963257
v 7.51952362 -36.86247253 499.52975464
v 8.05528069 -36.96903992 499.52981567
v 8.59103680 -36.86247253 499.52975464
v 9.04522991 -36.55899048 499.52963257
v 9.34871197 -36.10479736 499.52941895
v 9.45528030 -35.56904221 499.52914429
v 9.34871197 -35.03328323 499.52890015
v 9.04522991 -34.57909393 499.52868652
v 8.59103680 -34.27561188 499.52856445
v 8.05528069 -34.16904068 499.52850342
v 7.51952362 -34.27561188 499.52856445
v 7.06533098 -34.57909393 499.52868652
v 6.76184893 -35.03328323 499.52890015
v 6.74981928 -36.07823563 492.12939453
v 6.65528011 -35.57249451 492.12915039
v 6.74981928 -35.06675720 492.12893677
v 7.02066803 -34.62932205 492.12872314
v 7.43124676 -34.31926727 492.12857056
v 7.92610455 -34.17846680 492.12850952
v 8.43840885 -34.22594070 492.12854004
v 8.89896870 -34.45527267 492.12863159
v 9.24558449 -34.83549118 492.12881470
v 9.43144226 -35.31524658 492.12902832
v 9.43144226 -35.82974625 492.12927246
v 9.24558449 -36.30950165 492.12951660
v 8.89896870 -36.68972015 492.12966919
v 8.43840885 -36.91905212 492.12979126
v 7.92610455 -36.96652222 492.12982178
v 7.43124676 -36.82572556 492.12973022
v 7.02066803 -36.51567078 492.12960815
v -16.84471893 -29.26904297 499.52621460
v -16.73815155 -29.80479813 499.52645874
v -16.43466949 -30.25899124 499.52667236
v -15.98047638 -30.56247330 499.52682495
v -15.44471931 -30.66904259 499.52688599
v -14.90896320 -30.56247330 499.52682495
v -14.45477009 -30.25899124 499.52667236
v -14.15128803 -29.80479813 499.52645874
v -14.04471970 -29.26904297 499.52621460
v -14.15128803 -28.73328590 499.52597046
v -14.45477009 -28.27909279 499.52575684
v -14.90896320 -27.97561073 499.52560425
v -15.44471931 -27.86904144 499.52557373
v -15.98047638 -27.97561073 499.52560425
v -16.43466949 -28.27909279 499.52575684
v -16.73815155 -28.73328590 499.52597046
v -16.75018120 -29.77823448 492.12646484
v -16.84471893 -29.27249718 492.12622070
v -16.75018120 -28.76675797 492.12597656
v -16.47933197 -28.32932281 492.12579346
v -16.06875420 -28.01926804 492.12564087
v -15.57389545 -27.87846947 492.12557983
v -15.06159115 -27.92594147 492.12557983
v -14.60103130 -28.15527344 492.12570190
v -14.25441551 -28.53549194 492.12588501
v -14.06855774 -29.01524734 492.12609863
v -14.06855774 -29.52974510 492.12634277
v -14.25441551 -30.00950241 492.12655640
v -14.60103130 -30.38972092 492.12673950
v -15.06159115 -30.61905289 492.12686157
v -15.57389545 -30.66652489 492.12686157
v -16.06875420 -30.52572441 492.12680054
v -16.47933197 -30.21566963 492.12664795
v -16.84471893 -12.26904392 499.51828003
v -16.73815155 -12.80480099 499.51852417
v -16.43466949 -13.25899315 499.51873779
v -15.98047638 -13.56247520 499.51889038
v -15.44471931 -13.66904354 499.51892090
v -14.90896320 -13.56247520 499.51889038
v -14.45477009 -13.25899315 499.51873779
v -14.15128803 -12.80480099 499.51852417
v -14.04471970 -12.26904392 499.51828003
v -14.15128803 -11.73328686 499.51803589
v -14.45477009 -11.27909470 499.51782227
v -14.90896320 -10.97561264 499.51766968
v -15.44471931 -10.86904430 499.51763916
v -15.98047638 -10.97561264 499.51766968
v -16.43466949 -11.27909470 499.51782227
v -16.73815155 -11.73328686 499.51803589
v -16.75018120 -12.77823639 492.11853027
v -16.84471893 -12.27249813 492.11828613
v -16.75018120 -11.76675987 492.11804199
v -16.47933197 -11.32932472 492.11782837
v -16.06875420 -11.01926994 492.11770630
v -15.57389545 -10.87847042 492.11764526
v -15.06159115 -10.92594242 492.11764526
v -14.60103130 -11.15527439 492.11776733
v -14.25441551 -11.53549385 492.11795044
v -14.06855774 -12.01524925 492.11816406
v -14.06855774 -12.52974796 492.11840820
v -14.25441551 -13.00950336 492.11862183
v -14.60103130 -13.38972282 492.11880493
v -15.06159115 -13.61905384 492.11889648
v -15.57389545 -13.66652584 492.11892700
v -16.06875420 -13.52572727 492.11886597
v -16.47933197 -13.21567249 492.11871338
v -16.84471893 4.73095417 499.51034546
v -16.73815155 4.19519758 499.51058960
v -16.43466949 3.74100471 499.51080322
v -15.98047638 3.43752289 499.51095581
v -15.44471931 3.33095431 499.51098633
v -14.90896320 3.43752289 499.51095581
v -14.45477009 3.74100471 499.51080322
v -14.15128803 4.19519758 499.51058960
v -14.04471970 4.73095417 499.51034546
v -14.15128803 5.26671076 499.51010132
v -14.45477009 5.72090340 499.50988770
v -14.90896320 6.02438545 499.50973511
v -15.44471931 6.13095379 499.50970459
v -15.98047638 6.02438545 499.50973511
v -16.43466949 5.72090340 499.50988770
v -16.73815155 5.26671076 499.51010132
v -16.75018120 4.22176123 492.11059570
v -16.84471893 4.72749949 492.11035156
v -16.75018120 5.23323774 492.11010742
v -16.47933197 5.67067337 492.10989380
v -16.06875420 5.98072815 492.10977173
v -15.57389545 6.12152719 492.10971069
v -15.06159115 6.07405519 492.10971069
v -14.60103130 5.84472370 492.10983276
v -14.25441551 5.46450472 492.11001587
v -14.06855774 4.98474884 492.11022949
v -14.06855774 4.47025013 492.11047363
v -14.25441551 3.99049473 492.11068726
v -14.60103130 3.61027551 492.11087036
v -15.06159115 3.38094378 492.11096191
v -15.57389545 3.33347178 492.11099243
v -16.06875420 3.47427106 492.11093140
v -16.47933197 3.78432584 492.11077881
v -12.84471989 -32.97249603 492.12796021
v -12.84471989 12.22749901 492.10684204
v 11.95528030 -32.97249603 492.12796021
v 11.95528030 12.22749901 492.10684204
v -16.79471970 4.72749949 492.11035156
v -16.69195747 4.21087694 492.11059570
v -16.39931297 3.77290559 492.11077881
v -15.96134186 3.48026228 492.11093140
v -15.44471931 3.37749982 492.11096191
v -14.92809677 3.48026228 492.11093140
v -14.49012566 3.77290559 492.11077881
v -14.19748211 4.21087694 492.11059570
v -14.09471989 4.72749949 492.11035156
v -14.19748211 5.24412203 492.11010742
v -14.49012566 5.68209362 492.10989380
v -14.92809677 5.97473669 492.10977173
v -15.44471931 6.07749939 492.10971069
v -15.96134186 5.97473669 492.10977173
v -16.39931297 5.68209362 492.10989380
v -16.69195747 5.24412203 492.11010742
v -16.79471970 -12.27249813 492.11828613
v -16.69195747 -12.78912067 492.11853027
v -16.39931297 -13.22709274 492.11871338
v -15.96134186 -13.51973534 492.11886597
v -15.44471931 -13.62249851 492.11892700
v -14.92809677 -13.51973534 492.11886597
v -14.49012566 -13.22709274 492.11871338
v -14.19748211 -12.78912067 492.11853027
v -14.09471989 -12.27249813 492.11828613
v -14.19748211 -11.75587559 492.11804199
v -14.49012566 -11.31790447 492.11782837
v -14.92809677 -11.02526093 492.11770630
v -15.44471931 -10.92249870 492.11764526
v -15.96134186 -11.02526093 492.11770630
v -16.39931297 -11.31790447 492.11782837
v -16.69195747 -11.75587559 492.11804199
v -16.79471970 -29.27249718 492.12622070
v -16.69195747 -29.78911972 492.12646484
v -16.39931297 -30.22709084 492.12667847
v -15.96134186 -30.51973343 492.12680054
v -15.44471931 -30.62249565 492.12686157
v -14.92809677 -30.51973343 492.12680054
v -14.49012566 -30.22709084 492.12667847
v -14.19748211 -29.78911972 492.12646484
v -14.09471989 -29.27249718 492.12622070
v -14.19748211 -28.75587463 492.12597656
v -14.49012566 -28.31790352 492.12576294
v -14.92809677 -28.02525902 492.12564087
v -15.44471931 -27.92249680 492.12557983
v -15.96134186 -28.02525902 492.12564087
v -16.39931297 -28.31790352 492.12576294
v -16.69195747 -28.75587463 492.12597656
v 6.70528030 -35.57249451 492.12915039
v 6.80804300 -36.08911896 492.12939453
v 7.10068607 -36.52709198 492.12960815
v 7.53865767 -36.81973267 492.12973022
v 8.05528069 -36.92249680 492.12979126
v 8.57190323 -36.81973267 492.12973022
v 9.00987434 -36.52709198 492.12960815
v 9.30251789 -36.08911896 492.12939453
v 9.40528011 -35.57249451 492.12915039
v 9.30251789 -35.05587387 492.12890625
v 9.00987434 -34.61790085 492.12872314
v 8.57190323 -34.32526016 492.12857056
v 8.05528069 -34.22249603 492.12854004
v 7.53865767 -34.32526016 492.12857056
v 7.10068607 -34.61790085 492.12872314
v 6.80804300 -35.05587387 492.12890625
v -10.29471970 -35.57249451 492.12915039
v -10.19195747 -36.08911896 492.12939453
v -9.89931393 -36.52709198 492.12960815
v -9.46134186 -36.81973267 492.12973022
v -8.94471931 -36.92249680 492.12979126
v -8.42809677 -36.81973267 492.12973022
v -7.99012566 -36.52709198 492.12960815
v -7.69748211 -36.08911896 492.12939453
v -7.59471989 -35.57249451 492.12915039
v -7.69748211 -35.05587387 492.12890625
v -7.99012566 -34.61790085 492.12872314
v -8.42809677 -34.32526016 492.12857056
v -8.94471931 -34.22249603 492.12854004
v -9.46134186 -34.32526016 492.12857056
v -9.89931393 -34.61790085 492.12872314
v -10.19195747 -35.05587387 492.12890625
v 13.20528030 4.72749949 492.11035156
v 13.30804253 4.21087694 492.11059570
v 13.60068607 3.77290559 492.11077881
v 14.03865814 3.48026228 492.11093140
v 14.55528069 3.37749982 492.11096191
v 15.07190323 3.48026228 492.11093140
v 15.50987434 3.77290559 492.11077881
v 15.80251789 4.21087694 492.11059570
v 15.90528011 4.72749949 492.11035156
v 15.80251789 5.24412203 492.11010742
v 15.50987434 5.68209362 492.10989380
v 15.07190323 5.97473669 492.10977173
v 14.55528069 6.07749939 492.10971069
v 14.03865814 5.97473669 492.10977173
v 13.60068607 5.68209362 492.10989380
v 13.30804253 5.24412203 492.11010742
v 13.20528030 -12.27249813 492.11828613
v 13.30804253 -12.78912067 492.11853027
v 13.60068607 -13.22709274 492.11871338
v 14.03865814 -13.51973534 492.11886597
v 14.55528069 -13.62249851 492.11892700
v 15.07190323 -13.51973534 492.11886597
v 15.50987434 -13.22709274 492.11871338
v 15.80251789 -12.78912067 492.11853027
v 15.90528011 -12.27249813 492.11828613
v 15.80251789 -11.75587559 492.11804199
v 15.50987434 -11.31790447 492.11782837
v 15.07190323 -11.02526093 492.11770630
v 14.55528069 -10.92249870 492.11764526
v 14.03865814 -11.02526093 492.11770630
v 13.60068607 -11.31790447 492.11782837
v 13.30804253 -11.75587559 492.11804199
v 13.20528030 -29.27249718 492.12622070
v 13.30804253 -29.78911972 492.12646484
v 13.60068607 -30.22709084 492.12667847
v 14.03865814 -30.51973343 492.12680054
v 14.55528069 -30.62249565 492.12686157
v 15.07190323 -30.51973343 492.12680054
v 15.50987434 -30.22709084 492.12667847
v 15.80251789 -29.78911972 492.12646484
v 15.90528011 -29.27249718 492.12622070
v 15.80251789 -28.75587463 492.12597656
v 15.50987434 -28.31790352 492.12576294
v 15.07190323 -28.02525902 492.12564087
v 14.55528069 -27.92249680 492.12557983
v 14.03865814 -28.02525902 492.12564087
v 13.60068607 -28.31790352 492.12576294
v 13.30804253 -28.75587463 492.12597656
v -12.64472008 -29.77249718 492.12646484
v -12.64472008 9.22749901 492.10824585
v -12.54249763 10.00395584 492.10787964
v -9.64472008 -32.77249527 492.12783813
v -10.42117691 -32.67027283 492.12780762
v -11.14472008 -32.37057114 492.12765503
v 11.75528049 -29.77249718 492.12646484
v 11.65305805 -30.54895401 492.12680054
v 11.35335636 -31.27249718 492.12716675
v 8.75528049 12.22749901 492.10684204
v 9.53173733 12.12527657 492.10690308
v 10.25528049 11.82557487 492.10702515
v 10.87660027 11.34881878 492.10726929
v 11.35335636 10.72749901 492.10754395
v 11.65305805 10.00395584 492.10787964
v 11.75528049 9.22749901 492.10824585
v 10.87660027 -31.89381599 492.12744141
v 10.25528049 -32.37057114 492.12765503
v 9.53173733 -32.67027283 492.12780762
v 8.75528049 -32.77249527 492.12783813
v -11.76603985 -31.89381599 492.12744141
v -12.24279594 -31.27249718 492.12716675
v -12.54249763 -30.54895401 492.12680054
v -12.24279594 10.72749901 492.10754395
v -11.76603985 11.34881878 492.10726929
v -11.14472008 11.82557487 492.10702515
v -10.42117691 12.12527657 492.10690308
v -9.64472008 12.22749901 492.10684204
v -11.14372635 5.71121693 459.35989380
v -9.59471989 5.71221113 459.35989380
v -6.93817472 0.50383258 459.36230469
v -8.76059246 5.81305981 459.35983276
v -6.78175116 1.65859711 459.36178589
v -7.97453499 6.10979271 459.35971069
v -6.42165041 2.76687360 459.36126709
v -7.28184414 6.58531094 459.35946655
v -5.86944580 3.79304123 459.36077881
v -6.72243834 7.21221066 459.35919189
v -5.14288616 4.70411777 459.36035156
v -4.26532364 5.47082090 459.35998535
v -3.26496410 6.06850815 459.35971069
v -2.17395926 6.47796917 459.35952759
v -1.02737522 6.68604326 459.35943604
v 0.13793582 6.68604326 459.35943604
v 5.83299875 7.21221066 459.35919189
v 1.28451979 6.47796917 459.35952759
v 2.37552452 6.06850815 459.35971069
v 3.37588453 5.47082090 459.35998535
v 4.25344706 4.70411777 459.36035156
v 4.98000669 3.79304123 459.36077881
v 6.39240408 6.58530998 459.35946655
v 5.53221083 2.76687360 459.36126709
v 7.08509493 6.10979176 459.35971069
v 5.89231157 1.65859711 459.36178589
v 7.87115335 5.81305838 459.35983276
v 6.04873514 0.50383258 459.36230469
v 8.70528030 5.71221018 459.35989380
v 10.25424576 5.71117544 459.35989380
v 10.25428772 -26.28679276 459.37481689
v 5.73714781 -1.79639900 459.36340332
v 5.99645376 -0.66030490 459.36285400
v 8.70528030 -26.28778648 459.37481689
v 4.63718510 -3.84047198 459.36434937
v 5.27915144 -2.86793470 459.36389160
v 7.92645788 -26.37554169 459.37487793
v 3.83188200 -4.68275261 459.36474609
v 7.18668842 -26.63439751 459.37496948
v 2.88912559 -5.36770535 459.36505127
v 6.52306795 -27.05137825 459.37518311
v 1.83921671 -5.87331486 459.36529541
v 5.96887207 -27.60557365 459.37542725
v 0.71590012 -6.18333054 459.36544800
v 5.55189180 -28.26919365 459.37573242
v -0.44471967 -6.28778791 459.36547852
v -6.44133091 -28.26919365 459.37573242
v -1.60533953 -6.18333054 459.36544800
v -6.85831165 -27.60557365 459.37542725
v -2.72865605 -5.87331486 459.36529541
v -7.41250706 -27.05137825 459.37518311
v -3.77856493 -5.36770535 459.36505127
v -8.07612801 -26.63439751 459.37496948
v -4.72132158 -4.68275261 459.36474609
v -8.81589699 -26.37554169 459.37487793
v -5.52662420 -3.84047198 459.36434937
v -9.59471989 -26.28778648 459.37481689
v -11.14372635 -26.28679276 459.37481689
v -6.18247461 -29.00896263 459.37609863
v 5.29303551 -29.00896263 459.37609863
v -6.09472084 -29.78778458 459.37646484
v 5.20528173 -29.78778458 459.37646484
v 5.20428658 -31.28679276 459.37716675
v -6.09372616 -31.28679276 459.37716675
v -6.62658691 -1.79639900 459.36340332
v -6.16859055 -2.86793470 459.36389160
v -6.88589334 -0.66030490 459.36285400
v 0.71590012 -6.18286371 460.36544800
v -0.44471967 -6.28732109 460.36547852
v -1.60533953 -6.18286371 460.36544800
v -2.72865605 -5.87284803 460.36529541
v -3.77856493 -5.36723852 460.36505127
v -4.72132158 -4.68228579 460.36474609
v -5.52662420 -3.84000516 460.36434937
v -6.16859055 -2.86746788 460.36389160
v -6.62658691 -1.79593217 460.36340332
v -6.88589334 -0.65983808 460.36285400
v -6.93817472 0.50429940 460.36230469
v -6.78175116 1.65906394 460.36178589
v -6.42165041 2.76734042 460.36126709
v -5.86944580 3.79350805 460.36077881
v -5.14288616 4.70458460 460.36035156
v -4.26532364 5.47128773 460.35998535
v -3.26496410 6.06897497 460.35971069
v -2.17395926 6.47843599 460.35952759
v -1.02737522 6.68651009 460.35943604
v 0.13793582 6.68651009 460.35943604
v 1.28451979 6.47843599 460.35952759
v 2.37552452 6.06897497 460.35971069
v 3.37588453 5.47128773 460.35998535
v 4.25344706 4.70458460 460.36035156
v 4.98000669 3.79350805 460.36077881
v 5.53221083 2.76734042 460.36126709
v 5.89231157 1.65906394 460.36178589
v 6.04873514 0.50429940 460.36230469
v 5.99645376 -0.65983808 460.36285400
v 5.73714781 -1.79593217 460.36340332
v 5.27915144 -2.86746788 460.36389160
v 4.63718510 -3.84000516 460.36434937
v 3.83188200 -4.68228579 460.36474609
v 2.88912559 -5.36723852 460.36505127
v 1.83921671 -5.87284803 460.36529541
v -0.44471967 -3.78732157 460.36431885
v -1.33480346 -3.68703318 460.36425781
v -2.18025470 -3.39119697 460.36413574
v -2.93867898 -2.91464758 460.36392212
v -3.57204556 -2.28128076 460.36361694
v -4.04859495 -1.52285671 460.36325073
v -4.34443140 -0.67740560 460.36285400
v -4.44471979 0.21267806 460.36245728
v -4.34443140 1.10276175 460.36203003
v -4.04859495 1.94821286 460.36163330
v -3.57204556 2.70663691 460.36129761
v -2.93867898 3.34000373 460.36099243
v -2.18025470 3.81655312 460.36077881
v -1.33480346 4.11238909 460.36062622
v -0.44471967 4.21267748 460.36059570
v 0.44536406 4.11238909 460.36062622
v 1.29081523 3.81655312 460.36077881
v 2.04923964 3.34000373 460.36099243
v 2.68260622 2.70663691 460.36129761
v 3.15915585 1.94821286 460.36163330
v 3.45499206 1.10276175 460.36203003
v 3.55528021 0.21267806 460.36245728
v 3.45499206 -0.67740560 460.36285400
v 3.15915585 -1.52285671 460.36325073
v 2.68260622 -2.28128076 460.36361694
v 2.04923964 -2.91464758 460.36392212
v 1.29081523 -3.39119697 460.36413574
v 0.44536406 -3.68703318 460.36425781
v 0.44536406 -3.68717313 460.06427002
v -0.44471967 -3.78746152 460.06433105
v -1.33480346 -3.68717313 460.06427002
v -2.18025470 -3.39133716 460.06414795
v -2.93867898 -2.91478753 460.06390381
v -3.57204556 -2.28142095 460.06362915
v -4.04859495 -1.52299678 460.06326294
v -4.34443140 -0.67754561 460.06286621
v -4.44471979 0.21253802 460.06243896
v -4.34443140 1.10262167 460.06204224
v -4.04859495 1.94807279 460.06164551
v -3.57204556 2.70649695 460.06127930
v -2.93867898 3.33986354 460.06100464
v -2.18025470 3.81641316 460.06076050
v -1.33480346 4.11224937 460.06063843
v -0.44471967 4.21253777 460.06057739
v 0.44536406 4.11224937 460.06063843
v 1.29081523 3.81641316 460.06076050
v 2.04923964 3.33986354 460.06100464
v 2.68260622 2.70649695 460.06127930
v 3.15915585 1.94807279 460.06164551
v 3.45499206 1.10262167 460.06204224
v 3.55528021 0.21253802 460.06243896
v 3.45499206 -0.67754561 460.06286621
v 3.15915585 -1.52299678 460.06326294
v 2.68260622 -2.28142095 460.06362915
v 2.04923964 -2.91478753 460.06390381
v 1.29081523 -3.39133716 460.06414795
v -0.44471967 -2.78746176 460.06384277
v -1.22117686 -2.68523908 460.06381226
v -1.94471967 -2.38553786 460.06365967
v -2.56604004 -1.90878212 460.06344604
v -3.04279590 -1.28746188 460.06314087
v -3.34249711 -0.56391901 460.06280518
v -3.44471979 0.21253802 460.06243896
v -3.34249711 0.98899508 460.06210327
v -3.04279590 1.71253788 460.06173706
v -2.56604004 2.33385801 460.06146240
v -1.94471967 2.81061387 460.06124878
v -1.22117686 3.11031508 460.06109619
v -0.44471967 3.21253777 460.06103516
v 0.33173746 3.11031508 460.06109619
v 1.05528033 2.81061387 460.06124878
v 1.67660069 2.33385801 460.06146240
v 2.15335655 1.71253788 460.06173706
v 2.45305777 0.98899508 460.06210327
v 2.55528021 0.21253802 460.06243896
v 2.45305777 -0.56391901 460.06280518
v 2.15335655 -1.28746188 460.06314087
v 1.67660069 -1.90878212 460.06344604
v 1.05528033 -2.38553786 460.06365967
v 0.33173746 -2.68523908 460.06381226
v 0.33173746 3.10928822 457.86108398
v -0.44471967 3.21151066 457.86105347
v -1.22117686 3.10928822 457.86108398
v -1.94471967 2.80958700 457.86123657
v -2.56604004 2.33283114 457.86145020
v -3.04279590 1.71151078 457.86175537
v -3.34249711 0.98796803 457.86209106
v -3.44471979 0.21151099 457.86245728
v -3.34249711 -0.56494606 457.86282349
v -3.04279590 -1.28848886 457.86315918
v -2.56604004 -1.90980911 457.86343384
v -1.94471967 -2.38656497 457.86367798
v -1.22117686 -2.68626618 457.86380005
v -0.44471967 -2.78848863 457.86386108
v 0.33173746 -2.68626618 457.86380005
v 1.05528033 -2.38656497 457.86367798
v 1.67660069 -1.90980911 457.86343384
v 2.15335655 -1.28848886 457.86315918
v 2.45305777 -0.56494606 457.86282349
v 2.55528021 0.21151099 457.86245728
v 2.45305777 0.98796803 457.86209106
v 2.15335655 1.71151078 457.86175537
v 1.67660069 2.33283114 457.86145020
v 1.05528033 2.80958700 457.86123657
v -0.44471967 1.81151080 457.86169434
v 0.10251255 1.71501899 457.86175537
v 0.58374047 1.43718195 457.86187744
v 0.94092095 1.01151085 457.86209106
v 1.13097274 0.48934802 457.86233521
v 1.13097274 -0.06632607 457.86257935
v 0.94092095 -0.58848894 457.86282349
v 0.58374047 -1.01416004 457.86303711
v 0.10251255 -1.29199708 457.86315918
v -0.44471967 -1.38848889 457.86318970
v -0.99195194 -1.29199708 457.86315918
v -1.47317982 -1.01416004 457.86303711
v -1.83036029 -0.58848894 457.86282349
v -2.02041221 -0.06632607 457.86257935
v -2.02041221 0.48934802 457.86233521
v -1.83036029 1.01151085 457.86209106
v -1.47317982 1.43718195 457.86187744
v -0.99195194 1.71501899 457.86175537
v 0.10251255 -1.29096997 460.06314087
v -0.44471967 -1.38746178 460.06320190
v -0.99195194 -1.29096997 460.06314087
v -1.47317982 -1.01313293 460.06301880
v -1.83036029 -0.58746189 460.06283569
v -2.02041221 -0.06529904 460.06259155
v -2.02041221 0.49037507 460.06231689
v -1.83036029 1.01253796 460.06207275
v -1.47317982 1.43820894 460.06188965
v -0.99195194 1.71604609 460.06173706
v -0.44471967 1.81253779 460.06170654
v 0.10251255 1.71604609 460.06173706
v 0.58374047 1.43820894 460.06188965
v 0.94092095 1.01253796 460.06207275
v 1.13097274 0.49037507 460.06231689
v 1.13097274 -0.06529904 460.06259155
v 0.94092095 -0.58746189 460.06283569
v 0.58374047 -1.01313293 460.06301880
v -7.10283136 7.47711658 459.43246460
v -7.48083448 7.03241348 459.43267822
v -7.93693638 6.66824579 459.43286133
v -8.45428658 6.39806843 459.43298340
v -9.01377106 6.23186302 459.43304443
v -9.59471989 6.17577076 459.43307495
v -9.09377384 6.64239025 459.64593506
v -9.59471989 6.59402227 459.64593506
v -9.15726376 6.96826267 459.97763062
v -9.59471989 6.92602491 459.97763062
v -9.19802666 7.17758131 460.39566040
v -9.59471989 7.13927937 460.39569092
v -9.59471989 7.21291065 460.85919189
v -8.96397305 7.31497526 460.85913086
v -8.81599045 7.29107237 460.39562988
v -8.73597050 7.09341574 459.97756958
v -8.34640408 7.29686022 459.97747803
v -8.16522980 7.01867867 459.64575195
v -7.77193689 7.33269691 459.64559937
v -8.39760303 7.61075258 460.85900879
v -8.46272469 7.47555923 460.39553833
v -8.00295734 7.57107925 459.97732544
v -7.44598913 7.71616030 459.64541626
v -8.15128136 7.72422600 460.39541626
v -7.95341635 8.07005310 460.85879517
v -7.89316845 8.02788544 460.39526367
v -7.71832037 7.90594196 459.97717285
v -8.61133575 6.78570747 459.64584351
v -6.55824518 9.82256603 460.01760864
v -6.09471989 9.85392952 459.95123291
v -6.34103441 9.60131264 459.85986328
v -6.13791370 9.12981606 459.66342163
v -6.33781052 9.13181019 459.67800903
v -6.22574329 8.60078621 459.51660156
v -6.40071869 8.65047169 459.53955078
v -6.45799303 8.41098022 459.48730469
v -6.72663450 8.48818493 459.56628418
v -6.79479694 8.27107430 459.52581787
v -7.05055428 8.35541153 459.66366577
v -7.12617874 8.16392040 459.63458252
v -7.35050392 8.25081825 459.82843018
v -7.43007374 8.08585835 459.80981445
v -7.60732698 8.16816807 460.04925537
v -7.67672253 8.04633999 460.04061890
v -7.79886770 8.11371517 460.30920410
v -6.40326929 7.95595121 459.40377808
v -6.53229284 8.17547417 459.44635010
v -6.87813520 8.05987072 459.49609375
v -7.21475029 7.97956848 459.61541748
v -7.50773191 7.94891071 459.80090332
v -6.72920370 7.72555065 459.39651489
v -6.62301016 7.94628143 459.41625977
v -6.83288574 7.54245758 459.38708496
v -7.07110119 7.68803978 459.46722412
v -7.30124378 7.82671928 459.60626221
v -7.87112093 8.14972591 460.58831787
v -7.77101707 8.39188576 460.89266968
v -7.66234016 8.69730759 460.98910522
v -7.66347980 8.60172939 460.67056274
v -7.70610762 8.48115349 460.63729858
v -7.75658321 8.36264706 460.61264038
v -7.61759853 8.48535347 460.36056519
v -7.67272854 8.35173321 460.33465576
v -7.47506332 8.46596909 460.09429932
v -7.53613472 8.31450462 460.06719971
v -7.28246260 8.42197418 459.85662842
v -7.60583496 9.00248337 461.15213013
v -7.58292580 8.96721268 460.82354736
v -7.62878084 8.72350979 460.71264648
v -7.53505039 8.76023960 460.44009399
v -7.57163620 8.62190342 460.39562988
v -7.38519239 8.77886009 460.17782593
v -7.42463970 8.62123203 460.13110352
v -7.18343592 8.77642536 459.94369507
v -7.22662830 8.59774685 459.89495850
v -6.94106531 8.75243187 459.75363159
v -6.98867655 8.55223751 459.70321655
v -6.67422438 8.70902920 459.61782837
v -7.56694746 9.20573330 460.96905518
v -7.59471989 9.21311951 461.30743408
v -7.52130461 9.41114140 460.88833618
v -7.48079348 9.30867195 460.71136475
v -7.30824518 9.58977795 460.51028442
v -7.33602190 9.40428925 460.46340942
v -7.13629389 9.48572636 460.24203491
v -7.33943367 9.09533691 460.30130005
v -7.13535118 9.13545418 460.07269287
v -6.97639751 9.73154545 460.21023560
v -6.89266968 9.54732704 460.06231689
v -6.88913822 9.15484524 459.88708496
v -6.62147141 9.58593655 459.93392944
v -6.61722040 9.15296936 459.75448608
v -7.81471920 8.24703693 460.59625244
v -7.73666716 8.22211838 460.31747437
v -7.49000120 9.03761101 460.55740356
v -6.97575951 7.85657072 459.47656250
v -6.09471989 10.74618530 460.46798706
v 5.20528030 9.85392952 459.95123291
v 5.22454977 9.36944485 459.74703979
v 5.32298660 8.66502476 459.53176880
v 5.51303482 7.95828629 459.40405273
v 5.20528030 10.74618530 460.46798706
v -6.09471989 11.54004955 461.12597656
v 5.20528030 11.54004955 461.12597656
v 5.20528030 12.21339989 461.90686035
v -6.09471989 12.21339989 461.90686035
v -6.40097857 12.21342564 461.96151733
v -6.55824518 11.56556320 461.25518799
v -6.97639751 11.41369915 461.40460205
v -7.30824518 11.17716599 461.63735962
v -7.52130461 10.87911606 461.93066406
v -7.52130461 10.19111538 461.34472656
v -7.59471989 10.02986717 461.80102539
v -7.59471989 9.63411522 461.53335571
v -6.55824518 10.74866581 460.55947876
v -6.97639751 10.62531853 460.73321533
v -7.30824518 10.43319893 461.00378418
v 9.75528049 12.21442699 464.10684204
v 12.25528049 12.21442699 464.10684204
v 5.51153946 12.21342564 461.96151733
v 9.75528049 12.22656536 490.10684204
v -10.64472008 12.22656536 490.10684204
v 8.75528049 12.22831535 493.85684204
v -9.64472008 12.22831535 493.85684204
v -10.64472008 12.21442699 464.10684204
v -13.14472008 12.21442699 464.10684204
v -13.14472008 12.22656536 490.10684204
v 12.25528049 12.22656536 490.10684204
v 5.66880560 11.56556320 461.25518799
v 5.66880560 10.74866581 460.55947876
v 6.08695841 11.41369915 461.40460205
v 6.08695841 10.62531757 460.73321533
v 6.41880560 11.17716599 461.63735962
v 6.41880560 10.43319893 461.00378418
v 6.63186502 10.87911606 461.93066406
v 6.63186502 10.19111443 461.34472656
v 6.70528030 10.02986717 461.80102539
v 6.70528030 9.63411522 461.53335571
v 6.63186502 9.41114140 460.88833618
v 6.41880560 9.58977795 460.51028442
v 6.08695841 9.73154545 460.21023560
v 5.66880560 9.82256603 460.01760864
v 6.70528030 9.21311951 461.30743408
v 6.67755318 9.20368958 460.96780396
v 6.71629047 9.00347900 461.15280151
v 6.69363737 8.96622467 460.82318115
v 6.77253532 8.69867992 460.98968506
v 6.73933268 8.72364807 460.71286011
v 6.88112354 8.39289570 460.89288330
v 6.77384329 8.60243034 460.67089844
v 6.81621027 8.48239994 460.63772583
v 6.72773838 8.48677635 460.36114502
v 6.78249693 8.35374069 460.33526611
v 6.64592886 8.31682205 460.06787109
v 6.71661425 8.17108250 460.04986572
v 6.53934002 8.08920956 459.81051636
v 6.82888126 7.90594196 459.97717285
v 6.55654955 7.71615982 459.64541626
v 6.86635351 8.36441135 460.61309814
v 7.06397724 8.07005310 460.85879517
v 6.92409039 8.24928093 460.59661865
v 7.00372887 8.02788544 460.39526367
v 6.84598780 8.22465611 460.31799316
v 6.21339178 7.47711658 459.43246460
v 6.08450317 7.86059761 459.47695923
v 6.32377768 7.98327446 459.61593628
v 6.46034288 8.25349617 459.82919312
v 6.58527851 8.46762276 460.09500122
v 6.68206644 8.62270451 460.39611816
v 5.83765173 7.72985506 459.39682007
v 5.56829166 8.41241932 459.48760986
v 5.64211130 8.17795849 459.44674683
v 5.73220587 7.94972992 459.41668701
v 5.90481043 8.27340698 459.52627563
v 5.98757172 8.06310081 459.49658203
v 6.16074324 8.35755730 459.66424561
v 6.23583984 8.16689205 459.63516235
v 6.39277887 8.42389870 459.85739136
v 5.44861603 9.12994194 459.67739868
v 5.51134348 8.65081501 459.53964233
v 5.78498459 8.70936775 459.61801147
v 5.83709288 8.48954391 459.56665039
v 6.05193758 8.75274277 459.75393677
v 6.09927225 8.55348587 459.70373535
v 6.29437160 8.77668381 459.94418335
v 6.33731318 8.59885788 459.89562988
v 6.49595928 8.77905464 460.17825317
v 6.53518105 8.62217140 460.13168335
v 6.64568472 8.76039410 460.44039917
v 5.45143747 9.59740353 459.85815430
v 5.73201656 9.58230877 459.93231201
v 6.00334930 9.54399109 460.06088257
v 6.24707556 9.48267460 460.24081421
v 6.00016212 9.15325928 459.88668823
v 6.24643135 9.13399410 460.07250977
v 6.44668961 9.40158939 460.46218872
v 6.45034170 9.09402943 460.30108643
v 6.59139967 9.30631542 460.71014404
v 6.60078192 9.03646469 460.55712891
v 5.72814465 9.15124512 459.75396729
v 7.50816345 7.61075258 460.85900879
v 8.07453346 7.31497526 460.85913086
v 8.70528030 7.21291065 460.85919189
v 7.26184225 7.72422600 460.39541626
v 7.11351824 7.57107925 459.97732544
v 6.88249731 7.33269691 459.64559937
v 6.59139442 7.03241301 459.43267822
v 7.04749680 6.66824532 459.43286133
v 7.56484747 6.39806795 459.43298340
v 8.12433243 6.23186255 459.43304443
v 8.70528030 6.17577028 459.43307495
v 8.20433426 6.64238977 459.64593506
v 8.70528030 6.59402227 459.64593506
v 8.26782417 6.96826220 459.97763062
v 8.70528030 6.92602444 459.97763062
v 8.30858803 7.17758131 460.39566040
v 8.70528030 7.13927889 460.39569092
v 7.92655134 7.29107237 460.39562988
v 7.57328558 7.47555923 460.39553833
v 7.45696449 7.29685974 459.97747803
v 7.27578974 7.01867867 459.64575195
v 7.84653091 7.09341574 459.97756958
v 7.72189617 6.78570700 459.64584351
v 10.75528336 7.21291065 460.85934448
v 10.74625301 7.18568087 460.57546997
v 10.71938992 7.10476398 460.30062866
v 10.67506218 6.97172546 460.04418945
v 10.61436176 6.78969383 459.81558228
v 10.53927517 6.56386232 459.62463379
v 10.45173359 6.30191994 459.48040771
v 10.35623932 6.01423264 459.39044189
v 11.75527668 6.21291065 460.85964966
v 11.67914581 6.59562683 460.85943604
v 11.46234035 6.92006445 460.85931396
v 11.12688923 7.14129972 460.85888672
v 11.12231064 7.13870382 460.75555420
v 11.11802864 7.12788916 460.65246582
v 11.11101341 7.11011362 460.55099487
v 11.10134029 7.08553267 460.45196533
v 11.44596767 6.87959337 460.53280640
v 11.43270683 6.85022306 460.42956543
v 11.57335472 6.71849585 460.53875732
v 11.55872917 6.68816805 460.43814087
v 11.62364388 6.63057327 460.54541016
v 11.60847950 6.60015392 460.44717407
v 11.66433716 6.53973627 460.55422974
v 11.64873791 6.50947475 460.45907593
v 11.71681404 6.35530519 460.57739258
v 11.70065212 6.32603884 460.49011230
v 11.72811794 6.20390368 460.57592773
v 11.64743328 6.17667150 460.30105591
v 11.46156025 6.91398716 460.74905396
v 11.45563030 6.90093708 460.63970947
v 11.59057999 6.75410271 460.75091553
v 11.64151382 6.66632986 460.75308228
v 11.68272877 6.57534695 460.75598145
v 11.63470936 6.65273952 460.64782715
v 11.67572498 6.56180573 460.65368652
v 11.73587894 6.38981724 460.76373291
v 11.72861671 6.37668133 460.66909790
v 11.51449585 6.13199806 460.04464722
v 11.55337429 6.32204819 460.13629150
v 11.65704727 6.24685144 460.33197021
v 11.60660934 6.42729235 460.28500366
v 11.56749725 6.51738310 460.26657104
v 11.51916122 6.60547829 460.25216675
v 11.39672470 6.76978540 460.23693848
v 11.07478333 7.01743126 460.26345825
v 11.40127087 6.17020798 459.89569092
v 11.33258057 6.07132053 459.81594849
v 11.35794067 6.25564814 459.86215210
v 11.13485432 6.14676142 459.65460205
v 11.24818325 6.42312717 459.81613159
v 10.86565018 6.44932365 459.61404419
v 10.95958138 6.71013165 459.81719971
v 11.10682201 5.99627447 459.62490845
v 10.84493542 5.90871096 459.48059082
v 10.76437759 6.16243410 459.48101807
v 10.66013241 5.86444378 459.41558838
v 10.55729008 5.81317759 459.39056396
v 11.04017448 6.92706251 460.09051514
v 11.58402252 6.74057674 460.64349365
v 11.35084057 6.66519022 460.06643677
v 11.46898937 6.49881411 460.09042358
v 11.51563168 6.41100836 460.11087036
v 11.75527573 -26.78708839 460.87521362
v 11.68183994 -10.28730583 460.40374756
v 11.68183994 -2.03730559 460.39990234
v 11.46861839 -2.03750086 459.98156738
v 11.13650703 -2.03765583 459.64965820
v 10.71804905 -2.03775525 459.43667603
v 10.71804905 -10.28775501 459.44052124
v 10.71804905 -18.53775597 459.44436646
v 11.13650703 -18.53765488 459.65734863
v 10.88894463 -26.49889374 459.51535034
v 11.33123207 -26.64621162 459.82983398
v 11.46861839 -18.53750038 459.98925781
v 11.56388092 -26.72370720 460.14184570
v 11.68183994 -18.53730583 460.40759277
v 11.65380001 -26.75357819 460.33270264
v 11.72693443 -26.77777672 460.58480835
v 10.65006065 -26.41933060 459.42776489
v 11.46861839 -10.28750038 459.98541260
v 11.13650703 -10.28765583 459.65350342
v 11.75528049 10.22656536 490.10778809
v 11.75528049 8.70039845 487.60848999
v 11.75528049 10.21442795 464.10778809
v 11.75528049 8.69059467 466.60848999
v 11.75528049 8.68942738 464.10848999
v 11.75528049 8.70156574 490.10848999
v 11.75528049 4.82565641 487.61029053
v 11.75528049 4.81585312 466.61029053
v 11.75528049 4.62514114 487.61038208
v 11.75528049 4.61533737 466.61038208
v 11.75528049 0.75039923 487.61221313
v 11.75528049 0.74059570 466.61221313
v 11.75528049 -15.52996731 476.11981201
v 11.75528049 -8.30940342 466.61642456
v 11.75528049 -12.18414497 466.61822510
v 11.75528049 -12.38466072 466.61834717
v 11.75528049 -15.53440285 466.61981201
v 11.75528049 0.75156635 490.11221313
v 11.75528049 -8.29843235 490.11642456
v 11.75528049 -8.29959965 487.61642456
v 11.75528049 -12.17434120 487.61822510
v 11.75528049 -12.37485695 487.61831665
v 11.75528049 -16.24959946 487.62014771
v 11.75528049 -16.37996674 476.12020874
v 11.75528049 -16.37459946 487.62020874
v 11.75528049 -16.24843216 490.12014771
v 11.75528049 -25.29843140 490.12435913
v 11.75528049 -25.29959869 487.62435913
v 11.75528049 -8.31057072 464.11642456
v 11.75528049 0.73942864 464.11221313
v 11.75528049 -29.37485504 487.62625122
v 11.75528049 -30.77459717 487.62692261
v 11.75528049 -30.02996635 476.12655640
v 11.75528049 -30.78440094 466.62692261
v 11.75528049 -30.03440094 466.62658691
v 11.75528049 -29.17996597 476.12615967
v 11.75522423 -29.17456436 487.62615967
v 11.75528049 9.22831631 493.85824585
v 11.75528049 -29.77167892 493.87646484
v 11.65739346 10.84459877 490.10748291
v 11.65739346 10.83853054 477.10748291
v 11.65739346 10.83246136 464.10748291
v 11.37331390 11.39606667 477.10723877
v 11.37331390 11.38999844 464.10723877
v 10.93085098 11.83853054 477.10702515
v 10.93085098 11.83246136 464.10702515
v 10.37331390 12.12260914 477.10690308
v 10.37331390 12.11654091 464.10690308
v 10.37331390 12.12867832 490.10690308
v 10.93085098 11.84459877 490.10702515
v 11.37331390 11.40213585 490.10723877
v 17.35527992 0.75156635 490.11221313
v 17.35527992 -8.29843235 490.11642456
v 17.35527992 -16.24843216 490.12014771
v 17.35527992 -25.29843140 490.12435913
v 4.08028030 -38.37342834 490.13046265
v -4.96971989 -38.37342834 490.13046265
v 4.08028030 -32.77342987 490.12783813
v -4.96971989 -32.77342987 490.12783813
v 12.03028011 -38.37342834 490.13046265
v 12.03028011 -33.24842834 490.12808228
v 12.25528049 -38.37342834 490.13046265
v 16.61153030 -33.24842834 490.12808228
v -18.24472046 0.75156635 490.11221313
v -12.64472008 0.75156635 490.11221313
v -18.24472046 -8.29843235 490.11642456
v -12.64472008 -8.29843235 490.11642456
v -18.24472046 -16.24843216 490.12014771
v -12.64472008 -16.24843216 490.12014771
v -18.24472046 -25.29843140 490.12435913
v -12.64472008 -25.29843140 490.12435913
v -12.91971970 -38.37342834 490.13046265
v -13.14472008 -38.37342834 490.13046265
v -12.91971970 -33.24842834 490.12808228
v -17.50096893 -33.24842834 490.12808228
v 15.25153065 8.70156574 490.10848999
v -12.64472008 8.70156574 490.10848999
v -16.14097023 8.70156574 490.10848999
v -12.64472008 10.22656536 490.10778809
v -12.54683304 10.84459877 490.10748291
v -12.26275349 11.40213585 490.10723877
v -11.82029057 11.84459877 490.10702515
v -11.26275349 12.12867832 490.10690308
v 17.35527992 0.75039923 487.61221313
v 17.35527992 -26.79866409 489.62506104
v 17.35527992 -31.74866295 489.62738037
v 17.35527992 -32.37459564 487.62765503
v 17.35527992 -26.79959679 487.62506104
v 17.35527992 -25.29959869 487.62435913
v 17.35527992 -16.24959946 487.62014771
v 17.35527992 -14.74866581 489.61944580
v 17.35527992 -9.79866600 489.61712646
v 17.35527992 -8.29959965 487.61642456
v 17.35527992 -9.79959965 487.61712646
v 17.35527992 -14.74959946 487.61944580
v 17.35527992 2.25133276 489.61151123
v 17.35527992 6.22633219 489.60964966
v 17.35527992 2.25039911 487.61151123
v 17.35527992 -31.74959755 487.62738037
v -17.41596985 7.20133209 489.60919189
v -16.39931297 5.68092632 489.60989380
v -18.24472046 6.22633219 489.60964966
v -16.69195747 5.24295521 489.61010742
v -16.79471970 4.72633266 489.61035156
v -14.01577759 7.20133209 489.60919189
v -15.44471931 6.07633257 489.60971069
v -15.96134186 5.97356987 489.60977173
v -12.58683586 4.72633266 489.61035156
v -14.19748211 5.24295521 489.61010742
v -14.49012566 5.68092632 489.60989380
v -14.92809677 5.97356987 489.60977173
v -14.01577759 2.25133276 489.61151123
v -14.19748211 4.20971012 489.61059570
v -14.09471989 4.72633266 489.61035156
v -18.24472046 2.25133276 489.61151123
v -15.44471931 3.37633276 489.61096191
v -14.92809677 3.47909522 489.61093140
v -14.49012566 3.77173853 489.61077881
v -16.69195747 4.20971012 489.61059570
v -16.39931297 3.77173853 489.61077881
v -15.96134186 3.47909522 489.61093140
v -18.24472046 -9.79866600 489.61712646
v -16.79471970 -12.27366543 489.61828613
v -18.24472046 -14.74866581 489.61944580
v -16.69195747 -12.79028797 489.61853027
v -16.39931297 -13.22826004 489.61874390
v -14.01577759 -9.79866600 489.61712646
v -15.44471931 -10.92366600 489.61764526
v -15.96134186 -11.02642822 489.61770630
v -16.39931297 -11.31907177 489.61782837
v -12.58683586 -12.27366543 489.61828613
v -14.19748211 -11.75704288 489.61804199
v -14.49012566 -11.31907177 489.61782837
v -14.92809677 -11.02642822 489.61770630
v -14.01577759 -14.74866581 489.61944580
v -14.19748211 -12.79028797 489.61853027
v -14.09471989 -12.27366543 489.61828613
v -15.44471931 -13.62366581 489.61892700
v -14.92809677 -13.52090263 489.61886597
v -14.49012566 -13.22826004 489.61874390
v -16.69195747 -11.75704288 489.61804199
v -15.96134186 -13.52090263 489.61886597
v -11.41971970 -38.37366104 489.63046265
v -8.94471931 -36.92366409 489.62979126
v -6.46971989 -38.37366104 489.63046265
v -8.42809677 -36.82089996 489.62973022
v -7.99012566 -36.52825546 489.62960815
v -11.41971970 -34.14472198 489.62847900
v -10.29471970 -35.57366180 489.62915039
v -10.19195747 -36.09028625 489.62939453
v -9.89931393 -36.52825546 489.62960815
v -8.94471931 -32.71577835 489.62783813
v -9.46134186 -34.32642746 489.62857056
v -9.89931393 -34.61906815 489.62872314
v -10.19195747 -35.05704117 489.62890625
v -6.46971989 -34.14472198 489.62847900
v -8.42809677 -34.32642746 489.62857056
v -8.94471931 -34.22366333 489.62854004
v -7.59471989 -35.57366180 489.62915039
v -7.69748211 -35.05704117 489.62890625
v -7.99012566 -34.61906815 489.62872314
v -9.46134186 -36.82089996 489.62973022
v -7.69748211 -36.09028625 489.62939453
v 5.58028030 -38.37366104 489.63046265
v 8.05528069 -36.92366409 489.62979126
v 10.53028011 -38.37366104 489.63046265
v 8.57190323 -36.82089996 489.62973022
v 9.00987434 -36.52825546 489.62960815
v 5.58028030 -34.14472198 489.62847900
v 6.70528030 -35.57366180 489.62915039
v 6.80804300 -36.09028625 489.62939453
v 7.10068607 -36.52825546 489.62960815
v 8.05528069 -32.71577835 489.62783813
v 7.53865767 -34.32642746 489.62857056
v 7.10068607 -34.61906815 489.62872314
v 6.80804300 -35.05704117 489.62890625
v 10.53028011 -34.14472198 489.62847900
v 8.57190323 -34.32642746 489.62857056
v 8.05528069 -34.22366333 489.62854004
v 9.40528011 -35.57366180 489.62915039
v 9.30251789 -35.05704117 489.62890625
v 9.00987434 -34.61906815 489.62872314
v 7.53865767 -36.82089996 489.62973022
v 9.30251789 -36.09028625 489.62939453
v 15.90528011 -29.27366447 489.62622070
v 15.80251789 -28.75704193 489.62597656
v 15.50987434 -28.31906891 489.62576294
v 13.12633801 -31.74866295 489.62738037
v 14.55528069 -30.62366295 489.62686157
v 15.07190323 -30.52090073 489.62680054
v 15.50987434 -30.22825813 489.62667847
v 11.69739628 -29.27366447 489.62622070
v 13.30804253 -29.79028702 489.62646484
v 13.60068607 -30.22825813 489.62667847
v 14.03865814 -30.52090073 489.62680054
v 13.12633801 -26.79866409 489.62506104
v 13.30804253 -28.75704193 489.62597656
v 13.20528030 -29.27366447 489.62622070
v 14.55528069 -27.92366409 489.62557983
v 14.03865814 -28.02642632 489.62564087
v 13.60068607 -28.31906891 489.62576294
v 15.07190323 -28.02642632 489.62564087
v 15.80251789 -29.79028702 489.62646484
v 15.90528011 -12.27366543 489.61828613
v 15.80251789 -11.75704288 489.61804199
v 15.50987434 -11.31907177 489.61782837
v 13.12633801 -14.74866581 489.61944580
v 14.55528069 -13.62366581 489.61892700
v 15.07190323 -13.52090263 489.61886597
v 15.50987434 -13.22826004 489.61874390
v 11.69739628 -12.27366543 489.61828613
v 13.30804253 -12.79028797 489.61853027
v 13.60068607 -13.22826004 489.61874390
v 14.03865814 -13.52090263 489.61886597
v 13.12633801 -9.79866600 489.61712646
v 13.30804253 -11.75704288 489.61804199
v 13.20528030 -12.27366543 489.61828613
v 14.55528069 -10.92366600 489.61764526
v 14.03865814 -11.02642822 489.61770630
v 13.60068607 -11.31907177 489.61782837
v 15.07190323 -11.02642822 489.61770630
v 15.80251789 -12.79028797 489.61853027
v 15.50987434 5.68092632 489.60989380
v 16.52653122 7.20133209 489.60919189
v 15.07190323 5.97356987 489.60977173
v 14.55528069 6.07633257 489.60971069
v 15.90528011 4.72633266 489.61035156
v 15.80251789 5.24295521 489.61010742
v 13.12633801 2.25133276 489.61151123
v 14.55528069 3.37633276 489.61096191
v 15.07190323 3.47909522 489.61093140
v 15.50987434 3.77173853 489.61077881
v 11.69739628 4.72633266 489.61035156
v 13.30804253 4.20971012 489.61059570
v 13.60068607 3.77173853 489.61077881
v 14.03865814 3.47909522 489.61093140
v 13.12633801 7.20133209 489.60919189
v 13.30804253 5.24295521 489.61010742
v 13.20528030 4.72633266 489.61035156
v 14.03865814 5.97356987 489.60977173
v 13.60068607 5.68092632 489.60989380
v 15.80251789 4.20971012 489.61059570
v -18.24472046 -26.79866409 489.62506104
v -16.79471970 -29.27366447 489.62622070
v -18.24472046 -31.74866295 489.62738037
v -16.69195747 -29.79028702 489.62646484
v -16.39931297 -30.22825813 489.62667847
v -14.01577759 -26.79866409 489.62506104
v -15.44471931 -27.92366409 489.62557983
v -15.96134186 -28.02642632 489.62564087
v -16.39931297 -28.31906891 489.62576294
v -12.58683586 -29.27366447 489.62622070
v -14.19748211 -28.75704193 489.62597656
v -14.49012566 -28.31906891 489.62576294
v -14.92809677 -28.02642632 489.62564087
v -14.01577759 -31.74866295 489.62738037
v -14.19748211 -29.79028702 489.62646484
v -14.09471989 -29.27366447 489.62622070
v -15.44471931 -30.62366295 489.62686157
v -14.92809677 -30.52090073 489.62680054
v -14.49012566 -30.22825813 489.62667847
v -16.69195747 -28.75704193 489.62597656
v -15.96134186 -30.52090073 489.62680054
v -16.14097023 8.70039845 487.60848999
v -17.41596985 7.20039845 487.60919189
v -14.01577759 7.20039845 487.60919189
v -12.64472008 4.82565641 487.61029053
v -12.58683586 4.72539902 487.61035156
v 13.12633801 2.25039911 487.61151123
v 13.12633801 7.20039845 487.60919189
v 15.25153065 8.70039845 487.60848999
v 16.52653122 7.20039845 487.60919189
v 13.12633801 -14.74959946 487.61944580
v 13.12633801 -9.79959965 487.61712646
v 5.58028030 -38.37459564 487.63046265
v 4.08028030 -38.37459564 487.63046265
v 5.58028030 -34.14565659 487.62847900
v 4.08028030 -32.77459717 487.62786865
v 7.95502281 -32.77459717 487.62786865
v -12.64472008 8.70039845 487.60848999
v -12.64472008 4.62514114 487.61038208
v -12.64472008 0.75039923 487.61221313
v -14.01577759 2.25039911 487.61151123
v -18.24472046 0.75039923 487.61221313
v -18.24472046 2.25039911 487.61151123
v -18.24472046 -9.79959965 487.61712646
v -18.24472046 -8.29959965 487.61642456
v -14.01577759 -9.79959965 487.61712646
v -12.64472008 -8.29959965 487.61642456
v -12.64472008 -12.17434120 487.61822510
v -12.64472008 -12.37485695 487.61831665
v -12.64472008 -16.24959946 487.62014771
v -14.01577759 -14.74959946 487.61944580
v -18.24472046 -16.24959946 487.62014771
v -18.24472046 -14.74959946 487.61944580
v -8.84446239 -32.77459717 487.62786865
v -4.96971989 -32.77459717 487.62786865
v -6.46971989 -34.14565659 487.62847900
v -4.96971989 -38.37459564 487.63046265
v -6.46971989 -38.37459564 487.63046265
v -12.04471970 -29.17459679 487.62615967
v -12.64466381 -29.17456436 487.62615967
v -12.64472008 -25.29959869 487.62435913
v -14.01577759 -26.79959679 487.62506104
v -18.24472046 -25.29959869 487.62435913
v -18.24472046 -26.79959679 487.62506104
v -12.64472008 -16.37459946 487.62020874
v -12.04471970 -16.37459946 487.62020874
v 13.12633801 -26.79959679 487.62506104
v 11.15528011 -29.17459679 487.62615967
v 11.15528011 -16.37459946 487.62020874
v -9.04497719 -32.77459717 487.62786865
v -11.41971970 -34.14565659 487.62847900
v -10.64472008 -32.77459717 487.62786865
v -11.26275349 -32.67671204 487.62780762
v -12.91971970 -33.24959564 487.62808228
v -11.82029057 -32.39263153 487.62768555
v -12.26275349 -31.95016861 487.62747192
v -14.01577759 -31.74959755 487.62738037
v -12.54683304 -31.39263153 487.62719727
v -12.64472008 -30.77459717 487.62692261
v -12.64472008 -29.37485504 487.62625122
v -11.41971970 -38.37459564 487.63046265
v -12.91971970 -38.37459564 487.63046265
v -17.50096893 -33.24959564 487.62808228
v -18.24472046 -31.74959755 487.62738037
v -18.24472046 -32.37459564 487.62765503
v 13.12633801 -31.74959755 487.62738037
v 11.65739346 -31.39263153 487.62719727
v 11.37331390 -31.95016861 487.62747192
v 12.03028011 -33.24959564 487.62808228
v 10.93085098 -32.39263153 487.62768555
v 10.37331390 -32.67671204 487.62780762
v 10.53028011 -34.14565659 487.62847900
v 9.75528049 -32.77459717 487.62786865
v 8.15553761 -32.77459717 487.62786865
v 16.61153030 -33.24959564 487.62808228
v 12.03028011 -38.37459564 487.63046265
v 10.53028011 -38.37459564 487.63046265
v 11.69739628 4.72539902 487.61035156
v -12.58683586 -12.27459908 487.61828613
v -8.94471931 -32.71671295 487.62783813
v 8.05528069 -32.71671295 487.62783813
v 11.69739628 -12.27459908 487.61828613
v -12.58683586 -29.27459717 487.62622070
v 11.69739628 -29.27459717 487.62622070
v -12.64472008 10.21442795 464.10778809
v -12.64472008 8.69059467 466.60848999
v -12.64472008 8.68942738 464.10848999
v -12.64472008 4.81585312 466.61029053
v -12.64472008 4.61533737 466.61038208
v -12.64472008 0.74059570 466.61221313
v -12.64472008 -15.52996731 476.11981201
v -12.64472008 -16.37996674 476.12020874
v -12.64472008 0.73942864 464.11221313
v -12.64472008 -8.31057072 464.11642456
v -12.64472008 -8.30940342 466.61642456
v -12.64472008 -12.18414497 466.61822510
v -12.64472008 -12.38466072 466.61834717
v -12.64472008 -15.53440285 466.61981201
v -12.64472008 -30.03440094 466.62658691
v -12.64472008 -30.78440094 466.62692261
v -12.64472008 -30.02996635 476.12655640
v -12.64472008 -29.17996597 476.12615967
v -12.64472008 -29.77167892 493.87646484
v -12.64472008 9.22831631 493.85824585
v -12.64470768 -26.78708649 460.87506104
v -12.64470482 6.21291447 460.85980225
v -11.26275349 12.12260914 477.10690308
v -11.26275349 12.11654091 464.10690308
v -11.82029057 11.83853054 477.10702515
v -11.82029057 11.83246136 464.10702515
v -12.26275349 11.39606667 477.10723877
v -12.26275349 11.38999844 464.10723877
v -12.54683304 10.83853054 477.10748291
v -12.54683304 10.83246136 464.10748291
v 17.35527992 0.73942864 464.11221313
v 17.35527992 -8.31057072 464.11642456
v 4.08028030 -32.78556824 464.12786865
v -4.96971989 -32.78556824 464.12786865
v 4.08028030 -38.38556671 464.13046265
v -4.96971989 -38.38556671 464.13046265
v 12.03028011 -38.38556671 464.13046265
v 12.25528049 -38.38556671 464.13046265
v 12.03028011 -33.26056671 464.12808228
v 16.61153030 -33.26056671 464.12808228
v -18.24472046 0.73942864 464.11221313
v -18.24472046 -8.31057072 464.11642456
v -17.50096893 -33.26056671 464.12808228
v -13.14472008 -38.38556671 464.13046265
v -12.91971970 -33.26056671 464.12808228
v -12.91971970 -38.38556671 464.13046265
v 16.35527992 -25.31056786 464.12435913
v 17.35527992 -25.31056786 464.12435913
v 16.35527992 -16.26056862 464.12014771
v 17.35527992 -16.26056862 464.12014771
v -17.24472046 -16.26056862 464.12014771
v -18.24472046 -16.26056862 464.12014771
v -17.24472046 -25.31056786 464.12435913
v -18.24472046 -25.31056786 464.12435913
v 15.25153065 8.68942738 464.10848999
v -16.14097023 8.68942738 464.10848999
v 17.35527992 0.74059570 466.61221313
v -8.84446239 -32.78440094 466.62786865
v -6.46971989 -34.15546036 466.62850952
v -4.96971989 -32.78440094 466.62786865
v -4.96971989 -38.38439941 466.63046265
v -6.46971989 -38.38439941 466.63046265
v -18.24472046 -9.80940342 466.61712646
v -14.01577759 -9.80940342 466.61712646
v -18.24472046 -8.30940342 466.61642456
v -14.01577759 2.24059558 466.61151123
v -18.24472046 0.74059570 466.61221313
v -18.24472046 2.24059558 466.61151123
v -17.41596985 7.19059515 466.60919189
v -14.01577759 7.19059515 466.60919189
v -16.14097023 8.69059467 466.60848999
v 5.58028030 -38.38439941 466.63046265
v 5.58028030 -34.15546036 466.62850952
v 4.08028030 -38.38439941 466.63046265
v 4.08028030 -32.78440094 466.62786865
v 7.95502281 -32.78440094 466.62786865
v 13.12633801 -9.80940342 466.61712646
v 17.35527992 -8.30940342 466.61642456
v 17.35527992 -9.80940342 466.61712646
v 13.12633801 7.19059515 466.60919189
v 15.25153065 8.69059467 466.60848999
v 16.52653122 7.19059515 466.60919189
v 17.35527992 2.24059558 466.61151123
v 13.12633801 2.24059558 466.61151123
v 13.12633801 -14.75940228 466.61944580
v 16.35527992 -15.53440285 466.61981201
v 17.35527992 -14.75940228 466.61944580
v 17.35527992 -16.25940323 466.62014771
v 16.35527992 -16.25940323 466.62014771
v -17.24472046 -16.25940323 466.62014771
v -17.24472046 -15.53440285 466.61981201
v -18.24472046 -16.25940323 466.62014771
v -18.24472046 -14.75940228 466.61944580
v -14.01577759 -14.75940228 466.61944580
v 16.35527992 -26.80940056 466.62506104
v 17.35527992 -26.80940056 466.62506104
v 16.35527992 -25.30940056 466.62435913
v 17.35527992 -25.30940056 466.62435913
v -17.24472046 -25.30940056 466.62435913
v -18.24472046 -25.30940056 466.62435913
v -17.24472046 -26.80940056 466.62506104
v -18.24472046 -26.80940056 466.62506104
v -13.01984882 -30.03440094 466.62658691
v -14.01577759 -31.75940132 466.62738037
v -12.54683304 -31.40243530 466.62719727
v -12.26275349 -31.95997047 466.62747192
v -12.91971970 -33.25939941 466.62808228
v -11.82029057 -32.40243530 466.62768555
v -11.26275349 -32.68651199 466.62780762
v -11.41971970 -34.15546036 466.62850952
v -10.64472008 -32.78440094 466.62786865
v -9.04497719 -32.78440094 466.62786865
v -17.50096893 -33.25939941 466.62808228
v -18.24472046 -31.75940132 466.62738037
v -18.24472046 -32.38439941 466.62765503
v -12.91971970 -38.38439941 466.63046265
v -11.41971970 -38.38439941 466.63046265
v 8.15553761 -32.78440094 466.62786865
v 10.53028011 -34.15546036 466.62850952
v 9.75528049 -32.78440094 466.62786865
v 10.37331390 -32.68651199 466.62780762
v 12.03028011 -33.25939941 466.62808228
v 10.93085098 -32.40243530 466.62768555
v 11.37331390 -31.95997047 466.62747192
v 13.12633801 -31.75940132 466.62738037
v 11.65739346 -31.40243530 466.62719727
v 12.13040924 -30.03440094 466.62658691
v 10.53028011 -38.38439941 466.63046265
v 12.03028011 -38.38439941 466.63046265
v 16.61153030 -33.25939941 466.62808228
v 17.35527992 -31.75940132 466.62738037
v 17.35527992 -32.38439941 466.62765503
v -6.46971989 -34.15639114 464.62850952
v -8.94471931 -32.72745132 464.62783813
v -8.94471931 -32.72651672 466.62783813
v -6.46971989 -38.38533401 464.63046265
v -11.41971970 -38.38533401 464.63046265
v -13.14472008 -38.38650131 462.13046265
v 12.25528049 -38.38650131 462.13046265
v 10.53028011 -38.38533401 464.63046265
v 5.58028030 -38.38533401 464.63046265
v -18.24472046 -26.81033516 464.62506104
v -15.44471931 -27.93533516 464.62557983
v -14.01577759 -26.81033516 464.62506104
v -14.92809677 -28.03809738 464.62564087
v -14.49012566 -28.33073997 464.62576294
v -18.24472046 -31.76033401 464.62738037
v -16.79471970 -29.28533554 464.62622070
v -16.69195747 -28.76871300 464.62597656
v -16.39931297 -28.33073997 464.62576294
v -14.01577759 -31.76033401 464.62738037
v -15.44471931 -30.63533401 464.62686157
v -15.96134186 -30.53257179 464.62680054
v -16.39931297 -30.23992920 464.62667847
v -12.58683586 -29.28533554 464.62622070
v -14.19748211 -29.80195808 464.62646484
v -14.49012566 -30.23992920 464.62667847
v -14.92809677 -30.53257179 464.62680054
v -14.19748211 -28.76871300 464.62597656
v -14.09471989 -29.28533554 464.62622070
v -16.69195747 -29.80195808 464.62646484
v -15.96134186 -28.03809738 464.62564087
v 13.12633801 -31.76033401 464.62738037
v 13.30804253 -29.80195808 464.62646484
v 11.69739628 -29.28533554 464.62622070
v 13.20528030 -29.28533554 464.62622070
v 13.30804253 -28.76871300 464.62597656
v 17.35527992 -31.76033401 464.62738037
v 14.55528069 -30.63533401 464.62686157
v 14.03865814 -30.53257179 464.62680054
v 13.60068607 -30.23992920 464.62667847
v 17.35527992 -26.81033516 464.62506104
v 15.90528011 -29.28533554 464.62622070
v 15.80251789 -29.80195808 464.62646484
v 15.50987434 -30.23992920 464.62667847
v 13.12633801 -26.81033516 464.62506104
v 14.55528069 -27.93533516 464.62557983
v 15.07190323 -28.03809738 464.62564087
v 15.50987434 -28.33073997 464.62576294
v 13.60068607 -28.33073997 464.62576294
v 14.03865814 -28.03809738 464.62564087
v 15.07190323 -30.53257179 464.62680054
v 15.80251789 -28.76871300 464.62597656
v -18.24472046 6.21466160 464.60964966
v -16.39931297 5.66925573 464.60989380
v -17.41596985 7.18966150 464.60919189
v -15.96134186 5.96189880 464.60977173
v -15.44471931 6.06466150 464.60971069
v -18.24472046 2.23966193 464.61151123
v -16.79471970 4.71466160 464.61035156
v -16.69195747 5.23128414 464.61010742
v -14.01577759 2.23966193 464.61151123
v -15.44471931 3.36466169 464.61099243
v -15.96134186 3.46742439 464.61093140
v -16.39931297 3.76006746 464.61080933
v -12.58683586 4.71466160 464.61035156
v -14.19748211 4.19803905 464.61059570
v -14.49012566 3.76006746 464.61080933
v -14.92809677 3.46742439 464.61093140
v -14.01577759 7.18966150 464.60919189
v -14.19748211 5.23128414 464.61010742
v -14.09471989 4.71466160 464.61035156
v -14.92809677 5.96189880 464.60977173
v -14.49012566 5.66925573 464.60989380
v -16.69195747 4.19803905 464.61059570
v -18.24472046 -14.76033592 464.61944580
v -16.79471970 -12.28533649 464.61828613
v -18.24472046 -9.81033707 464.61712646
v -16.69195747 -11.76871395 464.61804199
v -16.39931297 -11.33074284 464.61782837
v -14.01577759 -14.76033592 464.61944580
v -15.44471931 -13.63533592 464.61892700
v -15.96134186 -13.53257370 464.61886597
v -16.39931297 -13.23993015 464.61874390
v -12.58683586 -12.28533649 464.61828613
v -14.19748211 -12.80195904 464.61853027
v -14.49012566 -13.23993015 464.61874390
v -14.92809677 -13.53257370 464.61886597
v -14.01577759 -9.81033707 464.61712646
v -14.19748211 -11.76871395 464.61804199
v -14.09471989 -12.28533649 464.61828613
v -15.44471931 -10.93533707 464.61764526
v -14.92809677 -11.03809929 464.61770630
v -14.49012566 -11.33074284 464.61782837
v -16.69195747 -12.80195904 464.61853027
v -15.96134186 -11.03809929 464.61770630
v -8.94471931 -36.93533325 464.62979126
v -9.46134186 -36.83257294 464.62973022
v -9.89931393 -36.53992844 464.62960815
v -7.59471989 -35.58533478 464.62915039
v -7.69748211 -36.10195541 464.62939453
v -7.99012566 -36.53992844 464.62960815
v -8.42809677 -34.33809662 464.62857056
v -7.99012566 -34.63074112 464.62872314
v -7.69748211 -35.06871033 464.62893677
v -11.41971970 -34.15639114 464.62850952
v -9.46134186 -34.33809662 464.62857056
v -8.94471931 -34.23533249 464.62854004
v -10.29471970 -35.58533478 464.62915039
v -10.19195747 -35.06871033 464.62893677
v -9.89931393 -34.63074112 464.62872314
v -8.42809677 -36.83257294 464.62973022
v -10.19195747 -36.10195541 464.62939453
v 8.05528069 -36.93533325 464.62979126
v 7.53865767 -36.83257294 464.62973022
v 7.10068607 -36.53992844 464.62960815
v 10.53028011 -34.15639114 464.62850952
v 9.40528011 -35.58533478 464.62915039
v 9.30251789 -36.10195541 464.62939453
v 9.00987434 -36.53992844 464.62960815
v 8.05528069 -32.72745132 464.62783813
v 8.57190323 -34.33809662 464.62857056
v 9.00987434 -34.63074112 464.62872314
v 9.30251789 -35.06871033 464.62893677
v 5.58028030 -34.15639114 464.62850952
v 7.53865767 -34.33809662 464.62857056
v 8.05528069 -34.23533249 464.62854004
v 6.70528030 -35.58533478 464.62915039
v 6.80804300 -35.06871033 464.62893677
v 7.10068607 -34.63074112 464.62872314
v 8.57190323 -36.83257294 464.62973022
v 6.80804300 -36.10195541 464.62939453
v 17.35527992 -9.81033707 464.61712646
v 15.90528011 -12.28533649 464.61828613
v 17.35527992 -14.76033592 464.61944580
v 15.80251789 -12.80195904 464.61853027
v 15.50987434 -13.23993015 464.61874390
v 13.12633801 -9.81033707 464.61712646
v 14.55528069 -10.93533707 464.61764526
v 15.07190323 -11.03809929 464.61770630
v 15.50987434 -11.33074284 464.61782837
v 11.69739628 -12.28533649 464.61828613
v 13.30804253 -11.76871395 464.61804199
v 13.60068607 -11.33074284 464.61782837
v 14.03865814 -11.03809929 464.61770630
v 13.12633801 -14.76033592 464.61944580
v 13.30804253 -12.80195904 464.61853027
v 13.20528030 -12.28533649 464.61828613
v 14.55528069 -13.63533592 464.61892700
v 14.03865814 -13.53257370 464.61886597
v 13.60068607 -13.23993015 464.61874390
v 15.07190323 -13.53257370 464.61886597
v 15.80251789 -11.76871395 464.61804199
v 17.35527992 6.21466160 464.60964966
v 15.90528011 4.71466160 464.61035156
v 17.35527992 2.23966193 464.61151123
v 15.80251789 4.19803905 464.61059570
v 15.50987434 3.76006746 464.61080933
v 16.52653122 7.18966150 464.60919189
v 15.50987434 5.66925573 464.60989380
v 15.80251789 5.23128414 464.61010742
v 13.12633801 7.18966150 464.60919189
v 14.55528069 6.06466150 464.60971069
v 15.07190323 5.96189880 464.60977173
v 11.69739628 4.71466160 464.61035156
v 13.30804253 5.23128414 464.61010742
v 13.60068607 5.66925573 464.60989380
v 14.03865814 5.96189880 464.60977173
v 13.12633801 2.23966193 464.61151123
v 13.30804253 4.19803905 464.61059570
v 13.20528030 4.71466160 464.61035156
v 14.55528069 3.36466169 464.61099243
v 14.03865814 3.46742439 464.61093140
v 13.60068607 3.76006746 464.61080933
v 15.07190323 3.46742439 464.61093140
v -14.01577759 -26.80940056 466.62506104
v 16.35527992 -30.03440094 466.62658691
v 13.12633801 -26.80940056 466.62506104
v 11.69739628 -29.28440094 466.62622070
v -17.24472046 -30.03440094 466.62658691
v -12.58683586 -29.28440094 466.62622070
v 16.35527992 -30.02996635 476.12655640
v 16.35527992 -15.52996731 476.11981201
v 16.10527992 -28.98996544 476.12609863
v 11.38528061 -28.98996544 476.12609863
v 11.15528011 -29.17996597 476.12615967
v 11.38528061 -16.56996727 476.12030029
v 11.15528011 -16.37996674 476.12020874
v 16.10527992 -16.56996727 476.12030029
v -17.24472046 -30.02996635 476.12655640
v -16.99472046 -28.98996544 476.12609863
v -12.27471924 -28.98996544 476.12609863
v -12.04471970 -29.17996597 476.12615967
v -12.27471924 -16.56996727 476.12030029
v -12.04471970 -16.37996674 476.12020874
v -16.99472046 -16.56996727 476.12030029
v -17.24472046 -15.52996731 476.11981201
v -12.58683586 4.71559525 466.61035156
v -12.58683586 -12.28440285 466.61828613
v 8.05528069 -32.72651672 466.62783813
v 11.69739628 -12.28440285 466.61828613
v 11.69739628 4.71559525 466.61035156
v 8.75528049 -32.77167892 493.87783813
v -9.64472008 -32.77167892 493.87783813
v 5.70528030 -32.78707123 460.87786865
v -6.59472322 -32.78707886 460.87802124
v -12.54683304 -31.39753342 477.12719727
v -12.26275349 -31.95506859 477.12747192
v -11.82029057 -32.39753342 477.12768555
v -11.26275349 -32.68161011 477.12780762
v -12.54249763 10.00477314 493.85787964
v -12.24279594 10.72831631 493.85754395
v -11.76603985 11.34963608 493.85726929
v -11.14472008 11.82639217 493.85702515
v -10.42117691 12.12609291 493.85690308
v -12.02740288 9.22874737 494.78213501
v -11.64471912 9.22878265 494.85824585
v -11.94621468 9.84543133 494.78182983
v -11.54683208 9.84681702 494.85797119
v -11.70818424 10.42008877 494.78155518
v -11.26275349 10.40435314 494.85769653
v -11.32953072 10.91355896 494.78134155
v -10.82028961 10.84681606 494.85748291
v -10.83606148 11.29221153 494.78115845
v -10.26275349 11.13089561 494.85736084
v -10.26140308 11.53024197 494.78103638
v -9.64472008 11.22878265 494.85729980
v -9.64472008 11.61143017 494.78100586
v -10.34537029 11.84350967 494.56411743
v -9.64472008 11.93575287 494.56408691
v -10.40147495 12.05274487 494.23962402
v -9.64472008 12.15237427 494.23956299
v -11.10665989 11.76064873 494.23974609
v -11.71221447 11.29598904 494.23995972
v -12.17687321 10.69043446 494.24023438
v -12.46897030 9.98525047 494.24057007
v -12.56859875 9.22849464 494.24093628
v -12.35182667 9.22864628 494.56533813
v -12.25958347 9.92929649 494.56503296
v -11.98914242 10.58219910 494.56472778
v -11.55893326 11.14285946 494.56445312
v -10.99827290 11.57306862 494.56427002
v 10.65739250 9.84681702 494.85797119
v 10.37331390 10.40435314 494.85769653
v 10.75528049 9.22878265 494.85824585
v 9.93085098 10.84681606 494.85748291
v 9.37331390 11.13089561 494.85736084
v 8.75528049 11.22878265 494.85729980
v 2.37873530 0.61685878 494.86227417
v 2.37873530 -0.15929103 494.86264038
v -0.25022879 3.07213950 494.86111450
v 0.50968719 2.91422725 494.86120605
v 1.19881928 2.55714774 494.86135864
v -3.29471970 0.22878388 494.86245728
v -3.18903399 0.99770457 494.86209106
v -3.18903399 -0.54013681 494.86279297
v -11.64471912 -29.77121353 494.87646484
v -2.87981510 -1.25203025 494.86312866
v -2.38999605 -1.85409844 494.86343384
v -9.64472008 -31.77121162 494.87738037
v -1.75590503 -2.30168867 494.86361694
v -1.02456927 -2.56160545 494.86373901
v -0.25022879 -2.61457181 494.86376953
v 8.75528049 -31.77121162 494.87738037
v 0.50968719 -2.45665956 494.86370850
v 1.19881928 -2.09958005 494.86352539
v 1.76605749 -1.56981659 494.86328125
v 10.75528049 -29.77121353 494.87646484
v 2.16933250 -0.90665913 494.86297607
v -11.54683208 -30.38924599 494.87673950
v -11.26275349 -30.94678307 494.87701416
v -10.82028961 -31.38924599 494.87719727
v -10.26275349 -31.67332458 494.87734985
v 9.37331390 -31.67332458 494.87734985
v 9.93085098 -31.38924599 494.87719727
v 10.37331390 -30.94678307 494.87701416
v 10.65739250 -30.38924599 494.87673950
v -2.87981510 1.70959795 494.86175537
v -2.38999605 2.31166625 494.86148071
v -1.75590503 2.75925636 494.86126709
v -1.02456927 3.01917315 494.86114502
v 1.76605749 2.02738428 494.86160278
v 2.16933250 1.36422682 494.86190796
v 8.75528049 11.61143017 494.78100586
v 9.37196445 11.53024197 494.78103638
v 9.94662189 11.29221153 494.78115845
v 10.44009209 10.91355896 494.78134155
v 10.81874466 10.42008877 494.78155518
v 11.05677509 9.84543133 494.78182983
v 11.13796329 9.22874737 494.78213501
v 11.37014484 9.92929649 494.56503296
v 11.46238708 9.22864628 494.56533813
v 11.57953072 9.98525047 494.24057007
v 11.67916012 9.22849464 494.24093628
v 11.65305805 10.00477314 493.85787964
v 11.28743458 10.69043446 494.24023438
v 11.35335636 10.72831631 493.85754395
v 10.82277489 11.29598904 494.23995972
v 10.87660027 11.34963608 493.85726929
v 10.21722031 11.76064873 494.23974609
v 10.25528049 11.82639217 493.85702515
v 9.51203632 12.05274487 494.23962402
v 9.53173733 12.12609291 493.85690308
v 8.75528049 12.15237427 494.23956299
v 8.75528049 11.93575287 494.56408691
v 9.45593071 11.84350967 494.56411743
v 10.10883331 11.57306862 494.56427002
v 10.66949368 11.14285946 494.56445312
v 11.09970379 10.58219910 494.56472778
v -3.51138639 11.61143017 494.78100586
v 2.62194705 11.61143017 494.78100586
v 2.62194705 11.93575287 494.56408691
v 2.62194705 12.15237427 494.23956299
v -3.51138639 12.15237427 494.23956299
v -3.51138639 11.93575287 494.56408691
v 11.13796329 -6.37125111 494.78939819
v 11.13796329 1.42874825 494.78576660
v 11.46238708 1.42864704 494.56900024
v 11.67916012 1.42849553 494.24456787
v 11.67916012 -6.37150383 494.24819946
v 11.67916012 -14.17150307 494.25186157
v 11.46238708 -14.17135143 494.57626343
v 11.46238708 -21.97134972 494.57992554
v 11.13796329 -21.97124863 494.79669189
v 11.13796329 -29.77124786 494.80032349
v 11.13796329 -14.17125034 494.79306030
v 11.46238708 -6.37135220 494.57263184
v 11.46238708 -29.77134895 494.58355713
v 11.67916012 -21.97150230 494.25549316
v 11.67916012 -29.77150154 494.25912476
v 11.05677509 -30.38793182 494.80062866
v 10.81874466 -30.96258926 494.80087280
v 10.44009209 -31.45606041 494.80111694
v 9.94662189 -31.83471298 494.80130005
v 9.37196445 -32.07274246 494.80139160
v 8.75528049 -32.15393066 494.80145264
v 9.45593071 -32.38621521 494.58477783
v 8.75528049 -32.47845459 494.58480835
v 9.51203632 -32.59575272 494.26046753
v 8.75528049 -32.69538116 494.26049805
v 9.53173733 -32.66945648 493.87780762
v 10.21722031 -32.30365372 494.26031494
v 10.25528049 -32.36975479 493.87765503
v 10.82277489 -31.83899498 494.26010132
v 10.87660027 -31.89299965 493.87744141
v 11.28743458 -31.23344040 494.25982666
v 11.35335636 -31.27167892 493.87716675
v 11.57953072 -30.52825737 494.25949097
v 11.65305805 -30.54813766 493.87680054
v 11.37014484 -30.47200012 494.58389282
v 11.09970379 -31.12490273 494.58419800
v 10.66949368 -31.68556213 494.58444214
v 10.10883331 -32.11577225 494.58465576
v 2.62194705 -32.15393066 494.80145264
v -3.51138639 -32.15393066 494.80145264
v -9.64472008 -32.15393066 494.80145264
v -3.51138639 -32.47845459 494.58480835
v -9.64472008 -32.47845459 494.58480835
v -3.51138639 -32.69538116 494.26049805
v -9.64472008 -32.69538116 494.26049805
v 2.62194705 -32.69538116 494.26049805
v 2.62194705 -32.47845459 494.58480835
v -10.26140308 -32.07274246 494.80139160
v -10.83606148 -31.83471298 494.80130005
v -11.32953072 -31.45606041 494.80111694
v -11.70818424 -30.96258926 494.80087280
v -11.94621468 -30.38793182 494.80062866
v -12.02740288 -29.77124786 494.80032349
v -12.25958347 -30.47200012 494.58389282
v -12.35182667 -29.77134895 494.58355713
v -12.46897030 -30.52825737 494.25949097
v -12.56859875 -29.77150154 494.25912476
v -12.54249763 -30.54813766 493.87680054
v -12.17687321 -31.23344040 494.25982666
v -12.24279594 -31.27167892 493.87716675
v -11.71221447 -31.83899498 494.26010132
v -11.76603985 -31.89299965 493.87744141
v -11.10665989 -32.30365372 494.26031494
v -11.14472008 -32.36975479 493.87765503
v -10.40147495 -32.59575272 494.26046753
v -10.42117691 -32.66945648 493.87780762
v -10.34537029 -32.38621521 494.58477783
v -10.99827290 -32.11577225 494.58465576
v -11.55893326 -31.68556213 494.58444214
v -11.98914242 -31.12490273 494.58419800
v -12.02740288 -14.17125034 494.79306030
v -12.02740288 -21.97124863 494.79669189
v -12.35182667 -21.97134972 494.57992554
v -12.56859875 -21.97150230 494.25549316
v -12.56859875 -14.17150307 494.25186157
v -12.56859875 -6.37150383 494.24819946
v -12.35182667 -6.37135220 494.57263184
v -12.35182667 1.42864704 494.56900024
v -12.02740288 1.42874825 494.78576660
v -12.02740288 -6.37125111 494.78939819
v -12.35182667 -14.17135143 494.57626343
v -12.56859875 1.42849553 494.24456787
v -3.18903399 -0.53787267 499.71279907
v -3.29471970 0.23104802 499.71243286
v -3.18903399 0.99996871 499.71209717
v -2.87981510 1.71186209 499.71176147
v -2.38999605 2.31393027 499.71148682
v -1.75590503 2.76152062 499.71127319
v -1.02456927 3.02143741 499.71115112
v -0.25022879 3.07440376 499.71112061
v 0.50968719 2.91649127 499.71118164
v 1.19881928 2.55941200 499.71136475
v 1.76605749 2.02964854 499.71160889
v 2.16933250 1.36649096 499.71191406
v 2.37873530 0.61912292 499.71228027
v 2.37873530 -0.15702689 499.71261597
v 2.16933250 -0.90439498 499.71298218
v 1.76605749 -1.56755245 499.71328735
v 1.19881928 -2.09731603 499.71353149
v 0.50968719 -2.45439529 499.71371460
v -0.25022879 -2.61230755 499.71377563
v -1.02456927 -2.55934143 499.71374512
v -1.75590503 -2.29942465 499.71362305
v -2.38999605 -1.85183430 499.71340942
v -2.87981510 -1.24976611 499.71313477
v 10.37331390 -32.68161011 477.12780762
v 10.93085098 -32.39753342 477.12768555
v 11.37331390 -31.95506859 477.12747192
v 11.65739346 -31.39753342 477.12719727
v 5.69635773 -32.75997543 460.59371948
v -0.44472137 -32.71386337 460.41421509
v -6.58527470 -32.75887299 460.58761597
v -6.56095886 -32.68585587 460.33544922
v -6.53099871 -32.59602737 460.14459229
v -0.44472137 -32.50084305 459.99578857
v -6.45335865 -32.36352539 459.83251953
v -0.44472137 -32.16889954 459.66372681
v -6.30589342 -31.92138481 459.51785278
v -0.44472137 -31.75055122 459.45056152
v -6.22628832 -31.68254089 459.43023682
v 5.30463696 -31.58504868 459.40701294
v 5.40015459 -31.87266159 459.49633789
v 5.48836136 -32.13661575 459.64086914
v 5.56374311 -32.36355209 459.83255005
v 5.62451458 -32.54598999 460.06164551
v 5.66917086 -32.67918015 460.31842041
v 6.62837696 -32.17165375 460.87728882
v 6.63102674 -32.15415955 460.77276611
v 6.70528030 -31.78708839 460.87753296
v 6.62001324 -32.14982224 460.66851807
v 6.65703249 -31.77119827 460.50000000
v 6.60189390 -32.14269638 460.56594849
v 6.57683086 -32.13285828 460.46588135
v 6.37123537 -32.47753525 460.54763794
v 6.34129477 -32.46403885 460.44335938
v 6.21010590 -32.60487366 460.55368042
v 6.17919207 -32.58998489 460.45202637
v 6.12217760 -32.65513992 460.56036377
v 6.09117174 -32.63970184 460.46118164
v 6.03134155 -32.69581604 460.56927490
v 6.00049734 -32.67993164 460.47320557
v 5.84693050 -32.74826050 460.59265137
v 5.81710243 -32.73180008 460.50451660
v 6.40628958 -32.49339294 460.76623535
v 6.41242790 -32.49415207 460.87771606
v 6.24639988 -32.62240601 460.76809692
v 6.08680058 -32.71144485 460.87777710
v 6.15862560 -32.67333984 460.77029419
v 6.06764269 -32.71455002 460.77319336
v 6.14477491 -32.66641235 460.66387939
v 6.05384064 -32.70741653 460.66976929
v 5.88211441 -32.76769638 460.78097534
v 5.86872339 -32.76029205 460.68530273
v 5.80958509 -32.58292770 460.14843750
v 5.73640347 -32.68741226 460.34521484
v 5.91673613 -32.63705444 460.29779053
v 6.00680542 -32.59799194 460.27914429
v 6.09490252 -32.54972076 460.26458740
v 6.25928879 -32.42742920 460.24911499
v 6.50737476 -32.10584259 460.27560425
v 5.65735912 -32.43087387 459.91009521
v 5.74272823 -32.38763046 459.87625122
v 5.63403797 -32.16493988 459.67013550
v 5.91019106 -32.27807617 459.82971191
v 5.93678331 -31.89610481 459.62863159
v 6.19766092 -31.98995018 459.83004761
v 6.28123569 -31.64621162 459.83218384
v 6.51386929 -31.72370529 460.14416504
v 5.65021753 -31.79501152 459.49700928
v 5.35280275 -31.69099617 459.43261719
v 5.61814070 -31.42531395 459.43515015
v 5.96985197 -31.54267311 459.58676147
v 6.41525030 -32.07064438 460.10134888
v 6.15274000 -32.38077927 460.07760620
v 5.98627710 -32.49871063 460.10198975
v 5.89848900 -32.54526520 460.12271118
v 6.23261595 -32.61573792 460.65951538
v 6.39299345 -32.48736954 460.65570068
v 8.77456951 -36.72891998 462.12969971
v 8.30666542 -36.91288757 462.12979126
v 7.80389500 -36.91288757 462.12979126
v -8.69333458 -36.91288757 462.12979126
v -9.19610500 -36.91288757 462.12979126
v -9.66400814 -36.72891998 462.12969971
v 7.33599138 -36.72891998 462.12969971
v -8.22543049 -36.72891998 462.12969971
v -11.64472008 7.21289873 460.85919189
v -11.24407673 6.00950146 459.38946533
v -11.33959389 6.29719830 459.47851562
v -11.42780018 6.56128836 459.62280273
v -11.50318241 6.78840303 459.81427002
v -11.56395435 6.97105455 460.04318237
v -11.60861015 7.10448456 460.29983521
v -11.63579750 7.18553591 460.57507324
v -12.56781578 6.59747887 460.85919189
v -12.57046604 6.57988739 460.75469971
v -12.55945301 6.57545185 460.65045166
v -12.59647179 6.19667244 460.48226929
v -12.54133320 6.56822872 460.54788208
v -12.51627064 6.55830050 460.44781494
v -12.31067467 6.90305185 460.52926636
v -12.28073406 6.88946104 460.42498779
v -12.14954567 7.03039503 460.53515625
v -12.11863136 7.01541328 460.43353271
v -12.06161690 7.08066940 460.54180908
v -12.03061104 7.06513929 460.44262695
v -11.97078133 7.12135267 460.55065918
v -11.93993664 7.10537910 460.45462036
v -11.78637028 7.17382193 460.57400513
v -11.75654221 7.15727854 460.48590088
v -12.34572887 6.91911602 460.74783325
v -12.35186672 6.91997671 460.85931396
v -12.18583965 7.04813099 460.74957275
v -12.02624035 7.13727140 460.85919189
v -12.09806538 7.09906387 460.75170898
v -12.00708199 7.14027882 460.75460815
v -12.08421421 7.09203863 460.64532471
v -11.99327946 7.13304949 460.65115356
v -11.82155418 7.19342995 460.76229858
v -11.80816269 7.18593979 460.66665649
v -11.74902439 7.00807428 460.12997437
v -11.67584324 7.11274052 460.32662964
v -11.85617542 7.06233740 460.27923584
v -11.94624424 7.02326059 460.26065063
v -12.03434181 6.97497320 460.24612427
v -12.19872856 6.85266781 460.23077393
v -12.44681454 6.53110647 460.25756836
v -11.59679890 6.85579586 459.89175415
v -11.68216801 6.81252146 459.85797119
v -11.57347679 6.58963871 459.65203857
v -11.84963036 6.70292234 459.81152344
v -11.87622356 6.32076359 459.61077881
v -12.13710022 6.41479778 459.81213379
v -12.22067547 6.07106161 459.81457520
v -12.45330906 6.14884758 460.12649536
v -11.58965683 6.21954775 459.47927856
v -11.29223347 6.11546946 459.41497803
v -11.53950024 5.84380388 459.41268921
v -11.90929127 5.96729326 459.56924438
v -12.35468960 6.49574375 460.08334351
v -12.09217930 6.80585766 460.05929565
v -11.92571640 6.92381334 460.08358765
v -11.83792877 6.97038460 460.10427856
v -12.17205524 7.04135895 460.64099121
v -12.33243275 6.91298628 460.63729858
v -12.57128239 -10.28730202 460.40374756
v -12.57128239 -18.53730202 460.40762329
v -12.61747742 -26.77829552 460.59091187
v -12.53655434 -26.75123787 460.31564331
v -12.35806751 -18.53749657 459.98928833
v -12.40324497 -26.70670128 460.05889893
v -12.22070026 -26.64603615 459.82986450
v -12.02596664 -18.53765297 459.65737915
v -11.99367428 -26.57074356 459.63827515
v -11.72965240 -26.48260498 459.49380493
v -11.60752010 -18.53775215 459.44439697
v -11.44199657 -26.38712883 459.40457153
v -11.60752010 -10.28775215 459.44052124
v -11.60752010 -2.03775191 459.43667603
v -12.02596664 -2.03765249 459.64965820
v -12.35806751 -2.03749752 459.98156738
v -12.57128239 -2.03730226 460.39990234
v -12.35806751 -10.28749752 459.98544312
v -12.02596664 -10.28765202 459.65350342
v -12.02928829 -27.71018219 460.87521362
v -12.01174545 -27.71288109 460.77069092
v -11.64472294 -27.78708458 460.87567139
v -12.00735855 -27.70191574 460.66644287
v -11.62865734 -27.73901367 460.49810791
v -12.00018406 -27.68384552 460.56387329
v -11.99030209 -27.65882874 460.46380615
v -12.33501530 -27.45319557 460.54528809
v -12.32147312 -27.42330360 460.44097900
v -12.46235561 -27.29206276 460.55120850
v -12.44742107 -27.26119614 460.44955444
v -12.51262665 -27.20413017 460.55783081
v -12.49714279 -27.17317200 460.45861816
v -12.55330563 -27.11329079 460.56665039
v -12.53737736 -27.08249092 460.47058105
v -12.60576344 -26.92886925 460.58993530
v -12.58926201 -26.89908218 460.50180054
v -12.35097694 -27.48814774 460.76391602
v -12.35178566 -27.49423218 460.87539673
v -12.47999096 -27.32825661 460.76562500
v -12.56908035 -27.16860580 460.87518311
v -12.53092289 -27.24048042 460.76773071
v -12.57213688 -27.14949608 460.77059937
v -12.52394772 -27.22668076 460.66134644
v -12.56495571 -27.13574219 460.66717529
v -12.62528419 -26.96396446 460.77825928
v -12.61783886 -26.95061874 460.68258667
v -12.44022369 -26.89173126 460.14578247
v -12.54479790 -26.81845665 460.34246826
v -12.49441719 -26.99881172 460.29513550
v -12.45534897 -27.08889008 460.27658081
v -12.40706825 -27.17699432 460.26205444
v -12.28477001 -27.34138680 460.24673462
v -11.96319675 -27.58946037 460.27349854
v -12.28805637 -26.73961639 459.90744019
v -12.24479771 -26.82500076 459.87365723
v -12.02201080 -26.71640778 459.66760254
v -12.13522053 -26.99248505 459.82723999
v -11.75315571 -27.01917076 459.62634277
v -11.84709549 -27.27995491 459.82785034
v -11.50335884 -27.36352921 459.83016968
v -11.58099842 -27.59601593 460.14224243
v -11.65200138 -26.73266792 459.49465942
v -11.54795265 -26.43527412 459.43017578
v -11.27628803 -26.68254089 459.42788696
v -11.39970493 -27.05225945 459.58468628
v -11.92791557 -27.49741745 460.09921265
v -12.23803997 -27.23491859 460.07519531
v -12.35598469 -27.06844330 460.09945679
v -12.40254593 -26.98064613 460.12011719
v -12.47326946 -27.31452370 460.65704346
v -12.34489918 -27.47490120 460.65335083
v -9.59471989 -27.78708458 460.87551880
v -9.59471989 -27.71388626 460.41195679
v -9.59471989 -27.50102234 459.99371338
v -9.59471989 -27.16933060 459.66171265
v -9.59471989 -26.75127792 459.44845581
v -9.00233269 -26.80962372 459.44848633
v -8.43271160 -26.98241615 459.44854736
v -7.90774536 -27.26301575 459.44869995
v -7.44760847 -27.64064026 459.44888306
v -7.06998444 -28.10077667 459.44909668
v -6.78938389 -28.62574387 459.44934082
v -6.61659098 -29.19536400 459.44958496
v -6.55824614 -29.78775215 459.44985962
v -6.97639799 -29.78765106 459.66293335
v -7.02670860 -29.27684212 459.66268921
v -7.17570591 -28.78566360 459.66247559
v -7.41766500 -28.33299065 459.66226196
v -7.74328661 -27.93621826 459.66207886
v -8.14005852 -27.61059761 459.66192627
v -8.59273148 -27.36863899 459.66180420
v -9.08391094 -27.21964073 459.66174316
v -9.14865112 -27.54495621 459.99374390
v -9.19021606 -27.75372696 460.41198730
v -8.97668552 -27.88497162 460.87557983
v -8.80125809 -27.87171555 460.41204834
v -8.44279194 -28.06332016 460.41213989
v -8.71972370 -27.67506981 459.99380493
v -8.32442284 -27.88636398 459.99389648
v -7.30824566 -29.78749657 459.99478149
v -7.35217953 -29.34142876 459.99456787
v -7.48229313 -28.91250038 459.99438477
v -7.69358587 -28.51720047 459.99417114
v -7.97793818 -28.17071533 459.99401855
v -7.52130461 -29.78730202 460.41293335
v -7.56114483 -29.38279915 460.41275024
v -7.67913389 -28.99383926 460.41256714
v -7.87073803 -28.63537407 460.41238403
v -8.12859344 -28.32117653 460.41223145
v -7.59471989 -29.78708458 460.87646484
v -7.69260645 -29.16905212 460.87615967
v -7.97668552 -28.61151505 460.87591553
v -8.41914940 -28.16905212 460.87570190
v -7.59470749 -31.78708458 460.87738037
v -6.39199686 -31.38712883 459.40692139
v -6.67965221 -31.48260307 459.49615479
v -6.94367456 -31.57074356 459.64062500
v -7.17070007 -31.64603615 459.83221436
v -7.35324478 -31.70669937 460.06124878
v -7.48655462 -31.75123596 460.31799316
v -7.56747770 -31.77829552 460.59326172
v -6.97928810 -32.71018219 460.87753296
v -6.96174526 -32.71287918 460.77304077
v -6.95735836 -32.70191574 460.66879272
v -6.95018339 -32.68384552 460.56619263
v -6.94030142 -32.65882874 460.46612549
v -7.28501463 -32.45319366 460.54763794
v -7.27147293 -32.42330170 460.44332886
v -7.41235542 -32.29206085 460.55352783
v -7.39742088 -32.26119614 460.45187378
v -7.46262646 -32.20413208 460.56015015
v -7.44714260 -32.17317200 460.46096802
v -7.50330544 -32.11328888 460.56900024
v -7.48737717 -32.08248901 460.47293091
v -7.55576372 -31.92886925 460.59225464
v -7.53926182 -31.89908218 460.50411987
v -7.30097723 -32.48814774 460.76623535
v -7.30178595 -32.49423218 460.87771606
v -7.42999125 -32.32825470 460.76797485
v -7.51908016 -32.16860580 460.87753296
v -7.48092318 -32.24047852 460.77008057
v -7.52213669 -32.14949799 460.77294922
v -7.47394753 -32.22668076 460.66369629
v -7.51495552 -32.13574219 460.66949463
v -7.57528448 -31.96396446 460.78057861
v -7.56783867 -31.95061874 460.68493652
v -7.39022350 -31.89172935 460.14813232
v -7.49479818 -31.81845665 460.34481812
v -7.44441700 -31.99881172 460.29748535
v -7.40534878 -32.08889008 460.27890015
v -7.35706806 -32.17699432 460.26440430
v -7.23476982 -32.34138870 460.24908447
v -6.91319656 -32.58946228 460.27584839
v -7.23805666 -31.73961639 459.90975952
v -7.19479799 -31.82500076 459.87600708
v -6.97201109 -31.71640587 459.66992188
v -7.08522034 -31.99248505 459.82958984
v -6.70315552 -32.01917267 459.62869263
v -6.79709530 -32.27995682 459.83020020
v -6.60200119 -31.73266602 459.49697876
v -6.49795246 -31.43527412 459.43249512
v -6.87791491 -32.49741745 460.10156250
v -7.42326975 -32.31452179 460.65936279
v -7.29489899 -32.47490311 460.65570068
v -7.18804026 -32.23491669 460.07751465
v -7.30598450 -32.06844330 460.10180664
v -7.35254622 -31.98064613 460.12246704
v 10.75528049 -27.78707314 460.87551880
v 11.13680077 -27.71144676 460.87545776
v 11.46242809 -27.49415207 460.87539673
v 11.67837715 -27.17165375 460.87493896
v 11.68102646 -27.15415955 460.77044678
v 11.67001343 -27.14982224 460.66619873
v 11.65189457 -27.14269447 460.56359863
v 11.62683105 -27.13286018 460.46356201
v 11.42123508 -27.47753525 460.54531860
v 11.39129448 -27.46404076 460.44100952
v 11.26010609 -27.60487175 460.55133057
v 11.22919178 -27.58998489 460.44970703
v 11.17217731 -27.65513992 460.55801392
v 11.14117146 -27.63970375 460.45883179
v 11.08134174 -27.69581604 460.56692505
v 11.05049706 -27.67993164 460.47085571
v 10.89693069 -27.74826241 460.59030151
v 10.86710262 -27.73180199 460.50219727
v 10.74635792 -27.75997543 460.59136963
v 10.71917057 -27.67918205 460.31607056
v 11.45628929 -27.49339485 460.76391602
v 11.29640007 -27.62240791 460.76577759
v 11.20862579 -27.67333984 460.76794434
v 11.11764240 -27.71455193 460.77087402
v 11.19477463 -27.66641235 460.66156006
v 11.10384083 -27.70741844 460.66741943
v 10.93211460 -27.76769447 460.77862549
v 10.91872311 -27.76029396 460.68298340
v 10.67451477 -27.54599190 460.05929565
v 10.85958481 -27.58292961 460.14611816
v 10.78640366 -27.68741226 460.34289551
v 10.96673584 -27.63705444 460.29544067
v 11.05680561 -27.59799385 460.27679443
v 11.14490223 -27.54972076 460.26223755
v 11.30928898 -27.42742920 460.24676514
v 11.55737495 -27.10584259 460.27328491
v 10.70735931 -27.43087387 459.90774536
v 10.61374283 -27.36355400 459.83020020
v 10.79272842 -27.38763046 459.87393188
v 10.68403816 -27.16493988 459.66781616
v 10.96019077 -27.27807617 459.82739258
v 10.98678398 -26.89610481 459.62628174
v 11.24766159 -26.98995018 459.82772827
v 10.53836155 -27.13661766 459.63854980
v 10.45015430 -26.87266350 459.49398804
v 10.70021725 -26.79501152 459.49468994
v 10.40279388 -26.69099236 459.43029785
v 10.35463715 -26.58504868 459.40466309
v 11.46525097 -27.07064247 460.09902954
v 11.28261566 -27.61573792 460.65716553
v 11.44299316 -27.48736763 460.65335083
v 11.20273972 -27.38077927 460.07525635
v 11.03627682 -27.49871254 460.09967041
v 10.94848919 -27.54526520 460.12039185
v 8.70528030 -26.75127792 459.44845581
v 8.70528030 -27.16933060 459.66171265
v 8.70528030 -27.50102234 459.99371338
v 8.70528030 -27.71388626 460.41195679
v 8.70528030 -27.78708458 460.87551880
v 5.66880703 -29.78775215 459.44985962
v 5.72715187 -29.19536400 459.44958496
v 5.89994478 -28.62574387 459.44934082
v 6.18054485 -28.10077667 459.44909668
v 6.55816936 -27.64064026 459.44888306
v 7.01830626 -27.26301575 459.44869995
v 7.54327202 -26.98241615 459.44854736
v 8.11289406 -26.80962372 459.44848633
v 8.19447136 -27.21964073 459.66174316
v 7.70329189 -27.36863899 459.66180420
v 7.25061893 -27.61059761 459.66192627
v 6.85384750 -27.93621826 459.66207886
v 6.52822542 -28.33299065 459.66226196
v 6.28626680 -28.78566360 459.66247559
v 6.13726902 -29.27684212 459.66268921
v 6.08695889 -29.78765106 459.66293335
v 6.46273994 -29.34142876 459.99456787
v 6.41880608 -29.78749657 459.99478149
v 6.67170525 -29.38279915 460.41275024
v 6.63186502 -29.78730202 460.41293335
v 6.70528030 -29.78708458 460.87646484
v 6.80316734 -29.16905212 460.87615967
v 6.78969431 -28.99383926 460.41256714
v 6.98129845 -28.63537407 460.41238403
v 6.59285355 -28.91250038 459.99438477
v 6.80414629 -28.51720047 459.99417114
v 8.25921154 -27.54495621 459.99374390
v 7.83028460 -27.67506981 459.99380493
v 7.43498325 -27.88636398 459.99389648
v 7.08849907 -28.17071533 459.99401855
v 8.30077744 -27.75372696 460.41198730
v 7.91181850 -27.87171555 460.41204834
v 7.55335236 -28.06332016 460.41213989
v 7.23915434 -28.32117653 460.41223145
v 8.08724594 -27.88497162 460.87557983
v 7.52970982 -28.16905212 460.87570190
v 7.08724642 -28.61151505 460.87591553
v 11.38528061 -16.56943130 477.27029419
v 11.38528061 -28.98942947 477.27609253
v 16.10527992 -16.56943130 477.27029419
v 16.10527992 -28.98942947 477.27609253
v -12.27471924 -16.56943130 477.27029419
v -16.99472046 -16.56943130 477.27029419
v -12.27471924 -28.98942947 477.27609253
v -16.99472046 -28.98942947 477.27609253
f 1 2 3
f 3 2 4
f 3 4 5
f 5 4 6
f 7 8 9
f 9 8 10
f 10 8 11
f 10 11 12
f 12 11 13
f 12 13 14
f 14 13 15
f 14 15 16
f 16 15 17
f 16 17 18
f 19 20 21
f 21 20 22
f 22 20 23
f 22 23 24
f 24 23 25
f 24 25 26
f 26 25 27
f 26 27 28
f 28 27 29
f 28 29 30
f 31 32 33
f 33 32 34
f 34 32 35
f 34 35 36
f 36 35 37
f 36 37 38
f 38 37 39
f 38 39 40
f 40 39 41
f 40 41 42
f 43 44 45
f 45 44 46
f 45 46 47
f 47 46 48
f 47 48 49
f 49 50 47
f 47 50 51
f 51 50 52
f 51 52 53
f 53 54 51
f 51 54 55
f 55 54 56
f 55 56 57
f 58 59 60
f 60 59 61
f 60 61 62
f 62 61 63
f 62 63 64
f 64 65 62
f 62 65 66
f 66 65 67
f 66 67 68
f 68 69 66
f 66 69 70
f 70 69 71
f 70 71 72
f 73 74 75
f 75 74 76
f 75 76 77
f 77 76 78
f 77 78 79
f 79 80 77
f 77 80 81
f 81 80 82
f 81 82 83
f 83 84 81
f 81 84 85
f 85 84 86
f 85 86 87
f 88 89 90
f 90 89 91
f 90 91 92
f 92 91 93
f 92 93 94
f 94 95 92
f 92 95 96
f 96 95 97
f 96 97 98
f 98 99 96
f 96 99 100
f 100 99 101
f 100 101 102
f 103 104 105
f 105 104 106
f 105 106 107
f 107 106 108
f 107 108 109
f 109 110 107
f 107 110 111
f 111 110 112
f 111 112 113
f 113 114 111
f 111 114 115
f 115 114 116
f 115 116 117
f 118 119 120
f 120 119 121
f 120 121 122
f 122 121 123
f 122 123 124
f 124 125 122
f 122 125 126
f 126 125 127
f 126 127 128
f 128 129 126
f 126 129 130
f 130 129 131
f 130 131 132
f 133 134 135
f 135 134 136
f 135 136 137
f 137 136 138
f 137 138 139
f 139 140 137
f 137 140 141
f 141 140 142
f 141 142 143
f 143 144 141
f 141 144 145
f 145 144 146
f 145 146 147
f 148 149 150
f 150 149 151
f 150 151 152
f 152 151 153
f 152 153 154
f 154 153 155
f 154 155 156
f 156 155 157
f 156 157 158
f 158 157 159
f 158 159 160
f 160 159 161
f 160 161 162
f 162 161 163
f 162 163 164
f 164 163 165
f 164 165 166
f 166 165 167
f 166 167 168
f 168 167 169
f 168 169 170
f 170 169 171
f 170 171 172
f 172 171 173
f 172 173 174
f 174 173 175
f 174 175 176
f 176 175 177
f 176 177 178
f 178 177 179
f 178 179 180
f 180 179 181
f 180 181 182
f 182 181 183
f 182 183 184
f 184 183 185
f 184 185 186
f 186 185 187
f 186 187 188
f 188 187 189
f 188 189 190
f 188 190 191
f 191 190 192
f 191 192 193
f 193 192 194
f 193 194 195
f 195 194 196
f 195 196 197
f 197 196 198
f 197 198 199
f 199 198 200
f 199 200 201
f 201 200 202
f 201 202 203
f 203 202 204
f 203 204 205
f 205 204 206
f 205 206 207
f 207 206 208
f 207 208 209
f 209 208 210
f 209 210 211
f 211 210 212
f 211 212 213
f 213 212 214
f 213 214 215
f 215 214 216
f 215 216 217
f 217 216 218
f 217 218 219
f 219 218 220
f 219 220 221
f 221 220 222
f 221 222 223
f 223 222 224
f 223 224 225
f 225 224 226
f 225 226 227
f 227 226 228
f 227 228 229
f 230 231 232
f 232 231 233
f 232 233 234
f 234 233 235
f 234 235 236
f 236 235 237
f 236 237 238
f 238 237 239
f 239 237 240
f 239 240 241
f 241 240 242
f 241 242 243
f 243 242 244
f 243 244 245
f 245 244 246
f 245 246 247
f 231 248 233
f 233 248 249
f 233 249 235
f 235 249 250
f 235 250 237
f 237 250 240
f 248 251 249
f 249 251 252
f 249 252 250
f 250 252 253
f 250 253 240
f 240 253 242
f 251 254 252
f 252 254 255
f 252 255 253
f 253 255 256
f 253 256 242
f 242 256 244
f 254 257 255
f 255 257 258
f 255 258 256
f 256 258 246
f 256 246 244
f 259 260 247
f 247 260 261
f 247 261 245
f 245 261 262
f 245 262 243
f 243 262 241
f 260 259 263
f 263 259 264
f 263 264 265
f 263 265 260
f 260 265 266
f 260 266 262
f 262 266 267
f 262 267 241
f 241 267 239
f 262 261 260
f 230 268 269
f 269 268 270
f 269 270 271
f 271 270 272
f 271 272 273
f 273 272 274
f 273 274 275
f 275 274 276
f 275 276 277
f 277 257 275
f 275 257 254
f 275 254 273
f 273 254 251
f 273 251 271
f 271 251 248
f 271 248 269
f 269 248 231
f 269 231 230
f 278 279 280
f 280 279 281
f 280 281 282
f 283 284 282
f 282 284 285
f 282 285 280
f 280 285 286
f 280 286 278
f 278 286 287
f 287 286 288
f 287 288 268
f 268 288 270
f 270 288 289
f 270 289 272
f 272 289 290
f 272 290 274
f 274 290 291
f 274 291 276
f 276 291 277
f 277 291 292
f 292 291 293
f 292 293 294
f 294 293 295
f 294 295 296
f 296 295 297
f 296 297 285
f 285 297 286
f 298 299 283
f 283 299 300
f 283 300 284
f 284 300 285
f 298 301 299
f 299 301 302
f 299 302 303
f 303 302 304
f 303 304 305
f 302 301 306
f 306 301 307
f 306 307 308
f 308 304 306
f 306 304 302
f 292 294 305
f 305 294 309
f 305 309 303
f 303 309 300
f 303 300 299
f 300 309 296
f 296 309 294
f 296 285 300
f 295 293 290
f 290 293 291
f 297 295 289
f 289 295 290
f 286 297 288
f 288 297 289
f 278 310 279
f 279 310 311
f 279 311 312
f 278 287 310
f 310 287 313
f 313 287 268
f 313 268 314
f 314 268 315
f 315 268 316
f 316 268 317
f 317 268 230
f 317 230 318
f 318 230 319
f 319 230 320
f 320 230 321
f 321 230 322
f 322 230 232
f 322 232 323
f 323 232 234
f 323 234 236
f 324 325 236
f 236 325 326
f 236 326 327
f 327 328 236
f 236 328 329
f 236 329 323
f 312 330 279
f 279 330 331
f 279 331 332
f 332 333 279
f 334 335 336
f 336 335 337
f 336 337 338
f 338 337 339
f 338 339 340
f 340 339 341
f 340 341 342
f 342 341 343
f 343 341 344
f 343 344 345
f 345 344 346
f 345 346 347
f 347 346 348
f 347 348 349
f 349 348 350
f 349 350 351
f 335 352 337
f 337 352 353
f 337 353 339
f 339 353 354
f 339 354 341
f 341 354 344
f 352 355 353
f 353 355 356
f 353 356 354
f 354 356 357
f 354 357 344
f 344 357 346
f 355 358 356
f 356 358 359
f 356 359 357
f 357 359 360
f 357 360 346
f 346 360 348
f 358 361 359
f 359 361 362
f 359 362 360
f 360 362 350
f 360 350 348
f 363 364 351
f 351 364 365
f 351 365 349
f 349 365 366
f 349 366 347
f 347 366 345
f 364 363 367
f 367 363 368
f 367 368 369
f 367 369 364
f 364 369 370
f 364 370 366
f 366 370 371
f 366 371 345
f 345 371 343
f 366 365 364
f 334 372 373
f 373 372 374
f 373 374 375
f 375 374 376
f 375 376 377
f 377 376 378
f 377 378 379
f 379 378 380
f 379 380 381
f 381 361 379
f 379 361 358
f 379 358 377
f 377 358 355
f 377 355 375
f 375 355 352
f 375 352 373
f 373 352 335
f 373 335 334
f 382 383 384
f 384 383 385
f 384 385 386
f 387 388 386
f 386 388 389
f 386 389 384
f 384 389 390
f 384 390 382
f 382 390 391
f 391 390 392
f 391 392 372
f 372 392 374
f 374 392 393
f 374 393 376
f 376 393 394
f 376 394 378
f 378 394 395
f 378 395 380
f 380 395 381
f 381 395 396
f 396 395 397
f 396 397 398
f 398 397 399
f 398 399 400
f 400 399 401
f 400 401 389
f 389 401 390
f 402 403 387
f 387 403 404
f 387 404 388
f 388 404 389
f 402 405 403
f 403 405 406
f 403 406 407
f 407 406 408
f 407 408 409
f 406 405 410
f 410 405 411
f 410 411 412
f 412 408 410
f 410 408 406
f 396 398 409
f 409 398 413
f 409 413 407
f 407 413 404
f 407 404 403
f 404 413 400
f 400 413 398
f 400 389 404
f 399 397 394
f 394 397 395
f 401 399 393
f 393 399 394
f 390 401 392
f 392 401 393
f 382 414 383
f 383 414 415
f 383 415 416
f 382 391 414
f 414 391 417
f 417 391 372
f 417 372 418
f 418 372 419
f 419 372 420
f 420 372 421
f 421 372 334
f 421 334 422
f 422 334 423
f 423 334 424
f 424 334 425
f 425 334 426
f 426 334 336
f 426 336 427
f 427 336 338
f 427 338 340
f 428 429 340
f 340 429 430
f 340 430 431
f 431 432 340
f 340 432 433
f 340 433 427
f 416 434 383
f 383 434 435
f 383 435 436
f 436 437 383
f 259 438 264
f 264 438 439
f 264 439 411
f 411 439 440
f 411 440 412
f 412 440 408
f 408 440 441
f 408 441 409
f 409 441 442
f 409 442 396
f 396 442 443
f 396 443 381
f 381 443 444
f 381 444 257
f 257 444 445
f 257 445 258
f 258 445 246
f 246 445 446
f 246 446 247
f 247 446 447
f 247 447 259
f 259 447 438
f 441 440 439
f 439 438 448
f 448 438 447
f 448 447 449
f 449 447 446
f 449 446 444
f 444 446 445
f 442 441 448
f 448 441 439
f 442 448 449
f 443 442 449
f 443 449 444
f 324 236 450
f 450 236 238
f 450 238 239
f 239 267 450
f 450 267 451
f 451 267 266
f 451 266 265
f 265 264 451
f 451 264 452
f 452 264 453
f 452 453 454
f 264 411 453
f 453 411 455
f 455 411 456
f 455 456 457
f 456 411 458
f 458 411 405
f 458 405 402
f 402 387 458
f 458 387 459
f 459 387 386
f 459 386 385
f 385 383 459
f 459 383 437
f 459 437 460
f 460 437 461
f 450 462 324
f 324 462 463
f 292 464 277
f 277 464 465
f 277 465 361
f 361 465 466
f 361 466 362
f 362 466 350
f 350 466 467
f 350 467 351
f 351 467 468
f 351 468 363
f 363 468 469
f 363 469 368
f 368 469 470
f 368 470 307
f 307 470 471
f 307 471 308
f 308 471 304
f 304 471 472
f 304 472 305
f 305 472 473
f 305 473 292
f 292 473 464
f 467 466 465
f 465 464 474
f 474 464 473
f 474 473 475
f 475 473 472
f 475 472 470
f 470 472 471
f 468 467 474
f 474 467 465
f 468 474 475
f 469 468 475
f 469 475 470
f 428 340 476
f 476 340 342
f 476 342 343
f 343 371 476
f 476 371 477
f 477 371 370
f 477 370 369
f 369 368 477
f 477 368 478
f 478 368 479
f 478 479 480
f 368 307 479
f 479 307 481
f 481 307 482
f 481 482 483
f 482 307 484
f 484 307 301
f 484 301 298
f 298 283 484
f 484 283 485
f 485 283 282
f 485 282 281
f 281 279 485
f 485 279 333
f 485 333 486
f 486 333 487
f 476 488 428
f 428 488 489
f 459 490 476
f 476 490 491
f 476 491 492
f 460 493 459
f 459 493 494
f 459 494 495
f 496 497 460
f 460 497 498
f 460 498 499
f 499 498 500
f 500 498 501
f 500 501 502
f 502 501 503
f 503 501 504
f 503 504 505
f 505 504 506
f 505 506 507
f 507 506 508
f 507 508 509
f 510 511 496
f 496 511 512
f 496 512 497
f 511 510 513
f 513 510 514
f 513 514 515
f 515 514 516
f 516 514 517
f 516 517 518
f 518 517 519
f 518 519 520
f 520 519 521
f 520 521 522
f 522 521 523
f 522 523 524
f 524 523 525
f 524 525 526
f 526 525 527
f 526 527 528
f 528 527 529
f 528 529 530
f 530 529 531
f 530 531 532
f 532 531 533
f 532 533 509
f 509 533 534
f 509 534 507
f 519 517 535
f 535 517 536
f 535 536 537
f 537 536 538
f 537 538 539
f 539 538 540
f 540 538 541
f 540 541 542
f 542 541 543
f 543 541 544
f 543 544 545
f 545 544 546
f 545 546 547
f 547 546 548
f 547 548 549
f 548 546 550
f 550 546 551
f 550 551 552
f 552 551 553
f 553 551 554
f 553 554 555
f 555 554 556
f 555 556 557
f 557 556 558
f 558 556 488
f 558 488 559
f 559 488 560
f 559 560 561
f 560 488 562
f 562 488 476
f 562 476 563
f 563 476 564
f 563 564 565
f 565 564 566
f 565 566 567
f 567 566 568
f 567 568 569
f 569 568 570
f 569 570 571
f 571 570 572
f 571 572 573
f 573 572 574
f 573 574 575
f 575 574 576
f 575 576 577
f 577 576 578
f 577 578 579
f 579 578 580
f 579 580 581
f 581 580 582
f 581 582 583
f 583 582 584
f 583 584 585
f 585 584 586
f 585 586 587
f 587 586 588
f 587 588 589
f 589 588 590
f 589 590 591
f 591 590 592
f 591 592 476
f 476 592 593
f 476 593 594
f 595 596 597
f 597 596 598
f 597 598 599
f 599 598 600
f 599 600 601
f 601 600 602
f 601 602 603
f 603 602 604
f 603 604 605
f 605 604 606
f 605 606 607
f 607 606 608
f 607 608 533
f 533 608 609
f 533 609 534
f 534 609 610
f 610 609 611
f 610 611 612
f 596 595 613
f 613 595 614
f 613 614 615
f 615 614 459
f 615 459 616
f 616 459 617
f 617 459 618
f 618 459 619
f 619 459 495
f 614 620 459
f 459 620 621
f 459 621 490
f 492 591 476
f 585 622 583
f 583 622 623
f 623 622 624
f 623 624 625
f 625 624 626
f 625 626 627
f 627 626 628
f 627 628 629
f 627 629 630
f 630 629 631
f 630 631 632
f 632 631 633
f 632 633 601
f 601 633 599
f 523 634 525
f 525 634 635
f 635 634 636
f 635 636 637
f 637 636 638
f 637 638 639
f 639 638 640
f 639 640 641
f 639 641 642
f 642 641 643
f 642 643 644
f 644 643 645
f 644 645 646
f 646 645 647
f 646 647 648
f 648 647 649
f 649 647 650
f 649 650 549
f 549 650 547
f 499 493 460
f 493 651 494
f 494 651 652
f 652 651 653
f 652 653 654
f 652 654 655
f 655 654 656
f 655 656 612
f 612 656 610
f 559 561 657
f 657 561 658
f 657 658 659
f 659 658 660
f 659 660 661
f 661 660 662
f 661 662 663
f 663 662 664
f 663 664 665
f 665 664 575
f 665 575 666
f 666 575 667
f 666 667 668
f 668 667 669
f 668 669 670
f 670 669 671
f 670 671 672
f 672 671 646
f 672 646 648
f 664 573 575
f 594 673 476
f 476 673 674
f 476 674 675
f 675 564 476
f 476 477 459
f 459 477 458
f 676 677 678
f 678 677 679
f 678 679 680
f 680 679 681
f 681 679 682
f 681 682 683
f 683 682 684
f 683 684 685
f 685 684 686
f 686 684 687
f 686 687 688
f 688 687 689
f 688 689 690
f 690 689 691
f 691 689 692
f 691 692 693
f 693 692 694
f 693 694 695
f 695 694 696
f 696 694 697
f 696 697 698
f 698 697 699
f 698 699 700
f 700 699 701
f 701 699 702
f 701 702 703
f 703 702 704
f 703 704 705
f 705 704 706
f 706 704 707
f 706 707 708
f 708 707 677
f 708 677 676
f 709 710 711
f 711 710 712
f 711 712 713
f 713 712 714
f 714 712 715
f 714 715 716
f 716 715 717
f 716 717 718
f 718 717 719
f 719 717 720
f 719 720 721
f 721 720 722
f 721 722 723
f 723 722 724
f 724 722 725
f 724 725 726
f 726 725 727
f 726 727 728
f 728 727 729
f 729 727 730
f 729 730 731
f 731 730 732
f 731 732 733
f 733 732 734
f 734 732 735
f 734 735 736
f 736 735 737
f 736 737 738
f 738 737 739
f 739 737 740
f 739 740 741
f 741 740 710
f 741 710 709
f 742 743 744
f 744 743 745
f 744 745 746
f 746 745 747
f 747 745 748
f 747 748 749
f 749 748 750
f 749 750 751
f 751 750 752
f 752 750 753
f 752 753 754
f 754 753 755
f 754 755 756
f 756 755 757
f 757 755 758
f 757 758 759
f 759 758 760
f 759 760 761
f 761 760 762
f 762 760 763
f 762 763 764
f 764 763 765
f 764 765 766
f 766 765 767
f 767 765 768
f 767 768 769
f 769 768 770
f 769 770 771
f 771 770 772
f 772 770 773
f 772 773 774
f 774 773 743
f 774 743 742
f 775 776 777
f 777 776 778
f 777 778 779
f 779 778 780
f 780 778 781
f 780 781 782
f 782 781 783
f 782 783 784
f 784 783 785
f 785 783 786
f 785 786 787
f 787 786 788
f 787 788 789
f 789 788 790
f 790 788 791
f 790 791 792
f 792 791 793
f 792 793 794
f 794 793 795
f 795 793 796
f 795 796 797
f 797 796 798
f 797 798 799
f 799 798 800
f 800 798 801
f 800 801 802
f 802 801 803
f 802 803 804
f 804 803 805
f 805 803 806
f 805 806 807
f 807 806 776
f 807 776 775
f 808 809 810
f 810 809 811
f 810 811 812
f 812 811 813
f 813 811 814
f 813 814 815
f 815 814 816
f 815 816 817
f 817 816 818
f 818 816 819
f 818 819 820
f 820 819 821
f 820 821 822
f 822 821 823
f 823 821 824
f 823 824 825
f 825 824 826
f 825 826 827
f 827 826 828
f 828 826 829
f 828 829 830
f 830 829 831
f 830 831 832
f 832 831 833
f 833 831 834
f 833 834 835
f 835 834 836
f 835 836 837
f 837 836 838
f 838 836 839
f 838 839 840
f 840 839 809
f 840 809 808
f 841 842 843
f 843 842 844
f 843 844 845
f 845 844 846
f 846 844 847
f 846 847 848
f 848 847 849
f 848 849 850
f 850 849 851
f 851 849 852
f 851 852 853
f 853 852 854
f 853 854 855
f 855 854 856
f 856 854 857
f 856 857 858
f 858 857 859
f 858 859 860
f 860 859 861
f 861 859 862
f 861 862 863
f 863 862 864
f 863 864 865
f 865 864 866
f 866 864 867
f 866 867 868
f 868 867 869
f 868 869 870
f 870 869 871
f 871 869 872
f 871 872 873
f 873 872 842
f 873 842 841
f 486 874 485
f 485 874 875
f 485 875 876
f 877 878 486
f 486 878 879
f 486 879 880
f 880 879 881
f 881 879 882
f 881 882 883
f 883 882 884
f 884 882 885
f 884 885 886
f 886 885 887
f 886 887 888
f 888 887 889
f 888 889 890
f 891 892 877
f 877 892 893
f 877 893 878
f 892 891 894
f 894 891 895
f 894 895 896
f 896 895 897
f 897 895 898
f 897 898 899
f 899 898 900
f 899 900 901
f 901 900 902
f 901 902 903
f 903 902 904
f 903 904 905
f 905 904 906
f 905 906 907
f 907 906 908
f 907 908 909
f 909 908 910
f 909 910 911
f 911 910 912
f 911 912 913
f 913 912 914
f 913 914 890
f 890 914 915
f 890 915 888
f 900 898 916
f 916 898 917
f 916 917 918
f 918 917 919
f 918 919 920
f 920 919 921
f 921 919 922
f 921 922 923
f 923 922 924
f 924 922 925
f 924 925 926
f 926 925 927
f 926 927 928
f 928 927 929
f 928 929 930
f 929 927 931
f 931 927 932
f 931 932 933
f 933 932 934
f 934 932 935
f 934 935 936
f 936 935 937
f 936 937 938
f 938 937 939
f 939 937 462
f 939 462 940
f 940 462 941
f 940 941 942
f 941 462 943
f 943 462 450
f 943 450 944
f 944 450 945
f 944 945 946
f 946 945 947
f 946 947 948
f 948 947 949
f 948 949 950
f 950 949 951
f 950 951 952
f 952 951 953
f 952 953 954
f 954 953 955
f 954 955 956
f 956 955 957
f 956 957 958
f 958 957 959
f 958 959 960
f 960 959 961
f 960 961 962
f 962 961 963
f 962 963 964
f 964 963 965
f 964 965 966
f 966 965 967
f 966 967 968
f 968 967 969
f 968 969 970
f 970 969 971
f 970 971 972
f 972 971 973
f 972 973 450
f 450 973 974
f 450 974 975
f 485 976 450
f 450 976 977
f 450 977 978
f 975 979 450
f 450 979 980
f 450 980 981
f 981 945 450
f 982 983 984
f 984 983 985
f 984 985 986
f 986 985 987
f 986 987 988
f 988 987 989
f 988 989 990
f 990 989 991
f 990 991 992
f 992 991 993
f 992 993 994
f 994 993 995
f 994 995 914
f 914 995 996
f 914 996 915
f 915 996 997
f 997 996 998
f 997 998 999
f 983 982 1000
f 1000 982 1001
f 1000 1001 1002
f 1002 1001 485
f 1002 485 1003
f 1003 485 1004
f 1004 485 1005
f 1005 485 1006
f 1006 485 876
f 1001 1007 485
f 485 1007 1008
f 485 1008 976
f 978 972 450
f 966 1009 964
f 964 1009 1010
f 1010 1009 1011
f 1010 1011 1012
f 1012 1011 1013
f 1012 1013 1014
f 1014 1013 1015
f 1014 1015 1016
f 1014 1016 1017
f 1017 1016 1018
f 1017 1018 1019
f 1019 1018 1020
f 1019 1020 988
f 988 1020 986
f 1021 1022 1023
f 1023 1022 1024
f 1023 1024 1025
f 1025 1024 1026
f 1025 1026 930
f 930 1026 928
f 1022 1021 1027
f 1027 1021 1028
f 1027 1028 1029
f 1029 1028 1030
f 1029 1030 1031
f 1031 1030 1032
f 1031 1032 956
f 956 1032 1033
f 956 1033 1034
f 1034 1033 1035
f 1034 1035 1036
f 1036 1035 1037
f 1036 1037 1038
f 1038 1037 1039
f 1038 1039 1040
f 1040 1039 1041
f 1040 1041 942
f 942 1041 940
f 904 1042 906
f 906 1042 1043
f 1043 1042 1044
f 1043 1044 1045
f 1045 1044 1046
f 1045 1046 1047
f 1047 1046 1048
f 1047 1048 1049
f 1047 1049 1050
f 1050 1049 1051
f 1050 1051 1052
f 1052 1051 1053
f 1052 1053 1022
f 1022 1053 1024
f 997 999 1054
f 1054 999 1055
f 1054 1055 1056
f 1056 1055 1057
f 1056 1057 1058
f 1058 1057 1059
f 1059 1057 875
f 1059 875 874
f 1034 954 956
f 880 874 486
f 463 462 1060
f 1060 462 937
f 1060 937 935
f 1060 935 1061
f 1061 935 932
f 1061 932 1062
f 1062 932 927
f 1062 927 1063
f 1063 927 925
f 1063 925 1064
f 1064 925 922
f 1064 922 1065
f 1065 922 919
f 1065 919 1066
f 1066 919 917
f 1066 917 1067
f 1067 917 898
f 1067 898 1068
f 1068 898 895
f 1068 895 1069
f 1069 895 891
f 1069 891 1070
f 1070 891 877
f 1070 877 1071
f 1071 877 487
f 487 877 486
f 1072 1073 1074
f 1074 1073 1075
f 1074 1075 1076
f 1076 1075 1077
f 1077 1075 1078
f 1077 1078 1079
f 1079 1078 1080
f 1079 1080 1081
f 1081 1080 1082
f 1082 1080 1083
f 1082 1083 1084
f 1084 1083 1085
f 1084 1085 1086
f 1086 1085 1087
f 1087 1085 1088
f 1087 1088 1089
f 1089 1088 1090
f 1089 1090 1091
f 1091 1090 1092
f 1092 1090 1093
f 1092 1093 1094
f 1094 1093 1095
f 1094 1095 1096
f 1096 1095 1097
f 1097 1095 1098
f 1097 1098 1099
f 1099 1098 1100
f 1099 1100 1101
f 1101 1100 1102
f 1102 1100 1103
f 1102 1103 1104
f 1104 1103 1073
f 1104 1073 1072
f 1105 1106 1107
f 1107 1106 1108
f 1107 1108 1109
f 1109 1108 1110
f 1110 1108 1111
f 1110 1111 1112
f 1112 1111 1113
f 1112 1113 1114
f 1114 1113 1115
f 1115 1113 1116
f 1115 1116 1117
f 1117 1116 1118
f 1117 1118 1119
f 1119 1118 1120
f 1120 1118 1121
f 1120 1121 1122
f 1122 1121 1123
f 1122 1123 1124
f 1124 1123 1125
f 1125 1123 1126
f 1125 1126 1127
f 1127 1126 1128
f 1127 1128 1129
f 1129 1128 1130
f 1130 1128 1131
f 1130 1131 1132
f 1132 1131 1133
f 1132 1133 1134
f 1134 1133 1135
f 1135 1133 1136
f 1135 1136 1137
f 1137 1136 1106
f 1137 1106 1105
f 1138 1139 1140
f 1140 1139 1141
f 1140 1141 1142
f 1142 1141 1143
f 1143 1141 1144
f 1143 1144 1145
f 1145 1144 1146
f 1145 1146 1147
f 1147 1146 1148
f 1148 1146 1149
f 1148 1149 1150
f 1150 1149 1151
f 1150 1151 1152
f 1152 1151 1153
f 1153 1151 1154
f 1153 1154 1155
f 1155 1154 1156
f 1155 1156 1157
f 1157 1156 1158
f 1158 1156 1159
f 1158 1159 1160
f 1160 1159 1161
f 1160 1161 1162
f 1162 1161 1163
f 1163 1161 1164
f 1163 1164 1165
f 1165 1164 1166
f 1165 1166 1167
f 1167 1166 1168
f 1168 1166 1169
f 1168 1169 1170
f 1170 1169 1139
f 1170 1139 1138
f 1171 1172 1173
f 1173 1172 1174
f 1173 1174 1175
f 1175 1174 1176
f 1176 1174 1177
f 1176 1177 1178
f 1178 1177 1179
f 1178 1179 1180
f 1180 1179 1181
f 1181 1179 1182
f 1181 1182 1183
f 1183 1182 1184
f 1183 1184 1185
f 1185 1184 1186
f 1186 1184 1187
f 1186 1187 1188
f 1188 1187 1189
f 1188 1189 1190
f 1190 1189 1191
f 1191 1189 1192
f 1191 1192 1193
f 1193 1192 1194
f 1193 1194 1195
f 1195 1194 1196
f 1196 1194 1197
f 1196 1197 1198
f 1198 1197 1199
f 1198 1199 1200
f 1200 1199 1201
f 1201 1199 1202
f 1201 1202 1203
f 1203 1202 1172
f 1203 1172 1171
f 1204 1205 1206
f 1206 1205 1207
f 1206 1207 1208
f 1208 1207 1209
f 1209 1207 1210
f 1209 1210 1211
f 1211 1210 1212
f 1211 1212 1213
f 1213 1212 1214
f 1214 1212 1215
f 1214 1215 1216
f 1216 1215 1217
f 1216 1217 1218
f 1218 1217 1219
f 1219 1217 1220
f 1219 1220 1221
f 1221 1220 1222
f 1221 1222 1223
f 1223 1222 1224
f 1224 1222 1225
f 1224 1225 1226
f 1226 1225 1227
f 1226 1227 1228
f 1228 1227 1229
f 1229 1227 1230
f 1229 1230 1231
f 1231 1230 1232
f 1231 1232 1233
f 1233 1232 1234
f 1234 1232 1235
f 1234 1235 1236
f 1236 1235 1205
f 1236 1205 1204
f 1237 1238 1239
f 1239 1238 1240
f 1239 1240 1241
f 1241 1240 1242
f 1242 1240 1243
f 1242 1243 1244
f 1244 1243 1245
f 1244 1245 1246
f 1246 1245 1247
f 1247 1245 1248
f 1247 1248 1249
f 1249 1248 1250
f 1249 1250 1251
f 1251 1250 1252
f 1252 1250 1253
f 1252 1253 1254
f 1254 1253 1255
f 1254 1255 1256
f 1256 1255 1257
f 1257 1255 1258
f 1257 1258 1259
f 1259 1258 1260
f 1259 1260 1261
f 1261 1260 1262
f 1262 1260 1263
f 1262 1263 1264
f 1264 1263 1265
f 1264 1265 1266
f 1266 1265 1267
f 1267 1265 1268
f 1267 1268 1269
f 1269 1268 1238
f 1269 1238 1237
f 437 1270 461
f 461 1270 1271
f 461 1271 1272
f 1272 1273 461
f 461 1273 1274
f 461 1274 1275
f 1275 1276 461
f 461 1276 1277
f 461 1277 1278
f 1278 1277 1279
f 1278 1279 1280
f 1280 1279 1281
f 1281 1279 1282
f 1282 1279 1283
f 1283 1279 1284
f 1284 1279 1285
f 1284 1285 1286
f 1287 1288 1279
f 1279 1288 1289
f 1279 1289 1290
f 1290 1291 1279
f 1279 1291 1292
f 1279 1292 1293
f 1293 1292 1294
f 1293 1294 1295
f 1295 1294 1296
f 1295 1296 1297
f 1297 1296 1298
f 1297 1298 1299
f 1299 1298 1300
f 1299 1300 1301
f 1301 1300 1302
f 1301 1302 1303
f 1303 1302 1304
f 1304 1302 1305
f 1305 1302 1286
f 1286 1302 1306
f 1286 1306 1284
f 1300 1307 1302
f 1302 1307 1308
f 1302 1308 1309
f 1309 1310 1302
f 1302 1310 1311
f 1312 1313 1302
f 1302 1313 1314
f 1302 1314 1315
f 1313 1312 489
f 489 1312 1316
f 489 1316 1317
f 1317 1318 489
f 489 1318 1319
f 489 1319 1320
f 1320 1321 489
f 489 1321 1322
f 489 1322 428
f 1315 1323 1302
f 1302 1323 1324
f 1302 1324 1306
f 1293 1325 1279
f 1279 1325 1326
f 1279 1326 1327
f 1327 1285 1279
f 277 361 257
f 257 361 381
f 1302 1311 1328
f 1328 1311 1329
f 1322 1330 428
f 428 1330 1331
f 428 1331 429
f 429 1331 1332
f 429 1332 430
f 430 1332 1333
f 430 1333 431
f 431 1333 1334
f 431 1334 432
f 432 1334 1335
f 432 1335 433
f 433 1335 1336
f 433 1336 427
f 427 1336 1337
f 427 1337 426
f 426 1337 1338
f 426 1338 425
f 425 1338 1339
f 425 1339 424
f 424 1339 1340
f 424 1340 423
f 423 1340 1341
f 423 1341 422
f 422 1341 1342
f 422 1342 421
f 421 1342 1343
f 421 1343 420
f 420 1343 1344
f 420 1344 419
f 419 1344 1345
f 419 1345 418
f 418 1345 1346
f 418 1346 417
f 417 1346 1347
f 417 1347 414
f 414 1347 1348
f 414 1348 415
f 415 1348 1349
f 415 1349 416
f 416 1349 1350
f 416 1350 434
f 434 1350 1351
f 434 1351 435
f 435 1351 1352
f 435 1352 436
f 436 1352 1353
f 436 1353 437
f 437 1353 1354
f 437 1354 1270
f 1270 1354 1355
f 1270 1355 1271
f 1271 1355 1356
f 1271 1356 1272
f 1272 1356 1357
f 1272 1357 1273
f 1273 1357 1358
f 1273 1358 1274
f 1274 1358 1359
f 1274 1359 1275
f 1275 1359 1360
f 1275 1360 1276
f 1276 1360 1361
f 1276 1361 1277
f 1277 1361 1362
f 1277 1362 1279
f 1330 1322 1363
f 1363 1322 1321
f 1363 1321 1364
f 1364 1321 1320
f 1364 1320 1365
f 1365 1320 1319
f 1365 1319 1366
f 1366 1319 1318
f 1366 1318 1367
f 1367 1318 1317
f 1367 1317 1368
f 1368 1317 1316
f 1368 1316 1369
f 1369 1316 1312
f 1369 1312 1328
f 1328 1312 1302
f 324 463 1370
f 1370 463 1371
f 1371 463 1372
f 1372 463 1373
f 1373 463 1374
f 1374 463 1375
f 1375 463 1376
f 1376 463 1377
f 1377 463 1060
f 1377 1060 1378
f 1378 1060 1061
f 1378 1061 1062
f 1062 1063 1378
f 1378 1063 1064
f 1378 1064 1065
f 1378 1065 1379
f 1379 1065 1066
f 1379 1066 1380
f 1380 1066 1381
f 1380 1381 1382
f 1382 1381 1383
f 1383 1381 1384
f 1384 1381 1385
f 1385 1381 1386
f 1385 1386 1387
f 1066 1067 1381
f 1381 1067 1068
f 1381 1068 1069
f 1069 1070 1381
f 1381 1070 1071
f 1381 1071 1388
f 1388 1071 487
f 1388 487 1389
f 1389 487 1390
f 1390 487 1391
f 1391 487 1392
f 1392 487 1393
f 1393 487 1394
f 1394 487 1395
f 1395 487 333
f 1396 1397 1381
f 1381 1397 1398
f 1381 1398 1399
f 1399 1400 1381
f 1381 1400 1386
f 1385 1387 1401
f 1401 1387 1402
f 1401 1402 1403
f 1403 1402 1404
f 1403 1404 1405
f 1405 1404 1406
f 1405 1406 1407
f 1407 1406 1378
f 1407 1378 1408
f 1408 1378 1409
f 1409 1378 1410
f 1410 1378 1379
f 1406 1411 1378
f 1378 1411 1412
f 1378 1412 1413
f 1413 1414 1378
f 1378 1414 1415
f 148 1378 149
f 149 1378 1415
f 149 1415 1416
f 1417 1396 228
f 228 1396 1381
f 228 1381 229
f 1361 1418 1362
f 1362 1418 1419
f 1362 1419 1420
f 1418 1361 1421
f 1421 1361 1360
f 1421 1360 1422
f 1422 1360 1359
f 1422 1359 1423
f 1423 1359 1424
f 1424 1359 1358
f 1424 1358 1425
f 1425 1358 1357
f 1425 1357 1426
f 1426 1357 1356
f 1426 1356 1427
f 1427 1356 1428
f 1427 1428 1429
f 1428 1356 1430
f 1430 1356 1355
f 1430 1355 1431
f 1431 1355 1354
f 1431 1354 1432
f 1432 1354 1353
f 1432 1353 1433
f 1433 1353 1434
f 1434 1353 1352
f 1434 1352 1435
f 1435 1352 1351
f 1435 1351 1436
f 1436 1351 1437
f 1436 1437 1438
f 1438 1437 1439
f 1438 1439 1440
f 1440 1439 1441
f 1441 1439 1442
f 1441 1442 1443
f 1443 1442 1444
f 1443 1444 1445
f 1445 1444 1446
f 1445 1446 1447
f 1447 1446 1448
f 1447 1448 1449
f 1449 1448 1345
f 1449 1345 1450
f 1450 1345 1344
f 1450 1344 1451
f 1451 1344 1343
f 1451 1343 1452
f 1452 1343 1342
f 1452 1342 1453
f 1453 1342 1454
f 1454 1342 1341
f 1454 1341 1455
f 1455 1341 1340
f 1455 1340 1456
f 1456 1340 1339
f 1456 1339 1457
f 1457 1339 1338
f 1457 1338 1458
f 1458 1338 1459
f 1459 1338 1337
f 1459 1337 1460
f 1460 1337 1336
f 1460 1336 1461
f 1461 1336 1462
f 1462 1336 1335
f 1462 1335 1463
f 1463 1335 1334
f 1463 1334 1464
f 1464 1334 1333
f 1464 1333 1465
f 1465 1333 1466
f 1466 1333 1332
f 1466 1332 1467
f 1467 1332 1468
f 1468 1332 1331
f 1468 1331 1469
f 1469 1331 1330
f 1469 1330 1470
f 1470 1330 1471
f 1471 1330 1363
f 1471 1363 1472
f 1472 1363 1364
f 1472 1364 1473
f 1473 1364 1474
f 1473 1474 1475
f 1437 1351 1476
f 1476 1351 1350
f 1476 1350 1477
f 1477 1350 1349
f 1477 1349 1478
f 1478 1349 1348
f 1478 1348 1479
f 1479 1348 1347
f 1479 1347 1480
f 1480 1347 1481
f 1481 1347 1346
f 1481 1346 1482
f 1482 1346 1345
f 1482 1345 1448
f 1364 1365 1474
f 1474 1365 1483
f 1483 1365 1366
f 1483 1366 1484
f 1484 1366 1485
f 1485 1366 1367
f 1485 1367 1486
f 1486 1367 1368
f 1486 1368 1487
f 1487 1368 1488
f 1488 1368 1369
f 1488 1369 1489
f 1489 1369 1328
f 1489 1328 1490
f 1490 1328 1491
f 1491 1328 1329
f 1491 1329 1492
f 1492 1329 1493
f 1493 1329 1475
f 1475 1329 1494
f 1475 1494 1473
f 1495 1496 1329
f 1329 1496 1497
f 1329 1497 1494
f 1496 1495 1498
f 1498 1495 1499
f 1498 1499 1500
f 1500 1499 1501
f 1501 1499 1502
f 1501 1502 1503
f 1503 1502 1504
f 1503 1504 1505
f 1505 1504 1506
f 1505 1506 1507
f 1507 1506 1508
f 1507 1508 1509
f 1506 1510 1508
f 1508 1510 1511
f 1511 1510 1512
f 1511 1512 1513
f 1513 1512 1514
f 1513 1514 1447
f 1447 1514 1445
f 1438 1440 1515
f 1515 1440 1516
f 1515 1516 1517
f 1362 1420 1517
f 1517 1420 1518
f 1517 1518 1519
f 1456 1457 1509
f 1509 1457 1507
f 1498 1500 1465
f 1465 1500 1464
f 1519 1520 1517
f 1517 1520 1521
f 1517 1521 1522
f 1521 1520 1429
f 1429 1520 1427
f 1522 1515 1517
f 1287 1279 1517
f 1517 1279 1362
f 667 575 1311
f 1311 575 577
f 1311 577 1495
f 1495 577 1499
f 1499 577 579
f 1499 579 1502
f 1502 579 581
f 1502 581 1504
f 1504 581 583
f 1504 583 1506
f 1506 583 623
f 1506 623 1510
f 1510 623 625
f 1510 625 1512
f 1512 625 627
f 1512 627 1514
f 1514 627 630
f 1514 630 1445
f 1445 630 632
f 1445 632 1443
f 1443 632 601
f 1443 601 1441
f 1441 601 603
f 1441 603 1440
f 1440 603 605
f 1440 605 1516
f 1516 605 607
f 1516 607 1287
f 1287 607 533
f 1287 533 1288
f 1288 533 531
f 1288 531 1289
f 1289 531 529
f 1289 529 1290
f 1290 529 527
f 1290 527 1291
f 1291 527 525
f 1291 525 1292
f 1292 525 635
f 1292 635 1294
f 1294 635 637
f 1294 637 1296
f 1296 637 639
f 1296 639 1298
f 1298 639 642
f 1298 642 1300
f 1300 642 644
f 1300 644 1307
f 1307 644 646
f 1307 646 1308
f 1308 646 671
f 1308 671 1309
f 1309 671 669
f 1309 669 1310
f 1310 669 667
f 1310 667 1311
f 1287 1517 1516
f 1495 1329 1311
f 1370 164 324
f 324 164 166
f 324 166 325
f 325 166 168
f 325 168 326
f 326 168 170
f 326 170 327
f 327 170 172
f 327 172 328
f 328 172 174
f 328 174 329
f 329 174 176
f 329 176 323
f 323 176 178
f 323 178 322
f 322 178 180
f 322 180 321
f 321 180 182
f 321 182 320
f 320 182 184
f 320 184 319
f 319 184 186
f 319 186 318
f 318 186 188
f 318 188 317
f 317 188 191
f 317 191 316
f 316 191 193
f 316 193 315
f 315 193 195
f 315 195 314
f 314 195 197
f 314 197 313
f 313 197 199
f 313 199 310
f 310 199 201
f 310 201 311
f 311 201 203
f 311 203 312
f 312 203 205
f 312 205 330
f 330 205 207
f 330 207 331
f 331 207 209
f 331 209 332
f 332 209 211
f 332 211 333
f 333 211 213
f 333 213 1395
f 1395 213 215
f 1395 215 1394
f 1394 215 217
f 1394 217 1393
f 1393 217 219
f 1393 219 1392
f 1392 219 221
f 1392 221 1391
f 1391 221 223
f 1391 223 1390
f 1390 223 225
f 1390 225 1389
f 1389 225 227
f 1389 227 1388
f 1388 227 229
f 1388 229 1381
f 164 1370 162
f 162 1370 1371
f 162 1371 160
f 160 1371 1372
f 160 1372 158
f 158 1372 1373
f 158 1373 156
f 156 1373 1374
f 156 1374 154
f 154 1374 1375
f 154 1375 152
f 152 1375 1376
f 152 1376 150
f 150 1376 1377
f 150 1377 148
f 148 1377 1378
f 1076 967 1074
f 1074 967 965
f 1074 965 1072
f 1072 965 963
f 1072 963 1104
f 1104 963 961
f 1104 961 1102
f 1102 961 959
f 1102 959 1101
f 1101 959 957
f 1101 957 1099
f 1099 957 955
f 1099 955 1097
f 1097 955 953
f 1097 953 1096
f 1096 953 951
f 1096 951 1094
f 1094 951 949
f 1094 949 1092
f 1092 949 947
f 1092 947 1091
f 1091 947 945
f 1091 945 1089
f 1089 945 981
f 1089 981 1087
f 1087 981 980
f 1087 980 1086
f 1086 980 979
f 1086 979 1084
f 1084 979 975
f 1084 975 1082
f 1082 975 974
f 1082 974 1081
f 1081 974 973
f 1081 973 1079
f 1079 973 971
f 1079 971 1077
f 1077 971 969
f 1077 969 1076
f 1076 969 967
f 1208 882 1206
f 1206 882 879
f 1206 879 1204
f 1204 879 878
f 1204 878 1236
f 1236 878 893
f 1236 893 1234
f 1234 893 892
f 1234 892 1233
f 1233 892 894
f 1233 894 1231
f 1231 894 896
f 1231 896 1229
f 1229 896 897
f 1229 897 1228
f 1228 897 899
f 1228 899 1226
f 1226 899 901
f 1226 901 1224
f 1224 901 903
f 1224 903 1223
f 1223 903 905
f 1223 905 1221
f 1221 905 907
f 1221 907 1219
f 1219 907 909
f 1219 909 1218
f 1218 909 911
f 1218 911 1216
f 1216 911 913
f 1216 913 1214
f 1214 913 890
f 1214 890 1213
f 1213 890 889
f 1213 889 1211
f 1211 889 887
f 1211 887 1209
f 1209 887 885
f 1209 885 1208
f 1208 885 882
f 1142 982 1140
f 1140 982 984
f 1140 984 1138
f 1138 984 986
f 1138 986 1170
f 1170 986 1020
f 1170 1020 1168
f 1168 1020 1018
f 1168 1018 1167
f 1167 1018 1016
f 1167 1016 1165
f 1165 1016 1015
f 1165 1015 1163
f 1163 1015 1013
f 1163 1013 1162
f 1162 1013 1011
f 1162 1011 1160
f 1160 1011 1009
f 1160 1009 1158
f 1158 1009 966
f 1158 966 1157
f 1157 966 968
f 1157 968 1155
f 1155 968 970
f 1155 970 1153
f 1153 970 972
f 1153 972 1152
f 1152 972 978
f 1152 978 1150
f 1150 978 977
f 1150 977 1148
f 1148 977 976
f 1148 976 1147
f 1147 976 1008
f 1147 1008 1145
f 1145 1008 1007
f 1145 1007 1143
f 1143 1007 1001
f 1143 1001 1142
f 1142 1001 982
f 1175 1021 1173
f 1173 1021 1023
f 1173 1023 1171
f 1171 1023 1025
f 1171 1025 1203
f 1203 1025 930
f 1203 930 1201
f 1201 930 929
f 1201 929 1200
f 1200 929 931
f 1200 931 1198
f 1198 931 933
f 1198 933 1196
f 1196 933 934
f 1196 934 1195
f 1195 934 936
f 1195 936 1193
f 1193 936 938
f 1193 938 1191
f 1191 938 939
f 1191 939 1190
f 1190 939 940
f 1190 940 1188
f 1188 940 1041
f 1188 1041 1186
f 1186 1041 1039
f 1186 1039 1185
f 1185 1039 1037
f 1185 1037 1183
f 1183 1037 1035
f 1183 1035 1181
f 1181 1035 1033
f 1181 1033 1180
f 1180 1033 1032
f 1180 1032 1178
f 1178 1032 1030
f 1178 1030 1176
f 1176 1030 1028
f 1176 1028 1175
f 1175 1028 1021
f 1109 904 1107
f 1107 904 902
f 1107 902 1105
f 1105 902 900
f 1105 900 1137
f 1137 900 916
f 1137 916 1135
f 1135 916 918
f 1135 918 1134
f 1134 918 920
f 1134 920 1132
f 1132 920 921
f 1132 921 1130
f 1130 921 923
f 1130 923 1129
f 1129 923 924
f 1129 924 1127
f 1127 924 926
f 1127 926 1125
f 1125 926 928
f 1125 928 1124
f 1124 928 1026
f 1124 1026 1122
f 1122 1026 1024
f 1122 1024 1120
f 1120 1024 1053
f 1120 1053 1119
f 1119 1053 1051
f 1119 1051 1117
f 1117 1051 1049
f 1117 1049 1115
f 1115 1049 1048
f 1115 1048 1114
f 1114 1048 1046
f 1114 1046 1112
f 1112 1046 1044
f 1112 1044 1110
f 1110 1044 1042
f 1110 1042 1109
f 1109 1042 904
f 1241 876 1239
f 1239 876 875
f 1239 875 1237
f 1237 875 1057
f 1237 1057 1269
f 1269 1057 1055
f 1269 1055 1267
f 1267 1055 999
f 1267 999 1266
f 1266 999 998
f 1266 998 1264
f 1264 998 996
f 1264 996 1262
f 1262 996 995
f 1262 995 1261
f 1261 995 993
f 1261 993 1259
f 1259 993 991
f 1259 991 1257
f 1257 991 989
f 1257 989 1256
f 1256 989 987
f 1256 987 1254
f 1254 987 985
f 1254 985 1252
f 1252 985 983
f 1252 983 1251
f 1251 983 1000
f 1251 1000 1249
f 1249 1000 1002
f 1249 1002 1247
f 1247 1002 1003
f 1247 1003 1246
f 1246 1003 1004
f 1246 1004 1244
f 1244 1004 1005
f 1244 1005 1242
f 1242 1005 1006
f 1242 1006 1241
f 1241 1006 876
f 779 586 777
f 777 586 584
f 777 584 775
f 775 584 582
f 775 582 807
f 807 582 580
f 807 580 805
f 805 580 578
f 805 578 804
f 804 578 576
f 804 576 802
f 802 576 574
f 802 574 800
f 800 574 572
f 800 572 799
f 799 572 570
f 799 570 797
f 797 570 568
f 797 568 795
f 795 568 566
f 795 566 794
f 794 566 564
f 794 564 792
f 792 564 675
f 792 675 790
f 790 675 674
f 790 674 789
f 789 674 673
f 789 673 787
f 787 673 594
f 787 594 785
f 785 594 593
f 785 593 784
f 784 593 592
f 784 592 782
f 782 592 590
f 782 590 780
f 780 590 588
f 780 588 779
f 779 588 586
f 845 501 843
f 843 501 498
f 843 498 841
f 841 498 497
f 841 497 873
f 873 497 512
f 873 512 871
f 871 512 511
f 871 511 870
f 870 511 513
f 870 513 868
f 868 513 515
f 868 515 866
f 866 515 516
f 866 516 865
f 865 516 518
f 865 518 863
f 863 518 520
f 863 520 861
f 861 520 522
f 861 522 860
f 860 522 524
f 860 524 858
f 858 524 526
f 858 526 856
f 856 526 528
f 856 528 855
f 855 528 530
f 855 530 853
f 853 530 532
f 853 532 851
f 851 532 509
f 851 509 850
f 850 509 508
f 850 508 848
f 848 508 506
f 848 506 846
f 846 506 504
f 846 504 845
f 845 504 501
f 812 595 810
f 810 595 597
f 810 597 808
f 808 597 599
f 808 599 840
f 840 599 633
f 840 633 838
f 838 633 631
f 838 631 837
f 837 631 629
f 837 629 835
f 835 629 628
f 835 628 833
f 833 628 626
f 833 626 832
f 832 626 624
f 832 624 830
f 830 624 622
f 830 622 828
f 828 622 585
f 828 585 827
f 827 585 587
f 827 587 825
f 825 587 589
f 825 589 823
f 823 589 591
f 823 591 822
f 822 591 492
f 822 492 820
f 820 492 491
f 820 491 818
f 818 491 490
f 818 490 817
f 817 490 621
f 817 621 815
f 815 621 620
f 815 620 813
f 813 620 614
f 813 614 812
f 812 614 595
f 680 672 678
f 678 672 648
f 678 648 676
f 676 648 649
f 676 649 708
f 708 649 549
f 708 549 706
f 706 549 548
f 706 548 705
f 705 548 550
f 705 550 703
f 703 550 552
f 703 552 701
f 701 552 553
f 701 553 700
f 700 553 555
f 700 555 698
f 698 555 557
f 698 557 696
f 696 557 558
f 696 558 695
f 695 558 559
f 695 559 693
f 693 559 657
f 693 657 691
f 691 657 659
f 691 659 690
f 690 659 661
f 690 661 688
f 688 661 663
f 688 663 686
f 686 663 665
f 686 665 685
f 685 665 666
f 685 666 683
f 683 666 668
f 683 668 681
f 681 668 670
f 681 670 680
f 680 670 672
f 746 523 744
f 744 523 521
f 744 521 742
f 742 521 519
f 742 519 774
f 774 519 535
f 774 535 772
f 772 535 537
f 772 537 771
f 771 537 539
f 771 539 769
f 769 539 540
f 769 540 767
f 767 540 542
f 767 542 766
f 766 542 543
f 766 543 764
f 764 543 545
f 764 545 762
f 762 545 547
f 762 547 761
f 761 547 650
f 761 650 759
f 759 650 647
f 759 647 757
f 757 647 645
f 757 645 756
f 756 645 643
f 756 643 754
f 754 643 641
f 754 641 752
f 752 641 640
f 752 640 751
f 751 640 638
f 751 638 749
f 749 638 636
f 749 636 747
f 747 636 634
f 747 634 746
f 746 634 523
f 713 495 711
f 711 495 494
f 711 494 709
f 709 494 652
f 709 652 741
f 741 652 655
f 741 655 739
f 739 655 612
f 739 612 738
f 738 612 611
f 738 611 736
f 736 611 609
f 736 609 734
f 734 609 608
f 734 608 733
f 733 608 606
f 733 606 731
f 731 606 604
f 731 604 729
f 729 604 602
f 729 602 728
f 728 602 600
f 728 600 726
f 726 600 598
f 726 598 724
f 724 598 596
f 724 596 723
f 723 596 613
f 723 613 721
f 721 613 615
f 721 615 719
f 719 615 616
f 719 616 718
f 718 616 617
f 718 617 716
f 716 617 618
f 716 618 714
f 714 618 619
f 714 619 713
f 713 619 495
f 944 1523 943
f 943 1523 1524
f 943 1524 941
f 941 1524 73
f 941 73 75
f 1523 944 1525
f 1525 944 946
f 1525 946 1526
f 1526 946 948
f 1526 948 1527
f 1527 948 950
f 1527 950 1528
f 1528 950 952
f 1528 952 1529
f 1529 952 954
f 1529 954 1530
f 1530 954 1034
f 1530 1034 87
f 87 1034 1036
f 87 1036 85
f 85 1036 1038
f 85 1038 81
f 81 1038 1040
f 81 1040 77
f 77 1040 942
f 77 942 75
f 75 942 941
f 1154 107 1156
f 1156 107 111
f 1156 111 1159
f 1159 111 115
f 1159 115 1161
f 1161 115 117
f 1161 117 1164
f 1164 117 1531
f 1164 1531 1166
f 1166 1531 1532
f 1166 1532 1169
f 1169 1532 1533
f 1169 1533 1139
f 1139 1533 1534
f 1139 1534 1141
f 1141 1534 1535
f 1141 1535 1144
f 1144 1535 1536
f 1144 1536 1537
f 107 1154 105
f 105 1154 1151
f 105 1151 103
f 103 1151 1149
f 103 1149 1538
f 1538 1149 1146
f 1538 1146 1537
f 1537 1146 1144
f 1121 1407 1123
f 1123 1407 1408
f 1123 1408 1126
f 1126 1408 1409
f 1126 1409 1128
f 1128 1409 1410
f 1128 1410 1131
f 1131 1410 1379
f 1131 1379 1133
f 1133 1379 1380
f 1133 1380 1136
f 1136 1380 1382
f 1136 1382 1106
f 1106 1382 1383
f 1106 1383 1108
f 1108 1383 1384
f 1108 1384 1111
f 1111 1384 1385
f 1111 1385 1113
f 1113 1385 1401
f 1113 1401 1116
f 1116 1401 1403
f 1116 1403 1118
f 1118 1403 1405
f 1118 1405 1121
f 1121 1405 1407
f 1031 956 1415
f 1415 956 958
f 1415 958 1539
f 1539 958 1540
f 1540 958 960
f 1540 960 1541
f 1541 960 962
f 1541 962 1542
f 1542 962 964
f 1542 964 1543
f 1543 964 1010
f 1543 1010 1544
f 1544 1010 1012
f 1544 1012 1545
f 1545 1012 1014
f 1545 1014 1546
f 1546 1014 1017
f 1546 1017 1547
f 1547 1017 1019
f 1547 1019 1548
f 1548 1019 988
f 1548 988 1549
f 1549 988 990
f 1549 990 1550
f 1550 990 992
f 1550 992 1551
f 1551 992 994
f 1551 994 1396
f 1396 994 914
f 1396 914 1397
f 1397 914 912
f 1397 912 1398
f 1398 912 910
f 1398 910 1399
f 1399 910 908
f 1399 908 1400
f 1400 908 906
f 1400 906 1386
f 1386 906 1043
f 1386 1043 1387
f 1387 1043 1045
f 1387 1045 1402
f 1402 1045 1047
f 1402 1047 1404
f 1404 1047 1050
f 1404 1050 1406
f 1406 1050 1052
f 1406 1052 1411
f 1411 1052 1022
f 1411 1022 1412
f 1412 1022 1027
f 1412 1027 1413
f 1413 1027 1029
f 1413 1029 1414
f 1414 1029 1031
f 1414 1031 1415
f 1396 1417 1551
f 1539 1416 1415
f 1220 1552 1222
f 1222 1552 1553
f 1222 1553 1225
f 1225 1553 1554
f 1225 1554 1227
f 1227 1554 1555
f 1227 1555 1230
f 1230 1555 1556
f 1230 1556 1232
f 1232 1556 1557
f 1232 1557 1235
f 1235 1557 1558
f 1235 1558 43
f 1552 1220 1559
f 1559 1220 1217
f 1559 1217 57
f 57 1217 1215
f 57 1215 55
f 55 1215 1212
f 55 1212 51
f 51 1212 1210
f 51 1210 47
f 47 1210 1207
f 47 1207 45
f 45 1207 1205
f 45 1205 43
f 43 1205 1235
f 1088 88 1090
f 1090 88 90
f 1090 90 1093
f 1093 90 92
f 1093 92 1095
f 1095 92 96
f 1095 96 1098
f 1098 96 100
f 1098 100 1100
f 1100 100 102
f 1100 102 1103
f 1103 102 1560
f 1103 1560 1561
f 88 1088 1562
f 1562 1088 1085
f 1562 1085 1563
f 1563 1085 1083
f 1563 1083 1564
f 1564 1083 1080
f 1564 1080 1565
f 1565 1080 1078
f 1565 1078 1566
f 1566 1078 1075
f 1566 1075 1567
f 1567 1075 1073
f 1567 1073 1561
f 1561 1073 1103
f 1187 1568 1189
f 1189 1568 1569
f 1189 1569 1192
f 1192 1569 1570
f 1192 1570 1194
f 1194 1570 58
f 1194 58 1197
f 1197 58 60
f 1197 60 1199
f 1199 60 62
f 1199 62 1202
f 1202 62 66
f 1202 66 1172
f 1172 66 70
f 1172 70 1174
f 1174 70 72
f 1174 72 1177
f 1177 72 1571
f 1177 1571 1179
f 1179 1571 1572
f 1179 1572 1182
f 1182 1572 1573
f 1182 1573 1184
f 1184 1573 1574
f 1184 1574 1187
f 1187 1574 1575
f 1187 1575 1568
f 1253 130 1255
f 1255 130 132
f 1255 132 1258
f 1258 132 1576
f 1258 1576 1260
f 1260 1576 1577
f 1260 1577 1263
f 1263 1577 1578
f 1263 1578 1265
f 1265 1578 1579
f 1265 1579 1268
f 1268 1579 1580
f 1268 1580 1238
f 1238 1580 1581
f 1238 1581 1240
f 1240 1581 1582
f 1240 1582 1243
f 1243 1582 1583
f 1243 1583 1245
f 1245 1583 118
f 1245 118 1248
f 1248 118 120
f 1248 120 1250
f 1250 120 122
f 1250 122 1253
f 1253 122 126
f 1253 126 130
f 997 147 915
f 915 147 1584
f 915 1584 888
f 888 1584 1585
f 888 1585 886
f 886 1585 1586
f 886 1586 1587
f 147 997 145
f 145 997 1054
f 145 1054 141
f 141 1054 1056
f 141 1056 137
f 137 1056 1058
f 137 1058 135
f 135 1058 1059
f 135 1059 133
f 133 1059 874
f 133 874 1588
f 1588 874 880
f 1588 880 1589
f 1589 880 881
f 1589 881 1590
f 1590 881 883
f 1590 883 1591
f 1591 883 884
f 1591 884 1587
f 1587 884 886
f 725 1448 727
f 727 1448 1446
f 727 1446 730
f 730 1446 1444
f 730 1444 732
f 732 1444 1442
f 732 1442 735
f 735 1442 1439
f 735 1439 737
f 737 1439 1437
f 737 1437 740
f 740 1437 1476
f 740 1476 710
f 710 1476 1477
f 710 1477 712
f 712 1477 1478
f 712 1478 715
f 715 1478 1479
f 715 1479 717
f 717 1479 1480
f 717 1480 720
f 720 1480 1481
f 720 1481 722
f 722 1481 1482
f 722 1482 725
f 725 1482 1448
f 791 1461 793
f 793 1461 1462
f 793 1462 796
f 796 1462 1463
f 796 1463 798
f 798 1463 1464
f 798 1464 801
f 801 1464 1500
f 801 1500 803
f 803 1500 1501
f 803 1501 806
f 806 1501 1503
f 806 1503 776
f 776 1503 1505
f 776 1505 778
f 778 1505 1507
f 778 1507 781
f 781 1507 1457
f 781 1457 783
f 783 1457 1458
f 783 1458 786
f 786 1458 1459
f 786 1459 788
f 788 1459 1460
f 788 1460 791
f 791 1460 1461
f 857 1518 859
f 859 1518 1420
f 859 1420 862
f 862 1420 1419
f 862 1419 864
f 864 1419 1418
f 864 1418 867
f 867 1418 1421
f 867 1421 869
f 869 1421 1422
f 869 1422 872
f 872 1422 1423
f 872 1423 842
f 842 1423 1424
f 842 1424 844
f 844 1424 1425
f 844 1425 847
f 847 1425 1426
f 847 1426 849
f 849 1426 1427
f 849 1427 852
f 852 1427 1520
f 852 1520 854
f 854 1520 1519
f 854 1519 857
f 857 1519 1518
f 758 1301 760
f 760 1301 1303
f 760 1303 763
f 763 1303 1304
f 763 1304 765
f 765 1304 1305
f 765 1305 768
f 768 1305 1286
f 768 1286 770
f 770 1286 1285
f 770 1285 773
f 773 1285 1327
f 773 1327 743
f 743 1327 1326
f 743 1326 745
f 745 1326 1325
f 745 1325 748
f 748 1325 1293
f 748 1293 750
f 750 1293 1295
f 750 1295 753
f 753 1295 1297
f 753 1297 755
f 755 1297 1299
f 755 1299 758
f 758 1299 1301
f 824 1455 826
f 826 1455 1456
f 826 1456 829
f 829 1456 1509
f 829 1509 831
f 831 1509 1508
f 831 1508 834
f 834 1508 1511
f 834 1511 836
f 836 1511 1513
f 836 1513 839
f 839 1513 1447
f 839 1447 809
f 809 1447 1449
f 809 1449 811
f 811 1449 1450
f 811 1450 814
f 814 1450 1451
f 814 1451 816
f 816 1451 1452
f 816 1452 819
f 819 1452 1453
f 819 1453 821
f 821 1453 1454
f 821 1454 824
f 824 1454 1455
f 610 1515 534
f 534 1515 1522
f 534 1522 507
f 507 1522 1521
f 507 1521 505
f 505 1521 1429
f 505 1429 503
f 503 1429 1428
f 503 1428 502
f 502 1428 1430
f 502 1430 500
f 500 1430 1431
f 500 1431 499
f 499 1431 1432
f 499 1432 493
f 493 1432 1433
f 493 1433 651
f 651 1433 1434
f 651 1434 653
f 653 1434 1435
f 653 1435 654
f 654 1435 1436
f 654 1436 656
f 656 1436 1438
f 656 1438 610
f 610 1438 1515
f 563 1468 562
f 562 1468 1469
f 562 1469 560
f 560 1469 1470
f 560 1470 561
f 561 1470 1471
f 561 1471 658
f 658 1471 1472
f 658 1472 660
f 660 1472 1473
f 660 1473 662
f 662 1473 1494
f 662 1494 664
f 664 1494 1497
f 664 1497 573
f 573 1497 1496
f 573 1496 571
f 571 1496 1498
f 571 1498 569
f 569 1498 1465
f 569 1465 567
f 567 1465 1466
f 567 1466 565
f 565 1466 1467
f 565 1467 563
f 563 1467 1468
f 692 1483 694
f 694 1483 1484
f 694 1484 697
f 697 1484 1485
f 697 1485 699
f 699 1485 1486
f 699 1486 702
f 702 1486 1487
f 702 1487 704
f 704 1487 1488
f 704 1488 707
f 707 1488 1489
f 707 1489 677
f 677 1489 1490
f 677 1490 679
f 679 1490 1491
f 679 1491 682
f 682 1491 1492
f 682 1492 684
f 684 1492 1493
f 684 1493 687
f 687 1493 1475
f 687 1475 689
f 689 1475 1474
f 689 1474 692
f 692 1474 1483
f 489 488 1313
f 1313 488 556
f 1313 556 554
f 1313 554 1314
f 1314 554 551
f 1314 551 1315
f 1315 551 546
f 1315 546 1323
f 1323 546 544
f 1323 544 1324
f 1324 544 541
f 1324 541 1306
f 1306 541 538
f 1306 538 1284
f 1284 538 536
f 1284 536 1283
f 1283 536 517
f 1283 517 1282
f 1282 517 514
f 1282 514 1281
f 1281 514 510
f 1281 510 1280
f 1280 510 496
f 1280 496 1278
f 1278 496 461
f 461 496 460
f 482 452 483
f 483 452 454
f 482 484 452
f 452 484 451
f 456 478 457
f 457 478 480
f 456 458 478
f 478 458 477
f 479 481 1592
f 1592 481 1593
f 453 455 1594
f 1594 455 1595
f 450 451 485
f 485 451 484
f 1596 1597 1598
f 1598 1597 1599
f 1599 1597 1600
f 1599 1600 1601
f 1601 1600 1602
f 1601 1602 1603
f 1603 1602 1604
f 1603 1604 1605
f 1605 1604 1606
f 1605 1606 1607
f 1607 1606 1608
f 1607 1608 1609
f 1609 1608 1610
f 1609 1610 1611
f 1612 1613 1614
f 1614 1613 1615
f 1615 1613 1616
f 1615 1616 1617
f 1617 1616 1618
f 1617 1618 1619
f 1619 1618 1620
f 1619 1620 1621
f 1621 1620 1622
f 1621 1622 1623
f 1623 1622 1624
f 1623 1624 1625
f 1625 1624 1626
f 1625 1626 1627
f 479 1592 480
f 480 1592 1628
f 480 1628 1629
f 480 1629 457
f 457 1629 1630
f 457 1630 1631
f 1631 1595 457
f 457 1595 455
f 1632 1633 1634
f 1634 1633 1635
f 1634 1635 1636
f 1636 1635 1637
f 1636 1637 1638
f 1638 1637 1639
f 1638 1639 1640
f 1640 1639 1641
f 1640 1641 1642
f 1642 1641 1643
f 1642 1643 1644
f 1633 1632 1645
f 1645 1632 1646
f 1645 1646 1647
f 1647 1646 1648
f 1647 1648 1649
f 1649 1648 1650
f 1649 1650 1651
f 1651 1650 1652
f 1651 1652 1653
f 1653 1652 1654
f 1653 1654 1655
f 1655 1654 1656
f 1655 1656 1657
f 1657 1656 1658
f 1657 1658 1659
f 1659 1658 1660
f 1659 1660 1661
f 1661 1660 1662
f 1662 1660 1663
f 1662 1663 1664
f 1664 1663 1665
f 1664 1665 1666
f 1666 1665 1667
f 1666 1667 1668
f 1668 1667 1669
f 1668 1669 1670
f 1670 1669 1671
f 1670 1671 1672
f 1672 1671 1673
f 1672 1673 1674
f 1674 1673 1675
f 1674 1675 1676
f 1676 1675 1677
f 1676 1677 1678
f 1678 1677 1679
f 1678 1679 1680
f 1680 1679 1681
f 1680 1681 1682
f 1682 1681 1683
f 1682 1683 1684
f 1684 1683 1685
f 1684 1685 1686
f 1686 1685 1687
f 1686 1687 1688
f 1652 1689 1654
f 1654 1689 1690
f 1654 1690 1656
f 1656 1690 1691
f 1656 1691 1658
f 1658 1691 1692
f 1658 1692 1660
f 1660 1692 1663
f 1689 1693 1690
f 1690 1693 1694
f 1690 1694 1691
f 1691 1694 1695
f 1691 1695 1692
f 1692 1695 1696
f 1692 1696 1663
f 1663 1696 1665
f 1693 1697 1694
f 1694 1697 1698
f 1694 1698 1695
f 1695 1698 1699
f 1695 1699 1696
f 1696 1699 1700
f 1696 1700 1665
f 1665 1700 1667
f 1697 1701 1698
f 1698 1701 1702
f 1698 1702 1699
f 1699 1702 1703
f 1699 1703 1700
f 1700 1703 1704
f 1700 1704 1667
f 1667 1704 1669
f 1702 1701 1705
f 1705 1701 1706
f 1705 1706 1707
f 1707 1706 1708
f 1707 1708 1709
f 1709 1708 1710
f 1709 1710 1711
f 1711 1710 1712
f 1711 1712 1713
f 1713 1712 1714
f 1713 1714 1715
f 1715 1714 1716
f 1715 1716 1717
f 1717 1716 1681
f 1717 1681 1679
f 1712 1718 1714
f 1714 1718 1719
f 1714 1719 1716
f 1716 1719 1683
f 1716 1683 1681
f 1718 1720 1719
f 1719 1720 1685
f 1719 1685 1683
f 1720 1687 1685
f 1721 1722 1688
f 1688 1722 1723
f 1688 1723 1686
f 1686 1723 1724
f 1686 1724 1684
f 1684 1724 1725
f 1684 1725 1682
f 1682 1725 1726
f 1682 1726 1680
f 1680 1726 1727
f 1680 1727 1678
f 1722 1721 1728
f 1728 1721 1729
f 1728 1729 1730
f 1730 1729 1731
f 1730 1731 1732
f 1732 1731 1733
f 1732 1733 1734
f 1734 1733 1735
f 1734 1735 1736
f 1736 1735 1737
f 1736 1737 1738
f 1738 1737 1739
f 1738 1739 1740
f 1740 1739 1741
f 1740 1741 1742
f 1742 1741 1743
f 1742 1743 1744
f 1744 1743 1745
f 1745 1743 1746
f 1745 1746 1747
f 1747 1746 1748
f 1747 1748 1749
f 1749 1748 1750
f 1749 1750 1751
f 1751 1750 1752
f 1751 1752 1753
f 1753 1752 1754
f 1753 1754 1755
f 1755 1754 1756
f 1755 1756 1757
f 1757 1756 1758
f 1757 1758 1759
f 1759 1758 1760
f 1759 1760 1761
f 1761 1760 1762
f 1761 1762 1763
f 1763 1762 1764
f 1763 1764 1765
f 1765 1764 1766
f 1765 1766 1767
f 1735 1768 1737
f 1737 1768 1769
f 1737 1769 1739
f 1739 1769 1770
f 1739 1770 1741
f 1741 1770 1771
f 1741 1771 1743
f 1743 1771 1746
f 1768 1772 1769
f 1769 1772 1773
f 1769 1773 1770
f 1770 1773 1774
f 1770 1774 1771
f 1771 1774 1775
f 1771 1775 1746
f 1746 1775 1748
f 1772 1776 1773
f 1773 1776 1777
f 1773 1777 1774
f 1774 1777 1778
f 1774 1778 1775
f 1775 1778 1779
f 1775 1779 1748
f 1748 1779 1750
f 1776 1780 1777
f 1777 1780 1781
f 1777 1781 1778
f 1778 1781 1782
f 1778 1782 1779
f 1779 1782 1783
f 1779 1783 1750
f 1750 1783 1752
f 1781 1780 1784
f 1784 1780 1785
f 1784 1785 1786
f 1786 1785 1787
f 1786 1787 1788
f 1788 1787 1789
f 1788 1789 1790
f 1790 1789 1791
f 1790 1791 1792
f 1792 1791 1764
f 1792 1764 1762
f 1791 1766 1764
f 1765 1767 1793
f 1793 1767 1794
f 1793 1794 1795
f 1795 1794 1796
f 1795 1796 1797
f 1797 1796 1798
f 1797 1798 1799
f 1799 1798 1800
f 1799 1800 1801
f 1801 1800 1802
f 1801 1802 1803
f 1803 1802 1642
f 1803 1642 1644
f 1796 1804 1798
f 1798 1804 1805
f 1798 1805 1800
f 1800 1805 1806
f 1800 1806 1802
f 1802 1806 1640
f 1802 1640 1642
f 1804 1807 1805
f 1805 1807 1808
f 1805 1808 1806
f 1806 1808 1638
f 1806 1638 1640
f 1807 1809 1808
f 1808 1809 1636
f 1808 1636 1638
f 1809 1634 1636
f 1644 1810 1803
f 1803 1810 1811
f 1803 1811 1801
f 1801 1811 1812
f 1801 1812 1799
f 1799 1812 1813
f 1799 1813 1797
f 1797 1813 1795
f 1810 1814 1811
f 1811 1814 1815
f 1811 1815 1812
f 1812 1815 1816
f 1812 1816 1813
f 1813 1816 1817
f 1813 1817 1795
f 1795 1817 1793
f 1814 1818 1815
f 1815 1818 1819
f 1815 1819 1816
f 1816 1819 1820
f 1816 1820 1817
f 1817 1820 1821
f 1817 1821 1793
f 1793 1821 1765
f 1818 1822 1819
f 1819 1822 1823
f 1819 1823 1820
f 1820 1823 1824
f 1820 1824 1821
f 1821 1824 1763
f 1821 1763 1765
f 1822 1825 1823
f 1823 1825 1826
f 1823 1826 1824
f 1824 1826 1761
f 1824 1761 1763
f 1825 1827 1826
f 1826 1827 1759
f 1826 1759 1761
f 1827 1757 1759
f 1744 1828 1742
f 1742 1828 1829
f 1742 1829 1740
f 1740 1829 1830
f 1740 1830 1738
f 1738 1830 1831
f 1738 1831 1736
f 1736 1831 1734
f 1828 1832 1829
f 1829 1832 1833
f 1829 1833 1830
f 1830 1833 1834
f 1830 1834 1831
f 1831 1834 1835
f 1831 1835 1734
f 1734 1835 1732
f 1833 1832 1836
f 1836 1832 1837
f 1836 1837 1838
f 1838 1837 1839
f 1838 1839 1840
f 1840 1839 1841
f 1840 1841 1842
f 1842 1841 1843
f 1842 1843 1844
f 1844 1843 1845
f 1844 1845 1846
f 1846 1845 1847
f 1846 1847 1726
f 1726 1847 1727
f 1659 1661 1848
f 1848 1661 1849
f 1848 1849 1850
f 1850 1849 1851
f 1850 1851 1852
f 1852 1851 1853
f 1852 1853 1854
f 1854 1853 1855
f 1854 1855 1856
f 1856 1855 1857
f 1856 1857 1858
f 1858 1857 1859
f 1858 1859 1860
f 1860 1859 1861
f 1860 1861 1862
f 1862 1861 1643
f 1862 1643 1641
f 1637 1635 1863
f 1863 1635 1633
f 1863 1633 1864
f 1864 1633 1645
f 1864 1645 1865
f 1865 1645 1647
f 1865 1647 1866
f 1866 1647 1649
f 1866 1649 1867
f 1867 1649 1651
f 1867 1651 1868
f 1868 1651 1653
f 1868 1653 1655
f 1862 1641 1639
f 1639 1637 1869
f 1869 1637 1863
f 1869 1863 1870
f 1870 1863 1864
f 1870 1864 1871
f 1871 1864 1865
f 1871 1865 1872
f 1872 1865 1866
f 1872 1866 1873
f 1873 1866 1867
f 1873 1867 1874
f 1874 1867 1868
f 1874 1868 1875
f 1875 1868 1655
f 1875 1655 1657
f 1860 1862 1869
f 1869 1862 1639
f 1860 1869 1870
f 1858 1860 1870
f 1858 1870 1871
f 1856 1858 1871
f 1856 1871 1872
f 1854 1856 1872
f 1854 1872 1873
f 1852 1854 1873
f 1852 1873 1874
f 1852 1874 1850
f 1850 1874 1875
f 1850 1875 1848
f 1848 1875 1657
f 1848 1657 1659
f 1702 1705 1703
f 1703 1705 1876
f 1703 1876 1704
f 1704 1876 1877
f 1704 1877 1669
f 1669 1877 1671
f 1705 1707 1876
f 1876 1707 1878
f 1876 1878 1877
f 1877 1878 1879
f 1877 1879 1671
f 1671 1879 1673
f 1707 1709 1878
f 1878 1709 1880
f 1878 1880 1879
f 1879 1880 1881
f 1879 1881 1673
f 1673 1881 1675
f 1709 1711 1880
f 1880 1711 1882
f 1880 1882 1881
f 1881 1882 1883
f 1881 1883 1675
f 1675 1883 1677
f 1713 1715 1882
f 1882 1715 1883
f 1677 1883 1717
f 1717 1883 1715
f 1711 1713 1882
f 1679 1677 1717
f 1724 1723 1884
f 1884 1723 1722
f 1884 1722 1885
f 1885 1722 1728
f 1885 1728 1886
f 1886 1728 1730
f 1886 1730 1887
f 1887 1730 1732
f 1887 1732 1835
f 1725 1724 1888
f 1888 1724 1884
f 1888 1884 1889
f 1889 1884 1885
f 1889 1885 1890
f 1890 1885 1886
f 1890 1886 1891
f 1891 1886 1887
f 1891 1887 1892
f 1892 1887 1835
f 1892 1835 1834
f 1726 1725 1846
f 1846 1725 1888
f 1846 1888 1844
f 1844 1888 1889
f 1844 1889 1842
f 1842 1889 1890
f 1842 1890 1840
f 1840 1890 1891
f 1840 1891 1838
f 1838 1891 1892
f 1838 1892 1836
f 1836 1892 1834
f 1836 1834 1833
f 1781 1784 1782
f 1782 1784 1893
f 1782 1893 1783
f 1783 1893 1894
f 1783 1894 1752
f 1752 1894 1754
f 1784 1786 1893
f 1893 1786 1895
f 1893 1895 1894
f 1894 1895 1896
f 1894 1896 1754
f 1754 1896 1756
f 1786 1788 1895
f 1895 1788 1897
f 1895 1897 1896
f 1896 1897 1898
f 1896 1898 1756
f 1756 1898 1758
f 1788 1790 1897
f 1897 1790 1899
f 1897 1899 1898
f 1898 1899 1760
f 1898 1760 1758
f 1792 1762 1899
f 1899 1762 1760
f 1790 1792 1899
f 1900 1861 1901
f 1901 1861 1859
f 1901 1859 1857
f 1902 1753 1900
f 1900 1753 1755
f 1900 1755 1757
f 1903 1845 1902
f 1902 1845 1843
f 1902 1843 1841
f 1901 1666 1903
f 1903 1666 1668
f 1903 1668 1670
f 1644 1643 1900
f 1900 1643 1861
f 1857 1855 1901
f 1901 1855 1853
f 1901 1853 1851
f 1851 1849 1901
f 1901 1849 1661
f 1901 1661 1662
f 1662 1664 1901
f 1901 1664 1666
f 1670 1672 1903
f 1903 1672 1674
f 1903 1674 1676
f 1676 1678 1903
f 1903 1678 1727
f 1903 1727 1847
f 1847 1845 1903
f 1841 1839 1902
f 1902 1839 1837
f 1902 1837 1832
f 1832 1828 1902
f 1902 1828 1744
f 1902 1744 1745
f 1745 1747 1902
f 1902 1747 1749
f 1902 1749 1751
f 1751 1753 1902
f 1757 1827 1900
f 1900 1827 1825
f 1900 1825 1822
f 1822 1818 1900
f 1900 1818 1814
f 1900 1814 1810
f 1810 1644 1900
f 1809 1731 1634
f 1634 1731 1729
f 1634 1729 1632
f 1632 1729 1721
f 1632 1721 1646
f 1646 1721 1688
f 1646 1688 1648
f 1648 1688 1687
f 1648 1687 1650
f 1650 1687 1720
f 1650 1720 1652
f 1652 1720 1718
f 1652 1718 1689
f 1689 1718 1712
f 1689 1712 1693
f 1693 1712 1710
f 1693 1710 1697
f 1697 1710 1708
f 1697 1708 1701
f 1701 1708 1706
f 1731 1809 1733
f 1733 1809 1807
f 1733 1807 1735
f 1735 1807 1804
f 1735 1804 1768
f 1768 1804 1796
f 1768 1796 1772
f 1772 1796 1794
f 1772 1794 1776
f 1776 1794 1767
f 1776 1767 1780
f 1780 1767 1766
f 1780 1766 1785
f 1785 1766 1791
f 1785 1791 1787
f 1787 1791 1789
f 1904 3 1905
f 1905 3 1906
f 1905 1906 1907
f 1907 1906 1908
f 1907 1908 1909
f 1909 1908 1910
f 1909 1910 1911
f 1911 1910 1912
f 1911 1912 1913
f 1913 1912 1914
f 1913 1914 1915
f 1910 1914 1912
f 1915 1916 1913
f 1913 1916 1917
f 1913 1917 1911
f 1911 1917 1918
f 1911 1918 1919
f 1919 1918 1920
f 1919 1920 1921
f 1921 1920 1922
f 1921 1922 1904
f 1916 1923 1917
f 1917 1923 1924
f 1917 1924 1918
f 1918 1924 1925
f 1918 1925 1920
f 1920 1925 1926
f 1920 1926 1922
f 1923 1927 1924
f 1924 1927 1928
f 1924 1928 1925
f 1925 1928 1929
f 1925 1929 1926
f 1926 1929 1930
f 1930 1929 1931
f 1930 1931 1932
f 1932 1931 1933
f 1933 1931 1928
f 1933 1928 1927
f 1921 1904 1905
f 1909 1911 1919
f 1907 1909 1905
f 1905 1909 1919
f 1905 1919 1921
f 1931 1929 1928
f 1934 1935 1936
f 1936 1935 1937
f 1936 1937 1938
f 1938 1937 1939
f 1938 1939 1940
f 1940 1939 1941
f 1940 1941 1942
f 1942 1941 1943
f 1942 1943 1944
f 1944 1943 1945
f 1944 1945 1946
f 1944 1946 1947
f 1947 1946 1948
f 1947 1948 1949
f 1949 1948 1950
f 1949 1950 1951
f 1951 1950 1952
f 1951 1952 1953
f 1953 1952 1954
f 1953 1954 1955
f 1955 1954 1956
f 1956 1954 1957
f 1956 1957 1958
f 1958 1957 1959
f 1958 1959 1630
f 1630 1959 1960
f 1960 1959 1961
f 1960 1961 1962
f 1962 1961 1950
f 1962 1950 1948
f 1953 1955 1963
f 1963 1955 1934
f 1963 1934 1936
f 1953 1963 1936
f 1951 1953 1938
f 1938 1953 1936
f 1959 1957 1954
f 1959 1954 1952
f 1949 1951 1940
f 1940 1951 1938
f 1961 1959 1952
f 1961 1952 1950
f 1947 1949 1942
f 1942 1949 1940
f 1944 1947 1942
f 1964 1932 1965
f 1965 1932 1933
f 1965 1933 1966
f 1966 1933 1927
f 1966 1927 1967
f 1967 1927 1968
f 1968 1927 1923
f 1968 1923 1969
f 1969 1923 1970
f 1970 1923 1916
f 1970 1916 1971
f 1971 1916 1915
f 1971 1915 1972
f 1631 1630 1973
f 1973 1630 1960
f 1973 1960 1974
f 1974 1960 1962
f 1974 1962 1975
f 1975 1962 1976
f 1976 1962 1948
f 1976 1948 1977
f 1977 1948 1978
f 1978 1948 1946
f 1978 1946 1979
f 1979 1946 1945
f 1979 1945 1980
f 1981 1982 1983
f 1983 1982 1984
f 1984 1982 1985
f 1984 1985 1986
f 1986 1985 1987
f 1987 1985 1988
f 1987 1988 1989
f 1989 1988 1970
f 1989 1970 1971
f 1988 1985 1990
f 1990 1985 1991
f 1990 1991 1992
f 1993 1973 1992
f 1992 1973 1974
f 1992 1974 1990
f 1990 1974 1994
f 1990 1994 1995
f 1995 1994 1996
f 1995 1996 1968
f 1968 1996 1967
f 1967 1996 1966
f 1966 1996 1997
f 1966 1997 1965
f 1965 1997 1964
f 1964 1997 1998
f 1964 1998 1979
f 1979 1998 1978
f 1978 1998 1999
f 1978 1999 1977
f 1977 1999 1976
f 1976 1999 1994
f 1976 1994 1975
f 1975 1994 1974
f 1993 2000 1973
f 1973 2000 2001
f 1973 2001 1631
f 1631 2001 2002
f 1979 1980 1964
f 1968 1969 1995
f 1995 1969 1970
f 1995 1970 1988
f 1972 2003 1971
f 1971 2003 2004
f 1971 2004 2005
f 1972 2006 2003
f 2005 1989 1971
f 1995 1988 1990
f 1997 1996 1999
f 1999 1996 1994
f 1998 1997 1999
f 2007 1935 2008
f 2008 1935 2009
f 2008 2009 2010
f 2010 2009 2011
f 2010 2011 2012
f 2012 2011 2013
f 2013 2011 2014
f 2013 2014 2015
f 2015 2014 2016
f 2016 2014 2017
f 2016 2017 2018
f 2018 2017 1629
f 1629 2017 2019
f 1629 2019 1630
f 1630 2019 2020
f 1630 2020 1958
f 1958 2020 1956
f 1956 2020 2021
f 1956 2021 1955
f 1955 2021 2022
f 1955 2022 1934
f 1934 2022 2023
f 1934 2023 1935
f 1935 2023 2024
f 1935 2024 2009
f 2009 2024 2011
f 2024 2023 2025
f 2025 2023 2022
f 2025 2022 2026
f 2026 2022 2021
f 2026 2021 2019
f 2019 2021 2020
f 2014 2011 2025
f 2025 2011 2024
f 2014 2025 2026
f 2017 2014 2026
f 2017 2026 2019
f 2027 2028 2029
f 2029 2028 2030
f 2030 2028 2031
f 2030 2031 2032
f 2032 2031 2033
f 2033 2031 2034
f 2033 2034 2035
f 2035 2034 1937
f 2035 1937 2036
f 2036 1937 2037
f 2037 1937 2038
f 2038 1937 1935
f 2038 1935 2039
f 2034 2031 2040
f 2040 2031 2041
f 2040 2041 2042
f 2040 2042 1904
f 1904 2042 2043
f 1904 2043 2044
f 2044 2045 1904
f 1904 2045 3
f 3 2045 1
f 1 2045 2046
f 2040 1904 2047
f 2047 1904 1922
f 2047 1922 2048
f 2048 1922 1926
f 2048 1926 2049
f 2049 1926 1930
f 2049 1930 1932
f 1932 1945 2049
f 2049 1945 2050
f 2049 2050 2048
f 2048 2050 2051
f 2048 2051 2047
f 2047 2051 2052
f 2047 2052 2040
f 2040 2052 2034
f 1945 1943 2050
f 2050 1943 2051
f 1943 1941 2051
f 2051 1941 2052
f 1941 1939 2052
f 2052 1939 2034
f 1939 1937 2034
f 2039 2053 2038
f 2054 1915 2055
f 2055 1915 2056
f 2055 2056 2057
f 2057 2056 2058
f 2057 2058 2059
f 2059 2058 2060
f 2060 2058 2061
f 2061 2058 2062
f 2061 2062 2063
f 2063 2062 2064
f 2064 2062 2065
f 2064 2065 2066
f 2066 2065 5
f 5 2065 2067
f 5 2067 3
f 3 2067 2068
f 3 2068 1906
f 1906 2068 1908
f 1908 2068 2069
f 1908 2069 1910
f 1910 2069 2070
f 1910 2070 1914
f 1914 2070 2071
f 1914 2071 1915
f 1915 2071 2056
f 2059 2055 2057
f 2056 2071 2072
f 2072 2071 2070
f 2072 2070 2073
f 2073 2070 2069
f 2073 2069 2067
f 2067 2069 2068
f 2062 2058 2072
f 2072 2058 2056
f 2062 2072 2073
f 2065 2062 2073
f 2065 2073 2067
f 2007 2008 2074
f 2074 2008 2075
f 2075 2008 2010
f 2075 2010 2076
f 2076 2010 2012
f 2076 2012 2077
f 2077 2012 2013
f 2077 2013 2078
f 2078 2013 2015
f 2078 2015 2079
f 2079 2015 2016
f 2079 2016 2080
f 2080 2016 2018
f 2080 2018 2081
f 2081 2018 1629
f 2081 1629 1628
f 2082 2054 2083
f 2083 2054 2055
f 2083 2055 2084
f 2084 2055 2059
f 2084 2059 2085
f 2085 2059 2060
f 2085 2060 2086
f 2086 2060 2061
f 2086 2061 2087
f 2087 2061 2063
f 2087 2063 2088
f 2088 2063 2064
f 2088 2064 2089
f 2089 2064 2066
f 2089 2066 2090
f 2090 2066 5
f 1628 2082 2081
f 2081 2082 2091
f 2081 2091 2080
f 2080 2091 2092
f 2080 2092 2079
f 2079 2092 2078
f 2078 2092 2093
f 2078 2093 2077
f 2077 2093 2076
f 2076 2093 2094
f 2076 2094 2075
f 2075 2094 2074
f 2074 2094 2095
f 2074 2095 2089
f 2089 2095 2088
f 2088 2095 2096
f 2088 2096 2087
f 2087 2096 2086
f 2086 2096 2097
f 2086 2097 2085
f 2085 2097 2084
f 2084 2097 2098
f 2084 2098 2083
f 2083 2098 2082
f 2082 2098 2091
f 2089 2090 2074
f 2092 2091 2098
f 2093 2092 2097
f 2097 2092 2098
f 2094 2093 2096
f 2096 2093 2097
f 2095 2094 2096
f 1595 2099 1594
f 1594 2099 2100
f 1594 2100 2101
f 1631 2102 1595
f 1595 2102 2103
f 1595 2103 2104
f 2002 2105 1631
f 1631 2105 2106
f 1631 2106 2107
f 2107 2108 1631
f 1631 2108 2109
f 1631 2109 2110
f 2108 2111 2109
f 2109 2111 2112
f 2109 2112 2113
f 2113 2112 2114
f 2114 2112 2115
f 2114 2115 2116
f 2116 2115 2117
f 2117 2115 2118
f 2117 2118 2119
f 2119 2118 2120
f 2119 2120 2121
f 2121 2120 2122
f 2121 2122 2123
f 2123 2122 2124
f 2123 2124 1983
f 1983 2124 1981
f 2125 2126 2116
f 2116 2126 2127
f 2116 2127 2114
f 2128 2129 2125
f 2125 2129 2130
f 2125 2130 2126
f 2128 2131 2129
f 2129 2131 1972
f 2129 1972 2132
f 2132 1972 2133
f 2133 1972 2134
f 2134 1972 2135
f 2135 1972 1594
f 2135 1594 2136
f 2136 1594 2137
f 2137 1594 2101
f 2131 2138 1972
f 1972 2138 2139
f 1972 2139 2140
f 2140 2006 1972
f 2110 2141 1631
f 1631 2141 2142
f 1631 2142 2102
f 2104 2143 1595
f 1595 2143 2144
f 1595 2144 2145
f 2146 2147 2145
f 2145 2147 2099
f 2145 2099 1595
f 2147 2146 2148
f 2148 2146 2149
f 2148 2149 2150
f 2150 2149 2151
f 2150 2151 2152
f 2152 2151 2127
f 2152 2127 2126
f 1945 1932 1980
f 1980 1932 1964
f 2153 2154 1902
f 1902 2154 1903
f 2154 2155 1903
f 1903 2155 1901
f 2155 2156 1901
f 1901 2156 1900
f 2039 1935 2157
f 2157 1935 2158
f 2158 1935 2007
f 2158 2007 2159
f 1593 2160 1592
f 1592 2160 2161
f 1592 2161 2162
f 2082 2163 1593
f 1593 2163 2164
f 1593 2164 2165
f 1628 2166 2082
f 2082 2166 2167
f 2082 2167 2168
f 1592 2169 1628
f 1628 2169 2170
f 1628 2170 2171
f 2172 2173 1593
f 1593 2173 2174
f 1593 2174 2160
f 2160 2174 2175
f 2175 2174 2176
f 2175 2176 2177
f 2177 2176 2178
f 2177 2178 2179
f 2179 2178 2180
f 2179 2180 2181
f 2181 2180 2182
f 2181 2182 2183
f 2183 2182 2184
f 2183 2184 2185
f 2185 2184 2166
f 2185 2166 1628
f 2168 2186 2082
f 2082 2186 2163
f 2165 2187 1593
f 1593 2187 2172
f 2162 2188 1592
f 1592 2188 2189
f 1592 2189 2190
f 2190 2169 1592
f 2171 2191 1628
f 1628 2191 2185
f 453 1594 454
f 454 1594 1972
f 454 1972 1915
f 1915 2054 454
f 454 2054 483
f 483 2054 2082
f 483 2082 1593
f 1593 481 483
f 43 1558 2192
f 2192 1558 1557
f 2192 1557 1556
f 2192 1556 2193
f 2193 1556 1555
f 2193 1555 1554
f 1554 1553 2193
f 2193 1553 1552
f 2193 1552 2194
f 2194 1552 1559
f 2194 1559 57
f 58 1570 2195
f 2195 1570 1569
f 2195 1569 1568
f 2195 1568 2196
f 2196 1568 1575
f 2196 1575 1574
f 1574 1573 2196
f 2196 1573 1572
f 2196 1572 2197
f 2197 1572 1571
f 2197 1571 72
f 73 1524 2198
f 2198 1524 1523
f 2198 1523 2199
f 2199 1523 1525
f 2199 1525 1526
f 1526 1527 2199
f 2199 1527 1528
f 2199 1528 1529
f 2199 1529 2200
f 2200 1529 1530
f 2200 1530 87
f 88 1562 2201
f 2201 1562 1563
f 2201 1563 1564
f 2201 1564 2202
f 2202 1564 1565
f 2202 1565 1566
f 1566 1567 2202
f 2202 1567 1561
f 2202 1561 2203
f 2203 1561 1560
f 2203 1560 102
f 103 1538 2204
f 2204 1538 1537
f 2204 1537 2205
f 2205 1537 1536
f 2205 1536 1535
f 1535 1534 2205
f 2205 1534 1533
f 2205 1533 1532
f 2205 1532 2206
f 2206 1532 1531
f 2206 1531 117
f 118 1583 2207
f 2207 1583 1582
f 2207 1582 1581
f 2207 1581 2208
f 2208 1581 1580
f 2208 1580 1579
f 1579 1578 2208
f 2208 1578 1577
f 2208 1577 2209
f 2209 1577 1576
f 2209 1576 132
f 133 1588 2210
f 2210 1588 1589
f 2210 1589 2211
f 2211 1589 1590
f 2211 1590 1591
f 1591 1587 2211
f 2211 1587 1586
f 2211 1586 1585
f 2211 1585 2212
f 2212 1585 1584
f 2212 1584 147
f 1416 2213 149
f 149 2213 2214
f 149 2214 2215
f 2213 1416 2216
f 2216 1416 1539
f 2216 1539 2217
f 2217 1539 1540
f 2217 1540 2218
f 2218 1540 1541
f 2218 1541 2219
f 2219 1541 1542
f 2219 1542 2220
f 2220 1542 1543
f 2220 1543 2221
f 2221 1543 1544
f 2221 1544 2222
f 2222 1544 1545
f 2222 1545 2223
f 2223 1545 1546
f 2223 1546 2224
f 2224 1546 1547
f 2224 1547 2225
f 2225 1547 1548
f 2225 1548 2226
f 2226 1548 1549
f 2226 1549 2227
f 2227 1549 1550
f 2227 1550 2228
f 2228 1550 1551
f 2228 1551 2229
f 2229 1551 1417
f 2229 1417 2230
f 2230 1417 2231
f 2231 1417 228
f 2231 228 2232
f 2232 228 2233
f 2233 228 2234
f 2233 2234 2235
f 2235 2234 2236
f 2235 2236 2237
f 2234 228 2238
f 2238 228 2239
f 2238 2239 2240
f 2240 2239 2241
f 2241 2239 2242
f 2241 2242 2243
f 2243 2242 2244
f 2244 2242 2245
f 2244 2245 2246
f 2246 2245 2247
f 2247 2245 2248
f 2247 2248 2249
f 2249 2248 2250
f 2250 2248 2251
f 2250 2251 2252
f 2252 2251 2253
f 2253 2251 149
f 2253 149 2254
f 2254 149 2255
f 2255 149 2215
f 2255 2215 2256
f 2256 2215 2257
f 2256 2257 2258
f 2249 2259 2247
f 2247 2259 2260
f 2260 2259 2261
f 2260 2261 2262
f 2262 2261 2263
f 2262 2263 2264
f 2264 2263 2265
f 2264 2265 2266
f 2265 2263 2267
f 2267 2263 2268
f 2267 2268 2269
f 2267 2269 2258
f 2258 2269 2256
f 2235 2237 2270
f 2270 2237 2271
f 2270 2271 2266
f 2266 2271 2264
f 2272 2273 2274
f 2274 2273 2275
f 2274 2275 2276
f 2276 2275 2277
f 2276 2277 2278
f 2278 2277 2279
f 2278 2279 2280
f 2280 2279 2281
f 2280 2281 2282
f 2282 2281 2283
f 2282 2283 2284
f 2284 2283 2285
f 2284 2285 2286
f 2286 2285 2287
f 2286 2287 2288
f 2273 2272 2289
f 2289 2272 2290
f 2289 2290 2291
f 2291 2290 2292
f 2291 2292 2293
f 2293 2292 2294
f 2293 2294 2295
f 2295 2294 2296
f 2295 2296 2297
f 2297 2296 2298
f 2297 2298 2299
f 2299 2298 2300
f 2299 2300 2301
f 2301 2300 2302
f 2301 2302 2303
f 2303 2302 2304
f 2303 2304 2305
f 2305 2304 2306
f 2305 2306 2307
f 2307 2306 2308
f 2307 2308 2309
f 2309 2308 2310
f 2309 2310 2311
f 2311 2310 2312
f 2311 2312 2313
f 2313 2312 2314
f 2313 2314 2315
f 2315 2314 2316
f 2315 2316 2317
f 2317 2316 2318
f 2317 2318 2319
f 2319 2318 2320
f 2319 2320 2321
f 2321 2320 2322
f 2321 2322 2323
f 2323 2322 2286
f 2323 2286 2288
f 2287 2324 2288
f 2288 2324 2325
f 2288 2325 2326
f 2287 2327 2324
f 2328 2309 2329
f 2329 2309 2311
f 2329 2311 2330
f 2330 2311 2313
f 2330 2313 2331
f 2331 2313 2315
f 2331 2315 2332
f 2332 2315 2317
f 2332 2317 2333
f 2333 2317 2334
f 2334 2317 2319
f 2334 2319 2335
f 2335 2319 2321
f 2335 2321 2336
f 2336 2321 2323
f 2336 2323 2337
f 2328 2338 2309
f 2309 2338 2307
f 2307 2338 2339
f 2307 2339 2305
f 2305 2339 2340
f 2305 2340 2303
f 2303 2340 2341
f 2303 2341 2301
f 2301 2341 2342
f 2301 2342 2299
f 2299 2342 2343
f 2299 2343 2297
f 2297 2343 2344
f 2297 2344 2345
f 2297 2345 2295
f 2295 2345 2346
f 2295 2346 2293
f 2293 2346 2347
f 2293 2347 2291
f 2291 2347 2348
f 2291 2348 2289
f 2289 2348 2349
f 2289 2349 2273
f 2273 2349 2350
f 2273 2350 2275
f 2275 2350 2351
f 2275 2351 2352
f 2275 2352 2277
f 2277 2352 2353
f 2277 2353 2279
f 2279 2353 2354
f 2279 2354 2281
f 2281 2354 2355
f 2281 2355 2283
f 2283 2355 2356
f 2283 2356 2285
f 2285 2356 2357
f 2285 2357 2287
f 2287 2357 2327
f 2358 2359 2329
f 2329 2359 2328
f 2328 2359 2360
f 2328 2360 2338
f 2338 2360 2361
f 2338 2361 2339
f 2339 2361 2362
f 2339 2362 2340
f 2340 2362 2363
f 2340 2363 2341
f 2341 2363 2364
f 2341 2364 2342
f 2342 2364 2365
f 2342 2365 2343
f 2343 2365 2366
f 2343 2366 2344
f 2344 2366 2367
f 2344 2367 2345
f 2345 2367 2368
f 2345 2368 2346
f 2346 2368 2369
f 2346 2369 2347
f 2347 2369 2370
f 2347 2370 2348
f 2348 2370 2371
f 2348 2371 2349
f 2349 2371 2372
f 2349 2372 2350
f 2350 2372 2373
f 2350 2373 2351
f 2351 2373 2374
f 2351 2374 2352
f 2352 2374 2375
f 2352 2375 2353
f 2353 2375 2376
f 2353 2376 2354
f 2354 2376 2377
f 2354 2377 2355
f 2355 2377 2378
f 2355 2378 2356
f 2356 2378 2379
f 2356 2379 2357
f 2357 2379 2380
f 2357 2380 2327
f 2327 2380 2381
f 2327 2381 2324
f 2324 2381 2325
f 2325 2381 2326
f 2382 2358 2383
f 2383 2358 2384
f 2383 2384 2385
f 2385 2384 2386
f 2385 2386 2387
f 2387 2386 2388
f 2387 2388 2389
f 2389 2388 2390
f 2389 2390 2391
f 2391 2390 2392
f 2391 2392 2393
f 2393 2392 2394
f 2393 2394 2395
f 2395 2394 2396
f 2395 2396 2397
f 2397 2396 2381
f 2397 2381 2398
f 2398 2381 2380
f 2398 2380 2399
f 2399 2380 2379
f 2399 2379 2400
f 2400 2379 2378
f 2400 2378 2401
f 2401 2378 2377
f 2401 2377 2402
f 2402 2377 2376
f 2402 2376 2403
f 2403 2376 2375
f 2403 2375 2404
f 2404 2375 2374
f 2404 2374 2405
f 2405 2374 2373
f 2405 2373 2406
f 2406 2373 2372
f 2406 2372 2407
f 2407 2372 2371
f 2407 2371 2408
f 2408 2371 2370
f 2408 2370 2409
f 2409 2370 2369
f 2409 2369 2410
f 2410 2369 2368
f 2410 2368 2411
f 2411 2368 2367
f 2411 2367 2412
f 2412 2367 2366
f 2412 2366 2413
f 2413 2366 2365
f 2413 2365 2414
f 2414 2365 2364
f 2414 2364 2415
f 2415 2364 2363
f 2415 2363 2416
f 2416 2363 2362
f 2416 2362 2417
f 2417 2362 2361
f 2417 2361 2418
f 2418 2361 2360
f 2418 2360 2419
f 2419 2360 2359
f 2419 2359 2382
f 2382 2359 2358
f 2336 2337 2396
f 2396 2337 2420
f 2396 2420 2421
f 2421 2326 2396
f 2396 2326 2381
f 2396 2394 2336
f 2336 2394 2335
f 2335 2394 2392
f 2335 2392 2334
f 2334 2392 2390
f 2334 2390 2333
f 2333 2390 2388
f 2333 2388 2332
f 2332 2388 2386
f 2332 2386 2331
f 2331 2386 2384
f 2331 2384 2330
f 2330 2384 2358
f 2330 2358 2329
f 2337 2323 2420
f 2420 2323 2288
f 2420 2288 2421
f 2421 2288 2326
f 2272 2274 2422
f 2422 2274 2276
f 2422 2276 2423
f 2423 2276 2278
f 2423 2278 2424
f 2424 2278 2280
f 2424 2280 2282
f 2424 2282 2425
f 2425 2282 2284
f 2425 2284 2426
f 2426 2284 2286
f 2426 2286 2322
f 2426 2322 2427
f 2427 2322 2320
f 2427 2320 2318
f 2427 2318 2428
f 2428 2318 2316
f 2428 2316 2429
f 2429 2316 2314
f 2429 2314 2312
f 2429 2312 2430
f 2430 2312 2310
f 2430 2310 2431
f 2431 2310 2308
f 2431 2308 2306
f 2431 2306 2432
f 2432 2306 2304
f 2432 2304 2433
f 2433 2304 2302
f 2433 2302 2300
f 2433 2300 2434
f 2434 2300 2298
f 2434 2298 2296
f 2434 2296 2435
f 2435 2296 2294
f 2435 2294 2436
f 2436 2294 2292
f 2436 2292 2290
f 2436 2290 2437
f 2437 2290 2272
f 2437 2272 2422
f 2431 2438 2430
f 2430 2438 2439
f 2430 2439 2429
f 2429 2439 2440
f 2429 2440 2428
f 2428 2440 2441
f 2428 2441 2427
f 2427 2441 2442
f 2427 2442 2426
f 2426 2442 2443
f 2426 2443 2425
f 2425 2443 2444
f 2425 2444 2424
f 2424 2444 2445
f 2424 2445 2423
f 2423 2445 2446
f 2423 2446 2422
f 2422 2446 2447
f 2422 2447 2437
f 2437 2447 2448
f 2437 2448 2436
f 2436 2448 2449
f 2436 2449 2435
f 2435 2449 2450
f 2435 2450 2434
f 2434 2450 2451
f 2434 2451 2433
f 2433 2451 2452
f 2433 2452 2432
f 2432 2452 2453
f 2432 2453 2431
f 2431 2453 2438
f 2454 2455 2451
f 2451 2455 2456
f 2451 2456 2452
f 2452 2456 2457
f 2452 2457 2453
f 2453 2457 2458
f 2453 2458 2438
f 2438 2458 2459
f 2438 2459 2439
f 2439 2459 2460
f 2439 2460 2440
f 2440 2460 2461
f 2440 2461 2441
f 2441 2461 2462
f 2441 2462 2442
f 2442 2462 2463
f 2442 2463 2443
f 2443 2463 2464
f 2443 2464 2444
f 2444 2464 2465
f 2444 2465 2445
f 2445 2465 2466
f 2445 2466 2446
f 2446 2466 2467
f 2446 2467 2447
f 2447 2467 2468
f 2447 2468 2448
f 2448 2468 2469
f 2448 2469 2449
f 2449 2469 2470
f 2449 2470 2450
f 2450 2470 2454
f 2450 2454 2451
f 2471 2472 2455
f 2455 2472 2473
f 2455 2473 2474
f 2474 2473 2475
f 2475 2473 2476
f 2476 2473 2477
f 2476 2477 2478
f 2478 2477 2479
f 2479 2477 2480
f 2480 2477 2481
f 2480 2481 2482
f 2482 2481 2483
f 2483 2481 2484
f 2483 2484 2485
f 2485 2484 2458
f 2485 2458 2457
f 2484 2486 2458
f 2458 2486 2487
f 2458 2487 2459
f 2459 2487 2488
f 2459 2488 2460
f 2460 2488 2489
f 2460 2489 2490
f 2460 2490 2461
f 2461 2490 2491
f 2461 2491 2462
f 2462 2491 2492
f 2462 2492 2493
f 2494 2495 2493
f 2493 2495 2496
f 2493 2496 2462
f 2462 2496 2497
f 2462 2497 2463
f 2463 2497 2498
f 2463 2498 2464
f 2464 2498 2499
f 2464 2499 2465
f 2465 2499 2500
f 2465 2500 2501
f 2501 2500 2502
f 2501 2502 2503
f 2503 2502 2504
f 2503 2504 2505
f 2503 2506 2494
f 2494 2506 2507
f 2494 2507 2508
f 2501 2509 2465
f 2465 2509 2510
f 2465 2510 2466
f 2466 2510 2511
f 2466 2511 2467
f 2467 2511 2512
f 2467 2512 2513
f 2467 2513 2468
f 2468 2513 2514
f 2468 2514 2469
f 2469 2514 2515
f 2469 2515 2516
f 2517 2518 2516
f 2516 2518 2519
f 2516 2519 2469
f 2469 2519 2470
f 2470 2519 2520
f 2470 2520 2521
f 2522 2523 2517
f 2517 2523 2524
f 2517 2524 2518
f 2471 2525 2522
f 2522 2525 2526
f 2522 2526 2527
f 2454 2528 2455
f 2455 2528 2529
f 2455 2529 2471
f 2471 2529 2530
f 2471 2530 2525
f 2528 2454 2521
f 2521 2454 2470
f 2456 2531 2457
f 2457 2531 2532
f 2457 2532 2485
f 2531 2456 2533
f 2533 2456 2455
f 2533 2455 2474
f 2505 2506 2503
f 2508 2495 2494
f 2527 2523 2522
f 2471 2534 2472
f 2472 2534 2535
f 2472 2535 2536
f 2534 2471 2537
f 2537 2471 2522
f 2537 2522 2538
f 2538 2522 2517
f 2538 2517 2539
f 2539 2517 2516
f 2539 2516 2540
f 2540 2516 2515
f 2540 2515 2541
f 2541 2515 2514
f 2541 2514 2542
f 2542 2514 2513
f 2542 2513 2543
f 2543 2513 2512
f 2543 2512 2544
f 2544 2512 2511
f 2544 2511 2545
f 2545 2511 2510
f 2545 2510 2546
f 2546 2510 2509
f 2546 2509 2547
f 2547 2509 2501
f 2547 2501 2548
f 2548 2501 2503
f 2548 2503 2549
f 2549 2503 2494
f 2549 2494 2550
f 2550 2494 2493
f 2550 2493 2551
f 2551 2493 2492
f 2551 2492 2552
f 2552 2492 2491
f 2552 2491 2553
f 2553 2491 2490
f 2553 2490 2554
f 2554 2490 2489
f 2554 2489 2555
f 2555 2489 2488
f 2555 2488 2556
f 2556 2488 2487
f 2556 2487 2557
f 2557 2487 2486
f 2557 2486 2558
f 2558 2486 2484
f 2558 2484 2559
f 2559 2484 2481
f 2559 2481 2560
f 2560 2481 2477
f 2560 2477 2561
f 2561 2477 2473
f 2561 2473 2536
f 2536 2473 2472
f 2557 2223 2556
f 2556 2223 2224
f 2556 2224 2555
f 2555 2224 2225
f 2555 2225 2554
f 2554 2225 2226
f 2554 2226 2553
f 2553 2226 2227
f 2553 2227 2552
f 2552 2227 2228
f 2552 2228 2551
f 2551 2228 2229
f 2551 2229 2550
f 2550 2229 2230
f 2550 2230 2549
f 2549 2230 2231
f 2549 2231 2548
f 2548 2231 2232
f 2548 2232 2547
f 2547 2232 2233
f 2547 2233 2546
f 2546 2233 2235
f 2546 2235 2545
f 2545 2235 2270
f 2545 2270 2544
f 2544 2270 2266
f 2544 2266 2543
f 2543 2266 2265
f 2543 2265 2542
f 2542 2265 2267
f 2542 2267 2541
f 2541 2267 2258
f 2541 2258 2540
f 2540 2258 2257
f 2540 2257 2539
f 2539 2257 2215
f 2539 2215 2538
f 2538 2215 2214
f 2538 2214 2537
f 2537 2214 2213
f 2537 2213 2534
f 2534 2213 2216
f 2534 2216 2535
f 2535 2216 2217
f 2535 2217 2536
f 2536 2217 2218
f 2536 2218 2561
f 2561 2218 2219
f 2561 2219 2560
f 2560 2219 2220
f 2560 2220 2559
f 2559 2220 2221
f 2559 2221 2558
f 2558 2221 2222
f 2558 2222 2557
f 2557 2222 2223
f 226 2562 228
f 228 2562 2563
f 228 2563 2239
f 2239 2563 2564
f 2239 2564 2242
f 2242 2564 2565
f 2242 2565 2245
f 2245 2565 2248
f 2248 2565 2566
f 2248 2566 2251
f 2251 2566 2567
f 2251 2567 149
f 149 2567 2568
f 149 2568 151
f 151 2568 2569
f 151 2569 153
f 153 2569 2570
f 153 2570 155
f 155 2570 2571
f 155 2571 157
f 157 2571 2572
f 157 2572 159
f 159 2572 2573
f 159 2573 161
f 161 2573 2574
f 161 2574 163
f 163 2574 2575
f 163 2575 165
f 165 2575 2576
f 165 2576 167
f 167 2576 2577
f 167 2577 169
f 169 2577 2578
f 169 2578 171
f 171 2578 2579
f 171 2579 173
f 173 2579 2580
f 173 2580 175
f 175 2580 2581
f 175 2581 177
f 177 2581 2582
f 177 2582 179
f 179 2582 2583
f 179 2583 181
f 181 2583 2584
f 181 2584 183
f 183 2584 2585
f 183 2585 2586
f 2562 226 2587
f 2587 226 224
f 2587 224 2588
f 2588 224 222
f 2588 222 2589
f 2589 222 220
f 2589 220 2590
f 2590 220 218
f 2590 218 2591
f 2591 218 216
f 2591 216 2592
f 2592 216 214
f 2592 214 2593
f 2593 214 212
f 2593 212 2594
f 2594 212 210
f 2594 210 2595
f 2595 210 208
f 2595 208 2596
f 2596 208 206
f 2596 206 2597
f 2597 206 204
f 2597 204 2598
f 2598 204 202
f 2598 202 2599
f 2599 202 200
f 2599 200 2600
f 2600 200 198
f 2600 198 2601
f 2601 198 196
f 2601 196 2602
f 2602 196 194
f 2602 194 2603
f 2603 194 192
f 2603 192 2604
f 2604 192 190
f 2604 190 2605
f 2605 190 189
f 2605 189 2606
f 2606 189 187
f 2606 187 2607
f 2607 187 185
f 2607 185 2586
f 2586 185 183
f 2605 2608 2604
f 2604 2608 2609
f 2604 2609 2603
f 2603 2609 2610
f 2603 2610 2602
f 2602 2610 2611
f 2602 2611 2601
f 2601 2611 2612
f 2601 2612 2600
f 2600 2612 2613
f 2600 2613 2599
f 2599 2613 2614
f 2599 2614 2598
f 2598 2614 2615
f 2598 2615 2597
f 2597 2615 2616
f 2597 2616 2596
f 2596 2616 2617
f 2596 2617 2595
f 2595 2617 2618
f 2595 2618 2594
f 2594 2618 2619
f 2594 2619 2593
f 2593 2619 2620
f 2593 2620 2592
f 2592 2620 2621
f 2592 2621 2591
f 2591 2621 2622
f 2591 2622 2590
f 2590 2622 2623
f 2590 2623 2589
f 2589 2623 2624
f 2589 2624 2588
f 2588 2624 2625
f 2588 2625 2587
f 2587 2625 2626
f 2587 2626 2562
f 2562 2626 2627
f 2562 2627 2563
f 2563 2627 2628
f 2563 2628 2564
f 2564 2628 2629
f 2564 2629 2565
f 2565 2629 2630
f 2565 2630 2566
f 2566 2630 2631
f 2566 2631 2567
f 2567 2631 2632
f 2567 2632 2568
f 2568 2632 2633
f 2568 2633 2569
f 2569 2633 2634
f 2569 2634 2570
f 2570 2634 2635
f 2570 2635 2571
f 2571 2635 2636
f 2571 2636 2572
f 2572 2636 2637
f 2572 2637 2573
f 2573 2637 2638
f 2573 2638 2574
f 2574 2638 2639
f 2574 2639 2575
f 2575 2639 2640
f 2575 2640 2576
f 2576 2640 2641
f 2576 2641 2577
f 2577 2641 2642
f 2577 2642 2578
f 2578 2642 2643
f 2578 2643 2579
f 2579 2643 2644
f 2579 2644 2580
f 2580 2644 2645
f 2580 2645 2581
f 2581 2645 2646
f 2581 2646 2582
f 2582 2646 2647
f 2582 2647 2583
f 2583 2647 2648
f 2583 2648 2584
f 2584 2648 2649
f 2584 2649 2585
f 2585 2649 2650
f 2585 2650 2586
f 2586 2650 2651
f 2586 2651 2607
f 2607 2651 2652
f 2607 2652 2606
f 2606 2652 2653
f 2606 2653 2605
f 2605 2653 2608
f 2654 2644 2655
f 2655 2644 2643
f 2655 2643 2642
f 2644 2654 2645
f 2645 2654 2656
f 2645 2656 2646
f 2646 2656 2657
f 2646 2657 2647
f 2647 2657 2658
f 2647 2658 2648
f 2648 2658 2659
f 2648 2659 2649
f 2649 2659 2660
f 2649 2660 2650
f 2650 2660 2661
f 2650 2661 2651
f 2651 2661 2662
f 2651 2662 2652
f 2652 2662 2663
f 2652 2663 2653
f 2653 2663 2664
f 2653 2664 2608
f 2608 2664 2665
f 2608 2665 2609
f 2609 2665 2666
f 2609 2666 2610
f 2610 2666 2667
f 2610 2667 2611
f 2611 2667 2668
f 2611 2668 2612
f 2612 2668 2669
f 2612 2669 2613
f 2613 2669 2670
f 2613 2670 2614
f 2614 2670 2671
f 2614 2671 2615
f 2615 2671 2672
f 2615 2672 2616
f 2616 2672 2673
f 2616 2673 2617
f 2617 2673 2674
f 2617 2674 2618
f 2618 2674 2675
f 2618 2675 2619
f 2619 2675 2676
f 2619 2676 2620
f 2620 2676 2677
f 2620 2677 2621
f 2621 2677 2678
f 2621 2678 2622
f 2622 2678 2679
f 2622 2679 2623
f 2623 2679 2680
f 2623 2680 2624
f 2624 2680 2681
f 2624 2681 2625
f 2625 2681 2682
f 2625 2682 2626
f 2626 2682 2683
f 2626 2683 2627
f 2627 2683 2684
f 2627 2684 2628
f 2628 2684 2685
f 2628 2685 2629
f 2629 2685 2686
f 2629 2686 2630
f 2630 2686 2687
f 2630 2687 2631
f 2631 2687 2688
f 2631 2688 2632
f 2632 2688 2689
f 2632 2689 2633
f 2633 2689 2690
f 2633 2690 2634
f 2634 2690 2691
f 2634 2691 2635
f 2635 2691 2692
f 2635 2692 2636
f 2636 2692 2693
f 2636 2693 2637
f 2637 2693 2694
f 2637 2694 2638
f 2638 2694 2695
f 2638 2695 2639
f 2639 2695 2696
f 2639 2696 2640
f 2640 2696 2697
f 2640 2697 2641
f 2641 2697 2698
f 2641 2698 2642
f 2642 2698 2655
f 2698 2699 2655
f 2655 2699 2700
f 2655 2700 2701
f 2697 2702 2698
f 2698 2702 2703
f 2698 2703 2699
f 2696 2704 2697
f 2697 2704 2705
f 2697 2705 2702
f 2695 2706 2696
f 2696 2706 2707
f 2696 2707 2704
f 2706 2695 2708
f 2708 2695 2694
f 2708 2694 2709
f 2709 2694 2693
f 2709 2693 2710
f 2710 2693 2711
f 2711 2693 2692
f 2711 2692 2712
f 2712 2692 2713
f 2713 2692 2691
f 2713 2691 2714
f 2714 2691 2690
f 2714 2690 2715
f 2715 2690 2716
f 2716 2690 2689
f 2716 2689 2717
f 2717 2689 2718
f 2717 2718 2719
f 2718 2689 2720
f 2720 2689 2688
f 2720 2688 2721
f 2721 2688 2687
f 2721 2687 2722
f 2722 2687 2723
f 2723 2687 2686
f 2723 2686 2724
f 2724 2686 2725
f 2725 2686 2726
f 2726 2686 2685
f 2726 2685 2727
f 2727 2685 2728
f 2728 2685 2684
f 2728 2684 2729
f 2729 2684 2683
f 2729 2683 2730
f 2730 2683 2682
f 2730 2682 2731
f 2731 2682 2732
f 2731 2732 2733
f 2682 2681 2732
f 2732 2681 2734
f 2734 2681 2735
f 2735 2681 2680
f 2735 2680 2736
f 2736 2680 2679
f 2736 2679 2737
f 2737 2679 2738
f 2738 2679 2678
f 2738 2678 2739
f 2739 2678 2740
f 2739 2740 2741
f 2678 2677 2740
f 2740 2677 2742
f 2742 2677 2743
f 2743 2677 2676
f 2743 2676 2744
f 2744 2676 2745
f 2745 2676 2675
f 2745 2675 2746
f 2746 2675 2747
f 2747 2675 2674
f 2747 2674 2748
f 2748 2674 2673
f 2748 2673 2749
f 2749 2673 2750
f 2750 2673 2672
f 2750 2672 2751
f 2751 2672 2671
f 2751 2671 2752
f 2752 2671 2753
f 2752 2753 2754
f 2671 2670 2753
f 2753 2670 2755
f 2755 2670 2669
f 2755 2669 2756
f 2756 2669 2757
f 2757 2669 2668
f 2757 2668 2758
f 2758 2668 2759
f 2759 2668 2667
f 2759 2667 2760
f 2760 2667 2761
f 2760 2761 2762
f 2667 2666 2761
f 2761 2666 2763
f 2763 2666 2764
f 2764 2666 2665
f 2764 2665 2765
f 2765 2665 2664
f 2765 2664 2766
f 2766 2664 2767
f 2766 2767 2768
f 2768 2767 2769
f 2768 2769 2770
f 2770 2769 2771
f 2770 2771 2772
f 2767 2664 2773
f 2773 2664 2663
f 2773 2663 2774
f 2774 2663 2662
f 2774 2662 2775
f 2775 2662 2776
f 2776 2662 2661
f 2776 2661 2777
f 2777 2661 2660
f 2777 2660 2778
f 2778 2660 2779
f 2778 2779 2780
f 2780 2779 2417
f 2780 2417 2418
f 2660 2659 2779
f 2779 2659 2781
f 2781 2659 2658
f 2781 2658 2782
f 2782 2658 2783
f 2783 2658 2657
f 2783 2657 2784
f 2784 2657 2656
f 2784 2656 2785
f 2785 2656 2786
f 2786 2656 2654
f 2786 2654 2787
f 2787 2654 2701
f 2701 2654 2655
f 2385 2788 2383
f 2383 2788 2789
f 2383 2789 2790
f 2387 2791 2385
f 2385 2791 2792
f 2385 2792 2788
f 2788 2792 2793
f 2793 2792 2794
f 2793 2794 2795
f 2791 2387 2796
f 2796 2387 2389
f 2796 2389 2754
f 2754 2389 2391
f 2754 2391 2752
f 2752 2391 2797
f 2797 2391 2393
f 2797 2393 2798
f 2798 2393 2395
f 2798 2395 2799
f 2799 2395 2397
f 2799 2397 2800
f 2800 2397 2801
f 2800 2801 2802
f 2801 2397 2803
f 2803 2397 2398
f 2803 2398 2804
f 2804 2398 2399
f 2804 2399 2805
f 2805 2399 2806
f 2806 2399 2400
f 2806 2400 2807
f 2807 2400 2401
f 2807 2401 2733
f 2733 2401 2402
f 2733 2402 2731
f 2731 2402 2808
f 2808 2402 2403
f 2808 2403 2809
f 2809 2403 2404
f 2809 2404 2810
f 2810 2404 2405
f 2810 2405 2811
f 2811 2405 2812
f 2812 2405 2406
f 2812 2406 2813
f 2813 2406 2814
f 2813 2814 2815
f 2406 2407 2814
f 2814 2407 2816
f 2816 2407 2408
f 2816 2408 2817
f 2817 2408 2409
f 2817 2409 2710
f 2710 2409 2818
f 2710 2818 2709
f 2409 2410 2818
f 2818 2410 2819
f 2819 2410 2411
f 2819 2411 2820
f 2820 2411 2412
f 2820 2412 2821
f 2821 2412 2822
f 2821 2822 2823
f 2823 2822 2824
f 2823 2824 2825
f 2825 2824 2826
f 2825 2826 2702
f 2702 2826 2703
f 2412 2413 2822
f 2822 2413 2827
f 2827 2413 2414
f 2827 2414 2828
f 2828 2414 2829
f 2828 2829 2830
f 2830 2829 2831
f 2830 2831 2832
f 2832 2831 2833
f 2832 2833 2787
f 2787 2833 2786
f 2829 2414 2834
f 2834 2414 2415
f 2834 2415 2835
f 2835 2415 2416
f 2835 2416 2836
f 2836 2416 2417
f 2836 2417 2779
f 2780 2418 2837
f 2837 2418 2419
f 2837 2419 2838
f 2838 2419 2382
f 2838 2382 2772
f 2772 2382 2790
f 2772 2790 2770
f 2382 2383 2790
f 2800 2802 2839
f 2839 2802 2840
f 2839 2840 2841
f 2841 2840 2745
f 2841 2745 2746
f 2793 2795 2762
f 2762 2795 2760
f 2813 2815 2842
f 2842 2815 2843
f 2842 2843 2719
f 2719 2843 2717
f 2723 2724 2844
f 2844 2724 2845
f 2844 2845 2846
f 2846 2845 2847
f 2846 2847 2811
f 2811 2847 2810
f 2805 2848 2804
f 2804 2848 2849
f 2849 2848 2850
f 2849 2850 2741
f 2741 2850 2739
f 2851 2800 2852
f 2852 2800 2839
f 2852 2839 2853
f 2853 2839 2841
f 2853 2841 2854
f 2854 2841 2746
f 2854 2746 2855
f 2855 2746 2747
f 2855 2747 2856
f 2856 2747 2748
f 2856 2748 2857
f 2857 2748 2749
f 2857 2749 2858
f 2858 2749 2750
f 2858 2750 2859
f 2859 2750 2751
f 2859 2751 2860
f 2860 2751 2752
f 2860 2752 2861
f 2861 2752 2797
f 2861 2797 2862
f 2862 2797 2798
f 2862 2798 2863
f 2863 2798 2799
f 2863 2799 2851
f 2851 2799 2800
f 2210 2854 133
f 133 2854 2855
f 133 2855 134
f 134 2855 2856
f 134 2856 136
f 136 2856 2857
f 136 2857 138
f 138 2857 2858
f 138 2858 139
f 139 2858 2859
f 139 2859 140
f 140 2859 2860
f 140 2860 142
f 142 2860 2861
f 142 2861 143
f 143 2861 2862
f 143 2862 144
f 144 2862 146
f 146 2862 2863
f 146 2863 147
f 147 2863 2851
f 147 2851 2212
f 2212 2851 2852
f 2212 2852 2211
f 2211 2852 2853
f 2211 2853 2210
f 2210 2853 2854
f 2864 2791 2865
f 2865 2791 2796
f 2865 2796 2866
f 2866 2796 2754
f 2866 2754 2867
f 2867 2754 2753
f 2867 2753 2868
f 2868 2753 2755
f 2868 2755 2869
f 2869 2755 2756
f 2869 2756 2870
f 2870 2756 2757
f 2870 2757 2871
f 2871 2757 2758
f 2871 2758 2872
f 2872 2758 2759
f 2872 2759 2873
f 2873 2759 2760
f 2873 2760 2874
f 2874 2760 2795
f 2874 2795 2875
f 2875 2795 2794
f 2875 2794 2876
f 2876 2794 2792
f 2876 2792 2864
f 2864 2792 2791
f 131 2865 132
f 132 2865 2866
f 132 2866 2209
f 2209 2866 2867
f 2209 2867 2208
f 2208 2867 2868
f 2208 2868 2207
f 2207 2868 2869
f 2207 2869 118
f 118 2869 2870
f 118 2870 119
f 119 2870 2871
f 119 2871 121
f 121 2871 123
f 123 2871 2872
f 123 2872 124
f 124 2872 2873
f 124 2873 125
f 125 2873 2874
f 125 2874 127
f 127 2874 2875
f 127 2875 128
f 128 2875 2876
f 128 2876 129
f 129 2876 2864
f 129 2864 131
f 131 2864 2865
f 2877 2780 2878
f 2878 2780 2837
f 2878 2837 2879
f 2879 2837 2838
f 2879 2838 2880
f 2880 2838 2772
f 2880 2772 2881
f 2881 2772 2771
f 2881 2771 2882
f 2882 2771 2769
f 2882 2769 2883
f 2883 2769 2767
f 2883 2767 2884
f 2884 2767 2773
f 2884 2773 2885
f 2885 2773 2774
f 2885 2774 2886
f 2886 2774 2775
f 2886 2775 2887
f 2887 2775 2776
f 2887 2776 2888
f 2888 2776 2777
f 2888 2777 2889
f 2889 2777 2778
f 2889 2778 2877
f 2877 2778 2780
f 116 2880 117
f 117 2880 2881
f 117 2881 2206
f 2206 2881 2205
f 2205 2881 2882
f 2205 2882 2204
f 2204 2882 2883
f 2204 2883 103
f 103 2883 2884
f 103 2884 104
f 104 2884 2885
f 104 2885 106
f 106 2885 2886
f 106 2886 108
f 108 2886 2887
f 108 2887 109
f 109 2887 2888
f 109 2888 110
f 110 2888 2889
f 110 2889 112
f 112 2889 2877
f 112 2877 113
f 113 2877 2878
f 113 2878 114
f 114 2878 2879
f 114 2879 116
f 116 2879 2880
f 2890 2833 2891
f 2891 2833 2831
f 2891 2831 2892
f 2892 2831 2829
f 2892 2829 2893
f 2893 2829 2834
f 2893 2834 2894
f 2894 2834 2835
f 2894 2835 2895
f 2895 2835 2836
f 2895 2836 2896
f 2896 2836 2779
f 2896 2779 2897
f 2897 2779 2781
f 2897 2781 2898
f 2898 2781 2782
f 2898 2782 2899
f 2899 2782 2783
f 2899 2783 2900
f 2900 2783 2784
f 2900 2784 2901
f 2901 2784 2785
f 2901 2785 2902
f 2902 2785 2786
f 2902 2786 2890
f 2890 2786 2833
f 101 2894 102
f 102 2894 2895
f 102 2895 2203
f 2203 2895 2896
f 2203 2896 2202
f 2202 2896 2897
f 2202 2897 2201
f 2201 2897 2898
f 2201 2898 88
f 88 2898 2899
f 88 2899 89
f 89 2899 2900
f 89 2900 91
f 91 2900 2901
f 91 2901 93
f 93 2901 2902
f 93 2902 94
f 94 2902 2890
f 94 2890 95
f 95 2890 2891
f 95 2891 97
f 97 2891 98
f 98 2891 2892
f 98 2892 99
f 99 2892 2893
f 99 2893 101
f 101 2893 2894
f 2903 2706 2904
f 2904 2706 2708
f 2904 2708 2905
f 2905 2708 2709
f 2905 2709 2906
f 2906 2709 2818
f 2906 2818 2907
f 2907 2818 2819
f 2907 2819 2908
f 2908 2819 2820
f 2908 2820 2909
f 2909 2820 2821
f 2909 2821 2910
f 2910 2821 2823
f 2910 2823 2911
f 2911 2823 2825
f 2911 2825 2912
f 2912 2825 2702
f 2912 2702 2913
f 2913 2702 2705
f 2913 2705 2914
f 2914 2705 2704
f 2914 2704 2915
f 2915 2704 2707
f 2915 2707 2903
f 2903 2707 2706
f 86 2909 87
f 87 2909 2910
f 87 2910 2200
f 2200 2910 2911
f 2200 2911 2199
f 2199 2911 2912
f 2199 2912 2198
f 2198 2912 2913
f 2198 2913 73
f 73 2913 74
f 74 2913 2914
f 74 2914 76
f 76 2914 2915
f 76 2915 78
f 78 2915 2903
f 78 2903 79
f 79 2903 2904
f 79 2904 80
f 80 2904 2905
f 80 2905 82
f 82 2905 2906
f 82 2906 83
f 83 2906 2907
f 83 2907 84
f 84 2907 2908
f 84 2908 86
f 86 2908 2909
f 2916 2714 2917
f 2917 2714 2715
f 2917 2715 2918
f 2918 2715 2716
f 2918 2716 2919
f 2919 2716 2717
f 2919 2717 2920
f 2920 2717 2843
f 2920 2843 2921
f 2921 2843 2815
f 2921 2815 2922
f 2922 2815 2814
f 2922 2814 2923
f 2923 2814 2816
f 2923 2816 2924
f 2924 2816 2817
f 2924 2817 2925
f 2925 2817 2710
f 2925 2710 2926
f 2926 2710 2711
f 2926 2711 2927
f 2927 2711 2712
f 2927 2712 2928
f 2928 2712 2713
f 2928 2713 2916
f 2916 2713 2714
f 2197 72 2924
f 2924 72 71
f 2924 71 2923
f 2923 71 69
f 2923 69 2922
f 2922 69 68
f 2922 68 2921
f 2921 68 67
f 2921 67 2920
f 2920 67 65
f 2920 65 2919
f 2919 65 64
f 2919 64 2918
f 2918 64 63
f 2918 63 2917
f 2917 63 61
f 2917 61 2916
f 2916 61 59
f 2916 59 2928
f 2928 59 58
f 2928 58 2927
f 2927 58 2195
f 2927 2195 2926
f 2926 2195 2196
f 2926 2196 2925
f 2925 2196 2197
f 2925 2197 2924
f 2929 2725 2930
f 2930 2725 2726
f 2930 2726 2931
f 2931 2726 2727
f 2931 2727 2932
f 2932 2727 2728
f 2932 2728 2933
f 2933 2728 2729
f 2933 2729 2934
f 2934 2729 2730
f 2934 2730 2935
f 2935 2730 2731
f 2935 2731 2936
f 2936 2731 2808
f 2936 2808 2937
f 2937 2808 2809
f 2937 2809 2938
f 2938 2809 2810
f 2938 2810 2939
f 2939 2810 2847
f 2939 2847 2940
f 2940 2847 2845
f 2940 2845 2941
f 2941 2845 2724
f 2941 2724 2929
f 2929 2724 2725
f 2243 2244 2930
f 2930 2244 2246
f 2930 2246 2929
f 2929 2246 2247
f 2929 2247 2941
f 2941 2247 2260
f 2941 2260 2940
f 2940 2260 2262
f 2940 2262 2939
f 2939 2262 2264
f 2939 2264 2938
f 2938 2264 2271
f 2938 2271 2937
f 2937 2271 2237
f 2937 2237 2936
f 2936 2237 2236
f 2936 2236 2935
f 2935 2236 2234
f 2935 2234 2934
f 2934 2234 2238
f 2934 2238 2933
f 2933 2238 2240
f 2933 2240 2932
f 2932 2240 2241
f 2932 2241 2931
f 2931 2241 2243
f 2931 2243 2930
f 2942 2732 2943
f 2943 2732 2734
f 2943 2734 2944
f 2944 2734 2735
f 2944 2735 2945
f 2945 2735 2736
f 2945 2736 2946
f 2946 2736 2737
f 2946 2737 2947
f 2947 2737 2738
f 2947 2738 2948
f 2948 2738 2739
f 2948 2739 2949
f 2949 2739 2850
f 2949 2850 2950
f 2950 2850 2848
f 2950 2848 2951
f 2951 2848 2805
f 2951 2805 2952
f 2952 2805 2806
f 2952 2806 2953
f 2953 2806 2807
f 2953 2807 2954
f 2954 2807 2733
f 2954 2733 2942
f 2942 2733 2732
f 2192 2943 43
f 43 2943 2944
f 43 2944 44
f 44 2944 2945
f 44 2945 46
f 46 2945 2946
f 46 2946 48
f 48 2946 2947
f 48 2947 49
f 49 2947 2948
f 49 2948 50
f 50 2948 2949
f 50 2949 52
f 52 2949 2950
f 52 2950 53
f 53 2950 2951
f 53 2951 54
f 54 2951 2952
f 54 2952 56
f 56 2952 2953
f 56 2953 57
f 57 2953 2954
f 57 2954 2194
f 2194 2954 2942
f 2194 2942 2193
f 2193 2942 2943
f 2193 2943 2192
f 2740 31 2741
f 2741 31 33
f 2741 33 2849
f 2849 33 34
f 2849 34 2804
f 2804 34 36
f 2804 36 2803
f 2803 36 38
f 2803 38 2801
f 2801 38 40
f 2801 40 2802
f 2802 40 42
f 2802 42 2840
f 2840 42 41
f 2840 41 2745
f 2745 41 39
f 2745 39 2744
f 2744 39 37
f 2744 37 2743
f 2743 37 35
f 2743 35 2742
f 2742 35 32
f 2742 32 2740
f 2740 32 31
f 2788 19 2789
f 2789 19 21
f 2789 21 2790
f 2790 21 22
f 2790 22 2770
f 2770 22 24
f 2770 24 2768
f 2768 24 26
f 2768 26 2766
f 2766 26 28
f 2766 28 2765
f 2765 28 30
f 2765 30 2764
f 2764 30 29
f 2764 29 2763
f 2763 29 27
f 2763 27 2761
f 2761 27 25
f 2761 25 2762
f 2762 25 23
f 2762 23 2793
f 2793 23 20
f 2793 20 2788
f 2788 20 19
f 2824 7 2826
f 2826 7 9
f 2826 9 2703
f 2703 9 10
f 2703 10 2699
f 2699 10 12
f 2699 12 2700
f 2700 12 14
f 2700 14 2701
f 2701 14 16
f 2701 16 2787
f 2787 16 18
f 2787 18 2832
f 2832 18 17
f 2832 17 2830
f 2830 17 15
f 2830 15 2828
f 2828 15 13
f 2828 13 2827
f 2827 13 11
f 2827 11 2822
f 2822 11 8
f 2822 8 2824
f 2824 8 7
f 2722 2250 2721
f 2721 2250 2252
f 2721 2252 2720
f 2720 2252 2253
f 2720 2253 2718
f 2718 2253 2254
f 2718 2254 2719
f 2719 2254 2255
f 2719 2255 2842
f 2842 2255 2256
f 2842 2256 2813
f 2813 2256 2269
f 2813 2269 2812
f 2812 2269 2268
f 2812 2268 2811
f 2811 2268 2263
f 2811 2263 2846
f 2846 2263 2261
f 2846 2261 2844
f 2844 2261 2259
f 2844 2259 2723
f 2723 2259 2249
f 2723 2249 2722
f 2722 2249 2250
f 2533 2955 2531
f 2475 2955 2474
f 2478 2955 2476
f 2480 2955 2479
f 2483 2955 2482
f 2532 2955 2485
f 2531 2955 2532
f 2482 2955 2480
f 2476 2955 2475
f 2485 2955 2483
f 2479 2955 2478
f 2474 2955 2533
f 2497 2956 2498
f 2495 2956 2496
f 2507 2956 2508
f 2505 2956 2506
f 2502 2956 2504
f 2499 2956 2500
f 2498 2956 2499
f 2504 2956 2505
f 2508 2956 2495
f 2500 2956 2502
f 2506 2956 2507
f 2496 2956 2497
f 2520 2957 2521
f 2518 2957 2519
f 2523 2957 2524
f 2526 2957 2527
f 2530 2957 2525
f 2528 2957 2529
f 2521 2957 2528
f 2525 2957 2526
f 2524 2957 2518
f 2529 2957 2530
f 2527 2957 2523
f 2519 2957 2520
f 2155 2958 2156
f 2156 2958 2959
f 2156 2959 2960
f 2154 2961 2155
f 2155 2961 2962
f 2155 2962 2963
f 2153 2964 2154
f 2154 2964 2965
f 2154 2965 2966
f 2967 2968 2153
f 2153 2968 2969
f 2153 2969 2970
f 2153 2970 2971
f 2971 2970 2972
f 2971 2972 2973
f 2973 2972 2974
f 2974 2972 2975
f 2975 2972 2976
f 2975 2976 2977
f 2971 2978 2153
f 2153 2978 2979
f 2153 2979 2980
f 2980 2981 2153
f 2153 2981 2982
f 2153 2982 2964
f 2966 2983 2154
f 2154 2983 2984
f 2154 2984 2985
f 2154 2985 2986
f 2986 2985 2987
f 2986 2987 2988
f 2988 2989 2986
f 2986 2989 2990
f 2990 2989 2991
f 2986 2992 2154
f 2154 2992 2993
f 2154 2993 2994
f 2994 2995 2154
f 2154 2995 2961
f 2963 2996 2155
f 2155 2996 2997
f 2155 2997 2998
f 2998 2997 2999
f 2999 2997 3000
f 3000 2997 3001
f 3001 2997 3002
f 3001 3002 3003
f 2998 3004 2155
f 2155 3004 3005
f 2155 3005 3006
f 3006 3007 2155
f 2155 3007 2958
f 2960 3008 2156
f 2156 3008 3009
f 2156 3009 3010
f 3010 3011 2156
f 2156 3011 3012
f 2156 3012 3013
f 3012 3011 3014
f 3014 3011 3015
f 3014 3015 3016
f 3016 3017 3014
f 3014 3017 3018
f 3018 3017 3019
f 3013 3020 2156
f 2156 3020 3021
f 3022 3023 3024
f 3024 3023 3025
f 3024 3025 3026
f 3026 3025 3027
f 3026 3027 3028
f 3028 3027 3029
f 3028 3029 3030
f 3030 3029 3031
f 3030 3031 3032
f 3032 3031 3033
f 3032 3033 3034
f 3034 3033 3035
f 3034 3035 3036
f 3036 3035 3037
f 3036 3037 3038
f 3038 3037 3039
f 3038 3039 3040
f 3040 3039 3041
f 3040 3041 3042
f 3042 3041 3043
f 3042 3043 3044
f 3044 3043 3045
f 3044 3045 3046
f 3046 3045 3047
f 3046 3047 3048
f 3048 3047 3049
f 3048 3049 3050
f 3050 3049 3051
f 3050 3051 3052
f 3052 3051 3053
f 3052 3053 3054
f 3054 3053 3022
f 3054 3022 3024
f 3055 3056 3057
f 3057 3056 3058
f 3057 3058 3059
f 3059 3058 3060
f 3059 3060 3061
f 3061 3060 3062
f 3061 3062 3063
f 3063 3062 3064
f 3063 3064 3065
f 3065 3064 3066
f 3065 3066 3067
f 3067 3066 3068
f 3067 3068 3069
f 3069 3068 3070
f 3069 3070 3071
f 3071 3070 3072
f 3071 3072 3073
f 3073 3072 3074
f 3073 3074 3075
f 3075 3074 3076
f 3075 3076 3077
f 3077 3076 3078
f 3077 3078 3079
f 3079 3078 3080
f 3079 3080 3081
f 3081 3080 3082
f 3081 3082 3083
f 3083 3082 3084
f 3083 3084 3085
f 3085 3084 3086
f 3085 3086 3087
f 3087 3086 3055
f 3087 3055 3057
f 3088 3089 3090
f 3090 3089 3091
f 3090 3091 3092
f 3092 3091 3093
f 3092 3093 3094
f 3094 3093 3095
f 3094 3095 3096
f 3096 3095 3097
f 3096 3097 3098
f 3098 3097 3099
f 3098 3099 3100
f 3100 3099 3101
f 3100 3101 3102
f 3102 3101 3103
f 3102 3103 3104
f 3104 3103 3105
f 3104 3105 3106
f 3106 3105 3107
f 3106 3107 3108
f 3108 3107 3109
f 3108 3109 3110
f 3110 3109 3111
f 3110 3111 3112
f 3112 3111 3113
f 3112 3113 3114
f 3114 3113 3115
f 3114 3115 3116
f 3116 3115 3117
f 3116 3117 3118
f 3118 3117 3119
f 3118 3119 3120
f 3120 3119 3088
f 3120 3088 3090
f 3121 3122 3123
f 3123 3122 3124
f 3123 3124 3125
f 3125 3124 3126
f 3125 3126 3127
f 3127 3126 3128
f 3127 3128 3129
f 3129 3128 3130
f 3129 3130 3131
f 3131 3130 3132
f 3131 3132 3133
f 3133 3132 3134
f 3133 3134 3135
f 3135 3134 3136
f 3135 3136 3137
f 3137 3136 3138
f 3137 3138 3139
f 3139 3138 3140
f 3139 3140 3141
f 3141 3140 3142
f 3141 3142 3143
f 3143 3142 3144
f 3143 3144 3145
f 3145 3144 3146
f 3145 3146 3147
f 3147 3146 3148
f 3147 3148 3149
f 3149 3148 3150
f 3149 3150 3151
f 3151 3150 3152
f 3151 3152 3153
f 3153 3152 3121
f 3153 3121 3123
f 3154 3155 3156
f 3156 3155 3157
f 3156 3157 3158
f 3158 3157 3159
f 3158 3159 3160
f 3160 3159 3161
f 3160 3161 3162
f 3162 3161 3163
f 3162 3163 3164
f 3164 3163 3165
f 3164 3165 3166
f 3166 3165 3167
f 3166 3167 3168
f 3168 3167 3169
f 3168 3169 3170
f 3170 3169 3171
f 3170 3171 3172
f 3172 3171 3173
f 3172 3173 3174
f 3174 3173 3175
f 3174 3175 3176
f 3176 3175 3177
f 3176 3177 3178
f 3178 3177 3179
f 3178 3179 3180
f 3180 3179 3181
f 3180 3181 3182
f 3182 3181 3183
f 3182 3183 3184
f 3184 3183 3185
f 3184 3185 3186
f 3186 3185 3154
f 3186 3154 3156
f 3187 3188 3189
f 3189 3188 3190
f 3189 3190 3191
f 3191 3190 3192
f 3191 3192 3193
f 3193 3192 3194
f 3193 3194 3195
f 3195 3194 3196
f 3195 3196 3197
f 3197 3196 3198
f 3197 3198 3199
f 3199 3198 3200
f 3199 3200 3201
f 3201 3200 3202
f 3201 3202 3203
f 3203 3202 3204
f 3203 3204 3205
f 3205 3204 3206
f 3205 3206 3207
f 3207 3206 3208
f 3207 3208 3209
f 3209 3208 3210
f 3209 3210 3211
f 3211 3210 3212
f 3211 3212 3213
f 3213 3212 3214
f 3213 3214 3215
f 3215 3214 3216
f 3215 3216 3217
f 3217 3216 3218
f 3217 3218 3219
f 3219 3218 3187
f 3219 3187 3189
f 3220 3221 3222
f 3222 3221 3223
f 3222 3223 3224
f 3224 3223 3225
f 3224 3225 3226
f 3226 3225 3227
f 3226 3227 3228
f 3228 3227 3229
f 3228 3229 3230
f 3230 3229 3231
f 3230 3231 3232
f 3232 3231 3233
f 3232 3233 3234
f 3234 3233 3235
f 3234 3235 3236
f 3236 3235 3237
f 3236 3237 3238
f 3238 3237 3239
f 3238 3239 3240
f 3240 3239 3241
f 3240 3241 3242
f 3242 3241 3243
f 3242 3243 3244
f 3244 3243 3245
f 3244 3245 3246
f 3246 3245 3247
f 3246 3247 3248
f 3248 3247 3249
f 3248 3249 3250
f 3250 3249 3251
f 3250 3251 3252
f 3252 3251 3220
f 3252 3220 3222
f 3253 3254 3255
f 3255 3254 3256
f 3255 3256 3257
f 3257 3256 3258
f 3257 3258 3259
f 3259 3258 3260
f 3259 3260 3261
f 3261 3260 3262
f 3261 3262 3263
f 3263 3262 3264
f 3263 3264 3265
f 3265 3264 3266
f 3265 3266 3267
f 3267 3266 3268
f 3267 3268 3269
f 3269 3268 3270
f 3269 3270 3271
f 3271 3270 3272
f 3271 3272 3273
f 3273 3272 3274
f 3273 3274 3275
f 3275 3274 3276
f 3275 3276 3277
f 3277 3276 3278
f 3277 3278 3279
f 3279 3278 3280
f 3279 3280 3281
f 3281 3280 3282
f 3281 3282 3283
f 3283 3282 3284
f 3283 3284 3285
f 3285 3284 3253
f 3285 3253 3255
f 3286 3287 3288
f 3288 3287 3289
f 3288 3289 3290
f 3290 3291 3288
f 3288 3291 3292
f 3288 3292 3293
f 3294 3295 3293
f 3293 3295 3296
f 3293 3296 3297
f 3298 3299 3294
f 3294 3299 3300
f 3294 3300 3301
f 3302 3303 3298
f 3298 3303 3304
f 3298 3304 3305
f 3306 3307 3302
f 3302 3307 3308
f 3302 3308 3309
f 3309 3308 3310
f 3310 3308 3311
f 3310 3311 3312
f 3312 3311 3293
f 3312 3293 3313
f 3313 3293 3314
f 3314 3293 3315
f 3315 3293 3297
f 3306 3316 3307
f 3307 3316 3317
f 3307 3317 3318
f 3318 3319 3307
f 3307 3319 3320
f 3321 3322 3307
f 3307 3322 3323
f 3307 3323 3324
f 3324 3308 3307
f 3293 3311 3288
f 3288 3311 3325
f 3288 3325 3326
f 3326 3327 3288
f 3288 3327 3328
f 3309 3329 3302
f 3302 3329 3330
f 3302 3330 3331
f 3331 3332 3302
f 3302 3332 3333
f 3302 3333 3303
f 3305 3334 3298
f 3298 3334 3335
f 3298 3335 3299
f 3301 3336 3294
f 3294 3336 3337
f 3294 3337 3295
f 3338 3339 3340
f 3340 3339 3341
f 3340 3341 3342
f 3342 3341 3343
f 3342 3343 3344
f 3344 3343 3345
f 3344 3345 3346
f 3346 3345 3347
f 3346 3347 3348
f 3348 3347 3349
f 3348 3349 3350
f 3350 3349 3351
f 3350 3351 3352
f 3352 3351 3353
f 3338 3354 3339
f 3339 3354 3355
f 3339 3355 3356
f 3338 3357 3354
f 3354 3357 3358
f 3354 3358 3359
f 3358 3357 3360
f 3360 3357 3361
f 3360 3361 3362
f 3362 3361 3363
f 3362 3364 3360
f 3360 3364 3365
f 3360 3365 3366
f 3366 3365 3367
f 3366 3367 3368
f 3368 3367 3369
f 3368 3369 3370
f 3370 3371 3368
f 3360 3372 3358
f 3358 3372 3373
f 3373 3372 3374
f 3374 3372 3375
f 3374 3375 3376
f 3376 3375 3377
f 3354 3359 3378
f 3378 3359 3379
f 3378 3379 3380
f 3380 3379 3381
f 3380 3381 3382
f 3356 3383 3339
f 3384 3385 3386
f 3386 3385 3387
f 3386 3387 3388
f 3388 3387 3389
f 3388 3389 3390
f 3390 3389 3391
f 3390 3391 3392
f 3392 3391 3393
f 3392 3393 3394
f 3394 3393 3395
f 3394 3395 3396
f 3396 3395 3397
f 3396 3397 3398
f 3398 3397 3399
f 3353 3400 3352
f 3352 3400 3401
f 3352 3401 3384
f 3384 3401 3385
f 3400 3402 3401
f 3401 3402 3403
f 3403 3402 3404
f 3403 3404 3405
f 3405 3404 3406
f 3405 3406 3407
f 3407 3406 3408
f 3408 3406 3409
f 3384 3410 3352
f 3352 3410 3411
f 3411 3410 3412
f 3411 3412 3413
f 3413 3412 3414
f 3413 3414 3415
f 3415 3414 3416
f 3415 3416 3417
f 3418 3419 3420
f 3420 3419 3421
f 3420 3421 3422
f 3422 3421 3423
f 3422 3423 3424
f 3424 3423 3425
f 3424 3425 3426
f 3426 3425 3427
f 3426 3427 3428
f 3428 3427 3429
f 3430 3398 3431
f 3431 3398 3399
f 3431 3399 3432
f 3432 3399 3433
f 3433 3399 3434
f 3435 3436 3431
f 3431 3436 3437
f 3431 3437 3430
f 3430 3437 3438
f 3430 3438 3439
f 3439 3438 3419
f 3439 3419 3440
f 3436 3435 3441
f 3441 3435 3442
f 3441 3442 3443
f 3443 3442 3444
f 3438 3437 3445
f 3445 3437 3446
f 3445 3446 3447
f 3445 3447 3448
f 3448 3447 3449
f 3448 3449 3450
f 3451 3423 3438
f 3438 3423 3421
f 3438 3421 3419
f 3423 3451 3425
f 3425 3451 3452
f 3425 3452 3427
f 3427 3452 3429
f 3429 3452 3453
f 3419 3418 3440
f 3440 3418 3454
f 3440 3454 3363
f 3363 3454 3362
f 3455 3311 3418
f 3418 3311 3308
f 3418 3308 3454
f 3454 3308 3456
f 3457 3458 3363
f 3363 3458 3440
f 3459 3370 3460
f 3460 3370 3369
f 3460 3369 3461
f 3461 3369 3367
f 3461 3367 3462
f 3462 3367 3365
f 3462 3365 3463
f 3463 3365 3364
f 3463 3364 3454
f 3454 3364 3362
f 3307 3464 3321
f 3321 3464 3465
f 3321 3465 3322
f 3322 3465 3466
f 3322 3466 3323
f 3323 3466 3467
f 3323 3467 3324
f 3324 3467 3468
f 3324 3468 3308
f 3308 3468 3456
f 3468 3469 3456
f 3456 3469 3470
f 3456 3470 3471
f 3469 3468 3472
f 3472 3468 3467
f 3472 3467 3473
f 3473 3467 3466
f 3473 3466 3464
f 3464 3466 3465
f 3464 3474 3473
f 3473 3474 3475
f 3473 3475 3476
f 3477 3478 3474
f 3474 3478 3479
f 3474 3479 3475
f 3475 3479 3480
f 3475 3480 3481
f 3481 3480 3482
f 3481 3482 3483
f 3483 3482 3484
f 3483 3484 3485
f 3485 3484 3486
f 3485 3486 3487
f 3487 3486 3488
f 3488 3486 3489
f 3488 3489 3490
f 3490 3489 3491
f 3490 3491 3492
f 3478 3493 3479
f 3479 3493 3494
f 3479 3494 3495
f 3495 3494 3496
f 3496 3494 3497
f 3496 3497 3498
f 3498 3497 3499
f 3499 3497 3500
f 3500 3497 3409
f 3500 3409 3501
f 3501 3409 3502
f 3502 3409 3503
f 3503 3409 3504
f 3503 3504 3505
f 3505 3504 3506
f 3506 3504 3507
f 3506 3507 3508
f 3508 3507 3509
f 3508 3509 3510
f 3503 3505 3511
f 3511 3505 3512
f 3511 3512 3513
f 3513 3512 3514
f 3514 3512 3515
f 3514 3515 3516
f 3516 3515 3517
f 3516 3517 3518
f 3511 3513 3519
f 3519 3513 3520
f 3519 3520 3521
f 3521 3520 3522
f 3522 3520 3523
f 3522 3523 3524
f 3524 3523 3525
f 3524 3525 3526
f 3519 3521 3527
f 3527 3521 3459
f 3527 3459 3528
f 3528 3459 3529
f 3529 3459 3456
f 3529 3456 3471
f 3459 3460 3456
f 3456 3460 3461
f 3456 3461 3462
f 3462 3463 3456
f 3456 3463 3454
f 3490 3492 3530
f 3530 3492 3503
f 3530 3503 3511
f 3531 3532 3533
f 3533 3532 3534
f 3533 3534 3535
f 3532 3531 3536
f 3536 3531 3537
f 3536 3537 3538
f 3536 3538 3539
f 3539 3538 3511
f 3539 3511 3519
f 3473 3476 3540
f 3540 3476 3541
f 3540 3541 3542
f 3542 3541 3543
f 3542 3543 3535
f 3535 3543 3533
f 3311 3455 3325
f 3325 3455 3544
f 3325 3544 3326
f 3326 3544 3545
f 3326 3545 3327
f 3327 3545 3546
f 3327 3546 3328
f 3328 3546 3547
f 3328 3547 3288
f 3288 3547 3548
f 3547 3546 3548
f 3548 3546 3549
f 3548 3549 3550
f 3550 3549 3551
f 3550 3551 3552
f 3552 3551 3553
f 3553 3551 3554
f 3553 3554 3555
f 3555 3554 3556
f 3555 3556 3557
f 3557 3556 3558
f 3557 3558 3559
f 3559 3558 3560
f 3559 3560 3561
f 3546 3545 3549
f 3549 3545 3562
f 3562 3545 3544
f 3562 3544 3563
f 3563 3544 3455
f 3563 3455 3564
f 3564 3455 3565
f 3565 3455 3566
f 3566 3455 3428
f 3566 3428 3567
f 3567 3428 3568
f 3568 3428 3569
f 3568 3569 3570
f 3570 3569 3571
f 3570 3571 3572
f 3572 3571 3573
f 3572 3573 3574
f 3574 3573 3575
f 3574 3575 3576
f 3576 3575 3577
f 3576 3577 3578
f 3578 3577 3579
f 3418 3420 3455
f 3455 3420 3422
f 3455 3422 3424
f 3424 3426 3455
f 3455 3426 3428
f 3569 3580 3571
f 3571 3580 3581
f 3581 3580 3582
f 3581 3582 3583
f 3583 3582 3584
f 3572 3574 3585
f 3585 3574 3586
f 3585 3586 3587
f 3587 3586 3588
f 3587 3588 3589
f 3589 3588 3590
f 3589 3590 3591
f 3591 3590 3592
f 3587 3408 3585
f 3585 3408 3593
f 3593 3408 3594
f 3594 3408 3595
f 3595 3408 3596
f 3595 3596 3597
f 3597 3596 3598
f 3598 3596 3599
f 3599 3596 3600
f 3599 3600 3601
f 3601 3600 3552
f 3552 3600 3602
f 3552 3602 3603
f 3604 3550 3603
f 3603 3550 3552
f 3605 3606 3607
f 3607 3606 3608
f 3607 3608 3609
f 3606 3605 3610
f 3610 3605 3611
f 3610 3611 3612
f 3612 3611 3613
f 3612 3613 3549
f 3549 3613 3551
f 3559 3561 3614
f 3614 3561 3615
f 3614 3615 3616
f 3616 3615 3617
f 3616 3617 3618
f 3618 3617 3572
f 3618 3572 3585
f 3572 3619 3570
f 3570 3619 3620
f 3620 3619 3621
f 3620 3621 3622
f 3622 3621 3623
f 3622 3623 3609
f 3609 3623 3607
f 3569 3453 3580
f 3580 3453 3452
f 3580 3452 3582
f 3582 3452 3451
f 3582 3451 3584
f 3584 3451 3438
f 3584 3438 3583
f 3583 3438 3445
f 3583 3445 3581
f 3581 3445 3448
f 3581 3448 3571
f 3571 3448 3450
f 3382 3505 3380
f 3380 3505 3506
f 3380 3506 3378
f 3378 3506 3508
f 3378 3508 3354
f 3354 3508 3510
f 3354 3510 3355
f 3355 3510 3509
f 3355 3509 3356
f 3356 3509 3507
f 3356 3507 3383
f 3383 3507 3504
f 3573 3449 3575
f 3575 3449 3447
f 3575 3447 3577
f 3577 3447 3446
f 3577 3446 3579
f 3579 3446 3437
f 3579 3437 3578
f 3578 3437 3436
f 3578 3436 3576
f 3576 3436 3441
f 3576 3441 3574
f 3574 3441 3443
f 3371 3521 3368
f 3368 3521 3522
f 3368 3522 3366
f 3366 3522 3524
f 3366 3524 3360
f 3360 3524 3526
f 3360 3526 3372
f 3372 3526 3525
f 3372 3525 3375
f 3375 3525 3523
f 3375 3523 3377
f 3377 3523 3520
f 3376 3513 3374
f 3374 3513 3514
f 3374 3514 3373
f 3373 3514 3516
f 3373 3516 3358
f 3358 3516 3518
f 3358 3518 3359
f 3359 3518 3517
f 3359 3517 3379
f 3379 3517 3515
f 3379 3515 3381
f 3381 3515 3512
f 3586 3444 3588
f 3588 3444 3442
f 3588 3442 3590
f 3590 3442 3435
f 3590 3435 3592
f 3592 3435 3431
f 3592 3431 3591
f 3591 3431 3432
f 3591 3432 3589
f 3589 3432 3433
f 3589 3433 3587
f 3587 3433 3434
f 3520 3513 3377
f 3377 3513 3376
f 3459 3521 3370
f 3370 3521 3371
f 3400 3353 3339
f 3339 3353 3351
f 3339 3351 3349
f 3349 3347 3339
f 3339 3347 3345
f 3339 3345 3343
f 3343 3341 3339
f 3339 3383 3400
f 3400 3383 3402
f 3402 3383 3404
f 3404 3383 3406
f 3406 3383 3504
f 3406 3504 3409
f 3382 3381 3505
f 3505 3381 3512
f 3397 3395 3399
f 3399 3395 3393
f 3399 3393 3391
f 3391 3389 3399
f 3399 3389 3387
f 3399 3387 3385
f 3385 3401 3399
f 3399 3401 3434
f 3434 3401 3403
f 3434 3403 3405
f 3405 3407 3434
f 3434 3407 3587
f 3587 3407 3408
f 3443 3444 3574
f 3574 3444 3586
f 3450 3449 3571
f 3571 3449 3573
f 3624 3625 3626
f 3626 3625 3627
f 3626 3627 3628
f 3628 3627 3629
f 3628 3629 3630
f 3630 3629 3631
f 3630 3631 3632
f 3632 3631 3633
f 3632 3633 3634
f 3634 3635 3632
f 3632 3635 3636
f 3632 3636 3630
f 3630 3636 3637
f 3630 3637 3628
f 3628 3637 3638
f 3628 3638 3626
f 3626 3638 3639
f 3626 3639 3624
f 3635 3634 3640
f 3640 3634 3641
f 3633 3642 3634
f 3634 3642 3643
f 3634 3643 3644
f 3633 3631 3642
f 3642 3631 3629
f 3642 3629 3645
f 3645 3629 3627
f 3645 3627 3625
f 3416 3646 3625
f 3625 3646 3647
f 3625 3647 3648
f 3414 3398 3416
f 3416 3398 3649
f 3416 3649 3650
f 3412 3394 3414
f 3414 3394 3396
f 3414 3396 3398
f 3410 3390 3412
f 3412 3390 3392
f 3412 3392 3394
f 3384 3386 3410
f 3410 3386 3388
f 3410 3388 3390
f 3430 3651 3398
f 3398 3651 3652
f 3398 3652 3653
f 3653 3652 3654
f 3654 3652 3655
f 3654 3655 3656
f 3656 3655 3657
f 3656 3657 3658
f 3658 3657 3659
f 3658 3659 3660
f 3660 3659 3661
f 3660 3661 3662
f 3662 3661 3663
f 3662 3663 3664
f 3664 3663 3665
f 3664 3665 3634
f 3634 3665 3666
f 3634 3666 3641
f 3641 3666 3667
f 3641 3667 3668
f 3641 3669 3430
f 3430 3669 3670
f 3430 3670 3671
f 3668 3672 3641
f 3641 3672 3673
f 3641 3673 3674
f 3674 3675 3641
f 3641 3675 3669
f 3671 3676 3430
f 3430 3676 3677
f 3430 3677 3651
f 3648 3678 3625
f 3625 3678 3645
f 3644 3664 3634
f 3653 3649 3398
f 3650 3679 3416
f 3416 3679 3680
f 3416 3680 3681
f 3681 3646 3416
f 3458 3457 3682
f 3682 3457 3683
f 3682 3683 3684
f 3684 3683 3685
f 3684 3685 3686
f 3686 3685 3687
f 3686 3687 3688
f 3688 3687 3689
f 3688 3689 3690
f 3690 3691 3688
f 3688 3691 3692
f 3688 3692 3686
f 3686 3692 3693
f 3686 3693 3684
f 3684 3693 3694
f 3684 3694 3682
f 3682 3694 3695
f 3682 3695 3458
f 3691 3690 3696
f 3696 3690 3697
f 3689 3687 3690
f 3690 3687 3698
f 3690 3698 3699
f 3687 3685 3698
f 3698 3685 3683
f 3698 3683 3700
f 3700 3683 3457
f 3700 3457 3701
f 3701 3457 3702
f 3702 3457 3703
f 3703 3457 3704
f 3704 3457 3363
f 3704 3363 3705
f 3705 3363 3706
f 3706 3363 3707
f 3707 3363 3708
f 3708 3363 3709
f 3709 3363 3361
f 3709 3361 3710
f 3710 3361 3711
f 3711 3361 3712
f 3712 3361 3713
f 3713 3361 3714
f 3714 3361 3715
f 3715 3361 3697
f 3715 3697 3716
f 3716 3697 3717
f 3717 3697 3718
f 3718 3697 3719
f 3719 3697 3720
f 3720 3697 3721
f 3721 3697 3722
f 3722 3697 3690
f 3722 3690 3723
f 3723 3690 3699
f 3724 3725 3726
f 3726 3725 3727
f 3726 3727 3728
f 3728 3727 3729
f 3728 3729 3730
f 3730 3729 3731
f 3730 3731 3732
f 3732 3731 3733
f 3732 3733 3723
f 3723 3733 3722
f 3725 3724 3734
f 3734 3724 3735
f 3734 3735 3736
f 3736 3735 3737
f 3736 3737 3710
f 3710 3737 3709
f 3717 3738 3716
f 3716 3738 3739
f 3716 3739 3715
f 3715 3739 3740
f 3715 3740 3714
f 3714 3740 3741
f 3714 3741 3713
f 3713 3741 3742
f 3713 3742 3712
f 3712 3742 3743
f 3712 3743 3711
f 3711 3743 3744
f 3711 3744 3710
f 3710 3744 3745
f 3710 3745 3736
f 3736 3745 3746
f 3736 3746 3734
f 3734 3746 3747
f 3734 3747 3725
f 3725 3747 3748
f 3725 3748 3727
f 3727 3748 3749
f 3727 3749 3729
f 3729 3749 3750
f 3729 3750 3731
f 3731 3750 3751
f 3731 3751 3733
f 3733 3751 3752
f 3733 3752 3722
f 3722 3752 3753
f 3722 3753 3721
f 3721 3753 3754
f 3721 3754 3720
f 3720 3754 3755
f 3720 3755 3719
f 3719 3755 3756
f 3719 3756 3718
f 3718 3756 3757
f 3718 3757 3717
f 3717 3757 3738
f 3758 3740 3759
f 3759 3740 3739
f 3759 3739 3760
f 3760 3739 3738
f 3760 3738 3761
f 3761 3738 3757
f 3761 3757 3762
f 3762 3757 3756
f 3762 3756 3763
f 3763 3756 3755
f 3763 3755 3764
f 3764 3755 3754
f 3764 3754 3765
f 3765 3754 3753
f 3765 3753 3766
f 3766 3753 3752
f 3766 3752 3767
f 3767 3752 3751
f 3767 3751 3768
f 3768 3751 3750
f 3768 3750 3769
f 3769 3750 3749
f 3769 3749 3770
f 3770 3749 3748
f 3770 3748 3771
f 3771 3748 3747
f 3771 3747 3772
f 3772 3747 3746
f 3772 3746 3773
f 3773 3746 3745
f 3773 3745 3774
f 3774 3745 3744
f 3774 3744 3775
f 3775 3744 3743
f 3775 3743 3776
f 3776 3743 3742
f 3776 3742 3777
f 3777 3742 3741
f 3777 3741 3758
f 3758 3741 3740
f 3778 3779 3780
f 3780 3779 3781
f 3780 3781 3782
f 3782 3781 3783
f 3782 3783 3784
f 3784 3783 3785
f 3784 3785 3786
f 3786 3785 3787
f 3786 3787 3788
f 3788 3787 3789
f 3788 3789 3790
f 3790 3789 3791
f 3790 3791 3792
f 3792 3791 3793
f 3792 3793 3794
f 3794 3793 3795
f 3794 3795 3796
f 3796 3795 3797
f 3796 3797 3798
f 3798 3797 3799
f 3798 3799 3800
f 3800 3799 3801
f 3800 3801 3802
f 3802 3801 3803
f 3802 3803 3804
f 3804 3803 3805
f 3804 3805 3806
f 3806 3805 3807
f 3806 3807 3808
f 3808 3807 3809
f 3808 3809 3810
f 3810 3809 3811
f 3810 3811 3812
f 3812 3811 3813
f 3812 3813 3814
f 3814 3813 3815
f 3814 3815 3816
f 3816 3815 3817
f 3816 3817 3778
f 3778 3817 3779
f 3646 3783 3647
f 3647 3783 3781
f 3647 3781 3648
f 3648 3781 3779
f 3648 3779 3678
f 3678 3779 3817
f 3678 3817 3645
f 3645 3817 3815
f 3645 3815 3642
f 3642 3815 3813
f 3642 3813 3643
f 3643 3813 3811
f 3643 3811 3644
f 3644 3811 3809
f 3644 3809 3664
f 3664 3809 3807
f 3664 3807 3662
f 3662 3807 3805
f 3662 3805 3660
f 3660 3805 3803
f 3660 3803 3658
f 3658 3803 3801
f 3658 3801 3656
f 3656 3801 3799
f 3656 3799 3654
f 3654 3799 3797
f 3654 3797 3653
f 3653 3797 3795
f 3653 3795 3649
f 3649 3795 3793
f 3649 3793 3650
f 3650 3793 3791
f 3650 3791 3679
f 3679 3791 3789
f 3679 3789 3680
f 3680 3789 3787
f 3680 3787 3681
f 3681 3787 3785
f 3681 3785 3646
f 3646 3785 3783
f 3728 3818 3726
f 3726 3818 3819
f 3726 3819 3724
f 3724 3819 3820
f 3724 3820 3735
f 3735 3820 3821
f 3735 3821 3737
f 3737 3821 3822
f 3737 3822 3709
f 3709 3822 3823
f 3709 3823 3708
f 3708 3823 3824
f 3708 3824 3707
f 3707 3824 3825
f 3707 3825 3706
f 3706 3825 3826
f 3706 3826 3705
f 3705 3826 3827
f 3705 3827 3704
f 3704 3827 3828
f 3704 3828 3703
f 3703 3828 3829
f 3703 3829 3702
f 3702 3829 3830
f 3702 3830 3701
f 3701 3830 3831
f 3701 3831 3700
f 3700 3831 3832
f 3700 3832 3698
f 3698 3832 3833
f 3698 3833 3699
f 3699 3833 3834
f 3699 3834 3723
f 3723 3834 3835
f 3723 3835 3732
f 3732 3835 3836
f 3732 3836 3730
f 3730 3836 3837
f 3730 3837 3728
f 3728 3837 3818
f 3838 3820 3839
f 3839 3820 3819
f 3839 3819 3840
f 3840 3819 3818
f 3840 3818 3841
f 3841 3818 3837
f 3841 3837 3842
f 3842 3837 3836
f 3842 3836 3843
f 3843 3836 3835
f 3843 3835 3844
f 3844 3835 3834
f 3844 3834 3845
f 3845 3834 3833
f 3845 3833 3846
f 3846 3833 3832
f 3846 3832 3847
f 3847 3832 3831
f 3847 3831 3848
f 3848 3831 3830
f 3848 3830 3849
f 3849 3830 3829
f 3849 3829 3850
f 3850 3829 3828
f 3850 3828 3851
f 3851 3828 3827
f 3851 3827 3852
f 3852 3827 3826
f 3852 3826 3853
f 3853 3826 3825
f 3853 3825 3854
f 3854 3825 3824
f 3854 3824 3855
f 3855 3824 3823
f 3855 3823 3856
f 3856 3823 3822
f 3856 3822 3857
f 3857 3822 3821
f 3857 3821 3838
f 3838 3821 3820
f 3858 3859 3860
f 3860 3859 3861
f 3860 3861 3862
f 3862 3861 3863
f 3862 3863 3864
f 3864 3863 3865
f 3864 3865 3866
f 3866 3865 3867
f 3866 3867 3868
f 3868 3867 3869
f 3868 3869 3870
f 3870 3869 3871
f 3870 3871 3872
f 3872 3871 3873
f 3872 3873 3874
f 3874 3873 3875
f 3874 3875 3876
f 3876 3875 3877
f 3876 3877 3878
f 3878 3877 3879
f 3878 3879 3880
f 3880 3879 3881
f 3880 3881 3882
f 3882 3881 3883
f 3882 3883 3884
f 3884 3883 3885
f 3884 3885 3886
f 3886 3885 3887
f 3886 3887 3888
f 3888 3887 3889
f 3888 3889 3890
f 3890 3889 3891
f 3890 3891 3892
f 3892 3891 3893
f 3892 3893 3894
f 3894 3893 3895
f 3894 3895 3896
f 3896 3895 3897
f 3896 3897 3858
f 3858 3897 3859
f 3657 3863 3659
f 3659 3863 3861
f 3659 3861 3661
f 3661 3861 3859
f 3661 3859 3663
f 3663 3859 3897
f 3663 3897 3665
f 3665 3897 3895
f 3665 3895 3666
f 3666 3895 3893
f 3666 3893 3667
f 3667 3893 3891
f 3667 3891 3668
f 3668 3891 3889
f 3668 3889 3672
f 3672 3889 3887
f 3672 3887 3673
f 3673 3887 3885
f 3673 3885 3674
f 3674 3885 3883
f 3674 3883 3675
f 3675 3883 3881
f 3675 3881 3669
f 3669 3881 3879
f 3669 3879 3670
f 3670 3879 3877
f 3670 3877 3671
f 3671 3877 3875
f 3671 3875 3676
f 3676 3875 3873
f 3676 3873 3677
f 3677 3873 3871
f 3677 3871 3651
f 3651 3871 3869
f 3651 3869 3652
f 3652 3869 3867
f 3652 3867 3655
f 3655 3867 3865
f 3655 3865 3657
f 3657 3865 3863
f 3639 3814 3624
f 3624 3814 3816
f 3624 3816 3778
f 3639 3638 3814
f 3814 3638 3812
f 3812 3638 3637
f 3812 3637 3636
f 3636 3635 3812
f 3812 3635 3810
f 3810 3635 3808
f 3808 3635 3806
f 3806 3635 3894
f 3806 3894 3804
f 3804 3894 3896
f 3804 3896 3802
f 3802 3896 3858
f 3802 3858 3800
f 3800 3858 3860
f 3800 3860 3798
f 3798 3860 3862
f 3798 3862 3796
f 3796 3862 3864
f 3796 3864 3794
f 3794 3864 3866
f 3794 3866 3338
f 3338 3866 3868
f 3338 3868 3357
f 3357 3868 3870
f 3357 3870 3872
f 3894 3635 3892
f 3892 3635 3640
f 3892 3640 3890
f 3890 3640 3888
f 3888 3640 3886
f 3886 3640 3884
f 3884 3640 3882
f 3882 3640 3880
f 3880 3640 3878
f 3878 3640 3357
f 3878 3357 3876
f 3876 3357 3874
f 3874 3357 3872
f 3340 3415 3338
f 3338 3415 3417
f 3338 3417 3792
f 3792 3417 3790
f 3790 3417 3788
f 3788 3417 3786
f 3786 3417 3784
f 3784 3417 3782
f 3782 3417 3624
f 3782 3624 3780
f 3780 3624 3778
f 3340 3342 3415
f 3415 3342 3413
f 3413 3342 3344
f 3413 3344 3346
f 3413 3346 3411
f 3411 3346 3348
f 3411 3348 3350
f 3350 3352 3411
f 3792 3794 3338
f 3361 3357 3898
f 3898 3357 3899
f 3430 3439 3900
f 3900 3439 3901
f 3898 3901 3361
f 3361 3901 3439
f 3361 3439 3697
f 3697 3439 3696
f 3899 3902 3898
f 3898 3902 3903
f 3898 3903 3904
f 3900 3905 3899
f 3899 3905 3906
f 3899 3906 3907
f 3901 3908 3900
f 3900 3908 3909
f 3900 3909 3910
f 3898 3911 3901
f 3901 3911 3912
f 3901 3912 3913
f 3913 3914 3901
f 3901 3914 3915
f 3901 3915 3916
f 3916 3908 3901
f 3910 3917 3900
f 3900 3917 3918
f 3900 3918 3919
f 3919 3905 3900
f 3907 3920 3899
f 3899 3920 3921
f 3899 3921 3922
f 3922 3902 3899
f 3904 3923 3898
f 3898 3923 3924
f 3898 3924 3925
f 3925 3911 3898
f 3695 3846 3458
f 3458 3846 3847
f 3458 3847 3848
f 3846 3695 3845
f 3845 3695 3694
f 3845 3694 3693
f 3692 3691 3693
f 3693 3691 3845
f 3696 3765 3691
f 3691 3765 3843
f 3691 3843 3844
f 3439 3758 3696
f 3696 3758 3759
f 3696 3759 3760
f 3440 3773 3439
f 3439 3773 3774
f 3439 3774 3775
f 3458 3850 3440
f 3440 3850 3851
f 3440 3851 3852
f 3760 3761 3696
f 3696 3761 3762
f 3696 3762 3763
f 3763 3764 3696
f 3696 3764 3765
f 3843 3765 3842
f 3842 3765 3766
f 3842 3766 3841
f 3841 3766 3767
f 3841 3767 3840
f 3840 3767 3768
f 3840 3768 3839
f 3839 3768 3769
f 3839 3769 3838
f 3838 3769 3770
f 3838 3770 3857
f 3857 3770 3771
f 3857 3771 3856
f 3856 3771 3772
f 3856 3772 3855
f 3855 3772 3773
f 3855 3773 3440
f 3775 3776 3439
f 3439 3776 3777
f 3439 3777 3758
f 3844 3845 3691
f 3848 3849 3458
f 3458 3849 3850
f 3852 3853 3440
f 3440 3853 3854
f 3440 3854 3855
f 3429 3453 3428
f 3428 3453 3569
f 3625 3624 3416
f 3416 3624 3417
f 3926 3927 3928
f 3928 3927 3929
f 3929 3927 3930
f 3929 3930 3931
f 3931 3930 3932
f 3931 3932 3933
f 3933 3932 3934
f 3933 3934 3935
f 3935 3934 3936
f 3935 3936 3937
f 3937 3936 3938
f 3937 3938 3939
f 3939 3938 3940
f 3939 3940 3941
f 3942 3943 3944
f 3944 3943 3945
f 3945 3943 3946
f 3945 3946 3947
f 3947 3946 3948
f 3947 3948 3949
f 3949 3948 3950
f 3949 3950 3951
f 3951 3950 3952
f 3951 3952 3953
f 3953 3952 3954
f 3953 3954 3955
f 3955 3954 3956
f 3955 3956 3957
f 3900 3899 3430
f 3430 3899 3357
f 3430 3357 3641
f 3641 3357 3640
f 3925 3309 3911
f 3911 3309 3310
f 3911 3310 3912
f 3912 3310 3312
f 3912 3312 3913
f 3913 3312 3313
f 3913 3313 3914
f 3914 3313 3314
f 3914 3314 3915
f 3915 3314 3315
f 3915 3315 3916
f 3916 3315 3297
f 3916 3297 3908
f 3908 3297 3296
f 3908 3296 3909
f 3909 3296 3295
f 3909 3295 3910
f 3910 3295 3337
f 3910 3337 3917
f 3917 3337 3336
f 3917 3336 3918
f 3918 3336 3301
f 3918 3301 3919
f 3919 3301 3300
f 3919 3300 3905
f 3905 3300 3299
f 3905 3299 3906
f 3906 3299 3335
f 3906 3335 3907
f 3907 3335 3334
f 3907 3334 3920
f 3920 3334 3305
f 3920 3305 3921
f 3921 3305 3304
f 3921 3304 3922
f 3922 3304 3303
f 3922 3303 3902
f 3902 3303 3333
f 3902 3333 3903
f 3903 3333 3332
f 3903 3332 3904
f 3904 3332 3331
f 3904 3331 3923
f 3923 3331 3330
f 3923 3330 3924
f 3924 3330 3329
f 3924 3329 3925
f 3925 3329 3309
f 3543 3063 3533
f 3533 3063 3065
f 3533 3065 3531
f 3531 3065 3067
f 3531 3067 3537
f 3537 3067 3069
f 3537 3069 3538
f 3538 3069 3071
f 3538 3071 3511
f 3511 3071 3073
f 3511 3073 3530
f 3530 3073 3075
f 3530 3075 3490
f 3490 3075 3077
f 3490 3077 3488
f 3488 3077 3079
f 3488 3079 3487
f 3487 3079 3081
f 3487 3081 3485
f 3485 3081 3083
f 3485 3083 3483
f 3483 3083 3085
f 3483 3085 3481
f 3481 3085 3087
f 3481 3087 3475
f 3475 3087 3057
f 3475 3057 3476
f 3476 3057 3059
f 3476 3059 3541
f 3541 3059 3061
f 3541 3061 3543
f 3543 3061 3063
f 3484 3096 3486
f 3486 3096 3098
f 3486 3098 3489
f 3489 3098 3100
f 3489 3100 3491
f 3491 3100 3102
f 3491 3102 3492
f 3492 3102 3104
f 3492 3104 3503
f 3503 3104 3106
f 3503 3106 3502
f 3502 3106 3108
f 3502 3108 3501
f 3501 3108 3110
f 3501 3110 3500
f 3500 3110 3112
f 3500 3112 3499
f 3499 3112 3114
f 3499 3114 3498
f 3498 3114 3116
f 3498 3116 3496
f 3496 3116 3118
f 3496 3118 3495
f 3495 3118 3120
f 3495 3120 3479
f 3479 3120 3090
f 3479 3090 3480
f 3480 3090 3092
f 3480 3092 3482
f 3482 3092 3094
f 3482 3094 3484
f 3484 3094 3096
f 3944 3162 3942
f 3942 3162 3164
f 3942 3164 3943
f 3943 3164 3166
f 3943 3166 3946
f 3946 3166 3168
f 3946 3168 3948
f 3948 3168 3170
f 3948 3170 3950
f 3950 3170 3172
f 3950 3172 3952
f 3952 3172 3174
f 3952 3174 3954
f 3954 3174 3176
f 3954 3176 3956
f 3956 3176 3178
f 3956 3178 3957
f 3957 3178 3180
f 3957 3180 3955
f 3955 3180 3182
f 3955 3182 3953
f 3953 3182 3184
f 3953 3184 3951
f 3951 3184 3186
f 3951 3186 3949
f 3949 3186 3156
f 3949 3156 3947
f 3947 3156 3158
f 3947 3158 3945
f 3945 3158 3160
f 3945 3160 3944
f 3944 3160 3162
f 3470 3030 3471
f 3471 3030 3032
f 3471 3032 3529
f 3529 3032 3034
f 3529 3034 3528
f 3528 3034 3036
f 3528 3036 3527
f 3527 3036 3038
f 3527 3038 3519
f 3519 3038 3040
f 3519 3040 3539
f 3539 3040 3042
f 3539 3042 3536
f 3536 3042 3044
f 3536 3044 3532
f 3532 3044 3046
f 3532 3046 3534
f 3534 3046 3048
f 3534 3048 3535
f 3535 3048 3050
f 3535 3050 3542
f 3542 3050 3052
f 3542 3052 3540
f 3540 3052 3054
f 3540 3054 3473
f 3473 3054 3024
f 3473 3024 3472
f 3472 3024 3026
f 3472 3026 3469
f 3469 3026 3028
f 3469 3028 3470
f 3470 3028 3030
f 3623 3228 3607
f 3607 3228 3230
f 3607 3230 3605
f 3605 3230 3232
f 3605 3232 3611
f 3611 3232 3234
f 3611 3234 3613
f 3613 3234 3236
f 3613 3236 3551
f 3551 3236 3238
f 3551 3238 3554
f 3554 3238 3240
f 3554 3240 3556
f 3556 3240 3242
f 3556 3242 3558
f 3558 3242 3244
f 3558 3244 3560
f 3560 3244 3246
f 3560 3246 3561
f 3561 3246 3248
f 3561 3248 3615
f 3615 3248 3250
f 3615 3250 3617
f 3617 3250 3252
f 3617 3252 3572
f 3572 3252 3222
f 3572 3222 3619
f 3619 3222 3224
f 3619 3224 3621
f 3621 3224 3226
f 3621 3226 3623
f 3623 3226 3228
f 3614 3261 3559
f 3559 3261 3263
f 3559 3263 3557
f 3557 3263 3265
f 3557 3265 3555
f 3555 3265 3267
f 3555 3267 3553
f 3553 3267 3269
f 3553 3269 3552
f 3552 3269 3271
f 3552 3271 3601
f 3601 3271 3273
f 3601 3273 3599
f 3599 3273 3275
f 3599 3275 3598
f 3598 3275 3277
f 3598 3277 3597
f 3597 3277 3279
f 3597 3279 3595
f 3595 3279 3281
f 3595 3281 3594
f 3594 3281 3283
f 3594 3283 3593
f 3593 3283 3285
f 3593 3285 3585
f 3585 3285 3255
f 3585 3255 3618
f 3618 3255 3257
f 3618 3257 3616
f 3616 3257 3259
f 3616 3259 3614
f 3614 3259 3261
f 3566 3195 3565
f 3565 3195 3197
f 3565 3197 3564
f 3564 3197 3199
f 3564 3199 3563
f 3563 3199 3201
f 3563 3201 3562
f 3562 3201 3203
f 3562 3203 3549
f 3549 3203 3205
f 3549 3205 3612
f 3612 3205 3207
f 3612 3207 3610
f 3610 3207 3209
f 3610 3209 3606
f 3606 3209 3211
f 3606 3211 3608
f 3608 3211 3213
f 3608 3213 3609
f 3609 3213 3215
f 3609 3215 3622
f 3622 3215 3217
f 3622 3217 3620
f 3620 3217 3219
f 3620 3219 3570
f 3570 3219 3189
f 3570 3189 3568
f 3568 3189 3191
f 3568 3191 3567
f 3567 3191 3193
f 3567 3193 3566
f 3566 3193 3195
f 3928 3129 3926
f 3926 3129 3131
f 3926 3131 3927
f 3927 3131 3133
f 3927 3133 3930
f 3930 3133 3135
f 3930 3135 3932
f 3932 3135 3137
f 3932 3137 3934
f 3934 3137 3139
f 3934 3139 3936
f 3936 3139 3141
f 3936 3141 3938
f 3938 3141 3143
f 3938 3143 3940
f 3940 3143 3145
f 3940 3145 3941
f 3941 3145 3147
f 3941 3147 3939
f 3939 3147 3149
f 3939 3149 3937
f 3937 3149 3151
f 3937 3151 3935
f 3935 3151 3153
f 3935 3153 3933
f 3933 3153 3123
f 3933 3123 3931
f 3931 3123 3125
f 3931 3125 3929
f 3929 3125 3127
f 3929 3127 3928
f 3928 3127 3129
f 3958 3959 3960
f 3960 3959 3961
f 3961 3959 3962
f 3961 3962 3963
f 3963 3964 3961
f 3961 3964 3965
f 3966 3967 3968
f 3968 3967 3969
f 3968 3969 3970
f 3970 3969 3971
f 3971 3969 3972
f 3972 3969 3973
f 3974 3975 3976
f 3976 3975 3977
f 3977 3975 3978
f 3977 3978 3979
f 3979 3980 3977
f 3977 3980 3981
f 3982 3983 3984
f 3984 3983 3985
f 3984 3985 3986
f 3986 3985 3987
f 3987 3985 3988
f 3988 3985 3989
f 3975 3292 3978
f 3978 3292 3291
f 3978 3291 3979
f 3979 3291 3290
f 3979 3290 3980
f 3980 3290 3289
f 3980 3289 3981
f 3981 3289 3287
f 3981 3287 3977
f 3977 3287 3286
f 3600 3596 3990
f 3990 3596 3968
f 3990 3968 3970
f 3990 3970 3991
f 3991 3970 3971
f 3991 3971 3992
f 3992 3971 3972
f 3992 3972 3993
f 3993 3972 3973
f 3993 3973 3969
f 3969 3550 3993
f 3993 3550 3604
f 3993 3604 3992
f 3992 3604 3603
f 3992 3603 3991
f 3991 3603 3602
f 3991 3602 3990
f 3990 3602 3600
f 3477 3474 3994
f 3994 3474 3961
f 3994 3961 3965
f 3994 3965 3995
f 3995 3965 3964
f 3995 3964 3996
f 3996 3964 3963
f 3996 3963 3997
f 3997 3963 3962
f 3997 3962 3959
f 3959 3497 3997
f 3997 3497 3494
f 3997 3494 3996
f 3996 3494 3493
f 3996 3493 3995
f 3995 3493 3478
f 3995 3478 3994
f 3994 3478 3477
f 3985 3320 3989
f 3989 3320 3319
f 3989 3319 3988
f 3988 3319 3318
f 3988 3318 3987
f 3987 3318 3317
f 3987 3317 3986
f 3986 3317 3316
f 3986 3316 3984
f 3984 3316 3306
f 3256 3254 3998
f 3998 3254 3253
f 3998 3253 3999
f 3999 3253 3284
f 3999 3284 4000
f 4000 3284 3282
f 4000 3282 4001
f 4001 3282 3280
f 4001 3280 4002
f 4002 3280 3278
f 4002 3278 4003
f 4003 3278 3276
f 4003 3276 4004
f 4004 3276 3274
f 4004 3274 4005
f 4005 3274 3272
f 4005 3272 4006
f 4006 3272 3270
f 4006 3270 4007
f 4007 3270 3268
f 4007 3268 4008
f 4008 3268 3266
f 4008 3266 4009
f 4009 3266 3264
f 4009 3264 4010
f 4010 3264 3262
f 4010 3262 4011
f 4011 3262 3260
f 4011 3260 4012
f 4012 3260 3258
f 4012 3258 4013
f 4013 3258 3256
f 4013 3256 3998
f 4014 4015 3998
f 3998 4015 4016
f 3998 4016 4013
f 4013 4016 4017
f 4013 4017 4012
f 4012 4017 4018
f 4012 4018 4011
f 4011 4018 4019
f 4011 4019 4010
f 4010 4019 4020
f 4010 4020 4009
f 4009 4020 4021
f 4009 4021 4008
f 4008 4021 4022
f 4008 4022 4007
f 4007 4022 4023
f 4007 4023 4006
f 4006 4023 4024
f 4006 4024 4005
f 4005 4024 4025
f 4005 4025 4004
f 4004 4025 4026
f 4004 4026 4003
f 4003 4026 4027
f 4003 4027 4002
f 4002 4027 4028
f 4002 4028 4001
f 4001 4028 4029
f 4001 4029 4000
f 4000 4029 4030
f 4000 4030 3999
f 3999 4030 4014
f 3999 4014 3998
f 3223 3221 4031
f 4031 3221 3220
f 4031 3220 4032
f 4032 3220 3251
f 4032 3251 4033
f 4033 3251 3249
f 4033 3249 4034
f 4034 3249 3247
f 4034 3247 4035
f 4035 3247 3245
f 4035 3245 4036
f 4036 3245 3243
f 4036 3243 4037
f 4037 3243 3241
f 4037 3241 4038
f 4038 3241 3239
f 4038 3239 4039
f 4039 3239 3237
f 4039 3237 4040
f 4040 3237 3235
f 4040 3235 4041
f 4041 3235 3233
f 4041 3233 4042
f 4042 3233 3231
f 4042 3231 4043
f 4043 3231 3229
f 4043 3229 4044
f 4044 3229 3227
f 4044 3227 4045
f 4045 3227 3225
f 4045 3225 4046
f 4046 3225 3223
f 4046 3223 4031
f 4047 4048 4031
f 4031 4048 4049
f 4031 4049 4046
f 4046 4049 4050
f 4046 4050 4045
f 4045 4050 4051
f 4045 4051 4044
f 4044 4051 4052
f 4044 4052 4043
f 4043 4052 4053
f 4043 4053 4042
f 4042 4053 4054
f 4042 4054 4041
f 4041 4054 4055
f 4041 4055 4040
f 4040 4055 4056
f 4040 4056 4039
f 4039 4056 4057
f 4039 4057 4038
f 4038 4057 4058
f 4038 4058 4037
f 4037 4058 4059
f 4037 4059 4036
f 4036 4059 4060
f 4036 4060 4035
f 4035 4060 4061
f 4035 4061 4034
f 4034 4061 4062
f 4034 4062 4033
f 4033 4062 4063
f 4033 4063 4032
f 4032 4063 4047
f 4032 4047 4031
f 3190 3188 4064
f 4064 3188 3187
f 4064 3187 4065
f 4065 3187 3218
f 4065 3218 4066
f 4066 3218 3216
f 4066 3216 4067
f 4067 3216 3214
f 4067 3214 4068
f 4068 3214 3212
f 4068 3212 4069
f 4069 3212 3210
f 4069 3210 4070
f 4070 3210 3208
f 4070 3208 4071
f 4071 3208 3206
f 4071 3206 4072
f 4072 3206 3204
f 4072 3204 4073
f 4073 3204 3202
f 4073 3202 4074
f 4074 3202 3200
f 4074 3200 4075
f 4075 3200 3198
f 4075 3198 4076
f 4076 3198 3196
f 4076 3196 4077
f 4077 3196 3194
f 4077 3194 4078
f 4078 3194 3192
f 4078 3192 4079
f 4079 3192 3190
f 4079 3190 4064
f 4080 4081 4064
f 4064 4081 4082
f 4064 4082 4079
f 4079 4082 4083
f 4079 4083 4078
f 4078 4083 4084
f 4078 4084 4077
f 4077 4084 4085
f 4077 4085 4076
f 4076 4085 4086
f 4076 4086 4075
f 4075 4086 4087
f 4075 4087 4074
f 4074 4087 4088
f 4074 4088 4073
f 4073 4088 4089
f 4073 4089 4072
f 4072 4089 4090
f 4072 4090 4071
f 4071 4090 4091
f 4071 4091 4070
f 4070 4091 4092
f 4070 4092 4069
f 4069 4092 4093
f 4069 4093 4068
f 4068 4093 4094
f 4068 4094 4067
f 4067 4094 4095
f 4067 4095 4066
f 4066 4095 4096
f 4066 4096 4065
f 4065 4096 4080
f 4065 4080 4064
f 3157 3155 4097
f 4097 3155 3154
f 4097 3154 4098
f 4098 3154 3185
f 4098 3185 4099
f 4099 3185 3183
f 4099 3183 4100
f 4100 3183 3181
f 4100 3181 4101
f 4101 3181 3179
f 4101 3179 4102
f 4102 3179 3177
f 4102 3177 4103
f 4103 3177 3175
f 4103 3175 4104
f 4104 3175 3173
f 4104 3173 4105
f 4105 3173 3171
f 4105 3171 4106
f 4106 3171 3169
f 4106 3169 4107
f 4107 3169 3167
f 4107 3167 4108
f 4108 3167 3165
f 4108 3165 4109
f 4109 3165 3163
f 4109 3163 4110
f 4110 3163 3161
f 4110 3161 4111
f 4111 3161 3159
f 4111 3159 4112
f 4112 3159 3157
f 4112 3157 4097
f 4113 4114 4097
f 4097 4114 4115
f 4097 4115 4112
f 4112 4115 4116
f 4112 4116 4111
f 4111 4116 4117
f 4111 4117 4110
f 4110 4117 4118
f 4110 4118 4109
f 4109 4118 4119
f 4109 4119 4108
f 4108 4119 4120
f 4108 4120 4107
f 4107 4120 4121
f 4107 4121 4106
f 4106 4121 4122
f 4106 4122 4105
f 4105 4122 4123
f 4105 4123 4104
f 4104 4123 4124
f 4104 4124 4103
f 4103 4124 4125
f 4103 4125 4102
f 4102 4125 4126
f 4102 4126 4101
f 4101 4126 4127
f 4101 4127 4100
f 4100 4127 4128
f 4100 4128 4099
f 4099 4128 4129
f 4099 4129 4098
f 4098 4129 4113
f 4098 4113 4097
f 3124 3122 4130
f 4130 3122 3121
f 4130 3121 4131
f 4131 3121 3152
f 4131 3152 4132
f 4132 3152 3150
f 4132 3150 4133
f 4133 3150 3148
f 4133 3148 4134
f 4134 3148 3146
f 4134 3146 4135
f 4135 3146 3144
f 4135 3144 4136
f 4136 3144 3142
f 4136 3142 4137
f 4137 3142 3140
f 4137 3140 4138
f 4138 3140 3138
f 4138 3138 4139
f 4139 3138 3136
f 4139 3136 4140
f 4140 3136 3134
f 4140 3134 4141
f 4141 3134 3132
f 4141 3132 4142
f 4142 3132 3130
f 4142 3130 4143
f 4143 3130 3128
f 4143 3128 4144
f 4144 3128 3126
f 4144 3126 4145
f 4145 3126 3124
f 4145 3124 4130
f 4146 4147 4130
f 4130 4147 4148
f 4130 4148 4145
f 4145 4148 4149
f 4145 4149 4144
f 4144 4149 4150
f 4144 4150 4143
f 4143 4150 4151
f 4143 4151 4142
f 4142 4151 4152
f 4142 4152 4141
f 4141 4152 4153
f 4141 4153 4140
f 4140 4153 4154
f 4140 4154 4139
f 4139 4154 4155
f 4139 4155 4138
f 4138 4155 4156
f 4138 4156 4137
f 4137 4156 4157
f 4137 4157 4136
f 4136 4157 4158
f 4136 4158 4135
f 4135 4158 4159
f 4135 4159 4134
f 4134 4159 4160
f 4134 4160 4133
f 4133 4160 4161
f 4133 4161 4132
f 4132 4161 4162
f 4132 4162 4131
f 4131 4162 4146
f 4131 4146 4130
f 3091 3089 4163
f 4163 3089 3088
f 4163 3088 4164
f 4164 3088 3119
f 4164 3119 4165
f 4165 3119 3117
f 4165 3117 4166
f 4166 3117 3115
f 4166 3115 4167
f 4167 3115 3113
f 4167 3113 4168
f 4168 3113 3111
f 4168 3111 4169
f 4169 3111 3109
f 4169 3109 4170
f 4170 3109 3107
f 4170 3107 4171
f 4171 3107 3105
f 4171 3105 4172
f 4172 3105 3103
f 4172 3103 4173
f 4173 3103 3101
f 4173 3101 4174
f 4174 3101 3099
f 4174 3099 4175
f 4175 3099 3097
f 4175 3097 4176
f 4176 3097 3095
f 4176 3095 4177
f 4177 3095 3093
f 4177 3093 4178
f 4178 3093 3091
f 4178 3091 4163
f 4179 4180 4163
f 4163 4180 4181
f 4163 4181 4178
f 4178 4181 4182
f 4178 4182 4177
f 4177 4182 4183
f 4177 4183 4176
f 4176 4183 4184
f 4176 4184 4175
f 4175 4184 4185
f 4175 4185 4174
f 4174 4185 4186
f 4174 4186 4173
f 4173 4186 4187
f 4173 4187 4172
f 4172 4187 4188
f 4172 4188 4171
f 4171 4188 4189
f 4171 4189 4170
f 4170 4189 4190
f 4170 4190 4169
f 4169 4190 4191
f 4169 4191 4168
f 4168 4191 4192
f 4168 4192 4167
f 4167 4192 4193
f 4167 4193 4166
f 4166 4193 4194
f 4166 4194 4165
f 4165 4194 4195
f 4165 4195 4164
f 4164 4195 4179
f 4164 4179 4163
f 3058 3056 4196
f 4196 3056 3055
f 4196 3055 4197
f 4197 3055 3086
f 4197 3086 4198
f 4198 3086 3084
f 4198 3084 4199
f 4199 3084 3082
f 4199 3082 4200
f 4200 3082 3080
f 4200 3080 4201
f 4201 3080 3078
f 4201 3078 4202
f 4202 3078 3076
f 4202 3076 4203
f 4203 3076 3074
f 4203 3074 4204
f 4204 3074 3072
f 4204 3072 4205
f 4205 3072 3070
f 4205 3070 4206
f 4206 3070 3068
f 4206 3068 4207
f 4207 3068 3066
f 4207 3066 4208
f 4208 3066 3064
f 4208 3064 4209
f 4209 3064 3062
f 4209 3062 4210
f 4210 3062 3060
f 4210 3060 4211
f 4211 3060 3058
f 4211 3058 4196
f 4212 4213 4196
f 4196 4213 4214
f 4196 4214 4211
f 4211 4214 4215
f 4211 4215 4210
f 4210 4215 4216
f 4210 4216 4209
f 4209 4216 4217
f 4209 4217 4208
f 4208 4217 4218
f 4208 4218 4207
f 4207 4218 4219
f 4207 4219 4206
f 4206 4219 4220
f 4206 4220 4205
f 4205 4220 4221
f 4205 4221 4204
f 4204 4221 4222
f 4204 4222 4203
f 4203 4222 4223
f 4203 4223 4202
f 4202 4223 4224
f 4202 4224 4201
f 4201 4224 4225
f 4201 4225 4200
f 4200 4225 4226
f 4200 4226 4199
f 4199 4226 4227
f 4199 4227 4198
f 4198 4227 4228
f 4198 4228 4197
f 4197 4228 4212
f 4197 4212 4196
f 3025 3023 4229
f 4229 3023 3022
f 4229 3022 4230
f 4230 3022 3053
f 4230 3053 4231
f 4231 3053 3051
f 4231 3051 4232
f 4232 3051 3049
f 4232 3049 4233
f 4233 3049 3047
f 4233 3047 4234
f 4234 3047 3045
f 4234 3045 4235
f 4235 3045 3043
f 4235 3043 4236
f 4236 3043 3041
f 4236 3041 4237
f 4237 3041 3039
f 4237 3039 4238
f 4238 3039 3037
f 4238 3037 4239
f 4239 3037 3035
f 4239 3035 4240
f 4240 3035 3033
f 4240 3033 4241
f 4241 3033 3031
f 4241 3031 4242
f 4242 3031 3029
f 4242 3029 4243
f 4243 3029 3027
f 4243 3027 4244
f 4244 3027 3025
f 4244 3025 4229
f 4245 4246 4229
f 4229 4246 4247
f 4229 4247 4244
f 4244 4247 4248
f 4244 4248 4243
f 4243 4248 4249
f 4243 4249 4242
f 4242 4249 4250
f 4242 4250 4241
f 4241 4250 4251
f 4241 4251 4240
f 4240 4251 4252
f 4240 4252 4239
f 4239 4252 4253
f 4239 4253 4238
f 4238 4253 4254
f 4238 4254 4237
f 4237 4254 4255
f 4237 4255 4236
f 4236 4255 4256
f 4236 4256 4235
f 4235 4256 4257
f 4235 4257 4234
f 4234 4257 4258
f 4234 4258 4233
f 4233 4258 4259
f 4233 4259 4232
f 4232 4259 4260
f 4232 4260 4231
f 4231 4260 4261
f 4231 4261 4230
f 4230 4261 4245
f 4230 4245 4229
f 4262 4263 3298
f 3298 4263 3302
f 4264 4262 3294
f 3294 4262 3298
f 4265 4264 3293
f 3293 4264 3294
f 4247 4246 4266
f 4266 4246 4245
f 4266 4245 4267
f 4267 4245 4261
f 4267 4261 4268
f 4268 4261 4260
f 4268 4260 4269
f 4269 4260 4259
f 4269 4259 4270
f 4270 4259 4258
f 4270 4258 4271
f 4271 4258 4257
f 4271 4257 4272
f 4272 4257 4256
f 4272 4256 4273
f 4273 4256 4255
f 4273 4255 4274
f 4274 4255 4254
f 4274 4254 4275
f 4275 4254 4253
f 4275 4253 4276
f 4276 4253 4252
f 4276 4252 4277
f 4277 4252 4251
f 4277 4251 4278
f 4278 4251 4250
f 4278 4250 4279
f 4279 4250 4249
f 4279 4249 4280
f 4280 4249 4248
f 4280 4248 4281
f 4281 4248 4247
f 4281 4247 4266
f 4214 4213 4282
f 4282 4213 4212
f 4282 4212 4283
f 4283 4212 4228
f 4283 4228 4284
f 4284 4228 4227
f 4284 4227 4285
f 4285 4227 4226
f 4285 4226 4286
f 4286 4226 4225
f 4286 4225 4287
f 4287 4225 4224
f 4287 4224 4288
f 4288 4224 4223
f 4288 4223 4289
f 4289 4223 4222
f 4289 4222 4290
f 4290 4222 4221
f 4290 4221 4291
f 4291 4221 4220
f 4291 4220 4292
f 4292 4220 4219
f 4292 4219 4293
f 4293 4219 4218
f 4293 4218 4294
f 4294 4218 4217
f 4294 4217 4295
f 4295 4217 4216
f 4295 4216 4296
f 4296 4216 4215
f 4296 4215 4297
f 4297 4215 4214
f 4297 4214 4282
f 4181 4180 4298
f 4298 4180 4179
f 4298 4179 4299
f 4299 4179 4195
f 4299 4195 4300
f 4300 4195 4194
f 4300 4194 4301
f 4301 4194 4193
f 4301 4193 4302
f 4302 4193 4192
f 4302 4192 4303
f 4303 4192 4191
f 4303 4191 4304
f 4304 4191 4190
f 4304 4190 4305
f 4305 4190 4189
f 4305 4189 4306
f 4306 4189 4188
f 4306 4188 4307
f 4307 4188 4187
f 4307 4187 4308
f 4308 4187 4186
f 4308 4186 4309
f 4309 4186 4185
f 4309 4185 4310
f 4310 4185 4184
f 4310 4184 4311
f 4311 4184 4183
f 4311 4183 4312
f 4312 4183 4182
f 4312 4182 4313
f 4313 4182 4181
f 4313 4181 4298
f 4148 4147 4314
f 4314 4147 4146
f 4314 4146 4315
f 4315 4146 4162
f 4315 4162 4316
f 4316 4162 4161
f 4316 4161 4317
f 4317 4161 4160
f 4317 4160 4318
f 4318 4160 4159
f 4318 4159 4319
f 4319 4159 4158
f 4319 4158 4320
f 4320 4158 4157
f 4320 4157 4321
f 4321 4157 4156
f 4321 4156 4322
f 4322 4156 4155
f 4322 4155 4323
f 4323 4155 4154
f 4323 4154 4324
f 4324 4154 4153
f 4324 4153 4325
f 4325 4153 4152
f 4325 4152 4326
f 4326 4152 4151
f 4326 4151 4327
f 4327 4151 4150
f 4327 4150 4328
f 4328 4150 4149
f 4328 4149 4329
f 4329 4149 4148
f 4329 4148 4314
f 4115 4114 4330
f 4330 4114 4113
f 4330 4113 4331
f 4331 4113 4129
f 4331 4129 4332
f 4332 4129 4128
f 4332 4128 4333
f 4333 4128 4127
f 4333 4127 4334
f 4334 4127 4126
f 4334 4126 4335
f 4335 4126 4125
f 4335 4125 4336
f 4336 4125 4124
f 4336 4124 4337
f 4337 4124 4123
f 4337 4123 4338
f 4338 4123 4122
f 4338 4122 4339
f 4339 4122 4121
f 4339 4121 4340
f 4340 4121 4120
f 4340 4120 4341
f 4341 4120 4119
f 4341 4119 4342
f 4342 4119 4118
f 4342 4118 4343
f 4343 4118 4117
f 4343 4117 4344
f 4344 4117 4116
f 4344 4116 4345
f 4345 4116 4115
f 4345 4115 4330
f 4082 4081 4346
f 4346 4081 4080
f 4346 4080 4347
f 4347 4080 4096
f 4347 4096 4348
f 4348 4096 4095
f 4348 4095 4349
f 4349 4095 4094
f 4349 4094 4350
f 4350 4094 4093
f 4350 4093 4351
f 4351 4093 4092
f 4351 4092 4352
f 4352 4092 4091
f 4352 4091 4353
f 4353 4091 4090
f 4353 4090 4354
f 4354 4090 4089
f 4354 4089 4355
f 4355 4089 4088
f 4355 4088 4356
f 4356 4088 4087
f 4356 4087 4357
f 4357 4087 4086
f 4357 4086 4358
f 4358 4086 4085
f 4358 4085 4359
f 4359 4085 4084
f 4359 4084 4360
f 4360 4084 4083
f 4360 4083 4361
f 4361 4083 4082
f 4361 4082 4346
f 4049 4048 4362
f 4362 4048 4047
f 4362 4047 4363
f 4363 4047 4063
f 4363 4063 4364
f 4364 4063 4062
f 4364 4062 4365
f 4365 4062 4061
f 4365 4061 4366
f 4366 4061 4060
f 4366 4060 4367
f 4367 4060 4059
f 4367 4059 4368
f 4368 4059 4058
f 4368 4058 4369
f 4369 4058 4057
f 4369 4057 4370
f 4370 4057 4056
f 4370 4056 4371
f 4371 4056 4055
f 4371 4055 4372
f 4372 4055 4054
f 4372 4054 4373
f 4373 4054 4053
f 4373 4053 4374
f 4374 4053 4052
f 4374 4052 4375
f 4375 4052 4051
f 4375 4051 4376
f 4376 4051 4050
f 4376 4050 4377
f 4377 4050 4049
f 4377 4049 4362
f 4016 4015 4378
f 4378 4015 4014
f 4378 4014 4379
f 4379 4014 4030
f 4379 4030 4380
f 4380 4030 4029
f 4380 4029 4381
f 4381 4029 4028
f 4381 4028 4382
f 4382 4028 4027
f 4382 4027 4383
f 4383 4027 4026
f 4383 4026 4384
f 4384 4026 4025
f 4384 4025 4385
f 4385 4025 4024
f 4385 4024 4386
f 4386 4024 4023
f 4386 4023 4387
f 4387 4023 4022
f 4387 4022 4388
f 4388 4022 4021
f 4388 4021 4389
f 4389 4021 4020
f 4389 4020 4390
f 4390 4020 4019
f 4390 4019 4391
f 4391 4019 4018
f 4391 4018 4392
f 4392 4018 4017
f 4392 4017 4393
f 4393 4017 4016
f 4393 4016 4378
f 4262 4394 4263
f 4263 4394 4395
f 4263 4395 4396
f 4264 4397 4262
f 4262 4397 4398
f 4262 4398 4399
f 4265 4400 4264
f 4264 4400 4401
f 4264 4401 4402
f 4403 4404 4265
f 4265 4404 4405
f 4265 4405 4406
f 4406 4407 4265
f 4265 4407 4408
f 4265 4408 4409
f 4409 4400 4265
f 4402 4410 4264
f 4264 4410 4411
f 4264 4411 4412
f 4412 4413 4264
f 4264 4413 4397
f 4399 4414 4262
f 4262 4414 4415
f 4262 4415 4416
f 4416 4394 4262
f 4396 4417 4263
f 4263 4417 4418
f 4263 4418 4419
f 4419 4420 4263
f 4263 4420 4421
f 4422 4423 4424
f 4424 4423 4425
f 4424 4425 4426
f 4426 4425 4427
f 4426 4427 4428
f 4428 4427 4429
f 4428 4429 4430
f 4430 4429 4431
f 4430 4431 4432
f 4432 4431 4433
f 4433 4431 4434
f 4434 4431 4435
f 4435 4431 4436
f 4436 4431 4437
f 4437 4431 4438
f 4437 4438 4439
f 4439 4438 4440
f 4440 4438 4441
f 4441 4438 4442
f 4442 4438 4443
f 4443 4438 4444
f 4443 4444 4445
f 4445 4444 4446
f 4445 4446 4447
f 4447 4446 4448
f 4447 4448 4449
f 4449 4448 4450
f 4449 4450 4451
f 4452 4453 4451
f 4451 4453 4454
f 4451 4454 4449
f 4455 4456 4452
f 4452 4456 4457
f 4452 4457 4453
f 4455 4458 4456
f 4456 4458 4459
f 4459 4458 4460
f 4459 4460 4461
f 4461 4460 4462
f 4461 4462 4463
f 4463 4462 4464
f 4463 4464 4465
f 4465 4464 4466
f 4465 4466 4467
f 4467 4466 4468
f 4467 4468 4469
f 4469 4468 4470
f 4469 4470 4471
f 4471 4470 4472
f 4471 4472 4473
f 4473 4472 4474
f 4473 4474 4475
f 4475 4474 4476
f 4475 4476 4477
f 4477 4476 4478
f 4477 4478 4479
f 4468 4466 4480
f 4480 4466 4481
f 4480 4481 4482
f 4482 4481 4483
f 4482 4483 4484
f 4484 4485 4482
f 4422 4486 4479
f 4479 4486 4487
f 4479 4487 4477
f 4424 4488 4422
f 4422 4488 4486
f 4489 4465 4490
f 4490 4465 4467
f 4490 4467 4491
f 4491 4467 4469
f 4491 4469 4492
f 4492 4469 4471
f 4492 4471 4493
f 4493 4471 4473
f 4493 4473 4494
f 4494 4473 4475
f 4494 4475 4495
f 4495 4475 4477
f 4495 4477 4496
f 4496 4477 4487
f 4496 4487 4497
f 4497 4487 4486
f 4497 4486 4498
f 4498 4486 4488
f 4498 4488 4499
f 4499 4488 4424
f 4499 4424 4500
f 4500 4424 4426
f 4500 4426 4501
f 4501 4426 4428
f 4501 4428 4502
f 4502 4428 4430
f 4502 4430 4503
f 4503 4430 4432
f 4503 4432 4504
f 4504 4432 4433
f 4504 4433 4505
f 4505 4433 4434
f 4505 4434 4506
f 4506 4434 4435
f 4506 4435 4507
f 4507 4435 4436
f 4507 4436 4508
f 4508 4436 4437
f 4508 4437 4509
f 4509 4437 4439
f 4509 4439 4510
f 4510 4439 4440
f 4510 4440 4511
f 4511 4440 4441
f 4511 4441 4512
f 4512 4441 4442
f 4512 4442 4513
f 4513 4442 4443
f 4513 4443 4514
f 4514 4443 4445
f 4514 4445 4515
f 4515 4445 4447
f 4515 4447 4516
f 4516 4447 4449
f 4516 4449 4517
f 4517 4449 4454
f 4517 4454 4518
f 4518 4454 4453
f 4518 4453 4519
f 4519 4453 4457
f 4519 4457 4520
f 4520 4457 4456
f 4520 4456 4521
f 4521 4456 4459
f 4521 4459 4522
f 4522 4459 4461
f 4522 4461 4523
f 4523 4461 4463
f 4523 4463 4489
f 4489 4463 4465
f 4489 4490 4524
f 4524 4490 4491
f 4524 4491 4525
f 4525 4491 4492
f 4525 4492 4526
f 4526 4492 4493
f 4526 4493 4527
f 4527 4493 4494
f 4527 4494 4528
f 4528 4494 4495
f 4528 4495 4496
f 4528 4496 4529
f 4529 4496 4497
f 4529 4497 4530
f 4530 4497 4498
f 4530 4498 4531
f 4531 4498 4499
f 4531 4499 4532
f 4532 4499 4500
f 4532 4500 4501
f 4532 4501 4533
f 4533 4501 4502
f 4533 4502 4534
f 4534 4502 4503
f 4534 4503 4535
f 4535 4503 4504
f 4535 4504 4536
f 4536 4504 4505
f 4536 4505 4506
f 4536 4506 4537
f 4537 4506 4507
f 4537 4507 4538
f 4538 4507 4508
f 4538 4508 4539
f 4539 4508 4509
f 4539 4509 4540
f 4540 4509 4510
f 4540 4510 4511
f 4540 4511 4541
f 4541 4511 4512
f 4541 4512 4542
f 4542 4512 4513
f 4542 4513 4543
f 4543 4513 4514
f 4543 4514 4544
f 4544 4514 4515
f 4544 4515 4516
f 4544 4516 4545
f 4545 4516 4517
f 4545 4517 4546
f 4546 4517 4518
f 4546 4518 4547
f 4547 4518 4519
f 4547 4519 4548
f 4548 4519 4520
f 4548 4520 4521
f 4548 4521 4549
f 4549 4521 4522
f 4549 4522 4550
f 4550 4522 4523
f 4550 4523 4551
f 4551 4523 4489
f 4551 4489 4524
f 4552 4551 4553
f 4553 4551 4524
f 4553 4524 4554
f 4554 4524 4525
f 4554 4525 4555
f 4555 4525 4526
f 4555 4526 4556
f 4556 4526 4527
f 4556 4527 4557
f 4557 4527 4528
f 4557 4528 4558
f 4558 4528 4529
f 4558 4529 4559
f 4559 4529 4530
f 4559 4530 4560
f 4560 4530 4531
f 4560 4531 4561
f 4561 4531 4532
f 4561 4532 4562
f 4562 4532 4533
f 4562 4533 4563
f 4563 4533 4534
f 4563 4534 4564
f 4564 4534 4535
f 4564 4535 4565
f 4565 4535 4536
f 4565 4536 4566
f 4566 4536 4537
f 4566 4537 4567
f 4567 4537 4538
f 4567 4538 4568
f 4568 4538 4539
f 4568 4539 4569
f 4569 4539 4540
f 4569 4540 4570
f 4570 4540 4541
f 4570 4541 4571
f 4571 4541 4542
f 4571 4542 4572
f 4572 4542 4543
f 4572 4543 4573
f 4573 4543 4544
f 4573 4544 4574
f 4574 4544 4545
f 4574 4545 4575
f 4575 4545 4546
f 4575 4546 4576
f 4576 4546 4547
f 4576 4547 4577
f 4577 4547 4548
f 4577 4548 4578
f 4578 4548 4549
f 4578 4549 4579
f 4579 4549 4550
f 4579 4550 4552
f 4552 4550 4551
f 4552 4553 4580
f 4580 4553 4554
f 4580 4554 4581
f 4581 4554 4555
f 4581 4555 4582
f 4582 4555 4556
f 4582 4556 4583
f 4583 4556 4557
f 4583 4557 4584
f 4584 4557 4558
f 4584 4558 4585
f 4585 4558 4559
f 4585 4559 4586
f 4586 4559 4560
f 4586 4560 4561
f 4586 4561 4587
f 4587 4561 4562
f 4587 4562 4588
f 4588 4562 4563
f 4588 4563 4589
f 4589 4563 4564
f 4589 4564 4590
f 4590 4564 4565
f 4590 4565 4591
f 4591 4565 4566
f 4591 4566 4592
f 4592 4566 4567
f 4592 4567 4568
f 4592 4568 4593
f 4593 4568 4569
f 4593 4569 4594
f 4594 4569 4570
f 4594 4570 4595
f 4595 4570 4571
f 4595 4571 4596
f 4596 4571 4572
f 4596 4572 4597
f 4597 4572 4573
f 4597 4573 4598
f 4598 4573 4574
f 4598 4574 4575
f 4598 4575 4599
f 4599 4575 4576
f 4599 4576 4600
f 4600 4576 4577
f 4600 4577 4601
f 4601 4577 4578
f 4601 4578 4602
f 4602 4578 4579
f 4602 4579 4603
f 4603 4579 4552
f 4603 4552 4580
f 4593 4604 4592
f 4592 4604 4605
f 4592 4605 4591
f 4591 4605 4606
f 4591 4606 4590
f 4590 4606 4607
f 4590 4607 4589
f 4589 4607 4608
f 4589 4608 4588
f 4588 4608 4609
f 4588 4609 4587
f 4587 4609 4610
f 4587 4610 4586
f 4586 4610 4611
f 4586 4611 4585
f 4585 4611 4612
f 4585 4612 4584
f 4584 4612 4613
f 4584 4613 4583
f 4583 4613 4614
f 4583 4614 4582
f 4582 4614 4615
f 4582 4615 4581
f 4581 4615 4616
f 4581 4616 4580
f 4580 4616 4617
f 4580 4617 4603
f 4603 4617 4618
f 4603 4618 4602
f 4602 4618 4619
f 4602 4619 4601
f 4601 4619 4620
f 4601 4620 4600
f 4600 4620 4621
f 4600 4621 4599
f 4599 4621 4622
f 4599 4622 4598
f 4598 4622 4623
f 4598 4623 4597
f 4597 4623 4624
f 4597 4624 4596
f 4596 4624 4625
f 4596 4625 4595
f 4595 4625 4626
f 4595 4626 4594
f 4594 4626 4627
f 4594 4627 4593
f 4593 4627 4604
f 4606 4605 4628
f 4628 4605 4604
f 4628 4604 4629
f 4629 4604 4627
f 4629 4627 4630
f 4630 4627 4626
f 4630 4626 4631
f 4631 4626 4625
f 4631 4625 4624
f 4631 4624 4632
f 4632 4624 4623
f 4632 4623 4633
f 4633 4623 4622
f 4633 4622 4634
f 4634 4622 4621
f 4634 4621 4620
f 4634 4620 4635
f 4635 4620 4619
f 4635 4619 4636
f 4636 4619 4618
f 4636 4618 4637
f 4637 4618 4617
f 4637 4617 4616
f 4637 4616 4638
f 4638 4616 4615
f 4638 4615 4639
f 4639 4615 4614
f 4639 4614 4640
f 4640 4614 4613
f 4640 4613 4612
f 4640 4612 4641
f 4641 4612 4611
f 4641 4611 4642
f 4642 4611 4610
f 4642 4610 4643
f 4643 4610 4609
f 4643 4609 4608
f 4643 4608 4644
f 4644 4608 4607
f 4644 4607 4645
f 4645 4607 4606
f 4645 4606 4628
f 4646 4636 4647
f 4647 4636 4637
f 4647 4637 4648
f 4648 4637 4638
f 4648 4638 4649
f 4649 4638 4639
f 4649 4639 4650
f 4650 4639 4640
f 4650 4640 4651
f 4651 4640 4641
f 4651 4641 4652
f 4652 4641 4642
f 4652 4642 4653
f 4653 4642 4643
f 4653 4643 4654
f 4654 4643 4644
f 4654 4644 4655
f 4655 4644 4645
f 4655 4645 4656
f 4656 4645 4628
f 4656 4628 4657
f 4657 4628 4629
f 4657 4629 4658
f 4658 4629 4630
f 4658 4630 4659
f 4659 4630 4631
f 4659 4631 4660
f 4660 4631 4632
f 4660 4632 4661
f 4661 4632 4633
f 4661 4633 4662
f 4662 4633 4634
f 4662 4634 4663
f 4663 4634 4635
f 4663 4635 4646
f 4646 4635 4636
f 4648 4655 4647
f 4647 4655 4656
f 4647 4656 4646
f 4646 4656 4657
f 4646 4657 4663
f 4663 4657 4658
f 4663 4658 4662
f 4662 4658 4659
f 4662 4659 4661
f 4661 4659 4660
f 4655 4648 4654
f 4654 4648 4649
f 4654 4649 4653
f 4653 4649 4650
f 4653 4650 4652
f 4652 4650 4651
f 4664 4431 4665
f 4665 4431 4429
f 4665 4429 4666
f 4666 4429 4427
f 4666 4427 4667
f 4667 4427 4425
f 4667 4425 4668
f 4668 4425 4423
f 4668 4423 4669
f 4668 4669 4670
f 4670 4669 4671
f 4670 4671 4672
f 4672 4671 4673
f 4672 4673 4674
f 4674 4673 4675
f 4674 4675 4676
f 4676 4677 4674
f 4674 4677 4678
f 4674 4678 4679
f 4679 4678 4680
f 4679 4680 4681
f 4681 4680 4682
f 4681 4682 4665
f 4665 4682 4664
f 4677 4683 4678
f 4678 4683 4684
f 4678 4684 4680
f 4680 4684 4685
f 4680 4685 4682
f 4682 4685 4686
f 4682 4686 4664
f 4684 4683 4687
f 4687 4683 4688
f 4687 4688 4689
f 4689 4690 4687
f 4687 4690 4685
f 4687 4685 4684
f 4690 4686 4685
f 4665 4666 4681
f 4681 4666 4691
f 4681 4691 4679
f 4679 4691 4672
f 4679 4672 4674
f 4666 4667 4691
f 4691 4667 4670
f 4691 4670 4672
f 4668 4670 4667
f 4692 4693 4694
f 4694 4693 4695
f 4694 4695 4696
f 4696 4695 4697
f 4696 4697 4698
f 4698 4697 4699
f 4698 4699 4700
f 4700 4699 4701
f 4700 4701 4702
f 4702 4701 4703
f 4702 4703 4704
f 4704 4703 4705
f 4704 4705 4706
f 4706 4705 4707
f 4706 4707 4708
f 4708 4707 4690
f 4708 4690 4689
f 4697 4709 4699
f 4699 4709 4710
f 4699 4710 4701
f 4701 4710 4711
f 4701 4711 4703
f 4703 4711 4712
f 4703 4712 4705
f 4705 4712 4713
f 4705 4713 4707
f 4707 4713 4690
f 4431 4714 4709
f 4709 4714 4715
f 4709 4715 4710
f 4710 4715 4711
f 4714 4431 4716
f 4716 4431 4664
f 4716 4664 4717
f 4717 4664 4686
f 4717 4686 4718
f 4718 4686 4713
f 4718 4713 4712
f 4686 4690 4713
f 4708 4689 4719
f 4719 4689 4688
f 4719 4688 4720
f 4721 4722 4720
f 4720 4722 4723
f 4720 4723 4724
f 4724 4723 4725
f 4724 4725 4726
f 4726 4725 4727
f 4726 4727 4728
f 4728 4727 4729
f 4728 4729 4704
f 4704 4729 4702
f 4730 4731 4721
f 4721 4731 4732
f 4721 4732 4722
f 4722 4732 4733
f 4722 4733 4734
f 4734 4733 4735
f 4734 4735 4736
f 4736 4735 4737
f 4736 4737 4738
f 4738 4737 4739
f 4738 4739 4740
f 4740 4739 4741
f 4740 4741 4700
f 4700 4741 4698
f 4731 4730 4742
f 4742 4730 4743
f 4742 4743 4744
f 4742 4744 4745
f 4745 4744 4746
f 4745 4746 4747
f 4747 4746 4748
f 4747 4748 4749
f 4749 4748 4750
f 4749 4750 4735
f 4735 4750 4737
f 4746 4751 4748
f 4748 4751 4752
f 4748 4752 4750
f 4750 4752 4753
f 4750 4753 4737
f 4737 4753 4739
f 4751 4692 4752
f 4752 4692 4754
f 4752 4754 4753
f 4753 4754 4755
f 4753 4755 4739
f 4739 4755 4741
f 4754 4692 4694
f 4720 4724 4756
f 4756 4724 4726
f 4756 4726 4757
f 4757 4726 4728
f 4757 4728 4706
f 4706 4728 4704
f 4755 4754 4694
f 4731 4742 4745
f 4745 4747 4758
f 4758 4747 4749
f 4758 4749 4733
f 4733 4749 4735
f 4741 4755 4696
f 4696 4755 4694
f 4698 4741 4696
f 4732 4731 4758
f 4758 4731 4745
f 4732 4758 4733
f 4700 4702 4740
f 4740 4702 4729
f 4740 4729 4738
f 4738 4729 4727
f 4738 4727 4736
f 4736 4727 4725
f 4736 4725 4734
f 4734 4725 4723
f 4734 4723 4722
f 4711 4715 4759
f 4759 4715 4714
f 4759 4714 4717
f 4717 4714 4716
f 4720 4756 4719
f 4719 4756 4757
f 4719 4757 4708
f 4708 4757 4706
f 4759 4717 4718
f 4759 4718 4712
f 4711 4759 4712
f 4760 4761 4693
f 4693 4761 4762
f 4693 4762 4695
f 4695 4762 4763
f 4695 4763 4697
f 4697 4763 4764
f 4697 4764 4709
f 4709 4764 4438
f 4709 4438 4431
f 4761 4760 4765
f 4765 4760 4766
f 4765 4766 4767
f 4767 4766 4768
f 4768 4766 4769
f 4770 4771 2967
f 2967 4771 4772
f 2967 4772 2968
f 2968 4772 4773
f 2968 4773 2969
f 2969 4773 4774
f 2969 4774 2970
f 2970 4774 2972
f 2972 4774 4775
f 2972 4775 4776
f 4776 4775 4777
f 4777 4775 4744
f 4777 4744 4743
f 4769 4766 4770
f 4770 4766 4771
f 4771 4766 4778
f 4778 4766 4760
f 4778 4760 4692
f 4692 4760 4693
f 4692 4751 4778
f 4778 4751 4779
f 4778 4779 4771
f 4771 4779 4772
f 4751 4746 4779
f 4779 4746 4780
f 4779 4780 4772
f 4772 4780 4773
f 4746 4744 4780
f 4780 4744 4775
f 4780 4775 4773
f 4773 4775 4774
f 3021 4781 2156
f 2156 4781 4782
f 2156 4782 2159
f 4783 4768 3021
f 3021 4768 4784
f 3021 4784 4781
f 4768 4769 4784
f 4784 4769 4785
f 4784 4785 4403
f 4403 4785 4421
f 4403 4421 4786
f 4786 4421 4787
f 4770 2967 4769
f 4769 2967 4785
f 4785 2967 4788
f 4788 2967 2153
f 4788 2153 4789
f 4789 2153 6
f 6 2153 1902
f 6 1902 5
f 5 1902 2090
f 2090 1902 1900
f 2090 1900 2074
f 2074 1900 2007
f 2007 1900 2159
f 2159 1900 2156
f 4421 4785 4263
f 4263 4785 4790
f 4263 4790 3982
f 3984 3306 3982
f 3982 3306 3302
f 3982 3302 4263
f 4403 4265 4784
f 4784 4265 4791
f 4791 4265 3974
f 3974 4265 3293
f 3974 3293 3292
f 3292 3975 3974
f 4768 4783 4767
f 4767 4783 4792
f 4767 4792 4793
f 4793 4792 4794
f 4793 4794 4795
f 4795 4794 4796
f 4795 4796 4797
f 4797 4796 4798
f 4797 4798 4799
f 4799 4798 3014
f 4799 3014 4800
f 4783 3021 4792
f 4792 3021 4794
f 3021 3020 4794
f 4794 3020 4796
f 3020 3013 4796
f 4796 3013 4798
f 3013 3012 4798
f 4798 3012 3014
f 4800 4801 4799
f 4799 4801 4802
f 4799 4802 4797
f 4797 4802 4803
f 4797 4803 4795
f 4795 4803 4804
f 4795 4804 4793
f 4793 4804 4805
f 4793 4805 4765
f 4765 4805 4761
f 4801 4806 4802
f 4765 4767 4793
f 4802 4806 4807
f 4807 4806 4808
f 4807 4808 4809
f 4809 4808 4810
f 4809 4810 4811
f 4811 4810 4812
f 4811 4812 4813
f 4813 4812 4814
f 4813 4814 4815
f 4815 4814 4816
f 4815 4816 4817
f 4817 4816 4818
f 4817 4818 4819
f 4819 4818 4820
f 4819 4820 4821
f 4814 4812 4822
f 4822 4812 4823
f 4822 4823 4824
f 4824 4823 4825
f 4824 4825 4826
f 4826 4825 4820
f 4826 4820 4818
f 4827 4828 4821
f 4821 4828 4829
f 4821 4829 4819
f 4819 4829 4830
f 4819 4830 4817
f 4817 4830 4831
f 4817 4831 4815
f 4815 4831 4832
f 4815 4832 4813
f 4813 4832 4811
f 4828 4827 4833
f 4833 4827 4438
f 4833 4438 4764
f 4763 4834 4764
f 4764 4834 4835
f 4764 4835 4836
f 4836 4835 4837
f 4836 4837 4838
f 4838 4837 4839
f 4838 4839 4840
f 4840 4839 4841
f 4840 4841 4830
f 4830 4841 4831
f 4762 4842 4763
f 4763 4842 4843
f 4763 4843 4834
f 4834 4843 4844
f 4834 4844 4845
f 4845 4844 4846
f 4845 4846 4847
f 4847 4846 4848
f 4847 4848 4849
f 4849 4848 4850
f 4849 4850 4851
f 4851 4850 4852
f 4851 4852 4832
f 4832 4852 4811
f 4842 4762 4853
f 4853 4762 4761
f 4853 4761 4805
f 4853 4805 4854
f 4854 4805 4804
f 4854 4804 4855
f 4855 4804 4856
f 4855 4856 4857
f 4857 4856 4858
f 4857 4858 4846
f 4846 4858 4848
f 4804 4803 4856
f 4856 4803 4859
f 4856 4859 4858
f 4858 4859 4860
f 4858 4860 4848
f 4848 4860 4850
f 4859 4803 4861
f 4861 4803 4802
f 4861 4802 4807
f 4764 4836 4833
f 4833 4836 4838
f 4833 4838 4828
f 4828 4838 4840
f 4828 4840 4829
f 4829 4840 4830
f 4860 4859 4861
f 4861 4807 4862
f 4862 4807 4809
f 4862 4809 4852
f 4852 4809 4811
f 4842 4853 4854
f 4854 4855 4863
f 4863 4855 4857
f 4863 4857 4844
f 4844 4857 4846
f 4850 4860 4862
f 4862 4860 4861
f 4850 4862 4852
f 4843 4842 4863
f 4863 4842 4854
f 4843 4863 4844
f 4814 4822 4816
f 4816 4822 4826
f 4816 4826 4818
f 4824 4826 4822
f 4834 4845 4835
f 4835 4845 4837
f 4845 4847 4837
f 4837 4847 4839
f 4847 4849 4839
f 4839 4849 4841
f 4849 4851 4841
f 4841 4851 4831
f 4851 4832 4831
f 4864 4823 3017
f 3017 4823 4812
f 3017 4812 3019
f 3019 4812 4810
f 3019 4810 4808
f 4806 3018 4808
f 4808 3018 3019
f 3017 3016 4864
f 4864 3016 4865
f 4865 3016 3015
f 4865 3015 4866
f 4866 3015 3011
f 4823 4864 4825
f 4825 4864 4867
f 4825 4867 4820
f 4820 4867 4868
f 4820 4868 4821
f 4821 4868 4869
f 4821 4869 4827
f 4827 4869 4870
f 4827 4870 4438
f 4438 4870 4444
f 4444 4870 4871
f 4444 4871 4446
f 4446 4871 4872
f 4446 4872 4448
f 4448 4872 4873
f 4448 4873 4450
f 4450 4873 4874
f 4874 4873 4875
f 4874 4875 4876
f 4876 4875 4877
f 4876 4877 4878
f 4878 4877 4879
f 4878 4879 4880
f 4880 4879 4866
f 4866 4879 4865
f 4865 4879 4881
f 4865 4881 4864
f 4864 4881 4882
f 4864 4882 4867
f 4867 4882 4883
f 4867 4883 4868
f 4868 4883 4884
f 4868 4884 4869
f 4869 4884 4871
f 4869 4871 4870
f 4883 4882 4885
f 4885 4882 4881
f 4885 4881 4877
f 4877 4881 4879
f 4872 4871 4884
f 4884 4883 4886
f 4886 4883 4885
f 4886 4885 4875
f 4875 4885 4877
f 4875 4873 4886
f 4886 4873 4872
f 4886 4872 4884
f 4887 4888 4866
f 4866 4888 4880
f 4880 4888 4889
f 4880 4889 4890
f 4880 4890 4878
f 4878 4890 4891
f 4878 4891 4876
f 4876 4891 4892
f 4876 4892 4893
f 4876 4893 4874
f 4874 4893 4894
f 4874 4894 4450
f 4450 4894 4451
f 4866 3011 4887
f 4887 3011 3010
f 2959 4895 2960
f 2960 4895 4896
f 2960 4896 3008
f 3008 4896 4897
f 3008 4897 3009
f 3009 4897 4898
f 3009 4898 3010
f 3010 4898 4887
f 4898 4899 4887
f 4887 4899 4900
f 4887 4900 4888
f 4888 4900 4901
f 4888 4901 4902
f 4902 4901 4903
f 4902 4903 4904
f 4904 4903 4905
f 4904 4905 4906
f 4906 4905 4907
f 4906 4907 4908
f 4908 4907 4909
f 4908 4909 4910
f 4910 4909 4911
f 4910 4911 4912
f 4912 4911 4913
f 4912 4913 4914
f 4898 4897 4899
f 4899 4897 4915
f 4899 4915 4900
f 4900 4915 4916
f 4900 4916 4901
f 4901 4916 4903
f 4915 4897 4917
f 4917 4897 4896
f 4917 4896 4918
f 4918 4896 4919
f 4918 4919 4920
f 4920 4919 4921
f 4920 4921 4907
f 4907 4921 4909
f 4919 4896 4922
f 4922 4896 4895
f 4922 4895 4923
f 4923 4895 4913
f 4923 4913 4911
f 4924 4925 4914
f 4914 4925 4926
f 4914 4926 4912
f 4912 4926 4927
f 4912 4927 4910
f 4910 4927 4928
f 4910 4928 4908
f 4908 4928 4929
f 4908 4929 4906
f 4906 4929 4930
f 4906 4930 4904
f 4904 4930 4931
f 4904 4931 4902
f 4902 4931 4889
f 4902 4889 4888
f 4925 4924 4932
f 4932 4924 4933
f 4932 4933 4934
f 4934 4933 4935
f 4934 4935 4936
f 4936 4935 4937
f 4936 4937 4938
f 4938 4937 4891
f 4938 4891 4890
f 4933 4939 4935
f 4935 4939 4940
f 4935 4940 4941
f 4941 4940 4942
f 4941 4942 4893
f 4893 4942 4943
f 4893 4943 4894
f 4894 4943 4451
f 4940 4943 4942
f 4893 4892 4941
f 4941 4892 4937
f 4941 4937 4935
f 4892 4891 4937
f 4938 4890 4944
f 4944 4890 4889
f 4944 4889 4931
f 4921 4919 4922
f 4916 4915 4917
f 4917 4918 4945
f 4945 4918 4920
f 4945 4920 4905
f 4905 4920 4907
f 4945 4905 4903
f 4945 4903 4916
f 4923 4911 4909
f 4923 4909 4921
f 4931 4930 4944
f 4944 4930 4946
f 4944 4946 4938
f 4938 4946 4936
f 4930 4929 4946
f 4946 4929 4947
f 4946 4947 4936
f 4936 4947 4934
f 4929 4928 4947
f 4947 4928 4948
f 4947 4948 4934
f 4934 4948 4932
f 4928 4927 4948
f 4948 4927 4925
f 4948 4925 4932
f 4927 4926 4925
f 4923 4921 4922
f 4945 4916 4917
f 4949 4950 4895
f 4895 4950 4951
f 4895 4951 4913
f 4913 4951 4914
f 4914 4951 4952
f 4914 4952 4924
f 4924 4952 4933
f 4933 4952 4953
f 4933 4953 4939
f 4939 4953 4940
f 4940 4953 4954
f 4940 4954 4943
f 4943 4954 4451
f 4451 4954 4955
f 4451 4955 4956
f 4956 4955 4957
f 4956 4957 4958
f 4958 4957 4959
f 4959 4957 4960
f 4959 4960 4961
f 4961 4960 4962
f 4961 4962 4963
f 4963 4962 4964
f 4964 4962 4949
f 4949 4962 4950
f 4958 4965 4956
f 4956 4965 4451
f 4965 4452 4451
f 4952 4951 4950
f 4950 4962 4966
f 4966 4962 4960
f 4966 4960 4967
f 4967 4960 4957
f 4967 4957 4955
f 4953 4952 4966
f 4966 4952 4950
f 4953 4966 4967
f 4954 4953 4967
f 4954 4967 4955
f 4968 4969 4970
f 4970 4969 4971
f 4970 4971 4972
f 4968 4973 4969
f 4969 4974 4971
f 4971 4974 4975
f 4975 4974 4976
f 4975 4976 4977
f 4977 4976 4978
f 4977 4978 4979
f 4979 4978 4980
f 4979 4980 4981
f 4981 4980 4982
f 4982 4980 4983
f 4983 4980 4984
f 4985 4986 4978
f 4978 4986 4987
f 4978 4987 4980
f 4980 4987 4988
f 4980 4988 4989
f 4989 4990 4980
f 4980 4990 4991
f 4991 4990 4992
f 4992 4990 4993
f 4992 4993 4994
f 4994 4995 4992
f 4996 4997 4981
f 4981 4997 4979
f 4998 4999 5000
f 5000 4999 5001
f 5000 5001 5002
f 5000 5003 4998
f 4998 5003 5004
f 5005 5006 4409
f 4409 5006 4400
f 4895 2959 4949
f 4949 2959 2958
f 5007 4968 5008
f 5008 4968 4970
f 5008 4970 5009
f 5008 5009 5010
f 5010 5009 5011
f 5010 5011 5012
f 5012 5011 5013
f 5012 5013 5014
f 5014 5013 5015
f 5014 5015 4781
f 4781 4784 5014
f 5014 4784 5016
f 5014 5016 5012
f 5012 5016 5017
f 5012 5017 5010
f 5010 5017 5018
f 5010 5018 5008
f 5008 5018 5007
f 4985 5019 4986
f 4986 5019 5020
f 4993 5021 4994
f 4994 5021 5022
f 5023 5024 5025
f 5025 5024 5026
f 5027 5028 5029
f 5029 5028 5030
f 5031 5032 5033
f 5033 5032 5034
f 5035 5036 5037
f 5037 5036 5038
f 5039 5040 5041
f 5041 5040 5042
f 4784 4791 5016
f 5016 4791 5017
f 5017 4791 5018
f 5018 4791 5007
f 5007 4791 5043
f 5007 5043 4968
f 4968 5043 4973
f 5044 5045 5046
f 5046 5045 5047
f 5047 5045 4790
f 5047 4790 5048
f 5048 4790 5049
f 5049 4790 5050
f 5050 4790 4785
f 4978 5051 4985
f 4985 5051 5019
f 5052 5022 5053
f 5053 5022 3967
f 5053 3967 5054
f 5055 5056 5052
f 5052 5056 5022
f 5022 5021 3967
f 3967 5021 3286
f 3967 3286 3550
f 3550 3286 3548
f 3548 3286 3288
f 5057 5058 5021
f 5021 5058 5059
f 5021 5059 5020
f 5020 5059 5060
f 5060 5059 5061
f 5057 5062 5058
f 5019 3976 5020
f 5020 3976 3286
f 5020 3286 5021
f 5051 5063 5019
f 5019 5063 5064
f 5019 5064 3976
f 5051 5065 5063
f 3976 3977 3286
f 3550 3969 3967
f 5054 5066 5053
f 5067 5068 5069
f 5069 5068 5070
f 5069 5070 5071
f 5072 5073 5067
f 5067 5073 5074
f 5067 5074 5068
f 5075 5076 5072
f 5072 5076 5077
f 5072 5077 5078
f 5079 5080 5075
f 5075 5080 5081
f 5075 5081 5076
f 5082 5083 5079
f 5079 5083 5084
f 5079 5084 5085
f 5069 5071 5082
f 5082 5071 5086
f 5082 5086 5087
f 5078 5073 5072
f 5087 5088 5082
f 5082 5088 5083
f 5085 5080 5079
f 5089 5090 5091
f 5091 5090 5092
f 5091 5092 5093
f 5094 5095 5089
f 5089 5095 5096
f 5089 5096 5097
f 5098 5099 5094
f 5094 5099 5100
f 5094 5100 5101
f 5102 5103 5098
f 5098 5103 5104
f 5098 5104 5099
f 5091 5105 5102
f 5102 5105 5106
f 5102 5106 5107
f 5101 5095 5094
f 5097 5108 5089
f 5089 5108 5090
f 5093 5109 5091
f 5091 5109 5105
f 5107 5103 5102
f 5110 5111 5112
f 5112 5111 5113
f 5112 5113 5114
f 5115 5116 5110
f 5110 5116 5117
f 5110 5117 5118
f 5119 5120 5115
f 5115 5120 5121
f 5115 5121 5122
f 5123 5124 5119
f 5119 5124 5125
f 5119 5125 5120
f 5112 5126 5123
f 5123 5126 5127
f 5123 5127 5128
f 5128 5124 5123
f 5122 5116 5115
f 5118 5129 5110
f 5110 5129 5111
f 5114 5130 5112
f 5112 5130 5126
f 5131 5132 5133
f 5133 5132 5134
f 5133 5134 5135
f 5136 5137 5131
f 5131 5137 5138
f 5131 5138 5139
f 5140 5141 5136
f 5136 5141 5142
f 5136 5142 5143
f 5144 5145 5140
f 5140 5145 5146
f 5140 5146 5141
f 5133 5147 5144
f 5144 5147 5148
f 5144 5148 5149
f 5149 5145 5144
f 5143 5137 5136
f 5139 5150 5131
f 5131 5150 5132
f 5135 5151 5133
f 5133 5151 5147
f 5053 5152 5052
f 5052 5152 5153
f 5052 5153 5154
f 5155 5156 5053
f 5053 5156 5157
f 5053 5157 5158
f 5159 5160 5155
f 5155 5160 5161
f 5155 5161 5162
f 5163 5164 5159
f 5159 5164 5165
f 5159 5165 5160
f 5052 5166 5163
f 5163 5166 5167
f 5163 5167 5168
f 5154 5169 5052
f 5052 5169 5166
f 5168 5164 5163
f 5162 5156 5155
f 5158 5170 5053
f 5053 5170 5152
f 5058 5171 5059
f 5059 5171 5172
f 5059 5172 5173
f 5174 5175 5058
f 5058 5175 5176
f 5058 5176 5177
f 5178 5179 5174
f 5174 5179 5180
f 5174 5180 5181
f 5182 5183 5178
f 5178 5183 5184
f 5178 5184 5179
f 5059 5185 5182
f 5182 5185 5186
f 5182 5186 5187
f 5173 5188 5059
f 5059 5188 5185
f 5187 5183 5182
f 5181 5175 5174
f 5177 5189 5058
f 5058 5189 5171
f 5064 5190 5191
f 5191 5190 5192
f 5191 5192 5193
f 5063 5194 5064
f 5064 5194 5195
f 5064 5195 5190
f 5196 5197 5063
f 5063 5197 5198
f 5063 5198 5199
f 5200 5201 5196
f 5196 5201 5202
f 5196 5202 5203
f 5204 5205 5200
f 5200 5205 5206
f 5200 5206 5201
f 5191 5193 5204
f 5204 5193 5207
f 5204 5207 5208
f 5208 5205 5204
f 5203 5197 5196
f 5199 5209 5063
f 5063 5209 5194
f 5210 5211 5212
f 5212 5211 5213
f 5212 5213 5214
f 5215 5216 5210
f 5210 5216 5217
f 5210 5217 5218
f 5219 5220 5215
f 5215 5220 5221
f 5215 5221 5222
f 5223 5224 5219
f 5219 5224 5225
f 5219 5225 5220
f 5212 5226 5223
f 5223 5226 5227
f 5223 5227 5228
f 5222 5216 5215
f 5218 5229 5210
f 5210 5229 5211
f 5214 5230 5212
f 5212 5230 5226
f 5228 5224 5223
f 5069 3983 5067
f 5067 3983 5045
f 5067 5045 5231
f 3983 3982 5045
f 5045 3982 4790
f 5231 5232 5067
f 5232 5233 5067
f 5067 5233 5072
f 5233 5234 5072
f 5072 5234 5075
f 5075 5234 5235
f 5065 5051 5236
f 5236 5051 4978
f 5236 4978 4976
f 4974 4969 5237
f 5237 4969 5238
f 5237 5238 5239
f 5062 5057 5240
f 5240 5057 4990
f 5240 4990 4989
f 4988 4987 5241
f 5241 4987 5060
f 5241 5060 5061
f 5242 5243 5244
f 5244 5243 5245
f 5244 5245 5246
f 5232 5231 5233
f 5233 5231 5247
f 5233 5247 5234
f 5248 5249 5250
f 5250 5249 5251
f 5250 5251 5252
f 5253 5254 5255
f 5255 5254 5256
f 5255 5256 5257
f 5258 5259 5260
f 5260 5259 5261
f 5260 5261 5262
f 5263 5264 5265
f 5265 5264 5266
f 5265 5266 5267
f 5268 5269 5270
f 5270 5269 5271
f 5270 5271 5272
f 5272 5271 5273
f 5274 5275 5270
f 5270 5275 5268
f 5056 5276 4995
f 4995 5276 5004
f 4995 5004 5277
f 5056 5055 5276
f 5277 5278 4995
f 4995 5278 4992
f 5279 5280 5281
f 5281 5280 5282
f 5282 5280 5283
f 5282 5283 5284
f 5284 5283 5285
f 5285 5283 5286
f 5285 5286 5287
f 5287 5286 5288
f 5288 5286 5289
f 5290 5291 5280
f 5280 5291 5283
f 5283 5292 5286
f 5286 5292 5293
f 5293 5292 5294
f 4998 5295 4999
f 4999 5295 5296
f 5296 5295 5297
f 5297 5295 5298
f 5297 5298 5299
f 5299 5298 5300
f 5300 5298 5301
f 5300 5301 5302
f 5302 5301 5303
f 5298 5295 5304
f 5304 5295 5066
f 5304 5066 5054
f 5298 5305 5301
f 5301 5305 5306
f 5065 5236 5063
f 5063 5236 5196
f 5236 4976 5196
f 5196 4976 5200
f 5200 4976 5307
f 5237 5204 4974
f 4974 5204 5200
f 4974 5200 5307
f 5257 5258 5308
f 5279 5263 5309
f 5246 5303 5310
f 4989 4988 5311
f 5307 4976 4974
f 5235 5234 5248
f 5269 5289 5312
f 4998 5004 5313
f 5044 5046 5247
f 5247 5046 5314
f 5247 5314 5315
f 5315 5314 5316
f 5315 5317 5247
f 5247 5317 5234
f 5234 5317 5318
f 5234 5318 5248
f 5248 5318 5319
f 5248 5319 5249
f 5249 5319 5320
f 5249 5320 5256
f 5256 5320 5257
f 5257 5320 5258
f 5258 5320 5259
f 5259 5320 5321
f 5259 5321 5274
f 5322 5323 5319
f 5319 5323 5324
f 5319 5324 5320
f 5320 5324 5325
f 5320 5325 5326
f 5326 5327 5320
f 5270 5038 5274
f 5274 5038 5036
f 5274 5036 5259
f 5034 5032 5256
f 5256 5032 5249
f 5328 5329 5330
f 5330 5329 5288
f 5330 5288 5289
f 5269 5331 5289
f 5289 5331 5330
f 5332 5333 4394
f 4394 5333 4395
f 5334 2964 5335
f 5335 2964 2982
f 5050 4785 5336
f 5336 4785 4788
f 5336 4788 5337
f 5336 5337 5338
f 5338 5337 5339
f 5338 5339 5340
f 5340 5339 5341
f 5340 5341 5342
f 5342 5341 5343
f 5342 5343 5314
f 5314 5046 5342
f 5342 5046 5047
f 5342 5047 5340
f 5340 5047 5048
f 5340 5048 5338
f 5338 5048 5049
f 5338 5049 5336
f 5336 5049 5050
f 5344 4997 5345
f 5345 4997 4996
f 5346 5347 5348
f 5348 5347 5349
f 5350 5351 5352
f 5352 5351 5353
f 5322 5354 5323
f 5323 5354 5355
f 5356 5357 5358
f 5358 5357 5359
f 5360 5361 5362
f 5362 5361 5363
f 5364 5365 5366
f 5366 5365 5367
f 4972 5368 4970
f 4970 5368 5009
f 5009 5368 4782
f 5009 4782 5011
f 5011 4782 5013
f 5013 4782 5015
f 5015 4782 4781
f 4788 4789 5337
f 5337 4789 5339
f 5339 4789 5341
f 5341 4789 5343
f 5343 4789 5369
f 5343 5369 5314
f 5314 5369 5316
f 4997 5344 4979
f 4979 5344 5370
f 5371 5372 5373
f 5373 5372 5374
f 5374 5372 5375
f 5376 5377 5378
f 5378 5377 5324
f 5324 5377 5325
f 5318 5379 5319
f 5319 5379 5380
f 5380 5379 5381
f 5382 5383 5384
f 5384 5383 5315
f 5315 5383 5317
f 5385 5386 5387
f 5387 5386 5388
f 5388 5386 5389
f 4982 5390 4981
f 4981 5390 5391
f 5391 5390 5392
f 4975 5393 4971
f 4971 5393 5394
f 5394 5393 5395
f 5396 5397 5370
f 5370 5397 4979
f 4979 5397 4977
f 4983 4984 5398
f 5398 4984 5399
f 5398 5399 5400
f 5400 5399 5401
f 5401 5399 5402
f 5403 5404 5405
f 5405 5404 5406
f 5406 5404 5407
f 5407 5404 5327
f 5407 5327 5326
f 5408 5409 5410
f 5410 5409 5411
f 5412 5413 5414
f 5414 5413 5415
f 5328 5416 5329
f 5329 5416 5417
f 5329 5417 5418
f 5418 5417 5419
f 5419 5417 5420
f 5419 5420 5421
f 5421 5420 5422
f 5422 5420 5423
f 5422 5423 5424
f 5424 5423 5425
f 5420 5417 5426
f 5426 5417 5427
f 5426 5427 5428
f 5420 5429 5423
f 5423 5429 5430
f 5431 5432 5433
f 5433 5432 5434
f 5434 5432 5435
f 5434 5435 5436
f 5436 5435 5437
f 5437 5435 5438
f 5437 5438 5439
f 5439 5438 5001
f 5001 5438 5440
f 5001 5440 5002
f 5441 5442 5432
f 5432 5442 5435
f 5435 5443 5438
f 5438 5443 5444
f 5444 5443 5445
f 5372 5371 5446
f 5446 5371 5447
f 5447 5371 5448
f 5375 5372 5449
f 5449 5372 5446
f 5450 5349 5449
f 5449 5349 5374
f 5449 5374 5375
f 5430 5429 5450
f 5450 5429 5359
f 5450 5359 5349
f 5349 5359 5451
f 5349 5451 5452
f 5359 5357 5451
f 5351 5350 5452
f 5452 5350 5348
f 5452 5348 5349
f 5442 5453 5350
f 5350 5453 5454
f 5350 5454 5348
f 5348 5454 5387
f 5387 5454 5385
f 5442 5441 5453
f 5455 5456 5457
f 5457 5456 5458
f 5457 5458 5459
f 5460 5461 5455
f 5455 5461 5462
f 5455 5462 5463
f 5464 5465 5460
f 5460 5465 5466
f 5460 5466 5467
f 5468 5469 5464
f 5464 5469 5470
f 5464 5470 5471
f 5457 5472 5468
f 5468 5472 5473
f 5468 5473 5469
f 5471 5465 5464
f 5467 5474 5460
f 5460 5474 5461
f 5463 5475 5455
f 5455 5475 5456
f 5459 5472 5457
f 5476 5477 5478
f 5478 5477 5479
f 5478 5479 5480
f 5481 5482 5476
f 5476 5482 5483
f 5476 5483 5484
f 5485 5486 5481
f 5481 5486 5487
f 5481 5487 5488
f 5489 5490 5485
f 5485 5490 5491
f 5485 5491 5492
f 5478 5480 5489
f 5489 5480 5493
f 5489 5493 5494
f 5488 5495 5481
f 5481 5495 5482
f 5484 5477 5476
f 5494 5490 5489
f 5492 5496 5485
f 5485 5496 5486
f 5497 5498 5499
f 5499 5498 5500
f 5499 5500 5501
f 5502 5503 5497
f 5497 5503 5504
f 5497 5504 5498
f 5505 5506 5502
f 5502 5506 5507
f 5502 5507 5508
f 5509 5510 5505
f 5505 5510 5511
f 5505 5511 5512
f 5513 5514 5509
f 5509 5514 5515
f 5509 5515 5510
f 5499 5501 5513
f 5513 5501 5516
f 5513 5516 5517
f 5512 5506 5505
f 5508 5518 5502
f 5502 5518 5503
f 5517 5514 5513
f 5519 5520 5521
f 5521 5520 5522
f 5521 5522 5523
f 5524 5525 5519
f 5519 5525 5526
f 5519 5526 5527
f 5528 5529 5524
f 5524 5529 5530
f 5524 5530 5531
f 5532 5533 5528
f 5528 5533 5534
f 5528 5534 5529
f 5521 5535 5532
f 5532 5535 5536
f 5532 5536 5537
f 5531 5525 5524
f 5527 5538 5519
f 5519 5538 5520
f 5523 5539 5521
f 5521 5539 5535
f 5537 5533 5532
f 5449 5540 5450
f 5450 5540 5541
f 5450 5541 5542
f 5446 5543 5449
f 5449 5543 5544
f 5449 5544 5545
f 5447 5546 5446
f 5446 5546 5547
f 5446 5547 5548
f 5549 5550 5447
f 5447 5550 5551
f 5447 5551 5546
f 5450 5552 5549
f 5549 5552 5553
f 5549 5553 5554
f 5545 5555 5449
f 5449 5555 5540
f 5542 5556 5450
f 5450 5556 5552
f 5554 5550 5549
f 5548 5543 5446
f 5453 5557 5454
f 5454 5557 5558
f 5454 5558 5559
f 5560 5561 5453
f 5453 5561 5562
f 5453 5562 5563
f 5564 5565 5560
f 5560 5565 5566
f 5560 5566 5567
f 5568 5569 5564
f 5564 5569 5570
f 5564 5570 5565
f 5454 5571 5568
f 5568 5571 5572
f 5568 5572 5573
f 5563 5574 5453
f 5453 5574 5557
f 5559 5575 5454
f 5454 5575 5571
f 5573 5569 5568
f 5567 5561 5560
f 5576 5577 5578
f 5578 5577 5579
f 5578 5579 5580
f 5581 5582 5576
f 5576 5582 5583
f 5576 5583 5584
f 5585 5586 5581
f 5581 5586 5587
f 5581 5587 5588
f 5589 5590 5585
f 5585 5590 5591
f 5585 5591 5586
f 5578 5592 5589
f 5589 5592 5593
f 5589 5593 5594
f 5580 5595 5578
f 5578 5595 5592
f 5594 5590 5589
f 5588 5582 5581
f 5584 5596 5576
f 5576 5596 5577
f 5597 5598 5599
f 5599 5598 5600
f 5599 5600 5601
f 5602 5603 5597
f 5597 5603 5604
f 5597 5604 5598
f 5605 5606 5602
f 5602 5606 5607
f 5602 5607 5603
f 5608 5609 5605
f 5605 5609 5610
f 5605 5610 5611
f 5612 5613 5608
f 5608 5613 5614
f 5608 5614 5609
f 5599 5615 5612
f 5612 5615 5616
f 5612 5616 5617
f 5601 5618 5599
f 5599 5618 5615
f 5617 5613 5612
f 5611 5606 5605
f 5415 5455 5414
f 5414 5455 5457
f 5414 5457 5619
f 5408 5620 5621
f 5621 5620 5622
f 5622 5620 5440
f 5416 5623 5624
f 5624 5623 5619
f 5619 5623 5414
f 5620 5408 5625
f 5625 5408 5410
f 5625 5410 5626
f 5626 5410 5402
f 5626 5402 5399
f 5360 5362 5410
f 5410 5362 5402
f 5620 5625 5440
f 5440 5625 5000
f 5440 5000 5002
f 5000 5627 5003
f 5003 5627 5628
f 5003 5628 5629
f 5629 5628 5630
f 5629 5630 5631
f 5631 5630 4991
f 4991 5630 5632
f 4991 5632 4980
f 4980 5632 5626
f 5626 5632 5625
f 5625 5632 5627
f 5625 5627 5000
f 5633 5330 5634
f 5634 5330 5331
f 5634 5331 5635
f 5635 5331 5636
f 5635 5636 5637
f 5637 5636 5638
f 5637 5638 5321
f 5637 5321 5639
f 5639 5321 5320
f 5639 5320 5640
f 5640 5633 5639
f 5639 5633 5634
f 5003 5629 5004
f 5004 5629 5277
f 5629 5631 5277
f 5277 5631 5278
f 5631 4991 5278
f 5278 4991 4992
f 4980 5626 4984
f 4984 5626 5399
f 5623 5416 5633
f 5633 5416 5330
f 5330 5416 5328
f 5623 5633 5414
f 5414 5633 5412
f 5412 5633 5640
f 5412 5640 5403
f 5403 5640 5404
f 5364 5366 5403
f 5403 5366 5412
f 5366 5367 5412
f 5412 5367 5413
f 5497 5354 5502
f 5502 5354 5380
f 5502 5380 5381
f 5497 4 5354
f 5354 4 5355
f 5355 4 5365
f 5355 5365 5521
f 5521 5365 5519
f 5519 5365 5405
f 5519 5405 5406
f 4 2 5365
f 5365 2 5367
f 5367 2 5460
f 5367 5460 5455
f 2 5428 5460
f 5460 5428 5427
f 5415 5413 5455
f 5455 5413 5367
f 5376 5378 5521
f 5521 5378 5355
f 5381 5379 5502
f 5502 5379 5505
f 5379 5318 5505
f 5505 5318 5509
f 5509 5318 5641
f 5383 5513 5317
f 5317 5513 5509
f 5317 5509 5641
f 5326 5325 5642
f 5318 5317 5641
f 5371 5425 5448
f 5431 5389 5643
f 4982 4983 5644
f 4975 4977 5645
f 5407 5326 5524
f 5524 5326 5528
f 5528 5326 5642
f 5406 5407 5519
f 5519 5407 5524
f 5377 5532 5325
f 5325 5532 5528
f 5325 5528 5642
f 5521 5532 5376
f 5376 5532 5377
f 5424 5425 5281
f 5281 5425 5279
f 5279 5425 5371
f 5279 5371 5263
f 5263 5371 5373
f 5263 5373 5264
f 5264 5373 5388
f 5264 5388 5245
f 5245 5388 5389
f 5245 5389 5246
f 5246 5389 5431
f 5246 5431 5303
f 5303 5431 5433
f 5303 5433 5302
f 5347 5346 5373
f 5373 5346 5388
f 5025 5026 5245
f 5245 5026 5264
f 5646 5647 4413
f 4413 5647 4397
f 5648 2961 5649
f 5649 2961 2995
f 5287 5288 5650
f 5650 5288 5329
f 5650 5329 5418
f 5650 5418 5651
f 5651 5418 5419
f 5651 5419 5652
f 5652 5419 5421
f 5652 5421 5653
f 5653 5421 5422
f 5653 5422 5424
f 5424 5281 5653
f 5653 5281 5282
f 5653 5282 5652
f 5652 5282 5284
f 5652 5284 5651
f 5651 5284 5285
f 5651 5285 5650
f 5650 5285 5287
f 5026 5024 5264
f 5264 5024 5266
f 5112 3958 5110
f 5110 3958 5039
f 5110 5039 5291
f 5267 5266 5112
f 5112 5266 5024
f 5112 5024 3958
f 3958 5024 3409
f 3958 3409 3497
f 5024 5023 3409
f 3409 5023 3408
f 3408 5023 3966
f 3408 3966 3968
f 3966 5023 5131
f 5131 5023 5243
f 5131 5243 5242
f 5131 5133 3966
f 3966 5133 5027
f 3966 5027 5029
f 5306 5305 5133
f 5133 5305 5027
f 3968 3596 3408
f 3497 3959 3958
f 3958 5040 5039
f 5291 5290 5110
f 5290 5280 5110
f 5110 5280 5115
f 5280 5279 5115
f 5115 5279 5119
f 5119 5279 5309
f 5265 5123 5263
f 5263 5123 5119
f 5263 5119 5309
f 5112 5123 5267
f 5267 5123 5265
f 5039 5041 5291
f 5291 5041 5283
f 5041 5042 5283
f 5283 5042 5292
f 5040 3958 5042
f 5042 3958 3960
f 5042 3960 5294
f 5294 5292 5042
f 3983 5069 5031
f 5031 5069 5082
f 5031 5082 5251
f 5251 5082 5252
f 5031 5033 3983
f 3983 5033 3320
f 3983 3320 3985
f 5254 5089 5033
f 5033 5089 5091
f 5033 5091 5035
f 5035 5091 5261
f 5261 5091 5262
f 5254 5253 5089
f 5037 3960 5035
f 5035 3960 3320
f 5035 3320 5033
f 5272 5210 5037
f 5037 5210 5212
f 5037 5212 3960
f 3960 5212 5294
f 5294 5212 5293
f 5272 5273 5210
f 3961 3474 3960
f 3960 3474 3320
f 3474 3464 3320
f 3320 3464 3307
f 5080 4273 5081
f 5081 4273 4274
f 5081 4274 5076
f 5076 4274 4275
f 5076 4275 5077
f 5077 4275 4276
f 5077 4276 5078
f 5078 4276 4277
f 5078 4277 5073
f 5073 4277 4278
f 5073 4278 5074
f 5074 4278 4279
f 5074 4279 5068
f 5068 4279 4280
f 5068 4280 5070
f 5070 4280 4281
f 5070 4281 5071
f 5071 4281 4266
f 5071 4266 5086
f 5086 4266 4267
f 5086 4267 5087
f 5087 4267 4268
f 5087 4268 5088
f 5088 4268 4269
f 5088 4269 5083
f 5083 4269 4270
f 5083 4270 5084
f 5084 4270 4271
f 5084 4271 5085
f 5085 4271 4272
f 5085 4272 5080
f 5080 4272 4273
f 5103 4289 5104
f 5104 4289 4290
f 5104 4290 5099
f 5099 4290 4291
f 5099 4291 5100
f 5100 4291 4292
f 5100 4292 5101
f 5101 4292 4293
f 5101 4293 5095
f 5095 4293 4294
f 5095 4294 5096
f 5096 4294 4295
f 5096 4295 5097
f 5097 4295 4296
f 5097 4296 5108
f 5108 4296 4297
f 5108 4297 5090
f 5090 4297 4282
f 5090 4282 5092
f 5092 4282 4283
f 5092 4283 5093
f 5093 4283 4284
f 5093 4284 5109
f 5109 4284 4285
f 5109 4285 5105
f 5105 4285 4286
f 5105 4286 5106
f 5106 4286 4287
f 5106 4287 5107
f 5107 4287 4288
f 5107 4288 5103
f 5103 4288 4289
f 5130 4337 5126
f 5126 4337 4338
f 5126 4338 5127
f 5127 4338 4339
f 5127 4339 5128
f 5128 4339 4340
f 5128 4340 5124
f 5124 4340 4341
f 5124 4341 5125
f 5125 4341 4342
f 5125 4342 5120
f 5120 4342 4343
f 5120 4343 5121
f 5121 4343 4344
f 5121 4344 5122
f 5122 4344 4345
f 5122 4345 5116
f 5116 4345 4330
f 5116 4330 5117
f 5117 4330 4331
f 5117 4331 5118
f 5118 4331 4332
f 5118 4332 5129
f 5129 4332 4333
f 5129 4333 5111
f 5111 4333 4334
f 5111 4334 5113
f 5113 4334 4335
f 5113 4335 5114
f 5114 4335 4336
f 5114 4336 5130
f 5130 4336 4337
f 5209 4353 5194
f 5194 4353 4354
f 5194 4354 5195
f 5195 4354 4355
f 5195 4355 5190
f 5190 4355 4356
f 5190 4356 5192
f 5192 4356 4357
f 5192 4357 5193
f 5193 4357 4358
f 5193 4358 5207
f 5207 4358 4359
f 5207 4359 5208
f 5208 4359 4360
f 5208 4360 5205
f 5205 4360 4361
f 5205 4361 5206
f 5206 4361 4346
f 5206 4346 5201
f 5201 4346 4347
f 5201 4347 5202
f 5202 4347 4348
f 5202 4348 5203
f 5203 4348 4349
f 5203 4349 5197
f 5197 4349 4350
f 5197 4350 5198
f 5198 4350 4351
f 5198 4351 5199
f 5199 4351 4352
f 5199 4352 5209
f 5209 4352 4353
f 5189 4369 5171
f 5171 4369 4370
f 5171 4370 5172
f 5172 4370 4371
f 5172 4371 5173
f 5173 4371 4372
f 5173 4372 5188
f 5188 4372 4373
f 5188 4373 5185
f 5185 4373 4374
f 5185 4374 5186
f 5186 4374 4375
f 5186 4375 5187
f 5187 4375 4376
f 5187 4376 5183
f 5183 4376 4377
f 5183 4377 5184
f 5184 4377 4362
f 5184 4362 5179
f 5179 4362 4363
f 5179 4363 5180
f 5180 4363 4364
f 5180 4364 5181
f 5181 4364 4365
f 5181 4365 5175
f 5175 4365 4366
f 5175 4366 5176
f 5176 4366 4367
f 5176 4367 5177
f 5177 4367 4368
f 5177 4368 5189
f 5189 4368 4369
f 5151 4321 5147
f 5147 4321 4322
f 5147 4322 5148
f 5148 4322 4323
f 5148 4323 5149
f 5149 4323 4324
f 5149 4324 5145
f 5145 4324 4325
f 5145 4325 5146
f 5146 4325 4326
f 5146 4326 5141
f 5141 4326 4327
f 5141 4327 5142
f 5142 4327 4328
f 5142 4328 5143
f 5143 4328 4329
f 5143 4329 5137
f 5137 4329 4314
f 5137 4314 5138
f 5138 4314 4315
f 5138 4315 5139
f 5139 4315 4316
f 5139 4316 5150
f 5150 4316 4317
f 5150 4317 5132
f 5132 4317 4318
f 5132 4318 5134
f 5134 4318 4319
f 5134 4319 5135
f 5135 4319 4320
f 5135 4320 5151
f 5151 4320 4321
f 5224 4305 5225
f 5225 4305 4306
f 5225 4306 5220
f 5220 4306 4307
f 5220 4307 5221
f 5221 4307 4308
f 5221 4308 5222
f 5222 4308 4309
f 5222 4309 5216
f 5216 4309 4310
f 5216 4310 5217
f 5217 4310 4311
f 5217 4311 5218
f 5218 4311 4312
f 5218 4312 5229
f 5229 4312 4313
f 5229 4313 5211
f 5211 4313 4298
f 5211 4298 5213
f 5213 4298 4299
f 5213 4299 5214
f 5214 4299 4300
f 5214 4300 5230
f 5230 4300 4301
f 5230 4301 5226
f 5226 4301 4302
f 5226 4302 5227
f 5227 4302 4303
f 5227 4303 5228
f 5228 4303 4304
f 5228 4304 5224
f 5224 4304 4305
f 5170 4385 5152
f 5152 4385 4386
f 5152 4386 5153
f 5153 4386 4387
f 5153 4387 5154
f 5154 4387 4388
f 5154 4388 5169
f 5169 4388 4389
f 5169 4389 5166
f 5166 4389 4390
f 5166 4390 5167
f 5167 4390 4391
f 5167 4391 5168
f 5168 4391 4392
f 5168 4392 5164
f 5164 4392 4393
f 5164 4393 5165
f 5165 4393 4378
f 5165 4378 5160
f 5160 4378 4379
f 5160 4379 5161
f 5161 4379 4380
f 5161 4380 5162
f 5162 4380 4381
f 5162 4381 5156
f 5156 4381 4382
f 5156 4382 5157
f 5157 4382 4383
f 5157 4383 5158
f 5158 4383 4384
f 5158 4384 5170
f 5170 4384 4385
f 4395 5333 4396
f 4396 5333 5654
f 4396 5654 4417
f 4417 5654 5655
f 4417 5655 4418
f 4418 5655 5656
f 4418 5656 4419
f 4419 5656 5657
f 4419 5657 4420
f 4420 5657 5658
f 4420 5658 4421
f 4421 5658 4787
f 5659 5660 5661
f 5661 5660 5662
f 5661 5662 5663
f 5663 5662 5664
f 5663 5664 5665
f 5665 5664 5666
f 5665 5666 5667
f 5667 5666 5668
f 5667 5668 5669
f 5669 5668 5670
f 5669 5670 5671
f 5669 5671 5672
f 5672 5671 5673
f 5672 5673 5674
f 5674 5673 5675
f 5674 5675 5658
f 5658 5675 4787
f 5674 5658 5676
f 5676 5658 5657
f 5676 5657 5677
f 5677 5657 5656
f 5677 5656 5678
f 5678 5656 5655
f 5678 5655 5679
f 5679 5655 5654
f 5679 5654 5680
f 5680 5654 5333
f 5680 5681 5679
f 5679 5681 5682
f 5679 5682 5678
f 5678 5682 5683
f 5678 5683 5677
f 5677 5683 5684
f 5677 5684 5676
f 5676 5684 5685
f 5676 5685 5674
f 5674 5685 5672
f 5681 5659 5682
f 5682 5659 5661
f 5682 5661 5683
f 5683 5661 5663
f 5683 5663 5684
f 5684 5663 5665
f 5684 5665 5685
f 5685 5665 5667
f 5685 5667 5672
f 5672 5667 5669
f 5686 5687 5688
f 5688 5687 5689
f 5688 5689 5690
f 5690 5691 5688
f 5688 5691 5692
f 5688 5692 5693
f 5670 5694 5691
f 5691 5694 5695
f 5691 5695 5696
f 5668 5660 5670
f 5670 5660 5697
f 5670 5697 5698
f 5668 5666 5660
f 5660 5666 5664
f 5660 5664 5662
f 5697 5660 5699
f 5699 5660 5700
f 5699 5700 5701
f 5701 5700 5702
f 5702 5700 5703
f 5702 5703 5704
f 5704 5703 5705
f 5705 5703 5706
f 5706 5703 5707
f 5706 5707 5708
f 5708 5707 5709
f 5709 5707 5710
f 5710 5707 5711
f 5710 5711 5712
f 5712 5711 5688
f 5712 5688 5693
f 5713 5714 5700
f 5700 5714 5715
f 5700 5715 5716
f 5716 5703 5700
f 5707 5717 5711
f 5711 5717 5718
f 5711 5718 5719
f 5719 5720 5711
f 5698 5721 5670
f 5670 5721 5722
f 5670 5722 5723
f 5723 5724 5670
f 5670 5724 5694
f 5696 5725 5691
f 5691 5725 5726
f 5691 5726 5692
f 5727 5691 5728
f 5728 5691 5690
f 5728 5690 5729
f 5729 5690 5689
f 5729 5689 5730
f 5730 5689 5687
f 5730 5687 5731
f 5731 5687 5686
f 5731 5686 5732
f 5732 5686 5688
f 5732 5688 5733
f 5732 5733 5734
f 5734 5733 5735
f 5734 5735 5736
f 5736 5735 5737
f 5736 5737 5738
f 5738 5737 5005
f 5736 5738 5739
f 5739 5738 5740
f 5739 5740 5741
f 5741 5740 5742
f 5741 5742 5743
f 5743 5742 5744
f 5743 5744 5745
f 5745 5744 5746
f 5745 5746 5747
f 5747 5746 4786
f 5747 5748 5745
f 5745 5748 5749
f 5745 5749 5743
f 5743 5749 5750
f 5743 5750 5741
f 5741 5750 5751
f 5741 5751 5739
f 5739 5751 5752
f 5739 5752 5736
f 5736 5752 5734
f 5748 5727 5749
f 5749 5727 5728
f 5749 5728 5750
f 5750 5728 5729
f 5750 5729 5751
f 5751 5729 5730
f 5751 5730 5752
f 5752 5730 5731
f 5752 5731 5734
f 5734 5731 5732
f 5671 5670 5753
f 5753 5670 5691
f 5753 5691 5754
f 5754 5691 5727
f 5754 5727 5755
f 5755 5727 5748
f 5755 5748 5756
f 5756 5748 5747
f 5756 5747 4786
f 4786 4787 5756
f 5756 4787 5757
f 5756 5757 5755
f 5755 5757 5758
f 5755 5758 5754
f 5754 5758 5753
f 4787 5675 5757
f 5757 5675 5758
f 5675 5673 5758
f 5758 5673 5753
f 5673 5671 5753
f 4403 4786 4404
f 4404 4786 5746
f 4404 5746 4405
f 4405 5746 5744
f 4405 5744 4406
f 4406 5744 5742
f 4406 5742 4407
f 4407 5742 5740
f 4407 5740 4408
f 4408 5740 5738
f 4408 5738 4409
f 4409 5738 5005
f 5711 5759 5688
f 5688 5759 5760
f 5688 5760 5733
f 5733 5760 5735
f 5735 5760 5761
f 5735 5761 5737
f 5737 5761 5762
f 5737 5762 5005
f 5005 5762 5763
f 5005 5763 5764
f 5764 5763 5765
f 5764 5765 5766
f 5766 5765 5767
f 5766 5767 5768
f 5768 5767 5711
f 5711 5767 5769
f 5711 5769 5759
f 5759 5769 5770
f 5759 5770 5761
f 5761 5770 5762
f 5768 5771 5766
f 5766 5771 5772
f 5766 5772 5764
f 5764 5772 5006
f 5764 5006 5005
f 5771 5773 5772
f 5772 5773 5006
f 5770 5769 5765
f 5765 5769 5767
f 5761 5760 5759
f 5762 5770 5763
f 5763 5770 5765
f 5768 5711 5774
f 5774 5711 5720
f 5774 5720 5775
f 5775 5720 5719
f 5775 5719 5776
f 5776 5719 5718
f 5776 5718 5777
f 5777 5718 5717
f 5777 5717 5778
f 5778 5717 5707
f 5778 5707 5779
f 5778 5779 5780
f 5780 5779 5781
f 5780 5781 5782
f 5782 5781 5783
f 5782 5783 5784
f 5784 5783 5646
f 5782 5784 5785
f 5785 5784 5786
f 5785 5786 5787
f 5787 5786 5788
f 5787 5788 5789
f 5789 5788 5790
f 5789 5790 5791
f 5791 5790 5792
f 5791 5792 5773
f 5773 5792 5006
f 5773 5771 5791
f 5791 5771 5793
f 5791 5793 5789
f 5789 5793 5794
f 5789 5794 5787
f 5787 5794 5795
f 5787 5795 5785
f 5785 5795 5796
f 5785 5796 5782
f 5782 5796 5780
f 5771 5768 5793
f 5793 5768 5774
f 5793 5774 5794
f 5794 5774 5775
f 5794 5775 5795
f 5795 5775 5776
f 5795 5776 5796
f 5796 5776 5777
f 5796 5777 5780
f 5780 5777 5778
f 4400 5006 4401
f 4401 5006 5792
f 4401 5792 4402
f 4402 5792 5790
f 4402 5790 4410
f 4410 5790 5788
f 4410 5788 4411
f 4411 5788 5786
f 4411 5786 4412
f 4412 5786 5784
f 4412 5784 4413
f 4413 5784 5646
f 5779 5707 5797
f 5797 5707 5703
f 5797 5703 5798
f 5798 5703 5799
f 5798 5799 5800
f 5800 5799 5801
f 5800 5801 5802
f 5802 5801 5803
f 5802 5803 5647
f 5647 5646 5802
f 5802 5646 5804
f 5802 5804 5800
f 5800 5804 5805
f 5800 5805 5798
f 5798 5805 5797
f 5646 5783 5804
f 5804 5783 5805
f 5783 5781 5805
f 5805 5781 5797
f 5781 5779 5797
f 5799 5703 5806
f 5806 5703 5716
f 5806 5716 5807
f 5807 5716 5715
f 5807 5715 5808
f 5808 5715 5714
f 5808 5714 5809
f 5809 5714 5713
f 5809 5713 5810
f 5810 5713 5700
f 5810 5700 5811
f 5810 5811 5812
f 5812 5811 5813
f 5812 5813 5814
f 5814 5813 5815
f 5814 5815 5816
f 5816 5815 5332
f 5814 5816 5817
f 5817 5816 5818
f 5817 5818 5819
f 5819 5818 5820
f 5819 5820 5821
f 5821 5820 5822
f 5821 5822 5823
f 5823 5822 5824
f 5823 5824 5803
f 5803 5824 5647
f 5803 5801 5823
f 5823 5801 5825
f 5823 5825 5821
f 5821 5825 5826
f 5821 5826 5819
f 5819 5826 5827
f 5819 5827 5817
f 5817 5827 5828
f 5817 5828 5814
f 5814 5828 5812
f 5801 5799 5825
f 5825 5799 5806
f 5825 5806 5826
f 5826 5806 5807
f 5826 5807 5827
f 5827 5807 5808
f 5827 5808 5828
f 5828 5808 5809
f 5828 5809 5812
f 5812 5809 5810
f 4397 5647 4398
f 4398 5647 5824
f 4398 5824 4399
f 4399 5824 5822
f 4399 5822 4414
f 4414 5822 5820
f 4414 5820 4415
f 4415 5820 5818
f 4415 5818 4416
f 4416 5818 5816
f 4416 5816 4394
f 4394 5816 5332
f 5660 5829 5700
f 5700 5829 5830
f 5700 5830 5811
f 5811 5830 5813
f 5813 5830 5831
f 5813 5831 5815
f 5815 5831 5832
f 5815 5832 5332
f 5332 5832 5833
f 5332 5833 5834
f 5834 5833 5835
f 5834 5835 5836
f 5836 5835 5837
f 5836 5837 5659
f 5659 5837 5660
f 5660 5837 5838
f 5660 5838 5829
f 5829 5838 5839
f 5829 5839 5831
f 5831 5839 5832
f 5659 5681 5836
f 5836 5681 5840
f 5836 5840 5834
f 5834 5840 5333
f 5834 5333 5332
f 5681 5680 5840
f 5840 5680 5333
f 5839 5838 5835
f 5835 5838 5837
f 5831 5830 5829
f 5832 5839 5833
f 5833 5839 5835
f 5699 5841 5697
f 5697 5841 5842
f 5697 5842 5698
f 5698 5842 5843
f 5698 5843 5721
f 5721 5843 5844
f 5721 5844 5722
f 5722 5844 5845
f 5722 5845 5723
f 5723 5845 5846
f 5723 5846 5724
f 5724 5846 5847
f 5724 5847 5694
f 5694 5847 5848
f 5694 5848 5695
f 5695 5848 5849
f 5695 5849 5696
f 5696 5849 5850
f 5696 5850 5725
f 5725 5850 5851
f 5725 5851 5726
f 5726 5851 5852
f 5726 5852 5692
f 5692 5852 5853
f 5692 5853 5693
f 5693 5853 5854
f 5693 5854 5712
f 5712 5854 5855
f 5712 5855 5710
f 5710 5855 5856
f 5710 5856 5709
f 5709 5856 5857
f 5709 5857 5708
f 5708 5857 5858
f 5708 5858 5706
f 5706 5858 5859
f 5706 5859 5705
f 5705 5859 5860
f 5705 5860 5704
f 5704 5860 5861
f 5704 5861 5702
f 5702 5861 5862
f 5702 5862 5701
f 5701 5862 5863
f 5701 5863 5699
f 5699 5863 5841
f 5842 5841 5843
f 5843 5841 5844
f 5844 5841 5863
f 5844 5863 5845
f 5845 5863 5862
f 5845 5862 5846
f 5846 5862 5861
f 5846 5861 5847
f 5847 5861 5860
f 5847 5860 5848
f 5848 5860 5849
f 5849 5860 5850
f 5850 5860 5851
f 5851 5860 5852
f 5852 5860 5853
f 5853 5860 5854
f 5854 5860 5855
f 5855 5860 5856
f 5856 5860 5857
f 5857 5860 5858
f 5858 5860 5859
f 5064 5191 3976
f 3976 5191 5043
f 3976 5043 3974
f 3974 5043 4791
f 5239 5238 5191
f 5191 5238 5043
f 4973 5043 4969
f 4969 5043 5238
f 5191 5204 5239
f 5239 5204 5237
f 5304 5054 5030
f 5030 5054 3967
f 5030 3967 3966
f 3966 5029 5030
f 5030 5028 5304
f 5304 5028 5298
f 5028 5027 5298
f 5298 5027 5305
f 5286 5293 5223
f 5223 5293 5212
f 5286 5223 5289
f 5289 5223 5219
f 5289 5219 5312
f 5271 5269 5215
f 5215 5269 5219
f 5219 5269 5312
f 5273 5271 5210
f 5210 5271 5215
f 5270 5272 5038
f 5038 5272 5037
f 5036 5035 5259
f 5259 5035 5261
f 5091 5102 5262
f 5262 5102 5260
f 5260 5102 5258
f 5258 5102 5098
f 5258 5098 5308
f 5255 5257 5094
f 5094 5257 5098
f 5098 5257 5308
f 5253 5255 5089
f 5089 5255 5094
f 5256 5254 5034
f 5034 5254 5033
f 5032 5031 5249
f 5249 5031 5251
f 5082 5079 5252
f 5252 5079 5250
f 5250 5079 5248
f 5248 5079 5075
f 5248 5075 5235
f 5133 5144 5306
f 5306 5144 5301
f 5301 5144 5303
f 5303 5144 5140
f 5303 5140 5310
f 5244 5246 5136
f 5136 5246 5140
f 5140 5246 5310
f 5242 5244 5131
f 5131 5244 5136
f 5245 5243 5025
f 5025 5243 5023
f 5300 5302 5864
f 5864 5302 5433
f 5864 5433 5434
f 5864 5434 5865
f 5865 5434 5436
f 5865 5436 5866
f 5866 5436 5437
f 5866 5437 5867
f 5867 5437 5439
f 5867 5439 5001
f 5001 4999 5867
f 5867 4999 5296
f 5867 5296 5866
f 5866 5296 5297
f 5866 5297 5865
f 5865 5297 5299
f 5865 5299 5864
f 5864 5299 5300
f 5346 5348 5388
f 5388 5348 5387
f 5373 5374 5347
f 5347 5374 5349
f 5868 5648 5869
f 5869 5648 5649
f 5869 5649 5870
f 5870 5871 5869
f 5869 5871 5872
f 5869 5872 5873
f 5873 5872 5874
f 5873 5874 5875
f 5875 5874 5876
f 5875 5876 5877
f 5877 5876 5878
f 5877 5878 4484
f 4484 5878 4485
f 4484 5879 5877
f 5877 5879 5880
f 5877 5880 5875
f 5875 5880 5881
f 5875 5881 5882
f 5875 5882 5873
f 5873 5882 5883
f 5873 5883 5884
f 5873 5884 5869
f 5869 5884 5868
f 5885 5886 5887
f 5887 5886 5888
f 5887 5888 5889
f 5889 5888 5890
f 5889 5890 5891
f 5891 5890 5892
f 5891 5892 5893
f 5893 5892 5894
f 5893 5894 5895
f 5895 5894 5896
f 5895 5896 5897
f 5897 5896 5898
f 5897 5898 5899
f 5899 5898 5900
f 5899 5900 5901
f 5901 5900 5868
f 5901 5868 5884
f 5886 5885 5902
f 5902 5885 5903
f 5902 5903 5904
f 5904 5903 5905
f 5904 5905 5906
f 5906 5905 5907
f 5906 5907 5908
f 5908 5907 5909
f 5908 5909 5896
f 5896 5909 5898
f 5907 5905 5910
f 5910 5905 5648
f 5910 5648 5911
f 5911 5648 5868
f 5911 5868 5900
f 5883 5912 5884
f 5884 5912 5913
f 5884 5913 5901
f 5901 5913 5914
f 5901 5914 5899
f 5899 5914 5915
f 5899 5915 5897
f 5897 5915 5916
f 5897 5916 5895
f 5895 5916 5917
f 5895 5917 5893
f 5893 5917 5918
f 5893 5918 5891
f 5891 5918 5889
f 5912 5883 5919
f 5919 5883 5882
f 5919 5882 5920
f 5920 5882 5921
f 5920 5921 5922
f 5922 5921 5923
f 5922 5923 5924
f 5924 5923 5925
f 5924 5925 5926
f 5882 5881 5921
f 5921 5881 5880
f 5921 5880 5927
f 5927 5880 5928
f 5927 5928 5929
f 5929 5928 5879
f 5929 5879 4484
f 5880 5879 5928
f 5929 5930 5927
f 5927 5930 5923
f 5927 5923 5921
f 5930 5925 5923
f 5889 5918 5926
f 5926 5918 5931
f 5926 5931 5924
f 5924 5931 5932
f 5924 5932 5922
f 5922 5932 5933
f 5922 5933 5920
f 5920 5933 5934
f 5920 5934 5919
f 5919 5934 5912
f 5909 5907 5910
f 5904 5906 5935
f 5935 5906 5908
f 5935 5908 5894
f 5894 5908 5896
f 5888 5886 5902
f 5902 5904 5936
f 5936 5904 5935
f 5936 5935 5892
f 5892 5935 5894
f 5936 5892 5890
f 5911 5900 5898
f 5911 5898 5909
f 5932 5931 5917
f 5917 5931 5918
f 5933 5932 5916
f 5916 5932 5917
f 5934 5933 5915
f 5915 5933 5916
f 5912 5934 5914
f 5914 5934 5915
f 5914 5913 5912
f 5911 5909 5910
f 5890 5888 5936
f 5936 5888 5902
f 5648 5905 2961
f 2961 5905 2962
f 2962 5905 5903
f 2962 5903 2963
f 2963 5903 5885
f 2963 5885 2996
f 2996 5885 5887
f 2996 5887 2997
f 2053 2039 5937
f 5937 2039 5938
f 5938 2039 5452
f 5938 5452 5939
f 5939 5452 5451
f 5939 5451 5940
f 5940 5451 5941
f 5941 5451 1
f 5941 1 5942
f 5942 1 2046
f 5939 5940 5943
f 5943 5940 5944
f 5943 5944 2029
f 2029 5944 2027
f 2172 5507 2173
f 2173 5507 5506
f 2173 5506 2174
f 2174 5506 5512
f 2174 5512 2176
f 2176 5512 5511
f 2176 5511 2178
f 2178 5511 5510
f 2178 5510 2180
f 2180 5510 5515
f 2180 5515 2182
f 2182 5515 5514
f 2182 5514 2184
f 2184 5514 5517
f 2184 5517 2166
f 2166 5517 5516
f 2166 5516 2167
f 2167 5516 5501
f 2167 5501 2168
f 2168 5501 5500
f 2168 5500 2186
f 2186 5500 5498
f 2186 5498 2163
f 2163 5498 5504
f 2163 5504 2164
f 2164 5504 5503
f 2164 5503 2165
f 2165 5503 5518
f 2165 5518 2187
f 2187 5518 5508
f 2187 5508 2172
f 2172 5508 5507
f 1614 5526 1612
f 1612 5526 5525
f 1612 5525 1613
f 1613 5525 5531
f 1613 5531 1616
f 1616 5531 5530
f 1616 5530 1618
f 1618 5530 5529
f 1618 5529 1620
f 1620 5529 5534
f 1620 5534 1622
f 1622 5534 5533
f 1622 5533 1624
f 1624 5533 5537
f 1624 5537 1626
f 1626 5537 5536
f 1626 5536 1627
f 1627 5536 5535
f 1627 5535 1625
f 1625 5535 5539
f 1625 5539 1623
f 1623 5539 5523
f 1623 5523 1621
f 1621 5523 5522
f 1621 5522 1619
f 1619 5522 5520
f 1619 5520 1617
f 1617 5520 5538
f 1617 5538 1615
f 1615 5538 5527
f 1615 5527 1614
f 1614 5527 5526
f 1984 2027 1983
f 1983 2027 5544
f 1983 5544 2123
f 2123 5544 5543
f 2123 5543 2121
f 2121 5543 5548
f 2121 5548 2119
f 2119 5548 5547
f 2119 5547 2117
f 2117 5547 5546
f 2117 5546 2116
f 2116 5546 5551
f 2116 5551 2125
f 2125 5551 2128
f 2128 5551 5550
f 2128 5550 2131
f 2131 5550 5554
f 2131 5554 2138
f 2138 5554 5553
f 2138 5553 2139
f 2139 5553 5552
f 2139 5552 2140
f 2140 5552 5556
f 2140 5556 2006
f 2006 5556 2046
f 2006 2046 2045
f 1986 2031 1984
f 1984 2031 2028
f 1984 2028 2027
f 1986 1987 2031
f 2031 1987 2041
f 2041 1987 2042
f 2042 1987 1989
f 2042 1989 2043
f 2043 1989 2005
f 2043 2005 2004
f 2003 2045 2004
f 2004 2045 2044
f 2004 2044 2043
f 2003 2006 2045
f 5544 2027 5545
f 5545 2027 5944
f 5545 5944 5555
f 5555 5944 5940
f 5555 5940 5540
f 5540 5940 5941
f 5540 5941 5541
f 5541 5941 5942
f 5541 5942 5542
f 5542 5942 2046
f 5542 2046 5556
f 2160 5616 2161
f 2161 5616 5615
f 2161 5615 2162
f 2162 5615 5618
f 2162 5618 2188
f 2188 5618 5601
f 2188 5601 2189
f 2189 5601 5600
f 2189 5600 2190
f 2190 5600 5598
f 2190 5598 2169
f 2169 5598 5604
f 2169 5604 2170
f 2170 5604 5603
f 2170 5603 2171
f 2171 5603 5607
f 2171 5607 2191
f 2191 5607 5606
f 2191 5606 2185
f 2185 5606 5611
f 2185 5611 2183
f 2183 5611 5610
f 2183 5610 2181
f 2181 5610 5609
f 2181 5609 2179
f 2179 5609 5614
f 2179 5614 2177
f 2177 5614 5613
f 2177 5613 2175
f 2175 5613 5617
f 2175 5617 2160
f 2160 5617 5616
f 1598 5593 1596
f 1596 5593 5592
f 1596 5592 1597
f 1597 5592 5595
f 1597 5595 1600
f 1600 5595 5580
f 1600 5580 1602
f 1602 5580 5579
f 1602 5579 1604
f 1604 5579 5577
f 1604 5577 1606
f 1606 5577 5596
f 1606 5596 1608
f 1608 5596 5584
f 1608 5584 1610
f 1610 5584 5583
f 1610 5583 1611
f 1611 5583 5582
f 1611 5582 1609
f 1609 5582 5588
f 1609 5588 1607
f 1607 5588 5587
f 1607 5587 1605
f 1605 5587 5586
f 1605 5586 1603
f 1603 5586 5591
f 1603 5591 1601
f 1601 5591 5590
f 1601 5590 1599
f 1599 5590 5594
f 1599 5594 1598
f 1598 5594 5593
f 2001 2053 2002
f 2002 2053 5562
f 2002 5562 2105
f 2105 5562 5561
f 2105 5561 2106
f 2106 5561 5567
f 2106 5567 2107
f 2107 5567 5566
f 2107 5566 2108
f 2108 5566 5565
f 2108 5565 2111
f 2111 5565 5570
f 2111 5570 2112
f 2112 5570 2115
f 2115 5570 5569
f 2115 5569 2118
f 2118 5569 5573
f 2118 5573 2120
f 2120 5573 5572
f 2120 5572 2122
f 2122 5572 5571
f 2122 5571 2124
f 2124 5571 5575
f 2124 5575 1981
f 1981 5575 2029
f 1981 2029 2030
f 2000 2037 2001
f 2001 2037 2038
f 2001 2038 2053
f 2000 1993 2037
f 2037 1993 2036
f 2036 1993 2035
f 2035 1993 1992
f 2035 1992 2033
f 2033 1992 1991
f 2033 1991 1985
f 1982 2030 1985
f 1985 2030 2032
f 1985 2032 2033
f 1982 1981 2030
f 5562 2053 5563
f 5563 2053 5937
f 5563 5937 5574
f 5574 5937 5938
f 5574 5938 5557
f 5557 5938 5939
f 5557 5939 5558
f 5558 5939 5943
f 5558 5943 5559
f 5559 5943 2029
f 5559 2029 5575
f 2132 5466 2129
f 2129 5466 5465
f 2129 5465 2130
f 2130 5465 5471
f 2130 5471 2126
f 2126 5471 5470
f 2126 5470 2152
f 2152 5470 5469
f 2152 5469 2150
f 2150 5469 5473
f 2150 5473 2148
f 2148 5473 5472
f 2148 5472 2147
f 2147 5472 5459
f 2147 5459 2099
f 2099 5459 5458
f 2099 5458 2100
f 2100 5458 5456
f 2100 5456 2101
f 2101 5456 5475
f 2101 5475 2137
f 2137 5475 5463
f 2137 5463 2136
f 2136 5463 5462
f 2136 5462 2135
f 2135 5462 5461
f 2135 5461 2134
f 2134 5461 5474
f 2134 5474 2133
f 2133 5474 5467
f 2133 5467 2132
f 2132 5467 5466
f 2113 5483 2109
f 2109 5483 5482
f 2109 5482 2110
f 2110 5482 5495
f 2110 5495 2141
f 2141 5495 5488
f 2141 5488 2142
f 2142 5488 5487
f 2142 5487 2102
f 2102 5487 5486
f 2102 5486 2103
f 2103 5486 5496
f 2103 5496 2104
f 2104 5496 5492
f 2104 5492 2143
f 2143 5492 5491
f 2143 5491 2144
f 2144 5491 5490
f 2144 5490 2145
f 2145 5490 5494
f 2145 5494 2146
f 2146 5494 5493
f 2146 5493 2149
f 2149 5493 5480
f 2149 5480 2151
f 2151 5480 5479
f 2151 5479 2127
f 2127 5479 5477
f 2127 5477 2114
f 2114 5477 5484
f 2114 5484 2113
f 2113 5484 5483
f 2972 4776 2976
f 2976 4776 4777
f 2976 4777 4743
f 4743 4730 2976
f 2976 4730 2977
f 2977 4730 4721
f 2977 4721 4720
f 2977 4720 2975
f 2975 4720 4688
f 2975 4688 4683
f 2975 4683 2974
f 2974 4683 4677
f 2974 4677 2973
f 2973 4677 4676
f 2973 4676 2971
f 4676 5945 2971
f 2971 5945 2978
f 4422 5946 4423
f 4423 5946 4669
f 4669 5946 5947
f 4669 5947 4671
f 4671 5947 5948
f 4671 5948 5949
f 4671 5949 4673
f 4673 5949 5950
f 4673 5950 5951
f 4673 5951 4675
f 4675 5951 5952
f 4675 5952 4676
f 4676 5952 5945
f 5953 5954 5335
f 5335 5954 5955
f 5335 5955 5956
f 5956 5955 5957
f 5956 5957 5958
f 5958 5957 5959
f 5958 5959 5960
f 5960 5959 5961
f 5960 5961 5962
f 5962 5961 5963
f 5962 5963 5964
f 5964 5963 5965
f 5964 5965 5966
f 5966 5965 5967
f 5966 5967 5968
f 5968 5967 5952
f 5968 5952 5951
f 5954 5953 5969
f 5969 5953 5970
f 5969 5970 5971
f 5971 5970 5972
f 5971 5972 5973
f 5973 5972 5974
f 5973 5974 5975
f 5975 5974 5976
f 5975 5976 5963
f 5963 5976 5965
f 5974 5972 5977
f 5977 5972 5945
f 5977 5945 5978
f 5978 5945 5952
f 5978 5952 5967
f 5950 5979 5951
f 5951 5979 5980
f 5951 5980 5968
f 5968 5980 5981
f 5968 5981 5966
f 5966 5981 5982
f 5966 5982 5964
f 5964 5982 5983
f 5964 5983 5962
f 5962 5983 5984
f 5962 5984 5960
f 5960 5984 5985
f 5960 5985 5958
f 5958 5985 5956
f 5979 5950 5986
f 5986 5950 5949
f 5986 5949 5987
f 5987 5949 5988
f 5987 5988 5989
f 5989 5988 5990
f 5989 5990 5991
f 5991 5990 5992
f 5991 5992 5993
f 5949 5948 5988
f 5988 5948 5947
f 5988 5947 5994
f 5994 5947 5995
f 5994 5995 5996
f 5996 5995 5946
f 5996 5946 4422
f 5947 5946 5995
f 5996 5997 5994
f 5994 5997 5990
f 5994 5990 5988
f 5997 5992 5990
f 5956 5985 5993
f 5993 5985 5998
f 5993 5998 5991
f 5991 5998 5999
f 5991 5999 5989
f 5989 5999 6000
f 5989 6000 5987
f 5987 6000 6001
f 5987 6001 5986
f 5986 6001 5979
f 5976 5974 5977
f 5971 5973 6002
f 6002 5973 5975
f 6002 5975 5961
f 5961 5975 5963
f 5955 5954 5969
f 5969 5971 6003
f 6003 5971 6002
f 6003 6002 5959
f 5959 6002 5961
f 6003 5959 5957
f 5978 5967 5965
f 5978 5965 5976
f 5999 5998 5984
f 5984 5998 5985
f 6000 5999 5983
f 5983 5999 5984
f 6001 6000 5982
f 5982 6000 5983
f 5979 6001 5981
f 5981 6001 5982
f 5981 5980 5979
f 5978 5976 5977
f 5957 5955 6003
f 6003 5955 5969
f 5945 5972 2978
f 2978 5972 2979
f 2979 5972 5970
f 2979 5970 2980
f 2980 5970 5953
f 2980 5953 2981
f 2981 5953 5335
f 2981 5335 2982
f 5335 6004 5334
f 5334 6004 6005
f 5334 6005 6006
f 6006 6005 6007
f 6007 6005 6008
f 6007 6008 6009
f 6009 6008 6010
f 6010 6008 6011
f 6010 6011 6012
f 6012 6011 6013
f 6013 6011 6014
f 6013 6014 6015
f 6015 6014 4479
f 4479 6014 6016
f 4479 6016 6017
f 6017 6016 6018
f 6017 6018 5997
f 5997 6018 5992
f 5992 6018 6019
f 5992 6019 5993
f 5993 6019 6020
f 5993 6020 5956
f 5956 6020 5335
f 5335 6020 6004
f 5997 5996 6017
f 6017 5996 4479
f 5996 4422 4479
f 6008 6005 6004
f 6004 6020 6021
f 6021 6020 6019
f 6021 6019 6022
f 6022 6019 6018
f 6022 6018 6016
f 6011 6008 6021
f 6021 6008 6004
f 6011 6021 6022
f 6014 6011 6022
f 6014 6022 6016
f 6023 6024 6025
f 6025 6024 6026
f 6025 6026 6027
f 6027 6026 6028
f 6027 6028 6029
f 6029 6028 6030
f 6029 6030 6031
f 6031 6030 6032
f 6031 6032 6033
f 6033 6032 6034
f 6033 6034 6035
f 6035 6034 6036
f 6035 6036 6037
f 6037 6036 6038
f 6037 6038 6039
f 6039 6038 6006
f 6039 6006 6007
f 6024 6023 6040
f 6040 6023 6041
f 6040 6041 6042
f 6042 6041 6043
f 6042 6043 6044
f 6044 6043 6045
f 6044 6045 6046
f 6046 6045 6047
f 6046 6047 6034
f 6034 6047 6036
f 6045 6043 6048
f 6048 6043 5334
f 6048 5334 6049
f 6049 5334 6006
f 6049 6006 6038
f 6009 6050 6007
f 6007 6050 6051
f 6007 6051 6039
f 6039 6051 6052
f 6039 6052 6037
f 6037 6052 6053
f 6037 6053 6035
f 6035 6053 6054
f 6035 6054 6033
f 6033 6054 6055
f 6033 6055 6031
f 6031 6055 6056
f 6031 6056 6029
f 6029 6056 6027
f 6050 6009 6057
f 6057 6009 6010
f 6057 6010 6058
f 6058 6010 6059
f 6058 6059 6060
f 6060 6059 6061
f 6060 6061 6062
f 6062 6061 6063
f 6062 6063 6064
f 6010 6012 6059
f 6059 6012 6013
f 6059 6013 6065
f 6065 6013 6066
f 6065 6066 6067
f 6067 6066 6015
f 6067 6015 4479
f 6013 6015 6066
f 6067 6068 6065
f 6065 6068 6061
f 6065 6061 6059
f 6068 6063 6061
f 6027 6056 6064
f 6064 6056 6069
f 6064 6069 6062
f 6062 6069 6070
f 6062 6070 6060
f 6060 6070 6071
f 6060 6071 6058
f 6058 6071 6072
f 6058 6072 6057
f 6057 6072 6050
f 6047 6045 6048
f 6042 6044 6073
f 6073 6044 6046
f 6073 6046 6032
f 6032 6046 6034
f 6026 6024 6040
f 6040 6042 6074
f 6074 6042 6073
f 6074 6073 6030
f 6030 6073 6032
f 6074 6030 6028
f 6049 6038 6036
f 6049 6036 6047
f 6070 6069 6055
f 6055 6069 6056
f 6071 6070 6054
f 6054 6070 6055
f 6072 6071 6053
f 6053 6071 6054
f 6050 6072 6052
f 6052 6072 6053
f 6052 6051 6050
f 6049 6047 6048
f 6028 6026 6074
f 6074 6026 6040
f 5334 6043 2964
f 2964 6043 2965
f 2965 6043 6041
f 2965 6041 2966
f 2966 6041 6023
f 2966 6023 2983
f 2983 6023 6025
f 2983 6025 2984
f 6075 2985 6025
f 6025 2985 2984
f 6025 6027 6075
f 6075 6027 6076
f 6076 6027 6064
f 6076 6064 6077
f 6077 6064 6063
f 6077 6063 6078
f 6078 6063 6068
f 6078 6068 6079
f 6079 6068 6067
f 6079 6067 4478
f 4478 6067 4479
f 6079 4478 6080
f 6080 4478 4476
f 6080 4476 6081
f 6081 4476 4474
f 6081 4474 6082
f 6082 4474 4472
f 6082 4472 6083
f 6083 4472 4470
f 6083 4470 6084
f 6084 4470 4468
f 6084 4468 6085
f 6085 4468 4480
f 6085 4480 6086
f 6086 4480 4482
f 6086 4482 6087
f 6087 6088 6086
f 6086 6088 6089
f 6086 6089 6085
f 6085 6089 6090
f 6085 6090 6084
f 6084 6090 6091
f 6084 6091 6083
f 6083 6091 6092
f 6083 6092 6082
f 6082 6092 6093
f 6082 6093 6081
f 6081 6093 6094
f 6081 6094 6080
f 6080 6094 6095
f 6080 6095 6079
f 6079 6095 6078
f 6078 6095 6096
f 6078 6096 6077
f 6077 6096 6097
f 6077 6097 6076
f 6076 6097 6075
f 6075 6097 6098
f 6098 6097 6099
f 6098 6099 6100
f 6100 6099 6101
f 6100 6101 6102
f 6102 6101 6094
f 6102 6094 6093
f 6088 6103 6089
f 6089 6103 6104
f 6089 6104 6090
f 6090 6104 6105
f 6090 6105 6091
f 6091 6105 6106
f 6091 6106 6092
f 6092 6106 6107
f 6092 6107 6093
f 6093 6107 6102
f 6103 6108 6104
f 6104 6108 6109
f 6104 6109 6105
f 6105 6109 6110
f 6105 6110 6106
f 6106 6110 6111
f 6106 6111 6107
f 6107 6111 6112
f 6107 6112 6102
f 6102 6112 6100
f 6108 6113 6109
f 6109 6113 6114
f 6109 6114 6110
f 6110 6114 6115
f 6110 6115 6111
f 6111 6115 6112
f 6115 6116 6112
f 6112 6116 6100
f 6116 6098 6100
f 6099 6097 6096
f 6094 6101 6095
f 6095 6101 6096
f 6101 6099 6096
f 2985 6075 2987
f 2987 6075 6098
f 2987 6098 2988
f 2988 6098 6116
f 2988 6116 2989
f 2989 6116 6115
f 2989 6115 2991
f 2991 6115 6114
f 2991 6114 2990
f 2990 6114 6113
f 6113 6117 2990
f 2990 6117 2986
f 4485 6118 4482
f 4482 6118 6087
f 6087 6118 6119
f 6087 6119 6088
f 6088 6119 6120
f 6088 6120 6121
f 6088 6121 6103
f 6103 6121 6122
f 6103 6122 6123
f 6103 6123 6108
f 6108 6123 6124
f 6108 6124 6113
f 6113 6124 6117
f 6125 6126 5649
f 5649 6126 6127
f 5649 6127 5870
f 5870 6127 6128
f 5870 6128 6129
f 6129 6128 6130
f 6129 6130 6131
f 6131 6130 6132
f 6131 6132 6133
f 6133 6132 6134
f 6133 6134 6135
f 6135 6134 6136
f 6135 6136 6137
f 6137 6136 6138
f 6137 6138 6139
f 6139 6138 6124
f 6139 6124 6123
f 6126 6125 6140
f 6140 6125 6141
f 6140 6141 6142
f 6142 6141 6143
f 6142 6143 6144
f 6144 6143 6145
f 6144 6145 6146
f 6146 6145 6147
f 6146 6147 6134
f 6134 6147 6136
f 6145 6143 6148
f 6148 6143 6117
f 6148 6117 6149
f 6149 6117 6124
f 6149 6124 6138
f 6122 6150 6123
f 6123 6150 6151
f 6123 6151 6139
f 6139 6151 6152
f 6139 6152 6137
f 6137 6152 6153
f 6137 6153 6135
f 6135 6153 6154
f 6135 6154 6133
f 6133 6154 6155
f 6133 6155 6131
f 6131 6155 6156
f 6131 6156 6129
f 6129 6156 5871
f 6129 5871 5870
f 6150 6122 6157
f 6157 6122 6121
f 6157 6121 6158
f 6158 6121 6159
f 6158 6159 6160
f 6160 6159 6161
f 6160 6161 6162
f 6162 6161 5874
f 6162 5874 5872
f 6121 6120 6159
f 6159 6120 6119
f 6159 6119 6163
f 6163 6119 6164
f 6163 6164 5876
f 5876 6164 5878
f 5878 6164 6118
f 5878 6118 4485
f 6119 6118 6164
f 6163 5876 6161
f 6161 5876 5874
f 6162 5872 6165
f 6165 5872 5871
f 6165 5871 6156
f 6147 6145 6148
f 6142 6144 6166
f 6166 6144 6146
f 6166 6146 6132
f 6132 6146 6134
f 6127 6126 6140
f 6140 6142 6167
f 6167 6142 6166
f 6167 6166 6130
f 6130 6166 6132
f 6167 6130 6128
f 6149 6138 6136
f 6149 6136 6147
f 6156 6155 6165
f 6165 6155 6168
f 6165 6168 6162
f 6162 6168 6160
f 6155 6154 6168
f 6168 6154 6169
f 6168 6169 6160
f 6160 6169 6158
f 6154 6153 6169
f 6169 6153 6170
f 6169 6170 6158
f 6158 6170 6157
f 6153 6152 6170
f 6170 6152 6150
f 6170 6150 6157
f 6152 6151 6150
f 6163 6161 6159
f 6149 6147 6148
f 6128 6127 6167
f 6167 6127 6140
f 6117 6143 2986
f 2986 6143 2992
f 2992 6143 6141
f 2992 6141 2993
f 2993 6141 6125
f 2993 6125 2994
f 2994 6125 5649
f 2994 5649 2995
f 5497 5499 4
f 4 5499 5369
f 4 5369 6
f 6 5369 4789
f 5382 5384 5499
f 5499 5384 5369
f 5316 5369 5315
f 5315 5369 5384
f 5499 5513 5382
f 5382 5513 5383
f 5426 5428 5356
f 5356 5428 2
f 5356 2 1
f 5451 5357 1
f 1 5357 5356
f 5356 5358 5426
f 5426 5358 5420
f 5358 5359 5420
f 5420 5359 5429
f 5351 2039 5353
f 5353 2039 2157
f 5353 2157 5445
f 5351 5452 2039
f 5445 5443 5353
f 5352 5353 5435
f 5435 5353 5443
f 5350 5352 5442
f 5442 5352 5435
f 5481 5361 5485
f 5485 5361 5411
f 5485 5411 5409
f 5444 5445 5481
f 5481 5445 2157
f 5481 2157 5361
f 5361 2157 5363
f 5363 2157 2158
f 5363 2158 5345
f 5345 2158 5344
f 5344 2158 5597
f 5344 5597 5599
f 5396 5370 5599
f 5599 5370 5344
f 5391 5576 5345
f 5345 5576 5578
f 5345 5578 5363
f 5363 5578 5401
f 5401 5578 5400
f 5391 5392 5576
f 5621 5489 5408
f 5408 5489 5485
f 5408 5485 5409
f 5621 5622 5489
f 5489 5622 5478
f 5438 5476 5440
f 5440 5476 5478
f 5440 5478 5622
f 5481 5476 5444
f 5444 5476 5438
f 5410 5411 5360
f 5360 5411 5361
f 5362 5363 5402
f 5402 5363 5401
f 5578 5589 5400
f 5400 5589 5398
f 5398 5589 4983
f 4983 5589 5585
f 4983 5585 5644
f 5390 4982 5581
f 5581 4982 5585
f 5585 4982 5644
f 5392 5390 5576
f 5576 5390 5581
f 4981 5391 4996
f 4996 5391 5345
f 5599 5612 5396
f 5396 5612 5397
f 5397 5612 4977
f 4977 5612 5608
f 4977 5608 5645
f 5393 4975 5605
f 5605 4975 5608
f 5608 4975 5645
f 5395 5393 5602
f 5602 5393 5605
f 5597 2158 5602
f 5602 2158 5368
f 5602 5368 5394
f 2158 2159 5368
f 5368 2159 4782
f 5394 5395 5602
f 4971 5394 4972
f 4972 5394 5368
f 4806 4801 3018
f 3018 4801 4800
f 3018 4800 3014
f 6171 6172 3004
f 3004 6172 3005
f 3005 6172 6173
f 3005 6173 3006
f 3006 6173 6174
f 3006 6174 3007
f 3007 6174 4949
f 3007 4949 2958
f 6174 6175 4949
f 4949 6175 6176
f 4949 6176 4964
f 4964 6176 6177
f 4964 6177 6178
f 6178 6177 6179
f 6178 6179 6180
f 6180 6179 6181
f 6180 6181 6182
f 6182 6181 6183
f 6182 6183 6184
f 6184 6183 6185
f 6184 6185 6186
f 6186 6185 6187
f 6186 6187 6188
f 6188 6187 6189
f 6188 6189 6190
f 6175 6174 6191
f 6191 6174 6173
f 6191 6173 6192
f 6192 6173 6172
f 6192 6172 6193
f 6193 6172 6194
f 6193 6194 6195
f 6195 6194 6196
f 6195 6196 6183
f 6183 6196 6185
f 6194 6172 6197
f 6197 6172 6171
f 6197 6171 6198
f 6198 6171 6189
f 6198 6189 6187
f 6199 6200 6190
f 6190 6200 6201
f 6190 6201 6188
f 6188 6201 6202
f 6188 6202 6186
f 6186 6202 6203
f 6186 6203 6184
f 6184 6203 6204
f 6184 6204 6182
f 6182 6204 6205
f 6182 6205 6180
f 6180 6205 6206
f 6180 6206 6178
f 6178 6206 4963
f 6178 4963 4964
f 6200 6199 6207
f 6207 6199 6208
f 6207 6208 6209
f 6209 6208 6210
f 6209 6210 6211
f 6211 6210 6212
f 6211 6212 6213
f 6213 6212 4959
f 6213 4959 4961
f 6208 6214 6210
f 6210 6214 6215
f 6210 6215 6216
f 6216 6215 6217
f 6216 6217 4958
f 4958 6217 4965
f 4965 6217 6218
f 4965 6218 4452
f 6215 6218 6217
f 6216 4958 6212
f 6212 4958 4959
f 6213 4961 6219
f 6219 4961 4963
f 6219 4963 6206
f 6196 6194 6197
f 6192 6193 6220
f 6220 6193 6195
f 6220 6195 6181
f 6181 6195 6183
f 6176 6175 6191
f 6191 6192 6221
f 6221 6192 6220
f 6221 6220 6179
f 6179 6220 6181
f 6221 6179 6177
f 6198 6187 6185
f 6198 6185 6196
f 6206 6205 6219
f 6219 6205 6222
f 6219 6222 6213
f 6213 6222 6211
f 6205 6204 6222
f 6222 6204 6223
f 6222 6223 6211
f 6211 6223 6209
f 6204 6203 6223
f 6223 6203 6224
f 6223 6224 6209
f 6209 6224 6207
f 6203 6202 6224
f 6224 6202 6200
f 6224 6200 6207
f 6202 6201 6200
f 6216 6212 6210
f 6198 6196 6197
f 6177 6176 6221
f 6221 6176 6191
f 4452 6218 4455
f 4455 6218 6225
f 6225 6218 6215
f 6225 6215 6226
f 6226 6215 6214
f 6226 6214 6208
f 6226 6208 6227
f 6227 6208 6199
f 6227 6199 6190
f 6227 6190 6228
f 6228 6190 6189
f 6228 6189 6229
f 6229 6189 6171
f 6230 4483 6231
f 6231 4483 4481
f 6231 4481 6232
f 6232 4481 4466
f 6232 4466 6233
f 6233 4466 4464
f 6233 4464 6234
f 6234 4464 4462
f 6234 4462 6235
f 6235 4462 4460
f 6235 4460 6236
f 6236 4460 4458
f 6236 4458 6237
f 6237 4458 4455
f 6237 4455 6225
f 6225 6226 6237
f 6237 6226 6238
f 6237 6238 6236
f 6236 6238 6239
f 6236 6239 6235
f 6235 6239 6240
f 6235 6240 6234
f 6234 6240 6241
f 6234 6241 6233
f 6233 6241 6242
f 6233 6242 6232
f 6232 6242 6243
f 6232 6243 6231
f 6231 6243 6244
f 6231 6244 6230
f 6230 6244 6245
f 6245 6244 6246
f 6245 6246 6247
f 6247 6246 6248
f 6247 6248 6249
f 6249 6248 6250
f 6250 6248 6251
f 6251 6248 6252
f 6251 6252 6253
f 6253 6252 6254
f 6253 6254 6255
f 6255 6254 6243
f 6255 6243 6242
f 6226 6227 6238
f 6238 6227 6256
f 6238 6256 6239
f 6239 6256 6257
f 6239 6257 6240
f 6240 6257 6258
f 6240 6258 6241
f 6241 6258 6259
f 6241 6259 6242
f 6242 6259 6255
f 6227 6228 6256
f 6256 6228 6260
f 6256 6260 6257
f 6257 6260 6261
f 6257 6261 6258
f 6258 6261 6262
f 6258 6262 6259
f 6259 6262 6263
f 6259 6263 6255
f 6255 6263 6253
f 6228 6229 6260
f 6260 6229 6264
f 6260 6264 6261
f 6261 6264 6265
f 6261 6265 6262
f 6262 6265 6263
f 6265 6266 6263
f 6263 6266 6253
f 6266 6251 6253
f 6252 6248 6246
f 6243 6254 6244
f 6244 6254 6246
f 6254 6252 6246
f 5887 5889 6250
f 6250 5889 6249
f 6249 5889 5926
f 6249 5926 6247
f 6247 5926 5925
f 6247 5925 6245
f 6245 5925 5930
f 6245 5930 6230
f 6230 5930 5929
f 6230 5929 4483
f 4483 5929 4484
f 6250 3002 5887
f 5887 3002 2997
f 3002 6250 3003
f 3003 6250 6251
f 3003 6251 3001
f 3001 6251 6266
f 3001 6266 3000
f 3000 6266 6265
f 3000 6265 2999
f 2999 6265 6264
f 2999 6264 2998
f 2998 6264 6229
f 6229 6171 2998
f 2998 6171 3004
f 5423 5549 5425
f 5425 5549 5447
f 5425 5447 5448
f 5450 5549 5430
f 5430 5549 5423
f 5432 5431 5560
f 5560 5431 5564
f 5564 5431 5643
f 5441 5432 5453
f 5453 5432 5560
f 5386 5568 5389
f 5389 5568 5564
f 5389 5564 5643
f 5454 5568 5385
f 5385 5568 5386
f 5319 5380 5322
f 5322 5380 5354
f 5323 5355 5324
f 5324 5355 5378
f 5403 5405 5364
f 5364 5405 5365
f 5427 5417 5460
f 5460 5417 5464
f 5624 5468 5416
f 5416 5468 5464
f 5416 5464 5417
f 5624 5619 5468
f 5468 5619 5457
f 5327 5404 5320
f 5320 5404 5640
f 5321 5638 5274
f 5274 5638 5275
f 5638 5636 5275
f 5275 5636 5268
f 5331 5269 5636
f 5636 5269 5268
f 5630 5628 6267
f 6267 5628 6268
f 5632 5630 6269
f 6269 5630 6267
f 5627 5632 6270
f 6270 5632 6269
f 5628 5627 6268
f 6268 5627 6270
f 6268 6270 6267
f 6267 6270 6269
f 6271 6272 6273
f 6273 6272 6274
f 5637 5639 6271
f 6271 5639 6272
f 5635 5637 6273
f 6273 5637 6271
f 5634 5635 6274
f 6274 5635 6273
f 5639 5634 6272
f 6272 5634 6274
f 5247 5231 5044
f 5044 5231 5045
f 5240 4989 5174
f 5174 4989 5178
f 5178 4989 5311
f 5062 5240 5058
f 5058 5240 5174
f 5241 5182 4988
f 4988 5182 5178
f 4988 5178 5311
f 5059 5182 5061
f 5061 5182 5241
f 5295 4998 5155
f 5155 4998 5159
f 5159 4998 5313
f 5066 5295 5053
f 5053 5295 5155
f 5276 5163 5004
f 5004 5163 5159
f 5004 5159 5313
f 5052 5163 5055
f 5055 5163 5276
f 4990 5057 4993
f 4993 5057 5021
f 4986 5020 4987
f 4987 5020 5060
f 4994 5022 4995
f 4995 5022 5056

