# https://github.com/mikedh/trimesh
v 16.75527954 -20.01762772 181.24041748
v 16.75527954 -14.51762867 181.23785400
v 16.75527954 -20.01754951 181.40936279
v 16.75527954 -14.91474915 187.40698242
v 16.75527954 -14.34136772 181.53939819
v 16.75527954 -14.12444305 181.86372375
v 16.75527954 -14.54261875 127.70680237
v 16.75527954 -14.43960762 134.15675354
v 16.75527954 -14.41766644 181.15675354
v 16.75527954 14.64340401 127.69317627
v 16.75527954 -8.19252586 127.90383911
v 16.75527954 -8.57517433 127.98014069
v 16.75527954 -8.89949608 128.19706726
v 16.75527954 14.65811729 159.20932007
v 16.75527954 14.56038952 134.14321899
v 16.75527954 14.48408985 133.76057434
v 16.75527954 14.26716614 133.43624878
v 16.75527954 14.66277885 159.21429443
v 16.75527954 14.65812397 159.22422791
v 16.75527954 14.58233070 181.14321899
v 16.75527954 14.66743946 159.21925354
v 16.75527954 14.67209816 159.22422791
v 16.75527954 14.66839409 181.22422791
v 16.75527954 14.50638866 181.52592468
v 16.75527954 15.08524799 187.39297485
v 16.75527954 14.28976727 181.85044861
v 16.75527954 13.96544552 182.06738281
v 16.75527954 13.58279705 182.14367676
v 16.75527954 11.58279705 182.14460754
v 16.75527954 9.33524895 187.39566040
v 16.75527954 9.33384800 184.39566040
v 16.75527954 20.18236732 181.22164917
v 16.75527954 20.18244553 181.39059448
v 16.75527954 9.41024303 183.81327820
v 16.75527954 9.63476562 183.27052307
v 16.75527954 9.99211502 182.80436707
v 16.75527954 10.45793819 182.44657898
v 16.75527954 11.00049019 182.22155762
v 16.75527954 13.94264126 133.21961975
v 16.75527954 13.55992222 133.14367676
v 16.75527954 11.55992222 133.14462280
v 16.75527954 9.30793858 128.89567566
v 16.75527954 10.97754383 133.06822205
v 16.75527954 9.30887222 130.89567566
v 16.75527954 10.43478203 132.84370422
v 16.75527954 9.96862507 132.48634338
v 16.75527954 9.61084080 132.02052307
v 16.75527954 9.38581085 131.47798157
v 16.75527954 9.23163986 128.51301575
v 16.75527954 9.01471519 128.18870544
v 16.75527954 8.69019127 127.97207642
v 16.75527954 8.30747223 127.89613342
v 16.75527954 -9.11611748 128.52159119
v 16.75527954 -9.19205952 128.90431213
v 16.75527954 -11.44007492 133.15534973
v 16.75527954 -10.85776806 133.07841492
v 16.75527954 -9.19112587 130.90431213
v 16.75527954 -10.31521606 132.85339355
v 16.75527954 -9.84939289 132.49560547
v 16.75527954 -9.49204350 132.02944946
v 16.75527954 -9.26752090 131.48667908
v 16.75527954 -13.44007492 133.15629578
v 16.75527954 -13.82272243 133.23258972
v 16.75527954 -14.14704514 133.44950867
v 16.75527954 -14.36366558 133.77403259
v 16.75527954 -13.79991913 182.08033752
v 16.75527954 -13.41720009 182.15628052
v 16.75527954 -11.41720009 182.15534973
v 16.75527954 -10.83482170 182.23175049
v 16.75527954 -9.16615009 184.40429688
v 16.75527954 -9.16474915 187.40429688
v 16.75527954 -10.29205894 182.45626831
v 16.75527954 -9.82590199 182.81361389
v 16.75527954 -9.46811771 183.27943420
v 16.75527954 -9.24308872 183.82199097
v 16.75527954 17.77974319 175.60234070
v 16.75527954 18.23299980 175.54255676
v 16.75527954 18.16237068 175.79147339
v 16.75527954 18.46682549 176.09062195
v 16.75527954 18.68021774 175.63748169
v 16.75527954 18.66267586 176.46984863
v 16.75527954 19.07010651 175.87623596
v 16.75527954 19.35795403 176.23143005
v 16.75527954 18.73034668 176.89128113
v 16.75527954 19.51074600 176.66232300
v 16.75527954 19.51095772 177.11950684
v 16.75527954 19.35857010 177.55053711
v 16.75527954 18.66307068 177.31275940
v 16.75527954 19.07105446 177.90599060
v 16.75527954 18.68138885 178.14511108
v 16.75527954 18.46757317 177.69218445
v 16.75527954 18.23426056 178.24044800
v 16.75527954 18.16339684 177.99160767
v 16.75527954 17.78094864 178.18109131
v -17.24472046 20.18236732 181.22164917
v -17.24472046 14.66839409 181.22422791
v -17.24472046 20.18244553 181.39059448
v -17.24472046 14.58384800 184.39321899
v -17.24472046 15.08524799 187.39297485
v -17.24472046 14.50894260 185.06080627
v -17.24472046 14.28736210 185.69500732
v -17.24472046 14.65812397 159.22422791
v -17.24472046 14.65811729 159.20932007
v -17.24472046 14.55887222 130.89321899
v -17.24472046 14.64340401 127.69317627
v -17.24472046 14.48334408 130.22569275
v -17.24472046 14.26117039 129.59170532
v -17.24472046 13.90349293 129.02305603
v -17.24472046 13.42824650 128.54824829
v -17.24472046 12.85926151 128.19110107
v -17.24472046 12.22507000 127.96952057
v -17.24472046 11.55747128 127.89461517
v -17.24472046 -11.44252586 127.90535736
v -17.24472046 -14.54261875 127.70680237
v -17.24472046 -12.11005306 127.98088074
v -17.24472046 -12.74403858 128.20306396
v -17.24472046 -13.31268978 128.56072998
v -17.24472046 -13.78749275 129.03598022
v -17.24472046 -14.14463902 129.60496521
v -17.24472046 -14.36622047 130.23915100
v -17.24472046 -14.44112492 130.90675354
v -17.24472046 -14.51762867 181.23785400
v -17.24472046 -14.41614914 184.40675354
v -17.24472046 -20.01754951 181.40936279
v -17.24472046 -14.91474915 187.40698242
v -17.24472046 14.67209816 159.22422791
v -17.24472046 14.66743946 159.21925354
v -17.24472046 14.66277885 159.21429443
v -17.24472046 -20.01762772 181.24041748
v -17.24472046 -11.41474915 187.40534973
v -17.24472046 -12.08234692 187.33044434
v -17.24472046 -12.71653843 187.10885620
v -17.24472046 -13.28552341 186.75172424
v -17.24472046 -13.76077080 186.27691650
v -17.24472046 -14.11844826 185.70826721
v -17.24472046 -14.34062099 185.07427979
v -17.24472046 13.93021488 186.26399231
v -17.24472046 13.45541191 186.73922729
v -17.24472046 12.88676071 187.09690857
v -17.24472046 12.25277615 187.31907654
v -17.24472046 11.58524799 187.39460754
v -17.24472046 17.78094864 178.18109131
v -17.24472046 18.23426056 178.24044800
v -17.24472046 18.16339684 177.99160767
v -17.24472046 18.46757317 177.69218445
v -17.24472046 18.68138885 178.14511108
v -17.24472046 18.66307068 177.31275940
v -17.24472046 19.07105446 177.90599060
v -17.24472046 19.35857010 177.55053711
v -17.24472046 18.73034668 176.89128113
v -17.24472046 19.51095772 177.11950684
v -17.24472046 19.51074600 176.66232300
v -17.24472046 19.35795403 176.23143005
v -17.24472046 18.66267586 176.46984863
v -17.24472046 19.07010651 175.87623596
v -17.24472046 18.68021774 175.63748169
v -17.24472046 18.46682549 176.09062195
v -17.24472046 18.23299980 175.54255676
v -17.24472046 18.16237068 175.79147339
v -17.24472046 17.77974319 175.60234070
v -23.24472046 -13.34775925 184.92388916
v -23.24472046 -13.14773369 185.40615845
v -23.24472046 -13.41614914 184.40628052
v -23.24472046 -12.82970238 185.82022095
v -23.24472046 -12.41534138 186.13786316
v -23.24472046 -11.93288612 186.33744812
v -23.24472046 -11.41521549 186.40534973
v -23.24472046 -8.58664036 175.33219910
v -23.24472046 -8.17474651 176.48944092
v -23.24472046 -7.60911036 177.57983398
v -23.24472046 -6.90026903 178.58303833
v -23.24472046 -6.06142664 179.48037720
v -23.24472046 -5.10820913 180.25512695
v -23.24472046 -4.05837393 180.89288330
v -23.24472046 -2.93147683 181.38172913
v -23.24472046 -1.74850976 181.71258545
v -23.24472046 -0.53150940 181.87928772
v -23.24472046 11.58478165 186.39460754
v -23.24472046 0.69685388 181.87870789
v -23.24472046 1.91369808 181.71087646
v -23.24472046 3.09635568 181.37892151
v -23.24472046 4.22279596 180.88902283
v -23.24472046 5.27203560 180.25028992
v -23.24472046 6.22452879 179.47463989
v -23.24472046 7.06253290 178.57650757
v -23.24472046 7.77043724 177.57264709
v -23.24472046 8.33505535 176.48173523
v -23.24472046 8.74586868 175.32411194
v -23.24472046 13.58384800 184.39367676
v -23.24472046 8.99522495 174.12132263
v -23.24472046 9.07847977 172.89578247
v -23.24472046 8.99408054 171.67031860
v -23.24472046 13.55887222 130.89369202
v -23.24472046 8.74360180 170.46777344
v -23.24472046 8.33170700 169.31051636
v -23.24472046 7.76607132 168.22013855
v -23.24472046 7.05723000 167.21693420
v -23.24472046 6.21838760 166.31959534
v -23.24472046 5.26517057 165.54483032
v -23.24472046 11.55793858 128.89462280
v -23.24472046 4.21533489 164.90708923
v -23.24472046 3.08843780 164.41822815
v -23.24472046 1.90547085 164.08737183
v -23.24472046 0.68847048 163.92068481
v -23.24472046 -11.44205856 128.90534973
v -23.24472046 -0.53989285 163.92124939
v -23.24472046 -1.75673699 164.08908081
v -23.24472046 -2.93939447 164.42103577
v -23.24472046 -4.06583500 164.91094971
v -23.24472046 -5.11507416 165.54968262
v -23.24472046 -13.44112492 130.90629578
v -23.24472046 -6.06756783 166.32533264
v -23.24472046 -6.90557194 167.22344971
v -23.24472046 -7.61347628 168.22731018
v -23.24472046 -8.17809391 169.31822205
v -23.24472046 -8.58890724 170.47586060
v -23.24472046 -8.83826447 171.67864990
v -23.24472046 -8.92151833 172.90419006
v -23.24472046 -8.83712006 174.12963867
v -23.24472046 12.10238743 186.32621765
v -23.24472046 12.58465672 186.12619019
v -23.24472046 12.99872112 185.80816650
v -23.24472046 13.31636524 185.39379883
v -23.24472046 13.51594067 184.91134644
v -23.24472046 13.49048233 130.37608337
v -23.24472046 13.29045582 129.89381409
v -23.24472046 12.97242546 129.47975159
v -23.24472046 12.55806351 129.16209412
v -23.24472046 12.07560825 128.96252441
v -23.24472046 -11.95966530 128.97373962
v -23.24472046 -12.44193363 129.17376709
v -23.24472046 -12.85599899 129.49180603
v -23.24472046 -13.17364311 129.90615845
v -23.24472046 -13.37321854 130.38862610
v -22.24472046 -11.41474915 187.40534973
v -22.24472046 -12.08234692 187.33044434
v -22.24472046 -12.71653843 187.10885620
v -22.24472046 -13.28552341 186.75172424
v -22.24472046 -13.76077080 186.27691650
v -22.24472046 -14.11844826 185.70826721
v -22.24472046 -14.34062099 185.07427979
v -22.24472046 -14.41614914 184.40675354
v -22.24472046 11.58524799 187.39460754
v -22.24472046 14.58384800 184.39321899
v -22.24472046 14.50894260 185.06080627
v -22.24472046 14.28736210 185.69500732
v -22.24472046 13.93021488 186.26399231
v -22.24472046 13.45541191 186.73922729
v -22.24472046 12.88676071 187.09690857
v -22.24472046 12.25277615 187.31907654
v -22.24472046 14.55887222 130.89321899
v -22.24472046 11.55747128 127.89461517
v -22.24472046 12.22507000 127.96952057
v -22.24472046 12.85926151 128.19110107
v -22.24472046 13.42824650 128.54824829
v -22.24472046 13.90349293 129.02305603
v -22.24472046 14.26117039 129.59170532
v -22.24472046 14.48334408 130.22569275
v -22.24472046 -11.44252586 127.90535736
v -22.24472046 -14.44112492 130.90675354
v -22.24472046 -14.36622047 130.23915100
v -22.24472046 -14.14463902 129.60496521
v -22.24472046 -13.78749275 129.03598022
v -22.24472046 -13.31268978 128.56072998
v -22.24472046 -12.74403858 128.20306396
v -22.24472046 -12.11005306 127.98088074
v 21.75527954 -14.43960762 134.15675354
v 21.75527954 -14.41766644 181.15675354
v -15.24471951 -14.43879032 135.90675354
v -13.74471951 -14.43879032 135.90675354
v -12.74471951 -14.43804359 137.50675964
v -13.74471951 -14.44159222 129.90675354
v -2.64471960 -14.43804359 137.50675964
v -1.24471962 -14.43855762 136.40675354
v -1.24471962 -14.43795013 137.70675659
v 12.25528049 -14.44159222 129.90675354
v 12.25528049 -14.44023800 132.80650330
v 12.25528049 -14.44014454 133.00701904
v 12.25528049 -14.43855762 136.40675354
v -2.64471960 -14.43795013 137.70675659
v -12.74471951 -14.43206882 150.30674744
v -15.24471951 -14.43132114 151.90675354
v -13.74471951 -14.43132114 151.90675354
v -13.74471951 -14.42852020 157.90675354
v -2.64471960 -14.43206882 150.30674744
v -13.74471951 -14.42105103 173.90675354
v -1.24471962 -14.43155479 151.40675354
v 3.35528040 -14.43098927 152.61918640
v 3.35528040 -14.43155479 151.40675354
v -2.64471960 -14.43216133 150.10675049
v -1.24471962 -14.43216133 150.10675049
v 12.25528049 -14.43098927 152.61918640
v 12.25528049 -14.42996788 154.80648804
v 12.25528049 -14.42987442 155.00700378
v 12.25528049 -14.42806530 158.88175964
v 14.75528049 -14.42806530 158.88175964
v 14.75528049 -14.42150593 172.93174744
v 12.25528049 -14.42150593 172.93174744
v 12.25528049 -14.41969776 176.80648804
v 12.25528049 -14.41960335 177.00700378
v -13.74471951 -14.41825008 179.90675354
v 12.25528049 -14.41779518 180.88174438
v -15.24471951 -14.41568279 185.40675354
v 14.75528049 -14.41568279 185.40675354
v 14.75528049 -14.41779518 180.88174438
v -15.24471951 -14.41825008 179.90675354
v -15.24471951 -14.42105103 173.90675354
v -15.24471951 -14.42852020 157.90675354
v 21.75527954 -13.44007492 133.15629578
v 21.75527954 -13.82272243 133.23258972
v 21.75527954 -14.14704514 133.44950867
v 21.75527954 -14.36366558 133.77403259
v 21.75527954 -11.44007492 133.15534973
v 21.75527954 -9.19112587 130.90431213
v 21.75527954 -9.26752090 131.48667908
v 21.75527954 -9.49204350 132.02944946
v 21.75527954 -9.84939289 132.49560547
v 21.75527954 -10.31521606 132.85339355
v 21.75527954 -10.85776806 133.07841492
v 21.75527954 -9.19205952 128.90431213
v 22.13796425 -9.11500549 130.90426636
v 22.13796425 -9.11593914 128.90426636
v 22.46238708 -8.89823246 130.90417480
v 22.46238708 -8.89916611 128.90417480
v 22.67915916 -8.57380962 130.90402222
v 22.67915916 -8.57474232 128.90402222
v 22.75527954 -8.19112682 130.90383911
v 22.75527954 -8.19205952 128.90383911
v 22.13796425 -11.44003963 133.23147583
v 22.13796425 -10.98625660 133.18656921
v 22.13796425 -10.54995441 133.05400085
v 22.13796425 -10.14789963 132.83885193
v 22.13796425 -9.79554176 132.54940796
v 22.13796425 -9.50642395 132.19677734
v 22.46238708 -9.32612801 132.31712341
v 22.46238708 -9.09134483 131.87738037
v 22.67915916 -8.79155922 132.00138855
v 22.67915916 -8.62864304 131.46342468
v 22.75527954 -8.27227402 131.62707520
v 22.46238708 -8.94686222 131.40028381
v 22.13796425 -9.15948868 131.35809326
v 22.13796425 -9.29165459 131.79452515
v 22.75527954 -8.51231956 132.31410217
v 22.67915916 -9.05629539 132.49723816
v 22.46238708 -9.64218903 132.70260620
v 22.75527954 -8.89922905 132.93051147
v 22.67915916 -9.41268063 132.93190002
v 22.46238708 -10.02738285 133.01902771
v 22.75527954 -9.41359806 133.44535828
v 22.67915916 -9.84701729 133.28869629
v 22.46238708 -10.46690559 133.25422668
v 22.75527954 -10.02963734 133.83283997
v 22.67915916 -10.34261417 133.55389404
v 22.46238708 -10.94386768 133.39915466
v 22.75527954 -10.71645355 134.07353210
v 22.67915916 -10.88042736 133.71731567
v 22.46238708 -11.43993855 133.44824219
v 22.75527954 -11.43960762 134.15534973
v 22.67915916 -11.43978691 133.77267456
v 22.13796425 -13.44003868 133.23240662
v 22.46238708 -13.43993759 133.44918823
v 22.67915916 -13.43978691 133.77360535
v 22.75527954 -13.43960762 134.15629578
v 22.13796425 -14.36348724 134.15672302
v 22.10883331 -14.31391430 133.82374573
v 22.13796425 -14.09319401 133.50331116
v 22.10883331 -13.77297115 133.28228760
v 22.40856171 -13.63129139 133.42384338
v 22.67915916 -13.71033192 133.88581848
v 22.67915916 -13.82229137 134.15646362
v 22.40856171 -14.17223454 133.96528625
v 22.46238708 -14.14671421 134.15661621
v 22.46238708 -13.93984127 133.65652466
v 22.13796425 -14.35251713 157.65672302
v 22.13796425 -14.34885979 165.49005127
v 22.13796425 -14.34520245 173.32337952
v 22.46238708 -14.12843037 173.32328796
v 22.46238708 -14.12477303 181.15661621
v 22.67915916 -13.80035019 181.15646362
v 22.67915916 -13.80400658 173.32313538
v 22.75527954 -13.41766644 181.15628052
v 22.67915916 -13.80766392 165.48979187
v 22.67915916 -13.81132030 157.65646362
v 22.46238708 -14.13574409 157.65661621
v 22.46238708 -14.13940048 149.82328796
v 22.13796425 -14.35617352 149.82337952
v 22.13796425 -14.35983086 141.99005127
v 22.46238708 -14.14305782 141.98994446
v 22.67915916 -13.81863403 141.98980713
v 22.67915916 -13.81497765 149.82313538
v 22.13796425 -14.34154606 181.15670776
v 22.46238708 -14.13208675 165.48994446
v 22.13796425 -13.41723537 182.08016968
v 21.75527954 -13.41720009 182.15628052
v 22.10883331 -13.75021362 182.03059387
v 21.75527954 -13.79991913 182.08033752
v 21.75527954 -14.12444305 181.86372375
v 22.13796425 -14.07064342 181.80987549
v 21.75527954 -14.34136772 181.53939819
v 22.10883331 -14.29166222 181.48965454
v 22.40856171 -14.15011501 181.34796143
v 22.67915916 -13.68813801 181.42700195
v 22.67915916 -13.41748810 181.53897095
v 22.40856171 -13.60866642 181.88891602
v 22.46238708 -13.41733646 181.86338806
v 22.46238708 -13.91743279 181.65650940
v 21.75527954 -11.41720009 182.15534973
v 22.13796425 -11.41723537 182.07922363
v 22.46238708 -11.41733646 181.86245728
v 22.67915916 -11.41748810 181.53804016
v 22.75527954 -11.41766644 181.15534973
v 21.75527954 -9.64328671 183.01991272
v 21.75527954 -10.00053501 182.65647888
v 22.13796425 -9.58330822 182.97303772
v 22.13796425 -9.87209988 182.66558838
v 22.46238708 -9.41250420 182.83955383
v 22.46238708 -9.72820950 182.50346375
v 22.67915916 -9.15687752 182.63978577
v 22.67915916 -9.51286125 182.26081848
v 22.75527954 -8.85534573 182.40415955
v 22.75527954 -9.37137222 181.87921143
v 22.67915916 -9.93142986 181.95236206
v 22.75527954 -9.99229431 181.48385620
v 22.67915916 -10.39881992 181.72457886
v 22.75527954 -10.68625927 181.23837280
v 22.67915916 -10.89966297 181.58493042
v 22.46238708 -10.95810032 181.90405273
v 22.13796425 -10.99714756 182.11727905
v 21.75527954 -10.91084099 182.21282959
v 22.13796425 -10.59083748 182.23056030
v 21.75527954 -10.43040371 182.38278198
v 22.13796425 -10.21166611 182.41535950
v 22.46238708 -10.09941959 182.22991943
v 22.46238708 -10.51392651 182.02789307
v 21.74224281 -9.45681381 183.29922485
v 21.70059395 -9.31872845 183.59089661
v 21.59224319 -9.20267868 184.00155640
v 21.42663765 -9.16615009 184.40431213
v 21.78920174 -9.08997154 184.52671814
v 21.88541031 -9.09874916 184.25813293
v 21.96630669 -9.12717247 184.01904297
v 22.02974892 -9.18097973 183.78080750
v 22.05494308 -9.21744347 183.66325378
v 22.39059448 -8.99296093 183.63073730
v 22.41256523 -9.04081440 183.49615479
v 22.63440514 -8.71831417 183.38793945
v 22.65252876 -8.78156567 183.23559570
v 22.70597458 -8.61142254 183.15943909
v 22.71988869 -8.68747807 183.00181580
v 22.74244499 -8.60409260 182.83541870
v 22.72835541 -8.75733185 182.87422180
v 22.73415756 -8.83271694 182.75056458
v 22.67476463 -8.91869450 182.96748352
v 22.68053246 -8.98954582 182.85124207
v 22.45180130 -9.21545792 183.13223267
v 22.45742798 -9.27711678 183.03138733
v 22.11341095 -9.41436195 183.23243713
v 22.11882210 -9.46856117 183.14456177
v 22.12194061 -9.52652645 183.05926514
v 22.46066093 -9.34305859 182.93389893
v 22.07588196 -9.26019859 183.54737854
v 22.09268570 -9.30913448 183.43371582
v 22.10555077 -9.36407280 183.32270813
v 22.44360733 -9.15830421 183.23617554
v 22.73748589 -8.91333866 182.63116455
v 22.68384171 -9.06531906 182.73901367
v 22.69182396 -8.38644028 183.36105347
v 22.68772507 -8.54411411 183.32148743
v 22.61175156 -8.66364861 183.54374695
v 22.36411476 -8.95265293 183.76757812
v 22.57905579 -8.22807217 183.99263000
v 22.63737869 -8.43713951 183.65576172
v 22.66490936 -8.48593521 183.48719788
v 22.49003792 -8.18245411 184.34693909
v 22.47913742 -8.33800602 184.34129333
v 22.56787109 -8.36834145 183.99797058
v 22.51544571 -8.55321980 184.02398682
v 22.58442688 -8.61781025 183.70222473
v 22.29733467 -8.89512920 184.04521179
v 22.37405396 -8.16600037 184.72383118
v 22.30193901 -8.54869556 184.69964600
v 22.42739677 -8.52481651 184.34678650
v 22.21212578 -8.86841011 184.32379150
v 22.09656525 -8.87315083 184.63043213
v 22.43016624 -9.09602261 183.36442566
v 22.66635132 -8.85304260 183.08741760
v 20.75527954 -8.16474915 187.40383911
v 20.71210098 -8.41019726 187.40394592
v 21.42304420 -8.16512871 186.59222412
v 21.31667709 -8.54780388 186.61022949
v 21.88127708 -8.54823208 185.69204712
v 21.68861198 -8.87270164 185.59284973
v 21.40027046 -9.08954430 185.44425964
v 21.06014824 -9.16574669 185.26890564
v 20.87826347 -9.08914757 186.29316711
v 20.56826019 -9.16537285 186.06881714
v 20.23596954 -9.08879280 187.05325317
v 19.96207619 -9.16503811 186.78602600
v 19.75491142 -9.11369610 187.40428162
v 19.25527954 -9.16474915 187.40429688
v 20.59706688 -8.62599564 187.40405273
v 21.14107323 -8.87228584 186.48327637
v 20.46841431 -8.87191391 187.27946472
v 20.42583656 -8.80862808 187.40412903
v 20.21987343 -8.94610214 187.40419006
v 21.96644211 -8.16554832 185.69258118
v -15.24471951 12.58524799 187.39414978
v -15.24471951 -12.41474915 187.40582275
v 20.75527954 8.33524895 187.39613342
v -15.24471951 -14.91474915 187.40698242
v 14.75528049 -12.41474915 187.40582275
v 14.75528049 -14.91474915 187.40698242
v 19.25527954 9.33524895 187.39566040
v 20.71210098 8.58069611 187.39601135
v 20.59706688 8.79649544 187.39591980
v 20.42583656 8.97912693 187.39582825
v 20.21987343 9.11660194 187.39576721
v 19.75491142 9.28419495 187.39569092
v 14.75528049 12.58524799 187.39414978
v 14.75528049 15.08524799 187.39297485
v -15.24471951 15.08524799 187.39297485
v 21.75527954 14.58233070 181.14321899
v 21.75527954 14.56038952 134.14321899
v -15.24471951 14.58174706 179.89321899
v -15.24471951 14.58431435 185.39321899
v -13.74471951 14.58174706 179.89321899
v 12.25528049 14.58220196 180.86820984
v 4.75528049 14.57495403 165.34321594
v 12.25528049 14.58039284 176.99346924
v 12.25528049 14.58029938 176.79295349
v 14.75528049 14.58431435 185.39321899
v 14.75528049 14.58220196 180.86820984
v 12.25528049 14.57849026 172.91821289
v 8.55528069 14.57495403 165.34321594
v 12.25528049 14.57193184 158.86820984
v 8.55528069 14.57219982 159.44322205
v 12.25528049 14.57012272 154.99346924
v 12.25528049 14.57002926 154.79295349
v 14.75528049 14.57849026 172.91821289
v 14.75528049 14.57193184 158.86820984
v 12.25528049 14.56900787 152.60565186
v 3.35528040 14.56900787 152.60565186
v 4.75528049 14.57219982 159.44322205
v -1.24471962 14.56844234 151.39321899
v -13.74471951 14.57894611 173.89321899
v 3.35528040 14.56844234 151.39321899
v -2.64471960 14.56792831 150.29321289
v -1.24471962 14.56783485 150.09321594
v -2.64471960 14.56783485 150.09321594
v -13.74471951 14.57147598 157.89321899
v -12.74471951 14.56792831 150.29321289
v -13.74471951 14.56867504 151.89321899
v -15.24471951 14.56867504 151.89321899
v -12.74471951 14.56195259 137.49320984
v -15.24471951 14.56120586 135.89321899
v -13.74471951 14.56120586 135.89321899
v -13.74471951 14.55840492 129.89321899
v -2.64471960 14.56195259 137.49320984
v -1.24471962 14.56143951 136.39321899
v -1.24471962 14.56204605 137.69322205
v -2.64471960 14.56204605 137.69322205
v 12.25528049 14.56143951 136.39321899
v 12.25528049 14.55985260 132.99346924
v 12.25528049 14.55975914 132.79295349
v 12.25528049 14.55840492 129.89321899
v -15.24471951 14.57147598 157.89321899
v -15.24471951 14.57894611 173.89321899
v 21.75527954 13.58279705 182.14367676
v 21.75527954 13.96544552 182.06738281
v 21.75527954 14.28976727 181.85044861
v 21.75527954 14.50638866 181.52592468
v 21.75527954 11.58279705 182.14460754
v 22.13796425 11.58276176 182.06849670
v 22.13796425 13.58276176 182.06756592
v 22.46238708 11.58266068 181.85171509
v 22.46238708 13.58266068 181.85078430
v 22.67915916 11.58250904 181.52729797
v 22.67915916 13.58250904 181.52636719
v 22.75527954 11.58233070 181.14460754
v 22.75527954 13.58233070 181.14367676
v 22.13796425 14.50621033 181.14324951
v 22.10883331 14.45663738 181.47622681
v 22.13796425 14.23591709 181.79666138
v 22.10883331 13.91569424 182.01766968
v 22.40856171 13.77401447 181.87612915
v 22.67915916 13.85305500 181.41415405
v 22.67915916 13.96501350 181.14349365
v 22.40856171 14.31495762 181.33468628
v 22.46238708 14.28943729 181.14335632
v 22.46238708 14.08256340 181.64344788
v 22.13796425 14.49523926 157.64324951
v 22.13796425 14.49158192 149.80992126
v 22.13796425 14.48792553 141.97657776
v 22.46238708 14.27115250 141.97668457
v 22.46238708 14.26749611 134.14335632
v 22.67915916 13.94307232 134.14350891
v 22.67915916 13.94672966 141.97683716
v 22.75527954 13.56038952 134.14367676
v 22.67915916 13.95038605 149.81016541
v 22.67915916 13.95404339 157.64350891
v 22.46238708 14.27846622 157.64335632
v 22.46238708 14.28212357 165.47668457
v 22.13796425 14.49889660 165.47657776
v 22.13796425 14.50255299 173.30992126
v 22.46238708 14.28577995 173.31001282
v 22.67915916 13.96135712 173.31016541
v 22.67915916 13.95769978 165.47683716
v 22.13796425 14.48426819 134.14324951
v 22.46238708 14.27480984 149.81001282
v 22.13796425 13.55995750 133.21980286
v 21.75527954 13.55992222 133.14367676
v 22.10883331 13.89293671 133.26937866
v 21.75527954 13.94264126 133.21961975
v 21.75527954 14.26716614 133.43624878
v 22.13796425 14.21336555 133.49009705
v 21.75527954 14.48408985 133.76057434
v 22.10883331 14.43438530 133.81031799
v 22.40856171 14.29283714 133.95199585
v 22.67915916 13.83086109 133.87295532
v 22.67915916 13.56021023 133.76100159
v 22.40856171 13.75138855 133.41105652
v 22.46238708 13.56005955 133.43658447
v 22.46238708 14.06015587 133.64344788
v 21.75527954 11.55992222 133.14462280
v 21.75527954 10.97754383 133.06822205
v 21.75527954 10.43478203 132.84370422
v 21.75527954 9.96862507 132.48634338
v 21.75527954 9.61084080 132.02052307
v 21.75527954 9.38581085 131.47798157
v 21.75527954 9.30887222 130.89567566
v 16.75527954 17.32769203 178.24087524
v 14.25528049 17.61539078 178.22128296
v 14.25528049 18.05589104 178.06072998
v 14.25528049 18.41491127 177.75918579
v 14.25528049 18.64914703 177.35304260
v 14.25528049 18.73034668 176.89128113
v 14.25528049 18.64871597 176.42958069
v 14.25528049 18.41410065 176.02366638
v 14.25528049 18.05480003 175.72245789
v 14.25528049 17.61415100 175.56230164
v 16.75527954 17.32643127 175.54298401
v 14.25528049 17.14529991 175.56253052
v 16.75527954 16.87930298 175.63832092
v 14.25528049 16.70479965 175.72308350
v 16.75527954 16.48963737 175.87744141
v 14.25528049 16.34578133 176.02462769
v 16.75527954 16.20212173 176.23289490
v 14.25528049 16.11154556 176.43077087
v 16.75527954 16.04973412 176.66394043
v 14.25528049 16.03034592 176.89253235
v 16.75527954 16.04994774 177.12112427
v 14.25528049 16.11197662 177.35421753
v 16.75527954 16.20273781 177.55201721
v 14.25528049 16.34659195 177.76014709
v 16.75527954 16.49058533 177.90719604
v 14.25528049 16.70589256 178.06135559
v 16.75527954 16.88047409 178.14595032
v 14.25528049 17.14654160 178.22151184
v 14.25528049 15.95024872 174.41757202
v 14.25528049 20.17918968 174.41560364
v 14.25528049 14.52246284 176.89323425
v 14.25528049 15.95255947 179.36756897
v 14.25528049 20.18150139 179.36560059
v 14.25528049 15.93997860 152.41757202
v 14.25528049 17.60387993 153.56230164
v 14.25528049 20.16892052 152.41560364
v 14.25528049 18.04452896 153.72245789
v 14.25528049 18.40382957 154.02366638
v 14.25528049 14.51219177 154.89324951
v 14.25528049 16.33551025 154.02462769
v 14.25528049 16.69453049 153.72308350
v 14.25528049 17.13503075 153.56253052
v 14.25528049 15.94228935 157.36756897
v 14.25528049 16.33632088 155.76014709
v 14.25528049 16.10170555 155.35423279
v 14.25528049 16.02007484 154.89253235
v 14.25528049 20.17123032 157.36560059
v 14.25528049 17.60512161 156.22128296
v 14.25528049 17.13627052 156.22151184
v 14.25528049 16.69562149 156.06135559
v 14.25528049 18.72007561 154.89128113
v 14.25528049 18.63887596 155.35304260
v 14.25528049 18.40464020 155.75918579
v 14.25528049 16.10127449 154.43077087
v 14.25528049 18.63844490 154.42959595
v 14.25528049 18.04562187 156.06072998
v 14.25528049 8.58183193 126.52494812
v 14.25528049 9.70616436 125.09548187
v 14.25528049 8.57985783 122.29600525
v 14.25528049 9.78736401 124.63372040
v 14.25528049 10.02159977 124.22756958
v 14.25528049 11.05749893 127.95273590
v 14.25528049 10.38171005 126.26430511
v 14.25528049 10.02240944 125.96309662
v 14.25528049 9.78779507 125.55717468
v 14.25528049 13.53183174 126.52263641
v 14.25528049 11.73171043 126.26367188
v 14.25528049 11.29121017 126.42423248
v 14.25528049 10.82236004 126.42445374
v 14.25528049 13.52985764 122.29369354
v 14.25528049 12.40616417 125.09422302
v 14.25528049 12.32496548 125.55598450
v 14.25528049 12.09072971 125.96213531
v 14.25528049 11.28996944 123.76525116
v 14.25528049 11.73061848 123.92539978
v 14.25528049 12.08991909 124.22660828
v 14.25528049 10.38061905 123.92603302
v 14.25528049 10.82111931 123.76547241
v 14.25528049 12.32453442 124.63253021
v 14.25528049 -15.78955269 179.38238525
v 14.25528049 -17.45345497 178.23765564
v 14.25528049 -20.01849365 179.38436890
v 14.25528049 -17.89410400 178.07751465
v 14.25528049 -18.25340462 177.77630615
v 14.25528049 -14.36176682 176.90672302
v 14.25528049 -16.18508530 177.77534485
v 14.25528049 -16.54410362 178.07687378
v 14.25528049 -16.98460388 178.23744202
v 14.25528049 -15.79186344 174.43238831
v 14.25528049 -16.18589592 176.03981018
v 14.25528049 -15.95128059 176.44573975
v 14.25528049 -15.86965084 176.90742493
v 14.25528049 -20.02080536 174.43437195
v 14.25528049 -17.45469666 175.57867432
v 14.25528049 -16.98584557 175.57846069
v 14.25528049 -16.54519653 175.73860168
v 14.25528049 -18.56965065 176.90869141
v 14.25528049 -18.48845100 176.44692993
v 14.25528049 -18.25421524 176.04077148
v 14.25528049 -17.89519691 175.73924255
v 14.25528049 -15.95084953 177.36918640
v 14.25528049 -18.48801994 177.37037659
v 14.25528049 -15.79982376 157.38240051
v 14.25528049 -17.46372414 156.23765564
v 14.25528049 -20.02876472 157.38436890
v 14.25528049 -17.90437508 156.07751465
v 14.25528049 -18.26367569 155.77630615
v 14.25528049 -14.37203693 154.90672302
v 14.25528049 -16.19535637 155.77534485
v 14.25528049 -16.55437469 156.07687378
v 14.25528049 -16.99487495 156.23744202
v 14.25528049 -15.80213451 152.43238831
v 14.25528049 -16.19616508 154.03981018
v 14.25528049 -15.96155167 154.44573975
v 14.25528049 -15.87992096 154.90742493
v 14.25528049 -20.03107643 152.43437195
v 14.25528049 -17.46496582 153.57867432
v 14.25528049 -16.99611664 153.57846069
v 14.25528049 -16.55546570 153.73861694
v 14.25528049 -18.57991982 154.90869141
v 14.25528049 -18.49872017 154.44692993
v 14.25528049 -18.26448631 154.04078674
v 14.25528049 -17.90546608 153.73924255
v 14.25528049 -15.96112061 155.36920166
v 14.25528049 -18.49828911 155.37037659
v 14.25528049 -13.41816521 126.53521729
v 14.25528049 -12.29383278 125.10575104
v 14.25528049 -13.42014027 122.30628204
v 14.25528049 -12.21263313 124.64398956
v 14.25528049 -11.97839832 124.23783875
v 14.25528049 -10.94249916 127.96300507
v 14.25528049 -11.61828709 126.27457428
v 14.25528049 -11.97758770 125.97336578
v 14.25528049 -12.21220207 125.56744385
v 14.25528049 -8.46816635 126.53290558
v 14.25528049 -10.26828766 126.27394104
v 14.25528049 -10.70878696 126.43450165
v 14.25528049 -11.17763710 126.43472290
v 14.25528049 -8.47014046 122.30397034
v 14.25528049 -9.59383297 125.10449219
v 14.25528049 -9.67503262 125.56626129
v 14.25528049 -9.90926838 125.97240448
v 14.25528049 -10.71002865 123.77552032
v 14.25528049 -10.26937866 123.93567657
v 14.25528049 -9.91007805 124.23687744
v 14.25528049 -11.61937904 123.93630219
v 14.25528049 -11.17887878 123.77574158
v 14.25528049 -9.67546368 124.64280701
v 14.25528049 15.92970848 130.41757202
v 14.25528049 17.59360886 131.56231689
v 14.25528049 20.15864944 130.41560364
v 14.25528049 18.03425980 131.72245789
v 14.25528049 18.39356041 132.02366638
v 14.25528049 14.50192165 132.89324951
v 14.25528049 16.32524109 132.02462769
v 14.25528049 16.68425941 131.72309875
v 14.25528049 17.12475967 131.56253052
v 14.25528049 15.93201923 135.36758423
v 14.25528049 16.32604980 133.76016235
v 14.25528049 16.09143639 133.35423279
v 14.25528049 16.00980568 132.89254761
v 14.25528049 20.16096115 135.36560059
v 14.25528049 17.59485054 134.22129822
v 14.25528049 17.12600136 134.22151184
v 14.25528049 16.68535042 134.06135559
v 14.25528049 18.70980453 132.89128113
v 14.25528049 18.62860489 133.35304260
v 14.25528049 18.39437103 133.75918579
v 14.25528049 16.09100533 132.43077087
v 14.25528049 18.62817383 132.42959595
v 14.25528049 18.03535080 134.06072998
v 14.25528049 -15.81009388 135.38240051
v 14.25528049 -17.47399521 134.23765564
v 14.25528049 -20.03903580 135.38436890
v 14.25528049 -17.91464424 134.07751465
v 14.25528049 -18.27394485 133.77630615
v 14.25528049 -14.38230705 132.90672302
v 14.25528049 -16.20562553 133.77534485
v 14.25528049 -16.56464577 134.07688904
v 14.25528049 -17.00514603 134.23744202
v 14.25528049 -15.81240463 130.43240356
v 14.25528049 -16.20643616 132.03981018
v 14.25528049 -15.97182178 132.44573975
v 14.25528049 -15.89019108 132.90744019
v 14.25528049 -20.04134560 130.43437195
v 14.25528049 -17.47523689 131.57867432
v 14.25528049 -17.00638580 131.57846069
v 14.25528049 -16.56573677 131.73861694
v 14.25528049 -18.59019089 132.90869141
v 14.25528049 -18.50899124 132.44692993
v 14.25528049 -18.27475548 132.04078674
v 14.25528049 -17.91573715 131.73924255
v 14.25528049 -15.97139072 133.36920166
v 14.25528049 -18.50856018 133.37037659
v 12.25528049 20.17918968 174.41560364
v 12.25528049 15.95024872 174.41757202
v 12.25528049 20.17848969 172.91560364
v 12.25528049 15.95255947 179.36756897
v 12.25528049 20.18220139 180.86560059
v 12.25528049 20.18150139 179.36560059
v 12.25528049 15.94228935 157.36756897
v 12.25528049 20.17193031 158.86560059
v 12.25528049 20.17123032 157.36560059
v 12.25528049 8.57985783 122.29600525
v 12.25528049 7.07985783 122.29670715
v 12.25528049 8.58183193 126.52494812
v 12.25528049 7.08247232 127.89670563
v 12.25528049 10.95721436 127.89489746
v 12.25528049 -20.01849365 179.38436890
v 12.25528049 -20.01779366 180.88436890
v 12.25528049 -15.78955269 179.38238525
v 12.25528049 -15.79186344 174.43238831
v 12.25528049 -20.02150536 172.93437195
v 12.25528049 -20.02080536 174.43437195
v 12.25528049 -20.02876472 157.38436890
v 12.25528049 -20.02806473 158.88436890
v 12.25528049 -15.79982376 157.38240051
v 12.25528049 -10.84226799 127.90507507
v 12.25528049 -6.96752644 127.90326691
v 12.25528049 -8.46816635 126.53290558
v 12.25528049 -6.97014046 122.30326843
v 12.25528049 -8.47014046 122.30397034
v 12.25528049 -19.53833580 136.88414001
v 12.25528049 -19.53855705 136.40913391
v 12.25528049 -20.03833580 136.88436890
v 12.25528049 -20.03903580 135.38436890
v 12.25528049 -15.81009388 135.38240051
v 12.25528049 15.93201923 135.36758423
v 12.25528049 19.66143799 136.39083862
v 12.25528049 20.16096115 135.36560059
v 12.25528049 20.16166115 136.86560059
v 12.25528049 19.66166115 136.86582947
v 12.25528049 -15.80213451 152.43238831
v 12.25528049 -15.13155460 151.40707397
v 12.25528049 -19.53155518 151.40913391
v 12.25528049 -19.53177643 150.93412781
v 12.25528049 -20.03177643 150.93437195
v 12.25528049 -20.03107643 152.43437195
v 12.25528049 19.66844177 151.39083862
v 12.25528049 15.26844215 151.39288330
v 12.25528049 15.93997860 152.41757202
v 12.25528049 20.16892052 152.41560364
v 12.25528049 20.16822052 150.91560364
v 12.25528049 19.66822052 150.91583252
v 12.25528049 15.92970848 130.41757202
v 12.25528049 15.03294945 128.91799927
v 12.25528049 14.49001503 129.37561035
v 12.25528049 14.28998947 128.89334106
v 12.25528049 13.97195816 128.47927856
v 12.25528049 13.53183174 126.52263641
v 12.25528049 13.55759621 128.16163635
v 12.25528049 13.07514191 127.96205902
v 12.25528049 12.55747128 127.89414978
v 12.25528049 11.15772915 127.89480591
v 12.25528049 20.15864944 130.41560364
v 12.25528049 20.15794945 128.91560364
v 12.25528049 15.02985668 122.29299927
v 12.25528049 13.52985764 122.29369354
v 12.25528049 -11.04278374 127.90516663
v 12.25528049 -13.41816521 126.53521729
v 12.25528049 -12.44252586 127.90582275
v 12.25528049 -12.96013165 127.97421265
v 12.25528049 -13.44240093 128.17424011
v 12.25528049 -13.85646534 128.49226379
v 12.25528049 -14.91704655 128.93197632
v 12.25528049 -14.17410946 128.90663147
v 12.25528049 -14.37368488 129.38908386
v 12.25528049 -15.81240463 130.43240356
v 12.25528049 -13.42014027 122.30628204
v 12.25528049 -14.92013931 122.30697632
v 12.25528049 -20.04204559 128.93437195
v 12.25528049 -20.04134560 130.43437195
v 12.25528049 14.52246284 176.89323425
v 12.25528049 14.50192165 132.89324951
v 12.25528049 14.51219177 154.89324951
v 12.25528049 11.05749893 127.95273590
v 12.25528049 -10.94249916 127.96300507
v 12.25528049 -14.38230705 132.90672302
v 12.25528049 -14.37203693 154.90672302
v 12.25528049 -14.36176682 176.90672302
v 14.75528049 20.17848969 172.91560364
v 14.75528049 20.18220139 180.86560059
v 14.75528049 20.18244553 181.39059448
v 16.75527954 20.15765762 128.29060364
v 14.75528049 20.16822052 150.91560364
v 14.75528049 20.17193031 158.86560059
v 14.75528049 20.15765762 128.29060364
v 14.75528049 20.15794945 128.91560364
v 14.75528049 20.16166115 136.86560059
v 14.75528049 -20.02150536 172.93437195
v 14.75528049 -20.02806473 158.88436890
v 14.75528049 -6.96752644 127.90326691
v 14.75528049 7.08247232 127.89670563
v 14.75528049 -6.97014046 122.30326843
v 14.75528049 7.07985783 122.29670715
v 14.75528049 -14.92013931 122.30697632
v 14.75528049 -14.94513988 122.30699158
v 14.75528049 -14.91704655 128.93197632
v 14.75528049 -20.04233742 128.30937195
v 14.75528049 -20.04204559 128.93437195
v 14.75528049 15.03294945 128.91799927
v 14.75528049 15.05485725 122.29298401
v 14.75528049 15.02985668 122.29299927
v 14.75528049 -19.53833580 136.88414001
v 14.75528049 -20.03833580 136.88436890
v 14.75528049 -19.53177643 150.93412781
v 14.75528049 -20.03177643 150.93437195
v 14.75528049 19.66822052 150.91583252
v 14.75528049 19.66166115 136.86582947
v 14.75528049 -20.01754951 181.40936279
v 14.75528049 -14.34729290 185.92436218
v 14.75528049 -14.14726639 186.40663147
v 14.75528049 -13.82923603 186.82069397
v 14.75528049 -13.41487408 187.13833618
v 14.75528049 -12.93241882 187.33790588
v 14.75528049 -20.01779366 180.88436890
v 14.75528049 13.10285473 187.32575989
v 14.75528049 13.58512306 187.12573242
v 14.75528049 13.99918842 186.80769348
v 14.75528049 14.31683159 186.39334106
v 14.75528049 14.51640797 185.91088867
v 16.75527954 -20.04233742 128.30937195
v 16.75527954 -14.94513988 122.30699158
v 16.75527954 15.05485725 122.29298401
v 21.75527954 8.30747223 127.89613342
v 21.75527954 -8.19252586 127.90383911
v -15.24471951 -7.94252634 127.90372467
v -15.24471951 8.05747223 127.89625549
v -13.74471951 -7.94252634 127.90372467
v -13.74471951 8.05747223 127.89625549
v -13.74471951 12.55747128 127.89414978
v -13.74471951 -12.44252586 127.90582275
v 21.75527954 9.30793858 128.89567566
v 21.75527954 9.23163986 128.51301575
v 21.75527954 9.01471519 128.18870544
v 21.75527954 8.69019127 127.97207642
v 22.13796425 9.23275185 130.89570618
v 22.13796425 9.23181820 128.89570618
v 22.46238708 9.01597977 130.89579773
v 22.46238708 9.01504517 128.89581299
v 22.67915916 8.69155693 130.89595032
v 22.67915916 8.69062233 128.89595032
v 22.75527954 8.30887318 130.89613342
v 22.75527954 8.30793858 128.89613342
v 22.13796425 8.30750751 127.97225952
v 22.10883331 8.64048576 128.02183533
v 22.13796425 8.96091557 128.24255371
v 22.10883331 9.18193436 128.56277466
v 22.40856171 9.04038715 128.70445251
v 22.67915916 8.57841015 128.62541199
v 22.67915916 8.30776024 128.51345825
v 22.40856171 8.49893856 128.16351318
v 22.46238708 8.30760860 128.18902588
v 22.46238708 8.80770588 128.39590454
v 22.13796425 -8.19249058 127.97995758
v 22.13796425 0.05750849 127.97610474
v 22.46238708 0.05760969 128.19288635
v 22.67915916 0.05776114 128.51730347
v 22.67915916 -8.19223785 128.52114868
v 22.46238708 -8.19238949 128.19673157
v 22.10883331 -9.06636620 128.57128906
v 21.75527954 -9.11611748 128.52159119
v 21.75527954 -8.89949608 128.19706726
v 22.13796425 -8.84564590 128.25085449
v 21.75527954 -8.57517433 127.98014069
v 22.10883331 -8.52542305 128.02984619
v 22.40856171 -8.38374329 128.17138672
v 22.67915916 -8.46278381 128.63336182
v 22.40856171 -8.92468643 128.71284485
v 22.46238708 -8.69229221 128.40406799
v 22.75527954 -6.90179253 175.64329529
v 22.75527954 -6.41495848 176.65301514
v 22.75527954 -5.78307199 177.57888794
v 22.75527954 -7.23269892 174.57229614
v 22.75527954 -7.40028572 173.46394348
v 22.75527954 -7.40080881 172.34300232
v 22.75527954 -7.23425722 171.23448181
v 22.75527954 -6.90435076 170.16317749
v 22.75527954 -6.41845989 169.15301514
v 22.75527954 -5.78743792 168.22654724
v 22.75527954 -5.02538109 167.40447998
v 22.75527954 -4.14931250 166.70516968
v 22.75527954 -3.17880177 166.14424133
v 22.75527954 -2.13552880 165.73422241
v 22.75527954 -1.04279852 165.48426819
v 22.75527954 0.07497927 165.39997864
v 22.75527954 8.63138390 132.30610657
v 22.75527954 1.19283521 165.48323059
v 22.75527954 2.28579831 165.73216248
v 22.75527954 9.01886749 132.92214966
v 22.75527954 3.32945371 166.14120483
v 22.75527954 9.53371811 133.43650818
v 22.75527954 4.30048752 166.70121765
v 22.75527954 10.15011787 133.82342529
v 22.75527954 5.17720890 167.39971924
v 22.75527954 10.83715916 134.06347656
v 22.75527954 5.94003296 168.22106934
v 22.75527954 11.56038952 134.14462280
v 22.75527954 6.57191992 169.14695740
v 22.75527954 7.05875349 170.15666199
v 22.75527954 7.38965988 171.22766113
v 22.75527954 7.55724669 172.33601379
v 22.75527954 7.55776978 173.45697021
v 22.75527954 10.85100079 181.22831726
v 22.75527954 7.39121819 174.56547546
v 22.75527954 10.15726566 181.47444153
v 22.75527954 7.06131220 175.63677979
v 22.75527954 9.53671265 181.87037659
v 22.75527954 9.02117729 182.39581299
v 22.75527954 8.39069653 131.61929321
v 22.75527954 0.08198179 180.39997864
v 22.75527954 1.19975960 180.31568909
v 22.75527954 2.29248977 180.06575012
v 22.75527954 -5.02024794 178.40025330
v 22.75527954 -4.14352655 179.09873962
v 22.75527954 -3.17249274 179.65876770
v 22.75527954 -2.12883735 180.06781006
v 22.75527954 -1.03587425 180.31674194
v 22.75527954 3.33576274 179.65573120
v 22.75527954 4.30627346 179.09480286
v 22.75527954 5.18234205 178.39549255
v 22.75527954 5.94439888 177.57342529
v 22.75527954 6.57542086 176.64694214
v 21.75527954 -1.04279852 165.48426819
v 21.75527954 0.07497927 165.39997864
v 21.75527954 1.19283521 165.48323059
v 21.75527954 2.28579831 165.73216248
v 21.75527954 3.32945371 166.14120483
v 21.75527954 4.30048752 166.70121765
v 21.75527954 5.17720890 167.39971924
v 21.75527954 5.94003296 168.22106934
v 21.75527954 6.57191992 169.14695740
v 21.75527954 7.05875349 170.15666199
v 21.75527954 7.38965988 171.22766113
v 21.75527954 7.55724669 172.33601379
v 21.75527954 7.55776978 173.45697021
v 21.75527954 7.39121819 174.56547546
v 21.75527954 7.06131220 175.63677979
v 21.75527954 6.57542086 176.64694214
v 21.75527954 5.94439888 177.57342529
v 21.75527954 5.18234205 178.39549255
v 21.75527954 4.30627346 179.09480286
v 21.75527954 3.33576274 179.65573120
v 21.75527954 2.29248977 180.06575012
v 21.75527954 1.19975960 180.31568909
v 21.75527954 0.08198179 180.39997864
v 21.75527954 -1.03587425 180.31674194
v 21.75527954 -2.12883735 180.06781006
v 21.75527954 -3.17249274 179.65876770
v 21.75527954 -4.14352655 179.09873962
v 21.75527954 -5.02024794 178.40025330
v 21.75527954 -5.78307199 177.57888794
v 21.75527954 -6.41495848 176.65301514
v 21.75527954 -6.90179253 175.64329529
v 21.75527954 -7.23269892 174.57229614
v 21.75527954 -7.40028572 173.46394348
v 21.75527954 -7.40080881 172.34300232
v 21.75527954 -7.23425722 171.23448181
v 21.75527954 -6.90435076 170.16317749
v 21.75527954 -6.41845989 169.15301514
v 21.75527954 -5.78743792 168.22654724
v 21.75527954 -5.02538109 167.40447998
v 21.75527954 -4.14931250 166.70516968
v 21.75527954 -3.17880177 166.14424133
v 21.75527954 -2.13552880 165.73422241
v 21.75527954 0.07614635 167.89997864
v 21.75527954 0.99493361 167.98469543
v 21.75527954 1.88251209 168.23678589
v 21.75527954 2.70865655 168.64767456
v 21.75527954 3.44523335 169.20336914
v 21.75527954 4.06715965 169.88494873
v 21.75527954 4.55325603 170.66920471
v 21.75527954 4.88696957 171.52941895
v 21.75527954 5.05693531 172.43630981
v 21.75527954 5.05736637 173.35899353
v 21.75527954 4.88824701 174.26605225
v 21.75527954 4.55533695 175.12658691
v 21.75527954 4.06997299 175.91128540
v 21.75527954 3.44868326 176.59346008
v 21.75527954 2.71262550 177.14984131
v 21.75527954 1.88686526 177.56149292
v 21.75527954 0.99952245 177.81442261
v 21.75527954 0.08081470 177.89997864
v 21.75527954 -0.83797252 177.81527710
v 21.75527954 -1.72555101 177.56318665
v 21.75527954 -2.55169535 177.15229797
v 21.75527954 -3.28827238 176.59660339
v 21.75527954 -3.91019845 175.91502380
v 21.75527954 -4.39629507 175.13076782
v 21.75527954 -4.73000860 174.27053833
v 21.75527954 -4.89997435 173.36364746
v 21.75527954 -4.90040541 172.44096375
v 21.75527954 -4.73128605 171.53390503
v 21.75527954 -4.39837599 170.67338562
v 21.75527954 -3.91301179 169.88867188
v 21.75527954 -3.29172230 169.20651245
v 21.75527954 -2.55566454 168.65013123
v 21.75527954 -1.72990417 168.23846436
v 21.75527954 -0.84256136 167.98554993
v 22.05528069 -0.84256136 167.98554993
v 22.05528069 0.07614635 167.89997864
v 22.05528069 0.99493361 167.98469543
v 22.05528069 1.88251209 168.23678589
v 22.05528069 2.70865655 168.64767456
v 22.05528069 3.44523335 169.20336914
v 22.05528069 4.06715965 169.88494873
v 22.05528069 4.55325603 170.66920471
v 22.05528069 4.88696957 171.52941895
v 22.05528069 5.05693531 172.43630981
v 22.05528069 5.05736637 173.35899353
v 22.05528069 4.88824701 174.26605225
v 22.05528069 4.55533695 175.12658691
v 22.05528069 4.06997299 175.91128540
v 22.05528069 3.44868326 176.59346008
v 22.05528069 2.71262550 177.14984131
v 22.05528069 1.88686526 177.56149292
v 22.05528069 0.99952245 177.81442261
v 22.05528069 0.08081470 177.89997864
v 22.05528069 -0.83797252 177.81527710
v 22.05528069 -1.72555101 177.56318665
v 22.05528069 -2.55169535 177.15229797
v 22.05528069 -3.28827238 176.59660339
v 22.05528069 -3.91019845 175.91502380
v 22.05528069 -4.39629507 175.13076782
v 22.05528069 -4.73000860 174.27053833
v 22.05528069 -4.89997435 173.36364746
v 22.05528069 -4.90040541 172.44096375
v 22.05528069 -4.73128605 171.53390503
v 22.05528069 -4.39837599 170.67338562
v 22.05528069 -3.91301179 169.88867188
v 22.05528069 -3.29172230 169.20651245
v 22.05528069 -2.55566454 168.65013123
v 22.05528069 -1.72990417 168.23846436
v 22.05528069 0.48129600 168.92031860
v 22.05528069 -0.32805046 168.92070007
v 22.05528069 -1.12075353 169.08398438
v 22.05528069 -1.86435986 169.40350342
v 22.05528069 -2.52842593 169.86616516
v 22.05528069 -3.08576512 170.45303345
v 22.05528069 -3.51355958 171.14007568
v 22.05528069 -3.79429555 171.89918518
v 22.05528069 -3.91647959 172.69924927
v 22.05528069 -3.87510967 173.50753784
v 22.05528069 -3.67187905 174.29095459
v 22.05528069 -3.31510830 175.01742554
v 22.05528069 -2.81940389 175.65719604
v 22.05528069 -2.20505953 176.18409729
v 22.05528069 -1.49722672 176.57655334
v 22.05528069 -0.72488433 176.81848145
v 22.05528069 0.08034787 176.89997864
v 22.05528069 0.88550365 176.81771851
v 22.05528069 1.65761983 176.57507324
v 22.05528069 2.36508584 176.18197632
v 22.05528069 2.97893786 175.65449524
v 22.05528069 3.47404504 175.01425171
v 22.05528069 3.83013725 174.28744507
v 22.05528069 4.03263617 173.50384521
v 22.05528069 4.07325172 172.69552612
v 22.05528069 3.95032048 171.89556885
v 22.05528069 3.66887593 171.13673401
v 22.05528069 3.24044013 170.45008850
v 22.05528069 2.68255329 169.86373901
v 22.05528069 2.01805544 169.40168762
v 22.05528069 1.27415121 169.08287048
v 24.25527954 -0.72488433 176.81848145
v 24.25527954 0.08034787 176.89997864
v 24.25527954 0.88550365 176.81771851
v 24.25527954 1.65761983 176.57507324
v 24.25527954 -1.49722672 176.57655334
v 24.25527954 -2.20505953 176.18409729
v 24.25527954 -2.81940389 175.65719604
v 24.25527954 -3.31510830 175.01742554
v 24.25527954 -3.67187905 174.29095459
v 24.25527954 -3.87510967 173.50753784
v 24.25527954 -3.91647959 172.69924927
v 24.25527954 -3.79429555 171.89918518
v 24.25527954 -3.51355958 171.14007568
v 24.25527954 -3.08576512 170.45303345
v 24.25527954 -2.52842593 169.86616516
v 24.25527954 -1.86435986 169.40350342
v 24.25527954 -1.12075353 169.08398438
v 24.25527954 -0.32805046 168.92070007
v 24.25527954 0.48129600 168.92031860
v 24.25527954 1.27415121 169.08287048
v 24.25527954 2.01805544 169.40168762
v 24.25527954 2.68255329 169.86373901
v 24.25527954 3.24044013 170.45008850
v 24.25527954 3.66887593 171.13673401
v 24.25527954 3.95032048 171.89556885
v 24.25527954 4.07325172 172.69552612
v 24.25527954 4.03263617 173.50384521
v 24.25527954 3.83013725 174.28744507
v 24.25527954 3.47404504 175.01425171
v 24.25527954 2.97893786 175.65449524
v 24.25527954 2.36508584 176.18197632
v 24.25527954 -0.18413404 174.47828674
v 24.25527954 0.34256861 174.47804260
v 24.25527954 0.84065318 174.30677795
v 24.25527954 1.25614452 173.98307800
v 24.25527954 1.54401767 173.54200745
v 24.25527954 1.67307723 173.03137207
v 24.25527954 1.62933743 172.50648499
v 24.25527954 1.41753817 172.02424622
v 24.25527954 1.06063128 171.63690186
v 24.25527954 0.59729314 171.38642883
v 24.25527954 0.07773359 171.29998779
v 24.25527954 -0.44174504 171.38691711
v 24.25527954 -0.90484917 171.63781738
v 24.25527954 -1.26139426 172.02549744
v 24.25527954 -1.47274303 172.50793457
v 24.25527954 -1.51599276 173.03285217
v 24.25527954 -1.38645661 173.54338074
v 24.25527954 -1.09817171 173.98417664
v 24.25527954 -0.68237829 174.30749512
v 22.05528069 -0.44174504 171.38691711
v 22.05528069 0.07773359 171.29998779
v 22.05528069 0.59729314 171.38642883
v 22.05528069 1.06063128 171.63690186
v 22.05528069 1.41753817 172.02424622
v 22.05528069 1.62933743 172.50648499
v 22.05528069 1.67307723 173.03137207
v 22.05528069 1.54401767 173.54200745
v 22.05528069 1.25614452 173.98307800
v 22.05528069 0.84065318 174.30677795
v 22.05528069 0.34256861 174.47804260
v 22.05528069 -0.18413404 174.47828674
v 22.05528069 -0.68237829 174.30749512
v 22.05528069 -1.09817171 173.98417664
v 22.05528069 -1.38645661 173.54338074
v 22.05528069 -1.51599276 173.03285217
v 22.05528069 -1.47274303 172.50793457
v 22.05528069 -1.26139426 172.02549744
v 22.05528069 -0.90484917 171.63781738
v 21.42304420 8.33486938 186.58451843
v 21.96644402 8.33444977 185.68487549
v 22.37405014 8.33399773 184.71612549
v 22.49031639 8.35018539 184.33822632
v 22.57942581 8.39566708 183.98321533
v 22.69208336 8.55381489 183.35119629
v 22.74251747 8.77094555 182.82606506
v 19.96207619 9.33495998 186.77738953
v 20.23596764 9.25896454 187.04467773
v 20.56826019 9.33462524 186.06018066
v 20.87826347 9.25860977 186.28459167
v 21.06014824 9.33425140 185.26026917
v 21.40027046 9.25821304 185.43569946
v 21.42663574 9.33385849 184.39567566
v 21.78919411 9.25778961 184.51815796
v 22.09655571 9.04106140 184.62207031
v 21.68861198 9.04150963 185.58448792
v 22.30192566 8.71666908 184.69158936
v 21.88127708 8.71713257 185.68399048
v 21.31667709 8.71756172 186.60215759
v 21.14107323 9.04192543 186.47491455
v 20.46841431 9.04229736 187.27110291
v 21.61421585 9.38337326 183.92512512
v 21.70081902 9.48612213 183.58094788
v 21.74601173 9.64879322 183.24653625
v 21.75527954 9.80969143 183.01081848
v 21.75527954 10.16660023 182.64706421
v 21.75527954 10.59621334 182.37295532
v 21.75527954 11.07649231 182.20256042
v 22.13796425 11.16271019 182.10693359
v 22.13796425 10.75650597 182.22059631
v 22.13796425 10.37750626 182.40574646
v 22.13796425 10.03817463 182.65629578
v 22.13796425 9.74966908 182.96400452
v 22.46238708 9.57874012 182.83068848
v 22.46238708 9.89413261 182.49430847
v 22.46238708 10.26508713 182.22039795
v 22.46238708 10.67940521 182.01800537
v 22.46238708 11.12346363 181.89373779
v 22.67915916 11.06472778 181.57467651
v 22.67915916 10.56401634 181.71478271
v 22.67915916 10.09683895 181.94302368
v 22.67915916 9.67855835 182.25186157
v 22.67915916 9.32292843 182.63116455
v 22.12056541 9.66187096 183.09512329
v 22.10795784 9.54411888 183.28890991
v 22.08301926 9.44569778 183.49336243
v 22.26104927 9.35370541 183.47256470
v 22.22149086 9.27172184 183.70101929
v 22.37958717 9.14144897 183.68182373
v 22.35367203 9.10739136 183.80787659
v 22.57364464 8.77085686 183.75057983
v 22.54287529 8.73981667 183.89793396
v 22.59551239 8.55617809 183.86459351
v 22.54699516 8.52436066 184.07800293
v 22.51996613 8.51400089 184.18472290
v 22.49111938 8.50730133 184.29118347
v 22.46047211 8.50423050 184.39720154
v 22.43928528 8.69400120 184.29902649
v 22.40887260 8.69115543 184.39869690
v 22.22363281 9.03765774 184.28114319
v 22.19419670 9.03444672 184.36718750
v 22.06922531 9.17115307 184.25521851
v 22.04049110 9.16734219 184.33482361
v 21.89633560 9.26844215 184.22010803
v 21.86838341 9.26380539 184.29403687
v 21.83880615 9.26153088 184.36761475
v 22.01008797 9.16614056 184.41401672
v 22.16305923 9.03410435 184.45274353
v 22.37670708 8.69167995 184.49775696
v 22.42805672 8.50474358 184.50256348
v 22.04446793 9.36779118 183.70574951
v 22.19617271 9.23942852 183.81761169
v 22.32388306 9.07980633 183.93502808
v 22.49473190 8.70996666 184.09858704
v 22.01982117 9.33677387 183.81401062
v 21.99151611 9.31111336 183.92311096
v 21.94727516 9.28491116 184.07164001
v 22.12160110 9.18671989 184.09526062
v 22.09626770 9.17760468 184.17532349
v 22.25133514 9.04377556 184.19474792
v 21.92263603 9.27546978 184.14593506
v 22.62651443 8.58923721 183.70787048
v 22.65346909 8.63036633 183.55255127
v 22.69548416 8.73631573 183.24877930
v 22.64210892 8.90903950 183.31893921
v 22.66893005 9.03693390 183.04583740
v 22.44611931 9.34008217 183.19876099
v 22.45923805 9.47401047 182.97628784
v 22.29946518 9.58312035 183.04631042
v 22.72248459 8.87240505 182.95828247
v 22.68238449 9.19081688 182.78938293
v 22.73602104 9.03613472 182.68545532
v 22.28658676 9.45801735 183.25331116
v 22.42004585 9.22860622 183.43508911
v 22.60039520 8.80948925 183.60453796
v 22.16708565 9.21303177 183.93518066
v 22.27728844 9.05282307 184.10816956
v 22.46791077 8.70026302 184.19892883
v 22.13796425 11.55995846 133.22073364
v 22.46238708 11.56005955 133.43751526
v 22.67915916 11.56021118 133.76193237
v 22.13796425 9.27765942 131.34948730
v 22.13796425 9.41023254 131.78578186
v 22.13796425 9.62537766 132.18785095
v 22.13796425 9.91482449 132.54020691
v 22.13796425 10.26745224 132.82931519
v 22.46238708 10.14710426 133.00961304
v 22.46238708 10.58684635 133.24440002
v 22.67915916 10.46283436 133.54418945
v 22.67915916 11.00079918 133.70710754
v 22.46238708 11.06394291 133.38888550
v 22.13796425 11.10613346 133.17625427
v 22.13796425 10.66970825 133.04408264
v 22.67915916 9.96698952 133.27944946
v 22.46238708 9.76161480 132.69355774
v 22.67915916 9.53232002 132.92306519
v 22.46238708 9.44519424 132.30836487
v 22.67915916 9.17553043 132.48872375
v 22.46238708 9.21000004 131.86883545
v 22.67915916 8.91032982 131.99313354
v 22.46238708 9.06507206 131.39187622
v 22.67915916 8.74691200 131.45532227
v -17.24472046 -18.48845100 176.44692993
v -17.24472046 -18.56965065 176.90869141
v -16.91971970 -18.24464989 176.90853882
v -17.24472046 -18.48801994 177.37037659
v -16.91971970 -18.16644287 177.30075073
v -17.24472046 -18.25340462 177.77630615
v -16.91971970 -17.94409561 177.63317871
v -17.24472046 -17.89410400 178.07751465
v -16.91971970 -17.61145782 177.85522461
v -17.24472046 -17.45345497 178.23765564
v -16.91971970 -17.21917152 177.93305969
v -17.24472046 -16.98460388 178.23744202
v -16.91971970 -16.82695770 177.85485840
v -17.24472046 -16.54410362 178.07687378
v -16.91971970 -16.49452782 177.63250732
v -17.24472046 -16.18508530 177.77534485
v -16.91971970 -16.27249146 177.29986572
v -17.24472046 -15.95084953 177.36918640
v -16.91971970 -16.19465065 176.90757751
v -17.24472046 -15.86965084 176.90742493
v -17.24472046 -15.95128059 176.44573975
v -16.91971970 -16.27285767 176.51536560
v -17.24472046 -16.18589592 176.03981018
v -16.91971970 -16.49520493 176.18293762
v -17.24472046 -16.54519653 175.73860168
v -16.91971970 -16.82784271 175.96089172
v -17.24472046 -16.98584557 175.57846069
v -16.91971970 -17.22012901 175.88305664
v -17.24472046 -17.45469666 175.57867432
v -16.91971970 -17.61234283 175.96125793
v -17.24472046 -17.89519691 175.73924255
v -16.91971970 -17.94477272 176.18360901
v -17.24472046 -18.25421524 176.04077148
v -16.91971970 -18.16680908 176.51625061
v -13.74471951 -18.16644287 177.30075073
v -13.74471951 -18.24464989 176.90853882
v -13.74471951 -18.16680908 176.51625061
v -13.74471951 -17.94477272 176.18360901
v -13.74471951 -17.61234283 175.96125793
v -13.74471951 -17.22012901 175.88305664
v -13.74471951 -16.82784271 175.96089172
v -13.74471951 -16.49520493 176.18293762
v -13.74471951 -16.27285767 176.51536560
v -13.74471951 -16.19465065 176.90757751
v -13.74471951 -16.27249146 177.29986572
v -13.74471951 -16.49452782 177.63250732
v -13.74471951 -16.82695770 177.85485840
v -13.74471951 -17.21917152 177.93305969
v -13.74471951 -17.61145782 177.85522461
v -13.74471951 -17.94409561 177.63317871
v -13.74471951 20.17941284 174.89059448
v -13.74471951 17.37986755 175.86691284
v -13.74471951 15.57941246 174.89274597
v -13.74471951 16.98765373 175.94511414
v -13.74471951 16.65522385 176.16746521
v -13.74471951 20.18128014 178.89059448
v -13.74471951 18.40534592 176.89143372
v -13.74471951 18.32713890 176.49920654
v -13.74471951 18.10479164 176.16677856
v -13.74471951 15.58127975 178.89274597
v -13.74471951 17.38082504 177.91690063
v -13.74471951 17.77303886 177.83869934
v -13.74471951 18.10546875 177.61634827
v -13.74471951 15.19863224 178.96903992
v -13.74471951 16.43355179 177.28459167
v -13.74471951 16.65589905 177.61703491
v -13.74471951 16.98853683 177.83906555
v -13.74471951 14.87430954 179.18597412
v -13.74471951 14.87216949 174.60018921
v -13.74471951 15.19669342 174.81680298
v -13.74471951 16.35534668 176.89237976
v -13.74471951 16.43318558 176.50009155
v -13.74471951 14.65524483 174.27586365
v -13.74471951 14.65768814 179.51049805
v -13.74471951 17.77215385 175.94474792
v -13.74471951 18.32750511 177.28370667
v -13.74471951 14.64741802 157.51049805
v -13.74471951 14.64497471 152.27586365
v -13.74471951 14.86403942 157.18597412
v -13.74471951 14.86189842 152.60018921
v -13.74471951 15.18836117 156.96903992
v -13.74471951 15.18642330 152.81680298
v -13.74471951 16.34507561 154.89237976
v -13.74471951 16.42291641 154.50010681
v -13.74471951 15.56914234 152.89274597
v -13.74471951 16.64495277 154.16746521
v -13.74471951 16.97738266 153.94511414
v -13.74471951 17.36959648 153.86691284
v -13.74471951 20.16914177 152.89059448
v -13.74471951 17.76188469 153.94474792
v -13.74471951 18.09452248 154.16677856
v -13.74471951 18.31686974 154.49922180
v -13.74471951 18.39507484 154.89143372
v -13.74471951 20.17100906 156.89059448
v -13.74471951 18.31723595 155.28372192
v -13.74471951 18.09519768 155.61634827
v -13.74471951 17.76276779 155.83869934
v -13.74471951 17.37055397 155.91690063
v -13.74471951 15.57100964 156.89274597
v -13.74471951 16.97826767 155.83906555
v -13.74471951 16.64562988 155.61703491
v -13.74471951 16.42328262 155.28460693
v -13.74471951 14.63714790 135.51049805
v -13.74471951 14.63470459 130.27586365
v -13.74471951 14.85376930 135.18597412
v -13.74471951 14.85162830 130.60018921
v -13.74471951 15.17809105 134.96905518
v -13.74471951 15.17615318 130.81680298
v -13.74471951 16.33480453 132.89239502
v -13.74471951 16.41264534 132.50010681
v -13.74471951 15.55887222 130.89274597
v -13.74471951 16.63468170 132.16746521
v -13.74471951 16.96711349 131.94511414
v -13.74471951 17.35932732 131.86691284
v -13.74471951 20.15887070 130.89060974
v -13.74471951 17.75161362 131.94474792
v -13.74471951 18.08425140 132.16679382
v -13.74471951 18.30659866 132.49922180
v -13.74471951 18.38480568 132.89143372
v -13.74471951 20.16073799 134.89060974
v -13.74471951 18.30696487 133.28372192
v -13.74471951 18.08492851 133.61636353
v -13.74471951 17.75249863 133.83869934
v -13.74471951 17.36028290 133.91691589
v -13.74471951 15.56073952 134.89274597
v -13.74471951 16.96799660 133.83906555
v -13.74471951 16.63535881 133.61703491
v -13.74471951 16.41301155 133.28460693
v -13.74471951 13.55759621 128.16163635
v -13.74471951 13.24156857 128.01445007
v -13.74471951 13.29144764 127.93852234
v -13.74471951 13.11765957 127.63783264
v -13.74471951 12.90478230 127.92437744
v -13.74471951 8.44011974 127.81995392
v -13.74471951 8.76444244 127.60302734
v -13.74471951 8.98106289 127.27850342
v -13.74471951 9.05700493 126.89578247
v -13.74471951 10.66435623 126.04201508
v -13.74471951 11.05664349 126.11985016
v -13.74471951 11.44885731 126.04164886
v -13.74471951 13.05719280 127.29584503
v -13.74471951 11.78128719 125.81929779
v -13.74471951 12.00332451 125.48666382
v -13.74471951 9.05485725 122.29578400
v -13.74471951 10.03116512 125.09532928
v -13.74471951 10.10937119 125.48754120
v -13.74471951 10.33171844 125.81997681
v -13.74471951 13.05485725 122.29392242
v -13.74471951 11.05568600 124.06985474
v -13.74471951 10.66347218 124.14805603
v -13.74471951 10.33104229 124.37040710
v -13.74471951 12.08116436 125.09437561
v -13.74471951 12.00295830 124.70215607
v -13.74471951 11.78061104 124.36972809
v -13.74471951 11.44797325 124.14768982
v -13.74471951 10.10900497 124.70304108
v -13.74471951 -8.32524490 127.82778168
v -13.74471951 -8.64976978 127.61116028
v -13.74471951 -8.86669350 127.28683472
v -13.74471951 -10.94335461 126.13011932
v -13.74471951 -10.55114079 126.05191803
v -13.74471951 -12.78980827 127.93637085
v -13.74471951 -13.00295258 127.65002441
v -13.74471951 -12.94280529 127.30798340
v -13.74471951 -11.33564091 126.05228424
v -13.74471951 -11.66827869 125.83024597
v -13.74471951 -11.89062595 125.49781799
v -13.74471951 -11.96883297 125.10559845
v -13.74471951 -12.94513988 122.30605316
v -13.74471951 -11.89099216 124.71331787
v -13.74471951 -11.66895580 124.38067627
v -13.74471951 -11.33652592 124.15833282
v -13.74471951 -10.94431114 124.08012390
v -13.74471951 -8.94513988 122.30419159
v -13.74471951 -10.55202484 124.15796661
v -13.74471951 -10.21938705 124.37999725
v -13.74471951 -9.99703979 124.71243286
v -13.74471951 -9.91883278 125.10464478
v -13.74471951 -8.94299316 126.90419006
v -13.74471951 -9.99667358 125.49693298
v -13.74471951 -10.21870995 125.82956696
v -13.74471951 -13.12650967 128.02676392
v -13.74471951 -13.17646027 127.95087433
v -13.74471951 -13.44240093 128.17424011
v -13.74471951 -14.51508999 135.52410889
v -13.74471951 -14.51753330 130.28947449
v -13.74471951 -14.73201370 135.19978333
v -13.74471951 -14.73415470 130.61399841
v -13.74471951 -15.05653858 134.98316956
v -13.74471951 -15.05847740 130.83091736
v -13.74471951 -16.21519089 132.90757751
v -13.74471951 -16.29339790 132.51536560
v -13.74471951 -16.29303169 133.29986572
v -13.74471951 -15.43925762 134.90722656
v -13.74471951 -16.51506805 133.63250732
v -13.74471951 -16.84749794 133.85485840
v -13.74471951 -17.23971176 133.93305969
v -13.74471951 -20.03925705 134.90936279
v -13.74471951 -17.63199997 133.85522461
v -13.74471951 -17.96463776 133.63317871
v -13.74471951 -18.18698502 133.30075073
v -13.74471951 -18.26519012 132.90853882
v -13.74471951 -20.04112434 130.90936279
v -13.74471951 -18.18735123 132.51625061
v -13.74471951 -17.96531296 132.18362427
v -13.74471951 -17.63288307 131.96127319
v -13.74471951 -17.24066925 131.88305664
v -13.74471951 -15.44112492 130.90722656
v -13.74471951 -16.84838295 131.96090698
v -13.74471951 -16.51574516 132.18293762
v -13.74471951 -14.50481987 157.52410889
v -13.74471951 -14.50726318 152.28947449
v -13.74471951 -14.72174358 157.19978333
v -13.74471951 -14.72388458 152.61399841
v -13.74471951 -15.04626846 156.98315430
v -13.74471951 -15.04820633 152.83091736
v -13.74471951 -16.20491982 154.90757751
v -13.74471951 -16.28312683 154.51536560
v -13.74471951 -16.28276062 155.29986572
v -13.74471951 -15.42898750 156.90722656
v -13.74471951 -16.50479698 155.63250732
v -13.74471951 -16.83722878 155.85485840
v -13.74471951 -17.22944260 155.93305969
v -13.74471951 -20.02898598 156.90936279
v -13.74471951 -17.62172890 155.85522461
v -13.74471951 -17.95436668 155.63317871
v -13.74471951 -18.17671394 155.30075073
v -13.74471951 -18.25492096 154.90853882
v -13.74471951 -20.03085327 152.90936279
v -13.74471951 -18.17708015 154.51625061
v -13.74471951 -17.95504379 154.18360901
v -13.74471951 -17.62261391 153.96127319
v -13.74471951 -17.23039818 153.88305664
v -13.74471951 -15.43085480 152.90722656
v -13.74471951 -16.83811188 153.96090698
v -13.74471951 -16.50547409 154.18293762
v -13.74471951 -14.49454880 179.52410889
v -13.74471951 -14.49699306 174.28947449
v -13.74471951 -14.71147346 179.19978333
v -13.74471951 -14.71361446 174.61399841
v -13.74471951 -15.03599739 178.98315430
v -13.74471951 -15.03793621 174.83091736
v -13.74471951 -15.41871643 178.90721130
v -13.74471951 -20.01871681 178.90936279
v -13.74471951 -20.02058411 174.90936279
v -13.74471951 -15.42058372 174.90721130
v -16.91971970 -18.17671394 155.30075073
v -16.91971970 -18.25492096 154.90853882
v -16.91971970 -18.17708015 154.51625061
v -16.91971970 -17.95504379 154.18360901
v -16.91971970 -17.62261391 153.96127319
v -16.91971970 -17.23039818 153.88305664
v -16.91971970 -16.83811188 153.96090698
v -16.91971970 -16.50547409 154.18293762
v -16.91971970 -16.28312683 154.51536560
v -16.91971970 -16.20491982 154.90757751
v -16.91971970 -16.28276062 155.29986572
v -16.91971970 -16.50479698 155.63250732
v -16.91971970 -16.83722878 155.85485840
v -16.91971970 -17.22944260 155.93305969
v -16.91971970 -17.62172890 155.85522461
v -16.91971970 -17.95436668 155.63317871
v -17.24472046 -18.49872017 154.44692993
v -17.24472046 -18.57991982 154.90869141
v -17.24472046 -18.49828911 155.37037659
v -17.24472046 -18.26367569 155.77630615
v -17.24472046 -17.90437508 156.07751465
v -17.24472046 -17.46372414 156.23765564
v -17.24472046 -16.99487495 156.23744202
v -17.24472046 -16.55437469 156.07687378
v -17.24472046 -16.19535637 155.77534485
v -17.24472046 -15.96112061 155.36920166
v -17.24472046 -15.87992096 154.90742493
v -17.24472046 -15.96155167 154.44573975
v -17.24472046 -16.19616508 154.03981018
v -17.24472046 -16.55546570 153.73861694
v -17.24472046 -16.99611664 153.57846069
v -17.24472046 -17.46496582 153.57867432
v -17.24472046 -17.90546608 153.73924255
v -17.24472046 -18.26448631 154.04078674
v -16.91971970 -18.18698502 133.30075073
v -16.91971970 -18.26519012 132.90853882
v -16.91971970 -18.18735123 132.51625061
v -16.91971970 -17.96531296 132.18362427
v -16.91971970 -17.63288307 131.96127319
v -16.91971970 -17.24066925 131.88305664
v -16.91971970 -16.84838295 131.96090698
v -16.91971970 -16.51574516 132.18293762
v -16.91971970 -16.29339790 132.51536560
v -16.91971970 -16.21519089 132.90757751
v -16.91971970 -16.29303169 133.29986572
v -16.91971970 -16.51506805 133.63250732
v -16.91971970 -16.84749794 133.85485840
v -16.91971970 -17.23971176 133.93305969
v -16.91971970 -17.63199997 133.85522461
v -16.91971970 -17.96463776 133.63317871
v -17.24472046 -18.50899124 132.44692993
v -17.24472046 -18.59019089 132.90869141
v -17.24472046 -18.50856018 133.37037659
v -17.24472046 -18.27394485 133.77630615
v -17.24472046 -17.91464424 134.07751465
v -17.24472046 -17.47399521 134.23765564
v -17.24472046 -17.00514603 134.23744202
v -17.24472046 -16.56464577 134.07688904
v -17.24472046 -16.20562553 133.77534485
v -17.24472046 -15.97139072 133.36920166
v -17.24472046 -15.89019108 132.90744019
v -17.24472046 -15.97182178 132.44573975
v -17.24472046 -16.20643616 132.03981018
v -17.24472046 -16.56573677 131.73861694
v -17.24472046 -17.00638580 131.57846069
v -17.24472046 -17.47523689 131.57867432
v -17.24472046 -17.91573715 131.73924255
v -17.24472046 -18.27475548 132.04078674
v -16.91971970 -11.89062595 125.49781799
v -16.91971970 -11.96883297 125.10559845
v -16.91971970 -11.89099216 124.71331787
v -16.91971970 -11.66895580 124.38067627
v -16.91971970 -11.33652592 124.15833282
v -16.91971970 -10.94431114 124.08012390
v -16.91971970 -10.55202484 124.15796661
v -16.91971970 -10.21938705 124.37999725
v -16.91971970 -9.99703979 124.71243286
v -16.91971970 -9.91883278 125.10464478
v -16.91971970 -9.99667358 125.49693298
v -16.91971970 -10.21870995 125.82956696
v -16.91971970 -10.55114079 126.05191803
v -16.91971970 -10.94335461 126.13011932
v -16.91971970 -11.33564091 126.05228424
v -16.91971970 -11.66827869 125.83024597
v -17.24472046 -12.21263313 124.64398956
v -17.24472046 -12.29383278 125.10575104
v -17.24472046 -12.21220207 125.56744385
v -17.24472046 -11.97758770 125.97336578
v -17.24472046 -11.61828709 126.27457428
v -17.24472046 -11.17763710 126.43472290
v -17.24472046 -10.70878696 126.43450165
v -17.24472046 -10.26828766 126.27394104
v -17.24472046 -9.90926838 125.97240448
v -17.24472046 -9.67503262 125.56626129
v -17.24472046 -9.59383297 125.10449219
v -17.24472046 -9.67546368 124.64280701
v -17.24472046 -9.91007805 124.23687744
v -17.24472046 -10.26937866 123.93567657
v -17.24472046 -10.71002865 123.77552032
v -17.24472046 -11.17887878 123.77574158
v -17.24472046 -11.61937904 123.93630219
v -17.24472046 -11.97839832 124.23783875
v -16.91971970 18.32750511 177.28370667
v -16.91971970 18.40534592 176.89143372
v -16.91971970 18.32713890 176.49920654
v -16.91971970 18.10479164 176.16677856
v -16.91971970 17.77215385 175.94474792
v -16.91971970 17.37986755 175.86691284
v -16.91971970 16.98765373 175.94511414
v -16.91971970 16.65522385 176.16746521
v -16.91971970 16.43318558 176.50009155
v -16.91971970 16.35534668 176.89237976
v -16.91971970 16.43355179 177.28459167
v -16.91971970 16.65589905 177.61703491
v -16.91971970 16.98853683 177.83906555
v -16.91971970 17.38082504 177.91690063
v -16.91971970 17.77303886 177.83869934
v -16.91971970 18.10546875 177.61634827
v -17.24472046 17.32643127 175.54298401
v -17.24472046 17.32769203 178.24087524
v -17.24472046 16.88047409 178.14595032
v -17.24472046 16.49058533 177.90719604
v -17.24472046 16.20273781 177.55201721
v -17.24472046 16.04994774 177.12112427
v -17.24472046 16.04973412 176.66394043
v -17.24472046 16.20212173 176.23289490
v -17.24472046 16.48963737 175.87744141
v -17.24472046 16.87930298 175.63832092
v -16.91971970 18.31723595 155.28372192
v -16.91971970 18.39507484 154.89143372
v -16.91971970 18.31686974 154.49922180
v -16.91971970 18.09452248 154.16677856
v -16.91971970 17.76188469 153.94474792
v -16.91971970 17.36959648 153.86691284
v -16.91971970 16.97738266 153.94511414
v -16.91971970 16.64495277 154.16746521
v -16.91971970 16.42291641 154.50010681
v -16.91971970 16.34507561 154.89237976
v -16.91971970 16.42328262 155.28460693
v -16.91971970 16.64562988 155.61703491
v -16.91971970 16.97826767 155.83906555
v -16.91971970 17.37055397 155.91690063
v -16.91971970 17.76276779 155.83869934
v -16.91971970 18.09519768 155.61634827
v -17.24472046 16.10127449 154.43077087
v -17.24472046 16.02007484 154.89253235
v -17.24472046 16.10170555 155.35423279
v -17.24472046 16.33632088 155.76014709
v -17.24472046 16.69562149 156.06135559
v -17.24472046 17.13627052 156.22151184
v -17.24472046 17.60512161 156.22128296
v -17.24472046 18.04562187 156.06072998
v -17.24472046 18.40464020 155.75918579
v -17.24472046 18.63887596 155.35304260
v -17.24472046 18.72007561 154.89128113
v -17.24472046 18.63844490 154.42959595
v -17.24472046 18.40382957 154.02366638
v -17.24472046 18.04452896 153.72245789
v -17.24472046 17.60387993 153.56230164
v -17.24472046 17.13503075 153.56253052
v -17.24472046 16.69453049 153.72308350
v -17.24472046 16.33551025 154.02462769
v -16.91971970 18.30696487 133.28372192
v -16.91971970 18.38480568 132.89143372
v -16.91971970 18.30659866 132.49922180
v -16.91971970 18.08425140 132.16679382
v -16.91971970 17.75161362 131.94474792
v -16.91971970 17.35932732 131.86691284
v -16.91971970 16.96711349 131.94511414
v -16.91971970 16.63468170 132.16746521
v -16.91971970 16.41264534 132.50010681
v -16.91971970 16.33480453 132.89239502
v -16.91971970 16.41301155 133.28460693
v -16.91971970 16.63535881 133.61703491
v -16.91971970 16.96799660 133.83906555
v -16.91971970 17.36028290 133.91691589
v -16.91971970 17.75249863 133.83869934
v -16.91971970 18.08492851 133.61636353
v -17.24472046 16.09100533 132.43077087
v -17.24472046 16.00980568 132.89254761
v -17.24472046 16.09143639 133.35423279
v -17.24472046 16.32604980 133.76016235
v -17.24472046 16.68535042 134.06135559
v -17.24472046 17.12600136 134.22151184
v -17.24472046 17.59485054 134.22129822
v -17.24472046 18.03535080 134.06072998
v -17.24472046 18.39437103 133.75918579
v -17.24472046 18.62860489 133.35304260
v -17.24472046 18.70980453 132.89128113
v -17.24472046 18.62817383 132.42959595
v -17.24472046 18.39356041 132.02366638
v -17.24472046 18.03425980 131.72245789
v -17.24472046 17.59360886 131.56231689
v -17.24472046 17.12475967 131.56253052
v -17.24472046 16.68425941 131.72309875
v -17.24472046 16.32524109 132.02462769
v -16.91971970 12.00332451 125.48666382
v -16.91971970 12.08116436 125.09437561
v -16.91971970 12.00295830 124.70215607
v -16.91971970 11.78061104 124.36972809
v -16.91971970 11.44797325 124.14768982
v -16.91971970 11.05568600 124.06985474
v -16.91971970 10.66347218 124.14805603
v -16.91971970 10.33104229 124.37040710
v -16.91971970 10.10900497 124.70304108
v -16.91971970 10.03116512 125.09532928
v -16.91971970 10.10937119 125.48754120
v -16.91971970 10.33171844 125.81997681
v -16.91971970 10.66435623 126.04201508
v -16.91971970 11.05664349 126.11985016
v -16.91971970 11.44885731 126.04164886
v -16.91971970 11.78128719 125.81929779
v -17.24472046 9.78736401 124.63372040
v -17.24472046 9.70616436 125.09548187
v -17.24472046 9.78779507 125.55717468
v -17.24472046 10.02240944 125.96309662
v -17.24472046 10.38171005 126.26430511
v -17.24472046 10.82236004 126.42445374
v -17.24472046 11.29121017 126.42423248
v -17.24472046 11.73171043 126.26367188
v -17.24472046 12.09072971 125.96213531
v -17.24472046 12.32496548 125.55598450
v -17.24472046 12.40616417 125.09422302
v -17.24472046 12.32453442 124.63253021
v -17.24472046 12.08991909 124.22660828
v -17.24472046 11.73061848 123.92539978
v -17.24472046 11.28996944 123.76525116
v -17.24472046 10.82111931 123.76547241
v -17.24472046 10.38061905 123.92603302
v -17.24472046 10.02159977 124.22756958
v -15.24471951 15.57941246 174.89274597
v -15.24471951 20.17941284 174.89059448
v -15.24471951 14.65524483 174.27586365
v -15.24471951 14.87216949 174.60018921
v -15.24471951 15.19669342 174.81680298
v -15.24471951 14.65768814 179.51049805
v -15.24471951 14.87430954 179.18597412
v -15.24471951 15.19863224 178.96903992
v -15.24471951 15.58127975 178.89274597
v -15.24471951 20.18128014 178.89059448
v -15.24471951 20.18244553 181.39059448
v -15.24471951 14.51640797 185.91088867
v -15.24471951 14.31683159 186.39334106
v -15.24471951 13.99918842 186.80769348
v -15.24471951 13.58512306 187.12573242
v -15.24471951 13.10285473 187.32575989
v -15.24471951 15.57100964 156.89274597
v -15.24471951 15.18836117 156.96903992
v -15.24471951 14.86403942 157.18597412
v -15.24471951 14.64741802 157.51049805
v -15.24471951 20.17100906 156.89059448
v -15.24471951 15.18642330 152.81680298
v -15.24471951 15.56914234 152.89274597
v -15.24471951 15.56073952 134.89274597
v -15.24471951 15.17809105 134.96905518
v -15.24471951 14.85376930 135.18597412
v -15.24471951 14.63714790 135.51049805
v -15.24471951 14.86189842 152.60018921
v -15.24471951 14.64497471 152.27586365
v -15.24471951 20.16073799 134.89060974
v -15.24471951 20.16914177 152.89059448
v -15.24471951 15.17615318 130.81680298
v -15.24471951 14.55840492 129.89321899
v -15.24471951 15.55887222 130.89274597
v -15.24471951 14.49001503 129.37561035
v -15.24471951 20.15765762 128.29060364
v -15.24471951 14.28998947 128.89334106
v -15.24471951 15.05485725 122.29298401
v -15.24471951 13.97195816 128.47927856
v -15.24471951 13.05719280 127.29584503
v -15.24471951 13.55759621 128.16163635
v -15.24471951 13.29144764 127.93852234
v -15.24471951 14.85162830 130.60018921
v -15.24471951 14.63470459 130.27586365
v -15.24471951 13.11765957 127.63783264
v -15.24471951 13.05485725 122.29392242
v -15.24471951 20.15887070 130.89060974
v -15.24471951 8.98106289 127.27850342
v -15.24471951 9.05700493 126.89578247
v -15.24471951 -8.94299316 126.90419006
v -15.24471951 -8.86669350 127.28683472
v -15.24471951 -8.64976978 127.61116028
v -15.24471951 -8.32524490 127.82778168
v -15.24471951 8.76444244 127.60302734
v -15.24471951 8.44011974 127.81995392
v -15.24471951 -8.94513988 122.30419159
v -15.24471951 9.05485725 122.29578400
v -15.24471951 -13.00295258 127.65002441
v -15.24471951 -13.17646027 127.95087433
v -15.24471951 -12.94280529 127.30798340
v -15.24471951 -13.44240093 128.17424011
v -15.24471951 -13.85646534 128.49226379
v -15.24471951 -14.94513988 122.30699158
v -15.24471951 -14.17410946 128.90663147
v -15.24471951 -20.04233742 128.30937195
v -15.24471951 -14.37368488 129.38908386
v -15.24471951 -15.44112492 130.90722656
v -15.24471951 -14.44159222 129.90675354
v -15.24471951 -15.05847740 130.83091736
v -15.24471951 -14.73415470 130.61399841
v -15.24471951 -14.51753330 130.28947449
v -15.24471951 -20.04112434 130.90936279
v -15.24471951 -12.94513988 122.30605316
v -15.24471951 -15.05653858 134.98316956
v -15.24471951 -15.43925762 134.90722656
v -15.24471951 -15.43085480 152.90722656
v -15.24471951 -20.03925705 134.90936279
v -15.24471951 -20.03085327 152.90936279
v -15.24471951 -14.73201370 135.19978333
v -15.24471951 -14.51508999 135.52410889
v -15.24471951 -15.04820633 152.83091736
v -15.24471951 -14.72388458 152.61399841
v -15.24471951 -14.50726318 152.28947449
v -15.24471951 -15.04626846 156.98315430
v -15.24471951 -15.42898750 156.90722656
v -15.24471951 -15.42058372 174.90721130
v -15.24471951 -20.02898598 156.90936279
v -15.24471951 -20.02058411 174.90936279
v -15.24471951 -14.72174358 157.19978333
v -15.24471951 -14.50481987 157.52410889
v -15.24471951 -15.03793621 174.83091736
v -15.24471951 -14.71361446 174.61399841
v -15.24471951 -14.49699306 174.28947449
v -15.24471951 -15.03599739 178.98315430
v -15.24471951 -15.41871643 178.90721130
v -15.24471951 -20.01754951 181.40936279
v -15.24471951 -20.01871681 178.90936279
v -15.24471951 -14.71147346 179.19978333
v -15.24471951 -14.49454880 179.52410889
v -15.24471951 -14.34729290 185.92436218
v -15.24471951 -14.14726639 186.40663147
v -15.24471951 -13.82923603 186.82069397
v -15.24471951 -13.41487408 187.13833618
v -15.24471951 -12.93241882 187.33790588
v -17.24472046 20.15765762 128.29060364
v -17.24472046 15.05485725 122.29298401
v -6.07805300 -13.85646534 128.49226379
v -6.07805300 -14.17410946 128.90663147
v -6.07805300 -14.37368488 129.38908386
v 3.08861375 -14.37368488 129.38908386
v 3.08861375 -14.17410946 128.90663147
v 3.08861375 -13.85646534 128.49226379
v 3.08861375 -13.44240093 128.17424011
v 3.08861375 -12.96013165 127.97421265
v -6.07805300 -12.96013165 127.97421265
v -6.07805300 -13.44240093 128.17424011
v -17.24472046 -20.04233742 128.30937195
v -17.24472046 -14.94513988 122.30699158
v -6.07805300 14.49001503 129.37561035
v -6.07805300 14.28998947 128.89334106
v -6.07805300 13.97195816 128.47927856
v -6.07805300 13.55759621 128.16163635
v -6.07805300 13.07514191 127.96205902
v 3.08861375 13.07514191 127.96205902
v 3.08861375 13.55759621 128.16163635
v 3.08861375 13.97195816 128.47927856
v 3.08861375 14.28998947 128.89334106
v 3.08861375 14.49001503 129.37561035
v -5.24471951 13.10285473 187.32575989
v 4.75528049 13.10285473 187.32575989
v 4.75528049 13.58512306 187.12573242
v 4.75528049 13.99918842 186.80769348
v 4.75528049 14.31683159 186.39334106
v 4.75528049 14.51640797 185.91088867
v -5.24471951 14.51640797 185.91088867
v -5.24471951 14.31683159 186.39334106
v -5.24471951 13.99918842 186.80769348
v -5.24471951 13.58512306 187.12573242
v -5.24471951 -14.34729290 185.92436218
v 4.75528049 -14.34729290 185.92436218
v 4.75528049 -14.14726639 186.40663147
v 4.75528049 -13.82923603 186.82069397
v 4.75528049 -13.41487408 187.13833618
v 4.75528049 -12.93241882 187.33790588
v -5.24471951 -12.93241882 187.33790588
v -5.24471951 -13.41487408 187.13833618
v -5.24471951 -13.82923603 186.82069397
v -5.24471951 -14.14726639 186.40663147
v -1.24471962 -19.53155518 151.40913391
v -1.24471962 -19.53855705 136.40913391
v 3.35528040 -15.13155460 151.40707397
v 3.35528040 15.26844215 151.39288330
v -1.24471962 19.66844177 151.39083862
v -1.24471962 -19.03795052 137.70890808
v -1.24471962 -19.03216171 150.10890198
v -1.24471962 19.16783524 150.09106445
v -1.24471962 19.66143799 136.39083862
v -1.24471962 19.16204643 137.69107056
v -2.64471960 -19.03795052 137.70890808
v -2.64471960 13.96195316 137.49349976
v -2.64471960 19.16783524 150.09106445
v -2.64471960 13.96792889 150.29350281
v -2.64471960 19.16204643 137.69107056
v -2.64471960 -13.83206844 150.30647278
v -2.64471960 -13.83804417 137.50646973
v -2.64471960 -19.03216171 150.10890198
v -12.74471951 13.96792889 150.29350281
v -12.74471951 13.96195316 137.49349976
v -12.74471951 -13.83804417 137.50646973
v -12.74471951 -13.83206844 150.30647278
v 8.55528069 13.57495403 165.34367371
v 8.55528069 13.57219982 159.44367981
v 4.75528049 13.57495403 165.34367371
v 4.75528049 13.57219982 159.44367981
v -23.74472046 8.99408054 171.67031860
v -23.74472046 9.07847977 172.89578247
v -23.74472046 8.99522495 174.12132263
v -23.74472046 8.74586868 175.32411194
v -23.74472046 8.74360180 170.46777344
v -23.74472046 8.33170700 169.31051636
v -23.74472046 7.76607132 168.22013855
v -23.74472046 7.05723000 167.21693420
v -23.74472046 6.21838760 166.31959534
v -23.74472046 5.26517057 165.54483032
v -23.74472046 4.21533489 164.90708923
v -23.74472046 3.08843780 164.41822815
v -23.74472046 1.90547085 164.08737183
v -23.74472046 0.68847048 163.92068481
v -23.74472046 -0.53989285 163.92124939
v -23.74472046 -1.75673699 164.08908081
v -23.74472046 -2.93939447 164.42103577
v -23.74472046 -4.06583500 164.91094971
v -23.74472046 -5.11507416 165.54968262
v -23.74472046 -6.06756783 166.32533264
v -23.74472046 -6.90557194 167.22344971
v -23.74472046 -7.61347628 168.22731018
v -23.74472046 -8.17809391 169.31822205
v -23.74472046 -8.58890724 170.47586060
v -23.74472046 -8.83826447 171.67864990
v -23.74472046 -8.92151833 172.90419006
v -23.74472046 -8.83712006 174.12963867
v -23.74472046 -8.58664036 175.33219910
v -23.74472046 -8.17474651 176.48944092
v -23.74472046 -7.60911036 177.57983398
v -23.74472046 -6.90026903 178.58303833
v -23.74472046 -6.06142664 179.48037720
v -23.74472046 -5.10820913 180.25512695
v -23.74472046 -4.05837393 180.89288330
v -23.74472046 -2.93147683 181.38172913
v -23.74472046 -1.74850976 181.71258545
v -23.74472046 -0.53150940 181.87928772
v -23.74472046 0.69685388 181.87870789
v -23.74472046 1.91369808 181.71087646
v -23.74472046 3.09635568 181.37892151
v -23.74472046 4.22279596 180.88902283
v -23.74472046 5.27203560 180.25028992
v -23.74472046 6.22452879 179.47463989
v -23.74472046 7.06253290 178.57650757
v -23.74472046 7.77043724 177.57264709
v -23.74472046 8.33505535 176.48173523
v -23.74472046 -1.45513833 186.81573486
v -23.74472046 0.08501621 186.89997864
v -23.74472046 1.62509143 186.81428528
v -23.74472046 3.14639306 186.55970764
v -23.74472046 4.63045406 186.13929749
v -23.74472046 6.05926037 185.55819702
v -23.74472046 7.41546822 184.82342529
v -23.74472046 8.68261528 183.94393921
v -23.74472046 9.84531975 182.93037415
v -23.74472046 10.88946724 181.79507446
v -23.74472046 11.80238438 180.55178833
v -23.74472046 12.57298946 179.21562195
v -23.74472046 13.19192791 177.80278015
v -23.74472046 13.65168762 176.33044434
v -23.74472046 13.94668579 174.81645203
v -23.74472046 14.07334328 173.27920532
v -23.74472046 14.03012180 171.73736572
v -23.74472046 13.81754684 170.20962524
v -23.74472046 13.43819809 168.71453857
v -23.74472046 12.89667988 167.27026367
v -23.74472046 12.19956684 165.89431763
v -23.74472046 11.35531998 164.60342407
v -23.74472046 10.37418747 163.41323853
v -23.74472046 9.26807880 162.33819580
v -23.74472046 8.05042171 161.39137268
v -23.74472046 6.73599529 160.58424377
v -23.74472046 5.34075594 159.92660522
v -23.74472046 3.88163948 159.42645264
v -23.74472046 2.37635803 159.08984375
v -23.74472046 0.84318334 158.92088318
v -23.74472046 -0.69927382 158.92160034
v -23.74472046 -2.23229003 159.09199524
v -23.74472046 -3.73725677 159.43000793
v -23.74472046 -5.19590521 159.93151855
v -23.74472046 -6.59053040 160.59045410
v -23.74472046 -7.90420246 161.39881897
v -23.74472046 -9.12097549 162.34678650
v -23.74472046 -10.22607994 163.42285156
v -23.74472046 -11.20610046 164.61395264
v -23.74472046 -12.04914188 165.90563965
v -23.74472046 -12.74497032 167.28222656
v -23.74472046 -13.28513908 168.72702026
v -23.74472046 -13.66309166 170.22244263
v -23.74472046 -13.87424088 171.75038147
v -23.74472046 -13.91602230 173.29228210
v -23.74472046 -13.78792953 174.82940674
v -23.74472046 -13.49151707 176.34310913
v -23.74472046 -13.03038406 177.81503296
v -23.74472046 -12.41012669 179.22727966
v -23.74472046 -11.63827419 180.56272888
v -23.74472046 -10.72419643 181.80516052
v -23.74472046 -9.67898941 182.93949890
v -23.74472046 -8.51533890 183.95196533
v -23.74472046 -7.24737167 184.83027649
v -23.74472046 -5.89047813 185.56376648
v -23.74472046 -4.46113014 186.14353943
v -23.74472046 -2.97667694 186.56256104
v -26.24472046 -1.45513833 186.81573486
v -26.24472046 0.08501621 186.89997864
v -26.24472046 1.62509143 186.81428528
v -26.24472046 3.14639306 186.55970764
v -26.24472046 4.63045406 186.13929749
v -26.24472046 6.05926037 185.55819702
v -26.24472046 7.41546822 184.82342529
v -26.24472046 8.68261528 183.94393921
v -26.24472046 9.84531975 182.93037415
v -26.24472046 10.88946724 181.79507446
v -26.24472046 11.80238438 180.55178833
v -26.24472046 12.57298946 179.21562195
v -26.24472046 13.19192791 177.80278015
v -26.24472046 13.65168762 176.33044434
v -26.24472046 13.94668579 174.81645203
v -26.24472046 14.07334328 173.27920532
v -26.24472046 14.03012180 171.73736572
v -26.24472046 13.81754684 170.20962524
v -26.24472046 13.43819809 168.71453857
v -26.24472046 12.89667988 167.27026367
v -26.24472046 12.19956684 165.89431763
v -26.24472046 11.35531998 164.60342407
v -26.24472046 10.37418747 163.41323853
v -26.24472046 9.26807880 162.33819580
v -26.24472046 8.05042171 161.39137268
v -26.24472046 6.73599529 160.58424377
v -26.24472046 5.34075594 159.92660522
v -26.24472046 3.88163948 159.42645264
v -26.24472046 2.37635803 159.08984375
v -26.24472046 0.84318334 158.92088318
v -26.24472046 -0.69927382 158.92160034
v -26.24472046 -2.23229003 159.09199524
v -26.24472046 -3.73725677 159.43000793
v -26.24472046 -5.19590521 159.93151855
v -26.24472046 -6.59053040 160.59045410
v -26.24472046 -7.90420246 161.39881897
v -26.24472046 -9.12097549 162.34678650
v -26.24472046 -10.22607994 163.42285156
v -26.24472046 -11.20610046 164.61395264
v -26.24472046 -12.04914188 165.90563965
v -26.24472046 -12.74497032 167.28222656
v -26.24472046 -13.28513908 168.72702026
v -26.24472046 -13.66309166 170.22244263
v -26.24472046 -13.87424088 171.75038147
v -26.24472046 -13.91602230 173.29228210
v -26.24472046 -13.78792953 174.82940674
v -26.24472046 -13.49151707 176.34310913
v -26.24472046 -13.03038406 177.81503296
v -26.24472046 -12.41012669 179.22727966
v -26.24472046 -11.63827419 180.56272888
v -26.24472046 -10.72419643 181.80516052
v -26.24472046 -9.67898941 182.93949890
v -26.24472046 -8.51533890 183.95196533
v -26.24472046 -7.24737167 184.83027649
v -26.24472046 -5.89047813 185.56376648
v -26.24472046 -4.46113014 186.14353943
v -26.24472046 -2.97667694 186.56256104
v -26.24472046 0.08081470 177.89997864
v -26.24472046 0.99952245 177.81442261
v -26.24472046 1.88686526 177.56149292
v -26.24472046 2.71262550 177.14984131
v -26.24472046 3.44868326 176.59346008
v -26.24472046 4.06997299 175.91128540
v -26.24472046 4.55533695 175.12658691
v -26.24472046 4.88824701 174.26605225
v -26.24472046 5.05736637 173.35899353
v -26.24472046 5.05693531 172.43630981
v -26.24472046 4.88696957 171.52941895
v -26.24472046 4.55325603 170.66920471
v -26.24472046 4.06715965 169.88494873
v -26.24472046 3.44523335 169.20336914
v -26.24472046 2.70865655 168.64767456
v -26.24472046 1.88251209 168.23678589
v -26.24472046 0.99493361 167.98469543
v -26.24472046 0.07614635 167.89997864
v -26.24472046 -0.84256136 167.98554993
v -26.24472046 -1.72990417 168.23846436
v -26.24472046 -2.55566454 168.65013123
v -26.24472046 -3.29172230 169.20651245
v -26.24472046 -3.91301179 169.88867188
v -26.24472046 -4.39837599 170.67338562
v -26.24472046 -4.73128605 171.53390503
v -26.24472046 -4.90040541 172.44096375
v -26.24472046 -4.89997435 173.36364746
v -26.24472046 -4.73000860 174.27053833
v -26.24472046 -4.39629507 175.13076782
v -26.24472046 -3.91019845 175.91502380
v -26.24472046 -3.28827238 176.59660339
v -26.24472046 -2.55169535 177.15229797
v -26.24472046 -1.72555101 177.56318665
v -26.24472046 -0.83797252 177.81527710
v -28.04471970 -0.83797252 177.81527710
v -28.04471970 0.08081470 177.89997864
v -28.04471970 0.99952245 177.81442261
v -28.04471970 1.88686526 177.56149292
v -28.04471970 2.71262550 177.14984131
v -28.04471970 3.44868326 176.59346008
v -28.04471970 4.06997299 175.91128540
v -28.04471970 4.55533695 175.12658691
v -28.04471970 4.88824701 174.26605225
v -28.04471970 5.05736637 173.35899353
v -28.04471970 5.05693531 172.43630981
v -28.04471970 4.88696957 171.52941895
v -28.04471970 4.55325603 170.66920471
v -28.04471970 4.06715965 169.88494873
v -28.04471970 3.44523335 169.20336914
v -28.04471970 2.70865655 168.64767456
v -28.04471970 1.88251209 168.23678589
v -28.04471970 0.99493361 167.98469543
v -28.04471970 0.07614635 167.89997864
v -28.04471970 -0.84256136 167.98554993
v -28.04471970 -1.72990417 168.23846436
v -28.04471970 -2.55566454 168.65013123
v -28.04471970 -3.29172230 169.20651245
v -28.04471970 -3.91301179 169.88867188
v -28.04471970 -4.39837599 170.67338562
v -28.04471970 -4.73128605 171.53390503
v -28.04471970 -4.90040541 172.44096375
v -28.04471970 -4.89997435 173.36364746
v -28.04471970 -4.73000860 174.27053833
v -28.04471970 -4.39629507 175.13076782
v -28.04471970 -3.91019845 175.91502380
v -28.04471970 -3.28827238 176.59660339
v -28.04471970 -2.55169535 177.15229797
v -28.04471970 -1.72555101 177.56318665
v -28.04471970 0.07976432 175.64997864
v -28.04471970 0.76362109 175.56326294
v -28.04471970 1.40442801 175.30920410
v -28.04471970 1.96192074 174.90376282
v -28.04471970 2.40106988 174.37242126
v -28.04471970 2.69428229 173.74855042
v -28.04471970 2.82313442 173.07138062
v -28.04471970 2.77952957 172.38342285
v -28.04471970 2.56620812 171.72792053
v -28.04471970 2.19657350 171.14607239
v -28.04471970 1.69385123 170.67443848
v -28.04471970 1.08962929 170.34262085
v -28.04471970 0.42187321 170.17150879
v -28.04471970 -0.26745951 170.17182922
v -28.04471970 -0.93505555 170.34356689
v -28.04471970 -1.53896737 170.67593384
v -28.04471970 -2.04124904 171.14805603
v -28.04471970 -2.41034031 171.73025513
v -28.04471970 -2.62304974 172.38594055
v -28.04471970 -2.66601205 173.07394409
v -28.04471970 -2.53652787 173.75100708
v -28.04471970 -2.24273324 174.37458801
v -28.04471970 -1.80308795 174.90551758
v -28.04471970 -1.24521697 175.31044006
v -28.04471970 -0.60417312 175.56390381
v -31.04471970 -0.60417312 175.56390381
v -31.04471970 0.07976432 175.64997864
v -31.04471970 0.76362109 175.56326294
v -31.04471970 1.40442801 175.30920410
v -31.04471970 1.96192074 174.90376282
v -31.04471970 2.40106988 174.37242126
v -31.04471970 2.69428229 173.74855042
v -31.04471970 2.82313442 173.07138062
v -31.04471970 2.77952957 172.38342285
v -31.04471970 2.56620812 171.72792053
v -31.04471970 2.19657350 171.14607239
v -31.04471970 1.69385123 170.67443848
v -31.04471970 1.08962929 170.34262085
v -31.04471970 0.42187321 170.17150879
v -31.04471970 -0.26745951 170.17182922
v -31.04471970 -0.93505555 170.34356689
v -31.04471970 -1.53896737 170.67593384
v -31.04471970 -2.04124904 171.14805603
v -31.04471970 -2.41034031 171.73025513
v -31.04471970 -2.62304974 172.38594055
v -31.04471970 -2.66601205 173.07394409
v -31.04471970 -2.53652787 173.75100708
v -31.04471970 -2.24273324 174.37458801
v -31.04471970 -1.80308795 174.90551758
v -31.04471970 -1.24521697 175.31044006
v 16.75527954 21.16944504 153.54013062
v 16.75527954 21.16043472 134.24014282
v 16.75527954 21.15485573 122.29013824
v 16.75527954 21.18236732 181.22119141
v 16.75527954 23.66944504 153.53897095
v 16.75527954 23.66043472 134.23896790
v 16.75527954 -21.01762772 181.24089050
v 16.75527954 -21.03055000 153.55982971
v 16.75527954 -21.03956032 134.25984192
v 16.75527954 -21.04513931 122.30983734
v 16.75527954 -23.53956032 134.26100159
v 16.75527954 -23.53055000 153.56100464
v 16.75527954 17.39729500 175.79183960
v 16.75527954 17.09311867 176.09126282
v 16.75527954 16.89762306 176.47067261
v 16.75527954 16.83034515 176.89216614
v 16.75527954 16.89801598 177.31358337
v 16.75527954 17.09386635 177.69282532
v 16.75527954 17.39832115 177.99195862
v -17.24472046 -21.03055000 153.55982971
v -17.24472046 -21.03956032 134.25984192
v -17.24472046 -21.04513931 122.30983734
v -17.24472046 -21.01762772 181.24089050
v -17.24472046 -23.53055000 153.56100464
v -17.24472046 -23.53956032 134.26100159
v -17.24472046 21.18236732 181.22119141
v -17.24472046 21.16944504 153.54013062
v -17.24472046 21.16043472 134.24014282
v -17.24472046 21.15485573 122.29013824
v -17.24472046 23.66043472 134.23896790
v -17.24472046 23.66944504 153.53897095
v -17.24472046 17.39832115 177.99195862
v -17.24472046 17.09386635 177.69282532
v -17.24472046 16.89801598 177.31358337
v -17.24472046 16.83034515 176.89216614
v -17.24472046 16.89762306 176.47067261
v -17.24472046 17.09311867 176.09126282
v -17.24472046 17.39729500 175.79183960
v 2.47391748 11.38477325 122.29470062
v 2.55528021 12.05485725 122.29438782
v 2.47391748 12.72494125 122.29407501
v 2.23455715 13.35608196 122.29377747
v 1.85111046 13.91160107 122.29351807
v 1.34586155 14.35921192 122.29331207
v 0.74817401 14.67290211 122.29316711
v 0.09278302 14.83444214 122.29309082
v -0.58222240 14.83444214 122.29309082
v -1.23761332 14.67290211 122.29316711
v -1.83530092 14.35921192 122.29331207
v -2.34054971 13.91160107 122.29351807
v 2.23455715 10.75363255 122.29499054
v 10.16469860 2.35921335 122.29891205
v 10.76238632 2.67290378 122.29876709
v 9.65945053 1.91160190 122.29911804
v 1.85111046 10.19811440 122.29524994
v 9.27600384 1.35608339 122.29937744
v 1.34586155 9.75050259 122.29546356
v 9.03664303 0.72494245 122.29967499
v 0.74817401 9.43681240 122.29560852
v 8.95528030 0.05485868 122.29998779
v 0.09278302 9.27527237 122.29568481
v 0.09278302 -9.16555500 122.30429077
v -0.58222240 -9.16555500 122.30429077
v -0.58222240 9.27527237 122.29568481
v -9.44471931 0.05485868 122.29998779
v -1.23761332 9.43681240 122.29560852
v -9.52608299 0.72494245 122.29967499
v -1.83530092 9.75050259 122.29546356
v -9.76544285 1.35608339 122.29937744
v -2.34054971 10.19811440 122.29524994
v -10.14888954 1.91160190 122.29911804
v -2.72399664 10.75363255 122.29499054
v -10.65413857 2.35921335 122.29891205
v -2.96335673 11.38477325 122.29470062
v -3.04471970 12.05485725 122.29438782
v -2.96335673 12.72494125 122.29407501
v -2.72399664 13.35608196 122.29377747
v -1.23761332 -9.32709503 122.30436707
v -9.52608299 -0.61522514 122.30030060
v -1.83530092 -9.64078522 122.30451202
v -9.76544285 -1.24636602 122.30059814
v -2.34054971 -10.08839703 122.30472565
v -10.14888954 -1.80188453 122.30085754
v -2.72399664 -10.64391518 122.30498505
v -10.65413857 -2.24949598 122.30106354
v -2.96335673 -11.27505589 122.30527496
v -3.04471970 -11.94513988 122.30558777
v -2.96335673 -12.61522388 122.30590057
v -2.72399664 -13.24636459 122.30619812
v -2.34054971 -13.80188370 122.30645752
v -11.25182629 -2.56318641 122.30120850
v -11.90721703 -2.72472596 122.30128479
v -12.58222198 -2.72472596 122.30128479
v -13.23761368 -2.56318641 122.30120850
v -13.83530140 -2.24949598 122.30106354
v -14.34054947 -1.80188453 122.30085754
v -14.72399616 -1.24636602 122.30059814
v -14.96335697 -0.61522514 122.30030060
v -15.04471970 0.05485868 122.29998779
v -14.96335697 0.72494245 122.29967499
v -14.72399616 1.35608339 122.29937744
v -14.34054947 1.91160190 122.29911804
v -13.83530140 2.35921335 122.29891205
v -13.23761368 2.67290378 122.29876709
v -12.58222198 2.83444333 122.29869080
v -11.90721703 2.83444333 122.29869080
v -11.25182629 2.67290378 122.29876709
v 14.47391701 -0.61522514 122.30030060
v 14.55528069 0.05485868 122.29998779
v 14.47391701 0.72494245 122.29967499
v 14.23455715 1.35608339 122.29937744
v 13.85111046 1.91160190 122.29911804
v 13.34586143 2.35921335 122.29891205
v 12.74817371 2.67290378 122.29876709
v 12.09278297 2.83444333 122.29869080
v 11.41777802 2.83444333 122.29869080
v 14.23455715 -1.24636602 122.30059814
v 13.85111046 -1.80188453 122.30085754
v 13.34586143 -2.24949598 122.30106354
v 12.74817371 -2.56318641 122.30120850
v 12.09278297 -2.72472596 122.30128479
v 11.41777802 -2.72472596 122.30128479
v 10.76238632 -2.56318641 122.30120850
v 10.16469860 -2.24949598 122.30106354
v 2.23455715 -10.64391518 122.30498505
v 9.65945053 -1.80188453 122.30085754
v 1.85111046 -10.08839703 122.30472565
v 9.27600384 -1.24636602 122.30059814
v 1.34586155 -9.64078522 122.30451202
v 9.03664303 -0.61522514 122.30030060
v 0.74817401 -9.32709503 122.30436707
v 2.47391748 -12.61522388 122.30590057
v 2.55528021 -11.94513988 122.30558777
v 2.47391748 -11.27505589 122.30527496
v 2.23455715 -13.24636459 122.30619812
v 1.85111046 -13.80188370 122.30645752
v 1.34586155 -14.24949455 122.30666351
v 0.74817401 -14.56318474 122.30680847
v 0.09278302 -14.72472477 122.30688477
v -0.58222240 -14.72472477 122.30688477
v -1.23761332 -14.56318474 122.30680847
v -1.83530092 -14.24949455 122.30666351
v 1.66491246 20.95244408 89.29022980
v -0.24471968 21.03945160 89.29018402
v -0.24471968 17.03945160 89.29205322
v -2.15435171 20.95244408 89.29022980
v -1.96458113 16.95223045 89.29209900
v -4.04816008 20.69214630 89.29035187
v -3.66679454 16.69145966 89.29222107
v -5.91045189 20.26071358 89.29055023
v -5.33389282 16.25981903 89.29241943
v -7.72579575 19.66172218 89.29083252
v -6.94876909 15.66173458 89.29270172
v -9.47914886 18.90013313 89.29118347
v -8.49485302 14.90334415 89.29305267
v -11.15598297 17.98225784 89.29161835
v -9.95627975 13.99242973 89.29347992
v -12.74240208 16.91570473 89.29211426
v -11.31805229 12.93834019 89.29396820
v -14.22526264 15.70930862 89.29267883
v -12.56619740 11.75188923 89.29452515
v -15.59227467 14.37306786 89.29329681
v -13.68790722 10.44525337 89.29513550
v -16.83211327 12.91805363 89.29397583
v -17.93450356 11.35632324 89.29470825
v -14.67167187 9.03184032 89.29579163
v -18.89030838 9.70081806 89.29547882
v -15.50739670 7.52615309 89.29649353
v -19.69161224 7.96525526 89.29628754
v -16.18650627 5.94364166 89.29723358
v -20.33177376 6.16401720 89.29713440
v -16.70203018 4.30054569 89.29800415
v -20.80548477 4.31202888 89.29799652
v -17.04868126 2.61372495 89.29878998
v -21.10882568 2.42463684 89.29888153
v -17.22290039 0.90048891 89.29959106
v -21.23927879 0.51748025 89.29976654
v -17.22290039 -0.82158267 89.30039215
v -21.19576454 -1.39363742 89.30065918
v -17.04868126 -2.53481889 89.30119324
v -20.97864151 -3.29288006 89.30154419
v -16.70203018 -4.22163963 89.30197906
v -20.58971405 -5.16450977 89.30242157
v -20.03219986 -6.99301815 89.30327606
v -16.18650627 -5.86473560 89.30274963
v -19.31072044 -8.76325321 89.30410004
v -15.50739670 -7.44724655 89.30348969
v -18.43125343 -10.46054554 89.30489349
v -14.67167187 -8.95293427 89.30419159
v -17.40108681 -12.07083225 89.30564117
v -13.68790722 -10.36634731 89.30484772
v -16.22875786 -13.58076954 89.30635071
v -12.56619740 -11.67298317 89.30545807
v -14.92398071 -14.97784519 89.30699921
v -11.31805229 -12.85943317 89.30601501
v -13.49756622 -16.25048256 89.30759430
v -9.95627975 -13.91352367 89.30650330
v -11.96133423 -17.38813591 89.30812836
v -8.49485302 -14.82443810 89.30693054
v -10.32801533 -18.38138008 89.30859375
v -6.94876909 -15.58282757 89.30728149
v -8.61114216 -19.22198296 89.30898285
v -6.82494307 -19.90297890 89.30930328
v -5.33389282 -16.18091202 89.30756378
v -4.98421764 -20.41872597 89.30953979
v -3.66679454 -16.61255455 89.30776215
v -3.10421920 -20.76494980 89.30970001
v -1.96458113 -16.87332344 89.30788422
v -1.20052624 -20.93878174 89.30978394
v -0.24471968 -16.96054459 89.30792999
v 0.71108687 -20.93878174 89.30978394
v 1.47514176 -16.87332344 89.30788422
v 2.61477995 -20.76494980 89.30970001
v 3.17735505 -16.61255455 89.30776215
v 4.49477816 -20.41872597 89.30953979
v 4.84445333 -16.18091202 89.30756378
v 6.33550358 -19.90297890 89.30930328
v 6.45933008 -15.58282757 89.30728149
v 8.12170315 -19.22198296 89.30898285
v 9.83857632 -18.38138008 89.30859375
v 8.00541401 -14.82443810 89.30693054
v 11.47189522 -17.38813591 89.30812836
v 9.46683979 -13.91352367 89.30650330
v 13.00812721 -16.25048256 89.30759430
v 10.82861233 -12.85943317 89.30601501
v 14.43454170 -14.97784519 89.30699921
v 12.07675743 -11.67298317 89.30545807
v 15.73931885 -13.58076954 89.30635071
v 13.19846821 -10.36634731 89.30484772
v 16.91164780 -12.07083225 89.30564117
v 14.18223286 -8.95293427 89.30419159
v 17.94181442 -10.46054554 89.30489349
v 15.01795769 -7.44724655 89.30348969
v 18.82127953 -8.76325321 89.30410004
v 15.69706631 -5.86473560 89.30274963
v 19.54275894 -6.99301815 89.30327606
v 16.21259117 -4.22163963 89.30197906
v 20.10027313 -5.16450977 89.30242157
v 20.48920250 -3.29288006 89.30154419
v 16.55924225 -2.53481889 89.30119324
v 20.70632362 -1.39363742 89.30065918
v 16.73346138 -0.82158267 89.30039215
v 20.74983978 0.51748025 89.29976654
v 16.73346138 0.90048891 89.29959106
v 20.61938667 2.42463684 89.29888153
v 16.55924225 2.61372495 89.29878998
v 20.31604576 4.31202888 89.29799652
v 16.21259117 4.30054569 89.29800415
v 19.84233284 6.16401720 89.29713440
v 15.69706631 5.94364166 89.29723358
v 19.20217323 7.96525526 89.29628754
v 15.01795769 7.52615309 89.29649353
v 18.40086937 9.70081806 89.29547882
v 14.18223286 9.03184032 89.29579163
v 17.44506264 11.35632324 89.29470825
v 13.19846821 10.44525337 89.29513550
v 16.34267426 12.91805363 89.29397583
v 15.10283566 14.37306786 89.29329681
v 12.07675743 11.75188923 89.29452515
v 13.73582268 15.70930862 89.29267883
v 10.82861233 12.93834019 89.29396820
v 12.25296307 16.91570473 89.29211426
v 9.46683979 13.99242973 89.29347992
v 10.66654301 17.98225784 89.29161835
v 8.00541401 14.90334415 89.29305267
v 8.98970985 18.90013313 89.29118347
v 6.45933008 15.66173458 89.29270172
v 7.23635626 19.66172218 89.29083252
v 4.84445333 16.25981903 89.29241943
v 5.42101240 20.26071358 89.29055023
v 3.17735505 16.69145966 89.29222107
v 3.55872083 20.69214630 89.29035187
v 1.47514176 16.95223045 89.29209900
v -15.04471970 1.65295255 82.69923401
v -15.04471970 -1.58020854 82.70074463
v -15.04471970 1.65122533 78.99923706
v -15.04471970 -1.58193588 79.00074768
v -12.24471951 3.26780581 78.99848175
v -12.24471951 3.26953316 82.69848633
v -9.44471931 1.65122533 78.99923706
v -9.44471931 1.65295255 82.69923401
v -9.44471931 -1.58020854 82.70074463
v -9.44471931 -1.58193588 79.00074768
v -12.24471951 -3.19851637 79.00150299
v -12.24471951 -3.19678903 82.70149994
v -13.00623512 -1.37078583 82.70064545
v -12.50807095 -1.54180586 82.70072937
v -11.98136806 -1.54180586 82.70072937
v -13.83925533 -0.09575492 82.70005035
v -13.70995712 -0.60634059 82.70029449
v -13.42187786 -1.04727840 82.70050049
v -13.22745991 1.29899669 82.69940186
v -13.58418560 0.91148895 82.69958496
v -13.79576015 0.42914876 82.69980621
v -11.26197910 1.29899669 82.69940186
v -11.72520065 1.54967940 82.69928741
v -12.24471951 1.63637185 82.69924164
v -10.65018463 -0.09575492 82.70005035
v -10.69367886 0.42914876 82.69980621
v -10.90525341 0.91148895 82.69958496
v -11.48320389 -1.37078583 82.70064545
v -11.06756115 -1.04727840 82.70050049
v -10.77948189 -0.60634059 82.70029449
v -12.76423931 1.54967940 82.69928741
v 2.98844171 -11.96535397 79.00559235
v 2.98844171 -11.96362686 82.70559692
v 1.37186110 -9.16535473 79.00428772
v 1.37186110 -9.16362667 82.70428467
v 1.37186110 -14.76362610 82.70690155
v 1.37186110 -14.76535320 79.00690460
v -1.86130047 -14.76535320 79.00690460
v -1.86130047 -14.76362610 82.70690155
v -3.47788119 -11.96535397 79.00559235
v -3.47788119 -11.96362686 82.70559692
v -1.86130047 -9.16362667 82.70428467
v -1.86130047 -9.16535473 79.00428772
v -0.24471968 -10.36362648 82.70484924
v -0.76423883 -10.45031929 82.70488739
v -1.22746003 -10.70100212 82.70500183
v 1.09474671 -11.08850956 82.70518494
v 0.73802066 -10.70100212 82.70500183
v 0.27479947 -10.45031929 82.70488739
v 1.22051764 -12.60633945 82.70589447
v 1.34981549 -12.09575367 82.70565796
v 1.30632079 -11.57085037 82.70541382
v 0.01863166 -13.54180431 82.70632935
v 0.51679617 -13.37078476 82.70625305
v 0.93243855 -13.04727745 82.70610046
v -1.70995700 -12.60633945 82.70589447
v -1.42187798 -13.04727745 82.70610046
v -1.00623548 -13.37078476 82.70625305
v -1.58418608 -11.08850956 82.70518494
v -1.79576015 -11.57085037 82.70541382
v -1.83925486 -12.09575367 82.70565796
v -0.50807101 -13.54180431 82.70632935
v 2.98844171 12.03464317 78.99439240
v 2.98844171 12.03637028 82.69438934
v 1.37186110 14.83464336 78.99308014
v 1.37186110 14.83637047 82.69308472
v 1.37186110 9.23637104 82.69569397
v 1.37186110 9.23464394 78.99569702
v -1.86130047 9.23464394 78.99569702
v -1.86130047 9.23637104 82.69569397
v -3.47788119 12.03464317 78.99439240
v -3.47788119 12.03637028 82.69438934
v -1.86130047 14.83637047 82.69308472
v -1.86130047 14.83464336 78.99308014
v -0.24471968 13.63637066 82.69364166
v -0.76423883 13.54967785 82.69367981
v -1.22746003 13.29899502 82.69380188
v 1.09474671 12.91148758 82.69398499
v 0.73802066 13.29899502 82.69380188
v 0.27479947 13.54967785 82.69367981
v 1.22051764 11.39365768 82.69468689
v 1.34981549 11.90424347 82.69445038
v 1.30632079 12.42914772 82.69420624
v 0.01863166 10.45819283 82.69512939
v 0.51679617 10.62921333 82.69504547
v 0.93243855 10.95272064 82.69489288
v -1.70995700 11.39365768 82.69468689
v -1.42187798 10.95272064 82.69489288
v -1.00623548 10.62921333 82.69504547
v -1.58418608 12.91148758 82.69398499
v -1.79576015 12.42914772 82.69420624
v -1.83925486 11.90424347 82.69445038
v -0.50807101 10.45819283 82.69512939
v 14.55528069 1.65122533 78.99923706
v 14.55528069 1.65295255 82.69923401
v 11.75528049 3.26780581 78.99848175
v 11.75528049 3.26953316 82.69848633
v 14.55528069 -1.58020854 82.70074463
v 14.55528069 -1.58193588 79.00074768
v 11.75528049 -3.19851637 79.00150299
v 11.75528049 -3.19678903 82.70149994
v 8.95528030 -1.58193588 79.00074768
v 8.95528030 -1.58020854 82.70074463
v 8.95528030 1.65295255 82.69923401
v 8.95528030 1.65122533 78.99923706
v 10.77254009 1.29899669 82.69940186
v 10.41581440 0.91148895 82.69958496
v 10.20423985 0.42914876 82.69980621
v 12.73802090 1.29899669 82.69940186
v 12.27479935 1.54967940 82.69928741
v 11.75528049 1.63637185 82.69924164
v 13.34981537 -0.09575492 82.70005035
v 13.30632114 0.42914876 82.69980621
v 13.09474659 0.91148895 82.69958496
v 12.51679611 -1.37078583 82.70064545
v 12.93243885 -1.04727840 82.70050049
v 13.22051811 -0.60634059 82.70029449
v 10.99376488 -1.37078583 82.70064545
v 11.49192905 -1.54180586 82.70072937
v 12.01863194 -1.54180586 82.70072937
v 10.16074467 -0.09575492 82.70005035
v 10.29004288 -0.60634059 82.70029449
v 10.57812214 -1.04727840 82.70050049
v 11.23576069 1.54967940 82.69928741
v 14.56793594 -1.56475091 103.80074310
v 14.63342857 -0.76371527 96.80036926
v 14.65528011 0.04622223 103.79998779
v 14.63342857 0.84962404 96.79961395
v 14.56793594 1.65719545 103.79924011
v 14.45899582 2.45350599 96.79886627
v 14.30692673 3.24928141 103.79849243
v 14.11217499 4.02912617 96.79812622
v 13.87531281 4.80381441 103.79776764
v 13.59703350 5.55801249 96.79741669
v 13.27815437 6.30256939 103.79706573
v 12.91961002 7.02223921 96.79673004
v 12.52245235 7.72797394 103.79640198
v 12.08784676 8.40464115 96.79608917
v 11.61706734 9.06331730 103.79578400
v 11.11149502 9.68900871 96.79548645
v 10.57261276 10.29294300 103.79520416
v 10.00200272 10.86028576 96.79493713
v 9.40133572 11.40243530 103.79468536
v 8.77237606 11.90473938 96.79445648
v 8.11696720 12.37878704 103.79423523
v 7.43703270 12.81012535 96.79402924
v 6.73456621 13.21055031 103.79384613
v 6.01162815 13.56582642 96.79367828
v 5.27033901 13.88797379 103.79352570
v 4.51287317 14.16298485 96.79339600
v 3.74145246 14.40311527 103.79328918
v 2.95833993 14.59459877 96.79319763
v 2.16583204 14.74993610 103.79312897
v 1.36625373 14.85560799 96.79307556
v 0.56195003 14.92436886 103.79304504
v -0.24471968 14.94295311 96.79303741
v -1.05138946 14.92436886 103.79304504
v -1.85569310 14.85560799 96.79307556
v -2.65527153 14.74993610 103.79312897
v -3.44777918 14.59459877 96.79319763
v -4.23089170 14.40311527 103.79328918
v -5.00231266 14.16298485 96.79339600
v -5.75977802 13.88797379 103.79352570
v -6.50106716 13.56582642 96.79367828
v -7.22400522 13.21055031 103.79384613
v -7.92647219 12.81012535 96.79402924
v -8.60640717 12.37878704 103.79423523
v -9.26181507 11.90473938 96.79445648
v -9.89077568 11.40243530 103.79468536
v -10.49144173 10.86028576 96.79493713
v -11.06205273 10.29294300 103.79520416
v -11.60093403 9.68900871 96.79548645
v -12.10650635 9.06331730 103.79578400
v -12.57728577 8.40464115 96.79608917
v -13.01189137 7.72797394 103.79640198
v -13.40904903 7.02223921 96.79673004
v -13.76759338 6.30256939 103.79706573
v -14.08647251 5.55801249 96.79741669
v -14.36475182 4.80381441 103.79776764
v -14.60161495 4.02912617 96.79812622
v -14.79636574 3.24928141 103.79849243
v -14.94843483 2.45350599 96.79886627
v -15.05737495 1.65719545 103.79924011
v -15.12286758 0.84962404 96.79961395
v -15.14472008 0.04622223 103.79998779
v -15.12286758 -0.76371527 96.80036926
v -15.05737495 -1.56475091 103.80074310
v -14.94843483 -2.36759710 96.80111694
v -14.79636574 -3.15683699 103.80148315
v -14.60161495 -3.94321752 96.80184937
v -14.36475182 -4.71136999 103.80220795
v -14.08647251 -5.47210360 96.80256653
v -13.76759338 -6.21012449 103.80290985
v -13.40904903 -6.93633080 96.80324554
v -13.01189137 -7.63552952 103.80357361
v -12.57728577 -8.31873226 96.80389404
v -12.10650635 -8.97087288 103.80419922
v -11.60093403 -9.60309982 96.80449677
v -11.06205273 -10.20049858 103.80477142
v -10.49144173 -10.77437687 96.80503845
v -9.89077568 -11.30999088 103.80529022
v -9.26181507 -11.81883144 96.80552673
v -8.60640717 -12.28634262 103.80574799
v -7.92647219 -12.72421646 96.80595398
v -7.22400522 -13.11810589 103.80613708
v -6.50106716 -13.47991753 96.80630493
v -5.75977802 -13.79552937 103.80644989
v -5.00231266 -14.07707596 96.80657959
v -4.23089170 -14.31067085 103.80669403
v -3.44777918 -14.50868988 96.80678558
v -2.65527153 -14.65749168 103.80685425
v -1.85569310 -14.76969910 96.80690765
v -1.05138946 -14.83192444 103.80693817
v -0.24471968 -14.85704422 96.80694580
v 0.56195003 -14.83192444 103.80693817
v 1.36625373 -14.76969910 96.80690765
v 2.16583204 -14.65749168 103.80685425
v 2.95833993 -14.50868988 96.80678558
v 3.74145246 -14.31067085 103.80669403
v 4.51287317 -14.07707596 96.80657959
v 5.27033901 -13.79552937 103.80644989
v 6.01162815 -13.47991753 96.80630493
v 6.73456621 -13.11810589 103.80613708
v 7.43703270 -12.72421646 96.80595398
v 8.11696720 -12.28634262 103.80574799
v 8.77237606 -11.81883144 96.80552673
v 9.40133572 -11.30999088 103.80529022
v 10.00200272 -10.77437687 96.80503845
v 10.57261276 -10.20049858 103.80477142
v 11.11149502 -9.60309982 96.80449677
v 11.61706734 -8.97087288 103.80419922
v 12.08784676 -8.31873226 96.80389404
v 12.52245235 -7.63552952 103.80357361
v 12.91961002 -6.93633080 96.80324554
v 13.27815437 -6.21012449 103.80290985
v 13.59703350 -5.47210360 96.80256653
v 13.87531281 -4.71136999 103.80220795
v 14.11217499 -3.94321752 96.80184937
v 14.30692673 -3.15683699 103.80148315
v 14.45899582 -2.36759710 96.80111694
v -1.96458113 -16.86982155 96.80788422
v -0.24471968 -16.95704460 96.80792999
v 1.47514176 -16.86982155 96.80788422
v 3.17735505 -16.60905266 96.80776215
v 4.84445333 -16.17741203 96.80756378
v 6.45933008 -15.57932663 96.80728149
v 8.00541401 -14.82093620 96.80693054
v 9.46683979 -13.91002274 96.80650330
v 10.82861233 -12.85593224 96.80601501
v 12.07675743 -11.66948223 96.80545807
v 13.19846821 -10.36284637 96.80484772
v 14.18223286 -8.94943237 96.80419159
v 15.01795769 -7.44374514 96.80348206
v 15.69706631 -5.86123419 96.80274963
v 16.21259117 -4.21813822 96.80197906
v 16.55924225 -2.53131747 96.80119324
v 16.73346138 -0.81808138 96.80039215
v 16.73346138 0.90399015 96.79959106
v 16.55924225 2.61722636 96.79878998
v 16.21259117 4.30404711 96.79800415
v 15.69706631 5.94714308 96.79723358
v 15.01795769 7.52965403 96.79649353
v 14.18223286 9.03534126 96.79579163
v 13.19846821 10.44875526 96.79513550
v 12.07675743 11.75539112 96.79452515
v 10.82861233 12.94184113 96.79396820
v 9.46683979 13.99593163 96.79347992
v 8.00541401 14.90684509 96.79305267
v 6.45933008 15.66523552 96.79269409
v 4.84445333 16.26332092 96.79241943
v 3.17735505 16.69496155 96.79221344
v 1.47514176 16.95573044 96.79209137
v -0.24471968 17.04295158 96.79205322
v -1.96458113 16.95573044 96.79209137
v -3.66679454 16.69496155 96.79221344
v -5.33389282 16.26332092 96.79241943
v -6.94876909 15.66523552 96.79269409
v -8.49485302 14.90684509 96.79305267
v -9.95627975 13.99593163 96.79347992
v -11.31805229 12.94184113 96.79396820
v -12.56619740 11.75539112 96.79452515
v -13.68790722 10.44875526 96.79513550
v -14.67167187 9.03534126 96.79579163
v -15.50739670 7.52965403 96.79649353
v -16.18650627 5.94714308 96.79723358
v -16.70203018 4.30404711 96.79800415
v -17.04868126 2.61722636 96.79878998
v -17.22290039 0.90399015 96.79959106
v -17.22290039 -0.81808138 96.80039215
v -17.04868126 -2.53131747 96.80119324
v -16.70203018 -4.21813822 96.80197906
v -16.18650627 -5.86123419 96.80274963
v -15.50739670 -7.44374514 96.80348206
v -14.67167187 -8.94943237 96.80419159
v -13.68790722 -10.36284637 96.80484772
v -12.56619740 -11.66948223 96.80545807
v -11.31805229 -12.85593224 96.80601501
v -9.95627975 -13.91002274 96.80650330
v -8.49485302 -14.82093620 96.80693054
v -6.94876909 -15.57932663 96.80728149
v -5.33389282 -16.17741203 96.80756378
v -3.66679454 -16.60905266 96.80776215
v -2.15435171 20.94763565 78.99022675
v -0.24471968 21.03464317 78.99018860
v 1.66491246 20.94763565 78.99022675
v 3.55872083 20.68733788 78.99034882
v 5.42101240 20.25590515 78.99055481
v 7.23635626 19.65691376 78.99082947
v 8.98970985 18.89532471 78.99118805
v 10.66654301 17.97744942 78.99161530
v 12.25296307 16.91089630 78.99211121
v 13.73582268 15.70450020 78.99267578
v 15.10283566 14.36825943 78.99330139
v 16.34267426 12.91324520 78.99398041
v 17.44506264 11.35151482 78.99471283
v 18.40086937 9.69600964 78.99548340
v 19.20217323 7.96044683 78.99629211
v 19.84233284 6.15920877 78.99713135
v 20.31604576 4.30722046 78.99800110
v 20.61938667 2.41982841 78.99887848
v 20.74983978 0.51267183 78.99977112
v 20.70632362 -1.39844584 79.00066376
v 20.48920250 -3.29768848 79.00154877
v 20.10027313 -5.16931820 79.00241852
v 19.54275894 -6.99782658 79.00327301
v 18.82127953 -8.76806164 79.00410461
v 17.94181442 -10.46535397 79.00489044
v 16.91164780 -12.07564068 79.00564575
v 15.73931885 -13.58557796 79.00634766
v 14.43454170 -14.98265362 79.00700378
v 13.00812721 -16.25529099 79.00759888
v 11.47189522 -17.39294434 79.00812531
v 9.83857632 -18.38618851 79.00859070
v 8.12170315 -19.22679138 79.00898743
v 6.33550358 -19.90778732 79.00930023
v 4.49477816 -20.42353439 79.00954437
v 2.61477995 -20.76975822 79.00970459
v 0.71108687 -20.94359016 79.00978851
v -1.20052624 -20.94359016 79.00978851
v -3.10421920 -20.76975822 79.00970459
v -4.98421764 -20.42353439 79.00954437
v -6.82494307 -19.90778732 79.00930023
v -8.61114216 -19.22679138 79.00898743
v -10.32801533 -18.38618851 79.00859070
v -11.96133423 -17.39294434 79.00812531
v -13.49756622 -16.25529099 79.00759888
v -14.92398071 -14.98265362 79.00700378
v -16.22875786 -13.58557796 79.00634766
v -17.40108681 -12.07564068 79.00564575
v -18.43125343 -10.46535397 79.00489044
v -19.31072044 -8.76806164 79.00410461
v -20.03219986 -6.99782658 79.00327301
v -20.58971405 -5.16931820 79.00241852
v -20.97864151 -3.29768848 79.00154877
v -21.19576454 -1.39844584 79.00066376
v -21.23927879 0.51267183 78.99977112
v -21.10882568 2.41982841 78.99887848
v -20.80548477 4.30722046 78.99800110
v -20.33177376 6.15920877 78.99713135
v -19.69161224 7.96044683 78.99629211
v -18.89030838 9.69600964 78.99548340
v -17.93450356 11.35151482 78.99471283
v -16.83211327 12.91324520 78.99398041
v -15.59227467 14.36825943 78.99330139
v -14.22526264 15.70450020 78.99267578
v -12.74240208 16.91089630 78.99211121
v -11.15598297 17.97744942 78.99161530
v -9.47914886 18.89532471 78.99118805
v -7.72579575 19.65691376 78.99082947
v -5.91045189 20.25590515 78.99055481
v -4.04816008 20.68733788 78.99034882
v -8.02289391 9.16281796 78.99572754
v -8.48462105 9.08140373 78.99576569
v 7.99518204 9.08140373 78.99576569
v 7.53345490 9.16281796 78.99572754
v 7.07172775 9.08140373 78.99576569
v 6.66569185 8.84697819 78.99588013
v 8.40121841 8.84697819 78.99588013
v 8.70258904 8.48781872 78.99604797
v 8.86294556 8.04724312 78.99625397
v 8.86294556 7.57839346 78.99646759
v 8.86294556 -7.97795391 79.00373077
v 8.86294556 -7.50910378 79.00351715
v 8.70258904 -7.06852913 79.00331116
v 8.40121841 -6.70936918 79.00314331
v 8.70258904 -8.41852856 79.00393677
v 8.40121841 -8.77768898 79.00410461
v 7.99518204 -9.01211357 79.00421906
v 7.53345490 -9.09352875 79.00425720
v -8.02289391 -9.09352875 79.00425720
v -8.48462105 -9.01211357 79.00421906
v -8.89065742 -8.77768898 79.00410461
v -9.19202900 -8.41852856 79.00393677
v -9.35238457 -7.97795391 79.00373077
v -9.35238457 -7.50910378 79.00351715
v -9.19202900 -7.06852913 79.00331116
v -8.89065742 -6.70936918 79.00314331
v -8.48462105 -6.47494411 79.00302887
v -8.02289391 -6.39352894 79.00299072
v -5.81205368 -2.20249391 79.00103760
v -5.35389471 -3.11119866 79.00145721
v -9.35238457 7.57839346 78.99646759
v -9.35238457 8.04724312 78.99625397
v -9.19202900 8.48781872 78.99604797
v -8.89065742 8.84697819 78.99588013
v 0.76928526 -5.87905025 79.00275421
v -0.24471968 -5.96535444 79.00279236
v -1.25872457 -5.87905025 79.00275421
v -2.24355841 -5.62261915 79.00263214
v -3.17088938 -5.20343924 79.00244141
v -6.69340372 -7.50910378 79.00351715
v -4.01403952 -4.63356924 79.00217438
v -6.85375977 -7.06852913 79.00331116
v -7.15513086 -6.70936918 79.00314331
v 1.75411904 -5.62261915 79.00263214
v 2.68144989 -5.20343924 79.00244141
v 6.20396423 -7.50910378 79.00351715
v 3.52460027 -4.63356924 79.00217438
v 6.36432076 -7.06852913 79.00331116
v 6.66569185 -6.70936918 79.00314331
v 4.25931406 -3.92940307 79.00184631
v 7.07172775 -6.47494411 79.00302887
v 4.86445522 -3.11119866 79.00145721
v 7.53345490 -6.39352894 79.00299072
v 5.32261467 -2.20249391 79.00103760
v 5.62061167 -1.22943079 79.00057983
v 5.74987411 -0.22000247 79.00011444
v 5.70668316 0.79675156 78.99963379
v 5.49228096 1.79158115 78.99917603
v 5.11283541 2.73586679 78.99873352
v 7.53345490 6.46281862 78.99699402
v 7.99518204 6.54423380 78.99695587
v 7.07172775 6.54423380 78.99695587
v 4.57926321 3.60244346 78.99832916
v 6.66569185 6.77865839 78.99684143
v 3.90691352 4.36638069 78.99797058
v 6.36432076 7.13781834 78.99667358
v 3.11512899 5.00570202 78.99767303
v 6.20396423 7.57839346 78.99646759
v 2.22668791 5.50201511 78.99743652
v 1.26714873 5.84104156 78.99728394
v 0.26411587 6.01302910 78.99720001
v -0.75355524 6.01302910 78.99720001
v -1.75658810 5.84104156 78.99728394
v -2.71612716 5.50201511 78.99743652
v -6.69340372 7.57839346 78.99646759
v -6.69340372 8.04724312 78.99625397
v -3.60456848 5.00570202 78.99767303
v -6.85375977 7.13781834 78.99667358
v -4.39635277 4.36638069 78.99797058
v -7.15513086 6.77865839 78.99684143
v -5.06870270 3.60244346 78.99832916
v -7.56116724 6.54423380 78.99695587
v -5.60227489 2.73586679 78.99873352
v -8.02289391 6.46281862 78.99699402
v -8.48462105 6.54423380 78.99695587
v -8.89065742 6.77865839 78.99684143
v -9.19202900 7.13781834 78.99667358
v -5.98171997 1.79158115 78.99917603
v -6.19612217 0.79675156 78.99963379
v -6.23931360 -0.22000247 79.00011444
v -6.11005116 -1.22943079 79.00057983
v -7.56116724 -6.47494411 79.00302887
v -4.74875355 -3.92940307 79.00184631
v -7.56116724 -9.01211357 79.00421906
v -7.15513086 -8.77768898 79.00410461
v -6.85375977 -8.41852856 79.00393677
v -6.69340372 -7.97795391 79.00373077
v 8.40121841 6.77865839 78.99684143
v 8.70258904 7.13781834 78.99667358
v 6.36432076 8.48781872 78.99604797
v 6.20396423 8.04724312 78.99625397
v -6.85375977 8.48781872 78.99604797
v -7.15513086 8.84697819 78.99588013
v -7.56116724 9.08140373 78.99576569
v 7.99518204 -6.47494411 79.00302887
v 6.20396423 -7.97795391 79.00373077
v 6.36432076 -8.41852856 79.00393677
v 6.66569185 -8.77768898 79.00410461
v 7.07172775 -9.01211357 79.00421906
v 7.99518204 -9.00744534 89.00421143
v 7.53345490 -9.08886051 89.00424957
v 7.07172775 -9.00744534 89.00421143
v 6.66569185 -8.77302074 89.00410461
v 6.36432076 -8.41386032 89.00393677
v 6.20396423 -7.97328568 89.00373077
v 6.20396423 -7.50443554 89.00350952
v 6.36432076 -7.06386089 89.00331116
v 6.66569185 -6.70470095 89.00314331
v 7.07172775 -6.47027588 89.00302887
v 7.53345490 -6.38886070 89.00299072
v 7.99518204 -6.47027588 89.00302887
v 8.40121841 -6.70470095 89.00314331
v 8.70258904 -7.06386089 89.00331116
v 8.86294556 -7.50443554 89.00350952
v 8.86294556 -7.97328568 89.00373077
v 8.70258904 -8.41386032 89.00393677
v 8.40121841 -8.77302074 89.00410461
v -7.56116724 6.54890203 88.99695587
v -8.02289391 6.46748686 88.99699402
v -8.48462105 6.54890203 88.99695587
v -8.89065742 6.78332710 88.99684143
v -9.19202900 7.14248705 88.99667358
v -9.35238457 7.58306170 88.99646759
v -9.35238457 8.05191231 88.99625397
v -9.19202900 8.49248695 88.99604797
v -8.89065742 8.85164642 88.99588013
v -8.48462105 9.08607197 88.99576569
v -8.02289391 9.16748714 88.99572754
v -7.56116724 9.08607197 88.99576569
v -7.15513086 8.85164642 88.99588013
v -6.85375977 8.49248695 88.99604797
v -6.69340372 8.05191231 88.99625397
v -6.69340372 7.58306170 88.99646759
v -6.85375977 7.14248705 88.99667358
v -7.15513086 6.78332710 88.99684143
v 7.99518204 6.54890203 88.99695587
v 7.53345490 6.46748686 88.99699402
v 7.07172775 6.54890203 88.99695587
v 6.66569185 6.78332710 88.99684143
v 6.36432076 7.14248705 88.99667358
v 6.20396423 7.58306170 88.99646759
v 6.20396423 8.05191231 88.99625397
v 6.36432076 8.49248695 88.99604797
v 6.66569185 8.85164642 88.99588013
v 7.07172775 9.08607197 88.99576569
v 7.53345490 9.16748714 88.99572754
v 7.99518204 9.08607197 88.99576569
v 8.40121841 8.85164642 88.99588013
v 8.70258904 8.49248695 88.99604797
v 8.86294556 8.05191231 88.99625397
v 8.86294556 7.58306170 88.99646759
v 8.70258904 7.14248705 88.99667358
v 8.40121841 6.78332710 88.99684143
v -7.56116724 -9.00744534 89.00421143
v -8.02289391 -9.08886051 89.00424957
v -8.48462105 -9.00744534 89.00421143
v -8.89065742 -8.77302074 89.00410461
v -9.19202900 -8.41386032 89.00393677
v -9.35238457 -7.97328568 89.00373077
v -9.35238457 -7.50443554 89.00350952
v -9.19202900 -7.06386089 89.00331116
v -8.89065742 -6.70470095 89.00314331
v -8.48462105 -6.47027588 89.00302887
v -8.02289391 -6.38886070 89.00299072
v -7.56116724 -6.47027588 89.00302887
v -7.15513086 -6.70470095 89.00314331
v -6.85375977 -7.06386089 89.00331116
v -6.69340372 -7.50443554 89.00350952
v -6.69340372 -7.97328568 89.00373077
v -6.85375977 -8.41386032 89.00393677
v -7.15513086 -8.77302074 89.00410461
v -7.38878775 10.18400478 88.99525452
v -8.02289391 10.26748657 88.99521637
v -8.65700054 10.18400478 88.99525452
v -9.24789429 9.93924904 88.99536896
v -9.75530624 9.54989815 88.99555206
v -10.14465618 9.04248714 88.99578857
v -10.38941288 8.45159340 88.99606323
v -10.47289467 7.81748676 88.99636078
v -10.38941288 7.18338013 88.99665833
v -10.14465618 6.59248686 88.99693298
v -9.75530624 6.08507538 88.99716949
v -9.24789429 5.69572496 88.99735260
v -8.65700054 5.45096874 88.99746704
v -8.02289391 5.36748695 88.99750519
v -7.38878775 5.45096874 88.99746704
v -6.79789448 5.69572496 88.99735260
v -6.29048252 6.08507538 88.99716949
v -5.90113211 6.59248686 88.99693298
v -5.65637589 7.18338013 88.99665833
v -5.57289410 7.81748676 88.99636078
v -5.65637589 8.45159340 88.99606323
v -5.90113211 9.04248714 88.99578857
v -6.29048252 9.54989815 88.99555206
v -6.79789448 9.93924904 88.99536896
v -7.38878775 10.18928051 100.29525757
v -8.02289391 10.27276134 100.29521179
v -8.65700054 10.18928051 100.29525757
v -9.24789429 9.94452381 100.29537201
v -9.75530624 9.55517387 100.29554749
v -10.14465618 9.04776192 100.29578400
v -10.38941288 8.45686817 100.29606628
v -10.47289467 7.82276201 100.29635620
v -10.38941288 7.18865538 100.29665375
v -10.14465618 6.59776211 100.29692841
v -9.75530624 6.09035063 100.29716492
v -9.24789429 5.70100021 100.29734802
v -8.65700054 5.45624399 100.29746246
v -8.02289391 5.37276220 100.29750061
v -7.38878775 5.45624399 100.29746246
v -6.79789448 5.70100021 100.29734802
v -6.29048252 6.09035063 100.29716492
v -5.90113211 6.59776211 100.29692841
v -5.65637589 7.18865538 100.29665375
v -5.57289410 7.82276201 100.29635620
v -5.65637589 8.45686817 100.29606628
v -5.90113211 9.04776192 100.29578400
v -6.29048252 9.55517387 100.29554749
v -6.79789448 9.94452381 100.29537201
v 8.16756153 -5.37234259 89.00251770
v 7.53345490 -5.28886080 89.00247955
v 6.89934826 -5.37234259 89.00251770
v 6.30845499 -5.61709881 89.00263214
v 5.80104351 -6.00644922 89.00281525
v 5.41169262 -6.51386070 89.00305176
v 5.16693640 -7.10475397 89.00332642
v 5.08345509 -7.73886061 89.00362396
v 5.16693640 -8.37296772 89.00392151
v 5.41169262 -8.96386051 89.00419617
v 5.80104351 -9.47127247 89.00443268
v 6.30845499 -9.86062241 89.00461578
v 6.89934826 -10.10537910 89.00473022
v 7.53345490 -10.18885994 89.00476837
v 8.16756153 -10.10537910 89.00473022
v 8.75845528 -9.86062241 89.00461578
v 9.26586628 -9.47127247 89.00443268
v 9.65521717 -8.96386051 89.00419617
v 9.89997292 -8.37296772 89.00392151
v 9.98345470 -7.73886061 89.00362396
v 9.89997292 -7.10475397 89.00332642
v 9.65521717 -6.51386070 89.00305176
v 9.26586628 -6.00644922 89.00281525
v 8.75845528 -5.61709881 89.00263214
v 8.16756153 -5.36706734 100.30251312
v 7.53345490 -5.28358555 100.30247498
v 6.89934826 -5.36706734 100.30251312
v 6.30845499 -5.61182356 100.30262756
v 5.80104351 -6.00117397 100.30281067
v 5.41169262 -6.50858545 100.30304718
v 5.16693640 -7.09947872 100.30332184
v 5.08345509 -7.73358536 100.30361938
v 5.16693640 -8.36769199 100.30391693
v 5.41169262 -8.95858574 100.30419159
v 5.80104351 -9.46599674 100.30442810
v 6.30845499 -9.85534763 100.30461121
v 6.89934826 -10.10010338 100.30472565
v 7.53345490 -10.18358517 100.30476379
v 8.16756153 -10.10010338 100.30472565
v 8.75845528 -9.85534763 100.30461121
v 9.26586628 -9.46599674 100.30442810
v 9.65521717 -8.95858574 100.30419159
v 9.89997292 -8.36769199 100.30391693
v 9.98345470 -7.73358536 100.30361938
v 9.89997292 -7.09947872 100.30332184
v 9.65521717 -6.50858545 100.30304718
v 9.26586628 -6.00117397 100.30281067
v 8.75845528 -5.61182356 100.30262756
v 8.16756153 10.18400478 88.99525452
v 7.53345490 10.26748657 88.99521637
v 6.89934826 10.18400478 88.99525452
v 6.30845499 9.93924904 88.99536896
v 5.80104351 9.54989815 88.99555206
v 5.41169262 9.04248714 88.99578857
v 5.16693640 8.45159340 88.99606323
v 5.08345509 7.81748676 88.99636078
v 5.16693640 7.18338013 88.99665833
v 5.41169262 6.59248686 88.99693298
v 5.80104351 6.08507538 88.99716949
v 6.30845499 5.69572496 88.99735260
v 6.89934826 5.45096874 88.99746704
v 7.53345490 5.36748695 88.99750519
v 8.16756153 5.45096874 88.99746704
v 8.75845528 5.69572496 88.99735260
v 9.26586628 6.08507538 88.99716949
v 9.65521717 6.59248686 88.99693298
v 9.89997292 7.18338013 88.99665833
v 9.98345470 7.81748676 88.99636078
v 9.89997292 8.45159340 88.99606323
v 9.65521717 9.04248714 88.99578857
v 9.26586628 9.54989815 88.99555206
v 8.75845528 9.93924904 88.99536896
v 8.16756153 10.18928051 100.29525757
v 7.53345490 10.27276134 100.29521179
v 6.89934826 10.18928051 100.29525757
v 6.30845499 9.94452381 100.29537201
v 5.80104351 9.55517387 100.29554749
v 5.41169262 9.04776192 100.29578400
v 5.16693640 8.45686817 100.29606628
v 5.08345509 7.82276201 100.29635620
v 5.16693640 7.18865538 100.29665375
v 5.41169262 6.59776211 100.29692841
v 5.80104351 6.09035063 100.29716492
v 6.30845499 5.70100021 100.29734802
v 6.89934826 5.45624399 100.29746246
v 7.53345490 5.37276220 100.29750061
v 8.16756153 5.45624399 100.29746246
v 8.75845528 5.70100021 100.29734802
v 9.26586628 6.09035063 100.29716492
v 9.65521717 6.59776211 100.29692841
v 9.89997292 7.18865538 100.29665375
v 9.98345470 7.82276201 100.29635620
v 9.89997292 8.45686817 100.29606628
v 9.65521717 9.04776192 100.29578400
v 9.26586628 9.55517387 100.29554749
v 8.75845528 9.94452381 100.29537201
v -7.38878775 -5.37234259 89.00251770
v -8.02289391 -5.28886080 89.00247955
v -8.65700054 -5.37234259 89.00251770
v -9.24789429 -5.61709881 89.00263214
v -9.75530624 -6.00644922 89.00281525
v -10.14465618 -6.51386070 89.00305176
v -10.38941288 -7.10475397 89.00332642
v -10.47289467 -7.73886061 89.00362396
v -10.38941288 -8.37296772 89.00392151
v -10.14465618 -8.96386051 89.00419617
v -9.75530624 -9.47127247 89.00443268
v -9.24789429 -9.86062241 89.00461578
v -8.65700054 -10.10537910 89.00473022
v -8.02289391 -10.18885994 89.00476837
v -7.38878775 -10.10537910 89.00473022
v -6.79789448 -9.86062241 89.00461578
v -6.29048252 -9.47127247 89.00443268
v -5.90113211 -8.96386051 89.00419617
v -5.65637589 -8.37296772 89.00392151
v -5.57289410 -7.73886061 89.00362396
v -5.65637589 -7.10475397 89.00332642
v -5.90113211 -6.51386070 89.00305176
v -6.29048252 -6.00644922 89.00281525
v -6.79789448 -5.61709881 89.00263214
v -7.38878775 -5.36706734 100.30251312
v -8.02289391 -5.28358555 100.30247498
v -8.65700054 -5.36706734 100.30251312
v -9.24789429 -5.61182356 100.30262756
v -9.75530624 -6.00117397 100.30281067
v -10.14465618 -6.50858545 100.30304718
v -10.38941288 -7.09947872 100.30332184
v -10.47289467 -7.73358536 100.30361938
v -10.38941288 -8.36769199 100.30391693
v -10.14465618 -8.95858574 100.30419159
v -9.75530624 -9.46599674 100.30442810
v -9.24789429 -9.85534763 100.30461121
v -8.65700054 -10.10010338 100.30472565
v -8.02289391 -10.18358517 100.30476379
v -7.38878775 -10.10010338 100.30472565
v -6.79789448 -9.85534763 100.30461121
v -6.29048252 -9.46599674 100.30442810
v -5.90113211 -8.95858574 100.30419159
v -5.65637589 -8.36769199 100.30391693
v -5.57289410 -7.73358536 100.30361938
v -5.65637589 -7.09947872 100.30332184
v -5.90113211 -6.50858545 100.30304718
v -6.29048252 -6.00117397 100.30281067
v -6.79789448 -5.61182356 100.30262756
v 0.76928526 -5.87811661 81.00275421
v -0.24471968 -5.96442080 81.00279236
v -3.60456848 5.00663567 80.99767303
v -1.25872457 -5.87811661 81.00275421
v -2.24355841 -5.62168550 81.00263214
v -3.17088938 -5.20250559 81.00243378
v -4.01403952 -4.63263559 81.00217438
v -4.39635277 4.36731434 80.99797058
v -4.74875355 -3.92846942 81.00184631
v -5.06870270 3.60337710 80.99832916
v -5.35389471 -3.11026502 81.00145721
v -5.60227489 2.73680067 80.99873352
v -5.81205368 -2.20156026 81.00103760
v -5.98171997 1.79251480 80.99916840
v -6.11005116 -1.22849703 81.00057983
v -6.19612217 0.79768521 80.99963379
v -6.23931360 -0.21906880 81.00011444
v -2.71612716 5.50294876 80.99743652
v 3.11512899 5.00663567 80.99767303
v 3.90691352 4.36731434 80.99797058
v 4.57926321 3.60337710 80.99832916
v 2.22668791 5.50294876 80.99743652
v -1.75658810 5.84197521 80.99728394
v 1.26714873 5.84197521 80.99728394
v -0.75355524 6.01396275 80.99720001
v 0.26411587 6.01396275 80.99720001
v 5.11283541 2.73680067 80.99873352
v 5.49228096 1.79251480 80.99916840
v 5.70668316 0.79768521 80.99963379
v 5.74987411 -0.21906880 81.00011444
v 5.62061167 -1.22849703 81.00057983
v 5.32261467 -2.20156026 81.00103760
v 4.86445522 -3.11026502 81.00145721
v 4.25931406 -3.92846942 81.00184631
v 3.52460027 -4.63263559 81.00217438
v 2.68144989 -5.20250559 81.00243378
v 1.75411904 -5.62168550 81.00263214
v 25.96848297 14.63878345 109.29317474
v 25.96848297 14.64485264 122.29317474
v 26.95717239 12.70015430 109.29408264
v 26.95717239 12.70622349 122.29408264
v 27.80272484 10.69495392 109.29502106
v 27.80272484 10.70102310 122.29502106
v 28.50069237 8.63373375 109.29598236
v 28.50069237 8.63980293 122.29598236
v 29.04740143 6.52733994 109.29696655
v 29.04740143 6.53340864 122.29696655
v 29.43997574 4.38685560 109.29796600
v 29.43997574 4.39292431 122.29796600
v 29.67634964 2.22354436 109.29897308
v 29.67634964 2.22961330 122.29897308
v 29.75527954 0.04878983 109.29998779
v 29.75527954 0.05485868 122.29998779
v 29.67634964 -2.12596488 109.30100250
v 29.67634964 -2.11989594 122.30100250
v 29.43997574 -4.28927565 109.30201721
v 29.43997574 -4.28320694 122.30200958
v 29.04740143 -6.42975998 109.30301666
v 29.04740143 -6.42369127 122.30300903
v 28.50069237 -8.53615475 109.30399323
v 28.50069237 -8.53008556 122.30399323
v 27.80272484 -10.59737492 109.30496216
v 27.80272484 -10.59130573 122.30495453
v 26.95717239 -12.60257530 109.30589294
v 26.95717239 -12.59650612 122.30589294
v 25.96848297 -14.54120445 109.30680084
v 25.96848297 -14.53513527 122.30680084
v 0.14805709 -10.40837288 91.72986603
v -0.37684664 -10.36487865 91.72985077
v -0.88743234 -10.49417591 91.72991180
v -1.32837021 -10.78225517 91.73004150
v -1.65187764 -11.19789791 91.73023987
v -1.82289779 -11.69606209 91.73046875
v -1.82289779 -12.22276497 91.73071289
v -1.65187764 -12.72092915 91.73094940
v -1.32837021 -13.13657188 91.73114014
v -0.88743234 -13.42465019 91.73127747
v -0.37684664 -13.55394840 91.73133850
v 0.14805709 -13.51045418 91.73131561
v 0.63039738 -13.29887962 91.73121643
v 1.01790512 -12.94215393 91.73104858
v 1.26858795 -12.47893238 91.73083496
v 1.35528028 -11.95941353 91.73059082
v 1.26858795 -11.43989468 91.73035431
v 1.01790512 -10.97667313 91.73013306
v 0.63039738 -10.61994743 91.72996521
v 1.26858795 -11.42725468 118.80535126
v 1.26858795 -11.43146801 109.78034973
v 1.35528028 -11.94677353 118.80558777
v 1.35528028 -11.95098686 109.78059387
v 1.26858795 -12.46629333 118.80583191
v 1.26858795 -12.47050667 109.78083038
v 1.01790512 -12.92951393 118.80604553
v 1.01790512 -12.93372726 109.78105164
v 0.63039738 -13.28624058 118.80621338
v 0.63039738 -13.29045296 109.78121948
v 0.14805709 -13.49781418 118.80631256
v 0.14805709 -13.50202751 109.78131866
v -0.37684664 -13.54130936 118.80633545
v -0.37684664 -13.54552174 109.78133392
v -0.88743234 -13.41201115 118.80627441
v -0.88743234 -13.41622448 109.78127289
v -1.32837021 -13.12393188 118.80613708
v -1.32837021 -13.12814522 109.78114319
v -1.65187764 -12.70829010 118.80594635
v -1.65187764 -12.71250248 109.78094482
v -1.82289779 -12.21012497 118.80570984
v -1.82289779 -12.21433830 109.78071594
v -1.82289779 -11.68342304 118.80546570
v -1.82289779 -11.68763542 109.78047180
v -1.65187764 -11.18525791 118.80523682
v -1.65187764 -11.18947124 109.78023529
v -1.32837021 -10.76961613 118.80503845
v -1.32837021 -10.77382946 109.78004456
v -0.88743234 -10.48153687 118.80490875
v -0.88743234 -10.48575020 109.77990723
v -0.37684664 -10.35223866 118.80484772
v -0.37684664 -10.35645199 109.77984619
v 0.14805709 -10.39573383 118.80486298
v 0.14805709 -10.39994717 109.77986908
v 0.63039738 -10.60730743 118.80496216
v 0.63039738 -10.61152077 109.77996826
v 1.01790512 -10.96403408 118.80513000
v 1.01790512 -10.96824646 109.78013611
v 1.35528028 -11.95520020 100.75559235
v 1.26858795 -11.43568134 100.75534821
v 1.01790512 -10.97245979 100.75513458
v 0.63039738 -10.61573410 100.75496674
v 0.14805709 -10.40416050 100.75486755
v -0.37684664 -10.36066532 100.75484467
v -0.88743234 -10.48996353 100.75490570
v -1.32837021 -10.77804184 100.75504303
v -1.65187764 -11.19368458 100.75523376
v -1.82289779 -11.69184875 100.75547028
v -1.82289779 -12.21855164 100.75571442
v -1.65187764 -12.71671581 100.75595093
v -1.32837021 -13.13235855 100.75614166
v -0.88743234 -13.42043781 100.75627899
v -0.37684664 -13.54973507 100.75634003
v 0.14805709 -13.50624084 100.75631714
v 0.63039738 -13.29466629 100.75621796
v 1.01790512 -12.93794060 100.75605011
v 1.26858795 -12.47471905 100.75583649
v -11.85194302 1.59162545 91.72426605
v -12.37684631 1.63512027 91.72424316
v -12.88743210 1.50582242 91.72430420
v -13.32837009 1.21774328 91.72444153
v -13.65187740 0.80210096 91.72463226
v -13.82289791 0.30393651 91.72486877
v -13.82289791 -0.22276612 91.72511292
v -13.65187740 -0.72093052 91.72534943
v -13.32837009 -1.13657296 91.72554016
v -12.88743210 -1.42465198 91.72567749
v -12.37684631 -1.55394983 91.72573853
v -11.85194302 -1.51045501 91.72571564
v -11.36960220 -1.29888105 91.72561646
v -10.98209476 -0.94215500 91.72544861
v -10.73141193 -0.47893390 91.72523499
v -10.64472008 0.04058520 91.72499084
v -10.73141193 0.56010431 91.72474670
v -10.98209476 1.02332544 91.72453308
v -11.36960220 1.38005137 91.72436523
v -10.73141193 0.57274383 118.79974365
v -10.73141193 0.56853068 109.77474976
v -10.64472008 0.05322476 118.79998779
v -10.64472008 0.04901157 109.77498627
v -10.73141193 -0.46629435 118.80023193
v -10.73141193 -0.47050753 109.77523041
v -10.98209476 -0.92951548 118.80044556
v -10.98209476 -0.93372864 109.77545166
v -11.36960220 -1.28624141 118.80061340
v -11.36960220 -1.29045463 109.77561188
v -11.85194302 -1.49781549 118.80071259
v -11.85194302 -1.50202870 109.77571106
v -12.37684631 -1.54131031 118.80073547
v -12.37684631 -1.54552341 109.77573395
v -12.88743210 -1.41201246 118.80067444
v -12.88743210 -1.41622555 109.77567291
v -13.32837009 -1.12393332 118.80053711
v -13.32837009 -1.12814653 109.77553558
v -13.65187740 -0.70829099 118.80034637
v -13.65187740 -0.71250415 109.77534485
v -13.82289791 -0.21012656 118.80010986
v -13.82289791 -0.21433975 109.77510834
v -13.82289791 0.31657606 118.79986572
v -13.82289791 0.31236288 109.77486420
v -13.65187740 0.81474048 118.79962921
v -13.65187740 0.81052732 109.77463531
v -13.32837009 1.23038292 118.79943848
v -13.32837009 1.22616971 109.77443695
v -12.88743210 1.51846194 118.79930115
v -12.88743210 1.51424873 109.77430725
v -12.37684631 1.64775980 118.79924011
v -12.37684631 1.64354658 109.77424622
v -11.85194302 1.60426497 118.79926300
v -11.85194302 1.60005188 109.77426147
v -11.36960220 1.39269102 118.79936218
v -11.36960220 1.38847780 109.77436066
v -10.98209476 1.03596497 118.79953003
v -10.98209476 1.03175175 109.77452850
v -10.64472008 0.04479839 100.74999237
v -10.73141193 0.56431746 100.74974823
v -10.98209476 1.02753866 100.74953461
v -11.36960220 1.38426459 100.74936676
v -11.85194302 1.59583867 100.74926758
v -12.37684631 1.63933337 100.74924469
v -12.88743210 1.51003551 100.74930573
v -13.32837009 1.22195649 100.74944305
v -13.65187740 0.80631411 100.74963379
v -13.82289791 0.30814970 100.74987030
v -13.82289791 -0.21855293 100.75011444
v -13.65187740 -0.71671736 100.75034332
v -13.32837009 -1.13235974 100.75054169
v -12.88743210 -1.42043877 100.75067139
v -12.37684631 -1.54973662 100.75073242
v -11.85194302 -1.50624192 100.75071716
v -11.36960220 -1.29466784 100.75061798
v -10.98209476 -0.93794185 100.75045013
v -10.73141193 -0.47472072 100.75022888
v 12.14805698 1.59162545 91.72426605
v 11.62315369 1.63512027 91.72424316
v 11.11256790 1.50582242 91.72430420
v 10.67162991 1.21774328 91.72444153
v 10.34812260 0.80210096 91.72463226
v 10.17710209 0.30393651 91.72486877
v 10.17710209 -0.22276612 91.72511292
v 10.34812260 -0.72093052 91.72534943
v 10.67162991 -1.13657296 91.72554016
v 11.11256790 -1.42465198 91.72567749
v 11.62315369 -1.55394983 91.72573853
v 12.14805698 -1.51045501 91.72571564
v 12.63039780 -1.29888105 91.72561646
v 13.01790524 -0.94215500 91.72544861
v 13.26858807 -0.47893390 91.72523499
v 13.35527992 0.04058520 91.72499084
v 13.26858807 0.56010431 91.72474670
v 13.01790524 1.02332544 91.72453308
v 12.63039780 1.38005137 91.72436523
v 13.26858807 0.57274383 118.79974365
v 13.26858807 0.56853068 109.77474976
v 13.35527992 0.05322476 118.79998779
v 13.35527992 0.04901157 109.77498627
v 13.26858807 -0.46629435 118.80023193
v 13.26858807 -0.47050753 109.77523041
v 13.01790524 -0.92951548 118.80044556
v 13.01790524 -0.93372864 109.77545166
v 12.63039780 -1.28624141 118.80061340
v 12.63039780 -1.29045463 109.77561188
v 12.14805698 -1.49781549 118.80071259
v 12.14805698 -1.50202870 109.77571106
v 11.62315369 -1.54131031 118.80073547
v 11.62315369 -1.54552341 109.77573395
v 11.11256790 -1.41201246 118.80067444
v 11.11256790 -1.41622555 109.77567291
v 10.67162991 -1.12393332 118.80053711
v 10.67162991 -1.12814653 109.77553558
v 10.34812260 -0.70829099 118.80034637
v 10.34812260 -0.71250415 109.77534485
v 10.17710209 -0.21012656 118.80010986
v 10.17710209 -0.21433975 109.77510834
v 10.17710209 0.31657606 118.79986572
v 10.17710209 0.31236288 109.77486420
v 10.34812260 0.81474048 118.79962921
v 10.34812260 0.81052732 109.77463531
v 10.67162991 1.23038292 118.79943848
v 10.67162991 1.22616971 109.77443695
v 11.11256790 1.51846194 118.79930115
v 11.11256790 1.51424873 109.77430725
v 11.62315369 1.64775980 118.79924011
v 11.62315369 1.64354658 109.77424622
v 12.14805698 1.60426497 118.79926300
v 12.14805698 1.60005188 109.77426147
v 12.63039780 1.39269102 118.79936218
v 12.63039780 1.38847780 109.77436066
v 13.01790524 1.03596497 118.79953003
v 13.01790524 1.03175175 109.77452850
v 13.35527992 0.04479839 100.74999237
v 13.26858807 0.56431746 100.74974823
v 13.01790524 1.02753866 100.74953461
v 12.63039780 1.38426459 100.74936676
v 12.14805698 1.59583867 100.74926758
v 11.62315369 1.63933337 100.74924469
v 11.11256790 1.51003551 100.74930573
v 10.67162991 1.22195649 100.74944305
v 10.34812260 0.80631411 100.74963379
v 10.17710209 0.30814970 100.74987030
v 10.17710209 -0.21855293 100.75011444
v 10.34812260 -0.71671736 100.75034332
v 10.67162991 -1.13235974 100.75054169
v 11.11256790 -1.42043877 100.75067139
v 11.62315369 -1.54973662 100.75073242
v 12.14805698 -1.50624192 100.75071716
v 12.63039780 -1.29466784 100.75061798
v 13.01790524 -0.93794185 100.75045013
v 13.26858807 -0.47472072 100.75022888
v 0.14805709 13.59162426 91.71866608
v -0.37684664 13.63511848 91.71864319
v -0.88743234 13.50582123 91.71870422
v -1.32837021 13.21774197 91.71884155
v -1.65187764 12.80209923 91.71903229
v -1.82289779 12.30393505 91.71926880
v -1.82289779 11.77723217 91.71951294
v -1.65187764 11.27906799 91.71974182
v -1.32837021 10.86342621 91.71994019
v -0.88743234 10.57534695 91.72006989
v -0.37684664 10.44604874 91.72013092
v 0.14805709 10.48954391 91.72011566
v 0.63039738 10.70111752 91.72001648
v 1.01790512 11.05784321 91.71984863
v 1.26858795 11.52106476 91.71963501
v 1.35528028 12.04058361 91.71939087
v 1.26858795 12.56010342 91.71914673
v 1.01790512 13.02332401 91.71893311
v 0.63039738 13.38004971 91.71876526
v 1.26858795 12.57274246 118.79414368
v 1.26858795 12.56852913 109.76914215
v 1.35528028 12.05322361 118.79438782
v 1.35528028 12.04901028 109.76938629
v 1.26858795 11.53370476 118.79463196
v 1.26858795 11.52949142 109.76963043
v 1.01790512 11.07048321 118.79484558
v 1.01790512 11.06626987 109.76984406
v 0.63039738 10.71375751 118.79501343
v 0.63039738 10.70954418 109.77001190
v 0.14805709 10.50218296 118.79511261
v 0.14805709 10.49796963 109.77011108
v -0.37684664 10.45868874 118.79512787
v -0.37684664 10.45447540 109.77013397
v -0.88743234 10.58798599 118.79506683
v -0.88743234 10.58377266 109.77007294
v -1.32837021 10.87606525 118.79493713
v -1.32837021 10.87185192 109.76993561
v -1.65187764 11.29170799 118.79473877
v -1.65187764 11.28749466 109.76974487
v -1.82289779 11.78987217 118.79450989
v -1.82289779 11.78565884 109.76950836
v -1.82289779 12.31657505 118.79426575
v -1.82289779 12.31236172 109.76926422
v -1.65187764 12.81473923 118.79402924
v -1.65187764 12.81052589 109.76903534
v -1.32837021 13.23038197 118.79383850
v -1.32837021 13.22616863 109.76883698
v -0.88743234 13.51846027 118.79370117
v -0.88743234 13.51424789 109.76869965
v -0.37684664 13.64775848 118.79364014
v -0.37684664 13.64354515 109.76864624
v 0.14805709 13.60426331 118.79366302
v 0.14805709 13.60005093 109.76866150
v 0.63039738 13.39268970 118.79376221
v 0.63039738 13.38847637 109.76876068
v 1.01790512 13.03596401 118.79393005
v 1.01790512 13.03175068 109.76892853
v 1.35528028 12.04479694 100.74438477
v 1.26858795 12.56431580 100.74414825
v 1.01790512 13.02753735 100.74392700
v 0.63039738 13.38426304 100.74375916
v 0.14805709 13.59583759 100.74366760
v -0.37684664 13.63933182 100.74364471
v -0.88743234 13.51003456 100.74370575
v -1.32837021 13.22195530 100.74383545
v -1.65187764 12.80631256 100.74403381
v -1.82289779 12.30814838 100.74426270
v -1.82289779 11.78144550 100.74451447
v -1.65187764 11.28328133 100.74474335
v -1.32837021 10.86763859 100.74493408
v -0.88743234 10.57956028 100.74507141
v -0.37684664 10.45026207 100.74513245
v 0.14805709 10.49375725 100.74510956
v 0.63039738 10.70533085 100.74501038
v 1.01790512 11.06205654 100.74485016
v 1.26858795 11.52527809 100.74462891
v 22.96848297 16.10170555 155.35423279
v 22.96848297 16.02007484 154.89253235
v 22.96848297 16.10127449 154.43077087
v 22.96848297 16.33551025 154.02462769
v 22.96848297 16.69453049 153.72308350
v 22.96848297 17.13503075 153.56253052
v 22.96848297 17.60387993 153.56230164
v 22.96848297 18.04452896 153.72245789
v 22.96848297 18.40382957 154.02366638
v 22.96848297 18.63844490 154.42959595
v 22.96848297 18.72007561 154.89128113
v 22.96848297 18.63887596 155.35304260
v 22.96848297 18.40464020 155.75918579
v 22.96848297 18.04562187 156.06072998
v 22.96848297 17.60512161 156.22128296
v 22.96848297 17.13627052 156.22151184
v 22.96848297 16.69562149 156.06135559
v 22.96848297 16.33632088 155.76014709
v -21.45792389 9.78736401 124.63372040
v -21.45792389 9.70616436 125.09548187
v -21.45792389 9.78779507 125.55717468
v -21.45792389 10.02240944 125.96309662
v -21.45792389 10.38171005 126.26430511
v -21.45792389 10.82236004 126.42445374
v -21.45792389 11.29121017 126.42423248
v -21.45792389 11.73171043 126.26367188
v -21.45792389 12.09072971 125.96213531
v -21.45792389 12.32496548 125.55598450
v -21.45792389 12.40616417 125.09422302
v -21.45792389 12.32453442 124.63253021
v -21.45792389 12.08991909 124.22660828
v -21.45792389 11.73061848 123.92539978
v -21.45792389 11.28996944 123.76525116
v -21.45792389 10.82111931 123.76547241
v -21.45792389 10.38061905 123.92603302
v -21.45792389 10.02159977 124.22756958
v 20.96848297 9.78779507 125.55717468
v 20.96848297 9.70616436 125.09548187
v 20.96848297 9.78736401 124.63372040
v 20.96848297 10.02159977 124.22756958
v 20.96848297 10.38061905 123.92603302
v 20.96848297 10.82111931 123.76547241
v 20.96848297 11.28996944 123.76525116
v 20.96848297 11.73061848 123.92539978
v 20.96848297 12.08991909 124.22660828
v 20.96848297 12.32453442 124.63253021
v 20.96848297 12.40616417 125.09422302
v 20.96848297 12.32496548 125.55598450
v 20.96848297 12.09072971 125.96213531
v 20.96848297 11.73171043 126.26367188
v 20.96848297 11.29121017 126.42423248
v 20.96848297 10.82236004 126.42445374
v 20.96848297 10.38171005 126.26430511
v 20.96848297 10.02240944 125.96309662
v -23.45792389 16.09100533 132.43077087
v -23.45792389 16.00980568 132.89254761
v -23.45792389 16.09143639 133.35423279
v -23.45792389 16.32604980 133.76016235
v -23.45792389 16.68535042 134.06135559
v -23.45792389 17.12600136 134.22151184
v -23.45792389 17.59485054 134.22129822
v -23.45792389 18.03535080 134.06072998
v -23.45792389 18.39437103 133.75918579
v -23.45792389 18.62860489 133.35304260
v -23.45792389 18.70980453 132.89128113
v -23.45792389 18.62817383 132.42959595
v -23.45792389 18.39356041 132.02366638
v -23.45792389 18.03425980 131.72245789
v -23.45792389 17.59360886 131.56231689
v -23.45792389 17.12475967 131.56253052
v -23.45792389 16.68425941 131.72309875
v -23.45792389 16.32524109 132.02462769
v -21.45792389 -12.21263313 124.64398956
v -21.45792389 -12.29383278 125.10575104
v -21.45792389 -12.21220207 125.56744385
v -21.45792389 -11.97758770 125.97336578
v -21.45792389 -11.61828709 126.27457428
v -21.45792389 -11.17763710 126.43472290
v -21.45792389 -10.70878696 126.43450165
v -21.45792389 -10.26828766 126.27394104
v -21.45792389 -9.90926838 125.97240448
v -21.45792389 -9.67503262 125.56626129
v -21.45792389 -9.59383297 125.10449219
v -21.45792389 -9.67546368 124.64280701
v -21.45792389 -9.91007805 124.23687744
v -21.45792389 -10.26937866 123.93567657
v -21.45792389 -10.71002865 123.77552032
v -21.45792389 -11.17887878 123.77574158
v -21.45792389 -11.61937904 123.93630219
v -21.45792389 -11.97839832 124.23783875
v 20.96848297 -12.21220207 125.56744385
v 20.96848297 -12.29383278 125.10575104
v 20.96848297 -12.21263313 124.64398956
v 20.96848297 -11.97839832 124.23783875
v 20.96848297 -11.61937904 123.93630219
v 20.96848297 -11.17887878 123.77574158
v 20.96848297 -10.71002865 123.77552032
v 20.96848297 -10.26937866 123.93567657
v 20.96848297 -9.91007805 124.23687744
v 20.96848297 -9.67546368 124.64280701
v 20.96848297 -9.59383297 125.10449219
v 20.96848297 -9.67503262 125.56626129
v 20.96848297 -9.90926838 125.97240448
v 20.96848297 -10.26828766 126.27394104
v 20.96848297 -10.70878696 126.43450165
v 20.96848297 -11.17763710 126.43472290
v 20.96848297 -11.61828709 126.27457428
v 20.96848297 -11.97758770 125.97336578
v 22.96848297 -18.50856018 133.37037659
v 22.96848297 -18.59019089 132.90869141
v 22.96848297 -18.50899124 132.44692993
v 22.96848297 -18.27475548 132.04078674
v 22.96848297 -17.91573715 131.73924255
v 22.96848297 -17.47523689 131.57867432
v 22.96848297 -17.00638580 131.57846069
v 22.96848297 -16.56573677 131.73861694
v 22.96848297 -16.20643616 132.03981018
v 22.96848297 -15.97182178 132.44573975
v 22.96848297 -15.89019108 132.90744019
v 22.96848297 -15.97139072 133.36920166
v 22.96848297 -16.20562553 133.77534485
v 22.96848297 -16.56464577 134.07688904
v 22.96848297 -17.00514603 134.23744202
v 22.96848297 -17.47399521 134.23765564
v 22.96848297 -17.91464424 134.07751465
v 22.96848297 -18.27394485 133.77630615
v 25.96848297 6.04787111 122.29718781
v 27.46848297 6.04787111 122.29718781
v 27.46848297 -5.95212746 122.30279541
v 25.96848297 -5.95212746 122.30279541
v 25.96848297 6.04845285 123.54334259
v 20.96848297 -14.54261875 127.70680237
v 20.96848297 -5.94960690 127.70278931
v 20.96848297 6.05039215 127.69718933
v 20.96848297 14.64340401 127.69317627
v -21.45792389 14.64340401 127.69317627
v -21.45792389 6.05039215 127.69718933
v -21.45792389 -5.94960690 127.70278931
v -21.45792389 -14.54261875 127.70680237
v 22.85527992 -14.54513931 122.30680084
v 22.85527992 -14.52789879 159.23785400
v 25.96848297 -14.51762867 181.23785400
v 20.96848297 -14.54513931 122.30680084
v 25.96848297 -14.52789879 159.23785400
v 20.96848297 14.64088345 122.29317474
v 20.96848297 6.04787111 122.29718781
v -21.45792389 -14.54513931 122.30680084
v -21.45792389 -5.95212746 122.30279541
v -23.45792389 -14.53580284 142.30680847
v -23.45792389 14.65021992 142.29318237
v -23.34471893 -14.53580284 142.30680847
v -23.34471893 14.65811729 159.20932007
v -23.34471893 14.65381432 149.99324036
v -23.45792389 14.65381432 149.99324036
v -23.45792389 14.64088345 122.29317474
v -21.45792389 14.64088345 122.29317474
v -23.34471893 -14.53220844 150.00686646
v 25.96848297 -5.95154572 123.54894257
v 22.85527992 6.04966021 126.12969971
v 22.85527992 -5.95033836 126.13529968
v 22.85527992 -5.95212746 122.30279541
v 20.96848297 -5.95212746 122.30279541
v 22.85527992 6.04787111 122.29718781
v -23.45792389 6.04787111 122.29718781
v -21.45792389 6.04787111 122.29718781
v 22.85527992 14.64088345 122.29317474
v 18.27661896 23.65485573 122.28897095
v 18.27661896 23.64878654 109.28897095
v 16.48277092 24.95849228 122.28836060
v 16.48277092 24.95242310 109.28836060
v 14.59752655 26.12606049 122.28781891
v 14.59752655 26.11999130 109.28781891
v 12.63118935 27.15118408 122.28733826
v 12.63118935 27.14511490 109.28733826
v 10.59450054 28.02825928 122.28692627
v 10.59450054 28.02219009 109.28693390
v 8.49858952 28.75249481 122.28659058
v 8.49858952 28.74642754 109.28659058
v 6.35490799 29.31993484 122.28632355
v 6.35490799 29.31386757 109.28632355
v 4.17516708 29.72747993 122.28613281
v 4.17516708 29.72141075 109.28614044
v 1.97127759 29.97289848 122.28601837
v 1.97127759 29.96683121 109.28602600
v -0.24471968 30.05485535 122.28598022
v -0.24471968 30.04878616 109.28598785
v -2.46071696 29.97289848 122.28601837
v -2.46071696 29.96683121 109.28602600
v -4.66460657 29.72747993 122.28613281
v -4.66460657 29.72141075 109.28614044
v -6.84434748 29.31993484 122.28632355
v -6.84434748 29.31386757 109.28632355
v -8.98802948 28.75249481 122.28659058
v -8.98802948 28.74642754 109.28659058
v -11.08394051 28.02825928 122.28692627
v -11.08394051 28.02219009 109.28693390
v -13.12062836 27.15118408 122.28733826
v -13.12062836 27.14511490 109.28733826
v -15.08696651 26.12606049 122.28781891
v -15.08696651 26.11999130 109.28781891
v -16.97220993 24.95849228 122.28836060
v -16.97220993 24.95242310 109.28836060
v -18.76605797 23.65485573 122.28897095
v -18.76605797 23.64878654 109.28897095
v -26.45792389 14.64485264 122.29317474
v -26.45792389 14.63878345 109.29317474
v -27.44661140 12.70622349 122.29408264
v -27.44661140 12.70015430 109.29408264
v -28.29216385 10.70102310 122.29502106
v -28.29216385 10.69495392 109.29502106
v -28.99013138 8.63980293 122.29598236
v -28.99013138 8.63373375 109.29598236
v -29.53684044 6.53340864 122.29696655
v -29.53684044 6.52733994 109.29696655
v -29.92941666 4.39292431 122.29796600
v -29.92941666 4.38685560 109.29796600
v -30.16579056 2.22961330 122.29897308
v -30.16579056 2.22354436 109.29897308
v -30.24472046 0.05485868 122.29998779
v -30.24472046 0.04878983 109.29998779
v -30.16579056 -2.11989594 122.30100250
v -30.16579056 -2.12596488 109.30100250
v -29.92941666 -4.28320694 122.30200958
v -29.92941666 -4.28927565 109.30201721
v -29.53684044 -6.42369127 122.30300903
v -29.53684044 -6.42975998 109.30301666
v -28.99013138 -8.53008556 122.30399323
v -28.99013138 -8.53615475 109.30399323
v -28.29216385 -10.59130573 122.30495453
v -28.29216385 -10.59737492 109.30496216
v -27.44661140 -12.59650612 122.30589294
v -27.44661140 -12.60257530 109.30589294
v -26.45792389 -14.53513527 122.30680084
v -26.45792389 -14.54120445 109.30680084
v -18.76605797 -23.54513931 122.31100464
v -18.76605797 -23.55120850 109.31100464
v -16.97220993 -24.84877396 122.31161499
v -16.97220993 -24.85484314 109.31161499
v -15.08696651 -26.01634407 122.31215668
v -15.08696651 -26.02241135 109.31215668
v -13.12062836 -27.04146576 122.31263733
v -13.12062836 -27.04753494 109.31263733
v -11.08394051 -27.91854095 122.31304932
v -11.08394051 -27.92461014 109.31304932
v -8.98802948 -28.64277840 122.31338501
v -8.98802948 -28.64884758 109.31338501
v -6.84434748 -29.21021843 122.31365204
v -6.84434748 -29.21628761 109.31365204
v -4.66460657 -29.61776161 122.31384277
v -4.66460657 -29.62383080 109.31384277
v -2.46071696 -29.86318207 122.31395721
v -2.46071696 -29.86925125 109.31395721
v -0.24471968 -29.94513893 122.31399536
v -0.24471968 -29.95120621 109.31399536
v 1.97127759 -29.86318207 122.31395721
v 1.97127759 -29.86925125 109.31395721
v 4.17516708 -29.61776161 122.31384277
v 4.17516708 -29.62383080 109.31384277
v 6.35490799 -29.21021843 122.31365204
v 6.35490799 -29.21628761 109.31365204
v 8.49858952 -28.64277840 122.31338501
v 8.49858952 -28.64884758 109.31338501
v 10.59450054 -27.91854095 122.31304932
v 10.59450054 -27.92461014 109.31304932
v 12.63118935 -27.04146576 122.31263733
v 12.63118935 -27.04753494 109.31263733
v 14.59752655 -26.01634407 122.31215668
v 14.59752655 -26.02241135 109.31215668
v 16.48277092 -24.84877396 122.31161499
v 16.48277092 -24.85484314 109.31161499
v 18.27661896 -23.54513931 122.31100464
v 18.27661896 -23.55120850 109.31100464
v -23.45792389 -5.95212746 122.30279541
v -23.45792389 -14.54513931 122.30680084
v -27.95754623 6.04787111 122.29718781
v -27.95754623 -5.95212746 122.30279541
v -26.45792389 6.04787111 122.29718781
v -26.45792389 -5.95212746 122.30279541
v -23.45792389 -5.95038223 126.04116058
v -26.45792389 -5.95154619 123.54870605
v -23.45792389 6.04961634 126.03555298
v -26.45792389 6.04845285 123.54310608
v -23.45792389 11.05499744 122.59485626
v -23.45792389 10.40798950 122.68034363
v -23.45792389 9.80515385 122.93037415
v -23.45792389 13.47128105 125.74077606
v -23.45792389 13.55616474 125.09368134
v -23.45792389 13.47067642 124.44667816
v -23.45792389 9.80717564 127.26049805
v -23.45792389 10.41024399 127.50997162
v -23.45792389 -13.35834503 125.75329590
v -23.45792389 -13.10831261 126.35613251
v -23.45792389 -12.71077442 126.87371826
v -23.45792389 -10.94499969 122.60512543
v -23.45792389 -11.59200764 122.69061279
v -23.45792389 -12.19484329 122.94064331
v -23.45792389 -8.52932072 124.45694733
v -23.45792389 -8.77935314 123.85411072
v -23.45792389 -9.17689133 123.33653259
v -23.45792389 -9.69282246 127.26959991
v -23.45792389 -9.17524052 126.87206268
v -23.45792389 8.64104843 124.44892883
v -23.45792389 8.55616474 125.09601593
v -23.45792389 8.64165211 125.74302673
v -23.45792389 8.89168453 126.34586334
v -23.45792389 9.28922272 126.86344147
v -23.45792389 11.05733204 127.59484863
v -23.45792389 11.70433903 127.50936127
v -23.45792389 12.30717564 127.25933075
v -23.45792389 12.82475662 126.86179352
v -23.45792389 13.22181129 126.34384155
v -23.45792389 13.22064400 123.84384155
v -23.45792389 12.82310581 123.32626343
v -23.45792389 12.30515385 122.92920685
v -23.45792389 11.70208454 122.67973328
v -23.45792389 9.28757286 123.32791138
v -23.45792389 8.89051819 123.84586334
v -23.45792389 -13.35894966 124.45920563
v -23.45792389 -13.44383240 125.10629272
v -23.45792389 -12.19282246 127.27076721
v -23.45792389 -11.58975315 127.52024078
v -23.45792389 -10.94266605 127.60512543
v -23.45792389 -10.29565811 127.51963806
v -23.45792389 -8.77818584 126.35411072
v -23.45792389 -8.52871704 125.75104523
v -23.45792389 -8.44383335 125.10395813
v -23.45792389 -9.69484425 122.93947601
v -23.45792389 -10.29791260 122.69000244
v -23.45792389 -12.71242523 123.33818054
v -23.45792389 -13.10947990 123.85613251
v 22.96848297 -9.67503262 125.56626129
v 22.85527992 -9.67503262 125.56626129
v 22.96848297 -9.59383297 125.10449219
v 22.85527992 -9.59383297 125.10449219
v 22.96848297 -9.67546368 124.64280701
v 22.85527992 -9.67546368 124.64280701
v 22.96848297 -9.91007805 124.23687744
v 22.85527992 -9.91007805 124.23687744
v 22.96848297 -10.26937866 123.93567657
v 22.85527992 -10.26937866 123.93567657
v 22.96848297 -10.71002865 123.77552032
v 22.85527992 -10.71002865 123.77552032
v 22.96848297 -11.17887878 123.77574158
v 22.85527992 -11.17887878 123.77574158
v 22.96848297 -11.61937904 123.93630219
v 22.85527992 -11.61937904 123.93630219
v 22.96848297 -11.97839832 124.23783875
v 22.85527992 -11.97839832 124.23783875
v 22.96848297 -12.21263313 124.64398956
v 22.85527992 -12.21263313 124.64398956
v 22.96848297 -12.29383278 125.10575104
v 22.85527992 -12.29383278 125.10575104
v 22.96848297 -12.21220207 125.56744385
v 22.85527992 -12.21220207 125.56744385
v 22.96848297 -11.97758770 125.97336578
v 22.85527992 -11.97758770 125.97336578
v 22.96848297 -11.61828709 126.27457428
v 22.85527992 -11.61828709 126.27457428
v 22.96848297 -11.17763710 126.43472290
v 22.85527992 -11.17763710 126.43472290
v 22.96848297 -10.70878696 126.43450165
v 22.85527992 -10.70878696 126.43450165
v 22.96848297 -10.26828766 126.27394104
v 22.85527992 -10.26828766 126.27394104
v 22.96848297 -9.90926838 125.97240448
v 22.85527992 -9.90926838 125.97240448
v 22.96848297 12.32496548 125.55598450
v 22.85527992 12.32496548 125.55598450
v 22.96848297 12.40616417 125.09422302
v 22.85527992 12.40616417 125.09422302
v 22.96848297 12.32453442 124.63253021
v 22.85527992 12.32453442 124.63253021
v 22.96848297 12.08991909 124.22660828
v 22.85527992 12.08991909 124.22660828
v 22.96848297 11.73061848 123.92539978
v 22.85527992 11.73061848 123.92539978
v 22.96848297 11.28996944 123.76525116
v 22.85527992 11.28996944 123.76525116
v 22.96848297 10.82111931 123.76547241
v 22.85527992 10.82111931 123.76547241
v 22.96848297 10.38061905 123.92603302
v 22.85527992 10.38061905 123.92603302
v 22.96848297 10.02159977 124.22756958
v 22.85527992 10.02159977 124.22756958
v 22.96848297 9.78736401 124.63372040
v 22.85527992 9.78736401 124.63372040
v 22.96848297 9.70616436 125.09548187
v 22.85527992 9.70616436 125.09548187
v 22.96848297 9.78779507 125.55717468
v 22.85527992 9.78779507 125.55717468
v 22.96848297 10.02240944 125.96309662
v 22.85527992 10.02240944 125.96309662
v 22.96848297 10.38171005 126.26430511
v 22.85527992 10.38171005 126.26430511
v 22.96848297 10.82236004 126.42445374
v 22.85527992 10.82236004 126.42445374
v 22.96848297 11.29121017 126.42423248
v 22.85527992 11.29121017 126.42423248
v 22.96848297 11.73171043 126.26367188
v 22.85527992 11.73171043 126.26367188
v 22.96848297 12.09072971 125.96213531
v 22.85527992 12.09072971 125.96213531
v 22.85527992 14.65811729 159.20932007
v 22.85527992 -13.22789764 157.96879578
v 22.85527992 -11.81810093 156.82293701
v 22.85527992 -10.31014252 155.80973816
v 22.85527992 -8.71646404 154.93754578
v 22.85527992 -7.05021572 154.21357727
v 22.85527992 -5.32514668 153.64379883
v 22.85527992 -3.55549097 153.23289490
v 22.85527992 -1.75585020 152.98428345
v 22.85527992 0.05892628 152.89999390
v 22.85527992 1.87386405 152.98072815
v 22.85527992 3.67398763 153.22583008
v 22.85527992 5.44444370 153.63327026
v 22.85527992 7.17062330 154.19967651
v 22.85527992 8.83828354 154.92037964
v 22.85527992 10.43366432 155.78945923
v 22.85527992 11.94360161 156.79971313
v 22.85527992 13.35563660 157.94281006
v -23.34471893 -14.52789879 159.23785400
v -26.45792389 -14.52789879 159.23785400
v -26.45792389 -14.51762867 181.23785400
v -23.34471893 13.35563660 157.94281006
v -23.34471893 11.94360161 156.79971313
v -23.34471893 10.43366432 155.78945923
v -23.34471893 8.83828354 154.92037964
v -23.34471893 7.17062330 154.19967651
v -23.34471893 5.44444370 153.63327026
v -23.34471893 3.67398763 153.22583008
v -23.34471893 1.87386405 152.98072815
v -23.34471893 0.05892628 152.89999390
v -23.34471893 -1.75585020 152.98428345
v -23.34471893 -3.55549097 153.23289490
v -23.34471893 -5.32514668 153.64379883
v -23.34471893 -7.05021572 154.21357727
v -23.34471893 -8.71646404 154.93754578
v -23.34471893 -10.31014252 155.80973816
v -23.34471893 -11.81810093 156.82293701
v -23.34471893 -13.22789764 157.96879578
v -26.45792389 -13.22704983 157.96804810
v -26.45792389 -11.81627560 156.82159424
v -26.45792389 -10.30723190 155.80796814
v -26.45792389 -8.71238518 154.93554688
v -26.45792389 -7.04491186 154.21156311
v -26.45792389 -5.31858826 153.64195251
v -26.45792389 -3.54767609 153.23146057
v -26.45792389 -1.74680603 152.98344421
v -26.45792389 0.06914383 152.89997864
v -26.45792389 1.88517082 152.98175049
v -26.45792389 3.68627167 153.22807312
v -26.45792389 5.45756626 153.63691711
v -26.45792389 7.18442106 154.20491028
v -26.45792389 8.85256958 154.92735291
v -26.45792389 10.44822979 155.79827881
v -26.45792389 11.95821953 156.81048584
v -26.45792389 13.37006378 157.95562744
v -26.45792389 14.67209816 159.22422791
v -23.45792389 16.10127449 154.43077087
v -23.45792389 16.02007484 154.89253235
v -23.45792389 16.10170555 155.35423279
v -23.45792389 16.33632088 155.76014709
v -23.45792389 16.69562149 156.06135559
v -23.45792389 17.13627052 156.22151184
v -23.45792389 17.60512161 156.22128296
v -23.45792389 18.04562187 156.06072998
v -23.45792389 18.40464020 155.75918579
v -23.45792389 18.63887596 155.35304260
v -23.45792389 18.72007561 154.89128113
v -23.45792389 18.63844490 154.42959595
v -23.45792389 18.40382957 154.02366638
v -23.45792389 18.04452896 153.72245789
v -23.45792389 17.60387993 153.56230164
v -23.45792389 17.13503075 153.56253052
v -23.45792389 16.69453049 153.72308350
v -23.45792389 16.33551025 154.02462769
v 22.96848297 16.09143639 133.35423279
v 22.96848297 16.00980568 132.89254761
v 22.96848297 16.09100533 132.43077087
v 22.96848297 16.32524109 132.02462769
v 22.96848297 16.68425941 131.72309875
v 22.96848297 17.12475967 131.56253052
v 22.96848297 17.59360886 131.56231689
v 22.96848297 18.03425980 131.72245789
v 22.96848297 18.39356041 132.02366638
v 22.96848297 18.62817383 132.42959595
v 22.96848297 18.70980453 132.89128113
v 22.96848297 18.62860489 133.35304260
v 22.96848297 18.39437103 133.75918579
v 22.96848297 18.03535080 134.06072998
v 22.96848297 17.59485054 134.22129822
v 22.96848297 17.12600136 134.22151184
v 22.96848297 16.68535042 134.06135559
v 22.96848297 16.32604980 133.76016235
v 22.96848297 -18.49828911 155.37037659
v 22.96848297 -18.57991982 154.90869141
v 22.96848297 -18.49872017 154.44692993
v 22.96848297 -18.26448631 154.04078674
v 22.96848297 -17.90546608 153.73924255
v 22.96848297 -17.46496582 153.57867432
v 22.96848297 -16.99611664 153.57846069
v 22.96848297 -16.55546570 153.73861694
v 22.96848297 -16.19616508 154.03981018
v 22.96848297 -15.96155167 154.44573975
v 22.96848297 -15.87992096 154.90742493
v 22.96848297 -15.96112061 155.36920166
v 22.96848297 -16.19535637 155.77534485
v 22.96848297 -16.55437469 156.07687378
v 22.96848297 -16.99487495 156.23744202
v 22.96848297 -17.46372414 156.23765564
v 22.96848297 -17.90437508 156.07751465
v 22.96848297 -18.26367569 155.77630615
v -23.45792389 -18.49872017 154.44692993
v -23.45792389 -18.57991982 154.90869141
v -23.45792389 -18.49828911 155.37037659
v -23.45792389 -18.26367569 155.77630615
v -23.45792389 -17.90437508 156.07751465
v -23.45792389 -17.46372414 156.23765564
v -23.45792389 -16.99487495 156.23744202
v -23.45792389 -16.55437469 156.07687378
v -23.45792389 -16.19535637 155.77534485
v -23.45792389 -15.96112061 155.36920166
v -23.45792389 -15.87992096 154.90742493
v -23.45792389 -15.96155167 154.44573975
v -23.45792389 -16.19616508 154.03981018
v -23.45792389 -16.55546570 153.73861694
v -23.45792389 -16.99611664 153.57846069
v -23.45792389 -17.46496582 153.57867432
v -23.45792389 -17.90546608 153.73924255
v -23.45792389 -18.26448631 154.04078674
v -23.45792389 -18.50899124 132.44692993
v -23.45792389 -18.59019089 132.90869141
v -23.45792389 -18.50856018 133.37037659
v -23.45792389 -18.27394485 133.77630615
v -23.45792389 -17.91464424 134.07751465
v -23.45792389 -17.47399521 134.23765564
v -23.45792389 -17.00514603 134.23744202
v -23.45792389 -16.56464577 134.07688904
v -23.45792389 -16.20562553 133.77534485
v -23.45792389 -15.97139072 133.36920166
v -23.45792389 -15.89019108 132.90744019
v -23.45792389 -15.97182178 132.44573975
v -23.45792389 -16.20643616 132.03981018
v -23.45792389 -16.56573677 131.73861694
v -23.45792389 -17.00638580 131.57846069
v -23.45792389 -17.47523689 131.57867432
v -23.45792389 -17.91573715 131.73924255
v -23.45792389 -18.27475548 132.04078674
v 2.47391748 -12.61685753 118.80590057
v 2.55528021 -11.94677353 118.80558777
v 2.47391748 -11.27669048 118.80527496
v 2.23455715 -10.64554882 118.80498505
v 1.85111046 -10.09003067 118.80472565
v 1.34586155 -9.64241982 118.80451202
v 0.74817401 -9.32872868 118.80436707
v 0.09278302 -9.16718960 118.80429077
v -0.58222240 -9.16718960 118.80429077
v -1.23761332 -9.32872868 118.80436707
v -1.83530092 -9.64241982 118.80451202
v -2.34054971 -10.09003067 118.80472565
v -2.72399664 -10.64554882 118.80498505
v -2.96335673 -11.27669048 118.80527496
v -3.04471970 -11.94677353 118.80558777
v -2.96335673 -12.61685753 118.80590057
v -2.72399664 -13.24799824 118.80619812
v -2.34054971 -13.80351734 118.80645752
v -1.83530092 -14.25112820 118.80666351
v -1.23761332 -14.56481934 118.80681610
v -0.58222240 -14.72635841 118.80688477
v 0.09278302 -14.72635841 118.80688477
v 0.74817401 -14.56481934 118.80681610
v 1.34586155 -14.25112820 118.80666351
v 1.85111046 -13.80351734 118.80645752
v 2.23455715 -13.24799824 118.80619812
v 14.47391701 -0.61685902 118.80030060
v 14.55528069 0.05322476 118.79998779
v 14.47391701 0.72330856 118.79967499
v 14.23455715 1.35444951 118.79937744
v 13.85111046 1.90996802 118.79911804
v 13.34586143 2.35757923 118.79891205
v 12.74817371 2.67126989 118.79876709
v 12.09278297 2.83280921 118.79869080
v 11.41777802 2.83280921 118.79869080
v 10.76238632 2.67126989 118.79876709
v 10.16469860 2.35757923 118.79891205
v 9.65945053 1.90996802 118.79911804
v 9.27600384 1.35444951 118.79937744
v 9.03664303 0.72330856 118.79967499
v 8.95528030 0.05322476 118.79998779
v 9.03664303 -0.61685902 118.80030060
v 9.27600384 -1.24800003 118.80059814
v 9.65945053 -1.80351853 118.80085754
v 10.16469860 -2.25112987 118.80106354
v 10.76238632 -2.56482053 118.80120850
v 11.41777802 -2.72635984 118.80128479
v 12.09278297 -2.72635984 118.80128479
v 12.74817371 -2.56482053 118.80120850
v 13.34586143 -2.25112987 118.80106354
v 13.85111046 -1.80351853 118.80085754
v 14.23455715 -1.24800003 118.80059814
v -9.52608299 -0.61685902 118.80030060
v -9.44471931 0.05322476 118.79998779
v -9.52608299 0.72330856 118.79967499
v -9.76544285 1.35444951 118.79937744
v -10.14888954 1.90996802 118.79911804
v -10.65413857 2.35757923 118.79891205
v -11.25182629 2.67126989 118.79876709
v -11.90721703 2.83280921 118.79869080
v -12.58222198 2.83280921 118.79869080
v -13.23761368 2.67126989 118.79876709
v -13.83530140 2.35757923 118.79891205
v -14.34054947 1.90996802 118.79911804
v -14.72399616 1.35444951 118.79937744
v -14.96335697 0.72330856 118.79967499
v -15.04471970 0.05322476 118.79998779
v -14.96335697 -0.61685902 118.80030060
v -14.72399616 -1.24800003 118.80059814
v -14.34054947 -1.80351853 118.80085754
v -13.83530140 -2.25112987 118.80106354
v -13.23761368 -2.56482053 118.80120850
v -12.58222198 -2.72635984 118.80128479
v -11.90721703 -2.72635984 118.80128479
v -11.25182629 -2.56482053 118.80120850
v -10.65413857 -2.25112987 118.80106354
v -10.14888954 -1.80351853 118.80085754
v -9.76544285 -1.24800003 118.80059814
v 2.47391748 11.38313961 118.79470062
v 2.55528021 12.05322361 118.79438782
v 2.47391748 12.72330761 118.79407501
v 2.23455715 13.35444832 118.79377747
v 1.85111046 13.90996647 118.79351807
v 1.34586155 14.35757828 118.79331207
v 0.74817401 14.67126846 118.79316711
v 0.09278302 14.83280754 118.79309082
v -0.58222240 14.83280754 118.79309082
v -1.23761332 14.67126846 118.79316711
v -1.83530092 14.35757828 118.79331207
v -2.34054971 13.90996647 118.79351807
v -2.72399664 13.35444832 118.79377747
v -2.96335673 12.72330761 118.79407501
v -3.04471970 12.05322361 118.79438782
v -2.96335673 11.38313961 118.79470062
v -2.72399664 10.75199890 118.79499054
v -2.34054971 10.19647980 118.79524994
v -1.83530092 9.74886894 118.79546356
v -1.23761332 9.43517780 118.79560852
v -0.58222240 9.27363873 118.79568481
v 0.09278302 9.27363873 118.79568481
v 0.74817401 9.43517780 118.79560852
v 1.34586155 9.74886894 118.79546356
v 1.85111046 10.19647980 118.79524994
v 2.23455715 10.75199890 118.79499054
v -26.42236710 -18.40367889 157.11521912
v -26.38977432 -18.54486084 160.68800354
v -26.45792389 -18.02881432 157.27697754
v -26.38977432 -18.54006386 170.96386719
v -26.42236710 -18.39546776 174.70199585
v -26.33026123 -18.72282982 174.91079712
v -26.19161224 -19.01958466 170.96409607
v -26.19160652 -19.01761818 175.17102051
v -26.02478981 -19.26300430 175.46807861
v -25.87213707 -19.43663788 170.96427917
v -25.85520935 -19.45104599 175.78080750
v -25.69023323 -19.59506607 176.12907410
v -25.45792389 -19.75447655 170.96443176
v -25.56137848 -19.68808746 176.51347351
v -25.51148796 -19.71965027 176.90922546
v -25.45792389 -19.74967957 181.24029541
v -25.56137848 -19.68771744 177.30494690
v -25.69023323 -19.59433746 177.68925476
v -25.87213707 -19.43184090 181.24014282
v -25.85520935 -19.44999313 178.03739929
v -26.02478981 -19.26165962 178.34994507
v -26.18997383 -19.01762772 181.23995972
v -26.19160652 -19.01599503 178.64677429
v -26.33026123 -18.72096443 178.90672302
v -26.38977432 -18.53526688 181.23973083
v -26.42236710 -18.39340782 179.11521912
v -26.45792389 -18.01762772 181.23948669
v -26.45792389 -18.01854515 179.27697754
v -26.33026123 -18.73123360 156.90672302
v -26.19161224 -19.02438164 160.68823242
v -26.19160652 -19.02626610 156.64677429
v -26.02478981 -19.27192879 156.34994507
v -25.87213707 -19.44143677 160.68841553
v -25.85520935 -19.46026421 156.03739929
v -25.69023323 -19.60460854 155.68925476
v -25.45792389 -19.75927353 160.68856812
v -25.56137848 -19.69798851 155.30494690
v -25.51148796 -19.72991943 154.90922546
v -25.45792389 -19.76407051 150.41270447
v -25.56137848 -19.69835854 154.51347351
v -25.69023323 -19.60533714 154.12907410
v -25.87213707 -19.44623375 150.41255188
v -25.85520935 -19.46131706 153.78080750
v -26.02478981 -19.27327538 153.46807861
v -26.19161224 -19.02917862 150.41235352
v -26.19160652 -19.02788734 153.17102051
v -26.33026123 -18.73309898 152.91079712
v -26.38977432 -18.54965782 150.41213989
v -26.42236710 -18.40573883 152.70199585
v -26.38977432 -18.55445480 140.13627625
v -26.45792389 -18.03908539 135.27697754
v -26.42236710 -18.41394806 135.11523438
v -26.45792389 -18.03102684 152.53988647
v -26.33026123 -18.74150467 134.90672302
v -26.19161224 -19.03397560 140.13648987
v -26.19160652 -19.03653526 134.64677429
v -26.02478981 -19.28219986 134.34994507
v -25.87213707 -19.45103073 140.13668823
v -25.85520935 -19.47053337 134.03739929
v -25.69023323 -19.61487961 133.68925476
v -25.45792389 -19.76886749 140.13684082
v -25.56137848 -19.70825958 133.30494690
v -25.51148796 -19.74019051 132.90922546
v -25.45792389 -19.77366447 129.86097717
v -25.56137848 -19.70862770 132.51347351
v -25.69023323 -19.61560822 132.12907410
v -25.85520935 -19.47158813 131.78080750
v -25.87213707 -19.45582771 129.86082458
v -25.87213707 -19.46062469 119.58496094
v -25.45792389 -19.77846146 119.58511353
v -24.97556114 -19.97346497 129.86106873
v -24.97556114 -19.97826195 119.58520508
v -24.45792389 -20.05120850 109.30937195
v -24.97556114 -19.98305893 109.30934143
v -25.45792389 -19.78325844 109.30924988
v -25.87213707 -19.46542168 109.30909729
v -26.18997383 -19.05120850 109.30890656
v -26.19074440 -19.04507637 119.58477020
v -26.38977432 -18.56884575 109.30867767
v -26.38977432 -18.56404877 119.58454132
v -26.45792389 -18.05120850 109.30844116
v -26.42236710 -18.41600990 130.70199585
v -26.45792389 -18.04129601 130.53988647
v -26.02478981 -19.28354454 131.46809387
v -26.19160652 -19.03815842 131.17102051
v -26.19151306 -19.03894234 129.86062622
v -26.33026123 -18.74337006 130.91079712
v -26.38977432 -18.55925179 129.86041260
v -24.97556114 -19.96866798 140.13693237
v -24.45792389 -20.01762772 181.24041748
v -24.97556114 -19.96387100 150.41279602
v -24.97556114 -19.95907402 160.68865967
v -24.97556114 -19.95427704 170.96452332
v -24.97556114 -19.94948006 181.24038696
v -26.45792389 -18.02075577 174.53988647
v 25.96848297 -13.22704983 157.96804810
v 25.96848297 -11.81627560 156.82159424
v 25.96848297 -10.30723190 155.80796814
v 25.96848297 -8.71238518 154.93554688
v 25.96848297 -7.04491186 154.21156311
v 25.96848297 -5.31858826 153.64195251
v 25.96848297 -3.54767609 153.23146057
v 25.96848297 -1.74680603 152.98344421
v 25.96848297 0.06914383 152.89997864
v 25.96848297 1.88517082 152.98175049
v 25.96848297 3.68627167 153.22807312
v 25.96848297 5.45756626 153.63691711
v 25.96848297 7.18442106 154.20491028
v 25.96848297 8.85256958 154.92735291
v 25.96848297 10.44822979 155.79827881
v 25.96848297 11.95821953 156.81048584
v 25.96848297 13.37006378 157.95562744
v 25.96848297 14.67209816 159.22422791
v -26.45792389 14.65812397 159.22422791
v -26.45792389 14.66839409 181.22422791
v 25.96848297 14.65812397 159.22422791
v 25.96848297 14.66839409 181.22422791
v -22.51555252 -20.01762772 181.24041748
v -22.51555252 -20.05120850 109.30937195
v 25.96848297 18.16091156 135.26008606
v 25.96848297 18.16897011 152.52299500
v 25.96848297 17.54295731 135.38519287
v 25.96848297 17.55089951 152.39845276
v 25.96848297 16.92132759 152.43251038
v 25.96848297 16.91335297 135.35173035
v 25.96848297 16.32029724 152.62300110
v 25.96848297 16.31214523 135.16180420
v 25.96848297 15.78603649 152.95779419
v 25.96848297 15.77757263 134.82751465
v 25.96848297 15.35252571 153.41560364
v 25.96848297 15.34363461 134.37010193
v 25.96848297 15.04733849 153.96730042
v 25.96848297 14.88988400 154.57781982
v 25.96848297 14.89017868 155.20831299
v 25.96848297 15.04820251 155.81867981
v 25.96848297 15.35390568 156.37010193
v 25.96848297 15.78784275 156.82749939
v 25.96848297 16.32241631 157.16180420
v 25.96848297 16.92362404 157.35171509
v 25.96848297 17.55322647 157.38519287
v 25.96848297 18.17118073 157.26007080
v 25.96848297 18.17917824 174.39152527
v 25.96848297 17.53217125 174.47702026
v 25.96848297 16.92933464 174.72705078
v 25.96848297 16.41175461 175.12458801
v 25.96848297 16.01469994 175.64254761
v 25.96848297 15.76522923 176.24560547
v 25.96848297 15.68034649 176.89270020
v 25.96848297 15.76583385 177.53970337
v 25.96848297 16.01586533 178.14254761
v 25.96848297 16.41340446 178.66012573
v 25.96848297 16.93135643 179.05717468
v 25.96848297 18.18236732 181.22259521
v 25.96848297 17.53442574 179.30665588
v 25.96848297 18.18151283 179.39152527
v 25.96848297 15.03793240 133.81867981
v 25.96848297 10.41024399 127.50997162
v 25.96848297 9.80717564 127.26049805
v 25.96848297 9.28922272 126.86344147
v 25.96848297 8.89168453 126.34586334
v 25.96848297 8.64165211 125.74302673
v 25.96848297 8.55616474 125.09601593
v 25.96848297 8.64104843 124.44892883
v 25.96848297 8.89051819 123.84586334
v 25.96848297 9.28757286 123.32791138
v 25.96848297 9.80515385 122.93037415
v 25.96848297 10.40798950 122.68034363
v 25.96848297 11.05499744 122.59485626
v 25.96848297 11.70208454 122.67973328
v 25.96848297 12.30515385 122.92920685
v 25.96848297 12.82310581 123.32626343
v 25.96848297 13.22064400 123.84384155
v 25.96848297 13.47067642 124.44667816
v 25.96848297 13.55616474 125.09368134
v 25.96848297 16.31002617 130.62300110
v 25.96848297 13.47128105 125.74077606
v 25.96848297 15.77576637 130.95779419
v 25.96848297 15.34225559 131.41560364
v 25.96848297 -9.17524052 126.87206268
v 25.96848297 -8.77818584 126.35411072
v 25.96848297 -8.52871704 125.75104523
v 25.96848297 -8.44383335 125.10395813
v 25.96848297 -9.69282246 127.26959991
v 25.96848297 -10.29565811 127.51963806
v 25.96848297 -14.91745377 133.83267212
v 25.96848297 -14.76000023 133.22215271
v 25.96848297 -15.22264099 134.38436890
v 25.96848297 -15.21374989 153.42987061
v 25.96848297 -14.90804768 153.98129272
v 25.96848297 -14.75002384 154.59165955
v 25.96848297 -14.74972916 155.22215271
v 25.96848297 -14.90718365 155.83265686
v 25.96848297 -15.21237087 156.38436890
v 25.96848297 -15.64588165 156.84217834
v 25.96848297 -16.18014145 157.17697144
v 25.96848297 -16.78117180 157.36746216
v 25.96848297 -17.41074371 157.40151978
v 25.96848297 -17.40280151 174.41477966
v 25.96848297 -18.02075577 174.53988647
v 25.96848297 -14.73975372 176.59165955
v 25.96848297 -14.89777756 175.98129272
v 25.96848297 -15.20347977 175.42987061
v 25.96848297 -18.01762772 181.23948669
v 25.96848297 -16.77090263 179.36744690
v 25.96848297 -16.16987228 179.17697144
v 25.96848297 -15.63561153 178.84217834
v 25.96848297 -18.01854515 179.27697754
v 25.96848297 -17.40047264 179.40150452
v 25.96848297 -15.20210075 178.38436890
v 25.96848297 -14.89691257 177.83265686
v 25.96848297 -14.73945904 177.22215271
v 25.96848297 -15.63741779 174.97245789
v 25.96848297 -16.17199135 174.63816833
v 25.96848297 -16.77319908 174.44824219
v 25.96848297 -18.02881432 157.27697754
v 25.96848297 -15.65615177 134.84217834
v 25.96848297 -15.64768791 152.97245789
v 25.96848297 -16.19041252 135.17697144
v 25.96848297 -16.18226051 152.63816833
v 25.96848297 -16.79144287 135.36746216
v 25.96848297 -16.78346825 152.44824219
v 25.96848297 -17.42101479 135.40151978
v 25.96848297 -17.41307259 152.41477966
v 25.96848297 -18.03102684 152.53988647
v 25.96848297 -18.03908539 135.27697754
v 25.96848297 -14.76029396 132.59165955
v 25.96848297 -11.58975315 127.52024078
v 25.96848297 -10.94266605 127.60512543
v 25.96848297 -14.91831779 131.98129272
v 25.96848297 -12.71077442 126.87371826
v 25.96848297 -12.19282246 127.27076721
v 25.96848297 -13.10831261 126.35613251
v 25.96848297 -15.22402096 131.42987061
v 25.96848297 -13.35834503 125.75329590
v 25.96848297 -15.65795803 130.97245789
v 25.96848297 -16.19253159 130.63816833
v 25.96848297 -16.79373932 130.44824219
v 25.96848297 -13.44383240 125.10629272
v 25.96848297 -17.42334175 130.41477966
v 25.96848297 -18.04129601 130.53988647
v 25.96848297 -18.05120850 109.30844116
v 25.96848297 -10.94499969 122.60512543
v 25.96848297 -11.59200764 122.69061279
v 25.96848297 -12.19484329 122.94064331
v 25.96848297 -8.52932072 124.45694733
v 25.96848297 -8.77935314 123.85411072
v 25.96848297 -9.17689133 123.33653259
v 25.96848297 18.14878845 109.29154205
v 25.96848297 18.15869904 130.52299500
v 25.96848297 17.54062843 130.39845276
v 25.96848297 16.91105652 130.43251038
v 25.96848297 13.22181129 126.34384155
v 25.96848297 15.03706837 131.96730042
v 25.96848297 12.82475662 126.86179352
v 25.96848297 14.87961388 132.57781982
v 25.96848297 12.30717564 127.25933075
v 25.96848297 11.70433903 127.50936127
v 25.96848297 14.87990856 133.20831299
v 25.96848297 11.05733204 127.59484863
v 25.96848297 -9.69484425 122.93947601
v 25.96848297 -10.29791260 122.69000244
v 25.96848297 -12.71242523 123.33818054
v 25.96848297 -13.10947990 123.85613251
v 25.96848297 -13.35894966 124.45920563
v 25.93292809 -18.40573883 152.70199585
v 25.90033531 -18.55445480 140.13627625
v 25.93292809 -18.41394806 135.11523438
v 25.90033531 -18.54965782 150.41213989
v 25.84082222 -18.73309898 152.91079712
v 25.70217133 -19.03397560 140.13648987
v 25.70217133 -19.02917862 150.41235352
v 25.38269806 -19.45103073 140.13668823
v 25.38269806 -19.44623375 150.41255188
v 24.96848297 -19.76886749 140.13684082
v 24.96848297 -19.76407051 150.41270447
v 24.48612213 -19.96866798 140.13693237
v 24.48612213 -19.96387100 150.41279602
v 23.96848297 -20.05120850 109.30937195
v 23.96848297 -20.01762772 181.24041748
v 24.48612213 -19.95907402 160.68865967
v 24.48612213 -19.95427704 170.96452332
v 24.96848297 -19.75447655 170.96443176
v 24.96848297 -19.74967957 181.24029541
v 25.02204895 -19.71965027 176.90922546
v 25.07193756 -19.68771744 177.30494690
v 25.70216751 -19.02788734 153.17102051
v 25.53534889 -19.27327538 153.46807861
v 25.36577034 -19.46131706 153.78080750
v 25.20079231 -19.60533714 154.12907410
v 25.07193756 -19.69835854 154.51347351
v 25.02204895 -19.72991943 154.90922546
v 24.96848297 -19.75927353 160.68856812
v 25.07193756 -19.69798851 155.30494690
v 25.20079231 -19.60460854 155.68925476
v 25.38269806 -19.44143677 160.68841553
v 25.36577034 -19.46026421 156.03739929
v 25.53534889 -19.27192879 156.34994507
v 25.70217133 -19.02438164 160.68823242
v 25.70216751 -19.02626610 156.64677429
v 25.84082222 -18.73123360 156.90672302
v 25.90033531 -18.54486084 160.68800354
v 25.93292809 -18.40367889 157.11521912
v 25.90033531 -18.54006386 170.96386719
v 25.93292809 -18.39546776 174.70199585
v 25.84082222 -18.72282982 174.91079712
v 25.70217133 -19.01958466 170.96409607
v 25.70216751 -19.01761818 175.17102051
v 25.53534889 -19.26300430 175.46807861
v 25.38269806 -19.43663788 170.96427917
v 25.36577034 -19.45104599 175.78080750
v 25.20079231 -19.59506607 176.12907410
v 25.07193756 -19.68808746 176.51347351
v 25.20079231 -19.59433746 177.68925476
v 25.38269806 -19.43184090 181.24014282
v 25.36577034 -19.44999313 178.03739929
v 25.53534889 -19.26165962 178.34994507
v 25.70053482 -19.01762772 181.23995972
v 25.70216751 -19.01599503 178.64677429
v 25.84082222 -18.72096443 178.90672302
v 25.90033531 -18.53526688 181.23973083
v 25.93292809 -18.39340782 179.11521912
v 24.48612213 -19.94948006 181.24038696
v 24.48612213 -19.98305893 109.30934143
v 24.48612213 -19.97826195 119.58520508
v 24.48612213 -19.97346497 129.86106873
v 24.96848297 -19.77846146 119.58511353
v 24.96848297 -19.78325844 109.30924988
v 25.38269806 -19.46062469 119.58496094
v 25.38269806 -19.46542168 109.30909729
v 25.70053482 -19.05120850 109.30890656
v 25.70130539 -19.04507637 119.58477020
v 25.90033531 -18.56884575 109.30867767
v 25.90033531 -18.56404877 119.58454132
v 25.93292809 -18.41600990 130.70199585
v 25.90033531 -18.55925179 129.86041260
v 25.84082222 -18.74337006 130.91079712
v 25.70216751 -19.03815842 131.17102051
v 25.70207405 -19.03894234 129.86062622
v 25.53534889 -19.28354454 131.46809387
v 25.36577034 -19.47158813 131.78080750
v 25.38269806 -19.45582771 129.86082458
v 25.20079231 -19.61560822 132.12907410
v 24.96848297 -19.77366447 129.86097717
v 25.07193756 -19.70862770 132.51347351
v 25.02204895 -19.74019051 132.90922546
v 25.07193756 -19.70825958 133.30494690
v 25.20079231 -19.61487961 133.68925476
v 25.36577034 -19.47053337 134.03739929
v 25.53534889 -19.28219986 134.34994507
v 25.70216751 -19.03653526 134.64677429
v 25.84082222 -18.74150467 134.90672302
v -26.45792389 18.14878845 109.29154205
v -26.45792389 18.15869904 130.52299500
v -26.38977432 18.67156792 120.30796051
v -26.42236710 18.53356361 130.68473816
v -26.33026123 18.86111832 130.89324951
v -26.19079971 19.15249825 120.30773926
v -26.19160652 19.15615082 131.15319824
v -26.02478981 19.40181351 131.45002747
v -25.85520935 19.59014893 131.76257324
v -25.87213707 19.57328796 131.32420349
v -25.87213707 19.56814384 120.30754089
v -26.18997383 19.14878845 109.29106903
v -26.38977432 18.66642570 109.29129791
v -25.69023323 19.73449326 132.11071777
v -25.45792389 19.88598061 120.30739594
v -25.56137848 19.82787323 132.49502563
v -25.45792389 19.89112473 131.32406616
v -25.51148796 19.85980415 132.89074707
v -25.45792389 19.89626694 142.34072876
v -25.56137848 19.82824326 133.28649902
v -25.69023323 19.73522186 133.67089844
v -25.87213707 19.57843018 142.34088135
v -25.85520935 19.59120178 134.01916504
v -26.02478981 19.40316010 134.33187866
v -26.19161224 19.16137505 142.34106445
v -26.19160652 19.15777206 134.62895203
v -26.33026123 18.86298370 134.88917542
v -26.38977432 18.68185425 142.34129333
v -26.42236710 18.53562355 135.09797668
v -26.45792389 18.16897011 152.52299500
v -26.45792389 18.16091156 135.26008606
v -26.42236710 18.54383278 152.68473816
v -26.33026123 18.87138939 152.89323425
v -26.19160652 19.16641998 153.15319824
v -26.02478981 19.41208458 153.45002747
v -25.85520935 19.60041809 153.76257324
v -25.87213707 19.58357239 153.35754395
v -25.69023323 19.74476433 154.11070251
v -25.56137848 19.83814430 154.49501038
v -25.45792389 19.90141106 153.35739136
v -25.51148796 19.87007523 154.89074707
v -25.45792389 19.90655327 164.37405396
v -25.56137848 19.83851242 155.28649902
v -25.69023323 19.74549103 155.67088318
v -25.87213707 19.58871651 164.37420654
v -25.85520935 19.60147285 156.01916504
v -26.02478981 19.41342926 156.33187866
v -26.19090652 19.17288589 164.37440491
v -26.19160652 19.16804314 156.62893677
v -26.33026123 18.87325478 156.88917542
v -26.38977432 18.69214058 164.37461853
v -26.42236710 18.54589462 157.09797668
v -26.45792389 18.17917824 174.39152527
v -26.45792389 18.17118073 157.26007080
v -26.41570854 18.58510399 174.42510986
v -26.29271507 18.97518730 174.52125549
v -26.09850121 19.32240486 174.66806030
v -25.85578346 19.60976219 174.84049988
v -25.56674194 19.84359932 175.02578735
v -25.22930717 20.02481461 175.20394897
v -24.97556114 20.10635376 164.37396240
v -24.85537529 20.13973045 175.33885193
v -24.97556114 20.10121155 153.35729980
v -24.45792389 20.14878845 109.29060364
v -24.97556114 20.09606743 142.34063721
v -24.97556114 20.09092522 131.32397461
v -24.45792389 20.17964554 175.39059448
v -24.97556114 20.08578300 120.30730438
v -24.97556114 20.08063889 109.29063416
v -25.45792389 19.88083839 109.29073334
v -25.87213707 19.56300163 109.29087830
v -23.45792389 -18.48801994 177.37037659
v -23.45792389 -18.56965065 176.90869141
v -23.45792389 -18.48845100 176.44692993
v -23.45792389 -18.25421524 176.04077148
v -23.45792389 -17.89519691 175.73924255
v -23.45792389 -17.45469666 175.57867432
v -23.45792389 -16.98584557 175.57846069
v -23.45792389 -16.54519653 175.73860168
v -23.45792389 -16.18589592 176.03981018
v -23.45792389 -15.95128059 176.44573975
v -23.45792389 -15.86965084 176.90742493
v -23.45792389 -15.95084953 177.36918640
v -23.45792389 -16.18508530 177.77534485
v -23.45792389 -16.54410362 178.07687378
v -23.45792389 -16.98460388 178.23744202
v -23.45792389 -17.45345497 178.23765564
v -23.45792389 -17.89410400 178.07751465
v -23.45792389 -18.25340462 177.77630615
v 22.96848297 -18.48801994 177.37037659
v 22.96848297 -18.56965065 176.90869141
v 22.96848297 -18.48845100 176.44692993
v 22.96848297 -18.25421524 176.04077148
v 22.96848297 -17.89519691 175.73924255
v 22.96848297 -17.45469666 175.57867432
v 22.96848297 -16.98584557 175.57846069
v 22.96848297 -16.54519653 175.73860168
v 22.96848297 -16.18589592 176.03981018
v 22.96848297 -15.95128059 176.44573975
v 22.96848297 -15.86965084 176.90742493
v 22.96848297 -15.95084953 177.36918640
v 22.96848297 -16.18508530 177.77534485
v 22.96848297 -16.54410362 178.07687378
v 22.96848297 -16.98460388 178.23744202
v 22.96848297 -17.45345497 178.23765564
v 22.96848297 -17.89410400 178.07751465
v 22.96848297 -18.25340462 177.77630615
v -23.45792389 16.91197586 177.35385132
v -23.45792389 16.83034515 176.89216614
v -23.45792389 17.14659119 177.75978088
v -23.45792389 17.50589180 178.06097412
v -23.45792389 17.94654083 178.22113037
v -23.45792389 18.41539192 178.22091675
v -23.45792389 18.85589218 178.06034851
v -23.45792389 19.21491051 177.75881958
v -23.45792389 19.44914627 177.35266113
v -23.45792389 19.53034592 176.89089966
v -23.45792389 19.44871521 176.42921448
v -23.45792389 19.21409988 176.02328491
v -23.45792389 18.85479927 175.72207642
v -23.45792389 18.41415024 175.56193542
v -23.45792389 17.94530106 175.56214905
v -23.45792389 17.50480080 175.72271729
v -23.45792389 17.14578056 176.02424622
v -23.45792389 16.91154480 176.43040466
v 22.96848297 17.50480080 175.72271729
v 22.96848297 17.94530106 175.56214905
v 22.96848297 18.41415024 175.56193542
v 22.96848297 18.85479927 175.72207642
v 22.96848297 19.21409988 176.02328491
v 22.96848297 19.44871521 176.42921448
v 22.96848297 19.53034592 176.89089966
v 22.96848297 19.44914627 177.35266113
v 22.96848297 19.21491051 177.75881958
v 22.96848297 18.85589218 178.06034851
v 22.96848297 18.41539192 178.22091675
v 22.96848297 17.94654083 178.22113037
v 22.96848297 17.50589180 178.06097412
v 22.96848297 17.14659119 177.75978088
v 22.96848297 16.91197586 177.35385132
v 22.96848297 16.83034515 176.89216614
v 22.96848297 16.91154480 176.43040466
v 22.96848297 17.14578056 176.02424622
v 22.02611351 -23.55120850 109.31100464
v 22.02611351 -20.05120850 109.30937195
v 22.02611351 -23.51762772 181.24205017
v 22.02611351 -20.01762772 181.24041748
v 22.02611351 23.64878654 109.28897095
v 22.02611351 23.68236732 181.22001648
v -22.51555252 23.68236732 181.22001648
v -22.51555252 23.64878654 109.28897095
v 16.66805840 1.76865113 109.29918671
v 16.75527954 0.04878983 109.29998779
v 16.40728951 3.47086430 109.29839325
v 15.97564793 5.13796234 109.29761505
v 15.37756348 6.75283861 109.29685974
v 14.61917305 8.29892254 109.29613495
v 13.70825863 9.76034832 109.29545593
v 22.02611351 20.14878845 109.29060364
v 12.65416813 11.12212086 109.29482269
v 11.46771812 12.37026596 109.29423523
v 10.16108227 13.49197578 109.29371643
v 8.74766827 14.47574043 109.29325104
v 7.24198103 15.31146526 109.29286194
v 5.65946960 15.99057388 109.29254913
v 4.01637316 16.50609970 109.29230499
v 2.32955265 16.85274887 109.29214478
v 0.61631620 17.02696800 109.29206085
v -1.10575557 17.02696800 109.29206085
v -2.81899190 16.85274887 109.29214478
v -4.50581264 16.50609970 109.29230499
v -6.14890909 15.99057388 109.29254913
v -7.73142004 15.31146526 109.29286194
v -9.23710823 14.47574043 109.29325104
v -10.65052128 13.49197578 109.29371643
v -11.95715714 12.37026596 109.29423523
v -22.51555252 20.14878845 109.29060364
v -13.14360809 11.12212086 109.29482269
v -14.19769859 9.76034832 109.29545593
v -15.10861206 8.29892254 109.29613495
v -15.86700249 6.75283861 109.29685974
v -16.46508789 5.13796234 109.29761505
v -16.89672852 3.47086430 109.29839325
v -17.15749741 1.76865113 109.29918671
v -17.24472046 0.04878983 109.29998779
v -17.15749741 -1.67107141 109.30078888
v -16.89672852 -3.37328458 109.30158997
v -16.46508789 -5.04038286 109.30236816
v -15.86700249 -6.65525913 109.30311584
v -15.10861206 -8.20134258 109.30384064
v -14.19769859 -9.66276836 109.30451965
v -13.14360809 -11.02454090 109.30516052
v -11.95715714 -12.27268600 109.30574036
v -10.65052128 -13.39439583 109.30626678
v -9.23710823 -14.37816143 109.30672455
v -7.73142004 -15.21388531 109.30711365
v -6.14890909 -15.89299488 109.30743408
v -4.50581264 -16.40851974 109.30767059
v -2.81899190 -16.75516891 109.30783081
v -1.10575557 -16.92938805 109.30791473
v 0.61631620 -16.92938805 109.30791473
v 2.32955265 -16.75516891 109.30783081
v 4.01637316 -16.40851974 109.30767059
v 5.65946960 -15.89299488 109.30743408
v 7.24198103 -15.21388531 109.30711365
v 8.74766827 -14.37816143 109.30672455
v 10.16108227 -13.39439583 109.30626678
v 11.46771812 -12.27268600 109.30574036
v 12.65416813 -11.02454090 109.30516052
v 13.70825863 -9.66276836 109.30451965
v 14.61917305 -8.20134258 109.30384064
v 15.37756348 -6.65525913 109.30311584
v 15.97564793 -5.04038286 109.30236816
v 16.40728951 -3.37328458 109.30158997
v 16.66805840 -1.67107141 109.30078888
v 23.96848297 20.14878845 109.29060364
v 25.90033531 18.66642570 109.29129791
v 25.70053482 19.14878845 109.29106903
v 25.38269806 19.56300163 109.29087830
v 24.96848297 19.88083839 109.29073334
v 24.48612213 20.08063889 109.29063416
v -22.51555252 -23.55120850 109.31100464
v -22.51555252 20.18236732 181.22164917
v 22.02611351 20.18236732 181.22164917
v -24.45792389 20.18236732 181.22164917
v -25.45792389 19.91441917 181.22178650
v -25.87213707 19.59658051 181.22192383
v -26.18997383 19.18236732 181.22212219
v -26.38977432 18.70000648 181.22235107
v -24.97556114 20.11421967 181.22167969
v -26.45792389 18.18236732 181.22259521
v 25.38269806 19.59658051 181.22192383
v 25.70053482 19.18236732 181.22212219
v 25.90033531 18.70000648 181.22235107
v 24.96848297 19.91441917 181.22178650
v 23.96848297 20.18236732 181.22164917
v 24.48612213 20.11421967 181.22167969
v -22.51555252 -23.51762772 181.24205017
v -24.45792389 20.18104553 178.39059448
v -23.45792389 20.18104553 178.39059448
v -23.45792389 20.17964554 175.39059448
v -26.45792389 17.54295731 135.38519287
v -26.45792389 17.55089951 152.39845276
v -26.45792389 16.92132759 152.43251038
v -26.45792389 16.91335297 135.35173035
v -26.45792389 16.32029724 152.62300110
v -26.45792389 16.31214523 135.16180420
v -26.45792389 15.78603649 152.95779419
v -26.45792389 15.77757263 134.82751465
v -26.45792389 15.35252571 153.41560364
v -26.45792389 15.34363461 134.37010193
v -26.45792389 15.03793240 133.81867981
v -26.45792389 10.41024399 127.50997162
v -26.45792389 9.80717564 127.26049805
v -26.45792389 14.87990856 133.20831299
v -26.45792389 11.05733204 127.59484863
v -26.45792389 11.70433903 127.50936127
v -26.45792389 14.87961388 132.57781982
v -26.45792389 12.30717564 127.25933075
v -26.45792389 12.82475662 126.86179352
v -26.45792389 15.03706837 131.96730042
v -26.45792389 13.22181129 126.34384155
v -26.45792389 15.34225559 131.41560364
v -26.45792389 13.47128105 125.74077606
v -26.45792389 15.77576637 130.95779419
v -26.45792389 16.31002617 130.62300110
v -26.45792389 16.91105652 130.43251038
v -26.45792389 13.55616474 125.09368134
v -26.45792389 17.54062843 130.39845276
v -26.45792389 11.05499744 122.59485626
v -26.45792389 11.70208454 122.67973328
v -26.45792389 12.30515385 122.92920685
v -26.45792389 8.64104843 124.44892883
v -26.45792389 8.89051819 123.84586334
v -26.45792389 9.28757286 123.32791138
v -26.45792389 -8.52932072 124.45694733
v -26.45792389 -8.44383335 125.10395813
v -26.45792389 -8.52871704 125.75104523
v -26.45792389 -10.94499969 122.60512543
v -26.45792389 -10.29791260 122.69000244
v -26.45792389 -9.69484425 122.93947601
v -26.45792389 -17.42334175 130.41477966
v -26.45792389 -16.79373932 130.44824219
v -26.45792389 -16.19253159 130.63816833
v -26.45792389 -13.44383240 125.10629272
v -26.45792389 -13.35834503 125.75329590
v -26.45792389 -15.65795803 130.97245789
v -26.45792389 -15.22402096 131.42987061
v -26.45792389 -13.10831261 126.35613251
v -26.45792389 -14.91831779 131.98129272
v -26.45792389 -12.71077442 126.87371826
v -26.45792389 -14.76029396 132.59165955
v -26.45792389 -12.19282246 127.27076721
v -26.45792389 -11.58975315 127.52024078
v -26.45792389 -14.76000023 133.22215271
v -26.45792389 -10.94266605 127.60512543
v -26.45792389 -10.29565811 127.51963806
v -26.45792389 -14.91745377 133.83267212
v -26.45792389 -15.22264099 134.38436890
v -26.45792389 -15.21374989 153.42987061
v -26.45792389 -14.90804768 153.98129272
v -26.45792389 -15.65615177 134.84217834
v -26.45792389 -15.64768791 152.97245789
v -26.45792389 -16.19041252 135.17697144
v -26.45792389 -16.18226051 152.63816833
v -26.45792389 -16.79144287 135.36746216
v -26.45792389 -16.78346825 152.44824219
v -26.45792389 -17.42101479 135.40151978
v -26.45792389 -17.41307259 152.41477966
v -26.45792389 -14.75002384 154.59165955
v -26.45792389 -14.74972916 155.22215271
v -26.45792389 -14.90718365 155.83265686
v -26.45792389 -15.21237087 156.38436890
v -26.45792389 -15.64588165 156.84217834
v -26.45792389 -16.18014145 157.17697144
v -26.45792389 -16.78117180 157.36746216
v -26.45792389 -17.41074371 157.40151978
v -26.45792389 -17.40280151 174.41477966
v -26.45792389 -16.77319908 174.44824219
v -26.45792389 -16.17199135 174.63816833
v -26.45792389 -15.63741779 174.97245789
v -26.45792389 -15.20347977 175.42987061
v -26.45792389 -14.89777756 175.98129272
v -26.45792389 -14.73975372 176.59165955
v -26.45792389 -14.73945904 177.22215271
v -26.45792389 -14.89691257 177.83265686
v -26.45792389 -15.20210075 178.38436890
v -26.45792389 -15.63561153 178.84217834
v -26.45792389 -16.16987228 179.17697144
v -26.45792389 -16.77090263 179.36744690
v -26.45792389 -17.40047264 179.40150452
v -26.45792389 -9.69282246 127.26959991
v -26.45792389 -9.17524052 126.87206268
v -26.45792389 -8.77818584 126.35411072
v -26.45792389 9.28922272 126.86344147
v -26.45792389 8.89168453 126.34586334
v -26.45792389 8.64165211 125.74302673
v -26.45792389 8.55616474 125.09601593
v -26.45792389 15.04733849 153.96730042
v -26.45792389 14.88988400 154.57781982
v -26.45792389 14.89017868 155.20831299
v -26.45792389 15.04820251 155.81867981
v -26.45792389 15.35390568 156.37010193
v -26.45792389 15.78784275 156.82749939
v -26.45792389 16.32241631 157.16180420
v -26.45792389 16.92362404 157.35171509
v -26.45792389 17.55322647 157.38519287
v -26.45792389 17.53217125 174.47702026
v -26.45792389 16.41175461 175.12458801
v -26.45792389 16.92933464 174.72705078
v -26.45792389 15.76522923 176.24560547
v -26.45792389 16.01469994 175.64254761
v -26.45792389 16.93135643 179.05717468
v -26.45792389 16.41340446 178.66012573
v -26.45792389 16.01586533 178.14254761
v -26.45792389 18.18151283 179.39152527
v -26.45792389 17.53442574 179.30665588
v -26.45792389 15.76583385 177.53970337
v -26.45792389 15.68034649 176.89270020
v -26.45792389 -13.35894966 124.45920563
v -26.45792389 -13.10947990 123.85613251
v -26.45792389 -12.71242523 123.33818054
v -26.45792389 -12.19484329 122.94064331
v -26.45792389 -11.59200764 122.69061279
v -26.45792389 -9.17689133 123.33653259
v -26.45792389 -8.77935314 123.85411072
v -26.45792389 9.80515385 122.93037415
v -26.45792389 10.40798950 122.68034363
v -26.45792389 12.82310581 123.32626343
v -26.45792389 13.22064400 123.84384155
v -26.45792389 13.47067642 124.44667816
v -24.85537529 20.14118004 178.44238281
v -25.22930717 20.02638817 178.57739258
v -25.56674194 19.84534073 178.75572205
v -25.85578346 19.61167717 178.94122314
v -26.09850121 19.32448006 179.11393738
v -26.29271507 18.97739983 179.26106262
v -26.41570854 18.58740616 179.35757446
v -23.45792389 19.72077179 174.92250061
v -23.45792389 19.15599632 174.58976746
v -23.45792389 18.52414703 174.41528320
v -23.45792389 17.86865997 174.41104126
v -23.45792389 17.23460197 174.57731628
v -23.45792389 16.66556168 174.90270996
v -23.45792389 16.20066261 175.36482239
v -23.45792389 15.87186337 175.93188477
v -23.45792389 15.70176983 176.56494141
v -23.45792389 15.70207596 177.22044373
v -23.45792389 15.87276077 177.85333252
v -23.45792389 16.20208931 178.42008972
v -23.45792389 16.66741943 178.88177490
v -23.45792389 17.23676300 179.20661926
v -23.45792389 17.87097549 179.37231445
v -23.45792389 18.52645874 179.36746216
v -23.45792389 19.15814590 179.19238281
v -23.45792389 19.72261047 178.85913086
v -23.45792389 -19.63476753 176.26213074
v -23.45792389 -19.71965027 176.90922546
v -23.45792389 -19.63416290 177.55622864
v -23.45792389 -19.38413048 178.15907288
v -23.45792389 -18.98659134 178.67665100
v -23.45792389 -18.46863937 179.07369995
v -23.45792389 -17.86557007 179.32318115
v -23.45792389 -17.21848297 179.40805054
v -23.45792389 -16.57147598 179.32257080
v -23.45792389 -15.96863937 179.07254028
v -23.45792389 -15.45105839 178.67500305
v -23.45792389 -15.05400372 178.15704346
v -23.45792389 -14.80453396 177.55398560
v -23.45792389 -14.71965027 176.90689087
v -23.45792389 -14.80513763 176.25988770
v -23.45792389 -15.05517006 175.65704346
v -23.45792389 -15.45270920 175.13946533
v -23.45792389 -15.97066116 174.74241638
v -23.45792389 -16.57373047 174.49293518
v -23.45792389 -17.22081757 174.40806580
v -23.45792389 -17.86782455 174.49354553
v -23.45792389 -18.47066116 174.74357605
v -23.45792389 -18.98824310 175.14111328
v -23.45792389 -19.38529778 175.65907288
v -23.45792389 14.95495892 154.24598694
v -23.45792389 14.87007618 154.89308167
v -23.45792389 14.95556355 155.54008484
v -23.45792389 15.20559597 156.14291382
v -23.45792389 15.60313416 156.66050720
v -23.45792389 16.12108612 157.05755615
v -23.45792389 16.72415543 157.30702209
v -23.45792389 17.37124252 157.39190674
v -23.45792389 18.01825142 157.30642700
v -23.45792389 18.62108612 157.05638123
v -23.45792389 19.13866806 156.65884399
v -23.45792389 19.53572273 156.14089966
v -23.45792389 19.78519249 155.53782654
v -23.45792389 19.87007523 154.89074707
v -23.45792389 19.78458786 154.24372864
v -23.45792389 19.53455544 153.64089966
v -23.45792389 19.13701630 153.12332153
v -23.45792389 18.61906433 152.72625732
v -23.45792389 18.01599503 152.47679138
v -23.45792389 17.36890793 152.39190674
v -23.45792389 16.72190094 152.47740173
v -23.45792389 16.11906433 152.72743225
v -23.45792389 15.60148335 153.12496948
v -23.45792389 15.20442867 153.64291382
v -23.45792389 -19.65530777 132.26214600
v -23.45792389 -19.74019051 132.90922546
v -23.45792389 -19.65470314 133.55624390
v -23.45792389 -19.40467072 134.15907288
v -23.45792389 -19.00713158 134.67665100
v -23.45792389 -18.48917961 135.07371521
v -23.45792389 -17.88611031 135.32318115
v -23.45792389 -17.23902321 135.40806580
v -23.45792389 -16.59201622 135.32257080
v -23.45792389 -15.98918056 135.07254028
v -23.45792389 -15.47159863 134.67500305
v -23.45792389 -15.07454395 134.15705872
v -23.45792389 -14.82507420 133.55398560
v -23.45792389 -14.74019146 132.90689087
v -23.45792389 -14.82567883 132.25988770
v -23.45792389 -15.07571125 131.65705872
v -23.45792389 -15.47324944 131.13946533
v -23.45792389 -15.99120140 130.74241638
v -23.45792389 -16.59427071 130.49295044
v -23.45792389 -17.24135780 130.40806580
v -23.45792389 -17.88836670 130.49354553
v -23.45792389 -18.49120140 130.74357605
v -23.45792389 -19.00878334 131.14112854
v -23.45792389 -19.40583801 131.65907288
v -23.45792389 -19.64503670 154.26214600
v -23.45792389 -19.72991943 154.90922546
v -23.45792389 -19.64443207 155.55622864
v -23.45792389 -19.39439964 156.15907288
v -23.45792389 -18.99686241 156.67665100
v -23.45792389 -18.47891045 157.07369995
v -23.45792389 -17.87584114 157.32318115
v -23.45792389 -17.22875404 157.40806580
v -23.45792389 -16.58174515 157.32257080
v -23.45792389 -15.97891045 157.07254028
v -23.45792389 -15.46132851 156.67500305
v -23.45792389 -15.06427383 156.15704346
v -23.45792389 -14.81480408 155.55398560
v -23.45792389 -14.72992134 154.90689087
v -23.45792389 -14.81540871 154.25988770
v -23.45792389 -15.06544113 153.65704346
v -23.45792389 -15.46297932 153.13946533
v -23.45792389 -15.98093128 152.74241638
v -23.45792389 -16.58399963 152.49295044
v -23.45792389 -17.23108864 152.40806580
v -23.45792389 -17.87809563 152.49354553
v -23.45792389 -18.48093033 152.74357605
v -23.45792389 -18.99851227 153.14111328
v -23.45792389 -19.39556694 153.65907288
v -23.45792389 14.94468880 132.24598694
v -23.45792389 14.85980511 132.89308167
v -23.45792389 14.94529343 133.54008484
v -23.45792389 15.19532585 134.14291382
v -23.45792389 15.59286404 134.66050720
v -23.45792389 16.11081696 135.05755615
v -23.45792389 16.71388435 135.30702209
v -23.45792389 17.36097145 135.39190674
v -23.45792389 18.00798035 135.30642700
v -23.45792389 18.61081505 135.05639648
v -23.45792389 19.12839699 134.65885925
v -23.45792389 19.52545166 134.14089966
v -23.45792389 19.77492142 133.53782654
v -23.45792389 19.85980415 132.89074707
v -23.45792389 19.77431679 132.24372864
v -23.45792389 19.52428436 131.64089966
v -23.45792389 19.12674713 131.12332153
v -23.45792389 18.60879517 130.72625732
v -23.45792389 18.00572586 130.47679138
v -23.45792389 17.35863876 130.39190674
v -23.45792389 16.71162987 130.47740173
v -23.45792389 16.10879517 130.72743225
v -23.45792389 15.59121323 131.12496948
v -23.45792389 15.19415855 131.64291382
v 25.93292809 18.54589462 157.09797668
v 25.90033531 18.69214058 164.37461853
v 25.92626953 18.58510399 174.42510986
v 25.84082222 18.87325478 156.88917542
v 25.70146751 19.17288589 164.37440491
v 25.80327606 18.97518730 174.52125549
v 25.60906219 19.32240486 174.66806030
v 25.38269806 19.58871651 164.37420654
v 25.36634445 19.60976219 174.84049988
v 25.07730293 19.84359932 175.02578735
v 24.96848297 19.90655327 164.37405396
v 24.73986626 20.02481461 175.20394897
v 24.48612213 20.10635376 164.37396240
v 24.36593628 20.13973045 175.33885193
v 23.96848297 20.17964554 175.39059448
v 24.48612213 20.10121155 153.35729980
v 24.48612213 20.09606743 142.34063721
v 24.96848297 19.89626694 142.34072876
v 24.96848297 19.89112473 131.32406616
v 25.02204895 19.85980415 132.89074707
v 25.07193756 19.82787323 132.49502563
v 25.70216751 19.16804314 156.62893677
v 25.53534889 19.41342926 156.33187866
v 25.36577034 19.60147285 156.01916504
v 25.20079231 19.74549103 155.67088318
v 25.07193756 19.83851242 155.28649902
v 25.02204895 19.87007523 154.89074707
v 24.96848297 19.90141106 153.35739136
v 25.07193756 19.83814430 154.49501038
v 25.20079231 19.74476433 154.11070251
v 25.38269806 19.57843018 142.34088135
v 25.38269806 19.58357239 153.35754395
v 25.53534889 19.41208458 153.45002747
v 25.36577034 19.60041809 153.76257324
v 25.70217133 19.16137505 142.34106445
v 25.70216751 19.16641998 153.15319824
v 25.84082222 18.87138939 152.89323425
v 25.90033531 18.68185425 142.34129333
v 25.93292809 18.54383278 152.68473816
v 25.93292809 18.53562355 135.09797668
v 25.84082222 18.86298370 134.88917542
v 25.70216751 19.15777206 134.62895203
v 25.53534889 19.40316010 134.33187866
v 25.36577034 19.59120178 134.01916504
v 25.20079231 19.73522186 133.67089844
v 25.07193756 19.82824326 133.28649902
v 24.96848297 19.88598061 120.30739594
v 25.20079231 19.73449326 132.11071777
v 25.38269806 19.56814384 120.30754089
v 25.38269806 19.57328796 131.32420349
v 25.53534889 19.40181351 131.45002747
v 25.36577034 19.59014893 131.76257324
v 25.70136070 19.15249825 120.30773926
v 25.70216751 19.15615082 131.15319824
v 25.84082222 18.86111832 130.89324951
v 25.90033531 18.67156792 120.30796051
v 25.93292809 18.53356361 130.68473816
v 24.48612213 20.08578300 120.30730438
v 24.48612213 20.09092522 131.32397461
v 25.92626953 18.58740616 179.35757446
v 25.80327606 18.97739983 179.26106262
v 25.60906219 19.32448006 179.11393738
v 25.36634445 19.61167717 178.94122314
v 25.07730293 19.84534073 178.75572205
v 24.73986626 20.02638817 178.57739258
v 24.36593628 20.14118004 178.44238281
v 23.96848297 20.18104553 178.39059448
v 22.96848297 20.18104553 178.39059448
v 22.96848297 20.17964554 175.39059448
v 22.96848297 -14.80513763 176.25988770
v 22.96848297 -14.71965027 176.90689087
v 22.96848297 -14.80453396 177.55398560
v 22.96848297 -15.05400372 178.15704346
v 22.96848297 -15.45105839 178.67500305
v 22.96848297 -15.96863937 179.07254028
v 22.96848297 -16.57147598 179.32257080
v 22.96848297 -17.21848297 179.40805054
v 22.96848297 -17.86557007 179.32318115
v 22.96848297 -18.46863937 179.07369995
v 22.96848297 -18.98659134 178.67665100
v 22.96848297 -19.38413048 178.15907288
v 22.96848297 -19.63416290 177.55622864
v 22.96848297 -19.71965027 176.90922546
v 22.96848297 -19.63476753 176.26213074
v 22.96848297 -19.38529778 175.65907288
v 22.96848297 -18.98824310 175.14111328
v 22.96848297 -18.47066116 174.74357605
v 22.96848297 -17.86782455 174.49354553
v 22.96848297 -17.22081757 174.40806580
v 22.96848297 -16.57373047 174.49293518
v 22.96848297 -15.97066116 174.74241638
v 22.96848297 -15.45270920 175.13946533
v 22.96848297 -15.05517006 175.65704346
v 22.96848297 -14.82567883 132.25988770
v 22.96848297 -14.74019146 132.90689087
v 22.96848297 -14.82507420 133.55398560
v 22.96848297 -15.07454395 134.15705872
v 22.96848297 -15.47159863 134.67500305
v 22.96848297 -15.98918056 135.07254028
v 22.96848297 -16.59201622 135.32257080
v 22.96848297 -17.23902321 135.40806580
v 22.96848297 -17.88611031 135.32318115
v 22.96848297 -18.48917961 135.07371521
v 22.96848297 -19.00713158 134.67665100
v 22.96848297 -19.40467072 134.15907288
v 22.96848297 -19.65470314 133.55624390
v 22.96848297 -19.74019051 132.90922546
v 22.96848297 -19.65530777 132.26214600
v 22.96848297 -19.40583801 131.65907288
v 22.96848297 -19.00878334 131.14112854
v 22.96848297 -18.49120140 130.74357605
v 22.96848297 -17.88836670 130.49354553
v 22.96848297 -17.24135780 130.40806580
v 22.96848297 -16.59427071 130.49295044
v 22.96848297 -15.99120140 130.74241638
v 22.96848297 -15.47324944 131.13946533
v 22.96848297 -15.07571125 131.65705872
v 22.96848297 19.77431679 132.24372864
v 22.96848297 19.85980415 132.89074707
v 22.96848297 19.77492142 133.53782654
v 22.96848297 19.52545166 134.14089966
v 22.96848297 19.12839699 134.65885925
v 22.96848297 18.61081505 135.05639648
v 22.96848297 18.00798035 135.30642700
v 22.96848297 17.36097145 135.39190674
v 22.96848297 16.71388435 135.30702209
v 22.96848297 16.11081696 135.05755615
v 22.96848297 15.59286404 134.66050720
v 22.96848297 15.19532585 134.14291382
v 22.96848297 14.94529343 133.54008484
v 22.96848297 14.85980511 132.89308167
v 22.96848297 14.94468880 132.24598694
v 22.96848297 15.19415855 131.64291382
v 22.96848297 15.59121323 131.12496948
v 22.96848297 16.10879517 130.72743225
v 22.96848297 16.71162987 130.47740173
v 22.96848297 17.35863876 130.39190674
v 22.96848297 18.00572586 130.47679138
v 22.96848297 18.60879517 130.72625732
v 22.96848297 19.12674713 131.12332153
v 22.96848297 19.52428436 131.64089966
v 22.96848297 -14.81540871 154.25988770
v 22.96848297 -14.72992134 154.90689087
v 22.96848297 -14.81480408 155.55398560
v 22.96848297 -15.06427383 156.15704346
v 22.96848297 -15.46132851 156.67500305
v 22.96848297 -15.97891045 157.07254028
v 22.96848297 -16.58174515 157.32257080
v 22.96848297 -17.22875404 157.40806580
v 22.96848297 -17.87584114 157.32318115
v 22.96848297 -18.47891045 157.07369995
v 22.96848297 -18.99686241 156.67665100
v 22.96848297 -19.39439964 156.15907288
v 22.96848297 -19.64443207 155.55622864
v 22.96848297 -19.72991943 154.90922546
v 22.96848297 -19.64503670 154.26214600
v 22.96848297 -19.39556694 153.65907288
v 22.96848297 -18.99851227 153.14111328
v 22.96848297 -18.48093033 152.74357605
v 22.96848297 -17.87809563 152.49354553
v 22.96848297 -17.23108864 152.40806580
v 22.96848297 -16.58399963 152.49295044
v 22.96848297 -15.98093128 152.74241638
v 22.96848297 -15.46297932 153.13946533
v 22.96848297 -15.06544113 153.65704346
v 22.96848297 19.72261047 178.85913086
v 22.96848297 19.15814590 179.19238281
v 22.96848297 18.52645874 179.36746216
v 22.96848297 17.87097549 179.37231445
v 22.96848297 17.23676300 179.20661926
v 22.96848297 16.66741943 178.88177490
v 22.96848297 16.20208931 178.42008972
v 22.96848297 15.87276077 177.85333252
v 22.96848297 15.70207596 177.22044373
v 22.96848297 15.70176983 176.56494141
v 22.96848297 15.87186337 175.93188477
v 22.96848297 16.20066261 175.36482239
v 22.96848297 16.66556168 174.90270996
v 22.96848297 17.23460197 174.57731628
v 22.96848297 17.86865997 174.41104126
v 22.96848297 18.52414703 174.41528320
v 22.96848297 19.15599632 174.58976746
v 22.96848297 19.72077179 174.92250061
v 22.96848297 -8.52932072 124.45694733
v 22.96848297 -8.44383335 125.10395813
v 22.96848297 -8.52871704 125.75104523
v 22.96848297 -8.77818584 126.35411072
v 22.96848297 -9.17524052 126.87206268
v 22.96848297 -9.69282246 127.26959991
v 22.96848297 -10.29565811 127.51963806
v 22.96848297 -10.94266605 127.60512543
v 22.96848297 -11.58975315 127.52024078
v 22.96848297 -12.19282246 127.27076721
v 22.96848297 -12.71077442 126.87371826
v 22.96848297 -13.10831261 126.35613251
v 22.96848297 -13.35834503 125.75329590
v 22.96848297 -13.44383240 125.10629272
v 22.96848297 -13.35894966 124.45920563
v 22.96848297 -13.10947990 123.85613251
v 22.96848297 -12.71242523 123.33818054
v 22.96848297 -12.19484329 122.94064331
v 22.96848297 -11.59200764 122.69061279
v 22.96848297 -10.94499969 122.60512543
v 22.96848297 -10.29791260 122.69000244
v 22.96848297 -9.69484425 122.93947601
v 22.96848297 -9.17689133 123.33653259
v 22.96848297 -8.77935314 123.85411072
v 22.96848297 13.47067642 124.44667816
v 22.96848297 13.55616474 125.09368134
v 22.96848297 13.47128105 125.74077606
v 22.96848297 13.22181129 126.34384155
v 22.96848297 12.82475662 126.86179352
v 22.96848297 12.30717564 127.25933075
v 22.96848297 11.70433903 127.50936127
v 22.96848297 11.05733204 127.59484863
v 22.96848297 10.41024399 127.50997162
v 22.96848297 9.80717564 127.26049805
v 22.96848297 9.28922272 126.86344147
v 22.96848297 8.89168453 126.34586334
v 22.96848297 8.64165211 125.74302673
v 22.96848297 8.55616474 125.09601593
v 22.96848297 8.64104843 124.44892883
v 22.96848297 8.89051819 123.84586334
v 22.96848297 9.28757286 123.32791138
v 22.96848297 9.80515385 122.93037415
v 22.96848297 10.40798950 122.68034363
v 22.96848297 11.05499744 122.59485626
v 22.96848297 11.70208454 122.67973328
v 22.96848297 12.30515385 122.92920685
v 22.96848297 12.82310581 123.32626343
v 22.96848297 13.22064400 123.84384155
v 22.96848297 19.78458786 154.24372864
v 22.96848297 19.87007523 154.89074707
v 22.96848297 19.78519249 155.53782654
v 22.96848297 19.53572273 156.14089966
v 22.96848297 19.13866806 156.65884399
v 22.96848297 18.62108612 157.05638123
v 22.96848297 18.01825142 157.30642700
v 22.96848297 17.37124252 157.39190674
v 22.96848297 16.72415543 157.30702209
v 22.96848297 16.12108612 157.05755615
v 22.96848297 15.60313416 156.66050720
v 22.96848297 15.20559597 156.14291382
v 22.96848297 14.95556355 155.54008484
v 22.96848297 14.87007618 154.89308167
v 22.96848297 14.95495892 154.24598694
v 22.96848297 15.20442867 153.64291382
v 22.96848297 15.60148335 153.12496948
v 22.96848297 16.11906433 152.72743225
v 22.96848297 16.72190094 152.47740173
v 22.96848297 17.36890793 152.39190674
v 22.96848297 18.01599503 152.47679138
v 22.96848297 18.61906433 152.72625732
v 22.96848297 19.13701630 153.12332153
v 22.96848297 19.53455544 153.64089966
v 16.66805840 -1.67363906 103.80078888
v 16.75527954 0.04622223 103.79998779
v 16.66805840 1.76608348 103.79918671
v 16.40728951 3.46829677 103.79839325
v 15.97564793 5.13539457 103.79761505
v 15.37756348 6.75027084 103.79685974
v 14.61917305 8.29635429 103.79613495
v 13.70825863 9.75778103 103.79545593
v 12.65416813 11.11955357 103.79482269
v 11.46771812 12.36769867 103.79423523
v 10.16108227 13.48940849 103.79371643
v 8.74766827 14.47317314 103.79325104
v 7.24198103 15.30889797 103.79286194
v 5.65946960 15.98800659 103.79254913
v 4.01637316 16.50353241 103.79230499
v 2.32955265 16.85018158 103.79214478
v 0.61631620 17.02440071 103.79206085
v -1.10575557 17.02440071 103.79206085
v -2.81899190 16.85018158 103.79214478
v -4.50581264 16.50353241 103.79230499
v -6.14890909 15.98800659 103.79254913
v -7.73142004 15.30889797 103.79286194
v -9.23710823 14.47317314 103.79325104
v -10.65052128 13.48940849 103.79371643
v -11.95715714 12.36769867 103.79423523
v -13.14360809 11.11955357 103.79482269
v -14.19769859 9.75778103 103.79545593
v -15.10861206 8.29635429 103.79613495
v -15.86700249 6.75027084 103.79685974
v -16.46508789 5.13539457 103.79761505
v -16.89672852 3.46829677 103.79839325
v -17.15749741 1.76608348 103.79918671
v -17.24472046 0.04622223 103.79998779
v -17.15749741 -1.67363906 103.80078888
v -16.89672852 -3.37585235 103.80158997
v -16.46508789 -5.04295015 103.80236816
v -15.86700249 -6.65782642 103.80311584
v -15.10861206 -8.20390987 103.80384064
v -14.19769859 -9.66533661 103.80451965
v -13.14360809 -11.02710915 103.80516052
v -11.95715714 -12.27525425 103.80574036
v -10.65052128 -13.39696407 103.80626678
v -9.23710823 -14.38072872 103.80672455
v -7.73142004 -15.21645355 103.80711365
v -6.14890909 -15.89556217 103.80743408
v -4.50581264 -16.41108704 103.80767059
v -2.81899190 -16.75773811 103.80783081
v -1.10575557 -16.93195724 103.80791473
v 0.61631620 -16.93195724 103.80791473
v 2.32955265 -16.75773811 103.80783081
v 4.01637316 -16.41108704 103.80767059
v 5.65946960 -15.89556217 103.80743408
v 7.24198103 -15.21645355 103.80711365
v 8.74766827 -14.38072872 103.80672455
v 10.16108227 -13.39696407 103.80626678
v 11.46771812 -12.27525425 103.80574036
v 12.65416813 -11.02710915 103.80516052
v 13.70825863 -9.66533661 103.80451965
v 14.61917305 -8.20390987 103.80384064
v 15.37756348 -6.65782642 103.80311584
v 15.97564793 -5.04295015 103.80236816
v 16.40728951 -3.37585235 103.80158997
v -3.23484159 5.11383104 100.29762268
v -3.62085056 5.03946447 100.29766083
v -3.74471974 5.19458771 100.29758453
v -4.11294794 4.99868822 100.29767609
v -4.25459766 5.11383104 100.29762268
v -4.56514215 4.80033731 100.29776764
v -4.71456528 4.87946606 100.29772949
v -4.92843056 4.46590710 100.29792786
v -5.07959795 4.51443338 100.29790497
v -5.16344547 4.03163719 100.29812622
v -5.31396294 4.05446577 100.29811859
v -5.24471951 3.54458785 100.29835510
v -5.39471960 3.54458785 100.29835510
v -5.31396294 3.03470993 100.29859161
v -5.16344547 3.05753875 100.29858398
v -5.07959795 2.57474232 100.29880524
v -4.92843056 2.62326884 100.29878998
v -4.71456528 2.20971012 100.29898071
v -4.56514215 2.28883839 100.29894257
v -4.25459766 1.97534490 100.29908752
v -4.11294794 2.09048772 100.29903412
v -3.74471974 1.89458811 100.29912567
v -3.62085056 2.04971147 100.29905701
v -3.23484159 1.97534490 100.29908752
v -3.14217663 2.17092800 100.29899597
v -2.77487397 2.20971012 100.29898071
v -2.72879744 2.44100213 100.29887390
v -2.40984154 2.57474232 100.29880524
v -2.42550898 2.83066702 100.29869080
v -2.17547655 3.03470993 100.29859161
v -2.26517773 3.29769611 100.29846954
v -2.09471965 3.54458785 100.29835510
v -2.26517773 3.79147983 100.29824066
v -2.17547655 4.05446577 100.29811859
v -2.42550898 4.25850916 100.29801941
v -2.40984154 4.51443338 100.29790497
v -2.72879744 4.64817381 100.29784393
v -2.77487397 4.87946606 100.29772949
v -3.14217663 4.91824770 100.29771423
v -2.32599378 4.03084326 98.59812927
v -2.24471974 3.54379439 98.59835815
v -2.32599378 3.05674505 98.59858704
v -2.56100893 2.62247539 98.59878540
v -2.92429733 2.28804469 98.59894562
v -3.37649155 2.08969402 98.59903717
v -3.86858869 2.04891777 98.59905243
v -4.34726286 2.17013454 98.59899902
v -4.76064205 2.44020867 98.59886932
v -5.06393051 2.82987332 98.59868622
v -5.22426176 3.29690242 98.59847260
v -5.22426176 3.79068613 98.59824371
v -5.06393051 4.25771523 98.59802246
v -4.76064205 4.64737988 98.59783936
v -4.34726286 4.91745424 98.59771729
v -3.86858869 5.03867102 98.59765625
v -3.37649155 4.99789476 98.59767914
v -2.92429733 4.79954386 98.59777069
v -2.56100893 4.46511316 98.59792328
v -2.62575293 3.11016440 98.29856110
v -2.85790896 2.73521948 98.29873657
v -2.54471970 3.54365420 98.29835510
v -2.62575293 3.97714424 98.29815674
v -2.85790896 4.35208893 98.29798126
v -3.20983362 2.46945834 98.29885864
v -3.20983362 4.61785030 98.29785156
v -3.63399768 2.34877348 98.29891205
v -3.63399768 4.73853493 98.29779816
v -4.07311535 2.38946366 98.29889679
v -4.07311535 4.69784498 98.29782104
v -4.46788120 2.58603358 98.29880524
v -4.46788120 4.50127506 98.29791260
v -4.76498032 2.91193581 98.29865265
v -4.76498032 4.17537260 98.29806519
v -4.92428732 3.32315493 98.29846191
v -4.92428732 3.76415372 98.29825592
v -2.36400843 3.06972551 98.44857788
v -2.28491211 3.54372430 98.44835663
v -2.36400843 4.01772308 98.44813538
v -2.59272647 4.44035673 98.44793701
v -2.94628048 4.76582623 98.44778442
v -3.38635802 4.95886183 98.44769287
v -3.86526966 4.99854565 98.44767761
v -4.33111763 4.88057709 98.44773102
v -4.73342037 4.61773968 98.44785309
v -5.02858210 4.23851585 98.44802856
v -5.18461752 3.78400064 98.44824219
v -5.18461752 3.30344796 98.44847107
v -5.02858210 2.84893274 98.44867706
v -4.73342037 2.46970892 98.44886017
v -4.33111763 2.20687151 98.44898224
v -3.86526966 2.08890271 98.44903564
v -3.38635802 2.12858653 98.44902039
v -2.94628048 2.32162237 98.44892883
v -2.59272647 2.64709187 98.44877625
v -2.46786642 3.98201728 98.33834076
v -2.39471960 3.54367304 98.33854675
v -2.46786642 3.10532880 98.33875275
v -2.67937994 4.37285995 98.33816528
v -3.00633979 4.67384768 98.33802032
v -3.41331434 4.85236311 98.33793640
v -3.85620189 4.88906193 98.33792114
v -4.28700829 4.77996683 98.33797455
v -4.65904999 4.53690004 98.33808136
v -4.93200922 4.18620205 98.33824921
v -5.07630730 3.76587558 98.33844757
v -5.07630730 3.32147026 98.33865356
v -4.93200922 2.90114403 98.33885193
v -4.65904999 2.55044580 98.33901215
v -4.28700829 2.30737925 98.33912659
v -3.85620189 2.19828415 98.33917999
v -3.41331434 2.23498273 98.33915710
v -3.00633979 2.41349840 98.33907318
v -2.67937994 2.71448588 98.33893585
v -4.25459766 5.11266375 97.79762268
v -3.74471974 5.19342089 97.79758453
v -3.23484159 5.11266375 97.79762268
v -2.77487397 4.87829876 97.79772949
v -2.40984154 4.51326656 97.79790497
v -2.17547655 4.05329895 97.79811859
v -2.09471965 3.54342079 97.79835510
v -2.17547655 3.03354287 97.79859161
v -2.40984154 2.57357526 97.79881287
v -2.77487397 2.20854306 97.79898071
v -3.23484159 1.97417772 97.79908752
v -3.74471974 1.89342105 97.79912567
v -4.25459766 1.97417772 97.79908752
v -4.71456528 2.20854306 97.79898071
v -5.07959795 2.57357526 97.79881287
v -5.31396294 3.03354287 97.79859161
v -5.39471960 3.54342079 97.79835510
v -5.31396294 4.05329895 97.79811859
v -5.07959795 4.51326656 97.79790497
v -4.71456528 4.87829876 97.79772949
v 2.74540234 -1.88733530 97.80088806
v 2.74540234 -5.02582169 97.80236053
v 3.25528026 -1.80657852 97.80085754
v 3.25528026 -5.10657835 97.80239105
v 3.76515841 -1.88733530 97.80088806
v 3.76515841 -5.02582169 97.80236053
v 4.22512579 -2.12170053 97.80100250
v 4.22512579 -4.79145622 97.80224609
v 4.59015846 -2.48673272 97.80117035
v 4.59015846 -4.42642403 97.80207825
v 4.82452345 -2.94670033 97.80138397
v 4.82452345 -3.96645641 97.80186462
v 4.90528011 -3.45657849 97.80162811
v 2.28543472 -4.79145622 97.80224609
v 2.28543472 -2.12170053 97.80100250
v 1.92040229 -4.42642403 97.80207825
v 1.92040229 -2.48673272 97.80117035
v 1.68603706 -3.96645641 97.80186462
v 1.68603706 -2.94670033 97.80138397
v 1.60528028 -3.45657849 97.80162811
v 2.74540234 -1.88616824 100.30088806
v 3.25528026 -1.80541146 100.30085754
v 3.76515841 -1.88616824 100.30088806
v 4.22512579 -2.12053347 100.30100250
v 4.59015846 -2.48556566 100.30117035
v 4.82452345 -2.94553328 100.30138397
v 4.90528011 -3.45541120 100.30162048
v 4.82452345 -3.96528935 100.30186462
v 4.59015846 -4.42525673 100.30207825
v 4.22512579 -4.79028940 100.30224609
v 3.76515841 -5.02465439 100.30235291
v 3.25528026 -5.10541105 100.30239105
v 2.74540234 -5.02465439 100.30235291
v 2.28543472 -4.79028940 100.30224609
v 1.92040229 -4.42525673 100.30207825
v 1.68603706 -3.96528935 100.30186462
v 1.60528028 -3.45541120 100.30162048
v 1.68603706 -2.94553328 100.30138397
v 1.92040229 -2.48556566 100.30117035
v 2.28543472 -2.12053347 100.30100250
v 4.67400599 -3.94325399 98.60185242
v 4.63599157 -3.93027377 98.45184326
v 4.75528049 -3.45620489 98.60162354
v 4.71508789 -3.45627499 98.45162201
v 4.67400599 -2.96915579 98.60139465
v 4.63599157 -2.98227620 98.45140076
v 4.43899107 -2.53488588 98.60119629
v 4.40727377 -2.55964255 98.45120239
v 4.07570267 -2.20045543 98.60103607
v 4.05371952 -2.23417306 98.45105743
v 3.62350845 -2.00210476 98.60094452
v 3.61364198 -2.04113722 98.45096588
v 3.13141131 -1.96132839 98.60092926
v 3.13473034 -2.00145340 98.45094299
v 2.65273714 -2.08254504 98.60098267
v 2.66888237 -2.11942220 98.45099640
v 2.23935795 -2.35261917 98.60111237
v 2.26657963 -2.38225961 98.45112610
v 1.93606973 -2.74228382 98.60128784
v 1.97141778 -2.76148343 98.45130157
v 1.77573836 -3.20931315 98.60150909
v 1.81538260 -3.21599865 98.45151520
v 1.77573836 -3.70309687 98.60173798
v 1.81538260 -3.69655132 98.45173645
v 1.93606973 -4.17012596 98.60195923
v 1.97141778 -4.15106630 98.45195007
v 2.23935795 -4.55979061 98.60214233
v 2.26657963 -4.53029013 98.45212555
v 2.65273714 -4.82986498 98.60226440
v 2.66888237 -4.79312754 98.45224762
v 3.13141131 -4.95108128 98.60232544
v 3.13473034 -4.91109657 98.45230103
v 3.62350845 -4.91030502 98.60230255
v 3.61364198 -4.87141275 98.45228577
v 4.07570267 -4.71195459 98.60221100
v 4.05371952 -4.67837667 98.45219421
v 4.43899107 -4.37752390 98.60205078
v 4.40727377 -4.35290718 98.45204163
v 4.37424707 -3.02285504 98.30142212
v 4.53213358 -3.01798201 98.34161377
v 4.45528030 -3.45634508 98.30162048
v 4.60528040 -3.45632625 98.34181976
v 4.53213358 -3.89467049 98.34201813
v 4.32062006 -2.62713909 98.34143066
v 4.14209080 -2.64791036 98.30124664
v 3.99366021 -2.32615161 98.34128571
v 3.79016638 -2.38214922 98.30112457
v 3.58668566 -2.14763594 98.34120941
v 3.36600232 -2.26146412 98.30106354
v 3.14379811 -2.11093736 98.34118652
v 2.92688465 -2.30215430 98.30108643
v 2.71299148 -2.22003245 98.34123993
v 2.53211880 -2.49872446 98.30117798
v 2.34095025 -2.46309900 98.34135437
v 2.23501968 -2.82462645 98.30133057
v 2.06799078 -2.81379724 98.34151459
v 2.07571268 -3.23584557 98.30152130
v 1.92369258 -3.23412347 98.34171295
v 2.07571268 -3.67684436 98.30172729
v 1.92369258 -3.67852879 98.34191895
v 2.06799078 -4.09885502 98.34211731
v 2.23501968 -4.08806372 98.30191803
v 2.34095025 -4.44955349 98.34227753
v 2.53211880 -4.41396570 98.30207062
v 2.71299148 -4.69262028 98.34239197
v 2.92688465 -4.61053562 98.30216217
v 3.14379811 -4.80171490 98.34244537
v 3.36600232 -4.65122604 98.30218506
v 3.58668566 -4.76501656 98.34243011
v 3.79016638 -4.53054094 98.30212402
v 3.99366021 -4.58650064 98.34234619
v 4.14209080 -4.26477957 98.30200195
v 4.32062006 -4.28551340 98.34220123
v 4.37424707 -3.88983488 98.30182648
v 4.73482227 -3.20851946 100.30150604
v 4.73482227 -3.70230317 100.30174255
v 4.57449102 -4.16933250 100.30195618
v 4.27120256 -4.55899715 100.30213928
v 3.85782337 -4.82907104 100.30226898
v 3.37914944 -4.95028782 100.30232239
v 2.88705206 -4.90951157 100.30229950
v 2.43485808 -4.71116066 100.30220795
v 2.07156944 -4.37673044 100.30205536
v 1.83655441 -3.94246054 100.30184937
v 1.75528038 -3.45541120 100.30162048
v 1.83655441 -2.96836209 100.30139923
v 2.07156944 -2.53409243 100.30119324
v 2.43485808 -2.19966173 100.30104065
v 2.88705206 -2.00131106 100.30094147
v 3.37914944 -1.96053469 100.30092621
v 3.85782337 -2.08175159 100.30097961
v 4.27120256 -2.35182548 100.30110931
v 4.57449102 -2.74149036 100.30129242
v -4.66377640 1.04878974 109.29952240
v -4.34593916 1.46300328 109.29933167
v -4.55807114 1.46300328 109.29933167
v -1.65893328 4.15000868 109.29807281
v -1.65893328 4.36214066 109.29797363
v -1.24471962 4.46784592 109.29792786
v -1.24471962 4.67997789 109.29782867
v -0.76235777 4.66764688 109.29783630
v -0.76235777 4.87977886 109.29773712
v -0.24471968 4.73579502 109.29779816
v -0.24471968 4.94792700 109.29769897
v 0.27291840 4.87977886 109.29773712
v 0.27291840 4.66764688 109.29783630
v 0.75528032 4.67997789 109.29782867
v 0.75528032 4.46784592 109.29792786
v 1.16949391 4.36214066 109.29797363
v 1.16949391 4.15000868 109.29807281
v 4.06863165 1.46300328 109.29933167
v 3.85649967 1.46300328 109.29933167
v 4.17433691 1.04878974 109.29952240
v 4.38646889 1.04878974 109.29952240
v 4.37413788 0.56642789 109.29975128
v 4.58626986 0.56642789 109.29975128
v 4.44228601 0.04878983 109.29998779
v 4.65441799 0.04878983 109.29998779
v 4.58626986 -0.46884820 109.30023193
v 4.37413788 -0.46884820 109.30023193
v 4.38646889 -0.95121008 109.30045319
v 4.17433691 -0.95121008 109.30045319
v 4.06863165 -1.36542356 109.30065155
v 3.85649967 -1.36542356 109.30065155
v 1.16949391 -4.26456118 109.30200195
v 1.16949391 -4.05242920 109.30190277
v 0.75528032 -4.37026644 109.30205536
v 0.75528032 -4.58239841 109.30215454
v 0.27291840 -4.57006693 109.30214691
v 0.27291840 -4.78219891 109.30224609
v -0.24471968 -4.63821554 109.30217743
v -0.24471968 -4.85034752 109.30227661
v -0.76235777 -4.78219891 109.30224609
v -0.76235777 -4.57006693 109.30214691
v -1.24471962 -4.58239841 109.30215454
v -1.24471962 -4.37026644 109.30205536
v -1.65893328 -4.26456118 109.30200195
v -1.65893328 -4.05242920 109.30190277
v -4.55807114 -1.36542356 109.30065155
v -4.34593916 -1.36542356 109.30065155
v -4.66377640 -0.95121008 109.30045319
v -4.87590837 -0.95121008 109.30045319
v -4.86357689 -0.46884820 109.30023193
v -5.07570934 -0.46884820 109.30023193
v -4.93172550 0.04878983 109.29998779
v -5.14385748 0.04878983 109.29998779
v -5.07570934 0.56642789 109.29975128
v -4.86357689 0.56642789 109.29975128
v -4.87590837 1.04878974 109.29952240
v -1.65893328 4.15117598 111.79807281
v -1.24471962 4.46901321 111.79792786
v -0.76235777 4.66881371 111.79783630
v -0.24471968 4.73696232 111.79779816
v 0.27291840 4.66881371 111.79783630
v 0.75528032 4.46901321 111.79792786
v 1.16949391 4.15117598 111.79807281
v -4.34593916 1.46417034 111.79933167
v -4.34593916 -1.36425650 111.80065155
v -4.66377640 -0.95004296 111.80045319
v -4.86357689 -0.46768111 111.80023193
v -4.93172550 0.04995691 111.79998779
v -4.86357689 0.56759495 111.79974365
v -4.66377640 1.04995680 111.79952240
v -1.65893328 -4.05126190 111.80190277
v 1.16949391 -4.05126190 111.80190277
v 0.75528032 -4.36909914 111.80205536
v 0.27291840 -4.56890011 111.80214691
v -0.24471968 -4.63704824 111.80217743
v -0.76235777 -4.56890011 111.80214691
v -1.24471962 -4.36909914 111.80205536
v 3.85649967 -1.36425650 111.80065155
v 3.85649967 1.46417034 111.79933167
v 4.17433691 1.04995680 111.79952240
v 4.37413788 0.56759495 111.79974365
v 4.44228601 0.04995691 111.79998779
v 4.37413788 -0.46768111 111.80023193
v 4.17433691 -0.95004296 111.80045319
v 3.50294614 -1.01046968 112.30048370
v -3.99238563 -1.01046968 112.30048370
v 0.81594050 -3.69747519 112.30173492
v -1.30537987 -3.69747519 112.30173492
v 0.43626606 -3.97332478 112.30186462
v -0.92570543 -3.97332478 112.30186462
v -0.01006799 -4.11834764 112.30193329
v -0.47937137 -4.11834764 112.30193329
v 3.77879596 -0.63079536 112.30030823
v 3.50294614 1.11085033 112.29949188
v -3.99238563 1.11085033 112.29949188
v -4.26823521 -0.63079536 112.30030823
v -4.41325808 -0.18446134 112.30009460
v -4.41325808 0.28484201 112.29988098
v -4.26823521 0.73117602 112.29966736
v 3.92381859 -0.18446134 112.30009460
v 3.92381859 0.28484201 112.29988098
v 3.77879596 0.73117602 112.29966736
v -1.30537987 3.79785585 112.29824066
v 0.81594050 3.79785585 112.29824066
v -0.92570543 4.07370567 112.29811096
v 0.43626606 4.07370567 112.29811096
v -0.47937137 4.21872807 112.29804230
v -0.01006799 4.21872807 112.29804230
v -4.44726992 0.92515898 112.23258972
v -4.16916227 1.28759575 112.23242188
v -4.29857206 1.41691983 112.04935455
v -4.60576344 1.01657987 112.04953766
v -4.79887247 0.55037409 112.04975891
v -4.86473799 0.05007362 112.04998779
v -4.79887247 -0.45022681 112.05022430
v -4.60576344 -0.91643262 112.05043793
v -4.29857206 -1.31677258 112.05062866
v -4.16916227 -1.18727767 112.23358154
v -4.44726992 -0.82484084 112.23341370
v -4.62209558 -0.40277421 112.23321533
v -4.68172550 0.05015906 112.23300171
v -4.62209558 0.50309235 112.23278809
v -1.48215652 -3.87428308 112.23483276
v -1.61156607 -4.00377798 112.05187988
v -1.61156607 4.10392523 112.04809570
v -1.48215652 3.97460127 112.23117065
v -1.11971962 -4.15239048 112.23496246
v -1.21122599 -4.31096983 112.05202484
v -0.74502021 -4.50407839 112.05211639
v -0.24471968 -4.56994438 112.05214691
v 0.25558081 -4.50407839 112.05211639
v 0.72178668 -4.31096983 112.05202484
v 1.12212670 -4.00377798 112.05187988
v 0.99271721 -3.87428308 112.23483276
v 0.63028032 -4.15239048 112.23496246
v 0.20821364 -4.32721663 112.23504639
v -0.24471968 -4.38684607 112.23506927
v -0.69765300 -4.32721663 112.23504639
v -1.21122599 4.41111708 112.04795074
v -0.74502021 4.60422564 112.04785919
v -0.24471968 4.67009163 112.04782867
v 0.25558081 4.60422564 112.04785919
v 0.72178668 4.41111708 112.04795074
v 1.12212670 4.10392523 112.04809570
v 0.63028032 4.25270891 112.23104095
v 0.99271721 3.97460127 112.23117065
v 0.20821364 4.42753458 112.23095703
v -0.24471968 4.48716450 112.23092651
v -0.69765300 4.42753458 112.23095703
v -1.11971962 4.25270891 112.23104095
v 3.67972302 -1.18727767 112.23358154
v 3.80913258 -1.31677258 112.05062866
v 3.80913258 1.41691983 112.04935455
v 3.67972302 1.28759575 112.23242188
v 3.95783043 -0.82484084 112.23341370
v 4.11632442 -0.91643262 112.05043793
v 4.30943298 -0.45022681 112.05022430
v 4.37529898 0.05007362 112.04998779
v 4.30943298 0.55037409 112.04975891
v 4.11632442 1.01657987 112.04953766
v 3.95783043 0.92515898 112.23258972
v 4.13265610 0.50309235 112.23278809
v 4.19228601 0.05015906 112.23300171
v 4.13265610 -0.40277421 112.23321533
v 1.16949391 -4.26311398 112.40200043
v 1.16949391 4.36358786 112.39797211
v 4.06863165 -1.36397636 112.40065002
v 4.06863165 1.46445048 112.39933014
v 4.38646889 -0.94976288 112.40045929
v 4.38646889 1.05023694 112.39952087
v 4.58626986 -0.46740103 112.40023041
v 4.58626986 0.56787503 112.39974976
v 4.65441799 0.05023701 112.39998627
v 0.75528032 -4.58095121 112.40215302
v -1.65893328 -4.26311398 112.40200043
v -1.65893328 4.36358786 112.39797211
v 0.75528032 4.68142509 112.39782715
v 0.27291840 4.88122606 112.39773560
v -0.24471968 4.94937420 112.39770508
v -0.76235777 4.88122606 112.39773560
v -1.24471962 4.68142509 112.39782715
v 0.27291840 -4.78075171 112.40224457
v -0.24471968 -4.84890032 112.40227509
v -0.76235777 -4.78075171 112.40224457
v -1.24471962 -4.58095121 112.40215302
v -4.55807114 1.46445048 112.39933014
v -4.55807114 -1.36397636 112.40065002
v -4.87590837 1.05023694 112.39952087
v -4.87590837 -0.94976288 112.40045929
v -5.07570934 0.56787503 112.39974976
v -5.07570934 -0.46740103 112.40023041
v -5.14385748 0.05023701 112.39998627
f 1 2 3
f 3 2 4
f 4 2 5
f 4 5 6
f 7 8 2
f 2 8 9
f 2 9 5
f 10 11 7
f 7 11 12
f 7 12 13
f 14 15 10
f 10 15 16
f 10 16 17
f 18 19 14
f 14 19 20
f 14 20 15
f 18 21 19
f 19 21 22
f 19 23 20
f 20 23 24
f 24 23 25
f 24 25 26
f 26 25 27
f 27 25 28
f 28 25 29
f 29 25 30
f 29 30 31
f 32 33 23
f 23 33 25
f 34 35 31
f 31 35 36
f 31 36 37
f 37 38 31
f 31 38 29
f 17 39 10
f 10 39 40
f 10 40 41
f 10 41 42
f 42 41 43
f 42 43 44
f 44 43 45
f 44 45 46
f 46 47 44
f 44 47 48
f 42 49 10
f 10 49 50
f 10 50 51
f 51 52 10
f 10 52 11
f 13 53 7
f 7 53 54
f 7 54 55
f 55 54 56
f 56 54 57
f 56 57 58
f 58 57 59
f 59 57 60
f 60 57 61
f 55 62 7
f 7 62 63
f 7 63 64
f 64 65 7
f 7 65 8
f 6 66 4
f 4 66 67
f 4 67 68
f 69 70 68
f 68 70 71
f 68 71 4
f 69 72 70
f 70 72 73
f 70 73 74
f 74 75 70
f 76 77 78
f 78 77 79
f 79 77 80
f 79 80 81
f 81 80 82
f 81 82 83
f 81 83 84
f 84 83 85
f 84 85 86
f 86 87 84
f 84 87 88
f 88 87 89
f 88 89 90
f 88 90 91
f 91 90 92
f 91 92 93
f 93 92 94
f 95 96 97
f 97 96 98
f 97 98 99
f 99 98 100
f 99 100 101
f 96 102 98
f 98 102 103
f 98 103 104
f 104 103 105
f 104 105 106
f 106 105 107
f 107 105 108
f 108 105 109
f 109 105 110
f 110 105 111
f 111 105 112
f 112 105 113
f 113 105 114
f 113 114 115
f 115 114 116
f 116 114 117
f 117 114 118
f 118 114 119
f 119 114 120
f 120 114 121
f 121 114 122
f 121 122 123
f 123 122 124
f 123 124 125
f 126 127 102
f 102 127 128
f 102 128 103
f 122 129 124
f 130 131 125
f 125 131 132
f 125 132 133
f 133 134 125
f 125 134 135
f 125 135 136
f 136 123 125
f 101 137 99
f 99 137 138
f 99 138 139
f 139 140 99
f 99 140 141
f 142 143 144
f 144 143 145
f 145 143 146
f 145 146 147
f 147 146 148
f 147 148 149
f 147 149 150
f 150 149 151
f 150 151 152
f 152 153 150
f 150 153 154
f 154 153 155
f 154 155 156
f 154 156 157
f 157 156 158
f 157 158 159
f 159 158 160
f 161 162 163
f 163 162 164
f 163 164 165
f 165 166 163
f 163 166 167
f 163 167 168
f 168 167 169
f 169 167 170
f 170 167 171
f 171 167 172
f 172 167 173
f 173 167 174
f 174 167 175
f 175 167 176
f 176 167 177
f 177 167 178
f 177 178 179
f 179 178 180
f 180 178 181
f 181 178 182
f 182 178 183
f 183 178 184
f 184 178 185
f 185 178 186
f 186 178 187
f 187 178 188
f 188 178 189
f 188 189 190
f 190 189 191
f 191 189 192
f 192 189 193
f 192 193 194
f 194 193 195
f 195 193 196
f 196 193 197
f 197 193 198
f 198 193 199
f 199 193 200
f 199 200 201
f 201 200 202
f 202 200 203
f 203 200 204
f 204 200 205
f 204 205 206
f 206 205 207
f 207 205 208
f 208 205 209
f 209 205 210
f 210 205 211
f 210 211 212
f 212 211 213
f 213 211 214
f 214 211 215
f 215 211 216
f 216 211 217
f 217 211 163
f 217 163 218
f 218 163 219
f 219 163 168
f 178 220 189
f 189 220 221
f 189 221 222
f 222 223 189
f 189 223 224
f 225 226 193
f 193 226 227
f 193 227 228
f 228 229 193
f 193 229 200
f 205 230 211
f 211 230 231
f 211 231 232
f 232 233 211
f 211 233 234
f 235 167 236
f 236 167 166
f 236 166 237
f 237 166 165
f 237 165 238
f 238 165 164
f 238 164 239
f 239 164 162
f 239 162 240
f 240 162 161
f 240 161 241
f 241 161 163
f 241 163 242
f 178 167 243
f 243 167 235
f 244 189 245
f 245 189 224
f 245 224 246
f 246 224 223
f 246 223 247
f 247 223 222
f 247 222 248
f 248 222 221
f 248 221 249
f 249 221 220
f 249 220 250
f 250 220 178
f 250 178 243
f 193 189 251
f 251 189 244
f 252 200 253
f 253 200 229
f 253 229 254
f 254 229 228
f 254 228 255
f 255 228 227
f 255 227 256
f 256 227 226
f 256 226 257
f 257 226 225
f 257 225 258
f 258 225 193
f 258 193 251
f 205 200 259
f 259 200 252
f 260 211 261
f 261 211 234
f 261 234 262
f 262 234 233
f 262 233 263
f 263 233 232
f 263 232 264
f 264 232 231
f 264 231 265
f 265 231 230
f 265 230 266
f 266 230 205
f 266 205 259
f 163 211 242
f 242 211 260
f 267 268 8
f 8 268 9
f 242 260 123
f 123 260 121
f 269 270 271
f 271 270 272
f 271 272 273
f 273 272 274
f 273 274 275
f 272 276 274
f 274 276 277
f 274 277 278
f 278 279 274
f 275 280 273
f 271 281 269
f 269 281 282
f 282 281 283
f 283 281 284
f 284 281 285
f 284 285 286
f 286 285 287
f 286 287 288
f 288 287 289
f 290 291 285
f 285 291 287
f 292 293 288
f 288 293 294
f 288 294 295
f 296 297 295
f 295 297 298
f 295 298 288
f 288 298 299
f 288 299 286
f 286 299 300
f 286 300 301
f 301 300 302
f 301 302 303
f 303 302 304
f 304 302 305
f 303 306 301
f 307 308 286
f 286 308 284
f 309 310 62
f 62 310 63
f 63 310 311
f 63 311 64
f 64 311 65
f 65 311 312
f 65 312 8
f 8 312 267
f 313 309 55
f 55 309 62
f 314 315 57
f 57 315 61
f 61 315 316
f 61 316 60
f 60 316 317
f 60 317 59
f 59 317 58
f 58 317 318
f 58 318 56
f 56 318 319
f 56 319 55
f 55 319 313
f 57 54 314
f 314 54 320
f 314 320 321
f 321 320 322
f 321 322 323
f 323 322 324
f 323 324 325
f 325 324 326
f 325 326 327
f 327 326 328
f 329 313 330
f 330 313 319
f 330 319 331
f 331 319 318
f 331 318 332
f 332 318 317
f 332 317 333
f 333 317 334
f 333 334 335
f 335 334 336
f 335 336 337
f 337 336 338
f 337 338 339
f 339 338 327
f 327 338 325
f 325 338 340
f 325 340 323
f 323 340 341
f 323 341 321
f 321 341 314
f 314 341 315
f 315 341 342
f 315 342 316
f 316 342 334
f 316 334 317
f 339 343 337
f 337 343 344
f 337 344 335
f 335 344 345
f 335 345 333
f 333 345 332
f 343 346 344
f 344 346 347
f 344 347 345
f 345 347 348
f 345 348 332
f 332 348 331
f 346 349 347
f 347 349 350
f 347 350 348
f 348 350 351
f 348 351 331
f 331 351 330
f 349 352 350
f 350 352 353
f 350 353 351
f 351 353 354
f 351 354 330
f 330 354 329
f 352 355 353
f 353 355 356
f 353 356 354
f 354 356 357
f 354 357 329
f 355 358 356
f 356 358 359
f 356 359 357
f 334 342 336
f 336 342 340
f 336 340 338
f 341 340 342
f 313 329 309
f 309 329 360
f 360 329 357
f 360 357 361
f 361 357 359
f 361 359 362
f 362 359 358
f 362 358 363
f 364 267 365
f 365 267 312
f 365 312 311
f 365 311 366
f 366 311 310
f 366 310 367
f 367 310 309
f 367 309 360
f 367 360 368
f 368 360 361
f 368 361 362
f 368 362 369
f 369 362 363
f 369 363 370
f 369 370 371
f 371 370 372
f 371 372 364
f 371 364 365
f 371 365 366
f 366 367 373
f 373 367 368
f 373 368 369
f 369 371 373
f 373 371 366
f 267 374 268
f 268 374 375
f 268 375 376
f 376 375 377
f 376 377 378
f 378 377 379
f 379 377 380
f 379 380 381
f 381 380 382
f 381 382 383
f 383 382 384
f 383 384 385
f 385 384 386
f 385 386 387
f 387 386 267
f 387 267 364
f 387 364 388
f 388 364 372
f 388 372 389
f 389 372 370
f 389 370 363
f 381 383 363
f 363 383 390
f 363 390 389
f 389 390 388
f 378 391 376
f 376 391 268
f 374 267 386
f 385 387 388
f 386 384 374
f 374 384 392
f 374 392 375
f 375 392 377
f 383 385 390
f 390 385 388
f 380 377 392
f 380 392 382
f 382 392 384
f 393 394 395
f 395 394 396
f 395 396 397
f 395 397 398
f 398 397 399
f 398 399 400
f 400 399 268
f 400 268 391
f 400 391 401
f 401 391 378
f 401 378 379
f 401 379 402
f 402 379 381
f 402 381 403
f 402 403 404
f 404 403 405
f 404 405 393
f 404 393 395
f 404 395 398
f 398 400 406
f 406 400 401
f 406 401 402
f 402 404 406
f 406 404 398
f 394 67 396
f 396 67 66
f 396 66 397
f 397 66 6
f 397 6 5
f 397 5 399
f 399 5 9
f 399 9 268
f 407 68 394
f 394 68 67
f 407 394 408
f 408 394 393
f 408 393 409
f 409 393 405
f 409 405 410
f 410 405 403
f 410 403 411
f 411 403 381
f 412 413 414
f 414 413 415
f 414 415 416
f 416 415 417
f 416 417 418
f 418 417 419
f 418 419 420
f 420 419 421
f 421 419 422
f 421 422 423
f 423 422 424
f 423 424 425
f 425 424 426
f 425 426 411
f 411 426 410
f 410 426 427
f 410 427 409
f 409 427 428
f 409 428 408
f 408 428 407
f 407 428 429
f 429 428 430
f 429 430 431
f 431 430 432
f 431 432 413
f 413 432 415
f 422 419 417
f 417 415 433
f 433 415 432
f 433 432 434
f 434 432 430
f 434 430 427
f 427 430 428
f 424 422 433
f 433 422 417
f 424 433 434
f 426 424 434
f 426 434 427
f 435 74 412
f 412 74 73
f 412 73 413
f 413 73 72
f 413 72 431
f 431 72 69
f 431 69 429
f 429 69 68
f 429 68 407
f 435 436 74
f 74 436 75
f 75 436 437
f 75 437 70
f 70 437 438
f 439 438 440
f 440 438 437
f 440 437 441
f 441 437 436
f 441 436 442
f 442 436 443
f 442 443 444
f 444 443 445
f 444 445 446
f 446 445 447
f 446 447 448
f 448 447 449
f 448 449 450
f 450 449 451
f 450 451 452
f 452 451 453
f 452 453 454
f 454 453 455
f 454 455 456
f 456 455 457
f 456 457 458
f 458 457 412
f 458 412 459
f 459 412 414
f 459 414 460
f 460 414 416
f 460 416 418
f 443 436 461
f 461 436 435
f 461 435 462
f 462 435 463
f 462 463 464
f 464 463 455
f 464 455 453
f 463 435 457
f 457 435 412
f 420 465 418
f 418 465 466
f 418 466 460
f 460 466 456
f 460 456 458
f 420 450 465
f 465 450 452
f 465 452 454
f 450 467 448
f 448 467 468
f 448 468 446
f 446 468 469
f 446 469 444
f 444 469 470
f 444 470 442
f 442 470 441
f 471 472 467
f 467 472 473
f 467 473 468
f 468 473 469
f 474 475 471
f 471 475 476
f 471 476 472
f 472 476 477
f 472 477 478
f 478 477 479
f 478 479 470
f 470 479 441
f 474 480 475
f 475 480 481
f 475 481 482
f 482 481 483
f 482 483 477
f 477 483 479
f 481 484 483
f 483 484 439
f 483 439 440
f 460 458 459
f 479 483 440
f 441 479 440
f 476 475 482
f 476 482 477
f 443 461 445
f 445 461 485
f 445 485 447
f 447 485 486
f 447 486 449
f 449 486 451
f 472 478 473
f 473 478 469
f 478 470 469
f 457 455 463
f 464 453 486
f 486 453 451
f 462 464 485
f 485 464 486
f 485 461 462
f 456 466 454
f 454 466 465
f 487 488 489
f 489 488 490
f 489 490 491
f 491 490 492
f 491 492 484
f 484 492 439
f 439 492 493
f 439 493 438
f 438 493 494
f 494 493 495
f 494 495 496
f 496 495 497
f 496 497 498
f 498 497 499
f 498 499 500
f 488 501 490
f 490 501 502
f 490 502 492
f 492 502 493
f 502 501 503
f 503 501 504
f 503 504 505
f 503 505 497
f 497 505 499
f 484 481 491
f 491 481 506
f 491 506 489
f 481 480 506
f 503 497 495
f 493 502 495
f 495 502 503
f 243 235 141
f 141 235 130
f 141 130 507
f 507 130 508
f 507 508 30
f 30 508 71
f 30 71 509
f 509 71 487
f 487 71 500
f 487 500 488
f 488 500 501
f 501 500 504
f 504 500 505
f 505 500 499
f 130 125 508
f 508 125 510
f 508 511 71
f 71 511 4
f 4 511 512
f 30 509 513
f 513 509 514
f 513 514 515
f 515 516 513
f 513 516 517
f 513 517 518
f 507 30 519
f 519 30 25
f 519 25 520
f 521 99 507
f 507 99 141
f 244 245 98
f 98 245 100
f 100 245 246
f 100 246 101
f 101 246 247
f 101 247 137
f 137 247 248
f 137 248 138
f 138 248 249
f 138 249 139
f 139 249 140
f 140 249 250
f 140 250 141
f 141 250 243
f 522 523 20
f 20 523 15
f 251 244 104
f 104 244 98
f 524 525 526
f 526 525 527
f 526 527 528
f 528 527 529
f 528 529 530
f 525 531 527
f 527 531 532
f 530 533 528
f 528 533 534
f 534 533 535
f 534 535 536
f 536 535 537
f 536 537 538
f 539 540 533
f 533 540 535
f 538 541 536
f 536 541 542
f 536 542 543
f 543 542 544
f 543 544 528
f 528 544 545
f 528 545 526
f 542 546 544
f 545 544 547
f 547 544 548
f 547 548 549
f 545 547 550
f 550 547 551
f 550 551 552
f 552 551 553
f 553 551 554
f 553 554 555
f 555 554 556
f 556 554 557
f 557 554 558
f 557 558 559
f 559 558 560
f 560 558 561
f 562 563 559
f 559 563 564
f 559 564 565
f 565 557 559
f 566 567 550
f 550 567 545
f 568 569 28
f 28 569 27
f 27 569 570
f 27 570 26
f 26 570 24
f 24 570 571
f 24 571 20
f 20 571 522
f 28 29 568
f 568 29 572
f 572 573 568
f 568 573 574
f 574 573 575
f 574 575 576
f 576 575 577
f 576 577 578
f 578 577 579
f 578 579 580
f 581 522 582
f 582 522 571
f 582 571 570
f 582 570 583
f 583 570 569
f 583 569 584
f 584 569 568
f 584 568 574
f 584 574 585
f 585 574 576
f 585 576 578
f 585 578 586
f 586 578 580
f 586 580 587
f 586 587 588
f 588 587 589
f 588 589 581
f 588 581 582
f 588 582 583
f 583 584 590
f 590 584 585
f 590 585 586
f 586 588 590
f 590 588 583
f 522 591 523
f 523 591 592
f 523 592 593
f 593 592 594
f 593 594 595
f 595 594 596
f 596 594 597
f 596 597 598
f 598 597 599
f 598 599 600
f 600 599 601
f 600 601 602
f 602 601 603
f 602 603 604
f 604 603 522
f 604 522 581
f 604 581 605
f 605 581 589
f 605 589 606
f 606 589 587
f 606 587 580
f 598 600 580
f 580 600 607
f 580 607 606
f 606 607 605
f 595 608 593
f 593 608 523
f 591 522 603
f 602 604 605
f 603 601 591
f 591 601 609
f 591 609 592
f 592 609 594
f 600 602 607
f 607 602 605
f 597 594 609
f 597 609 599
f 599 609 601
f 610 611 612
f 612 611 613
f 612 613 614
f 612 614 615
f 615 614 616
f 615 616 617
f 617 616 523
f 617 523 608
f 617 608 618
f 618 608 595
f 618 595 596
f 618 596 619
f 619 596 598
f 619 598 620
f 619 620 621
f 621 620 622
f 621 622 610
f 621 610 612
f 621 612 615
f 615 617 623
f 623 617 618
f 623 618 619
f 619 621 623
f 623 621 615
f 611 40 613
f 613 40 39
f 613 39 614
f 614 39 17
f 614 17 16
f 614 16 616
f 616 16 15
f 616 15 523
f 41 40 624
f 624 40 611
f 624 625 41
f 41 625 43
f 43 625 626
f 43 626 45
f 45 626 627
f 45 627 46
f 46 627 47
f 47 627 628
f 47 628 48
f 48 628 629
f 48 629 44
f 44 629 630
f 631 632 94
f 94 632 633
f 94 633 93
f 93 633 634
f 93 634 91
f 91 634 635
f 91 635 88
f 88 635 636
f 88 636 84
f 84 636 81
f 81 636 637
f 81 637 79
f 79 637 638
f 79 638 78
f 78 638 639
f 78 639 76
f 76 639 640
f 76 640 641
f 641 640 642
f 641 642 643
f 643 642 644
f 643 644 645
f 645 644 646
f 645 646 647
f 647 646 648
f 647 648 649
f 649 648 650
f 649 650 651
f 651 650 652
f 651 652 653
f 653 652 654
f 653 654 655
f 655 654 656
f 655 656 657
f 657 656 658
f 657 658 631
f 631 658 632
f 659 640 660
f 660 640 639
f 660 639 638
f 661 646 659
f 659 646 644
f 659 644 642
f 662 654 661
f 661 654 652
f 661 652 650
f 663 632 662
f 662 632 658
f 662 658 656
f 660 636 663
f 663 636 635
f 663 635 634
f 650 648 661
f 661 648 646
f 642 640 659
f 638 637 660
f 660 637 636
f 634 633 663
f 663 633 632
f 656 654 662
f 664 665 666
f 666 665 667
f 666 667 668
f 669 670 664
f 664 670 671
f 664 671 672
f 673 674 669
f 669 674 675
f 669 675 676
f 677 678 673
f 673 678 679
f 673 679 680
f 666 681 677
f 677 681 682
f 677 682 683
f 676 684 669
f 669 684 670
f 672 665 664
f 668 685 666
f 666 685 681
f 683 686 677
f 677 686 678
f 680 674 673
f 687 688 689
f 689 688 690
f 689 690 691
f 692 693 687
f 687 693 694
f 687 694 695
f 696 697 692
f 692 697 698
f 692 698 699
f 700 701 696
f 696 701 702
f 696 702 703
f 689 704 700
f 700 704 705
f 700 705 706
f 691 707 689
f 689 707 708
f 689 708 704
f 706 709 700
f 700 709 701
f 703 697 696
f 699 693 692
f 695 688 687
f 710 711 712
f 712 711 713
f 712 713 714
f 715 716 710
f 710 716 717
f 710 717 718
f 719 720 715
f 715 720 721
f 715 721 722
f 723 724 719
f 719 724 725
f 719 725 726
f 712 727 723
f 723 727 728
f 723 728 729
f 729 730 723
f 723 730 724
f 726 720 719
f 722 731 715
f 715 731 716
f 718 711 710
f 714 732 712
f 712 732 727
f 733 734 735
f 735 734 736
f 735 736 737
f 738 739 733
f 733 739 740
f 733 740 741
f 742 743 738
f 738 743 744
f 738 744 745
f 746 747 742
f 742 747 748
f 742 748 749
f 735 750 746
f 746 750 751
f 746 751 752
f 752 753 746
f 746 753 747
f 749 743 742
f 745 754 738
f 738 754 739
f 741 734 733
f 737 755 735
f 735 755 750
f 756 757 758
f 758 757 759
f 758 759 760
f 761 762 756
f 756 762 763
f 756 763 764
f 765 766 761
f 761 766 767
f 761 767 768
f 769 770 765
f 765 770 771
f 765 771 772
f 758 773 769
f 769 773 774
f 769 774 775
f 760 776 758
f 758 776 777
f 758 777 773
f 775 778 769
f 769 778 770
f 772 766 765
f 768 762 761
f 764 757 756
f 779 780 781
f 781 780 782
f 781 782 783
f 784 785 779
f 779 785 786
f 779 786 787
f 788 789 784
f 784 789 790
f 784 790 791
f 792 793 788
f 788 793 794
f 788 794 795
f 781 796 792
f 792 796 797
f 792 797 798
f 791 799 784
f 784 799 785
f 787 780 779
f 783 800 781
f 781 800 796
f 798 801 792
f 792 801 793
f 795 789 788
f 802 803 804
f 804 803 805
f 804 805 806
f 807 808 802
f 802 808 809
f 802 809 810
f 811 812 807
f 807 812 813
f 807 813 814
f 815 816 811
f 811 816 817
f 811 817 818
f 804 819 815
f 815 819 820
f 815 820 821
f 821 822 815
f 815 822 816
f 818 812 811
f 814 823 807
f 807 823 808
f 810 803 802
f 806 824 804
f 804 824 819
f 825 826 660
f 660 826 659
f 825 827 826
f 826 827 533
f 826 533 530
f 529 527 828
f 828 527 829
f 828 829 830
f 537 535 831
f 831 535 832
f 831 832 833
f 834 835 836
f 836 835 837
f 836 837 838
f 839 840 841
f 841 840 302
f 841 302 300
f 299 298 842
f 842 298 843
f 842 843 844
f 845 846 847
f 847 846 295
f 847 295 294
f 848 849 850
f 850 849 851
f 850 851 852
f 853 854 855
f 855 854 856
f 856 854 857
f 857 854 279
f 857 279 278
f 563 562 858
f 858 562 859
f 858 859 860
f 860 859 861
f 861 859 862
f 293 292 863
f 863 292 864
f 863 864 865
f 866 867 865
f 865 867 868
f 865 868 863
f 869 870 871
f 871 870 541
f 871 541 538
f 871 872 869
f 869 872 873
f 869 873 874
f 564 875 565
f 565 875 876
f 565 876 877
f 877 876 878
f 878 876 879
f 879 876 880
f 879 880 881
f 881 880 882
f 882 880 883
f 883 880 884
f 885 886 875
f 875 886 876
f 876 887 880
f 880 887 888
f 889 890 891
f 891 890 892
f 892 890 893
f 893 890 894
f 894 890 895
f 894 895 896
f 896 895 897
f 897 895 276
f 276 895 898
f 276 898 277
f 899 900 890
f 890 900 895
f 895 901 898
f 898 901 902
f 826 530 659
f 659 530 661
f 661 530 903
f 828 662 529
f 529 662 661
f 529 661 903
f 564 563 904
f 538 537 905
f 838 884 906
f 889 848 907
f 278 277 908
f 294 293 909
f 903 530 529
f 910 300 299
f 875 564 779
f 779 564 784
f 784 564 904
f 885 875 781
f 781 875 779
f 825 660 827
f 827 660 911
f 911 660 663
f 911 663 912
f 912 663 829
f 829 663 830
f 911 912 32
f 32 912 913
f 32 913 33
f 914 915 32
f 32 915 916
f 32 916 911
f 917 918 914
f 914 918 919
f 914 919 915
f 886 781 918
f 918 781 792
f 918 792 919
f 919 792 861
f 861 792 860
f 886 885 781
f 873 666 915
f 915 666 677
f 915 677 916
f 916 677 832
f 832 677 833
f 873 872 666
f 533 827 539
f 539 827 911
f 920 297 921
f 921 297 296
f 922 923 924
f 924 923 925
f 926 927 928
f 928 927 929
f 928 929 930
f 539 911 540
f 540 911 916
f 918 917 931
f 931 917 932
f 931 932 933
f 934 935 936
f 936 935 937
f 938 915 939
f 939 915 919
f 305 940 304
f 304 940 512
f 304 512 941
f 941 512 942
f 942 512 943
f 943 512 944
f 944 512 945
f 945 512 511
f 305 946 940
f 519 520 947
f 947 520 948
f 948 520 949
f 949 520 950
f 950 520 951
f 951 520 531
f 531 520 913
f 531 913 532
f 532 913 912
f 297 920 298
f 298 920 843
f 839 712 840
f 840 712 946
f 946 712 723
f 946 723 920
f 920 723 843
f 843 723 844
f 946 920 1
f 1 920 921
f 1 921 937
f 937 921 746
f 937 746 867
f 867 746 868
f 746 921 735
f 735 921 846
f 735 846 845
f 1 937 952
f 952 937 935
f 952 935 930
f 930 935 815
f 930 815 901
f 901 815 902
f 815 935 804
f 804 935 855
f 804 855 856
f 930 929 952
f 3 940 1
f 1 940 946
f 302 840 305
f 305 840 946
f 512 940 4
f 4 940 3
f 929 927 952
f 952 927 953
f 926 928 900
f 900 928 895
f 928 930 895
f 895 930 901
f 932 917 954
f 954 917 914
f 931 933 876
f 876 933 887
f 876 886 931
f 931 886 918
f 880 888 696
f 696 888 700
f 880 696 884
f 884 696 692
f 884 692 906
f 836 838 687
f 687 838 692
f 692 838 906
f 834 836 689
f 689 836 687
f 837 835 923
f 923 835 925
f 955 956 52
f 52 956 11
f 259 252 113
f 113 252 112
f 957 958 959
f 959 958 960
f 959 960 849
f 849 960 837
f 849 837 922
f 922 837 923
f 837 960 838
f 838 960 961
f 838 961 884
f 884 961 883
f 849 848 959
f 959 848 962
f 962 848 889
f 962 889 891
f 963 964 42
f 42 964 49
f 49 964 965
f 49 965 50
f 50 965 51
f 51 965 966
f 51 966 52
f 52 966 955
f 630 963 44
f 44 963 42
f 630 967 963
f 963 967 968
f 968 967 969
f 968 969 970
f 970 969 971
f 970 971 972
f 972 971 973
f 972 973 974
f 975 955 976
f 976 955 966
f 976 966 965
f 976 965 977
f 977 965 964
f 977 964 978
f 978 964 963
f 978 963 968
f 978 968 979
f 979 968 970
f 979 970 972
f 979 972 980
f 980 972 974
f 980 974 981
f 980 981 982
f 982 981 983
f 982 983 975
f 982 975 976
f 982 976 977
f 977 978 984
f 984 978 979
f 984 979 980
f 980 982 984
f 984 982 977
f 985 956 986
f 986 956 955
f 986 955 975
f 986 975 987
f 987 975 983
f 987 983 988
f 988 983 981
f 988 981 974
f 974 328 988
f 988 328 989
f 988 989 987
f 987 989 990
f 987 990 986
f 986 990 985
f 322 320 991
f 991 320 992
f 991 992 993
f 991 993 994
f 994 993 995
f 994 995 996
f 996 995 956
f 996 956 985
f 996 985 997
f 997 985 990
f 997 990 989
f 997 989 998
f 998 989 328
f 998 328 326
f 998 326 999
f 999 326 324
f 999 324 322
f 999 322 991
f 999 991 994
f 994 996 1000
f 1000 996 997
f 1000 997 998
f 998 999 1000
f 1000 999 994
f 320 54 992
f 992 54 53
f 992 53 993
f 993 53 13
f 993 13 12
f 993 12 995
f 995 12 11
f 995 11 956
f 421 1001 420
f 420 1001 1002
f 420 1002 1003
f 421 423 1001
f 1001 423 1004
f 1004 423 425
f 1004 425 1005
f 1005 425 411
f 1005 411 1006
f 1006 411 381
f 1006 381 1007
f 1007 381 363
f 1007 363 1008
f 1008 363 1009
f 1009 363 358
f 1009 358 1010
f 1010 358 355
f 1010 355 1011
f 1011 355 352
f 1011 352 1012
f 1012 352 349
f 1012 349 1013
f 1013 349 346
f 1013 346 1014
f 1014 346 343
f 1014 343 1015
f 1015 343 1016
f 1016 343 1017
f 1016 1017 1018
f 1018 1017 1019
f 1019 1017 1020
f 1019 1020 1021
f 1021 1020 1022
f 1021 1022 1023
f 1023 1022 1024
f 1023 1024 1025
f 1025 1024 1026
f 1025 1026 1027
f 1027 1026 1028
f 1027 1028 1029
f 1029 1028 598
f 1029 598 1030
f 1030 598 1031
f 1031 598 580
f 1031 580 1032
f 1032 580 579
f 1032 579 1033
f 1033 579 1034
f 1033 1034 1035
f 1035 1034 1036
f 1035 1036 1037
f 1037 1036 1038
f 1037 1038 1039
f 1017 343 1040
f 1040 343 339
f 1040 339 973
f 973 339 327
f 973 327 974
f 974 327 328
f 420 1041 1039
f 1039 1041 1042
f 1039 1042 1043
f 1003 1044 420
f 420 1044 1045
f 420 1045 1046
f 1046 1047 420
f 420 1047 1048
f 420 1048 1041
f 1043 1049 1039
f 1039 1049 1050
f 1039 1050 1051
f 1051 1052 1039
f 1039 1052 1053
f 1039 1053 1037
f 1054 1015 1055
f 1055 1015 1016
f 1055 1016 1056
f 1056 1016 1018
f 1056 1018 1057
f 1057 1018 1019
f 1057 1019 1058
f 1058 1019 1021
f 1058 1021 1059
f 1059 1021 1023
f 1059 1023 1060
f 1060 1023 1025
f 1060 1025 1061
f 1061 1025 1027
f 1061 1027 1062
f 1062 1027 1029
f 1062 1029 1063
f 1063 1029 1030
f 1063 1030 1064
f 1064 1030 1031
f 1064 1031 1065
f 1065 1031 1032
f 1065 1032 1066
f 1066 1032 1033
f 1066 1033 1067
f 1067 1033 1035
f 1067 1035 1068
f 1068 1035 1037
f 1068 1037 1069
f 1069 1037 1053
f 1069 1053 1070
f 1070 1053 1052
f 1070 1052 1071
f 1071 1052 1051
f 1071 1051 1072
f 1072 1051 1050
f 1072 1050 1073
f 1073 1050 1049
f 1073 1049 1074
f 1074 1049 1043
f 1074 1043 1075
f 1075 1043 1042
f 1075 1042 1076
f 1076 1042 1041
f 1076 1041 1077
f 1077 1041 1048
f 1077 1048 1078
f 1078 1048 1047
f 1078 1047 1079
f 1079 1047 1046
f 1079 1046 1080
f 1080 1046 1045
f 1080 1045 1081
f 1081 1045 1044
f 1081 1044 1082
f 1082 1044 1003
f 1082 1003 1083
f 1083 1003 1002
f 1083 1002 1084
f 1084 1002 1001
f 1084 1001 1085
f 1085 1001 1004
f 1085 1004 1086
f 1086 1004 1005
f 1086 1005 1087
f 1087 1005 1006
f 1087 1006 1088
f 1088 1006 1007
f 1088 1007 1089
f 1089 1007 1008
f 1089 1008 1090
f 1090 1008 1009
f 1090 1009 1091
f 1091 1009 1010
f 1091 1010 1092
f 1092 1010 1011
f 1092 1011 1093
f 1093 1011 1012
f 1093 1012 1094
f 1094 1012 1013
f 1094 1013 1095
f 1095 1013 1014
f 1095 1014 1054
f 1054 1014 1015
f 1054 1055 1096
f 1096 1055 1056
f 1096 1056 1097
f 1097 1056 1057
f 1097 1057 1098
f 1098 1057 1058
f 1098 1058 1099
f 1099 1058 1059
f 1099 1059 1100
f 1100 1059 1060
f 1100 1060 1061
f 1100 1061 1101
f 1101 1061 1062
f 1101 1062 1102
f 1102 1062 1063
f 1102 1063 1103
f 1103 1063 1064
f 1103 1064 1104
f 1104 1064 1065
f 1104 1065 1066
f 1104 1066 1105
f 1105 1066 1067
f 1105 1067 1106
f 1106 1067 1068
f 1106 1068 1107
f 1107 1068 1069
f 1107 1069 1108
f 1108 1069 1070
f 1108 1070 1109
f 1109 1070 1071
f 1109 1071 1072
f 1109 1072 1110
f 1110 1072 1073
f 1110 1073 1111
f 1111 1073 1074
f 1111 1074 1112
f 1112 1074 1075
f 1112 1075 1113
f 1113 1075 1076
f 1113 1076 1077
f 1113 1077 1114
f 1114 1077 1078
f 1114 1078 1115
f 1115 1078 1079
f 1115 1079 1116
f 1116 1079 1080
f 1116 1080 1117
f 1117 1080 1081
f 1117 1081 1082
f 1117 1082 1118
f 1118 1082 1083
f 1118 1083 1119
f 1119 1083 1084
f 1119 1084 1120
f 1120 1084 1085
f 1120 1085 1121
f 1121 1085 1086
f 1121 1086 1087
f 1121 1087 1122
f 1122 1087 1088
f 1122 1088 1123
f 1123 1088 1089
f 1123 1089 1124
f 1124 1089 1090
f 1124 1090 1125
f 1125 1090 1091
f 1125 1091 1126
f 1126 1091 1092
f 1126 1092 1093
f 1126 1093 1127
f 1127 1093 1094
f 1127 1094 1128
f 1128 1094 1095
f 1128 1095 1129
f 1129 1095 1054
f 1129 1054 1096
f 1130 1129 1131
f 1131 1129 1096
f 1131 1096 1132
f 1132 1096 1097
f 1132 1097 1133
f 1133 1097 1098
f 1133 1098 1134
f 1134 1098 1099
f 1134 1099 1135
f 1135 1099 1100
f 1135 1100 1136
f 1136 1100 1101
f 1136 1101 1137
f 1137 1101 1102
f 1137 1102 1138
f 1138 1102 1103
f 1138 1103 1139
f 1139 1103 1104
f 1139 1104 1140
f 1140 1104 1105
f 1140 1105 1141
f 1141 1105 1106
f 1141 1106 1142
f 1142 1106 1107
f 1142 1107 1143
f 1143 1107 1108
f 1143 1108 1144
f 1144 1108 1109
f 1144 1109 1145
f 1145 1109 1110
f 1145 1110 1146
f 1146 1110 1111
f 1146 1111 1147
f 1147 1111 1112
f 1147 1112 1148
f 1148 1112 1113
f 1148 1113 1149
f 1149 1113 1114
f 1149 1114 1150
f 1150 1114 1115
f 1150 1115 1151
f 1151 1115 1116
f 1151 1116 1152
f 1152 1116 1117
f 1152 1117 1153
f 1153 1117 1118
f 1153 1118 1154
f 1154 1118 1119
f 1154 1119 1155
f 1155 1119 1120
f 1155 1120 1156
f 1156 1120 1121
f 1156 1121 1157
f 1157 1121 1122
f 1157 1122 1158
f 1158 1122 1123
f 1158 1123 1159
f 1159 1123 1124
f 1159 1124 1160
f 1160 1124 1125
f 1160 1125 1161
f 1161 1125 1126
f 1161 1126 1162
f 1162 1126 1127
f 1162 1127 1163
f 1163 1127 1128
f 1163 1128 1130
f 1130 1128 1129
f 1132 1164 1131
f 1131 1164 1165
f 1131 1165 1130
f 1130 1165 1166
f 1130 1166 1163
f 1163 1166 1167
f 1163 1167 1162
f 1162 1167 1168
f 1162 1168 1161
f 1161 1168 1169
f 1161 1169 1160
f 1160 1169 1170
f 1160 1170 1159
f 1159 1170 1158
f 1158 1170 1171
f 1158 1171 1157
f 1157 1171 1172
f 1157 1172 1156
f 1156 1172 1173
f 1156 1173 1155
f 1155 1173 1174
f 1155 1174 1154
f 1154 1174 1175
f 1154 1175 1153
f 1153 1175 1176
f 1153 1176 1152
f 1152 1176 1177
f 1152 1177 1151
f 1151 1177 1178
f 1151 1178 1150
f 1150 1178 1179
f 1150 1179 1149
f 1149 1179 1180
f 1149 1180 1148
f 1148 1180 1147
f 1147 1180 1181
f 1147 1181 1146
f 1146 1181 1182
f 1146 1182 1145
f 1145 1182 1183
f 1145 1183 1144
f 1144 1183 1184
f 1144 1184 1143
f 1143 1184 1185
f 1143 1185 1142
f 1142 1185 1186
f 1142 1186 1141
f 1141 1186 1187
f 1141 1187 1140
f 1140 1187 1188
f 1140 1188 1139
f 1139 1188 1189
f 1139 1189 1138
f 1138 1189 1190
f 1138 1190 1137
f 1137 1190 1136
f 1136 1190 1191
f 1136 1191 1135
f 1135 1191 1192
f 1135 1192 1134
f 1134 1192 1193
f 1134 1193 1133
f 1133 1193 1194
f 1133 1194 1132
f 1132 1194 1164
f 1179 1195 1180
f 1180 1195 1196
f 1180 1196 1181
f 1181 1196 1197
f 1181 1197 1198
f 1179 1178 1195
f 1195 1178 1199
f 1199 1178 1177
f 1199 1177 1200
f 1200 1177 1176
f 1200 1176 1201
f 1201 1176 1175
f 1201 1175 1202
f 1202 1175 1174
f 1202 1174 1203
f 1203 1174 1173
f 1203 1173 1204
f 1204 1173 1172
f 1204 1172 1205
f 1205 1172 1171
f 1205 1171 1206
f 1206 1171 1170
f 1206 1170 1207
f 1207 1170 1169
f 1207 1169 1208
f 1208 1169 1168
f 1208 1168 1209
f 1209 1168 1167
f 1209 1167 1210
f 1210 1167 1166
f 1210 1166 1211
f 1211 1166 1165
f 1211 1165 1212
f 1212 1165 1164
f 1212 1164 1213
f 1213 1164 1194
f 1213 1194 1214
f 1214 1194 1193
f 1214 1193 1215
f 1215 1193 1192
f 1215 1192 1216
f 1216 1192 1191
f 1216 1191 1217
f 1217 1191 1190
f 1217 1190 1218
f 1218 1190 1189
f 1218 1189 1219
f 1219 1189 1188
f 1219 1188 1220
f 1220 1188 1187
f 1220 1187 1221
f 1221 1187 1186
f 1221 1186 1222
f 1222 1186 1185
f 1222 1185 1223
f 1223 1185 1184
f 1223 1184 1224
f 1224 1184 1183
f 1224 1183 1225
f 1225 1183 1182
f 1225 1182 1198
f 1198 1182 1181
f 1195 1226 1196
f 1196 1226 1227
f 1196 1227 1197
f 1197 1227 1198
f 1198 1227 1228
f 1198 1228 1225
f 1225 1228 1229
f 1225 1229 1224
f 1224 1229 1223
f 1223 1229 1230
f 1223 1230 1222
f 1222 1230 1221
f 1221 1230 1231
f 1221 1231 1220
f 1220 1231 1232
f 1220 1232 1219
f 1219 1232 1218
f 1218 1232 1233
f 1218 1233 1217
f 1217 1233 1234
f 1217 1234 1216
f 1216 1234 1215
f 1215 1234 1235
f 1215 1235 1214
f 1214 1235 1213
f 1213 1235 1236
f 1213 1236 1212
f 1212 1236 1237
f 1212 1237 1211
f 1211 1237 1210
f 1210 1237 1238
f 1210 1238 1209
f 1209 1238 1208
f 1208 1238 1239
f 1208 1239 1207
f 1207 1239 1240
f 1207 1240 1206
f 1206 1240 1205
f 1205 1240 1241
f 1205 1241 1204
f 1204 1241 1242
f 1204 1242 1203
f 1203 1242 1202
f 1202 1242 1243
f 1202 1243 1201
f 1201 1243 1200
f 1200 1243 1244
f 1200 1244 1199
f 1199 1244 1226
f 1199 1226 1195
f 1245 1237 1246
f 1246 1237 1236
f 1246 1236 1247
f 1247 1236 1235
f 1247 1235 1248
f 1248 1235 1234
f 1248 1234 1249
f 1249 1234 1233
f 1249 1233 1250
f 1250 1233 1232
f 1250 1232 1251
f 1251 1232 1231
f 1251 1231 1252
f 1252 1231 1230
f 1252 1230 1253
f 1253 1230 1229
f 1253 1229 1254
f 1254 1229 1228
f 1254 1228 1255
f 1255 1228 1227
f 1255 1227 1256
f 1256 1227 1226
f 1256 1226 1257
f 1257 1226 1244
f 1257 1244 1258
f 1258 1244 1243
f 1258 1243 1259
f 1259 1243 1242
f 1259 1242 1260
f 1260 1242 1241
f 1260 1241 1261
f 1261 1241 1240
f 1261 1240 1262
f 1262 1240 1239
f 1262 1239 1263
f 1263 1239 1238
f 1263 1238 1245
f 1245 1238 1237
f 1246 1247 1245
f 1245 1247 1248
f 1245 1248 1263
f 1263 1248 1249
f 1263 1249 1262
f 1262 1249 1250
f 1262 1250 1261
f 1261 1250 1251
f 1261 1251 1260
f 1260 1251 1252
f 1260 1252 1253
f 1253 1254 1260
f 1260 1254 1255
f 1260 1255 1256
f 1256 1257 1260
f 1260 1257 1258
f 1260 1258 1259
f 487 489 509
f 509 489 1264
f 1264 489 506
f 1264 506 1265
f 1265 506 480
f 1265 480 1266
f 1266 480 474
f 1266 474 1267
f 1267 474 471
f 1267 471 1268
f 1268 471 467
f 1268 467 1269
f 1269 467 450
f 1269 450 1270
f 1270 450 420
f 1270 420 1039
f 513 518 1271
f 1271 518 1272
f 1271 1272 1273
f 1273 1272 1274
f 1273 1274 1275
f 1275 1274 1276
f 1275 1276 1277
f 1277 1276 1278
f 1278 1276 1279
f 1279 1276 1280
f 1279 1280 1281
f 1281 1280 1282
f 1281 1282 1265
f 1265 1282 1264
f 1264 1282 1283
f 1264 1283 514
f 514 1283 515
f 515 1283 1284
f 515 1284 1285
f 1285 1284 1274
f 1285 1274 1272
f 518 517 1272
f 1272 517 1285
f 517 516 1285
f 1285 516 515
f 514 509 1264
f 1265 1266 1281
f 1276 1274 1284
f 1282 1280 1283
f 1283 1280 1284
f 1280 1276 1284
f 1277 31 1275
f 1275 31 1273
f 1273 31 1271
f 1271 31 30
f 1271 30 513
f 1277 1286 31
f 31 1286 34
f 34 1286 1287
f 34 1287 35
f 35 1287 1288
f 35 1288 1289
f 35 1289 36
f 36 1289 1290
f 36 1290 37
f 37 1290 1291
f 37 1291 38
f 38 1291 1292
f 38 1292 29
f 29 1292 572
f 573 572 1293
f 1293 572 1292
f 1293 1292 1294
f 1294 1292 1291
f 1294 1291 1295
f 1295 1291 1290
f 1295 1290 1296
f 1296 1290 1289
f 1296 1289 1297
f 1297 1298 1296
f 1296 1298 1299
f 1296 1299 1295
f 1295 1299 1300
f 1295 1300 1294
f 1294 1300 1301
f 1294 1301 1293
f 1293 1301 1302
f 1293 1302 575
f 575 1302 577
f 577 1302 1303
f 577 1303 579
f 579 1303 1034
f 1034 1303 1304
f 1034 1304 1036
f 1036 1304 1305
f 1036 1305 1038
f 1038 1305 1306
f 1038 1306 1039
f 1039 1306 1307
f 1307 1306 1299
f 1307 1299 1298
f 575 573 1293
f 1304 1303 1302
f 1304 1302 1301
f 1305 1304 1301
f 1305 1301 1300
f 1306 1305 1300
f 1306 1300 1299
f 1297 1289 1308
f 1308 1289 1288
f 1308 1288 1309
f 1309 1288 1310
f 1309 1310 1311
f 1311 1310 1312
f 1311 1312 1313
f 1313 1312 1314
f 1313 1314 1315
f 1315 1314 1316
f 1315 1316 1317
f 1317 1316 1318
f 1317 1318 1268
f 1268 1318 1319
f 1268 1319 1267
f 1267 1319 1320
f 1267 1320 1321
f 1321 1320 1322
f 1321 1322 1323
f 1323 1322 1324
f 1323 1324 1325
f 1325 1324 1326
f 1325 1326 1327
f 1327 1326 1328
f 1327 1328 1329
f 1329 1328 1277
f 1329 1277 1330
f 1330 1277 1278
f 1330 1278 1331
f 1331 1278 1279
f 1331 1279 1332
f 1332 1279 1281
f 1332 1281 1333
f 1333 1281 1334
f 1333 1334 1323
f 1323 1334 1321
f 1288 1287 1310
f 1310 1287 1335
f 1310 1335 1312
f 1312 1335 1336
f 1312 1336 1314
f 1314 1336 1337
f 1314 1337 1316
f 1316 1337 1338
f 1316 1338 1318
f 1318 1338 1319
f 1335 1287 1339
f 1339 1287 1286
f 1339 1286 1340
f 1340 1286 1341
f 1340 1341 1342
f 1342 1341 1343
f 1342 1343 1344
f 1344 1343 1324
f 1344 1324 1322
f 1277 1328 1286
f 1286 1328 1345
f 1286 1345 1341
f 1341 1345 1343
f 1281 1266 1334
f 1334 1266 1267
f 1334 1267 1321
f 1317 1268 1346
f 1346 1268 1269
f 1346 1269 1347
f 1347 1269 1348
f 1347 1348 1349
f 1349 1348 1350
f 1349 1350 1351
f 1351 1350 1352
f 1351 1352 1353
f 1353 1352 1298
f 1353 1298 1297
f 1269 1270 1348
f 1348 1270 1354
f 1348 1354 1350
f 1350 1354 1355
f 1350 1355 1352
f 1352 1355 1307
f 1352 1307 1298
f 1354 1270 1356
f 1356 1270 1039
f 1356 1039 1307
f 1353 1297 1308
f 1353 1308 1357
f 1357 1308 1309
f 1357 1309 1311
f 1356 1307 1355
f 1354 1356 1355
f 1353 1357 1351
f 1351 1357 1358
f 1351 1358 1349
f 1349 1358 1359
f 1349 1359 1347
f 1347 1359 1346
f 1358 1357 1311
f 1358 1311 1313
f 1358 1313 1359
f 1359 1313 1315
f 1359 1315 1346
f 1346 1315 1317
f 1337 1360 1361
f 1361 1360 1342
f 1361 1342 1344
f 1339 1340 1360
f 1360 1340 1342
f 1339 1360 1336
f 1336 1360 1337
f 1337 1361 1338
f 1338 1361 1362
f 1338 1362 1319
f 1319 1362 1320
f 1362 1361 1344
f 1323 1325 1333
f 1333 1325 1332
f 1329 1330 1331
f 1325 1327 1332
f 1332 1327 1331
f 1327 1329 1331
f 1344 1322 1362
f 1362 1322 1320
f 1345 1328 1326
f 1345 1326 1343
f 1343 1326 1324
f 1335 1339 1336
f 624 611 1363
f 1363 611 610
f 1363 610 1364
f 1364 610 622
f 1364 622 1365
f 1365 622 620
f 1365 620 1028
f 1028 620 598
f 967 630 1366
f 1366 630 629
f 1366 629 1367
f 1367 629 628
f 1367 628 1368
f 1368 628 627
f 1368 627 1369
f 1369 627 1370
f 1369 1370 1371
f 1371 1370 1372
f 1371 1372 1373
f 1373 1372 1374
f 1373 1374 1026
f 1026 1374 1028
f 1028 1374 1365
f 1365 1374 1375
f 1365 1375 1364
f 1364 1375 1376
f 1364 1376 1363
f 1363 1376 624
f 624 1376 625
f 625 1376 1377
f 625 1377 626
f 626 1377 1370
f 626 1370 627
f 1026 1024 1373
f 1373 1024 1378
f 1373 1378 1371
f 1371 1378 1379
f 1371 1379 1369
f 1369 1379 1368
f 1024 1022 1378
f 1378 1022 1380
f 1378 1380 1379
f 1379 1380 1381
f 1379 1381 1368
f 1368 1381 1367
f 1022 1020 1380
f 1380 1020 1382
f 1380 1382 1381
f 1381 1382 1383
f 1381 1383 1367
f 1367 1383 1366
f 1020 1017 1382
f 1382 1017 1384
f 1382 1384 1383
f 1383 1384 1385
f 1383 1385 1366
f 1366 1385 967
f 1017 1040 1384
f 1384 1040 1386
f 1384 1386 1385
f 1385 1386 969
f 1385 969 967
f 1040 973 1386
f 1386 973 971
f 1386 971 969
f 1370 1377 1372
f 1372 1377 1375
f 1372 1375 1374
f 1376 1375 1377
f 260 261 121
f 121 261 120
f 120 261 262
f 120 262 119
f 119 262 263
f 119 263 118
f 118 263 264
f 118 264 117
f 117 264 265
f 117 265 116
f 116 265 115
f 115 265 266
f 115 266 113
f 113 266 259
f 1387 1388 1389
f 1389 1388 1390
f 1389 1390 1391
f 1391 1390 1392
f 1391 1392 1393
f 1393 1392 1394
f 1393 1394 1395
f 1395 1394 1396
f 1395 1396 1397
f 1397 1396 1398
f 1397 1398 1399
f 1399 1398 1400
f 1399 1400 1401
f 1401 1400 1402
f 1401 1402 1403
f 1403 1402 1404
f 1403 1404 1405
f 1405 1404 1406
f 1405 1406 1407
f 1405 1407 1408
f 1408 1407 1409
f 1408 1409 1410
f 1410 1409 1411
f 1410 1411 1412
f 1412 1411 1413
f 1412 1413 1414
f 1414 1413 1415
f 1414 1415 1416
f 1416 1415 1417
f 1416 1417 1418
f 1418 1417 1419
f 1418 1419 1420
f 1420 1419 1387
f 1420 1387 1389
f 1391 1421 1389
f 1389 1421 1422
f 1389 1422 1420
f 1420 1422 1423
f 1420 1423 1418
f 1418 1423 1424
f 1418 1424 1416
f 1416 1424 1425
f 1416 1425 1414
f 1414 1425 1426
f 1414 1426 1412
f 1412 1426 1427
f 1412 1427 1410
f 1410 1427 1428
f 1410 1428 1408
f 1408 1428 1429
f 1408 1429 1405
f 1405 1429 1430
f 1405 1430 1403
f 1403 1430 1431
f 1403 1431 1401
f 1401 1431 1432
f 1401 1432 1399
f 1399 1432 1433
f 1399 1433 1397
f 1397 1433 1434
f 1397 1434 1395
f 1395 1434 1435
f 1395 1435 1393
f 1393 1435 1436
f 1393 1436 1391
f 1391 1436 1421
f 1437 1438 1439
f 1439 1438 1440
f 1439 1440 1441
f 1442 1443 1437
f 1437 1443 1444
f 1437 1444 1445
f 1446 1447 1442
f 1442 1447 1448
f 1442 1448 1449
f 1450 1451 1446
f 1446 1451 1452
f 1446 1452 1453
f 1454 1455 1450
f 1450 1455 1456
f 1450 1456 1457
f 1457 1456 1458
f 1458 1456 1439
f 1458 1439 1441
f 1455 1454 1459
f 1459 1454 1460
f 1459 1460 545
f 545 1460 526
f 1445 1461 1437
f 1437 1461 1438
f 1457 1451 1450
f 1453 1447 1446
f 1449 1462 1442
f 1442 1462 1443
f 550 552 1463
f 1463 552 1464
f 1463 1464 1465
f 1465 1464 1466
f 1465 1466 1467
f 1467 1466 1468
f 1467 1468 1469
f 1469 1468 1470
f 1470 1468 1471
f 1470 1471 1472
f 1472 1471 1473
f 1473 1471 1474
f 1474 1471 1475
f 1474 1475 1476
f 1476 1475 1477
f 1477 1475 1478
f 1478 1475 1479
f 1479 1475 1480
f 1479 1480 1481
f 1481 1480 1482
f 1482 1480 1483
f 1483 1480 1484
f 1484 1480 1485
f 1484 1485 1486
f 1486 1485 1487
f 1487 1485 1488
f 1488 1485 1467
f 1488 1467 1469
f 556 557 1489
f 1489 557 1490
f 1489 1490 1491
f 1491 1490 1492
f 1491 1492 1493
f 1493 1492 1494
f 1493 1494 1495
f 1495 1494 1496
f 1496 1494 1497
f 1496 1497 1498
f 1498 1497 1499
f 1499 1497 1500
f 1500 1497 1501
f 1500 1501 1502
f 1502 1501 1503
f 1503 1501 1504
f 1504 1501 1505
f 1505 1501 1506
f 1505 1506 1507
f 1507 1506 1508
f 1508 1506 1509
f 1509 1506 1510
f 1510 1506 1511
f 1510 1511 1512
f 1512 1511 1513
f 1513 1511 1514
f 1514 1511 1493
f 1514 1493 1495
f 1515 1516 1517
f 1517 1516 1518
f 1518 1516 1519
f 1518 1519 961
f 960 1520 961
f 961 1520 1521
f 961 1521 1522
f 1523 1524 1522
f 1522 1524 1525
f 1522 1525 961
f 961 1525 1526
f 961 1526 1527
f 1527 1526 1528
f 1527 1528 1529
f 1530 1531 1523
f 1523 1531 1532
f 1523 1532 1533
f 1534 1535 1530
f 1530 1535 1536
f 1530 1536 1537
f 1527 1538 1534
f 1534 1538 1539
f 1534 1539 1540
f 1527 1518 961
f 1540 1541 1534
f 1534 1541 1535
f 1537 1542 1530
f 1530 1542 1531
f 1533 1524 1523
f 1529 1538 1527
f 959 962 1543
f 1543 962 1544
f 1544 962 1545
f 1545 962 1546
f 1545 1546 1547
f 1548 1549 962
f 962 1549 1550
f 962 1550 1551
f 1551 1550 1552
f 1552 1550 1553
f 1553 1550 1554
f 1554 1550 1555
f 1554 1555 1556
f 1556 1555 1557
f 1557 1555 1558
f 1558 1555 1559
f 1559 1555 1560
f 1559 1560 1561
f 1561 1560 1562
f 1562 1560 1563
f 1563 1560 1564
f 1564 1560 1565
f 1564 1565 1566
f 1566 1565 1567
f 1567 1565 1547
f 1547 1565 1545
f 1548 1568 1549
f 1549 1568 1569
f 1569 1568 1570
f 1551 1546 962
f 270 1571 272
f 272 1571 1572
f 1572 1571 1573
f 1572 1573 1574
f 1574 1573 1575
f 1574 1575 1576
f 1576 1575 1577
f 1576 1577 1578
f 1577 1575 1579
f 1579 1575 1580
f 1579 1580 1581
f 1581 1580 1582
f 1582 1580 1583
f 1583 1580 1584
f 1583 1584 1585
f 1585 1584 1586
f 1586 1584 1587
f 1587 1584 1588
f 1588 1584 1589
f 1588 1589 1590
f 1590 1589 1591
f 1591 1589 1592
f 1592 1589 1593
f 1593 1589 1594
f 1593 1594 1595
f 1595 1594 1596
f 1596 1594 1578
f 1578 1594 1576
f 284 1597 283
f 283 1597 1598
f 1598 1597 1599
f 1598 1599 1600
f 1600 1599 1601
f 1600 1601 1602
f 1602 1601 1603
f 1602 1603 1604
f 1603 1601 1605
f 1605 1601 1606
f 1605 1606 1607
f 1607 1606 1608
f 1608 1606 1609
f 1609 1606 1610
f 1609 1610 1611
f 1611 1610 1612
f 1612 1610 1613
f 1613 1610 1614
f 1614 1610 1615
f 1614 1615 1616
f 1616 1615 1617
f 1617 1615 1618
f 1618 1615 1619
f 1619 1615 1620
f 1619 1620 1621
f 1621 1620 1622
f 1622 1620 1604
f 1604 1620 1602
f 301 1623 286
f 286 1623 1624
f 1624 1623 1625
f 1624 1625 1626
f 1626 1625 1627
f 1626 1627 1628
f 1628 1627 1430
f 1628 1430 1429
f 1430 1627 1431
f 1431 1627 1629
f 1431 1629 1432
f 1432 1629 1433
f 1433 1629 1434
f 1434 1629 1630
f 1434 1630 1435
f 1435 1630 1436
f 1436 1630 1421
f 1421 1630 1422
f 1422 1630 1631
f 1422 1631 1423
f 1423 1631 1424
f 1424 1631 1425
f 1425 1631 1426
f 1426 1631 1632
f 1426 1632 1427
f 1427 1632 1428
f 1428 1632 1429
f 1429 1632 1628
f 1633 1613 1634
f 1634 1613 1614
f 1634 1614 1635
f 1635 1614 1616
f 1635 1616 1636
f 1636 1616 1617
f 1636 1617 1637
f 1637 1617 1618
f 1637 1618 1638
f 1638 1618 1619
f 1638 1619 1639
f 1639 1619 1621
f 1639 1621 1640
f 1640 1621 1622
f 1640 1622 1641
f 1641 1622 1604
f 1641 1604 1642
f 1642 1604 1603
f 1642 1603 1643
f 1643 1603 1605
f 1643 1605 1644
f 1644 1605 1607
f 1644 1607 1645
f 1645 1607 1608
f 1645 1608 1646
f 1646 1608 1609
f 1646 1609 1647
f 1647 1609 1611
f 1647 1611 1648
f 1648 1611 1612
f 1648 1612 1633
f 1633 1612 1613
f 1649 1650 1634
f 1634 1650 1651
f 1634 1651 1633
f 1633 1651 1652
f 1633 1652 1648
f 1648 1652 1653
f 1648 1653 1647
f 1647 1653 1654
f 1647 1654 1646
f 1646 1654 1655
f 1646 1655 1645
f 1645 1655 1656
f 1645 1656 1644
f 1644 1656 1657
f 1644 1657 1643
f 1643 1657 1658
f 1643 1658 1642
f 1642 1658 1659
f 1642 1659 1660
f 1642 1660 1641
f 1641 1660 1661
f 1641 1661 1640
f 1640 1661 1662
f 1640 1662 1639
f 1639 1662 1663
f 1639 1663 1638
f 1638 1663 1664
f 1638 1664 1637
f 1637 1664 1665
f 1637 1665 1636
f 1636 1665 1666
f 1636 1666 1635
f 1635 1666 1649
f 1635 1649 1634
f 1667 1587 1668
f 1668 1587 1588
f 1668 1588 1669
f 1669 1588 1590
f 1669 1590 1670
f 1670 1590 1591
f 1670 1591 1671
f 1671 1591 1592
f 1671 1592 1672
f 1672 1592 1593
f 1672 1593 1673
f 1673 1593 1595
f 1673 1595 1674
f 1674 1595 1596
f 1674 1596 1675
f 1675 1596 1578
f 1675 1578 1676
f 1676 1578 1577
f 1676 1577 1677
f 1677 1577 1579
f 1677 1579 1678
f 1678 1579 1581
f 1678 1581 1679
f 1679 1581 1582
f 1679 1582 1680
f 1680 1582 1583
f 1680 1583 1681
f 1681 1583 1585
f 1681 1585 1682
f 1682 1585 1586
f 1682 1586 1667
f 1667 1586 1587
f 1683 1684 1668
f 1668 1684 1685
f 1668 1685 1667
f 1667 1685 1686
f 1667 1686 1682
f 1682 1686 1687
f 1682 1687 1681
f 1681 1687 1688
f 1681 1688 1680
f 1680 1688 1689
f 1680 1689 1679
f 1679 1689 1690
f 1679 1690 1678
f 1678 1690 1691
f 1678 1691 1677
f 1677 1691 1692
f 1677 1692 1676
f 1676 1692 1693
f 1676 1693 1694
f 1676 1694 1675
f 1675 1694 1695
f 1675 1695 1674
f 1674 1695 1696
f 1674 1696 1673
f 1673 1696 1697
f 1673 1697 1672
f 1672 1697 1698
f 1672 1698 1671
f 1671 1698 1699
f 1671 1699 1670
f 1670 1699 1700
f 1670 1700 1669
f 1669 1700 1683
f 1669 1683 1668
f 1701 1553 1702
f 1702 1553 1554
f 1702 1554 1703
f 1703 1554 1556
f 1703 1556 1704
f 1704 1556 1557
f 1704 1557 1705
f 1705 1557 1558
f 1705 1558 1706
f 1706 1558 1559
f 1706 1559 1707
f 1707 1559 1561
f 1707 1561 1708
f 1708 1561 1562
f 1708 1562 1709
f 1709 1562 1563
f 1709 1563 1710
f 1710 1563 1564
f 1710 1564 1711
f 1711 1564 1566
f 1711 1566 1712
f 1712 1566 1567
f 1712 1567 1713
f 1713 1567 1547
f 1713 1547 1714
f 1714 1547 1546
f 1714 1546 1715
f 1715 1546 1551
f 1715 1551 1716
f 1716 1551 1552
f 1716 1552 1701
f 1701 1552 1553
f 1717 1718 1702
f 1702 1718 1719
f 1702 1719 1701
f 1701 1719 1720
f 1701 1720 1716
f 1716 1720 1721
f 1716 1721 1715
f 1715 1721 1722
f 1715 1722 1714
f 1714 1722 1723
f 1714 1723 1713
f 1713 1723 1724
f 1713 1724 1712
f 1712 1724 1725
f 1712 1725 1711
f 1711 1725 1726
f 1711 1726 1710
f 1710 1726 1727
f 1710 1727 1728
f 1710 1728 1709
f 1709 1728 1729
f 1709 1729 1708
f 1708 1729 1730
f 1708 1730 1707
f 1707 1730 1731
f 1707 1731 1706
f 1706 1731 1732
f 1706 1732 1705
f 1705 1732 1733
f 1705 1733 1704
f 1704 1733 1734
f 1704 1734 1703
f 1703 1734 1717
f 1703 1717 1702
f 1462 1735 1443
f 1443 1735 1736
f 1443 1736 1444
f 1444 1736 1737
f 1444 1737 1445
f 1445 1737 1738
f 1445 1738 1461
f 1461 1738 1739
f 1461 1739 1438
f 1438 1739 1740
f 1438 1740 1440
f 1440 1740 1741
f 1440 1741 1441
f 1441 1741 1742
f 1441 1742 1458
f 1458 1742 1743
f 1458 1743 1457
f 1457 1743 1744
f 1457 1744 1451
f 1451 1744 1745
f 1451 1745 1452
f 1452 1745 1746
f 1452 1746 1453
f 1453 1746 1747
f 1453 1747 1447
f 1447 1747 1748
f 1447 1748 1448
f 1448 1748 1749
f 1448 1749 1449
f 1449 1749 1750
f 1449 1750 1462
f 1462 1750 1735
f 1751 1740 160
f 160 1740 1739
f 160 1739 159
f 159 1739 1738
f 159 1738 157
f 157 1738 1737
f 157 1737 154
f 154 1737 1736
f 154 1736 150
f 150 1736 147
f 147 1736 1735
f 147 1735 145
f 145 1735 1750
f 145 1750 144
f 144 1750 1749
f 144 1749 142
f 142 1749 1748
f 142 1748 1752
f 1752 1748 1747
f 1752 1747 1753
f 1753 1747 1754
f 1754 1747 1746
f 1754 1746 1755
f 1755 1746 1745
f 1755 1745 1756
f 1756 1745 1744
f 1756 1744 1757
f 1757 1744 1743
f 1757 1743 1758
f 1758 1743 1742
f 1758 1742 1759
f 1759 1742 1741
f 1759 1741 1760
f 1760 1741 1751
f 1751 1741 1740
f 1481 1761 1479
f 1479 1761 1762
f 1479 1762 1478
f 1478 1762 1763
f 1478 1763 1477
f 1477 1763 1764
f 1477 1764 1476
f 1476 1764 1765
f 1476 1765 1474
f 1474 1765 1766
f 1474 1766 1473
f 1473 1766 1767
f 1473 1767 1472
f 1472 1767 1768
f 1472 1768 1470
f 1470 1768 1769
f 1470 1769 1469
f 1469 1769 1770
f 1469 1770 1488
f 1488 1770 1771
f 1488 1771 1487
f 1487 1771 1772
f 1487 1772 1486
f 1486 1772 1773
f 1486 1773 1484
f 1484 1773 1774
f 1484 1774 1483
f 1483 1774 1775
f 1483 1775 1482
f 1482 1775 1776
f 1482 1776 1481
f 1481 1776 1761
f 1777 1778 1770
f 1770 1778 1779
f 1770 1779 1771
f 1771 1779 1780
f 1771 1780 1772
f 1772 1780 1781
f 1772 1781 1773
f 1773 1781 1782
f 1773 1782 1774
f 1774 1782 1783
f 1774 1783 1775
f 1775 1783 1784
f 1775 1784 1776
f 1776 1784 1785
f 1776 1785 1761
f 1761 1785 1786
f 1761 1786 1762
f 1762 1786 1787
f 1762 1787 1788
f 1762 1788 1763
f 1763 1788 1789
f 1763 1789 1764
f 1764 1789 1790
f 1764 1790 1765
f 1765 1790 1791
f 1765 1791 1766
f 1766 1791 1792
f 1766 1792 1767
f 1767 1792 1793
f 1767 1793 1768
f 1768 1793 1794
f 1768 1794 1769
f 1769 1794 1777
f 1769 1777 1770
f 1507 1795 1505
f 1505 1795 1796
f 1505 1796 1504
f 1504 1796 1797
f 1504 1797 1503
f 1503 1797 1798
f 1503 1798 1502
f 1502 1798 1799
f 1502 1799 1500
f 1500 1799 1800
f 1500 1800 1499
f 1499 1800 1801
f 1499 1801 1498
f 1498 1801 1802
f 1498 1802 1496
f 1496 1802 1803
f 1496 1803 1495
f 1495 1803 1804
f 1495 1804 1514
f 1514 1804 1805
f 1514 1805 1513
f 1513 1805 1806
f 1513 1806 1512
f 1512 1806 1807
f 1512 1807 1510
f 1510 1807 1808
f 1510 1808 1509
f 1509 1808 1809
f 1509 1809 1508
f 1508 1809 1810
f 1508 1810 1507
f 1507 1810 1795
f 1811 1812 1804
f 1804 1812 1813
f 1804 1813 1805
f 1805 1813 1814
f 1805 1814 1806
f 1806 1814 1815
f 1806 1815 1807
f 1807 1815 1816
f 1807 1816 1808
f 1808 1816 1817
f 1808 1817 1809
f 1809 1817 1818
f 1809 1818 1810
f 1810 1818 1819
f 1810 1819 1795
f 1795 1819 1820
f 1795 1820 1796
f 1796 1820 1821
f 1796 1821 1822
f 1796 1822 1797
f 1797 1822 1823
f 1797 1823 1798
f 1798 1823 1824
f 1798 1824 1799
f 1799 1824 1825
f 1799 1825 1800
f 1800 1825 1826
f 1800 1826 1801
f 1801 1826 1827
f 1801 1827 1802
f 1802 1827 1828
f 1802 1828 1803
f 1803 1828 1811
f 1803 1811 1804
f 1529 1829 1538
f 1538 1829 1830
f 1538 1830 1539
f 1539 1830 1831
f 1539 1831 1540
f 1540 1831 1832
f 1540 1832 1541
f 1541 1832 1833
f 1541 1833 1535
f 1535 1833 1834
f 1535 1834 1536
f 1536 1834 1835
f 1536 1835 1537
f 1537 1835 1836
f 1537 1836 1542
f 1542 1836 1837
f 1542 1837 1531
f 1531 1837 1838
f 1531 1838 1532
f 1532 1838 1839
f 1532 1839 1533
f 1533 1839 1840
f 1533 1840 1524
f 1524 1840 1841
f 1524 1841 1525
f 1525 1841 1842
f 1525 1842 1526
f 1526 1842 1843
f 1526 1843 1528
f 1528 1843 1844
f 1528 1844 1529
f 1529 1844 1829
f 1845 1846 1838
f 1838 1846 1847
f 1838 1847 1839
f 1839 1847 1848
f 1839 1848 1840
f 1840 1848 1849
f 1840 1849 1841
f 1841 1849 1850
f 1841 1850 1842
f 1842 1850 1851
f 1842 1851 1843
f 1843 1851 1852
f 1843 1852 1844
f 1844 1852 1853
f 1844 1853 1829
f 1829 1853 1854
f 1829 1854 1830
f 1830 1854 1855
f 1830 1855 1856
f 1830 1856 1831
f 1831 1856 1857
f 1831 1857 1832
f 1832 1857 1858
f 1832 1858 1833
f 1833 1858 1859
f 1833 1859 1834
f 1834 1859 1860
f 1834 1860 1835
f 1835 1860 1861
f 1835 1861 1836
f 1836 1861 1862
f 1836 1862 1837
f 1837 1862 1845
f 1837 1845 1838
f 1863 1864 1439
f 1439 1864 1437
f 545 567 1459
f 1459 567 1865
f 1459 1865 1455
f 1455 1865 1866
f 1455 1866 1456
f 1456 1866 1867
f 1456 1867 1439
f 1439 1867 1863
f 1868 1869 524
f 524 1869 1870
f 524 1870 1871
f 1872 1873 1871
f 1871 1873 524
f 524 1873 525
f 525 1873 521
f 525 521 1874
f 1874 521 1875
f 1875 521 1876
f 1876 521 1877
f 1877 521 1878
f 1878 521 507
f 1867 567 1863
f 1863 567 566
f 1863 566 1879
f 1879 566 1880
f 1880 566 1881
f 1881 566 1882
f 1867 1866 567
f 567 1866 1865
f 1879 1883 1863
f 1863 1883 1864
f 1884 553 1885
f 1885 553 555
f 1885 555 1886
f 1886 555 1887
f 1887 555 1888
f 1888 555 1889
f 1884 1890 553
f 553 1890 1891
f 1886 1892 1885
f 1885 1892 1893
f 1894 1895 1896
f 1896 1895 1897
f 1896 1897 1898
f 1898 1897 1899
f 1898 1899 1900
f 1900 1899 1901
f 1900 1901 1902
f 1902 1901 1903
f 1902 1903 1904
f 1894 1905 1895
f 1895 1905 1906
f 1904 1907 1902
f 1902 1908 1900
f 1898 1909 1896
f 1910 958 1911
f 1911 958 957
f 1911 957 1912
f 1912 957 1913
f 1913 957 1914
f 1914 957 1915
f 1910 1916 958
f 958 1916 1917
f 1918 1919 1912
f 1912 1919 1911
f 1920 1921 1922
f 1922 1921 1923
f 1922 1923 1924
f 1922 1924 1925
f 1925 1924 1926
f 1925 1926 1927
f 1927 1926 1928
f 1927 1928 1929
f 1929 1928 1930
f 1929 1930 1931
f 1931 1930 1932
f 1932 1930 1933
f 1929 1934 1927
f 1925 1935 1922
f 1936 269 1937
f 1937 269 1938
f 1937 1938 1939
f 1939 1938 1940
f 1936 1941 269
f 269 1941 1942
f 269 282 1938
f 1938 282 1943
f 1943 282 1944
f 1944 282 1945
f 1946 308 1947
f 1947 308 1948
f 1947 1948 1949
f 1949 1948 1950
f 1946 1951 308
f 308 1951 1952
f 308 307 1948
f 1948 307 1953
f 1953 307 1954
f 1954 307 1955
f 1956 306 1957
f 1957 306 1958
f 1957 1958 1959
f 1956 1960 306
f 306 1960 1961
f 306 303 1958
f 1958 303 510
f 510 303 1962
f 510 1962 1963
f 1963 1964 510
f 510 1964 1965
f 510 1965 1966
f 1966 508 510
f 524 526 1868
f 1868 526 1460
f 1868 1460 1869
f 1869 1460 1454
f 1869 1454 1870
f 1870 1454 1450
f 1870 1450 1871
f 1871 1450 1446
f 1446 1442 1871
f 1871 1442 1872
f 1892 1967 1893
f 1893 1967 95
f 1893 95 1883
f 1883 95 1864
f 1864 95 1872
f 1864 1872 1437
f 1437 1872 1442
f 1506 1501 1892
f 1892 1501 1909
f 1892 1909 1967
f 1967 1909 1898
f 97 1873 95
f 95 1873 1872
f 1480 1475 1883
f 1883 1475 1893
f 1885 1893 1471
f 1471 1893 1475
f 552 553 1464
f 1464 553 1891
f 1464 1891 1466
f 1466 1891 1890
f 1466 1890 1468
f 1468 1890 1884
f 1468 1884 1471
f 1471 1884 1885
f 1485 1480 1879
f 1879 1480 1883
f 566 550 1882
f 1882 550 1463
f 1882 1463 1881
f 1881 1463 1465
f 1881 1465 1880
f 1880 1465 1467
f 1880 1467 1879
f 1879 1467 1485
f 521 1873 99
f 99 1873 97
f 1898 1900 1967
f 1967 1900 1968
f 1922 1935 1550
f 1550 1935 1555
f 1570 1923 1569
f 1569 1923 1921
f 1569 1921 1549
f 1549 1921 1920
f 1549 1920 1550
f 1550 1920 1922
f 1923 1570 1924
f 1924 1570 1969
f 1924 1969 1926
f 1926 1969 1970
f 1926 1970 1928
f 1928 1970 1971
f 1928 1971 272
f 272 1971 1972
f 272 1972 276
f 276 1972 897
f 897 1972 896
f 896 1972 1973
f 896 1973 894
f 894 1973 1974
f 894 1974 893
f 893 1974 1975
f 893 1975 892
f 892 1975 1976
f 892 1976 891
f 891 1976 1977
f 891 1977 1548
f 1548 1977 1568
f 1568 1977 1978
f 1568 1978 1570
f 1570 1978 1969
f 1548 962 891
f 272 1930 1928
f 1974 1969 1975
f 1975 1969 1978
f 1975 1978 1976
f 1976 1978 1977
f 1969 1974 1970
f 1970 1974 1973
f 1970 1973 1971
f 1971 1973 1972
f 1930 272 1933
f 1933 272 1572
f 1933 1572 1932
f 1932 1572 1574
f 1932 1574 1931
f 1931 1574 1576
f 1931 1576 1929
f 1929 1576 1594
f 1594 1589 1929
f 1929 1589 1934
f 1950 129 1949
f 1949 129 1940
f 1949 1940 1610
f 1610 1940 1615
f 1631 1630 1950
f 1950 1630 1959
f 1950 1959 129
f 129 1959 1958
f 129 1958 124
f 129 1979 1940
f 1940 1979 1939
f 1939 1979 1934
f 1939 1934 1584
f 1584 1934 1589
f 1979 1927 1934
f 1947 1949 1606
f 1606 1949 1610
f 284 308 1597
f 1597 308 1952
f 1597 1952 1599
f 1599 1952 1951
f 1599 1951 1601
f 1601 1951 1946
f 1601 1946 1606
f 1606 1946 1947
f 1620 1615 1938
f 1938 1615 1940
f 282 283 1945
f 1945 283 1598
f 1945 1598 1944
f 1944 1598 1600
f 1944 1600 1943
f 1943 1600 1602
f 1943 1602 1938
f 1938 1602 1620
f 1937 1939 1580
f 1580 1939 1584
f 270 269 1571
f 1571 269 1942
f 1571 1942 1573
f 1573 1942 1941
f 1573 1941 1575
f 1575 1941 1936
f 1575 1936 1580
f 1580 1936 1937
f 1925 1927 1980
f 1980 1927 1979
f 1958 510 124
f 124 510 125
f 1957 1959 1629
f 1629 1959 1630
f 301 306 1623
f 1623 306 1961
f 1623 1961 1625
f 1625 1961 1960
f 1625 1960 1627
f 1627 1960 1956
f 1627 1956 1629
f 1629 1956 1957
f 1632 1631 1948
f 1948 1631 1950
f 307 286 1955
f 1955 286 1624
f 1955 1624 1954
f 1954 1624 1626
f 1954 1626 1953
f 1953 1626 1628
f 1953 1628 1948
f 1948 1628 1632
f 1565 1560 1912
f 1912 1560 1918
f 957 959 1915
f 1915 959 1543
f 1915 1543 1914
f 1914 1543 1544
f 1914 1544 1913
f 1913 1544 1545
f 1913 1545 1912
f 1912 1545 1565
f 1911 1919 1523
f 1523 1919 1530
f 960 958 1520
f 1520 958 1917
f 1520 1917 1521
f 1521 1917 1916
f 1521 1916 1522
f 1522 1916 1910
f 1522 1910 1523
f 1523 1910 1911
f 1527 1534 1902
f 1902 1534 1908
f 1903 1515 1904
f 1904 1515 1517
f 1904 1517 1907
f 1907 1517 1518
f 1907 1518 1902
f 1902 1518 1527
f 1895 557 1897
f 1897 557 1981
f 1897 1981 1899
f 1899 1981 1982
f 1899 1982 1901
f 1901 1982 1983
f 1901 1983 1515
f 1515 1983 1984
f 1515 1984 1516
f 1516 1984 1985
f 1516 1985 1519
f 1519 1985 961
f 961 1985 1986
f 961 1986 883
f 883 1986 882
f 882 1986 881
f 881 1986 1987
f 881 1987 879
f 879 1987 1988
f 879 1988 878
f 878 1988 1989
f 878 1989 877
f 877 1989 1990
f 877 1990 565
f 565 1990 557
f 557 1990 1981
f 1515 1903 1901
f 1982 1981 1990
f 1982 1990 1989
f 1983 1982 1989
f 1983 1989 1988
f 1984 1983 1988
f 1984 1988 1987
f 1985 1984 1987
f 1985 1987 1986
f 557 1895 1490
f 1490 1895 1906
f 1490 1906 1492
f 1492 1906 1905
f 1492 1905 1494
f 1494 1905 1894
f 1494 1894 1497
f 1497 1894 1896
f 1896 1909 1497
f 1497 1909 1501
f 1511 1506 1886
f 1886 1506 1892
f 555 556 1889
f 1889 556 1489
f 1889 1489 1888
f 1888 1489 1491
f 1888 1491 1887
f 1887 1491 1493
f 1887 1493 1886
f 1886 1493 1511
f 1878 507 1991
f 1991 507 519
f 1991 519 1992
f 1992 519 947
f 1992 947 1993
f 1993 947 948
f 1993 948 1994
f 1994 948 949
f 1994 949 1995
f 1995 949 950
f 1995 950 1996
f 1996 950 951
f 1996 951 531
f 531 525 1996
f 1996 525 1997
f 1996 1997 1995
f 1995 1997 1998
f 1995 1998 1994
f 1994 1998 1999
f 1994 1999 1993
f 1993 1999 2000
f 1993 2000 1992
f 1992 2000 1991
f 525 1874 1997
f 1997 1874 1998
f 1874 1875 1998
f 1998 1875 1999
f 1875 1876 1999
f 1999 1876 2000
f 1876 1877 2000
f 2000 1877 1991
f 1877 1878 1991
f 1962 303 2001
f 2001 303 304
f 2001 304 2002
f 2002 304 941
f 2002 941 2003
f 2003 941 942
f 2003 942 2004
f 2004 942 943
f 2004 943 2005
f 2005 943 944
f 2005 944 2006
f 2006 944 945
f 2006 945 511
f 511 508 2006
f 2006 508 2007
f 2006 2007 2005
f 2005 2007 2008
f 2005 2008 2004
f 2004 2008 2009
f 2004 2009 2003
f 2003 2009 2010
f 2003 2010 2002
f 2002 2010 2001
f 508 1966 2007
f 2007 1966 2008
f 1966 1965 2008
f 2008 1965 2009
f 1965 1964 2009
f 2009 1964 2010
f 1964 1963 2010
f 2010 1963 2001
f 1963 1962 2001
f 252 253 112
f 112 253 111
f 111 253 254
f 111 254 110
f 110 254 255
f 110 255 109
f 109 255 256
f 109 256 108
f 108 256 257
f 108 257 107
f 107 257 106
f 106 257 258
f 106 258 104
f 104 258 251
f 235 236 130
f 130 236 131
f 131 236 237
f 131 237 132
f 132 237 238
f 132 238 133
f 133 238 239
f 133 239 134
f 134 239 240
f 134 240 135
f 135 240 136
f 136 240 241
f 136 241 123
f 123 241 242
f 922 924 849
f 849 924 851
f 850 852 765
f 765 852 769
f 850 765 848
f 848 765 761
f 848 761 907
f 890 889 756
f 756 889 761
f 761 889 907
f 899 890 758
f 758 890 756
f 898 902 811
f 811 902 815
f 898 811 277
f 277 811 807
f 277 807 908
f 857 278 802
f 802 278 807
f 807 278 908
f 856 857 804
f 804 857 802
f 853 855 934
f 934 855 935
f 865 2011 866
f 866 2011 2012
f 866 2012 853
f 853 2012 854
f 934 936 853
f 853 936 866
f 289 287 2013
f 2013 287 2011
f 2013 2011 865
f 865 864 2013
f 546 542 2014
f 288 289 2013
f 546 2014 544
f 544 2014 2015
f 2015 2014 869
f 869 2014 870
f 275 274 2016
f 2016 274 2012
f 2016 2012 2017
f 2017 2012 2011
f 2017 2011 287
f 287 291 2017
f 548 544 2018
f 2018 544 2015
f 2018 2015 2019
f 2018 2019 2020
f 2020 2019 559
f 2020 559 560
f 275 2016 280
f 280 2016 2021
f 558 2022 561
f 561 2022 549
f 561 549 2023
f 2022 2024 549
f 549 2024 547
f 2023 2025 561
f 285 2026 290
f 290 2026 2027
f 290 2027 280
f 280 2027 273
f 280 2021 290
f 290 2021 2028
f 2020 560 2025
f 2025 560 561
f 2018 2020 2023
f 2023 2020 2025
f 548 2018 549
f 549 2018 2023
f 547 2024 551
f 551 2024 2029
f 551 2029 554
f 554 2029 2030
f 271 2031 281
f 281 2031 2032
f 554 2030 558
f 558 2030 2022
f 2030 2029 2022
f 2022 2029 2024
f 281 2032 285
f 285 2032 2026
f 2032 2031 2026
f 2026 2031 2027
f 273 2027 271
f 271 2027 2031
f 2017 291 2028
f 2028 291 290
f 2016 2017 2021
f 2021 2017 2028
f 279 854 274
f 274 854 2012
f 559 2019 562
f 562 2019 859
f 859 2019 862
f 862 2019 2015
f 862 2015 874
f 874 2015 869
f 938 939 874
f 874 939 862
f 939 919 862
f 862 919 861
f 874 873 938
f 938 873 915
f 541 870 542
f 542 870 2014
f 288 2013 292
f 292 2013 864
f 936 937 866
f 866 937 867
f 863 868 742
f 742 868 746
f 863 742 293
f 293 742 738
f 293 738 909
f 847 294 733
f 733 294 738
f 738 294 909
f 845 847 735
f 735 847 733
f 295 846 296
f 296 846 921
f 842 844 719
f 719 844 723
f 842 719 299
f 299 719 715
f 299 715 910
f 841 300 710
f 710 300 715
f 715 300 910
f 839 841 712
f 712 841 710
f 540 916 535
f 535 916 832
f 532 912 527
f 527 912 829
f 913 520 33
f 33 520 25
f 831 833 673
f 673 833 677
f 831 673 537
f 537 673 669
f 537 669 905
f 871 538 664
f 664 538 669
f 669 538 905
f 872 871 666
f 666 871 664
f 858 860 788
f 788 860 792
f 858 788 563
f 563 788 784
f 563 784 904
f 828 830 662
f 662 830 663
f 438 494 70
f 70 494 496
f 70 496 498
f 500 71 498
f 498 71 70
f 534 536 2033
f 2033 536 2034
f 528 534 2035
f 2035 534 2033
f 543 528 2036
f 2036 528 2035
f 536 543 2034
f 2034 543 2036
f 2034 2036 2033
f 2033 2036 2035
f 192 2037 191
f 191 2037 2038
f 191 2038 190
f 190 2038 2039
f 190 2039 2040
f 192 194 2037
f 2037 194 2041
f 2041 194 195
f 2041 195 2042
f 2042 195 196
f 2042 196 2043
f 2043 196 197
f 2043 197 2044
f 2044 197 198
f 2044 198 2045
f 2045 198 199
f 2045 199 2046
f 2046 199 201
f 2046 201 2047
f 2047 201 202
f 2047 202 2048
f 2048 202 203
f 2048 203 2049
f 2049 203 204
f 2049 204 2050
f 2050 204 206
f 2050 206 2051
f 2051 206 207
f 2051 207 2052
f 2052 207 208
f 2052 208 2053
f 2053 208 209
f 2053 209 2054
f 2054 209 210
f 2054 210 2055
f 2055 210 212
f 2055 212 2056
f 2056 212 213
f 2056 213 2057
f 2057 213 214
f 2057 214 2058
f 2058 214 215
f 2058 215 2059
f 2059 215 216
f 2059 216 2060
f 2060 216 217
f 2060 217 2061
f 2061 217 218
f 2061 218 2062
f 2062 218 219
f 2062 219 2063
f 2063 219 168
f 2063 168 2064
f 2064 168 169
f 2064 169 2065
f 2065 169 170
f 2065 170 2066
f 2066 170 171
f 2066 171 2067
f 2067 171 172
f 2067 172 2068
f 2068 172 173
f 2068 173 2069
f 2069 173 174
f 2069 174 2070
f 2070 174 175
f 2070 175 2071
f 2071 175 176
f 2071 176 2072
f 2072 176 177
f 2072 177 2073
f 2073 177 179
f 2073 179 2074
f 2074 179 180
f 2074 180 2075
f 2075 180 181
f 2075 181 2076
f 2076 181 182
f 2076 182 2077
f 2077 182 183
f 2077 183 2078
f 2078 183 184
f 2078 184 2079
f 2079 184 185
f 2079 185 2080
f 2080 185 186
f 2080 186 2081
f 2081 186 187
f 2081 187 2082
f 2082 187 188
f 2082 188 2040
f 2040 188 190
f 2083 2073 2084
f 2084 2073 2074
f 2084 2074 2085
f 2085 2074 2075
f 2085 2075 2086
f 2086 2075 2076
f 2086 2076 2087
f 2087 2076 2088
f 2088 2076 2077
f 2088 2077 2089
f 2089 2077 2078
f 2089 2078 2090
f 2090 2078 2079
f 2090 2079 2091
f 2091 2079 2080
f 2091 2080 2092
f 2092 2080 2093
f 2093 2080 2081
f 2093 2081 2094
f 2094 2081 2082
f 2094 2082 2095
f 2095 2082 2040
f 2095 2040 2096
f 2096 2040 2039
f 2096 2039 2097
f 2097 2039 2098
f 2098 2039 2038
f 2098 2038 2099
f 2099 2038 2037
f 2099 2037 2100
f 2100 2037 2041
f 2100 2041 2101
f 2101 2041 2042
f 2101 2042 2102
f 2102 2042 2103
f 2103 2042 2043
f 2103 2043 2104
f 2104 2043 2044
f 2104 2044 2105
f 2105 2044 2045
f 2105 2045 2106
f 2106 2045 2046
f 2106 2046 2107
f 2107 2046 2108
f 2108 2046 2047
f 2108 2047 2109
f 2109 2047 2048
f 2109 2048 2110
f 2110 2048 2049
f 2110 2049 2111
f 2111 2049 2050
f 2111 2050 2112
f 2112 2050 2113
f 2113 2050 2051
f 2113 2051 2114
f 2114 2051 2052
f 2114 2052 2115
f 2115 2052 2053
f 2115 2053 2116
f 2116 2053 2054
f 2116 2054 2117
f 2117 2054 2055
f 2117 2055 2118
f 2118 2055 2119
f 2119 2055 2056
f 2119 2056 2120
f 2120 2056 2057
f 2120 2057 2121
f 2121 2057 2058
f 2121 2058 2122
f 2122 2058 2059
f 2122 2059 2123
f 2123 2059 2124
f 2124 2059 2060
f 2124 2060 2125
f 2125 2060 2061
f 2125 2061 2126
f 2126 2061 2062
f 2126 2062 2127
f 2127 2062 2063
f 2127 2063 2128
f 2128 2063 2129
f 2129 2063 2064
f 2129 2064 2130
f 2130 2064 2065
f 2130 2065 2131
f 2131 2065 2066
f 2131 2066 2132
f 2132 2066 2067
f 2132 2067 2133
f 2133 2067 2134
f 2134 2067 2068
f 2134 2068 2135
f 2135 2068 2069
f 2135 2069 2136
f 2136 2069 2070
f 2136 2070 2137
f 2137 2070 2071
f 2137 2071 2138
f 2138 2071 2139
f 2139 2071 2072
f 2139 2072 2083
f 2083 2072 2073
f 2140 2083 2141
f 2141 2083 2084
f 2141 2084 2142
f 2142 2084 2085
f 2142 2085 2143
f 2143 2085 2086
f 2143 2086 2144
f 2144 2086 2087
f 2144 2087 2145
f 2145 2087 2088
f 2145 2088 2146
f 2146 2088 2089
f 2146 2089 2147
f 2147 2089 2090
f 2147 2090 2148
f 2148 2090 2091
f 2148 2091 2149
f 2149 2091 2092
f 2149 2092 2150
f 2150 2092 2093
f 2150 2093 2151
f 2151 2093 2094
f 2151 2094 2152
f 2152 2094 2095
f 2152 2095 2153
f 2153 2095 2096
f 2153 2096 2154
f 2154 2096 2097
f 2154 2097 2155
f 2155 2097 2098
f 2155 2098 2156
f 2156 2098 2099
f 2156 2099 2157
f 2157 2099 2100
f 2157 2100 2158
f 2158 2100 2101
f 2158 2101 2159
f 2159 2101 2102
f 2159 2102 2160
f 2160 2102 2103
f 2160 2103 2161
f 2161 2103 2104
f 2161 2104 2162
f 2162 2104 2105
f 2162 2105 2163
f 2163 2105 2106
f 2163 2106 2164
f 2164 2106 2107
f 2164 2107 2165
f 2165 2107 2108
f 2165 2108 2166
f 2166 2108 2109
f 2166 2109 2167
f 2167 2109 2110
f 2167 2110 2168
f 2168 2110 2111
f 2168 2111 2169
f 2169 2111 2112
f 2169 2112 2170
f 2170 2112 2113
f 2170 2113 2171
f 2171 2113 2114
f 2171 2114 2172
f 2172 2114 2115
f 2172 2115 2173
f 2173 2115 2116
f 2173 2116 2174
f 2174 2116 2117
f 2174 2117 2175
f 2175 2117 2118
f 2175 2118 2176
f 2176 2118 2119
f 2176 2119 2177
f 2177 2119 2120
f 2177 2120 2178
f 2178 2120 2121
f 2178 2121 2179
f 2179 2121 2122
f 2179 2122 2180
f 2180 2122 2123
f 2180 2123 2181
f 2181 2123 2124
f 2181 2124 2182
f 2182 2124 2125
f 2182 2125 2183
f 2183 2125 2126
f 2183 2126 2184
f 2184 2126 2127
f 2184 2127 2185
f 2185 2127 2128
f 2185 2128 2186
f 2186 2128 2129
f 2186 2129 2187
f 2187 2129 2130
f 2187 2130 2188
f 2188 2130 2131
f 2188 2131 2189
f 2189 2131 2132
f 2189 2132 2190
f 2190 2132 2133
f 2190 2133 2191
f 2191 2133 2134
f 2191 2134 2192
f 2192 2134 2135
f 2192 2135 2193
f 2193 2135 2136
f 2193 2136 2194
f 2194 2136 2137
f 2194 2137 2195
f 2195 2137 2138
f 2195 2138 2196
f 2196 2138 2139
f 2196 2139 2140
f 2140 2139 2083
f 2140 2141 2197
f 2197 2141 2142
f 2197 2142 2198
f 2198 2142 2143
f 2198 2143 2144
f 2198 2144 2199
f 2199 2144 2145
f 2199 2145 2200
f 2200 2145 2146
f 2200 2146 2147
f 2200 2147 2201
f 2201 2147 2148
f 2201 2148 2149
f 2201 2149 2202
f 2202 2149 2150
f 2202 2150 2203
f 2203 2150 2151
f 2203 2151 2152
f 2203 2152 2204
f 2204 2152 2153
f 2204 2153 2154
f 2204 2154 2205
f 2205 2154 2155
f 2205 2155 2206
f 2206 2155 2156
f 2206 2156 2157
f 2206 2157 2207
f 2207 2157 2158
f 2207 2158 2159
f 2207 2159 2208
f 2208 2159 2160
f 2208 2160 2209
f 2209 2160 2161
f 2209 2161 2162
f 2209 2162 2210
f 2210 2162 2163
f 2210 2163 2164
f 2210 2164 2211
f 2211 2164 2165
f 2211 2165 2212
f 2212 2165 2166
f 2212 2166 2167
f 2212 2167 2213
f 2213 2167 2168
f 2213 2168 2169
f 2213 2169 2214
f 2214 2169 2170
f 2214 2170 2215
f 2215 2170 2171
f 2215 2171 2172
f 2215 2172 2216
f 2216 2172 2173
f 2216 2173 2174
f 2216 2174 2217
f 2217 2174 2175
f 2217 2175 2218
f 2218 2175 2219
f 2219 2175 2220
f 2220 2175 2176
f 2220 2176 2177
f 2177 2178 2220
f 2220 2178 2179
f 2220 2179 2180
f 2220 2180 2221
f 2221 2180 2181
f 2221 2181 2182
f 2221 2182 2222
f 2222 2182 2183
f 2222 2183 2184
f 2222 2184 2223
f 2223 2184 2185
f 2223 2185 2224
f 2224 2185 2186
f 2224 2186 2187
f 2224 2187 2225
f 2225 2187 2188
f 2225 2188 2189
f 2225 2189 2226
f 2226 2189 2190
f 2226 2190 2227
f 2227 2190 2191
f 2227 2191 2192
f 2227 2192 2228
f 2228 2192 2193
f 2228 2193 2194
f 2228 2194 2229
f 2229 2194 2195
f 2229 2195 2230
f 2230 2195 2196
f 2230 2196 2140
f 2230 2140 2197
f 2231 2230 2232
f 2232 2230 2197
f 2232 2197 2233
f 2233 2197 2198
f 2233 2198 2234
f 2234 2198 2199
f 2234 2199 2235
f 2235 2199 2200
f 2235 2200 2236
f 2236 2200 2201
f 2236 2201 2237
f 2237 2201 2202
f 2237 2202 2238
f 2238 2202 2203
f 2238 2203 2239
f 2239 2203 2204
f 2239 2204 2240
f 2240 2204 2205
f 2240 2205 2241
f 2241 2205 2206
f 2241 2206 2242
f 2242 2206 2207
f 2242 2207 2243
f 2243 2207 2208
f 2243 2208 2244
f 2244 2208 2209
f 2244 2209 2245
f 2245 2209 2210
f 2245 2210 2246
f 2246 2210 2211
f 2246 2211 2247
f 2247 2211 2212
f 2247 2212 2248
f 2248 2212 2213
f 2248 2213 2249
f 2249 2213 2214
f 2249 2214 2250
f 2250 2214 2215
f 2250 2215 2251
f 2251 2215 2216
f 2251 2216 2252
f 2252 2216 2217
f 2252 2217 2253
f 2253 2217 2218
f 2253 2218 2254
f 2254 2218 2219
f 2254 2219 2255
f 2255 2219 2220
f 2255 2220 2256
f 2256 2220 2221
f 2256 2221 2257
f 2257 2221 2222
f 2257 2222 2258
f 2258 2222 2223
f 2258 2223 2259
f 2259 2223 2224
f 2259 2224 2260
f 2260 2224 2225
f 2260 2225 2261
f 2261 2225 2226
f 2261 2226 2262
f 2262 2226 2227
f 2262 2227 2263
f 2263 2227 2228
f 2263 2228 2264
f 2264 2228 2229
f 2264 2229 2231
f 2231 2229 2230
f 2231 2232 2265
f 2265 2232 2233
f 2265 2233 2266
f 2266 2233 2234
f 2266 2234 2267
f 2267 2234 2235
f 2267 2235 2268
f 2268 2235 2236
f 2268 2236 2237
f 2268 2237 2269
f 2269 2237 2238
f 2269 2238 2270
f 2270 2238 2239
f 2270 2239 2271
f 2271 2239 2240
f 2271 2240 2241
f 2271 2241 2272
f 2272 2241 2242
f 2272 2242 2273
f 2273 2242 2243
f 2273 2243 2244
f 2273 2244 2274
f 2274 2244 2245
f 2274 2245 2275
f 2275 2245 2246
f 2275 2246 2276
f 2276 2246 2247
f 2276 2247 2248
f 2276 2248 2277
f 2277 2248 2249
f 2277 2249 2278
f 2278 2249 2250
f 2278 2250 2279
f 2279 2250 2251
f 2279 2251 2252
f 2279 2252 2280
f 2280 2252 2253
f 2280 2253 2281
f 2281 2253 2254
f 2281 2254 2282
f 2282 2254 2255
f 2282 2255 2256
f 2282 2256 2283
f 2283 2256 2257
f 2283 2257 2284
f 2284 2257 2258
f 2284 2258 2259
f 2284 2259 2285
f 2285 2259 2260
f 2285 2260 2286
f 2286 2260 2261
f 2286 2261 2287
f 2287 2261 2262
f 2287 2262 2263
f 2287 2263 2288
f 2288 2263 2264
f 2288 2264 2289
f 2289 2264 2231
f 2289 2231 2265
f 2290 2289 2291
f 2291 2289 2265
f 2291 2265 2292
f 2292 2265 2266
f 2292 2266 2293
f 2293 2266 2267
f 2293 2267 2294
f 2294 2267 2268
f 2294 2268 2295
f 2295 2268 2269
f 2295 2269 2296
f 2296 2269 2270
f 2296 2270 2297
f 2297 2270 2271
f 2297 2271 2298
f 2298 2271 2272
f 2298 2272 2299
f 2299 2272 2273
f 2299 2273 2300
f 2300 2273 2274
f 2300 2274 2301
f 2301 2274 2275
f 2301 2275 2302
f 2302 2275 2276
f 2302 2276 2303
f 2303 2276 2277
f 2303 2277 2304
f 2304 2277 2278
f 2304 2278 2305
f 2305 2278 2279
f 2305 2279 2306
f 2306 2279 2280
f 2306 2280 2307
f 2307 2280 2281
f 2307 2281 2308
f 2308 2281 2282
f 2308 2282 2309
f 2309 2282 2283
f 2309 2283 2310
f 2310 2283 2284
f 2310 2284 2311
f 2311 2284 2285
f 2311 2285 2312
f 2312 2285 2286
f 2312 2286 2313
f 2313 2286 2287
f 2313 2287 2314
f 2314 2287 2288
f 2314 2288 2290
f 2290 2288 2289
f 2290 2291 2308
f 2308 2291 2292
f 2308 2292 2293
f 2293 2294 2308
f 2308 2294 2295
f 2308 2295 2296
f 2296 2297 2308
f 2308 2297 2298
f 2308 2298 2299
f 2308 2299 2307
f 2307 2299 2300
f 2307 2300 2306
f 2306 2300 2301
f 2306 2301 2305
f 2305 2301 2302
f 2305 2302 2304
f 2304 2302 2303
f 2309 2311 2308
f 2308 2311 2312
f 2308 2312 2313
f 2309 2310 2311
f 2313 2314 2308
f 2308 2314 2290
f 32 2315 914
f 914 2315 2316
f 914 2316 2317
f 32 2318 2315
f 2315 2319 2316
f 2316 2319 2320
f 2317 954 914
f 2321 1 2322
f 2322 1 952
f 2322 952 2323
f 2323 952 2324
f 2324 952 953
f 2323 2325 2322
f 2322 2325 2326
f 76 641 2327
f 2327 641 2328
f 2328 641 643
f 2328 643 2329
f 2329 643 645
f 2329 645 647
f 2329 647 2330
f 2330 647 649
f 2330 649 651
f 651 653 2330
f 2330 653 2331
f 2331 653 655
f 2331 655 657
f 2331 657 2332
f 2332 657 631
f 2332 631 2333
f 2333 631 94
f 129 2334 1979
f 1979 2334 2335
f 1979 2335 2336
f 129 2337 2334
f 2334 2338 2335
f 2335 2338 2339
f 2336 1980 1979
f 2340 95 2341
f 2341 95 1967
f 2341 1967 2342
f 2342 1967 2343
f 2343 1967 1968
f 2342 2344 2341
f 2341 2344 2345
f 142 1752 2346
f 2346 1752 2347
f 2347 1752 1753
f 2347 1753 2348
f 2348 1753 1754
f 2348 1754 1755
f 2348 1755 2349
f 2349 1755 1756
f 2349 1756 1757
f 1757 1758 2349
f 2349 1758 2350
f 2350 1758 1759
f 2350 1759 1760
f 2350 1760 2351
f 2351 1760 1751
f 2351 1751 2352
f 2352 1751 160
f 2353 834 2354
f 2354 834 888
f 2354 888 2355
f 2355 888 887
f 2355 887 2356
f 2356 887 2357
f 2357 887 2358
f 2358 887 2317
f 2358 2317 2359
f 2359 2317 2360
f 2360 2317 2361
f 2361 2317 2343
f 2361 2343 2362
f 2362 2343 2363
f 2363 2343 2364
f 2364 2343 1900
f 2364 1900 1534
f 1534 1900 1908
f 2353 2365 834
f 834 2365 835
f 835 2365 2366
f 835 2366 2367
f 2366 2365 2368
f 2368 2365 2369
f 2368 2369 2370
f 2370 2369 2371
f 2370 2371 2372
f 2372 2371 2373
f 2372 2373 2374
f 2374 2373 2375
f 2374 2375 2376
f 2376 2375 2377
f 2377 2375 2378
f 2377 2378 2379
f 2379 2378 2380
f 2379 2380 2381
f 2381 2380 2382
f 2381 2382 2383
f 2383 2382 2384
f 2383 2384 2385
f 2385 2384 2386
f 2385 2386 2387
f 2387 2386 2388
f 2387 2388 1530
f 1530 2388 2389
f 1530 2389 1534
f 1534 2389 2390
f 1534 2390 2391
f 2391 2364 1534
f 2377 2379 2392
f 2392 2379 2393
f 2392 2393 2394
f 2394 2393 2395
f 2394 2395 2396
f 2396 2395 2397
f 2396 2397 2398
f 2398 2397 2399
f 2398 2399 2400
f 2400 2399 1560
f 2400 1560 2401
f 2401 1560 1555
f 2401 1555 2402
f 2402 1555 2403
f 2403 1555 2404
f 2404 1555 1925
f 2404 1925 2336
f 2336 1925 1980
f 2399 2405 1560
f 1560 2405 2406
f 1560 2406 2407
f 2407 2408 1560
f 1560 2408 1918
f 1918 2408 2409
f 1918 2409 2410
f 2410 2411 1918
f 1918 2411 2412
f 1918 2412 2413
f 1918 2413 1919
f 1919 2413 2414
f 1919 2414 2415
f 2415 2416 1919
f 1919 2416 2417
f 1919 2417 2418
f 1919 2418 1530
f 1530 2418 2419
f 1530 2419 2420
f 2420 2421 1530
f 1530 2421 2387
f 2422 924 2423
f 2423 924 925
f 2423 925 2424
f 2424 925 2425
f 2425 925 2426
f 2426 925 2427
f 2427 925 2428
f 2428 925 835
f 2428 835 2429
f 2429 835 2430
f 2430 835 2367
f 2422 2431 924
f 924 2431 2432
f 924 2432 2433
f 2433 2434 924
f 924 2434 851
f 851 2434 2435
f 851 2435 2436
f 2436 2437 851
f 851 2437 2438
f 851 2438 2439
f 2439 2438 2440
f 2439 2440 2441
f 2441 2440 2442
f 2441 2442 2443
f 2443 2442 2444
f 2443 2444 2445
f 2445 2444 2374
f 2445 2374 2376
f 2446 899 2447
f 2447 899 852
f 2447 852 2448
f 2448 852 2439
f 2439 852 851
f 899 2446 900
f 900 2446 2449
f 900 2449 2450
f 2450 2451 900
f 900 2451 2324
f 900 2324 927
f 927 2324 953
f 2451 2452 2324
f 2324 2452 2453
f 2324 2453 2454
f 2324 2454 2336
f 2336 2454 2455
f 2336 2455 2456
f 2456 2404 2336
f 927 926 900
f 758 769 899
f 899 769 852
f 689 700 834
f 834 700 888
f 933 932 887
f 887 932 2317
f 932 954 2317
f 2343 1968 1900
f 1555 1935 1925
f 2457 2458 2459
f 2459 2458 2460
f 2459 2460 2461
f 2461 2460 2462
f 2461 2462 2463
f 2463 2462 2464
f 2463 2464 2465
f 2465 2464 2466
f 2465 2466 2467
f 2467 2466 2468
f 2467 2468 2469
f 2469 2468 2470
f 2469 2470 2471
f 2471 2470 2472
f 2471 2472 2473
f 2473 2472 2474
f 2473 2474 2475
f 2475 2474 2476
f 2475 2476 2477
f 2477 2476 2478
f 2477 2478 2479
f 2477 2479 2480
f 2480 2479 2481
f 2480 2481 2482
f 2482 2481 2483
f 2482 2483 2484
f 2484 2483 2485
f 2484 2485 2486
f 2486 2485 2487
f 2486 2487 2488
f 2488 2487 2489
f 2488 2489 2490
f 2490 2489 2491
f 2490 2491 2492
f 2492 2491 2493
f 2492 2493 2494
f 2494 2493 2495
f 2494 2495 2496
f 2496 2495 2497
f 2496 2497 2498
f 2496 2498 2499
f 2499 2498 2500
f 2499 2500 2501
f 2501 2500 2502
f 2501 2502 2503
f 2503 2502 2504
f 2503 2504 2505
f 2505 2504 2506
f 2505 2506 2507
f 2507 2506 2508
f 2507 2508 2509
f 2509 2508 2510
f 2509 2510 2511
f 2511 2510 2512
f 2511 2512 2513
f 2513 2512 2514
f 2513 2514 2515
f 2515 2514 2516
f 2515 2516 2517
f 2515 2517 2518
f 2518 2517 2519
f 2518 2519 2520
f 2520 2519 2521
f 2520 2521 2522
f 2522 2521 2523
f 2522 2523 2524
f 2524 2523 2525
f 2524 2525 2526
f 2526 2525 2527
f 2526 2527 2528
f 2528 2527 2529
f 2528 2529 2530
f 2530 2529 2531
f 2530 2531 2532
f 2532 2531 2533
f 2532 2533 2534
f 2532 2534 2535
f 2535 2534 2536
f 2535 2536 2537
f 2537 2536 2538
f 2537 2538 2539
f 2539 2538 2540
f 2539 2540 2541
f 2541 2540 2542
f 2541 2542 2543
f 2543 2542 2544
f 2543 2544 2545
f 2545 2544 2546
f 2545 2546 2547
f 2547 2546 2548
f 2547 2548 2549
f 2549 2548 2550
f 2549 2550 2551
f 2551 2550 2552
f 2551 2552 2553
f 2551 2553 2554
f 2554 2553 2555
f 2554 2555 2556
f 2556 2555 2557
f 2556 2557 2558
f 2558 2557 2559
f 2558 2559 2560
f 2560 2559 2561
f 2560 2561 2562
f 2562 2561 2563
f 2562 2563 2564
f 2564 2563 2565
f 2564 2565 2566
f 2566 2565 2567
f 2566 2567 2568
f 2568 2567 2569
f 2568 2569 2570
f 2570 2569 2571
f 2570 2571 2572
f 2570 2572 2573
f 2573 2572 2574
f 2573 2574 2575
f 2575 2574 2576
f 2575 2576 2577
f 2577 2576 2578
f 2577 2578 2579
f 2579 2578 2580
f 2579 2580 2581
f 2581 2580 2582
f 2581 2582 2583
f 2583 2582 2584
f 2583 2584 2585
f 2585 2584 2586
f 2585 2586 2587
f 2587 2586 2457
f 2587 2457 2459
f 2588 2589 2590
f 2590 2589 2591
f 2592 2593 2590
f 2590 2593 2588
f 2594 2595 2592
f 2592 2595 2593
f 2596 2595 2597
f 2597 2595 2594
f 2598 2599 2597
f 2597 2599 2596
f 2591 2589 2598
f 2598 2589 2599
f 2589 2600 2599
f 2599 2600 2601
f 2599 2601 2602
f 2588 2603 2589
f 2589 2603 2604
f 2589 2604 2605
f 2593 2606 2588
f 2588 2606 2607
f 2588 2607 2608
f 2595 2609 2593
f 2593 2609 2610
f 2593 2610 2611
f 2596 2612 2595
f 2595 2612 2613
f 2595 2613 2614
f 2599 2615 2596
f 2596 2615 2616
f 2596 2616 2617
f 2611 2618 2593
f 2593 2618 2606
f 2608 2603 2588
f 2605 2600 2589
f 2602 2615 2599
f 2617 2612 2596
f 2614 2609 2595
f 2619 2620 2621
f 2621 2620 2622
f 2623 2620 2624
f 2624 2620 2619
f 2625 2626 2624
f 2624 2626 2623
f 2627 2628 2625
f 2625 2628 2626
f 2629 2628 2630
f 2630 2628 2627
f 2621 2622 2630
f 2630 2622 2629
f 2622 2631 2629
f 2629 2631 2632
f 2629 2632 2633
f 2620 2634 2622
f 2622 2634 2635
f 2622 2635 2636
f 2623 2637 2620
f 2620 2637 2638
f 2620 2638 2639
f 2626 2640 2623
f 2623 2640 2641
f 2623 2641 2642
f 2628 2643 2626
f 2626 2643 2644
f 2626 2644 2645
f 2629 2646 2628
f 2628 2646 2647
f 2628 2647 2648
f 2633 2646 2629
f 2648 2643 2628
f 2645 2649 2626
f 2626 2649 2640
f 2642 2637 2623
f 2639 2634 2620
f 2636 2631 2622
f 2650 2651 2652
f 2652 2651 2653
f 2654 2651 2655
f 2655 2651 2650
f 2656 2657 2655
f 2655 2657 2654
f 2658 2659 2656
f 2656 2659 2657
f 2660 2659 2661
f 2661 2659 2658
f 2652 2653 2661
f 2661 2653 2660
f 2653 2662 2660
f 2660 2662 2663
f 2660 2663 2664
f 2651 2665 2653
f 2653 2665 2666
f 2653 2666 2667
f 2654 2668 2651
f 2651 2668 2669
f 2651 2669 2670
f 2657 2671 2654
f 2654 2671 2672
f 2654 2672 2673
f 2659 2674 2657
f 2657 2674 2675
f 2657 2675 2676
f 2660 2677 2659
f 2659 2677 2678
f 2659 2678 2679
f 2664 2677 2660
f 2679 2674 2659
f 2676 2680 2657
f 2657 2680 2671
f 2673 2668 2654
f 2670 2665 2651
f 2667 2662 2653
f 2681 2682 2683
f 2683 2682 2684
f 2685 2682 2686
f 2686 2682 2681
f 2687 2688 2686
f 2686 2688 2685
f 2689 2690 2687
f 2687 2690 2688
f 2691 2690 2692
f 2692 2690 2689
f 2683 2684 2692
f 2692 2684 2691
f 2684 2693 2691
f 2691 2693 2694
f 2691 2694 2695
f 2682 2696 2684
f 2684 2696 2697
f 2684 2697 2698
f 2685 2699 2682
f 2682 2699 2700
f 2682 2700 2701
f 2688 2702 2685
f 2685 2702 2703
f 2685 2703 2704
f 2690 2705 2688
f 2688 2705 2706
f 2688 2706 2707
f 2691 2708 2690
f 2690 2708 2709
f 2690 2709 2710
f 2698 2711 2684
f 2684 2711 2693
f 2695 2708 2691
f 2710 2705 2690
f 2707 2702 2688
f 2704 2699 2685
f 2701 2696 2682
f 2712 2713 2714
f 2714 2713 2715
f 2714 2715 2716
f 2716 2715 2717
f 2716 2717 2718
f 2718 2717 2719
f 2718 2719 2720
f 2720 2719 2721
f 2720 2721 2722
f 2722 2721 2723
f 2722 2723 2724
f 2724 2723 2725
f 2724 2725 2726
f 2726 2725 2727
f 2726 2727 2728
f 2728 2727 2729
f 2728 2729 2730
f 2730 2729 2731
f 2730 2731 2732
f 2732 2731 2733
f 2732 2733 2734
f 2734 2733 2735
f 2734 2735 2736
f 2736 2735 2737
f 2736 2737 2738
f 2738 2737 2739
f 2738 2739 2740
f 2740 2739 2741
f 2740 2741 2742
f 2742 2741 2743
f 2742 2743 2744
f 2744 2743 2745
f 2744 2745 2746
f 2746 2745 2747
f 2746 2747 2748
f 2748 2747 2749
f 2748 2749 2750
f 2750 2749 2751
f 2750 2751 2752
f 2752 2751 2753
f 2752 2753 2754
f 2754 2753 2755
f 2754 2755 2756
f 2756 2755 2757
f 2756 2757 2758
f 2758 2757 2759
f 2758 2759 2760
f 2760 2759 2761
f 2760 2761 2762
f 2762 2761 2763
f 2762 2763 2764
f 2764 2763 2765
f 2764 2765 2766
f 2766 2765 2767
f 2766 2767 2768
f 2768 2767 2769
f 2768 2769 2770
f 2770 2769 2771
f 2770 2771 2772
f 2772 2771 2773
f 2772 2773 2774
f 2774 2773 2775
f 2774 2775 2776
f 2776 2775 2777
f 2776 2777 2778
f 2778 2777 2779
f 2778 2779 2780
f 2780 2779 2781
f 2780 2781 2782
f 2782 2781 2783
f 2782 2783 2784
f 2784 2783 2785
f 2784 2785 2786
f 2786 2785 2787
f 2786 2787 2788
f 2788 2787 2789
f 2788 2789 2790
f 2790 2789 2791
f 2790 2791 2792
f 2792 2791 2793
f 2792 2793 2794
f 2794 2793 2795
f 2794 2795 2796
f 2796 2795 2797
f 2796 2797 2798
f 2798 2797 2799
f 2798 2799 2800
f 2800 2799 2801
f 2800 2801 2802
f 2802 2801 2803
f 2802 2803 2804
f 2804 2803 2805
f 2804 2805 2806
f 2806 2805 2807
f 2806 2807 2808
f 2808 2807 2809
f 2808 2809 2810
f 2810 2809 2811
f 2810 2811 2812
f 2812 2811 2813
f 2812 2813 2814
f 2814 2813 2815
f 2814 2815 2816
f 2816 2815 2817
f 2816 2817 2818
f 2818 2817 2819
f 2818 2819 2820
f 2820 2819 2821
f 2820 2821 2822
f 2822 2821 2823
f 2822 2823 2824
f 2824 2823 2825
f 2824 2825 2826
f 2826 2825 2827
f 2826 2827 2712
f 2712 2827 2713
f 2828 2829 2801
f 2801 2829 2830
f 2801 2830 2803
f 2803 2830 2831
f 2803 2831 2805
f 2805 2831 2832
f 2805 2832 2807
f 2807 2832 2833
f 2807 2833 2809
f 2809 2833 2834
f 2809 2834 2811
f 2811 2834 2835
f 2811 2835 2813
f 2813 2835 2836
f 2813 2836 2815
f 2815 2836 2837
f 2815 2837 2817
f 2817 2837 2838
f 2817 2838 2819
f 2819 2838 2839
f 2819 2839 2821
f 2821 2839 2840
f 2821 2840 2823
f 2823 2840 2841
f 2823 2841 2825
f 2825 2841 2842
f 2825 2842 2827
f 2827 2842 2843
f 2827 2843 2713
f 2713 2843 2844
f 2713 2844 2845
f 2713 2845 2715
f 2715 2845 2846
f 2715 2846 2717
f 2717 2846 2847
f 2717 2847 2719
f 2719 2847 2848
f 2719 2848 2721
f 2721 2848 2849
f 2721 2849 2723
f 2723 2849 2850
f 2723 2850 2725
f 2725 2850 2851
f 2725 2851 2727
f 2727 2851 2852
f 2727 2852 2729
f 2729 2852 2853
f 2729 2853 2731
f 2731 2853 2854
f 2731 2854 2733
f 2733 2854 2855
f 2733 2855 2735
f 2735 2855 2856
f 2735 2856 2737
f 2737 2856 2857
f 2737 2857 2739
f 2739 2857 2858
f 2739 2858 2741
f 2741 2858 2859
f 2741 2859 2743
f 2743 2859 2860
f 2743 2860 2861
f 2743 2861 2745
f 2745 2861 2862
f 2745 2862 2747
f 2747 2862 2863
f 2747 2863 2749
f 2749 2863 2864
f 2749 2864 2751
f 2751 2864 2865
f 2751 2865 2753
f 2753 2865 2866
f 2753 2866 2755
f 2755 2866 2867
f 2755 2867 2757
f 2757 2867 2868
f 2757 2868 2759
f 2759 2868 2869
f 2759 2869 2761
f 2761 2869 2870
f 2761 2870 2763
f 2763 2870 2871
f 2763 2871 2765
f 2765 2871 2872
f 2765 2872 2767
f 2767 2872 2873
f 2767 2873 2769
f 2769 2873 2874
f 2769 2874 2771
f 2771 2874 2875
f 2771 2875 2876
f 2771 2876 2773
f 2773 2876 2877
f 2773 2877 2775
f 2775 2877 2878
f 2775 2878 2777
f 2777 2878 2879
f 2777 2879 2779
f 2779 2879 2880
f 2779 2880 2781
f 2781 2880 2881
f 2781 2881 2783
f 2783 2881 2882
f 2783 2882 2785
f 2785 2882 2883
f 2785 2883 2787
f 2787 2883 2884
f 2787 2884 2789
f 2789 2884 2885
f 2789 2885 2791
f 2791 2885 2886
f 2791 2886 2793
f 2793 2886 2887
f 2793 2887 2795
f 2795 2887 2888
f 2795 2888 2797
f 2797 2888 2889
f 2797 2889 2799
f 2799 2889 2828
f 2799 2828 2801
f 2828 2522 2829
f 2829 2522 2524
f 2829 2524 2830
f 2830 2524 2526
f 2830 2526 2831
f 2831 2526 2528
f 2831 2528 2832
f 2832 2528 2530
f 2832 2530 2833
f 2833 2530 2532
f 2833 2532 2834
f 2834 2532 2535
f 2834 2535 2835
f 2835 2535 2537
f 2835 2537 2836
f 2836 2537 2539
f 2836 2539 2837
f 2837 2539 2541
f 2837 2541 2838
f 2838 2541 2543
f 2838 2543 2839
f 2839 2543 2545
f 2839 2545 2840
f 2840 2545 2547
f 2840 2547 2841
f 2841 2547 2549
f 2841 2549 2842
f 2842 2549 2551
f 2842 2551 2843
f 2843 2551 2554
f 2843 2554 2844
f 2844 2554 2556
f 2844 2556 2845
f 2845 2556 2558
f 2845 2558 2846
f 2846 2558 2560
f 2846 2560 2847
f 2847 2560 2562
f 2847 2562 2848
f 2848 2562 2564
f 2848 2564 2849
f 2849 2564 2566
f 2849 2566 2850
f 2850 2566 2568
f 2850 2568 2851
f 2851 2568 2570
f 2851 2570 2852
f 2852 2570 2573
f 2852 2573 2853
f 2853 2573 2575
f 2853 2575 2854
f 2854 2575 2577
f 2854 2577 2855
f 2855 2577 2579
f 2855 2579 2856
f 2856 2579 2581
f 2856 2581 2857
f 2857 2581 2583
f 2857 2583 2858
f 2858 2583 2585
f 2858 2585 2859
f 2859 2585 2587
f 2859 2587 2860
f 2860 2587 2459
f 2860 2459 2861
f 2861 2459 2461
f 2861 2461 2862
f 2862 2461 2463
f 2862 2463 2863
f 2863 2463 2465
f 2863 2465 2864
f 2864 2465 2467
f 2864 2467 2865
f 2865 2467 2469
f 2865 2469 2866
f 2866 2469 2471
f 2866 2471 2867
f 2867 2471 2473
f 2867 2473 2868
f 2868 2473 2475
f 2868 2475 2869
f 2869 2475 2477
f 2869 2477 2870
f 2870 2477 2480
f 2870 2480 2871
f 2871 2480 2482
f 2871 2482 2872
f 2872 2482 2484
f 2872 2484 2873
f 2873 2484 2486
f 2873 2486 2874
f 2874 2486 2488
f 2874 2488 2875
f 2875 2488 2490
f 2875 2490 2876
f 2876 2490 2492
f 2876 2492 2877
f 2877 2492 2494
f 2877 2494 2878
f 2878 2494 2496
f 2878 2496 2879
f 2879 2496 2499
f 2879 2499 2880
f 2880 2499 2501
f 2880 2501 2881
f 2881 2501 2503
f 2881 2503 2882
f 2882 2503 2505
f 2882 2505 2883
f 2883 2505 2507
f 2883 2507 2884
f 2884 2507 2509
f 2884 2509 2885
f 2885 2509 2511
f 2885 2511 2886
f 2886 2511 2513
f 2886 2513 2887
f 2887 2513 2515
f 2887 2515 2888
f 2888 2515 2518
f 2888 2518 2889
f 2889 2518 2520
f 2889 2520 2828
f 2828 2520 2522
f 2890 2460 2891
f 2891 2460 2458
f 2891 2458 2892
f 2892 2458 2457
f 2892 2457 2893
f 2893 2457 2586
f 2893 2586 2894
f 2894 2586 2584
f 2894 2584 2895
f 2895 2584 2582
f 2895 2582 2896
f 2896 2582 2580
f 2896 2580 2897
f 2897 2580 2578
f 2897 2578 2898
f 2898 2578 2576
f 2898 2576 2899
f 2899 2576 2574
f 2899 2574 2900
f 2900 2574 2572
f 2900 2572 2901
f 2901 2572 2571
f 2901 2571 2902
f 2902 2571 2569
f 2902 2569 2903
f 2903 2569 2567
f 2903 2567 2904
f 2904 2567 2565
f 2904 2565 2905
f 2905 2565 2563
f 2905 2563 2906
f 2906 2563 2561
f 2906 2561 2907
f 2907 2561 2559
f 2907 2559 2908
f 2908 2559 2557
f 2908 2557 2909
f 2909 2557 2555
f 2909 2555 2910
f 2910 2555 2553
f 2910 2553 2911
f 2911 2553 2552
f 2911 2552 2912
f 2912 2552 2550
f 2912 2550 2913
f 2913 2550 2548
f 2913 2548 2914
f 2914 2548 2546
f 2914 2546 2915
f 2915 2546 2544
f 2915 2544 2916
f 2916 2544 2542
f 2916 2542 2917
f 2917 2542 2540
f 2917 2540 2918
f 2918 2540 2538
f 2918 2538 2919
f 2919 2538 2536
f 2919 2536 2920
f 2920 2536 2534
f 2920 2534 2921
f 2921 2534 2533
f 2921 2533 2922
f 2922 2533 2531
f 2922 2531 2923
f 2923 2531 2529
f 2923 2529 2924
f 2924 2529 2527
f 2924 2527 2925
f 2925 2527 2525
f 2925 2525 2926
f 2926 2525 2523
f 2926 2523 2927
f 2927 2523 2521
f 2927 2521 2928
f 2928 2521 2519
f 2928 2519 2929
f 2929 2519 2517
f 2929 2517 2930
f 2930 2517 2516
f 2930 2516 2931
f 2931 2516 2514
f 2931 2514 2932
f 2932 2514 2512
f 2932 2512 2933
f 2933 2512 2510
f 2933 2510 2934
f 2934 2510 2508
f 2934 2508 2935
f 2935 2508 2506
f 2935 2506 2936
f 2936 2506 2504
f 2936 2504 2937
f 2937 2504 2502
f 2937 2502 2938
f 2938 2502 2500
f 2938 2500 2939
f 2939 2500 2498
f 2939 2498 2940
f 2940 2498 2497
f 2940 2497 2941
f 2941 2497 2495
f 2941 2495 2942
f 2942 2495 2493
f 2942 2493 2943
f 2943 2493 2491
f 2943 2491 2944
f 2944 2491 2489
f 2944 2489 2945
f 2945 2489 2487
f 2945 2487 2946
f 2946 2487 2485
f 2946 2485 2947
f 2947 2485 2483
f 2947 2483 2948
f 2948 2483 2481
f 2948 2481 2949
f 2949 2481 2479
f 2949 2479 2950
f 2950 2479 2478
f 2950 2478 2951
f 2951 2478 2476
f 2951 2476 2952
f 2952 2476 2474
f 2952 2474 2953
f 2953 2474 2472
f 2953 2472 2954
f 2954 2472 2470
f 2954 2470 2955
f 2955 2470 2468
f 2955 2468 2956
f 2956 2468 2466
f 2956 2466 2957
f 2957 2466 2464
f 2957 2464 2958
f 2958 2464 2462
f 2958 2462 2890
f 2890 2462 2460
f 2892 2652 2891
f 2891 2652 2661
f 2891 2661 2890
f 2890 2661 2958
f 2958 2661 2957
f 2957 2661 2956
f 2956 2661 2658
f 2956 2658 2955
f 2955 2658 2954
f 2954 2658 2959
f 2954 2959 2960
f 2892 2893 2652
f 2652 2893 2894
f 2652 2894 2895
f 2652 2895 2650
f 2650 2895 2896
f 2650 2896 2897
f 2898 2961 2897
f 2897 2961 2962
f 2897 2962 2650
f 2650 2962 2963
f 2650 2963 2964
f 2898 2899 2961
f 2961 2899 2965
f 2965 2899 2900
f 2965 2900 2966
f 2966 2900 2901
f 2966 2901 2967
f 2967 2901 2902
f 2967 2902 2903
f 2904 2683 2903
f 2903 2683 2968
f 2903 2968 2967
f 2683 2904 2681
f 2681 2904 2905
f 2681 2905 2906
f 2906 2907 2681
f 2681 2907 2908
f 2681 2908 2686
f 2686 2908 2909
f 2686 2909 2910
f 2910 2911 2686
f 2686 2911 2912
f 2686 2912 2687
f 2687 2912 2913
f 2687 2913 2914
f 2915 2969 2914
f 2914 2969 2970
f 2914 2970 2687
f 2687 2970 2971
f 2687 2971 2972
f 2969 2915 2973
f 2973 2915 2916
f 2973 2916 2917
f 2973 2917 2974
f 2974 2917 2918
f 2974 2918 2975
f 2975 2918 2919
f 2975 2919 2976
f 2976 2919 2920
f 2976 2920 2619
f 2619 2920 2921
f 2619 2921 2922
f 2619 2922 2624
f 2624 2922 2923
f 2624 2923 2924
f 2924 2925 2624
f 2624 2925 2625
f 2625 2925 2926
f 2625 2926 2927
f 2927 2928 2625
f 2625 2928 2929
f 2625 2929 2627
f 2627 2929 2930
f 2627 2930 2931
f 2627 2931 2977
f 2977 2931 2932
f 2977 2932 2978
f 2978 2932 2933
f 2978 2933 2979
f 2979 2933 2934
f 2979 2934 2980
f 2980 2934 2935
f 2980 2935 2936
f 2980 2936 2981
f 2981 2936 2937
f 2981 2937 2982
f 2982 2937 2598
f 2982 2598 2983
f 2983 2598 2984
f 2984 2598 2985
f 2985 2598 2597
f 2985 2597 2986
f 2986 2597 2987
f 2986 2987 2988
f 2937 2938 2598
f 2598 2938 2939
f 2598 2939 2591
f 2591 2939 2940
f 2591 2940 2941
f 2941 2942 2591
f 2591 2942 2943
f 2591 2943 2590
f 2590 2943 2944
f 2590 2944 2945
f 2945 2946 2590
f 2590 2946 2947
f 2590 2947 2592
f 2592 2947 2948
f 2592 2948 2989
f 2989 2948 2990
f 2990 2948 2949
f 2990 2949 2950
f 2990 2950 2991
f 2991 2950 2951
f 2991 2951 2992
f 2992 2951 2952
f 2992 2952 2960
f 2960 2952 2953
f 2960 2953 2954
f 2993 2621 2994
f 2994 2621 2630
f 2994 2630 2995
f 2995 2630 2996
f 2996 2630 2997
f 2997 2630 2998
f 2997 2998 2999
f 2999 2998 3000
f 2999 3000 3001
f 2993 3002 2621
f 2621 3002 3003
f 2621 3003 3004
f 3004 3003 3005
f 3004 3005 3006
f 3006 3005 3007
f 3007 3005 3008
f 3007 3008 3009
f 3009 3008 3010
f 3009 3010 3011
f 3011 3010 3012
f 3011 3012 2689
f 2689 3012 3013
f 2689 3013 3014
f 2689 3014 2692
f 2692 3014 3015
f 2692 3015 3016
f 3016 3017 2692
f 2692 3017 3018
f 2692 3018 3019
f 3018 3017 3020
f 3020 3017 3021
f 3020 3021 3022
f 3022 3021 3023
f 3022 3023 3024
f 3024 3023 3025
f 3024 3025 3026
f 3026 3025 3027
f 3026 3027 2655
f 2655 3027 3028
f 2655 3028 3029
f 2655 3029 2656
f 2656 3029 3030
f 2656 3030 3031
f 3031 3032 2656
f 2656 3032 3033
f 2656 3033 3034
f 3032 3035 3033
f 3033 3035 3036
f 3036 3035 3037
f 3036 3037 3038
f 3038 3037 3039
f 3038 3039 3040
f 3040 3039 3041
f 3040 3041 3042
f 3042 3041 2594
f 3042 2594 3043
f 3043 2594 2592
f 3043 2592 3044
f 3044 2592 3045
f 3045 2592 2989
f 3041 3046 2594
f 2594 3046 3047
f 2594 3047 3048
f 2594 3048 2597
f 2597 3048 3049
f 2597 3049 2987
f 2986 2988 3050
f 3050 2988 3051
f 3050 3051 3001
f 3001 3051 2999
f 2977 3052 2627
f 2627 3052 3053
f 2627 3053 3054
f 2627 3054 2630
f 2630 3054 3055
f 2630 3055 2998
f 2692 3019 2683
f 2683 3019 3056
f 2683 3056 3057
f 3057 2968 2683
f 2964 3058 2650
f 2650 3058 2655
f 2655 3058 3059
f 2655 3059 3026
f 3034 3060 2656
f 2656 3060 2658
f 2658 3060 3061
f 2658 3061 3062
f 3062 2959 2658
f 2972 3063 2687
f 2687 3063 2689
f 2689 3063 3011
f 3004 3064 2621
f 2621 3064 3065
f 2621 3065 2619
f 2619 3065 3066
f 2619 3066 3067
f 3067 2976 2619
f 3068 2975 3069
f 3069 2975 2976
f 3069 2976 3070
f 3070 2976 3067
f 3070 3067 3071
f 3071 3067 3066
f 3071 3066 3072
f 3072 3066 3065
f 3072 3065 3073
f 3073 3065 3064
f 3073 3064 3074
f 3074 3064 3004
f 3074 3004 3075
f 3075 3004 3006
f 3075 3006 3076
f 3076 3006 3007
f 3076 3007 3077
f 3077 3007 3009
f 3077 3009 3078
f 3078 3009 3011
f 3078 3011 3079
f 3079 3011 3063
f 3079 3063 3080
f 3080 3063 2972
f 3080 2972 3081
f 3081 2972 2971
f 3081 2971 3082
f 3082 2971 2970
f 3082 2970 3083
f 3083 2970 2969
f 3083 2969 3084
f 3084 2969 2973
f 3084 2973 3085
f 3085 2973 2974
f 3085 2974 3068
f 3068 2974 2975
f 3086 3040 3087
f 3087 3040 3042
f 3087 3042 3088
f 3088 3042 3043
f 3088 3043 3089
f 3089 3043 3044
f 3089 3044 3090
f 3090 3044 3045
f 3090 3045 3091
f 3091 3045 2989
f 3091 2989 3092
f 3092 2989 2990
f 3092 2990 3093
f 3093 2990 2991
f 3093 2991 3094
f 3094 2991 2992
f 3094 2992 3095
f 3095 2992 2960
f 3095 2960 3096
f 3096 2960 2959
f 3096 2959 3097
f 3097 2959 3062
f 3097 3062 3098
f 3098 3062 3061
f 3098 3061 3099
f 3099 3061 3060
f 3099 3060 3100
f 3100 3060 3034
f 3100 3034 3101
f 3101 3034 3033
f 3101 3033 3102
f 3102 3033 3036
f 3102 3036 3103
f 3103 3036 3038
f 3103 3038 3086
f 3086 3038 3040
f 3104 3019 3105
f 3105 3019 3018
f 3105 3018 3106
f 3106 3018 3020
f 3106 3020 3107
f 3107 3020 3022
f 3107 3022 3108
f 3108 3022 3024
f 3108 3024 3109
f 3109 3024 3026
f 3109 3026 3110
f 3110 3026 3059
f 3110 3059 3111
f 3111 3059 3058
f 3111 3058 3112
f 3112 3058 2964
f 3112 2964 3113
f 3113 2964 2963
f 3113 2963 3114
f 3114 2963 2962
f 3114 2962 3115
f 3115 2962 2961
f 3115 2961 3116
f 3116 2961 2965
f 3116 2965 3117
f 3117 2965 2966
f 3117 2966 3118
f 3118 2966 2967
f 3118 2967 3119
f 3119 2967 2968
f 3119 2968 3120
f 3120 2968 3057
f 3120 3057 3121
f 3121 3057 3056
f 3121 3056 3104
f 3104 3056 3019
f 3122 3052 3123
f 3123 3052 2977
f 3123 2977 3124
f 3124 2977 2978
f 3124 2978 3125
f 3125 2978 2979
f 3125 2979 3126
f 3126 2979 2980
f 3126 2980 3127
f 3127 2980 2981
f 3127 2981 3128
f 3128 2981 2982
f 3128 2982 3129
f 3129 2982 2983
f 3129 2983 3130
f 3130 2983 2984
f 3130 2984 3131
f 3131 2984 2985
f 3131 2985 3132
f 3132 2985 2986
f 3132 2986 3133
f 3133 2986 3050
f 3133 3050 3134
f 3134 3050 3001
f 3134 3001 3135
f 3135 3001 3000
f 3135 3000 3136
f 3136 3000 2998
f 3136 2998 3137
f 3137 2998 3055
f 3137 3055 3138
f 3138 3055 3054
f 3138 3054 3139
f 3139 3054 3053
f 3139 3053 3122
f 3122 3053 3052
f 3140 3141 3096
f 3096 3141 3142
f 3096 3142 3095
f 3095 3142 3143
f 3095 3143 3094
f 3094 3143 3144
f 3094 3144 3093
f 3093 3144 3145
f 3093 3145 3146
f 3093 3146 3092
f 3092 3146 3147
f 3092 3147 3091
f 3091 3147 3148
f 3091 3148 3090
f 3090 3148 3149
f 3090 3149 3150
f 3090 3150 3089
f 3089 3150 3151
f 3089 3151 3088
f 3088 3151 3152
f 3088 3152 3087
f 3087 3152 3153
f 3087 3153 3154
f 3087 3154 3086
f 3086 3154 3155
f 3086 3155 3103
f 3103 3155 3156
f 3103 3156 3102
f 3102 3156 3157
f 3102 3157 3158
f 3102 3158 3101
f 3101 3158 3159
f 3101 3159 3100
f 3100 3159 3160
f 3100 3160 3099
f 3099 3160 3161
f 3099 3161 3162
f 3099 3162 3098
f 3098 3162 3163
f 3098 3163 3097
f 3097 3163 3140
f 3097 3140 3096
f 3140 3164 3141
f 3141 3164 3165
f 3141 3165 3142
f 3142 3165 3166
f 3142 3166 3143
f 3143 3166 3167
f 3143 3167 3144
f 3144 3167 3168
f 3144 3168 3145
f 3145 3168 3169
f 3145 3169 3146
f 3146 3169 3170
f 3146 3170 3147
f 3147 3170 3171
f 3147 3171 3148
f 3148 3171 3172
f 3148 3172 3149
f 3149 3172 3173
f 3149 3173 3150
f 3150 3173 3174
f 3150 3174 3151
f 3151 3174 3175
f 3151 3175 3152
f 3152 3175 3176
f 3152 3176 3153
f 3153 3176 3177
f 3153 3177 3154
f 3154 3177 3178
f 3154 3178 3155
f 3155 3178 3179
f 3155 3179 3156
f 3156 3179 3180
f 3156 3180 3157
f 3157 3180 3181
f 3157 3181 3158
f 3158 3181 3182
f 3158 3182 3159
f 3159 3182 3183
f 3159 3183 3160
f 3160 3183 3184
f 3160 3184 3161
f 3161 3184 3185
f 3161 3185 3162
f 3162 3185 3186
f 3162 3186 3163
f 3163 3186 3187
f 3163 3187 3140
f 3140 3187 3164
f 3188 3189 3078
f 3078 3189 3190
f 3078 3190 3077
f 3077 3190 3191
f 3077 3191 3076
f 3076 3191 3192
f 3076 3192 3075
f 3075 3192 3193
f 3075 3193 3194
f 3075 3194 3074
f 3074 3194 3195
f 3074 3195 3073
f 3073 3195 3196
f 3073 3196 3072
f 3072 3196 3197
f 3072 3197 3198
f 3072 3198 3071
f 3071 3198 3199
f 3071 3199 3070
f 3070 3199 3200
f 3070 3200 3069
f 3069 3200 3201
f 3069 3201 3202
f 3069 3202 3068
f 3068 3202 3203
f 3068 3203 3085
f 3085 3203 3204
f 3085 3204 3084
f 3084 3204 3205
f 3084 3205 3206
f 3084 3206 3083
f 3083 3206 3207
f 3083 3207 3082
f 3082 3207 3208
f 3082 3208 3081
f 3081 3208 3209
f 3081 3209 3210
f 3081 3210 3080
f 3080 3210 3211
f 3080 3211 3079
f 3079 3211 3188
f 3079 3188 3078
f 3188 3212 3189
f 3189 3212 3213
f 3189 3213 3190
f 3190 3213 3214
f 3190 3214 3191
f 3191 3214 3215
f 3191 3215 3192
f 3192 3215 3216
f 3192 3216 3193
f 3193 3216 3217
f 3193 3217 3194
f 3194 3217 3218
f 3194 3218 3195
f 3195 3218 3219
f 3195 3219 3196
f 3196 3219 3220
f 3196 3220 3197
f 3197 3220 3221
f 3197 3221 3198
f 3198 3221 3222
f 3198 3222 3199
f 3199 3222 3223
f 3199 3223 3200
f 3200 3223 3224
f 3200 3224 3201
f 3201 3224 3225
f 3201 3225 3202
f 3202 3225 3226
f 3202 3226 3203
f 3203 3226 3227
f 3203 3227 3204
f 3204 3227 3228
f 3204 3228 3205
f 3205 3228 3229
f 3205 3229 3206
f 3206 3229 3230
f 3206 3230 3207
f 3207 3230 3231
f 3207 3231 3208
f 3208 3231 3232
f 3208 3232 3209
f 3209 3232 3233
f 3209 3233 3210
f 3210 3233 3234
f 3210 3234 3211
f 3211 3234 3235
f 3211 3235 3188
f 3188 3235 3212
f 3236 3237 3114
f 3114 3237 3238
f 3114 3238 3113
f 3113 3238 3239
f 3113 3239 3112
f 3112 3239 3240
f 3112 3240 3111
f 3111 3240 3241
f 3111 3241 3242
f 3111 3242 3110
f 3110 3242 3243
f 3110 3243 3109
f 3109 3243 3244
f 3109 3244 3108
f 3108 3244 3245
f 3108 3245 3246
f 3108 3246 3107
f 3107 3246 3247
f 3107 3247 3106
f 3106 3247 3248
f 3106 3248 3105
f 3105 3248 3249
f 3105 3249 3250
f 3105 3250 3104
f 3104 3250 3251
f 3104 3251 3121
f 3121 3251 3252
f 3121 3252 3120
f 3120 3252 3253
f 3120 3253 3254
f 3120 3254 3119
f 3119 3254 3255
f 3119 3255 3118
f 3118 3255 3256
f 3118 3256 3117
f 3117 3256 3257
f 3117 3257 3258
f 3117 3258 3116
f 3116 3258 3259
f 3116 3259 3115
f 3115 3259 3236
f 3115 3236 3114
f 3236 3260 3237
f 3237 3260 3261
f 3237 3261 3238
f 3238 3261 3262
f 3238 3262 3239
f 3239 3262 3263
f 3239 3263 3240
f 3240 3263 3264
f 3240 3264 3241
f 3241 3264 3265
f 3241 3265 3242
f 3242 3265 3266
f 3242 3266 3243
f 3243 3266 3267
f 3243 3267 3244
f 3244 3267 3268
f 3244 3268 3245
f 3245 3268 3269
f 3245 3269 3246
f 3246 3269 3270
f 3246 3270 3247
f 3247 3270 3271
f 3247 3271 3248
f 3248 3271 3272
f 3248 3272 3249
f 3249 3272 3273
f 3249 3273 3250
f 3250 3273 3274
f 3250 3274 3251
f 3251 3274 3275
f 3251 3275 3252
f 3252 3275 3276
f 3252 3276 3253
f 3253 3276 3277
f 3253 3277 3254
f 3254 3277 3278
f 3254 3278 3255
f 3255 3278 3279
f 3255 3279 3256
f 3256 3279 3280
f 3256 3280 3257
f 3257 3280 3281
f 3257 3281 3258
f 3258 3281 3282
f 3258 3282 3259
f 3259 3282 3283
f 3259 3283 3236
f 3236 3283 3260
f 3284 3285 3132
f 3132 3285 3286
f 3132 3286 3131
f 3131 3286 3287
f 3131 3287 3130
f 3130 3287 3288
f 3130 3288 3129
f 3129 3288 3289
f 3129 3289 3290
f 3129 3290 3128
f 3128 3290 3291
f 3128 3291 3127
f 3127 3291 3292
f 3127 3292 3126
f 3126 3292 3293
f 3126 3293 3294
f 3126 3294 3125
f 3125 3294 3295
f 3125 3295 3124
f 3124 3295 3296
f 3124 3296 3123
f 3123 3296 3297
f 3123 3297 3298
f 3123 3298 3122
f 3122 3298 3299
f 3122 3299 3139
f 3139 3299 3300
f 3139 3300 3138
f 3138 3300 3301
f 3138 3301 3302
f 3138 3302 3137
f 3137 3302 3303
f 3137 3303 3136
f 3136 3303 3304
f 3136 3304 3135
f 3135 3304 3305
f 3135 3305 3306
f 3135 3306 3134
f 3134 3306 3307
f 3134 3307 3133
f 3133 3307 3284
f 3133 3284 3132
f 3284 3308 3285
f 3285 3308 3309
f 3285 3309 3286
f 3286 3309 3310
f 3286 3310 3287
f 3287 3310 3311
f 3287 3311 3288
f 3288 3311 3312
f 3288 3312 3289
f 3289 3312 3313
f 3289 3313 3290
f 3290 3313 3314
f 3290 3314 3291
f 3291 3314 3315
f 3291 3315 3292
f 3292 3315 3316
f 3292 3316 3293
f 3293 3316 3317
f 3293 3317 3294
f 3294 3317 3318
f 3294 3318 3295
f 3295 3318 3319
f 3295 3319 3296
f 3296 3319 3320
f 3296 3320 3297
f 3297 3320 3321
f 3297 3321 3298
f 3298 3321 3322
f 3298 3322 3299
f 3299 3322 3323
f 3299 3323 3300
f 3300 3323 3324
f 3300 3324 3301
f 3301 3324 3325
f 3301 3325 3302
f 3302 3325 3326
f 3302 3326 3303
f 3303 3326 3327
f 3303 3327 3304
f 3304 3327 3328
f 3304 3328 3305
f 3305 3328 3329
f 3305 3329 3306
f 3306 3329 3330
f 3306 3330 3307
f 3307 3330 3331
f 3307 3331 3284
f 3284 3331 3308
f 3332 3333 3334
f 3334 3333 3335
f 3334 3335 3336
f 3336 3337 3334
f 3334 3337 3338
f 3334 3338 3339
f 3339 3338 3340
f 3339 3340 3341
f 3341 3340 3342
f 3341 3342 3343
f 3343 3342 3344
f 3343 3344 3345
f 3345 3344 3346
f 3345 3346 3347
f 3347 3346 3348
f 3349 3350 3334
f 3334 3350 3351
f 3334 3351 3352
f 3350 3349 3353
f 3353 3349 3354
f 3353 3354 3355
f 3355 3354 3356
f 3355 3356 3357
f 3352 3358 3334
f 3334 3358 3359
f 3334 3359 3360
f 3360 3361 3334
f 3334 3361 3362
f 3334 3362 3363
f 3363 3364 3334
f 3334 3364 3365
f 3334 3365 3366
f 3366 3367 3334
f 3334 3367 3368
f 3334 3368 3332
f 3332 2993 3333
f 3333 2993 2994
f 3333 2994 3335
f 3335 2994 2995
f 3335 2995 3336
f 3336 2995 2996
f 3336 2996 3337
f 3337 2996 2997
f 3337 2997 3338
f 3338 2997 2999
f 3338 2999 3340
f 3340 2999 3051
f 3340 3051 3342
f 3342 3051 2988
f 3342 2988 3344
f 3344 2988 2987
f 3344 2987 3346
f 3346 2987 3049
f 3346 3049 3348
f 3348 3049 3048
f 3348 3048 3347
f 3347 3048 3047
f 3347 3047 3345
f 3345 3047 3046
f 3345 3046 3343
f 3343 3046 3041
f 3343 3041 3341
f 3341 3041 3039
f 3341 3039 3339
f 3339 3039 3037
f 3339 3037 3334
f 3334 3037 3035
f 3334 3035 3349
f 3349 3035 3032
f 3349 3032 3354
f 3354 3032 3031
f 3354 3031 3356
f 3356 3031 3030
f 3356 3030 3357
f 3357 3030 3029
f 3357 3029 3355
f 3355 3029 3028
f 3355 3028 3353
f 3353 3028 3027
f 3353 3027 3350
f 3350 3027 3025
f 3350 3025 3351
f 3351 3025 3023
f 3351 3023 3352
f 3352 3023 3021
f 3352 3021 3358
f 3358 3021 3017
f 3358 3017 3359
f 3359 3017 3016
f 3359 3016 3360
f 3360 3016 3015
f 3360 3015 3361
f 3361 3015 3014
f 3361 3014 3362
f 3362 3014 3013
f 3362 3013 3363
f 3363 3013 3012
f 3363 3012 3364
f 3364 3012 3010
f 3364 3010 3365
f 3365 3010 3008
f 3365 3008 3366
f 3366 3008 3005
f 3366 3005 3367
f 3367 3005 3003
f 3367 3003 3368
f 3368 3003 3002
f 3368 3002 3332
f 3332 3002 2993
f 3369 3370 3371
f 3371 3370 3372
f 3371 3372 3373
f 3373 3372 3374
f 3373 3374 3375
f 3375 3374 3376
f 3375 3376 3377
f 3377 3376 3378
f 3377 3378 3379
f 3379 3378 3380
f 3379 3380 3381
f 3381 3380 3382
f 3381 3382 3383
f 3383 3382 3384
f 3383 3384 3385
f 3385 3384 3386
f 3385 3386 3387
f 3387 3386 3388
f 3387 3388 3389
f 3389 3388 3390
f 3389 3390 3391
f 3391 3390 3392
f 3391 3392 3393
f 3393 3392 3394
f 3393 3394 3395
f 3395 3394 3396
f 3395 3396 3397
f 3397 3396 3398
f 2636 3399 2631
f 2631 3399 3400
f 2631 3400 2632
f 2632 3400 3401
f 2632 3401 2633
f 2633 3401 3402
f 2633 3402 2646
f 2646 3402 3403
f 2646 3403 2647
f 2647 3403 3404
f 2647 3404 2648
f 2648 3404 3405
f 2648 3405 2643
f 2643 3405 3406
f 2643 3406 2644
f 2644 3406 3407
f 2644 3407 2645
f 2645 3407 3408
f 2645 3408 2649
f 2649 3408 3409
f 2649 3409 2640
f 2640 3409 3410
f 2640 3410 2641
f 2641 3410 3411
f 2641 3411 2642
f 2642 3411 3412
f 2642 3412 2637
f 2637 3412 3413
f 2637 3413 2638
f 2638 3413 3414
f 2638 3414 2639
f 2639 3414 3415
f 2639 3415 2634
f 2634 3415 3416
f 2634 3416 2635
f 2635 3416 3417
f 2635 3417 2636
f 2636 3417 3399
f 3418 3419 3420
f 3420 3419 3421
f 3420 3421 3422
f 3422 3421 3423
f 3422 3423 3424
f 3424 3423 3425
f 3424 3425 3426
f 3426 3425 3427
f 3426 3427 3428
f 3428 3427 3429
f 3428 3429 3430
f 3430 3429 3431
f 3430 3431 3432
f 3432 3431 3433
f 3432 3433 3434
f 3434 3433 3435
f 3434 3435 3436
f 3436 3435 3437
f 3436 3437 3438
f 3438 3437 3439
f 3438 3439 3440
f 3440 3439 3441
f 3440 3441 3442
f 3442 3441 3443
f 3442 3443 3444
f 3444 3443 3445
f 3444 3445 3446
f 3446 3445 3447
f 3446 3447 3448
f 3448 3447 3449
f 3448 3449 3450
f 3450 3449 3451
f 3450 3451 3452
f 3452 3451 3453
f 3452 3453 3454
f 3454 3453 3455
f 3454 3455 3418
f 3418 3455 3419
f 3414 3456 3415
f 3415 3456 3457
f 3415 3457 3416
f 3416 3457 3458
f 3416 3458 3417
f 3417 3458 3459
f 3417 3459 3399
f 3399 3459 3460
f 3399 3460 3400
f 3400 3460 3461
f 3400 3461 3401
f 3401 3461 3462
f 3401 3462 3402
f 3402 3462 3463
f 3402 3463 3403
f 3403 3463 3464
f 3403 3464 3404
f 3404 3464 3465
f 3404 3465 3405
f 3405 3465 3466
f 3405 3466 3406
f 3406 3466 3467
f 3406 3467 3407
f 3407 3467 3468
f 3407 3468 3408
f 3408 3468 3469
f 3408 3469 3409
f 3409 3469 3470
f 3409 3470 3410
f 3410 3470 3471
f 3410 3471 3411
f 3411 3471 3472
f 3411 3472 3412
f 3412 3472 3473
f 3412 3473 3413
f 3413 3473 3474
f 3413 3474 3414
f 3414 3474 3456
f 3456 3421 3457
f 3457 3421 3419
f 3457 3419 3458
f 3458 3419 3455
f 3458 3455 3459
f 3459 3455 3453
f 3459 3453 3460
f 3460 3453 3451
f 3460 3451 3461
f 3461 3451 3449
f 3461 3449 3462
f 3462 3449 3447
f 3462 3447 3463
f 3463 3447 3445
f 3463 3445 3464
f 3464 3445 3443
f 3464 3443 3465
f 3465 3443 3441
f 3465 3441 3466
f 3466 3441 3439
f 3466 3439 3467
f 3467 3439 3437
f 3467 3437 3468
f 3468 3437 3435
f 3468 3435 3469
f 3469 3435 3433
f 3469 3433 3470
f 3470 3433 3431
f 3470 3431 3471
f 3471 3431 3429
f 3471 3429 3472
f 3472 3429 3427
f 3472 3427 3473
f 3473 3427 3425
f 3473 3425 3474
f 3474 3425 3423
f 3474 3423 3456
f 3456 3423 3421
f 2610 3475 2611
f 2611 3475 3476
f 2611 3476 2618
f 2618 3476 3477
f 2618 3477 2606
f 2606 3477 3478
f 2606 3478 2607
f 2607 3478 3479
f 2607 3479 2608
f 2608 3479 3480
f 2608 3480 2603
f 2603 3480 3481
f 2603 3481 2604
f 2604 3481 3482
f 2604 3482 2605
f 2605 3482 3483
f 2605 3483 2600
f 2600 3483 3484
f 2600 3484 2601
f 2601 3484 3485
f 2601 3485 2602
f 2602 3485 3486
f 2602 3486 2615
f 2615 3486 3487
f 2615 3487 2616
f 2616 3487 3488
f 2616 3488 2617
f 2617 3488 3489
f 2617 3489 2612
f 2612 3489 3490
f 2612 3490 2613
f 2613 3490 3491
f 2613 3491 2614
f 2614 3491 3492
f 2614 3492 2609
f 2609 3492 3493
f 2609 3493 2610
f 2610 3493 3475
f 3494 3495 3496
f 3496 3495 3497
f 3496 3497 3498
f 3498 3497 3499
f 3498 3499 3500
f 3500 3499 3501
f 3500 3501 3502
f 3502 3501 3503
f 3502 3503 3504
f 3504 3503 3505
f 3504 3505 3506
f 3506 3505 3507
f 3506 3507 3508
f 3508 3507 3509
f 3508 3509 3510
f 3510 3509 3511
f 3510 3511 3512
f 3512 3511 3513
f 3512 3513 3514
f 3514 3513 3515
f 3514 3515 3516
f 3516 3515 3517
f 3516 3517 3518
f 3518 3517 3519
f 3518 3519 3520
f 3520 3519 3521
f 3520 3521 3522
f 3522 3521 3523
f 3522 3523 3524
f 3524 3523 3525
f 3524 3525 3526
f 3526 3525 3527
f 3526 3527 3528
f 3528 3527 3529
f 3528 3529 3530
f 3530 3529 3531
f 3530 3531 3494
f 3494 3531 3495
f 3490 3532 3491
f 3491 3532 3533
f 3491 3533 3492
f 3492 3533 3534
f 3492 3534 3493
f 3493 3534 3535
f 3493 3535 3475
f 3475 3535 3536
f 3475 3536 3476
f 3476 3536 3537
f 3476 3537 3477
f 3477 3537 3538
f 3477 3538 3478
f 3478 3538 3539
f 3478 3539 3479
f 3479 3539 3540
f 3479 3540 3480
f 3480 3540 3541
f 3480 3541 3481
f 3481 3541 3542
f 3481 3542 3482
f 3482 3542 3543
f 3482 3543 3483
f 3483 3543 3544
f 3483 3544 3484
f 3484 3544 3545
f 3484 3545 3485
f 3485 3545 3546
f 3485 3546 3486
f 3486 3546 3547
f 3486 3547 3487
f 3487 3547 3548
f 3487 3548 3488
f 3488 3548 3549
f 3488 3549 3489
f 3489 3549 3550
f 3489 3550 3490
f 3490 3550 3532
f 3532 3497 3533
f 3533 3497 3495
f 3533 3495 3534
f 3534 3495 3531
f 3534 3531 3535
f 3535 3531 3529
f 3535 3529 3536
f 3536 3529 3527
f 3536 3527 3537
f 3537 3527 3525
f 3537 3525 3538
f 3538 3525 3523
f 3538 3523 3539
f 3539 3523 3521
f 3539 3521 3540
f 3540 3521 3519
f 3540 3519 3541
f 3541 3519 3517
f 3541 3517 3542
f 3542 3517 3515
f 3542 3515 3543
f 3543 3515 3513
f 3543 3513 3544
f 3544 3513 3511
f 3544 3511 3545
f 3545 3511 3509
f 3545 3509 3546
f 3546 3509 3507
f 3546 3507 3547
f 3547 3507 3505
f 3547 3505 3548
f 3548 3505 3503
f 3548 3503 3549
f 3549 3503 3501
f 3549 3501 3550
f 3550 3501 3499
f 3550 3499 3532
f 3532 3499 3497
f 2697 3551 2698
f 2698 3551 3552
f 2698 3552 2711
f 2711 3552 3553
f 2711 3553 2693
f 2693 3553 3554
f 2693 3554 2694
f 2694 3554 3555
f 2694 3555 2695
f 2695 3555 3556
f 2695 3556 2708
f 2708 3556 3557
f 2708 3557 2709
f 2709 3557 3558
f 2709 3558 2710
f 2710 3558 3559
f 2710 3559 2705
f 2705 3559 3560
f 2705 3560 2706
f 2706 3560 3561
f 2706 3561 2707
f 2707 3561 3562
f 2707 3562 2702
f 2702 3562 3563
f 2702 3563 2703
f 2703 3563 3564
f 2703 3564 2704
f 2704 3564 3565
f 2704 3565 2699
f 2699 3565 3566
f 2699 3566 2700
f 2700 3566 3567
f 2700 3567 2701
f 2701 3567 3568
f 2701 3568 2696
f 2696 3568 3569
f 2696 3569 2697
f 2697 3569 3551
f 3570 3571 3572
f 3572 3571 3573
f 3572 3573 3574
f 3574 3573 3575
f 3574 3575 3576
f 3576 3575 3577
f 3576 3577 3578
f 3578 3577 3579
f 3578 3579 3580
f 3580 3579 3581
f 3580 3581 3582
f 3582 3581 3583
f 3582 3583 3584
f 3584 3583 3585
f 3584 3585 3586
f 3586 3585 3587
f 3586 3587 3588
f 3588 3587 3589
f 3588 3589 3590
f 3590 3589 3591
f 3590 3591 3592
f 3592 3591 3593
f 3592 3593 3594
f 3594 3593 3595
f 3594 3595 3596
f 3596 3595 3597
f 3596 3597 3598
f 3598 3597 3599
f 3598 3599 3600
f 3600 3599 3601
f 3600 3601 3602
f 3602 3601 3603
f 3602 3603 3604
f 3604 3603 3605
f 3604 3605 3606
f 3606 3605 3607
f 3606 3607 3570
f 3570 3607 3571
f 3566 3608 3567
f 3567 3608 3609
f 3567 3609 3568
f 3568 3609 3610
f 3568 3610 3569
f 3569 3610 3611
f 3569 3611 3551
f 3551 3611 3612
f 3551 3612 3552
f 3552 3612 3613
f 3552 3613 3553
f 3553 3613 3614
f 3553 3614 3554
f 3554 3614 3615
f 3554 3615 3555
f 3555 3615 3616
f 3555 3616 3556
f 3556 3616 3617
f 3556 3617 3557
f 3557 3617 3618
f 3557 3618 3558
f 3558 3618 3619
f 3558 3619 3559
f 3559 3619 3620
f 3559 3620 3560
f 3560 3620 3621
f 3560 3621 3561
f 3561 3621 3622
f 3561 3622 3562
f 3562 3622 3623
f 3562 3623 3563
f 3563 3623 3624
f 3563 3624 3564
f 3564 3624 3625
f 3564 3625 3565
f 3565 3625 3626
f 3565 3626 3566
f 3566 3626 3608
f 3608 3573 3609
f 3609 3573 3571
f 3609 3571 3610
f 3610 3571 3607
f 3610 3607 3611
f 3611 3607 3605
f 3611 3605 3612
f 3612 3605 3603
f 3612 3603 3613
f 3613 3603 3601
f 3613 3601 3614
f 3614 3601 3599
f 3614 3599 3615
f 3615 3599 3597
f 3615 3597 3616
f 3616 3597 3595
f 3616 3595 3617
f 3617 3595 3593
f 3617 3593 3618
f 3618 3593 3591
f 3618 3591 3619
f 3619 3591 3589
f 3619 3589 3620
f 3620 3589 3587
f 3620 3587 3621
f 3621 3587 3585
f 3621 3585 3622
f 3622 3585 3583
f 3622 3583 3623
f 3623 3583 3581
f 3623 3581 3624
f 3624 3581 3579
f 3624 3579 3625
f 3625 3579 3577
f 3625 3577 3626
f 3626 3577 3575
f 3626 3575 3608
f 3608 3575 3573
f 2667 3627 2662
f 2662 3627 3628
f 2662 3628 2663
f 2663 3628 3629
f 2663 3629 2664
f 2664 3629 3630
f 2664 3630 2677
f 2677 3630 3631
f 2677 3631 2678
f 2678 3631 3632
f 2678 3632 2679
f 2679 3632 3633
f 2679 3633 2674
f 2674 3633 3634
f 2674 3634 2675
f 2675 3634 3635
f 2675 3635 2676
f 2676 3635 3636
f 2676 3636 2680
f 2680 3636 3637
f 2680 3637 2671
f 2671 3637 3638
f 2671 3638 2672
f 2672 3638 3639
f 2672 3639 2673
f 2673 3639 3640
f 2673 3640 2668
f 2668 3640 3641
f 2668 3641 2669
f 2669 3641 3642
f 2669 3642 2670
f 2670 3642 3643
f 2670 3643 2665
f 2665 3643 3644
f 2665 3644 2666
f 2666 3644 3645
f 2666 3645 2667
f 2667 3645 3627
f 3646 3647 3648
f 3648 3647 3649
f 3648 3649 3650
f 3650 3649 3651
f 3650 3651 3652
f 3652 3651 3653
f 3652 3653 3654
f 3654 3653 3655
f 3654 3655 3656
f 3656 3655 3657
f 3656 3657 3658
f 3658 3657 3659
f 3658 3659 3660
f 3660 3659 3661
f 3660 3661 3662
f 3662 3661 3663
f 3662 3663 3664
f 3664 3663 3665
f 3664 3665 3666
f 3666 3665 3667
f 3666 3667 3668
f 3668 3667 3669
f 3668 3669 3670
f 3670 3669 3671
f 3670 3671 3672
f 3672 3671 3673
f 3672 3673 3674
f 3674 3673 3675
f 3674 3675 3676
f 3676 3675 3677
f 3676 3677 3678
f 3678 3677 3679
f 3678 3679 3680
f 3680 3679 3681
f 3680 3681 3682
f 3682 3681 3683
f 3682 3683 3646
f 3646 3683 3647
f 3642 3684 3643
f 3643 3684 3685
f 3643 3685 3644
f 3644 3685 3686
f 3644 3686 3645
f 3645 3686 3687
f 3645 3687 3627
f 3627 3687 3688
f 3627 3688 3628
f 3628 3688 3689
f 3628 3689 3629
f 3629 3689 3690
f 3629 3690 3630
f 3630 3690 3691
f 3630 3691 3631
f 3631 3691 3692
f 3631 3692 3632
f 3632 3692 3693
f 3632 3693 3633
f 3633 3693 3694
f 3633 3694 3634
f 3634 3694 3695
f 3634 3695 3635
f 3635 3695 3696
f 3635 3696 3636
f 3636 3696 3697
f 3636 3697 3637
f 3637 3697 3698
f 3637 3698 3638
f 3638 3698 3699
f 3638 3699 3639
f 3639 3699 3700
f 3639 3700 3640
f 3640 3700 3701
f 3640 3701 3641
f 3641 3701 3702
f 3641 3702 3642
f 3642 3702 3684
f 3684 3649 3685
f 3685 3649 3647
f 3685 3647 3686
f 3686 3647 3683
f 3686 3683 3687
f 3687 3683 3681
f 3687 3681 3688
f 3688 3681 3679
f 3688 3679 3689
f 3689 3679 3677
f 3689 3677 3690
f 3690 3677 3675
f 3690 3675 3691
f 3691 3675 3673
f 3691 3673 3692
f 3692 3673 3671
f 3692 3671 3693
f 3693 3671 3669
f 3693 3669 3694
f 3694 3669 3667
f 3694 3667 3695
f 3695 3667 3665
f 3695 3665 3696
f 3696 3665 3663
f 3696 3663 3697
f 3697 3663 3661
f 3697 3661 3698
f 3698 3661 3659
f 3698 3659 3699
f 3699 3659 3657
f 3699 3657 3700
f 3700 3657 3655
f 3700 3655 3701
f 3701 3655 3653
f 3701 3653 3702
f 3702 3653 3651
f 3702 3651 3684
f 3684 3651 3649
f 675 3703 676
f 676 3703 3704
f 676 3704 684
f 684 3704 3705
f 684 3705 670
f 670 3705 3706
f 670 3706 671
f 671 3706 3707
f 671 3707 672
f 672 3707 3708
f 672 3708 665
f 665 3708 3709
f 665 3709 667
f 667 3709 3710
f 667 3710 668
f 668 3710 3711
f 668 3711 685
f 685 3711 3712
f 685 3712 681
f 681 3712 3713
f 681 3713 682
f 682 3713 3714
f 682 3714 683
f 683 3714 3715
f 683 3715 686
f 686 3715 3716
f 686 3716 678
f 678 3716 3717
f 678 3717 679
f 679 3717 3718
f 679 3718 680
f 680 3718 3719
f 680 3719 674
f 674 3719 3720
f 674 3720 675
f 675 3720 3703
f 1845 3721 1846
f 1846 3721 3722
f 1846 3722 1847
f 1847 3722 3723
f 1847 3723 1848
f 1848 3723 3724
f 1848 3724 1849
f 1849 3724 3725
f 1849 3725 1850
f 1850 3725 3726
f 1850 3726 1851
f 1851 3726 3727
f 1851 3727 1852
f 1852 3727 3728
f 1852 3728 1853
f 1853 3728 3729
f 1853 3729 1854
f 1854 3729 3730
f 1854 3730 1855
f 1855 3730 3731
f 1855 3731 1856
f 1856 3731 3732
f 1856 3732 1857
f 1857 3732 3733
f 1857 3733 1858
f 1858 3733 3734
f 1858 3734 1859
f 1859 3734 3735
f 1859 3735 1860
f 1860 3735 3736
f 1860 3736 1861
f 1861 3736 3737
f 1861 3737 1862
f 1862 3737 3738
f 1862 3738 1845
f 1845 3738 3721
f 695 3739 688
f 688 3739 3740
f 688 3740 690
f 690 3740 3741
f 690 3741 691
f 691 3741 3742
f 691 3742 707
f 707 3742 3743
f 707 3743 708
f 708 3743 3744
f 708 3744 704
f 704 3744 3745
f 704 3745 705
f 705 3745 3746
f 705 3746 706
f 706 3746 3747
f 706 3747 709
f 709 3747 3748
f 709 3748 701
f 701 3748 3749
f 701 3749 702
f 702 3749 3750
f 702 3750 703
f 703 3750 3751
f 703 3751 697
f 697 3751 3752
f 697 3752 698
f 698 3752 3753
f 698 3753 699
f 699 3753 3754
f 699 3754 693
f 693 3754 3755
f 693 3755 694
f 694 3755 3756
f 694 3756 695
f 695 3756 3739
f 1811 3757 1812
f 1812 3757 3758
f 1812 3758 1813
f 1813 3758 3759
f 1813 3759 1814
f 1814 3759 3760
f 1814 3760 1815
f 1815 3760 3761
f 1815 3761 1816
f 1816 3761 3762
f 1816 3762 1817
f 1817 3762 3763
f 1817 3763 1818
f 1818 3763 3764
f 1818 3764 1819
f 1819 3764 3765
f 1819 3765 1820
f 1820 3765 3766
f 1820 3766 1821
f 1821 3766 3767
f 1821 3767 1822
f 1822 3767 3768
f 1822 3768 1823
f 1823 3768 3769
f 1823 3769 1824
f 1824 3769 3770
f 1824 3770 1825
f 1825 3770 3771
f 1825 3771 1826
f 1826 3771 3772
f 1826 3772 1827
f 1827 3772 3773
f 1827 3773 1828
f 1828 3773 3774
f 1828 3774 1811
f 1811 3774 3757
f 1717 3775 1718
f 1718 3775 3776
f 1718 3776 1719
f 1719 3776 3777
f 1719 3777 1720
f 1720 3777 3778
f 1720 3778 1721
f 1721 3778 3779
f 1721 3779 1722
f 1722 3779 3780
f 1722 3780 1723
f 1723 3780 3781
f 1723 3781 1724
f 1724 3781 3782
f 1724 3782 1725
f 1725 3782 3783
f 1725 3783 1726
f 1726 3783 3784
f 1726 3784 1727
f 1727 3784 3785
f 1727 3785 1728
f 1728 3785 3786
f 1728 3786 1729
f 1729 3786 3787
f 1729 3787 1730
f 1730 3787 3788
f 1730 3788 1731
f 1731 3788 3789
f 1731 3789 1732
f 1732 3789 3790
f 1732 3790 1733
f 1733 3790 3791
f 1733 3791 1734
f 1734 3791 3792
f 1734 3792 1717
f 1717 3792 3775
f 764 3793 757
f 757 3793 3794
f 757 3794 759
f 759 3794 3795
f 759 3795 760
f 760 3795 3796
f 760 3796 776
f 776 3796 3797
f 776 3797 777
f 777 3797 3798
f 777 3798 773
f 773 3798 3799
f 773 3799 774
f 774 3799 3800
f 774 3800 775
f 775 3800 3801
f 775 3801 778
f 778 3801 3802
f 778 3802 770
f 770 3802 3803
f 770 3803 771
f 771 3803 3804
f 771 3804 772
f 772 3804 3805
f 772 3805 766
f 766 3805 3806
f 766 3806 767
f 767 3806 3807
f 767 3807 768
f 768 3807 3808
f 768 3808 762
f 762 3808 3809
f 762 3809 763
f 763 3809 3810
f 763 3810 764
f 764 3810 3793
f 824 3811 819
f 819 3811 3812
f 819 3812 820
f 820 3812 3813
f 820 3813 821
f 821 3813 3814
f 821 3814 822
f 822 3814 3815
f 822 3815 816
f 816 3815 3816
f 816 3816 817
f 817 3816 3817
f 817 3817 818
f 818 3817 3818
f 818 3818 812
f 812 3818 3819
f 812 3819 813
f 813 3819 3820
f 813 3820 814
f 814 3820 3821
f 814 3821 823
f 823 3821 3822
f 823 3822 808
f 808 3822 3823
f 808 3823 809
f 809 3823 3824
f 809 3824 810
f 810 3824 3825
f 810 3825 803
f 803 3825 3826
f 803 3826 805
f 805 3826 3827
f 805 3827 806
f 806 3827 3828
f 806 3828 824
f 824 3828 3811
f 3370 3829 3372
f 3372 3829 3830
f 3372 3830 3374
f 3374 3830 3376
f 3376 3830 3392
f 3376 3392 3378
f 3378 3392 3390
f 3378 3390 3380
f 3380 3390 3388
f 3380 3388 3382
f 3382 3388 3386
f 3382 3386 3384
f 3830 3831 3392
f 3392 3831 3394
f 3394 3831 3396
f 3396 3831 3832
f 3396 3832 3398
f 3829 3833 3830
f 3834 3835 7
f 7 3835 3836
f 7 3836 10
f 10 3836 3837
f 3838 3839 105
f 105 3839 3840
f 105 3840 114
f 114 3840 3841
f 3842 3834 3843
f 3843 3834 2
f 3843 2 3844
f 3842 3845 3834
f 3834 7 2
f 3844 3846 3843
f 3837 3749 3847
f 3847 3749 3748
f 3847 3748 3747
f 3836 3754 3837
f 3837 3754 3753
f 3837 3753 3752
f 3848 3740 3836
f 3836 3740 3739
f 3836 3739 3756
f 3847 3744 3848
f 3848 3744 3743
f 3848 3743 3742
f 3756 3755 3836
f 3836 3755 3754
f 3752 3751 3837
f 3837 3751 3750
f 3837 3750 3749
f 3747 3746 3847
f 3847 3746 3745
f 3847 3745 3744
f 3742 3741 3848
f 3848 3741 3740
f 3841 3776 3849
f 3849 3776 3775
f 3849 3775 3792
f 3840 3781 3841
f 3841 3781 3780
f 3841 3780 3779
f 3850 3785 3840
f 3840 3785 3784
f 3840 3784 3783
f 3849 3789 3850
f 3850 3789 3788
f 3850 3788 3787
f 3792 3791 3849
f 3849 3791 3790
f 3849 3790 3789
f 3787 3786 3850
f 3850 3786 3785
f 3783 3782 3840
f 3840 3782 3781
f 3779 3778 3841
f 3841 3778 3777
f 3841 3777 3776
f 3851 3852 3853
f 3854 3855 103
f 103 3855 3838
f 103 3838 105
f 3856 3852 3855
f 3855 3852 3838
f 3852 3857 3838
f 3838 3857 3858
f 3853 3852 3859
f 3859 3852 3856
f 3860 3831 3833
f 3833 3831 3830
f 3861 3836 3862
f 3862 3836 3835
f 3860 3832 3831
f 3863 3862 3864
f 3864 3862 3835
f 3865 3848 3861
f 3861 3848 3836
f 3857 3866 3858
f 3858 3866 3867
f 3847 3848 3868
f 3868 3848 3865
f 3842 3863 3845
f 3845 3863 3864
f 3845 3794 3834
f 3834 3794 3793
f 3834 3793 3810
f 3864 3799 3845
f 3845 3799 3798
f 3845 3798 3797
f 3835 3803 3864
f 3864 3803 3802
f 3864 3802 3801
f 3834 3807 3835
f 3835 3807 3806
f 3835 3806 3805
f 3810 3809 3834
f 3834 3809 3808
f 3834 3808 3807
f 3805 3804 3835
f 3835 3804 3803
f 3801 3800 3864
f 3864 3800 3799
f 3797 3796 3845
f 3845 3796 3795
f 3845 3795 3794
f 3869 3870 3871
f 3871 3870 3872
f 3871 3872 3873
f 3873 3872 3874
f 3873 3874 3875
f 3875 3874 3876
f 3875 3876 3877
f 3877 3876 3878
f 3877 3878 3879
f 3879 3878 3880
f 3879 3880 3881
f 3881 3880 3882
f 3881 3882 3883
f 3883 3882 3884
f 3883 3884 3885
f 3885 3884 3886
f 3885 3886 3887
f 3887 3886 3888
f 3887 3888 3889
f 3889 3888 3890
f 3889 3890 3891
f 3891 3890 3892
f 3891 3892 3893
f 3893 3892 3894
f 3893 3894 3895
f 3895 3894 3896
f 3895 3896 3897
f 3897 3896 3898
f 3897 3898 3899
f 3899 3898 3900
f 3899 3900 3901
f 3901 3900 3902
f 3901 3902 3903
f 3903 3902 3904
f 3903 3904 3905
f 3905 3904 3906
f 3856 3855 3859
f 3907 3908 3909
f 3909 3908 3910
f 3909 3910 3911
f 3911 3910 3912
f 3911 3912 3913
f 3913 3912 3914
f 3913 3914 3915
f 3915 3914 3916
f 3915 3916 3917
f 3917 3916 3918
f 3917 3918 3919
f 3919 3918 3920
f 3919 3920 3921
f 3921 3920 3922
f 3921 3922 3923
f 3923 3922 3924
f 3923 3924 3925
f 3925 3924 3926
f 3925 3926 3927
f 3927 3926 3928
f 3927 3928 3929
f 3929 3928 3930
f 3929 3930 3931
f 3931 3930 3932
f 3931 3932 3933
f 3933 3932 3934
f 3933 3934 3935
f 3935 3934 3936
f 3937 3938 3939
f 3939 3938 3940
f 3939 3940 3941
f 3941 3940 3942
f 3941 3942 3943
f 3943 3942 3944
f 3943 3944 3945
f 3945 3944 3946
f 3945 3946 3947
f 3947 3946 3948
f 3947 3948 3949
f 3949 3948 3950
f 3949 3950 3951
f 3951 3950 3952
f 3951 3952 3953
f 3953 3952 3954
f 3953 3954 3955
f 3955 3954 3956
f 3955 3956 3957
f 3957 3956 3958
f 3957 3958 3959
f 3959 3958 3960
f 3959 3960 3961
f 3961 3960 3962
f 3961 3962 3963
f 3963 3962 3964
f 3963 3964 3965
f 3965 3964 3966
f 3965 3966 3967
f 3967 3966 3968
f 3967 3968 3969
f 3969 3968 3970
f 3969 3970 3971
f 3971 3970 3972
f 3971 3972 3973
f 3973 3972 3974
f 3975 3976 3850
f 3850 3976 3849
f 3977 3929 3978
f 3978 3929 3931
f 3978 3931 3933
f 3979 3909 3977
f 3977 3909 3911
f 3977 3911 3913
f 3979 3907 3909
f 3977 3913 3927
f 3927 3913 3915
f 3927 3915 3925
f 3925 3915 3917
f 3925 3917 3923
f 3923 3917 3919
f 3923 3919 3921
f 3927 3929 3977
f 3935 3980 3933
f 3933 3980 3978
f 3975 3850 3981
f 3981 3850 3840
f 3980 3982 3978
f 3981 3840 3983
f 3983 3840 3839
f 3978 3982 3977
f 3977 3982 3984
f 3866 3983 3867
f 3867 3983 3839
f 3984 3979 3977
f 3858 3731 3838
f 3838 3731 3730
f 3838 3730 3729
f 3867 3736 3858
f 3858 3736 3735
f 3858 3735 3734
f 3839 3722 3867
f 3867 3722 3721
f 3867 3721 3738
f 3838 3726 3839
f 3839 3726 3725
f 3839 3725 3724
f 3738 3737 3867
f 3867 3737 3736
f 3734 3733 3858
f 3858 3733 3732
f 3858 3732 3731
f 3729 3728 3838
f 3838 3728 3727
f 3838 3727 3726
f 3724 3723 3839
f 3839 3723 3722
f 3857 3985 3866
f 3866 3985 3986
f 3866 3986 3987
f 3852 3988 3857
f 3857 3988 3989
f 3857 3989 3990
f 3851 3983 3852
f 3852 3983 3991
f 3852 3991 3992
f 3976 3993 3851
f 3851 3993 3994
f 3851 3994 3995
f 3975 3996 3976
f 3976 3996 3997
f 3976 3997 3998
f 3981 3999 3975
f 3975 3999 4000
f 3975 4000 4001
f 3983 3851 3981
f 3981 3851 4002
f 3981 4002 4003
f 3866 4004 3983
f 3983 4004 4005
f 3983 4005 4006
f 4006 4007 3983
f 3983 4007 4008
f 3983 4008 3991
f 3992 4009 3852
f 3852 4009 4010
f 3852 4010 4011
f 4011 4012 3852
f 3852 4012 4013
f 3852 4013 3988
f 3990 4014 3857
f 3857 4014 4015
f 3857 4015 4016
f 4016 4017 3857
f 3857 4017 3985
f 3987 4018 3866
f 3866 4018 4019
f 3866 4019 4004
f 4020 4021 3976
f 3976 4021 3993
f 3995 4022 3851
f 3851 4022 4023
f 3851 4023 4024
f 4024 4025 3851
f 3851 4025 4002
f 4003 4026 3981
f 3981 4026 4027
f 3981 4027 4028
f 4028 3999 3981
f 4001 4029 3975
f 3975 4029 4030
f 3975 4030 3996
f 3998 4031 3976
f 3976 4031 4032
f 3976 4032 4020
f 4033 4034 4035
f 4035 4034 4036
f 4035 4036 4037
f 4037 4036 4038
f 4037 4038 4039
f 4039 4038 4040
f 4039 4040 4041
f 4041 4040 4042
f 4041 4042 4043
f 4043 4042 4044
f 4043 4044 4045
f 4045 4044 4046
f 4045 4046 4047
f 4047 4046 4048
f 4047 4048 4049
f 4049 4048 4050
f 4049 4050 4051
f 4051 4050 4052
f 4051 4052 4053
f 4053 4052 4054
f 4053 4054 4055
f 4055 4054 4056
f 4055 4056 4057
f 4057 4056 4058
f 4057 4058 4059
f 4059 4058 4060
f 4059 4060 4061
f 4061 4060 4062
f 4061 4062 4063
f 4063 4062 4064
f 4063 4064 4065
f 4065 4064 4066
f 4065 4066 4067
f 4067 4066 4068
f 4067 4068 4033
f 4033 4068 4034
f 4069 4070 4071
f 4071 4070 4072
f 4071 4072 4073
f 4073 4072 4074
f 4073 4074 4075
f 4075 4074 4076
f 4075 4076 4077
f 4077 4076 4078
f 4077 4078 4079
f 4079 4078 4080
f 4079 4080 4081
f 4081 4080 4082
f 4081 4082 4083
f 4083 4082 4084
f 4083 4084 4085
f 4085 4084 4086
f 4085 4086 4087
f 4087 4086 4088
f 4087 4088 4089
f 4089 4088 4090
f 4089 4090 4091
f 4091 4090 4092
f 4091 4092 4093
f 4093 4092 4094
f 4093 4094 4095
f 4095 4094 4096
f 4095 4096 4097
f 4097 4096 4098
f 4097 4098 4099
f 4099 4098 4100
f 4099 4100 4101
f 4101 4100 4102
f 4101 4102 4103
f 4103 4102 4104
f 4103 4104 4069
f 4069 4104 4070
f 3868 4105 3837
f 3837 4105 14
f 3837 14 10
f 3837 3847 3868
f 3842 3843 4058
f 4058 3843 4106
f 4058 4106 4107
f 4058 4107 4060
f 4060 4107 4108
f 4060 4108 4062
f 4062 4108 4109
f 4062 4109 4110
f 4062 4110 4064
f 4064 4110 4111
f 4064 4111 3862
f 3862 4111 4112
f 3862 4112 4113
f 4113 4114 3862
f 3862 4114 3861
f 3861 4114 4115
f 3861 4115 4116
f 4116 4117 3861
f 3861 4117 4098
f 3861 4098 4096
f 4117 4118 4098
f 4098 4118 4100
f 4100 4118 4119
f 4100 4119 4120
f 4100 4120 4102
f 4102 4120 4121
f 4102 4121 4104
f 4104 4121 4122
f 4104 4122 4105
f 4105 3868 4104
f 4104 3868 4070
f 4070 3868 4072
f 4072 3868 4074
f 4074 3868 4076
f 4076 3868 4078
f 4078 3868 4080
f 4080 3868 4082
f 4082 3868 3865
f 4082 3865 4084
f 4084 3865 4086
f 4086 3865 4088
f 4088 3865 3861
f 4088 3861 4090
f 4090 3861 4092
f 4092 3861 4094
f 4094 3861 4096
f 3863 4038 3862
f 3862 4038 4036
f 3862 4036 4034
f 3842 4044 3863
f 3863 4044 4042
f 3863 4042 4040
f 4034 4068 3862
f 3862 4068 4066
f 3862 4066 4064
f 4058 4056 3842
f 3842 4056 4054
f 3842 4054 4052
f 4052 4050 3842
f 3842 4050 4048
f 3842 4048 4046
f 4046 4044 3842
f 4040 4038 3863
f 114 3841 122
f 122 3841 3859
f 122 3859 4123
f 3849 3976 3841
f 3841 3976 3853
f 3841 3853 3859
f 3976 3851 3853
f 4124 4125 4123
f 4123 4125 122
f 3854 4126 3855
f 3855 4126 4127
f 3855 4127 4128
f 4128 4129 3855
f 3855 4129 4130
f 3855 4130 4131
f 4131 4132 3855
f 3855 4132 4133
f 3855 4133 4134
f 3855 4134 3859
f 3859 4134 4135
f 3859 4135 4136
f 4136 4137 3859
f 3859 4137 4138
f 3859 4138 4139
f 4139 4140 3859
f 3859 4140 4141
f 3859 4141 4142
f 4142 4123 3859
f 4123 4142 4124
f 4124 4142 4143
f 4143 4142 4141
f 4143 4141 4144
f 4144 4141 4140
f 4144 4140 4145
f 4145 4140 4139
f 4145 4139 4146
f 4146 4139 4138
f 4146 4138 4147
f 4147 4138 4137
f 4147 4137 4148
f 4148 4137 4136
f 4148 4136 4149
f 4149 4136 4135
f 4149 4135 4150
f 4150 4135 4134
f 4150 4134 4151
f 4151 4134 4133
f 4151 4133 4152
f 4152 4133 4132
f 4152 4132 4153
f 4153 4132 4131
f 4153 4131 4154
f 4154 4131 4130
f 4154 4130 4155
f 4155 4130 4129
f 4155 4129 4156
f 4156 4129 4128
f 4156 4128 4157
f 4157 4128 4127
f 4157 4127 4158
f 4158 4127 4126
f 4158 4126 4159
f 4159 4126 3854
f 4159 3854 4160
f 4160 3854 126
f 126 3854 127
f 127 3854 128
f 128 3854 103
f 1777 4161 1778
f 1778 4161 4162
f 1778 4162 1779
f 1779 4162 4163
f 1779 4163 1780
f 1780 4163 4164
f 1780 4164 1781
f 1781 4164 4165
f 1781 4165 1782
f 1782 4165 4166
f 1782 4166 1783
f 1783 4166 4167
f 1783 4167 1784
f 1784 4167 4168
f 1784 4168 1785
f 1785 4168 4169
f 1785 4169 1786
f 1786 4169 4170
f 1786 4170 1787
f 1787 4170 4171
f 1787 4171 1788
f 1788 4171 4172
f 1788 4172 1789
f 1789 4172 4173
f 1789 4173 1790
f 1790 4173 4174
f 1790 4174 1791
f 1791 4174 4175
f 1791 4175 1792
f 1792 4175 4176
f 1792 4176 1793
f 1793 4176 4177
f 1793 4177 1794
f 1794 4177 4178
f 1794 4178 1777
f 1777 4178 4161
f 790 4179 791
f 791 4179 4180
f 791 4180 799
f 799 4180 4181
f 799 4181 785
f 785 4181 4182
f 785 4182 786
f 786 4182 4183
f 786 4183 787
f 787 4183 4184
f 787 4184 780
f 780 4184 4185
f 780 4185 782
f 782 4185 4186
f 782 4186 783
f 783 4186 4187
f 783 4187 800
f 800 4187 4188
f 800 4188 796
f 796 4188 4189
f 796 4189 797
f 797 4189 4190
f 797 4190 798
f 798 4190 4191
f 798 4191 801
f 801 4191 4192
f 801 4192 793
f 793 4192 4193
f 793 4193 794
f 794 4193 4194
f 794 4194 795
f 795 4194 4195
f 795 4195 789
f 789 4195 4196
f 789 4196 790
f 790 4196 4179
f 755 4197 750
f 750 4197 4198
f 750 4198 751
f 751 4198 4199
f 751 4199 752
f 752 4199 4200
f 752 4200 753
f 753 4200 4201
f 753 4201 747
f 747 4201 4202
f 747 4202 748
f 748 4202 4203
f 748 4203 749
f 749 4203 4204
f 749 4204 743
f 743 4204 4205
f 743 4205 744
f 744 4205 4206
f 744 4206 745
f 745 4206 4207
f 745 4207 754
f 754 4207 4208
f 754 4208 739
f 739 4208 4209
f 739 4209 740
f 740 4209 4210
f 740 4210 741
f 741 4210 4211
f 741 4211 734
f 734 4211 4212
f 734 4212 736
f 736 4212 4213
f 736 4213 737
f 737 4213 4214
f 737 4214 755
f 755 4214 4197
f 1649 4215 1650
f 1650 4215 4216
f 1650 4216 1651
f 1651 4216 4217
f 1651 4217 1652
f 1652 4217 4218
f 1652 4218 1653
f 1653 4218 4219
f 1653 4219 1654
f 1654 4219 4220
f 1654 4220 1655
f 1655 4220 4221
f 1655 4221 1656
f 1656 4221 4222
f 1656 4222 1657
f 1657 4222 4223
f 1657 4223 1658
f 1658 4223 4224
f 1658 4224 1659
f 1659 4224 4225
f 1659 4225 1660
f 1660 4225 4226
f 1660 4226 1661
f 1661 4226 4227
f 1661 4227 1662
f 1662 4227 4228
f 1662 4228 1663
f 1663 4228 4229
f 1663 4229 1664
f 1664 4229 4230
f 1664 4230 1665
f 1665 4230 4231
f 1665 4231 1666
f 1666 4231 4232
f 1666 4232 1649
f 1649 4232 4215
f 1683 4233 1684
f 1684 4233 4234
f 1684 4234 1685
f 1685 4234 4235
f 1685 4235 1686
f 1686 4235 4236
f 1686 4236 1687
f 1687 4236 4237
f 1687 4237 1688
f 1688 4237 4238
f 1688 4238 1689
f 1689 4238 4239
f 1689 4239 1690
f 1690 4239 4240
f 1690 4240 1691
f 1691 4240 4241
f 1691 4241 1692
f 1692 4241 4242
f 1692 4242 1693
f 1693 4242 4243
f 1693 4243 1694
f 1694 4243 4244
f 1694 4244 1695
f 1695 4244 4245
f 1695 4245 1696
f 1696 4245 4246
f 1696 4246 1697
f 1697 4246 4247
f 1697 4247 1698
f 1698 4247 4248
f 1698 4248 1699
f 1699 4248 4249
f 1699 4249 1700
f 1700 4249 4250
f 1700 4250 1683
f 1683 4250 4233
f 4251 4252 3420
f 3420 4252 4253
f 3420 4253 3418
f 3418 4253 4254
f 3418 4254 3454
f 3454 4254 4255
f 3454 4255 3452
f 3452 4255 4256
f 3452 4256 4257
f 3452 4257 3450
f 3450 4257 4258
f 3450 4258 3448
f 3448 4258 4259
f 3448 4259 4260
f 3448 4260 3446
f 3446 4260 4261
f 3446 4261 3444
f 3444 4261 4262
f 3444 4262 3442
f 3442 4262 4263
f 3442 4263 4264
f 3442 4264 3440
f 3440 4264 4265
f 3440 4265 3438
f 3438 4265 4266
f 3438 4266 3436
f 3436 4266 4267
f 3436 4267 4268
f 3436 4268 3434
f 3434 4268 4269
f 3434 4269 3432
f 3432 4269 4270
f 3432 4270 3430
f 3430 4270 4271
f 3430 4271 4272
f 3430 4272 3428
f 3428 4272 4273
f 3428 4273 3426
f 3426 4273 4274
f 3426 4274 4275
f 3426 4275 3424
f 3424 4275 4276
f 3424 4276 3422
f 3422 4276 4251
f 3422 4251 3420
f 4251 2446 4252
f 4252 2446 2447
f 4252 2447 4253
f 4253 2447 2448
f 4253 2448 4254
f 4254 2448 2439
f 4254 2439 4255
f 4255 2439 2441
f 4255 2441 4256
f 4256 2441 2443
f 4256 2443 4257
f 4257 2443 2445
f 4257 2445 4258
f 4258 2445 2376
f 4258 2376 4259
f 4259 2376 2377
f 4259 2377 4260
f 4260 2377 2392
f 4260 2392 4261
f 4261 2392 2394
f 4261 2394 4262
f 4262 2394 2396
f 4262 2396 4263
f 4263 2396 2398
f 4263 2398 4264
f 4264 2398 2400
f 4264 2400 4265
f 4265 2400 2401
f 4265 2401 4266
f 4266 2401 2402
f 4266 2402 4267
f 4267 2402 2403
f 4267 2403 4268
f 4268 2403 2404
f 4268 2404 4269
f 4269 2404 2456
f 4269 2456 4270
f 4270 2456 2455
f 4270 2455 4271
f 4271 2455 2454
f 4271 2454 4272
f 4272 2454 2453
f 4272 2453 4273
f 4273 2453 2452
f 4273 2452 4274
f 4274 2452 2451
f 4274 2451 4275
f 4275 2451 2450
f 4275 2450 4276
f 4276 2450 2449
f 4276 2449 4251
f 4251 2449 2446
f 4277 4278 3572
f 3572 4278 4279
f 3572 4279 3570
f 3570 4279 4280
f 3570 4280 3606
f 3606 4280 4281
f 3606 4281 3604
f 3604 4281 4282
f 3604 4282 4283
f 3604 4283 3602
f 3602 4283 4284
f 3602 4284 3600
f 3600 4284 4285
f 3600 4285 4286
f 3600 4286 3598
f 3598 4286 4287
f 3598 4287 3596
f 3596 4287 4288
f 3596 4288 3594
f 3594 4288 4289
f 3594 4289 4290
f 3594 4290 3592
f 3592 4290 4291
f 3592 4291 3590
f 3590 4291 4292
f 3590 4292 3588
f 3588 4292 4293
f 3588 4293 4294
f 3588 4294 3586
f 3586 4294 4295
f 3586 4295 3584
f 3584 4295 4296
f 3584 4296 3582
f 3582 4296 4297
f 3582 4297 4298
f 3582 4298 3580
f 3580 4298 4299
f 3580 4299 3578
f 3578 4299 4300
f 3578 4300 4301
f 3578 4301 3576
f 3576 4301 4302
f 3576 4302 3574
f 3574 4302 4277
f 3574 4277 3572
f 4277 2422 4278
f 4278 2422 2423
f 4278 2423 4279
f 4279 2423 2424
f 4279 2424 4280
f 4280 2424 2425
f 4280 2425 4281
f 4281 2425 2426
f 4281 2426 4282
f 4282 2426 2427
f 4282 2427 4283
f 4283 2427 2428
f 4283 2428 4284
f 4284 2428 2429
f 4284 2429 4285
f 4285 2429 2430
f 4285 2430 4286
f 4286 2430 2367
f 4286 2367 4287
f 4287 2367 2366
f 4287 2366 4288
f 4288 2366 2368
f 4288 2368 4289
f 4289 2368 2370
f 4289 2370 4290
f 4290 2370 2372
f 4290 2372 4291
f 4291 2372 2374
f 4291 2374 4292
f 4292 2374 2444
f 4292 2444 4293
f 4293 2444 2442
f 4293 2442 4294
f 4294 2442 2440
f 4294 2440 4295
f 4295 2440 2438
f 4295 2438 4296
f 4296 2438 2437
f 4296 2437 4297
f 4297 2437 2436
f 4297 2436 4298
f 4298 2436 2435
f 4298 2435 4299
f 4299 2435 2434
f 4299 2434 4300
f 4300 2434 2433
f 4300 2433 4301
f 4301 2433 2432
f 4301 2432 4302
f 4302 2432 2431
f 4302 2431 4277
f 4277 2431 2422
f 4303 4304 3496
f 3496 4304 4305
f 3496 4305 3494
f 3494 4305 4306
f 3494 4306 3530
f 3530 4306 4307
f 3530 4307 3528
f 3528 4307 4308
f 3528 4308 4309
f 3528 4309 3526
f 3526 4309 4310
f 3526 4310 3524
f 3524 4310 4311
f 3524 4311 4312
f 3524 4312 3522
f 3522 4312 4313
f 3522 4313 3520
f 3520 4313 4314
f 3520 4314 3518
f 3518 4314 4315
f 3518 4315 4316
f 3518 4316 3516
f 3516 4316 4317
f 3516 4317 3514
f 3514 4317 4318
f 3514 4318 3512
f 3512 4318 4319
f 3512 4319 4320
f 3512 4320 3510
f 3510 4320 4321
f 3510 4321 3508
f 3508 4321 4322
f 3508 4322 3506
f 3506 4322 4323
f 3506 4323 4324
f 3506 4324 3504
f 3504 4324 4325
f 3504 4325 3502
f 3502 4325 4326
f 3502 4326 4327
f 3502 4327 3500
f 3500 4327 4328
f 3500 4328 3498
f 3498 4328 4303
f 3498 4303 3496
f 4303 2393 4304
f 4304 2393 2379
f 4304 2379 4305
f 4305 2379 2381
f 4305 2381 4306
f 4306 2381 2383
f 4306 2383 4307
f 4307 2383 2385
f 4307 2385 4308
f 4308 2385 2387
f 4308 2387 4309
f 4309 2387 2421
f 4309 2421 4310
f 4310 2421 2420
f 4310 2420 4311
f 4311 2420 2419
f 4311 2419 4312
f 4312 2419 2418
f 4312 2418 4313
f 4313 2418 2417
f 4313 2417 4314
f 4314 2417 2416
f 4314 2416 4315
f 4315 2416 2415
f 4315 2415 4316
f 4316 2415 2414
f 4316 2414 4317
f 4317 2414 2413
f 4317 2413 4318
f 4318 2413 2412
f 4318 2412 4319
f 4319 2412 2411
f 4319 2411 4320
f 4320 2411 2410
f 4320 2410 4321
f 4321 2410 2409
f 4321 2409 4322
f 4322 2409 2408
f 4322 2408 4323
f 4323 2408 2407
f 4323 2407 4324
f 4324 2407 2406
f 4324 2406 4325
f 4325 2406 2405
f 4325 2405 4326
f 4326 2405 2399
f 4326 2399 4327
f 4327 2399 2397
f 4327 2397 4328
f 4328 2397 2395
f 4328 2395 4303
f 4303 2395 2393
f 4329 4330 3648
f 3648 4330 4331
f 3648 4331 3646
f 3646 4331 4332
f 3646 4332 3682
f 3682 4332 4333
f 3682 4333 3680
f 3680 4333 4334
f 3680 4334 4335
f 3680 4335 3678
f 3678 4335 4336
f 3678 4336 3676
f 3676 4336 4337
f 3676 4337 4338
f 3676 4338 3674
f 3674 4338 4339
f 3674 4339 3672
f 3672 4339 4340
f 3672 4340 3670
f 3670 4340 4341
f 3670 4341 4342
f 3670 4342 3668
f 3668 4342 4343
f 3668 4343 3666
f 3666 4343 4344
f 3666 4344 3664
f 3664 4344 4345
f 3664 4345 4346
f 3664 4346 3662
f 3662 4346 4347
f 3662 4347 3660
f 3660 4347 4348
f 3660 4348 3658
f 3658 4348 4349
f 3658 4349 4350
f 3658 4350 3656
f 3656 4350 4351
f 3656 4351 3654
f 3654 4351 4352
f 3654 4352 4353
f 3654 4353 3652
f 3652 4353 4354
f 3652 4354 3650
f 3650 4354 4329
f 3650 4329 3648
f 4329 2353 4330
f 4330 2353 2354
f 4330 2354 4331
f 4331 2354 2355
f 4331 2355 4332
f 4332 2355 2356
f 4332 2356 4333
f 4333 2356 2357
f 4333 2357 4334
f 4334 2357 2358
f 4334 2358 4335
f 4335 2358 2359
f 4335 2359 4336
f 4336 2359 2360
f 4336 2360 4337
f 4337 2360 2361
f 4337 2361 4338
f 4338 2361 2362
f 4338 2362 4339
f 4339 2362 2363
f 4339 2363 4340
f 4340 2363 2364
f 4340 2364 4341
f 4341 2364 2391
f 4341 2391 4342
f 4342 2391 2390
f 4342 2390 4343
f 4343 2390 2389
f 4343 2389 4344
f 4344 2389 2388
f 4344 2388 4345
f 4345 2388 2386
f 4345 2386 4346
f 4346 2386 2384
f 4346 2384 4347
f 4347 2384 2382
f 4347 2382 4348
f 4348 2382 2380
f 4348 2380 4349
f 4349 2380 2378
f 4349 2378 4350
f 4350 2378 2375
f 4350 2375 4351
f 4351 2375 2373
f 4351 2373 4352
f 4352 2373 2371
f 4352 2371 4353
f 4353 2371 2369
f 4353 2369 4354
f 4354 2369 2365
f 4354 2365 4329
f 4329 2365 2353
f 4355 4356 4357
f 4357 4356 4358
f 4357 4358 4359
f 4359 4358 4360
f 4360 4358 4361
f 4360 4361 4362
f 4362 4361 4363
f 4363 4361 4364
f 4363 4364 4365
f 4365 4364 4366
f 4366 4364 4367
f 4366 4367 4368
f 4368 4367 4369
f 4369 4367 4370
f 4369 4370 4371
f 4371 4370 4372
f 4372 4370 4373
f 4372 4373 4374
f 4374 4373 4375
f 4375 4373 4376
f 4375 4376 4377
f 4377 4376 4378
f 4378 4376 4379
f 4378 4379 4380
f 4380 4379 4381
f 4380 4381 4382
f 4355 4383 4356
f 4356 4383 4384
f 4356 4384 4361
f 4361 4384 4364
f 4383 4385 4384
f 4384 4385 4386
f 4384 4386 4387
f 4387 4386 4388
f 4387 4388 4389
f 4387 4389 4390
f 4390 4389 4391
f 4390 4391 4392
f 4390 4392 4393
f 4393 4392 4394
f 4393 4394 4395
f 4393 4395 4396
f 4396 4395 4397
f 4396 4397 4398
f 4396 4398 4399
f 4399 4398 4400
f 4399 4400 4401
f 4399 4401 4402
f 4402 4401 4403
f 4402 4403 4404
f 4404 4403 4405
f 4404 4405 4406
f 4403 4407 4405
f 4406 4408 4404
f 4404 4408 4409
f 4404 4409 4399
f 4399 4409 4396
f 4408 4410 4409
f 4409 4410 4411
f 4409 4411 4412
f 4412 4411 4413
f 4412 4413 4414
f 4412 4414 4415
f 4415 4414 4416
f 4415 4416 4417
f 4415 4417 4418
f 4418 4417 4419
f 4418 4419 4420
f 4421 4422 4420
f 4420 4422 4423
f 4420 4423 4418
f 4418 4423 4424
f 4418 4424 4425
f 4425 4424 4426
f 4425 4426 4427
f 4427 4426 4428
f 4428 4426 4429
f 4429 4426 4424
f 4429 4424 4430
f 4430 4424 4423
f 4430 4423 4431
f 4431 4423 4432
f 4431 4432 4433
f 4433 4432 4434
f 4433 4434 4435
f 4435 4434 4436
f 4435 4436 4437
f 4421 4438 4422
f 4422 4438 4423
f 4439 4440 4438
f 4438 4440 4432
f 4438 4432 4423
f 4439 4441 4440
f 4440 4441 4432
f 4436 4442 4441
f 4441 4442 4434
f 4441 4434 4432
f 4425 4427 4443
f 4443 4427 4444
f 4443 4444 4445
f 4445 4444 4446
f 4445 4446 4393
f 4393 4446 4390
f 4446 4444 4447
f 4447 4444 4448
f 4447 4448 4367
f 4367 4448 4370
f 4359 4449 4357
f 4361 4358 4356
f 4367 4364 4387
f 4387 4364 4384
f 4415 4393 4412
f 4412 4393 4396
f 4412 4396 4409
f 4425 4443 4418
f 4418 4443 4415
f 4443 4445 4415
f 4415 4445 4393
f 4447 4367 4390
f 4390 4367 4387
f 4447 4390 4446
f 4402 4404 4399
f 4436 4434 4442
f 3843 3846 4106
f 4106 3846 4450
f 4106 4450 4107
f 4107 4450 4451
f 4107 4451 4108
f 4108 4451 4452
f 4108 4452 4109
f 4109 4452 4453
f 4109 4453 4110
f 4110 4453 4454
f 4110 4454 4111
f 4111 4454 4455
f 4111 4455 4112
f 4112 4455 4456
f 4112 4456 4113
f 4113 4456 4457
f 4113 4457 4114
f 4114 4457 4458
f 4114 4458 4115
f 4115 4458 4459
f 4115 4459 4116
f 4116 4459 4460
f 4116 4460 4117
f 4117 4460 4461
f 4117 4461 4118
f 4118 4461 4462
f 4118 4462 4119
f 4119 4462 4463
f 4119 4463 4120
f 4120 4463 4464
f 4120 4464 4121
f 4121 4464 4465
f 4121 4465 4122
f 4122 4465 4466
f 4122 4466 4105
f 4105 4466 4467
f 4105 4467 22
f 22 21 4105
f 4105 21 18
f 4105 18 14
f 4468 102 4469
f 4469 102 96
f 126 102 4160
f 4160 102 4468
f 19 4470 23
f 23 4470 4471
f 4467 4470 22
f 22 4470 19
f 4472 4444 4473
f 4473 4444 4427
f 4474 4475 4476
f 4476 4475 4477
f 4476 4477 4478
f 4476 4478 4479
f 4479 4478 4480
f 4479 4480 4481
f 4481 4480 4482
f 4481 4482 4483
f 4483 4482 4484
f 4483 4484 4485
f 4485 4484 4464
f 4485 4464 4463
f 4484 4486 4464
f 4464 4486 4465
f 4465 4486 4487
f 4465 4487 4466
f 4466 4487 4488
f 4466 4488 4489
f 4466 4489 4467
f 4467 4489 4490
f 4467 4490 4491
f 4491 4492 4467
f 4467 4492 4493
f 4467 4493 4494
f 4495 4496 4494
f 4494 4496 4497
f 4494 4497 4467
f 4467 4497 4498
f 4467 4498 4499
f 4467 4499 4470
f 4470 4499 4500
f 4470 4500 4501
f 4470 4501 4471
f 4471 4501 4502
f 4471 4502 4503
f 4503 4504 4471
f 4471 4504 4505
f 4471 4505 4506
f 4471 4506 4507
f 4507 4506 4508
f 4507 4508 4509
f 4485 4463 4510
f 4510 4463 4462
f 4510 4462 4511
f 4511 4462 4512
f 4512 4462 4461
f 4512 4461 4513
f 4513 4461 4460
f 4513 4460 4514
f 4514 4460 3833
f 4514 3833 4515
f 4515 3833 4516
f 4516 3833 4517
f 4517 3833 3829
f 4517 3829 4518
f 4518 3829 4519
f 4519 3829 4520
f 4520 3829 4521
f 4521 3829 4522
f 4522 3829 3370
f 4522 3370 4523
f 4523 3370 4524
f 4524 3370 4525
f 4525 3370 4526
f 4526 3370 4527
f 4527 3370 4528
f 4528 3370 4529
f 4528 4529 4530
f 4530 4529 4531
f 4530 4531 4532
f 4460 4459 3833
f 3833 4459 4458
f 3833 4458 3860
f 3860 4458 4457
f 3860 4457 4456
f 4455 4533 4456
f 4456 4533 4534
f 4456 4534 3860
f 3860 4534 4535
f 3860 4535 4536
f 4533 4455 4537
f 4537 4455 4454
f 4537 4454 4538
f 4538 4454 4539
f 4538 4539 4540
f 4454 4453 4539
f 4539 4453 4541
f 4541 4453 4452
f 4541 4452 4542
f 4542 4452 4543
f 4543 4452 4451
f 4543 4451 4544
f 4544 4451 4450
f 4544 4450 4545
f 4545 4450 4546
f 4546 4450 3846
f 4546 3846 4547
f 4547 3846 4548
f 4548 3846 4549
f 4549 3846 4550
f 4550 3846 4551
f 4551 3846 4552
f 4551 4552 4553
f 3844 4554 3846
f 3846 4554 4555
f 3846 4555 4556
f 4557 4558 3844
f 3844 4558 4559
f 3844 4559 4560
f 4561 4562 4557
f 4557 4562 4558
f 4560 4563 3844
f 3844 4563 4564
f 3844 4564 4565
f 4565 4554 3844
f 4556 4566 3846
f 3846 4566 4567
f 3846 4567 4568
f 4568 4552 3846
f 4553 4569 4551
f 4541 4542 4570
f 4570 4542 4571
f 4570 4571 4572
f 4572 4571 4573
f 4572 4573 4574
f 4574 4573 4575
f 4574 4575 4576
f 4576 4575 4577
f 4576 4577 4578
f 4578 4579 4576
f 4580 4581 4540
f 4540 4581 4582
f 4540 4582 4538
f 4583 4584 4580
f 4580 4584 4585
f 4580 4585 4581
f 4584 4583 4586
f 4586 4583 4587
f 4586 4587 4588
f 4588 4587 4589
f 4588 4589 4590
f 4591 3398 4590
f 4590 3398 4592
f 4590 4592 4588
f 4591 4593 3398
f 3398 4593 4594
f 3398 4594 4595
f 4595 3397 3398
f 3832 4596 3398
f 3398 4596 4597
f 3398 4597 4598
f 3860 4599 3832
f 3832 4599 4600
f 3832 4600 4601
f 3369 4602 3370
f 3370 4602 4603
f 3370 4603 4604
f 4604 4605 3370
f 3370 4605 4529
f 4530 4532 4606
f 4606 4532 4607
f 4606 4607 4608
f 4608 4607 4609
f 4608 4609 4610
f 4610 4609 4611
f 4611 4609 4612
f 4611 4612 4613
f 4613 4612 4511
f 4511 4612 4510
f 4536 4599 3860
f 4601 4614 3832
f 3832 4614 4615
f 3832 4615 4596
f 4598 4616 3398
f 3398 4616 4617
f 3398 4617 4618
f 4618 4592 3398
f 4619 4620 4578
f 4578 4620 4621
f 4578 4621 4579
f 4620 4619 4622
f 4622 4619 4623
f 4622 4623 4624
f 4624 4623 4625
f 4624 4625 4626
f 4626 4625 4627
f 4626 4627 4628
f 4628 4627 4629
f 4628 4629 4630
f 4630 4629 4631
f 4630 4631 4632
f 4632 4631 4633
f 4633 4631 4634
f 4633 4634 4635
f 4635 4634 4636
f 4635 4636 4637
f 4637 4636 4638
f 4637 4638 4639
f 4623 4640 4625
f 4625 4640 4641
f 4625 4641 4627
f 4627 4641 4642
f 4627 4642 4643
f 4627 4643 4629
f 4629 4643 4644
f 4629 4644 4645
f 4629 4645 4646
f 4646 4645 4647
f 4646 4647 4648
f 4646 4648 4649
f 4649 4648 4650
f 4649 4650 4651
f 4649 4651 4652
f 4652 4651 4653
f 4652 4653 4654
f 4652 4654 4655
f 4655 4654 4656
f 4655 4656 4553
f 4553 4656 4569
f 4655 4553 4657
f 4657 4553 4658
f 4657 4658 4659
f 4657 4659 4660
f 4660 4659 4661
f 4660 4661 4662
f 4660 4662 4663
f 4663 4662 4664
f 4663 4664 4665
f 4663 4665 4636
f 4636 4665 4666
f 4636 4666 4638
f 4639 4667 4637
f 4637 4667 4668
f 4668 4667 4669
f 4668 4669 4670
f 4668 4670 4671
f 4671 4670 4672
f 4671 4672 4673
f 4671 4673 4674
f 4674 4673 4675
f 4674 4675 4557
f 4557 4675 4561
f 4637 4676 4635
f 4635 4676 4633
f 4677 4678 4632
f 4632 4678 4679
f 4632 4679 4630
f 4630 4679 4628
f 4678 4677 4680
f 4680 4677 4681
f 4680 4681 4682
f 4682 4681 4683
f 4682 4683 4684
f 4682 4684 4685
f 4685 4684 4686
f 4685 4686 4687
f 4687 4686 4595
f 4687 4595 4594
f 4594 4688 4687
f 4687 4688 4689
f 4687 4689 4690
f 4690 4689 4688
f 4691 4692 4690
f 4690 4692 4685
f 4690 4685 4687
f 4691 4693 4692
f 4692 4693 4685
f 4694 4695 4693
f 4693 4695 4682
f 4693 4682 4685
f 4694 4696 4695
f 4695 4696 4680
f 4695 4680 4682
f 4680 4696 4697
f 4697 4696 4698
f 4697 4698 4699
f 4697 4699 4628
f 4628 4699 4700
f 4628 4700 4701
f 4628 4701 4626
f 4626 4701 4702
f 4626 4702 4703
f 4626 4703 4624
f 4624 4703 4704
f 4624 4704 4705
f 4624 4705 4620
f 4620 4705 4621
f 4624 4620 4622
f 4636 4646 4663
f 4663 4646 4649
f 4663 4649 4660
f 4660 4649 4652
f 4660 4652 4657
f 4657 4652 4655
f 4631 4629 4646
f 4631 4646 4634
f 4634 4646 4636
f 4678 4680 4697
f 4678 4697 4679
f 4679 4697 4628
f 4706 4707 4708
f 4708 4707 4709
f 4708 4709 4710
f 4708 4710 4711
f 4711 4710 4712
f 4711 4712 4713
f 4714 4715 4713
f 4713 4715 4716
f 4713 4716 4711
f 4711 4716 4717
f 4711 4717 4718
f 4714 4719 4715
f 4715 4719 4716
f 4716 4719 4720
f 4720 4719 4721
f 4720 4721 4722
f 4722 4721 4723
f 4722 4723 4724
f 4724 4723 4725
f 4724 4725 4726
f 4724 4726 4727
f 4727 4726 4728
f 4727 4728 4729
f 4727 4729 4730
f 4730 4729 4731
f 4730 4731 4732
f 4730 4732 4733
f 4733 4732 4734
f 4733 4734 4735
f 4735 4734 4736
f 4735 4737 4733
f 4733 4737 4738
f 4733 4738 4730
f 4730 4738 4739
f 4730 4739 4740
f 4741 4742 4740
f 4740 4742 4727
f 4740 4727 4730
f 4741 4743 4742
f 4742 4743 4727
f 4727 4743 4724
f 4724 4743 4744
f 4724 4744 4745
f 4745 4744 4746
f 4745 4746 4747
f 4747 4746 4748
f 4747 4748 4749
f 4747 4749 4750
f 4750 4749 4751
f 4750 4751 4752
f 4750 4752 4753
f 4753 4752 4754
f 4753 4754 4755
f 4753 4755 4756
f 4756 4755 4757
f 4756 4757 4758
f 4758 4757 4759
f 4758 4760 4756
f 4756 4760 4761
f 4756 4761 4753
f 4753 4761 4762
f 4753 4762 4750
f 4750 4762 4763
f 4750 4763 4764
f 4750 4764 4747
f 4747 4764 4765
f 4747 4765 4766
f 4766 4765 4767
f 4766 4767 4768
f 4768 4767 4769
f 4768 4769 4770
f 4770 4769 4771
f 4770 4771 4724
f 4724 4771 4722
f 4767 4772 4769
f 4771 4769 4773
f 4773 4769 4774
f 4773 4774 4720
f 4720 4774 4775
f 4720 4775 4716
f 4716 4775 4776
f 4716 4776 4717
f 4711 4718 4708
f 4708 4718 4706
f 4770 4724 4745
f 4766 4768 4747
f 4747 4768 4745
f 4768 4770 4745
f 4773 4720 4722
f 4773 4722 4771
f 4777 1390 4778
f 4778 1390 1388
f 4778 1388 4779
f 4779 1388 1387
f 4779 1387 4780
f 4780 1387 1419
f 4780 1419 4781
f 4781 1419 1417
f 4781 1417 4782
f 4782 1417 1415
f 4782 1415 4783
f 4783 1415 1413
f 4783 1413 4784
f 4784 1413 1411
f 4784 1411 4785
f 4785 1411 1409
f 4785 1409 4786
f 4786 1409 1407
f 4786 1407 4787
f 4787 1407 1406
f 4787 1406 4788
f 4788 1406 1404
f 4788 1404 4789
f 4789 1404 1402
f 4789 1402 4790
f 4790 1402 1400
f 4790 1400 4791
f 4791 1400 1398
f 4791 1398 4792
f 4792 1398 1396
f 4792 1396 4793
f 4793 1396 1394
f 4793 1394 4794
f 4794 1394 1392
f 4794 1392 4777
f 4777 1392 1390
f 732 4795 727
f 727 4795 4796
f 727 4796 728
f 728 4796 4797
f 728 4797 729
f 729 4797 4798
f 729 4798 730
f 730 4798 4799
f 730 4799 724
f 724 4799 4800
f 724 4800 725
f 725 4800 4801
f 725 4801 726
f 726 4801 4802
f 726 4802 720
f 720 4802 4803
f 720 4803 721
f 721 4803 4804
f 721 4804 722
f 722 4804 4805
f 722 4805 731
f 731 4805 4806
f 731 4806 716
f 716 4806 4807
f 716 4807 717
f 717 4807 4808
f 717 4808 718
f 718 4808 4809
f 718 4809 711
f 711 4809 4810
f 711 4810 713
f 713 4810 4811
f 713 4811 714
f 714 4811 4812
f 714 4812 732
f 732 4812 4795
f 4813 2348 4814
f 4814 2348 2349
f 4814 2349 2350
f 2348 4813 2347
f 2347 4813 4815
f 2347 4815 2346
f 2346 4815 4816
f 2346 4816 142
f 142 4816 4817
f 142 4817 143
f 143 4817 4818
f 143 4818 146
f 146 4818 4819
f 146 4819 148
f 148 4819 4820
f 148 4820 149
f 149 4820 4821
f 149 4821 151
f 151 4821 4822
f 151 4822 152
f 152 4822 4823
f 152 4823 153
f 153 4823 4824
f 153 4824 155
f 155 4824 4825
f 155 4825 156
f 156 4825 4826
f 156 4826 158
f 158 4826 4827
f 158 4827 160
f 160 4827 4828
f 160 4828 2352
f 2352 4828 4829
f 2352 4829 2351
f 2351 4829 4830
f 2351 4830 2350
f 2350 4830 4814
f 2327 4831 76
f 76 4831 4832
f 76 4832 77
f 77 4832 4833
f 77 4833 80
f 80 4833 4834
f 80 4834 82
f 82 4834 4835
f 82 4835 83
f 83 4835 4836
f 83 4836 85
f 85 4836 4837
f 85 4837 86
f 86 4837 4838
f 86 4838 87
f 87 4838 4839
f 87 4839 89
f 89 4839 4840
f 89 4840 90
f 90 4840 4841
f 90 4841 92
f 92 4841 4842
f 92 4842 94
f 94 4842 4843
f 94 4843 2333
f 2333 4843 4844
f 2333 4844 2332
f 2332 4844 4845
f 2332 4845 2331
f 2331 4845 4846
f 2331 4846 2330
f 2330 4846 2329
f 2329 4846 4847
f 2329 4847 2328
f 2328 4847 4848
f 2328 4848 2327
f 2327 4848 4831
f 3905 3869 3903
f 3903 3869 3871
f 3903 3871 3873
f 3903 3873 3901
f 3901 3873 3875
f 3901 3875 3899
f 3899 3875 3877
f 3899 3877 3897
f 3897 3877 3879
f 3897 3879 3895
f 3895 3879 3881
f 3895 3881 3893
f 3893 3881 3883
f 3893 3883 3891
f 3891 3883 3885
f 3891 3885 3889
f 3889 3885 3887
f 3937 3939 3973
f 3973 3939 3971
f 3971 3939 3969
f 3969 3939 3941
f 3969 3941 3967
f 3967 3941 3943
f 3967 3943 3965
f 3965 3943 3945
f 3965 3945 3963
f 3963 3945 3947
f 3963 3947 3961
f 3961 3947 3949
f 3961 3949 3959
f 3959 3949 3951
f 3959 3951 3957
f 3957 3951 3953
f 3957 3953 3955
f 4849 4850 4851
f 4851 4850 4852
f 4853 2319 4854
f 4854 2319 2345
f 4854 2345 4855
f 4855 2345 4856
f 4856 2345 2344
f 4856 2344 3905
f 3905 2344 2320
f 3905 2320 3869
f 3869 2320 4853
f 3869 4853 3870
f 3905 3906 4856
f 2320 2319 4853
f 2335 2323 2336
f 2336 2323 2324
f 2322 2334 2321
f 2321 2334 2337
f 2316 2342 2317
f 2317 2342 2343
f 2342 2316 2344
f 2344 2316 2320
f 2315 2341 2319
f 2319 2341 2345
f 2334 2322 2338
f 2338 2322 2326
f 2323 2335 2325
f 2325 2335 2339
f 4857 3381 4858
f 4858 3381 3383
f 4858 3383 3385
f 3381 4857 3379
f 3379 4857 4859
f 3379 4859 3377
f 3377 4859 4860
f 3377 4860 3375
f 3375 4860 3373
f 3373 4860 4861
f 3373 4861 3371
f 3371 4861 4862
f 3371 4862 3369
f 3369 4862 4863
f 3369 4863 4864
f 4864 4863 4865
f 4864 4865 4866
f 4864 4866 3870
f 3870 4866 4867
f 3870 4867 3872
f 3872 4867 4868
f 3872 4868 3874
f 3874 4868 4869
f 3874 4869 3876
f 3876 4869 3878
f 3878 4869 4870
f 3878 4870 3880
f 3880 4870 4871
f 3880 4871 3882
f 3882 4871 4872
f 3882 4872 3884
f 3884 4872 3886
f 3886 4872 4873
f 3886 4873 3888
f 3888 4873 4874
f 3888 4874 3890
f 3890 4874 4875
f 3890 4875 3892
f 3892 4875 3894
f 3894 4875 4876
f 3894 4876 3896
f 3896 4876 4877
f 3896 4877 3898
f 3898 4877 4878
f 3898 4878 3900
f 3900 4878 3902
f 3902 4878 4879
f 3902 4879 3904
f 3904 4879 4880
f 3904 4880 3906
f 3906 4880 4881
f 3906 4881 4882
f 4882 4881 4883
f 4882 4883 4884
f 4882 4884 3908
f 3908 4884 4885
f 3908 4885 3910
f 3910 4885 4886
f 3910 4886 3912
f 3912 4886 4887
f 3912 4887 3914
f 3914 4887 3916
f 3916 4887 4888
f 3916 4888 3918
f 3918 4888 4889
f 3918 4889 3920
f 3920 4889 4890
f 3920 4890 3922
f 3922 4890 3924
f 3924 4890 4891
f 3924 4891 3926
f 3926 4891 4892
f 3926 4892 3928
f 3928 4892 4893
f 3928 4893 3930
f 3930 4893 3932
f 3932 4893 4894
f 3932 4894 3934
f 3934 4894 4895
f 3934 4895 3936
f 3936 4895 4896
f 3936 4896 4473
f 4473 4896 4897
f 4473 4897 4898
f 4473 4898 3938
f 3938 4898 4899
f 3938 4899 3940
f 3940 4899 4900
f 3940 4900 3942
f 3942 4900 4901
f 3942 4901 3944
f 3944 4901 3946
f 3946 4901 4902
f 3946 4902 3948
f 3948 4902 4903
f 3948 4903 3950
f 3950 4903 4904
f 3950 4904 3952
f 3952 4904 3954
f 3954 4904 4905
f 3954 4905 3956
f 3956 4905 4906
f 3956 4906 3958
f 3958 4906 4907
f 3958 4907 3960
f 3960 4907 3962
f 3962 4907 4908
f 3962 4908 3964
f 3964 4908 4909
f 3964 4909 3966
f 3966 4909 4910
f 3966 4910 3968
f 3968 4910 3970
f 3970 4910 4911
f 3970 4911 3972
f 3972 4911 4912
f 3972 4912 3974
f 3974 4912 4913
f 3974 4913 4850
f 4850 4913 4914
f 4850 4914 4915
f 4850 4915 3397
f 3397 4915 4916
f 3397 4916 3395
f 3395 4916 4917
f 3395 4917 3393
f 3393 4917 4918
f 3393 4918 3391
f 3391 4918 3389
f 3389 4918 4919
f 3389 4919 3387
f 3387 4919 4920
f 3387 4920 3385
f 3385 4920 4858
f 4853 4864 3870
f 4864 4921 3369
f 3369 4921 4602
f 4602 4921 4922
f 4922 4921 4923
f 4923 4921 4924
f 4924 4921 4925
f 4925 4921 4926
f 4850 3397 4632
f 4632 3397 4595
f 4632 4595 4686
f 4686 4684 4632
f 4632 4684 4683
f 4632 4683 4681
f 4681 4677 4632
f 4850 4849 3974
f 3938 4927 4473
f 4473 4427 3936
f 3936 4427 4435
f 4435 4427 4428
f 4435 4428 4429
f 4429 4430 4435
f 4435 4430 4431
f 4435 4431 4433
f 4882 3908 4769
f 4769 3908 4706
f 4769 4706 4774
f 4774 4706 4775
f 4775 4706 4776
f 4776 4706 4717
f 4717 4706 4718
f 4882 4856 3906
f 4856 4882 4855
f 4855 4882 4928
f 4864 4853 4929
f 4929 4853 4854
f 4930 4931 4928
f 4928 4931 4932
f 4928 4932 95
f 95 4932 4933
f 95 4933 4934
f 4930 4935 4931
f 4934 4936 95
f 95 4936 96
f 96 4936 4469
f 95 2340 4928
f 4928 2340 4855
f 4855 2340 4854
f 4854 2340 2318
f 4854 2318 4929
f 4929 2318 32
f 4929 32 4937
f 4937 32 4938
f 4938 32 4939
f 4939 32 4507
f 4507 32 23
f 4507 23 4471
f 4937 4940 4929
f 4929 4940 4941
f 4941 4940 4942
f 2341 2315 2340
f 2340 2315 2318
f 129 4472 2337
f 2337 4472 4943
f 2337 4943 4851
f 122 4381 129
f 129 4381 4379
f 129 4379 4376
f 122 4125 4381
f 4376 4373 129
f 129 4373 4472
f 4373 4370 4472
f 4472 4370 4444
f 4444 4370 4448
f 2337 4851 2321
f 2321 4851 4852
f 2321 4852 1
f 1 4852 4668
f 1 4668 4671
f 4668 4852 4637
f 4637 4852 4633
f 4637 4633 4676
f 4671 4674 1
f 1 4674 4557
f 1 4557 2
f 2 4557 3844
f 4943 4472 4927
f 4927 4472 4473
f 4927 2338 4943
f 4943 2338 2326
f 4943 2326 4851
f 4851 2326 4849
f 4849 2326 2325
f 4849 2325 3973
f 3973 2325 2339
f 3973 2339 3937
f 3937 2339 4927
f 3937 4927 3938
f 3973 3974 4849
f 2339 2338 4927
f 4850 4632 4852
f 4852 4632 4633
f 4944 4930 4945
f 4945 4930 4928
f 4945 4928 4946
f 4946 4928 4882
f 4946 4882 4769
f 4769 4772 4946
f 4736 4947 4735
f 4735 4947 4948
f 4948 4947 4949
f 4949 4947 4950
f 4949 4950 4951
f 4951 4950 4952
f 4951 4952 4953
f 4953 4952 4954
f 4953 4954 4955
f 4955 4954 4956
f 4955 4956 4157
f 4157 4956 4156
f 4156 4956 4957
f 4156 4957 4155
f 4155 4957 4958
f 4155 4958 4959
f 4957 4960 4958
f 4958 4960 4961
f 4961 4960 4962
f 4962 4960 4963
f 4962 4963 4964
f 4964 4963 4965
f 4965 4963 4966
f 4965 4966 4967
f 4967 4966 4968
f 4967 4968 4969
f 4969 4968 4970
f 4969 4970 4971
f 4972 3907 4971
f 4971 3907 4973
f 4971 4973 4969
f 4972 4974 3907
f 3907 4974 4707
f 3907 4707 4706
f 4706 3908 3907
f 3979 4975 3907
f 3907 4975 4976
f 3907 4976 4977
f 3984 4978 3979
f 3979 4978 4979
f 3979 4979 4980
f 3982 4151 3984
f 3984 4151 4152
f 3984 4152 4153
f 3980 4981 3982
f 3982 4981 4982
f 3982 4982 4983
f 3935 4984 3980
f 3980 4984 4985
f 3980 4985 4986
f 3936 4435 3935
f 3935 4435 4437
f 3935 4437 4987
f 4987 4988 3935
f 3935 4988 4989
f 3935 4989 4990
f 4990 4989 4991
f 4991 4989 4992
f 4991 4992 4993
f 4991 4993 4994
f 4994 4993 4995
f 4994 4995 4996
f 4996 4995 4997
f 4996 4997 4998
f 4998 4997 4999
f 4999 4997 5000
f 4999 5000 5001
f 5001 5000 5002
f 5002 5000 5003
f 5002 5003 4147
f 4147 5003 4146
f 4146 5003 5004
f 4146 5004 4145
f 4145 5004 5005
f 4145 5005 5006
f 5004 5007 5005
f 5005 5007 5008
f 5008 5007 5009
f 5008 5009 5010
f 5010 5009 5011
f 5010 5011 5012
f 5012 5011 5013
f 5012 5013 5014
f 5014 5013 4407
f 4407 5013 4405
f 4145 5006 4144
f 4144 5006 5015
f 4144 5015 4143
f 4143 5015 5016
f 4143 5016 5017
f 4143 5017 4124
f 4124 5017 5018
f 4124 5018 5019
f 5019 5020 4124
f 4124 5020 5021
f 4124 5021 5022
f 4357 4449 5022
f 5022 4449 5023
f 5022 5023 4124
f 4124 5023 5024
f 4124 5024 5025
f 5025 5026 4124
f 4124 5026 5027
f 4124 5027 5028
f 5028 5029 4124
f 4124 5029 4125
f 4125 5029 5030
f 4125 5030 5031
f 5031 5032 4125
f 4125 5032 5033
f 4125 5033 5034
f 5034 5035 4125
f 4125 5035 4381
f 4381 5035 5036
f 4381 5036 4382
f 5002 4147 5037
f 5037 4147 4148
f 5037 4148 5038
f 5038 4148 4149
f 5038 4149 5039
f 5039 4149 3982
f 5039 3982 4983
f 4149 4150 3982
f 3982 4150 4151
f 4154 5040 4153
f 4153 5040 5041
f 4153 5041 3984
f 3984 5041 5042
f 3984 5042 5043
f 5040 4154 4959
f 4959 4154 4155
f 4955 4157 5044
f 5044 4157 4158
f 5044 4158 5045
f 5045 4158 4159
f 5045 4159 5046
f 5046 4159 5047
f 5047 4159 4160
f 5047 4160 5048
f 5048 4160 5049
f 5049 4160 5050
f 5050 4160 5051
f 5051 4160 5052
f 5052 4160 5053
f 5052 5053 4758
f 4468 5054 4160
f 4160 5054 5055
f 4160 5055 5053
f 4469 5056 4468
f 4468 5056 5057
f 4468 5057 5054
f 4936 5058 4469
f 4469 5058 5059
f 4469 5059 5060
f 5061 5062 4936
f 4936 5062 5058
f 5060 5063 4469
f 4469 5063 5064
f 4469 5064 5056
f 4758 4759 5052
f 4990 5065 3935
f 3935 5065 5066
f 3935 5066 5067
f 5067 5068 3935
f 3935 5068 5069
f 3935 5069 4984
f 4986 5070 3980
f 3980 5070 5071
f 3980 5071 4981
f 5043 4978 3984
f 4980 5072 3979
f 3979 5072 5073
f 3979 5073 4975
f 4977 5074 3907
f 3907 5074 5075
f 3907 5075 5076
f 5076 4973 3907
f 4944 5077 4930
f 4930 5077 4935
f 4935 5077 5078
f 4935 5078 4931
f 4931 5078 5079
f 4931 5079 4932
f 4932 5079 5080
f 4932 5080 5081
f 4932 5081 4933
f 4933 5081 5082
f 4933 5082 4934
f 4934 5082 5083
f 4934 5083 4936
f 4936 5083 5061
f 4946 4822 4945
f 4945 4822 4821
f 4945 4821 4820
f 5084 4824 4946
f 4946 4824 4823
f 4946 4823 4822
f 4824 5084 4825
f 4825 5084 5085
f 4825 5085 4826
f 4826 5085 5086
f 4826 5086 5087
f 4826 5087 4827
f 4827 5087 5088
f 4827 5088 4828
f 4828 5088 5089
f 4828 5089 4829
f 4829 5089 5090
f 4829 5090 4830
f 4830 5090 5091
f 4830 5091 5092
f 4830 5092 4814
f 4814 5092 5093
f 4814 5093 4813
f 4813 5093 5094
f 4813 5094 5095
f 4813 5095 4815
f 4815 5095 5096
f 4815 5096 4816
f 4816 5096 5097
f 4816 5097 4817
f 4817 5097 5098
f 4817 5098 4818
f 4818 5098 5099
f 4818 5099 5100
f 4818 5100 4819
f 4819 5100 5101
f 4819 5101 4820
f 4820 5101 4945
f 5083 5099 5061
f 5061 5099 5098
f 5061 5098 5062
f 5062 5098 5097
f 5062 5097 5058
f 5058 5097 5096
f 5058 5096 5059
f 5059 5096 5095
f 5059 5095 5060
f 5060 5095 5094
f 5060 5094 5063
f 5063 5094 5093
f 5063 5093 5064
f 5064 5093 5092
f 5064 5092 5056
f 5056 5092 5091
f 5056 5091 5057
f 5057 5091 5090
f 5057 5090 5054
f 5054 5090 5089
f 5054 5089 5055
f 5055 5089 5088
f 5055 5088 5053
f 5053 5088 5087
f 5053 5087 4758
f 4758 5087 5086
f 4758 5086 4760
f 4760 5086 4761
f 4761 5086 5085
f 4761 5085 4762
f 4762 5085 4763
f 4763 5085 5084
f 4763 5084 4764
f 4764 5084 4765
f 4765 5084 4946
f 4765 4946 4767
f 4767 4946 4772
f 5083 5082 5099
f 5099 5082 5100
f 5100 5082 5081
f 5100 5081 5101
f 5101 5081 5080
f 5101 5080 5079
f 5079 5078 5101
f 5101 5078 4945
f 4945 5078 5077
f 4945 5077 4944
f 4020 5065 4021
f 4021 5065 4990
f 4021 4990 3993
f 3993 4990 4991
f 3993 4991 3994
f 3994 4991 4994
f 3994 4994 3995
f 3995 4994 4996
f 3995 4996 4022
f 4022 4996 4998
f 4022 4998 4023
f 4023 4998 4999
f 4023 4999 4024
f 4024 4999 5001
f 4024 5001 4025
f 4025 5001 5002
f 4025 5002 4002
f 4002 5002 5037
f 4002 5037 4003
f 4003 5037 5038
f 4003 5038 4026
f 4026 5038 5039
f 4026 5039 4027
f 4027 5039 4983
f 4027 4983 4028
f 4028 4983 4982
f 4028 4982 3999
f 3999 4982 4981
f 3999 4981 4000
f 4000 4981 5071
f 4000 5071 4001
f 4001 5071 5070
f 4001 5070 4029
f 4029 5070 4986
f 4029 4986 4030
f 4030 4986 4985
f 4030 4985 3996
f 3996 4985 4984
f 3996 4984 3997
f 3997 4984 5069
f 3997 5069 3998
f 3998 5069 5068
f 3998 5068 4031
f 4031 5068 5067
f 4031 5067 4032
f 4032 5067 5066
f 4032 5066 4020
f 4020 5066 5065
f 5102 5103 4778
f 4778 5103 5104
f 4778 5104 4777
f 4777 5104 5105
f 4777 5105 4794
f 4794 5105 5106
f 4794 5106 4793
f 4793 5106 5107
f 4793 5107 5108
f 4793 5108 4792
f 4792 5108 5109
f 4792 5109 4791
f 4791 5109 5110
f 4791 5110 4790
f 4790 5110 5111
f 4790 5111 5112
f 4790 5112 4789
f 4789 5112 5113
f 4789 5113 4788
f 4788 5113 5114
f 4788 5114 4787
f 4787 5114 5115
f 4787 5115 5116
f 4787 5116 4786
f 4786 5116 5117
f 4786 5117 4785
f 4785 5117 5118
f 4785 5118 4784
f 4784 5118 5119
f 4784 5119 5120
f 4784 5120 4783
f 4783 5120 5121
f 4783 5121 4782
f 4782 5121 5122
f 4782 5122 4781
f 4781 5122 5123
f 4781 5123 5124
f 4781 5124 4780
f 4780 5124 5125
f 4780 5125 4779
f 4779 5125 5102
f 4779 5102 4778
f 5102 4368 5103
f 5103 4368 4369
f 5103 4369 4371
f 4368 5102 4366
f 4366 5102 5125
f 4366 5125 4365
f 4365 5125 4363
f 4363 5125 5124
f 4363 5124 4362
f 4362 5124 4360
f 4360 5124 5123
f 4360 5123 4359
f 4359 5123 4449
f 4449 5123 5122
f 4449 5122 5023
f 5023 5122 5121
f 5023 5121 5024
f 5024 5121 5120
f 5024 5120 5025
f 5025 5120 5119
f 5025 5119 5026
f 5026 5119 5118
f 5026 5118 5027
f 5027 5118 5117
f 5027 5117 5028
f 5028 5117 5116
f 5028 5116 5029
f 5029 5116 5115
f 5029 5115 5030
f 5030 5115 5114
f 5030 5114 5031
f 5031 5114 5113
f 5031 5113 5032
f 5032 5113 5112
f 5032 5112 5033
f 5033 5112 5111
f 5033 5111 5034
f 5034 5111 5110
f 5034 5110 5035
f 5035 5110 5109
f 5035 5109 5036
f 5036 5109 5108
f 5036 5108 4382
f 4382 5108 5107
f 4382 5107 4380
f 4380 5107 4378
f 4378 5107 5106
f 4378 5106 4377
f 4377 5106 4375
f 4375 5106 5105
f 4375 5105 4374
f 4374 5105 4372
f 4372 5105 5104
f 4372 5104 4371
f 4371 5104 5103
f 4004 4978 4005
f 4005 4978 5043
f 4005 5043 4006
f 4006 5043 5042
f 4006 5042 4007
f 4007 5042 5041
f 4007 5041 4008
f 4008 5041 5040
f 4008 5040 3991
f 3991 5040 4959
f 3991 4959 3992
f 3992 4959 4958
f 3992 4958 4009
f 4009 4958 4961
f 4009 4961 4010
f 4010 4961 4962
f 4010 4962 4011
f 4011 4962 4964
f 4011 4964 4012
f 4012 4964 4965
f 4012 4965 4013
f 4013 4965 4967
f 4013 4967 3988
f 3988 4967 4969
f 3988 4969 3989
f 3989 4969 4973
f 3989 4973 3990
f 3990 4973 5076
f 3990 5076 4014
f 4014 5076 5075
f 4014 5075 4015
f 4015 5075 5074
f 4015 5074 4016
f 4016 5074 4977
f 4016 4977 4017
f 4017 4977 4976
f 4017 4976 3985
f 3985 4976 4975
f 3985 4975 3986
f 3986 4975 5073
f 3986 5073 3987
f 3987 5073 5072
f 3987 5072 4018
f 4018 5072 4980
f 4018 4980 4019
f 4019 4980 4979
f 4019 4979 4004
f 4004 4979 4978
f 5126 5127 4162
f 4162 5127 5128
f 4162 5128 4163
f 4163 5128 5129
f 4163 5129 4164
f 4164 5129 5130
f 4164 5130 4165
f 4165 5130 5131
f 4165 5131 5132
f 4165 5132 4166
f 4166 5132 5133
f 4166 5133 4167
f 4167 5133 5134
f 4167 5134 4168
f 4168 5134 5135
f 4168 5135 5136
f 4168 5136 4169
f 4169 5136 5137
f 4169 5137 4170
f 4170 5137 5138
f 4170 5138 4171
f 4171 5138 5139
f 4171 5139 5140
f 4171 5140 4172
f 4172 5140 5141
f 4172 5141 4173
f 4173 5141 5142
f 4173 5142 4174
f 4174 5142 5143
f 4174 5143 5144
f 4174 5144 4175
f 4175 5144 5145
f 4175 5145 4176
f 4176 5145 5146
f 4176 5146 4177
f 4177 5146 5147
f 4177 5147 5148
f 4177 5148 4178
f 4178 5148 5149
f 4178 5149 4161
f 4161 5149 5126
f 4161 5126 4162
f 5126 5045 5127
f 5127 5045 5046
f 5127 5046 5128
f 5128 5046 5047
f 5128 5047 5129
f 5129 5047 5048
f 5129 5048 5130
f 5130 5048 5049
f 5130 5049 5131
f 5131 5049 5050
f 5131 5050 5132
f 5132 5050 5051
f 5132 5051 5133
f 5133 5051 5052
f 5133 5052 5134
f 5134 5052 4759
f 5134 4759 5135
f 5135 4759 4757
f 5135 4757 4755
f 5045 5126 5044
f 5044 5126 5149
f 5044 5149 4955
f 4955 5149 5148
f 4955 5148 4953
f 4953 5148 5147
f 4953 5147 4951
f 4951 5147 5146
f 4951 5146 4949
f 4949 5146 5145
f 4949 5145 4948
f 4948 5145 5144
f 4948 5144 4735
f 4735 5144 5143
f 4735 5143 4737
f 4737 5143 4738
f 4738 5143 5142
f 4738 5142 4739
f 4739 5142 4740
f 4740 5142 5141
f 4740 5141 4741
f 4741 5141 4743
f 4743 5141 5140
f 4743 5140 4744
f 4744 5140 5139
f 4744 5139 4746
f 4746 5139 4748
f 4748 5139 5138
f 4748 5138 4749
f 4749 5138 5137
f 4749 5137 4751
f 4751 5137 4752
f 4752 5137 5136
f 4752 5136 4754
f 4754 5136 4755
f 4755 5136 5135
f 5150 5151 4234
f 4234 5151 5152
f 4234 5152 4235
f 4235 5152 5153
f 4235 5153 4236
f 4236 5153 5154
f 4236 5154 4237
f 4237 5154 5155
f 4237 5155 5156
f 4237 5156 4238
f 4238 5156 5157
f 4238 5157 4239
f 4239 5157 5158
f 4239 5158 4240
f 4240 5158 5159
f 4240 5159 5160
f 4240 5160 4241
f 4241 5160 5161
f 4241 5161 4242
f 4242 5161 5162
f 4242 5162 4243
f 4243 5162 5163
f 4243 5163 5164
f 4243 5164 4244
f 4244 5164 5165
f 4244 5165 4245
f 4245 5165 5166
f 4245 5166 4246
f 4246 5166 5167
f 4246 5167 5168
f 4246 5168 4247
f 4247 5168 5169
f 4247 5169 4248
f 4248 5169 5170
f 4248 5170 4249
f 4249 5170 5171
f 4249 5171 5172
f 4249 5172 4250
f 4250 5172 5173
f 4250 5173 4233
f 4233 5173 5150
f 4233 5150 4234
f 5150 4419 5151
f 5151 4419 4417
f 5151 4417 4416
f 4419 5150 4420
f 4420 5150 5173
f 4420 5173 4421
f 4421 5173 4438
f 4438 5173 5172
f 4438 5172 4439
f 4439 5172 4441
f 4441 5172 5171
f 4441 5171 4436
f 4436 5171 4437
f 4437 5171 5170
f 4437 5170 4987
f 4987 5170 5169
f 4987 5169 4988
f 4988 5169 5168
f 4988 5168 4989
f 4989 5168 5167
f 4989 5167 4992
f 4992 5167 5166
f 4992 5166 4993
f 4993 5166 5165
f 4993 5165 4995
f 4995 5165 5164
f 4995 5164 4997
f 4997 5164 5163
f 4997 5163 5000
f 5000 5163 5162
f 5000 5162 5003
f 5003 5162 5161
f 5003 5161 5004
f 5004 5161 5160
f 5004 5160 5007
f 5007 5160 5159
f 5007 5159 5009
f 5009 5159 5158
f 5009 5158 5011
f 5011 5158 5157
f 5011 5157 5013
f 5013 5157 5156
f 5013 5156 4405
f 4405 5156 5155
f 4405 5155 4406
f 4406 5155 4408
f 4408 5155 5154
f 4408 5154 4410
f 4410 5154 4411
f 4411 5154 5153
f 4411 5153 4413
f 4413 5153 4414
f 4414 5153 5152
f 4414 5152 4416
f 4416 5152 5151
f 5174 5175 4216
f 4216 5175 5176
f 4216 5176 4217
f 4217 5176 5177
f 4217 5177 4218
f 4218 5177 5178
f 4218 5178 4219
f 4219 5178 5179
f 4219 5179 5180
f 4219 5180 4220
f 4220 5180 5181
f 4220 5181 4221
f 4221 5181 5182
f 4221 5182 4222
f 4222 5182 5183
f 4222 5183 5184
f 4222 5184 4223
f 4223 5184 5185
f 4223 5185 4224
f 4224 5185 5186
f 4224 5186 4225
f 4225 5186 5187
f 4225 5187 5188
f 4225 5188 4226
f 4226 5188 5189
f 4226 5189 4227
f 4227 5189 5190
f 4227 5190 4228
f 4228 5190 5191
f 4228 5191 5192
f 4228 5192 4229
f 4229 5192 5193
f 4229 5193 4230
f 4230 5193 5194
f 4230 5194 4231
f 4231 5194 5195
f 4231 5195 5196
f 4231 5196 4232
f 4232 5196 5197
f 4232 5197 4215
f 4215 5197 5174
f 4215 5174 4216
f 5174 4394 5175
f 5175 4394 4392
f 5175 4392 4391
f 4394 5174 4395
f 4395 5174 5197
f 4395 5197 4397
f 4397 5197 4398
f 4398 5197 5196
f 4398 5196 4400
f 4400 5196 4401
f 4401 5196 5195
f 4401 5195 4403
f 4403 5195 4407
f 4407 5195 5194
f 4407 5194 5014
f 5014 5194 5193
f 5014 5193 5012
f 5012 5193 5192
f 5012 5192 5010
f 5010 5192 5191
f 5010 5191 5008
f 5008 5191 5190
f 5008 5190 5005
f 5005 5190 5189
f 5005 5189 5006
f 5006 5189 5188
f 5006 5188 5015
f 5015 5188 5187
f 5015 5187 5016
f 5016 5187 5186
f 5016 5186 5017
f 5017 5186 5185
f 5017 5185 5018
f 5018 5185 5184
f 5018 5184 5019
f 5019 5184 5183
f 5019 5183 5020
f 5020 5183 5182
f 5020 5182 5021
f 5021 5182 5181
f 5021 5181 5022
f 5022 5181 5180
f 5022 5180 4357
f 4357 5180 5179
f 4357 5179 4355
f 4355 5179 4383
f 4383 5179 5178
f 4383 5178 4385
f 4385 5178 4386
f 4386 5178 5177
f 4386 5177 4388
f 4388 5177 4389
f 4389 5177 5176
f 4389 5176 4391
f 4391 5176 5175
f 5198 5199 3758
f 3758 5199 5200
f 3758 5200 3759
f 3759 5200 5201
f 3759 5201 3760
f 3760 5201 5202
f 3760 5202 3761
f 3761 5202 5203
f 3761 5203 5204
f 3761 5204 3762
f 3762 5204 5205
f 3762 5205 3763
f 3763 5205 5206
f 3763 5206 3764
f 3764 5206 5207
f 3764 5207 5208
f 3764 5208 3765
f 3765 5208 5209
f 3765 5209 3766
f 3766 5209 5210
f 3766 5210 3767
f 3767 5210 5211
f 3767 5211 5212
f 3767 5212 3768
f 3768 5212 5213
f 3768 5213 3769
f 3769 5213 5214
f 3769 5214 3770
f 3770 5214 5215
f 3770 5215 5216
f 3770 5216 3771
f 3771 5216 5217
f 3771 5217 3772
f 3772 5217 5218
f 3772 5218 3773
f 3773 5218 5219
f 3773 5219 5220
f 3773 5220 3774
f 3774 5220 5221
f 3774 5221 3757
f 3757 5221 5198
f 3757 5198 3758
f 5198 4963 5199
f 5199 4963 4960
f 5199 4960 5200
f 5200 4960 4957
f 5200 4957 5201
f 5201 4957 4956
f 5201 4956 5202
f 5202 4956 4954
f 5202 4954 5203
f 5203 4954 4952
f 5203 4952 5204
f 5204 4952 4950
f 5204 4950 5205
f 5205 4950 4947
f 5205 4947 5206
f 5206 4947 4736
f 5206 4736 5207
f 5207 4736 4734
f 5207 4734 4732
f 4963 5198 4966
f 4966 5198 5221
f 4966 5221 4968
f 4968 5221 5220
f 4968 5220 4970
f 4970 5220 5219
f 4970 5219 4971
f 4971 5219 5218
f 4971 5218 4972
f 4972 5218 5217
f 4972 5217 4974
f 4974 5217 5216
f 4974 5216 4707
f 4707 5216 5215
f 4707 5215 4709
f 4709 5215 4710
f 4710 5215 5214
f 4710 5214 4712
f 4712 5214 4713
f 4713 5214 5213
f 4713 5213 4714
f 4714 5213 4719
f 4719 5213 5212
f 4719 5212 4721
f 4721 5212 5211
f 4721 5211 4723
f 4723 5211 4725
f 4725 5211 5210
f 4725 5210 4726
f 4726 5210 5209
f 4726 5209 4728
f 4728 5209 4729
f 4729 5209 5208
f 4729 5208 4731
f 4731 5208 4732
f 4732 5208 5207
f 5222 5223 4495
f 4495 5223 5224
f 4495 5224 4496
f 5222 5225 5223
f 5223 5225 5226
f 5223 5226 5227
f 5227 5226 5228
f 5228 5226 5229
f 5228 5229 5230
f 5230 5229 5231
f 5231 5229 5232
f 5231 5232 5233
f 5233 5232 5234
f 5233 5234 5235
f 5235 5234 5236
f 5236 5234 5237
f 5236 5237 5238
f 5238 5237 5239
f 5238 5239 5240
f 5240 5239 5241
f 5240 5241 5242
f 5225 5243 5226
f 5226 5243 5244
f 5226 5244 5229
f 5229 5244 5245
f 5229 5245 5246
f 5229 5246 5232
f 5232 5246 5247
f 5232 5247 5248
f 5232 5248 5249
f 5249 5248 5250
f 5249 5250 5239
f 5239 5250 5251
f 5239 5251 5252
f 5252 5251 5253
f 5252 5253 5254
f 5254 5253 5255
f 5255 5253 5251
f 5252 5254 5256
f 5256 5254 5257
f 5256 5257 5258
f 5256 5258 5259
f 5259 5258 5260
f 5259 5260 4474
f 4474 5260 4475
f 4474 5261 5259
f 5259 5261 5262
f 5259 5262 5256
f 5256 5262 5263
f 5256 5263 5264
f 5256 5264 5252
f 5252 5264 5265
f 5252 5265 5266
f 5252 5266 5239
f 5239 5266 5267
f 5239 5267 5241
f 5240 5242 5268
f 5268 5242 5269
f 5268 5269 5270
f 5270 5269 5271
f 5270 5271 5272
f 5272 5271 5273
f 5273 5271 5269
f 5270 5272 5274
f 5274 5272 5275
f 5274 5275 5276
f 5274 5276 5277
f 5277 5276 5278
f 5277 5278 4602
f 4602 5278 4603
f 4602 4922 5277
f 5277 4922 5274
f 4922 4923 5274
f 5274 4923 5270
f 4923 4924 5270
f 5270 4924 5268
f 4924 4925 5268
f 5268 4925 5279
f 5268 5279 5280
f 5280 5279 4921
f 5280 4921 5238
f 5238 4921 5236
f 4925 4926 5279
f 5279 4926 4921
f 5227 5224 5223
f 5238 5240 5280
f 5280 5240 5268
f 5234 5232 5249
f 5234 5249 5237
f 5237 5249 5239
f 4509 5281 4507
f 4507 5281 4939
f 4939 5281 5282
f 4939 5282 4938
f 4938 5282 5283
f 4938 5283 4937
f 4937 5283 5284
f 4937 5284 5285
f 4937 5285 4940
f 4940 5285 5286
f 4940 5286 4942
f 4942 5286 5287
f 4942 5287 4941
f 4941 5287 5288
f 5288 5289 4941
f 4941 5289 4929
f 4929 5289 5290
f 4929 5290 4864
f 4864 5290 4921
f 4921 5290 5236
f 5291 5292 4805
f 4805 5292 5293
f 4805 5293 4806
f 4806 5293 5294
f 4806 5294 4807
f 4807 5294 5295
f 4807 5295 4808
f 4808 5295 5296
f 4808 5296 5297
f 4808 5297 4809
f 4809 5297 5298
f 4809 5298 4810
f 4810 5298 5299
f 4810 5299 4811
f 4811 5299 5300
f 4811 5300 5301
f 4811 5301 4812
f 4812 5301 5302
f 4812 5302 4795
f 4795 5302 5303
f 4795 5303 4796
f 4796 5303 5304
f 4796 5304 5305
f 4796 5305 4797
f 4797 5305 5306
f 4797 5306 4798
f 4798 5306 5307
f 4798 5307 4799
f 4799 5307 5308
f 4799 5308 5309
f 4799 5309 4800
f 4800 5309 5310
f 4800 5310 4801
f 4801 5310 5311
f 4801 5311 4802
f 4802 5311 5312
f 4802 5312 5313
f 4802 5313 4803
f 4803 5313 5314
f 4803 5314 4804
f 4804 5314 5291
f 4804 5291 4805
f 5291 4554 5292
f 5292 4554 4565
f 5292 4565 5293
f 5293 4565 4564
f 5293 4564 5294
f 5294 4564 4563
f 5294 4563 5295
f 5295 4563 4560
f 5295 4560 5296
f 5296 4560 4559
f 5296 4559 5297
f 5297 4559 4558
f 5297 4558 5298
f 5298 4558 4562
f 5298 4562 5299
f 5299 4562 4561
f 5299 4561 5300
f 5300 4561 4675
f 5300 4675 4673
f 4554 5291 4555
f 4555 5291 5314
f 4555 5314 4556
f 4556 5314 5313
f 4556 5313 4566
f 4566 5313 5312
f 4566 5312 4567
f 4567 5312 5311
f 4567 5311 4568
f 4568 5311 5310
f 4568 5310 4552
f 4552 5310 5309
f 4552 5309 4553
f 4553 5309 5308
f 4553 5308 4658
f 4658 5308 4659
f 4659 5308 5307
f 4659 5307 4661
f 4661 5307 4662
f 4662 5307 5306
f 4662 5306 4664
f 4664 5306 4665
f 4665 5306 5305
f 4665 5305 4666
f 4666 5305 5304
f 4666 5304 4638
f 4638 5304 4639
f 4639 5304 5303
f 4639 5303 4667
f 4667 5303 5302
f 4667 5302 4669
f 4669 5302 4670
f 4670 5302 5301
f 4670 5301 4672
f 4672 5301 4673
f 4673 5301 5300
f 5315 5316 3821
f 3821 5316 5317
f 3821 5317 3822
f 3822 5317 5318
f 3822 5318 3823
f 3823 5318 5319
f 3823 5319 3824
f 3824 5319 5320
f 3824 5320 5321
f 3824 5321 3825
f 3825 5321 5322
f 3825 5322 3826
f 3826 5322 5323
f 3826 5323 3827
f 3827 5323 5324
f 3827 5324 5325
f 3827 5325 3828
f 3828 5325 5326
f 3828 5326 3811
f 3811 5326 5327
f 3811 5327 3812
f 3812 5327 5328
f 3812 5328 5329
f 3812 5329 3813
f 3813 5329 5330
f 3813 5330 3814
f 3814 5330 5331
f 3814 5331 3815
f 3815 5331 5332
f 3815 5332 5333
f 3815 5333 3816
f 3816 5333 5334
f 3816 5334 3817
f 3817 5334 5335
f 3817 5335 3818
f 3818 5335 5336
f 3818 5336 5337
f 3818 5337 3819
f 3819 5337 5338
f 3819 5338 3820
f 3820 5338 5315
f 3820 5315 3821
f 5315 4580 5316
f 5316 4580 4540
f 5316 4540 5317
f 5317 4540 4539
f 5317 4539 5318
f 5318 4539 4541
f 5318 4541 5319
f 5319 4541 4570
f 5319 4570 5320
f 5320 4570 4572
f 5320 4572 5321
f 5321 4572 4574
f 5321 4574 5322
f 5322 4574 4576
f 5322 4576 5323
f 5323 4576 4579
f 5323 4579 5324
f 5324 4579 4621
f 5324 4621 4705
f 4580 5315 4583
f 4583 5315 5338
f 4583 5338 4587
f 4587 5338 5337
f 4587 5337 4589
f 4589 5337 5336
f 4589 5336 4590
f 4590 5336 5335
f 4590 5335 4591
f 4591 5335 5334
f 4591 5334 4593
f 4593 5334 5333
f 4593 5333 4594
f 4594 5333 5332
f 4594 5332 4688
f 4688 5332 4690
f 4690 5332 5331
f 4690 5331 4691
f 4691 5331 4693
f 4693 5331 5330
f 4693 5330 4694
f 4694 5330 4696
f 4696 5330 5329
f 4696 5329 4698
f 4698 5329 5328
f 4698 5328 4699
f 4699 5328 4700
f 4700 5328 5327
f 4700 5327 4701
f 4701 5327 5326
f 4701 5326 4702
f 4702 5326 4703
f 4703 5326 5325
f 4703 5325 4704
f 4704 5325 4705
f 4705 5325 5324
f 5339 5340 4189
f 4189 5340 5341
f 4189 5341 4190
f 4190 5341 5342
f 4190 5342 4191
f 4191 5342 5343
f 4191 5343 4192
f 4192 5343 5344
f 4192 5344 5345
f 4192 5345 4193
f 4193 5345 5346
f 4193 5346 4194
f 4194 5346 5347
f 4194 5347 4195
f 4195 5347 5348
f 4195 5348 5349
f 4195 5349 4196
f 4196 5349 5350
f 4196 5350 4179
f 4179 5350 5351
f 4179 5351 4180
f 4180 5351 5352
f 4180 5352 5353
f 4180 5353 4181
f 4181 5353 5354
f 4181 5354 4182
f 4182 5354 5355
f 4182 5355 4183
f 4183 5355 5356
f 4183 5356 5357
f 4183 5357 4184
f 4184 5357 5358
f 4184 5358 4185
f 4185 5358 5359
f 4185 5359 4186
f 4186 5359 5360
f 4186 5360 5361
f 4186 5361 4187
f 4187 5361 5362
f 4187 5362 4188
f 4188 5362 5339
f 4188 5339 4189
f 5339 5242 5340
f 5340 5242 5241
f 5340 5241 5267
f 5242 5339 5269
f 5269 5339 5362
f 5269 5362 5273
f 5273 5362 5272
f 5272 5362 5361
f 5272 5361 5275
f 5275 5361 5276
f 5276 5361 5360
f 5276 5360 5278
f 5278 5360 4603
f 4603 5360 5359
f 4603 5359 4604
f 4604 5359 5358
f 4604 5358 4605
f 4605 5358 5357
f 4605 5357 4529
f 4529 5357 5356
f 4529 5356 4531
f 4531 5356 5355
f 4531 5355 4532
f 4532 5355 5354
f 4532 5354 4607
f 4607 5354 5353
f 4607 5353 4609
f 4609 5353 5352
f 4609 5352 4612
f 4612 5352 5351
f 4612 5351 4510
f 4510 5351 5350
f 4510 5350 4485
f 4485 5350 5349
f 4485 5349 4483
f 4483 5349 5348
f 4483 5348 4481
f 4481 5348 5347
f 4481 5347 4479
f 4479 5347 5346
f 4479 5346 4476
f 4476 5346 5345
f 4476 5345 4474
f 4474 5345 5344
f 4474 5344 5261
f 5261 5344 5262
f 5262 5344 5343
f 5262 5343 5263
f 5263 5343 5264
f 5264 5343 5342
f 5264 5342 5265
f 5265 5342 5266
f 5266 5342 5341
f 5266 5341 5267
f 5267 5341 5340
f 5363 5364 4207
f 4207 5364 5365
f 4207 5365 4208
f 4208 5365 5366
f 4208 5366 4209
f 4209 5366 5367
f 4209 5367 4210
f 4210 5367 5368
f 4210 5368 5369
f 4210 5369 4211
f 4211 5369 5370
f 4211 5370 4212
f 4212 5370 5371
f 4212 5371 4213
f 4213 5371 5372
f 4213 5372 5373
f 4213 5373 4214
f 4214 5373 5374
f 4214 5374 4197
f 4197 5374 5375
f 4197 5375 4198
f 4198 5375 5376
f 4198 5376 5377
f 4198 5377 4199
f 4199 5377 5378
f 4199 5378 4200
f 4200 5378 5379
f 4200 5379 4201
f 4201 5379 5380
f 4201 5380 5381
f 4201 5381 4202
f 4202 5381 5382
f 4202 5382 4203
f 4203 5382 5383
f 4203 5383 4204
f 4204 5383 5384
f 4204 5384 5385
f 4204 5385 4205
f 4205 5385 5386
f 4205 5386 4206
f 4206 5386 5363
f 4206 5363 4207
f 5363 4544 5364
f 5364 4544 4545
f 5364 4545 5365
f 5365 4545 4546
f 5365 4546 5366
f 5366 4546 4547
f 5366 4547 5367
f 5367 4547 4548
f 5367 4548 5368
f 5368 4548 4549
f 5368 4549 5369
f 5369 4549 4550
f 5369 4550 5370
f 5370 4550 4551
f 5370 4551 5371
f 5371 4551 4569
f 5371 4569 5372
f 5372 4569 4656
f 5372 4656 4654
f 4544 5363 4543
f 4543 5363 5386
f 4543 5386 4542
f 4542 5386 5385
f 4542 5385 4571
f 4571 5385 5384
f 4571 5384 4573
f 4573 5384 5383
f 4573 5383 4575
f 4575 5383 5382
f 4575 5382 4577
f 4577 5382 5381
f 4577 5381 4578
f 4578 5381 5380
f 4578 5380 4619
f 4619 5380 4623
f 4623 5380 5379
f 4623 5379 4640
f 4640 5379 4641
f 4641 5379 5378
f 4641 5378 4642
f 4642 5378 4643
f 4643 5378 5377
f 4643 5377 4644
f 4644 5377 5376
f 4644 5376 4645
f 4645 5376 4647
f 4647 5376 5375
f 4647 5375 4648
f 4648 5375 5374
f 4648 5374 4650
f 4650 5374 4651
f 4651 5374 5373
f 4651 5373 4653
f 4653 5373 4654
f 4654 5373 5372
f 5288 5287 5289
f 5289 5287 5286
f 5289 5286 5387
f 5387 5286 5285
f 5387 5285 5284
f 5387 5284 5388
f 5388 5284 5283
f 5388 5283 5282
f 5388 5282 5389
f 5389 5282 5281
f 5389 5281 4509
f 5389 4509 5390
f 5390 4509 4508
f 5390 4508 5391
f 5391 4508 4506
f 5391 4506 5392
f 5392 4506 4505
f 5392 4505 5393
f 5393 4505 4504
f 5393 4504 5394
f 5394 4504 4503
f 5394 4503 5395
f 5395 4503 4502
f 5395 4502 5396
f 5396 4502 4501
f 5396 4501 5397
f 5397 4501 4500
f 5397 4500 5398
f 5398 4500 4499
f 5398 4499 5399
f 5399 4499 4498
f 5399 4498 5400
f 5400 4498 4497
f 5400 4497 5401
f 5401 4497 4496
f 5401 4496 5402
f 5402 4496 5224
f 5402 5224 5227
f 5402 5227 5403
f 5403 5227 5228
f 5403 5228 5404
f 5404 5228 5230
f 5404 5230 5231
f 5231 5233 5404
f 5404 5233 5290
f 5290 5233 5235
f 5290 5235 5236
f 5289 4837 5290
f 5290 4837 4836
f 5290 4836 4835
f 5387 4839 5289
f 5289 4839 4838
f 5289 4838 4837
f 4839 5387 4840
f 4840 5387 5388
f 4840 5388 4841
f 4841 5388 5389
f 4841 5389 5390
f 4841 5390 4842
f 4842 5390 5391
f 4842 5391 4843
f 4843 5391 5392
f 4843 5392 4844
f 4844 5392 5393
f 4844 5393 4845
f 4845 5393 5394
f 4845 5394 5395
f 4845 5395 4846
f 4846 5395 5396
f 4846 5396 4847
f 4847 5396 5397
f 4847 5397 5398
f 4847 5398 4848
f 4848 5398 5399
f 4848 5399 4831
f 4831 5399 5400
f 4831 5400 4832
f 4832 5400 5401
f 4832 5401 4833
f 4833 5401 5402
f 4833 5402 5403
f 4833 5403 4834
f 4834 5403 5404
f 4834 5404 4835
f 4835 5404 5290
f 5405 5406 4035
f 4035 5406 5407
f 4035 5407 4033
f 4033 5407 5408
f 4033 5408 4067
f 4067 5408 5409
f 4067 5409 4065
f 4065 5409 5410
f 4065 5410 5411
f 4065 5411 4063
f 4063 5411 5412
f 4063 5412 4061
f 4061 5412 5413
f 4061 5413 4059
f 4059 5413 5414
f 4059 5414 5415
f 4059 5415 4057
f 4057 5415 5416
f 4057 5416 4055
f 4055 5416 5417
f 4055 5417 4053
f 4053 5417 5418
f 4053 5418 5419
f 4053 5419 4051
f 4051 5419 5420
f 4051 5420 4049
f 4049 5420 5421
f 4049 5421 4047
f 4047 5421 5422
f 4047 5422 5423
f 4047 5423 4045
f 4045 5423 5424
f 4045 5424 4043
f 4043 5424 5425
f 4043 5425 4041
f 4041 5425 5426
f 4041 5426 5427
f 4041 5427 4039
f 4039 5427 5428
f 4039 5428 4037
f 4037 5428 5405
f 4037 5405 4035
f 5405 4599 5406
f 5406 4599 4536
f 5406 4536 5407
f 5407 4536 4535
f 5407 4535 5408
f 5408 4535 4534
f 5408 4534 5409
f 5409 4534 4533
f 5409 4533 5410
f 5410 4533 4537
f 5410 4537 5411
f 5411 4537 4538
f 5411 4538 5412
f 5412 4538 4582
f 5412 4582 5413
f 5413 4582 4581
f 5413 4581 5414
f 5414 4581 4585
f 5414 4585 5415
f 5415 4585 4584
f 5415 4584 5416
f 5416 4584 4586
f 5416 4586 5417
f 5417 4586 4588
f 5417 4588 5418
f 5418 4588 4592
f 5418 4592 5419
f 5419 4592 4618
f 5419 4618 5420
f 5420 4618 4617
f 5420 4617 5421
f 5421 4617 4616
f 5421 4616 5422
f 5422 4616 4598
f 5422 4598 5423
f 5423 4598 4597
f 5423 4597 5424
f 5424 4597 4596
f 5424 4596 5425
f 5425 4596 4615
f 5425 4615 5426
f 5426 4615 4614
f 5426 4614 5427
f 5427 4614 4601
f 5427 4601 5428
f 5428 4601 4600
f 5428 4600 5405
f 5405 4600 4599
f 5429 5430 4071
f 4071 5430 5431
f 4071 5431 4069
f 4069 5431 5432
f 4069 5432 4103
f 4103 5432 5433
f 4103 5433 4101
f 4101 5433 5434
f 4101 5434 5435
f 4101 5435 4099
f 4099 5435 5436
f 4099 5436 4097
f 4097 5436 5437
f 4097 5437 4095
f 4095 5437 5438
f 4095 5438 5439
f 4095 5439 4093
f 4093 5439 5440
f 4093 5440 4091
f 4091 5440 5441
f 4091 5441 4089
f 4089 5441 5442
f 4089 5442 5443
f 4089 5443 4087
f 4087 5443 5444
f 4087 5444 4085
f 4085 5444 5445
f 4085 5445 4083
f 4083 5445 5446
f 4083 5446 5447
f 4083 5447 4081
f 4081 5447 5448
f 4081 5448 4079
f 4079 5448 5449
f 4079 5449 4077
f 4077 5449 5450
f 4077 5450 5451
f 4077 5451 4075
f 4075 5451 5452
f 4075 5452 4073
f 4073 5452 5429
f 4073 5429 4071
f 5429 4527 5430
f 5430 4527 4528
f 5430 4528 5431
f 5431 4528 4530
f 5431 4530 5432
f 5432 4530 4606
f 5432 4606 5433
f 5433 4606 4608
f 5433 4608 5434
f 5434 4608 4610
f 5434 4610 5435
f 5435 4610 4611
f 5435 4611 5436
f 5436 4611 4613
f 5436 4613 5437
f 5437 4613 4511
f 5437 4511 5438
f 5438 4511 4512
f 5438 4512 5439
f 5439 4512 4513
f 5439 4513 5440
f 5440 4513 4514
f 5440 4514 5441
f 5441 4514 4515
f 5441 4515 5442
f 5442 4515 4516
f 5442 4516 5443
f 5443 4516 4517
f 5443 4517 5444
f 5444 4517 4518
f 5444 4518 5445
f 5445 4518 4519
f 5445 4519 5446
f 5446 4519 4520
f 5446 4520 5447
f 5447 4520 4521
f 5447 4521 5448
f 5448 4521 4522
f 5448 4522 5449
f 5449 4522 4523
f 5449 4523 5450
f 5450 4523 4524
f 5450 4524 5451
f 5451 4524 4525
f 5451 4525 5452
f 5452 4525 4526
f 5452 4526 5429
f 5429 4526 4527
f 5453 5454 3713
f 3713 5454 5455
f 3713 5455 3714
f 3714 5455 5456
f 3714 5456 3715
f 3715 5456 5457
f 3715 5457 3716
f 3716 5457 5458
f 3716 5458 5459
f 3716 5459 3717
f 3717 5459 5460
f 3717 5460 3718
f 3718 5460 5461
f 3718 5461 3719
f 3719 5461 5462
f 3719 5462 5463
f 3719 5463 3720
f 3720 5463 5464
f 3720 5464 3703
f 3703 5464 5465
f 3703 5465 3704
f 3704 5465 5466
f 3704 5466 5467
f 3704 5467 3705
f 3705 5467 5468
f 3705 5468 3706
f 3706 5468 5469
f 3706 5469 3707
f 3707 5469 5470
f 3707 5470 5471
f 3707 5471 3708
f 3708 5471 5472
f 3708 5472 3709
f 3709 5472 5473
f 3709 5473 3710
f 3710 5473 5474
f 3710 5474 5475
f 3710 5475 3711
f 3711 5475 5476
f 3711 5476 3712
f 3712 5476 5453
f 3712 5453 3713
f 5453 5250 5454
f 5454 5250 5248
f 5454 5248 5247
f 5250 5453 5251
f 5251 5453 5476
f 5251 5476 5255
f 5255 5476 5254
f 5254 5476 5475
f 5254 5475 5257
f 5257 5475 5258
f 5258 5475 5474
f 5258 5474 5260
f 5260 5474 4475
f 4475 5474 5473
f 4475 5473 4477
f 4477 5473 5472
f 4477 5472 4478
f 4478 5472 5471
f 4478 5471 4480
f 4480 5471 5470
f 4480 5470 4482
f 4482 5470 5469
f 4482 5469 4484
f 4484 5469 5468
f 4484 5468 4486
f 4486 5468 5467
f 4486 5467 4487
f 4487 5467 5466
f 4487 5466 4488
f 4488 5466 5465
f 4488 5465 4489
f 4489 5465 5464
f 4489 5464 4490
f 4490 5464 5463
f 4490 5463 4491
f 4491 5463 5462
f 4491 5462 4492
f 4492 5462 5461
f 4492 5461 4493
f 4493 5461 5460
f 4493 5460 4494
f 4494 5460 5459
f 4494 5459 4495
f 4495 5459 5458
f 4495 5458 5222
f 5222 5458 5225
f 5225 5458 5457
f 5225 5457 5243
f 5243 5457 5244
f 5244 5457 5456
f 5244 5456 5245
f 5245 5456 5246
f 5246 5456 5455
f 5246 5455 5247
f 5247 5455 5454
f 4920 5477 4858
f 4858 5477 5478
f 4858 5478 4857
f 4857 5478 5479
f 4857 5479 4859
f 4859 5479 5480
f 4859 5480 4860
f 4860 5480 5481
f 4860 5481 4861
f 4861 5481 5482
f 4861 5482 4862
f 4862 5482 5483
f 4862 5483 4863
f 4863 5483 5484
f 4863 5484 4865
f 4865 5484 5485
f 4865 5485 4866
f 4866 5485 5486
f 4866 5486 4867
f 4867 5486 5487
f 4867 5487 4868
f 4868 5487 5488
f 4868 5488 4869
f 4869 5488 5489
f 4869 5489 4870
f 4870 5489 5490
f 4870 5490 4871
f 4871 5490 5491
f 4871 5491 4872
f 4872 5491 5492
f 4872 5492 4873
f 4873 5492 5493
f 4873 5493 4874
f 4874 5493 5494
f 4874 5494 4875
f 4875 5494 5495
f 4875 5495 4876
f 4876 5495 5496
f 4876 5496 4877
f 4877 5496 5497
f 4877 5497 4878
f 4878 5497 5498
f 4878 5498 4879
f 4879 5498 5499
f 4879 5499 4880
f 4880 5499 5500
f 4880 5500 4881
f 4881 5500 5501
f 4881 5501 4883
f 4883 5501 5502
f 4883 5502 4884
f 4884 5502 5503
f 4884 5503 4885
f 4885 5503 5504
f 4885 5504 4886
f 4886 5504 5505
f 4886 5505 4887
f 4887 5505 5506
f 4887 5506 4888
f 4888 5506 5507
f 4888 5507 4889
f 4889 5507 5508
f 4889 5508 4890
f 4890 5508 5509
f 4890 5509 4891
f 4891 5509 5510
f 4891 5510 4892
f 4892 5510 5511
f 4892 5511 4893
f 4893 5511 5512
f 4893 5512 4894
f 4894 5512 5513
f 4894 5513 4895
f 4895 5513 5514
f 4895 5514 4896
f 4896 5514 5515
f 4896 5515 4897
f 4897 5515 5516
f 4897 5516 4898
f 4898 5516 5517
f 4898 5517 4899
f 4899 5517 5518
f 4899 5518 4900
f 4900 5518 5519
f 4900 5519 4901
f 4901 5519 5520
f 4901 5520 4902
f 4902 5520 5521
f 4902 5521 4903
f 4903 5521 5522
f 4903 5522 4904
f 4904 5522 5523
f 4904 5523 4905
f 4905 5523 5524
f 4905 5524 4906
f 4906 5524 5525
f 4906 5525 4907
f 4907 5525 5526
f 4907 5526 4908
f 4908 5526 5527
f 4908 5527 4909
f 4909 5527 5528
f 4909 5528 4910
f 4910 5528 5529
f 4910 5529 4911
f 4911 5529 5530
f 4911 5530 4912
f 4912 5530 5531
f 4912 5531 4913
f 4913 5531 5532
f 4913 5532 4914
f 4914 5532 5533
f 4914 5533 4915
f 4915 5533 5534
f 4915 5534 4916
f 4916 5534 5535
f 4916 5535 4917
f 4917 5535 5536
f 4917 5536 4918
f 4918 5536 5537
f 4918 5537 4919
f 4919 5537 5538
f 4919 5538 4920
f 4920 5538 5477
f 5479 5478 2714
f 2714 5478 5477
f 2714 5477 2712
f 2712 5477 5538
f 2712 5538 2826
f 2826 5538 5537
f 2826 5537 2824
f 2824 5537 5536
f 2824 5536 2822
f 2822 5536 5535
f 2822 5535 2820
f 2820 5535 5534
f 2820 5534 2818
f 2818 5534 5533
f 2818 5533 2816
f 2816 5533 5532
f 2816 5532 2814
f 2814 5532 5531
f 2814 5531 2812
f 2812 5531 5530
f 2812 5530 2810
f 2810 5530 5529
f 2810 5529 2808
f 2808 5529 5528
f 2808 5528 2806
f 2806 5528 5527
f 2806 5527 2804
f 2804 5527 5526
f 2804 5526 2802
f 2802 5526 5525
f 2802 5525 5524
f 2802 5524 2800
f 2800 5524 5523
f 2800 5523 2798
f 2798 5523 5522
f 2798 5522 2796
f 2796 5522 5521
f 2796 5521 2794
f 2794 5521 5520
f 2794 5520 2792
f 2792 5520 5519
f 2792 5519 2790
f 2790 5519 5518
f 2790 5518 2788
f 2788 5518 5517
f 2788 5517 2786
f 2786 5517 5516
f 2786 5516 2784
f 2784 5516 5515
f 2784 5515 2782
f 2782 5515 5514
f 2782 5514 2780
f 2780 5514 5513
f 2780 5513 2778
f 2778 5513 5512
f 2778 5512 2776
f 2776 5512 5511
f 2776 5511 2774
f 2774 5511 5510
f 2774 5510 2772
f 2772 5510 5509
f 2772 5509 5508
f 2772 5508 2770
f 2770 5508 5507
f 2770 5507 2768
f 2768 5507 5506
f 2768 5506 2766
f 2766 5506 5505
f 2766 5505 2764
f 2764 5505 5504
f 2764 5504 2762
f 2762 5504 5503
f 2762 5503 2760
f 2760 5503 5502
f 2760 5502 2758
f 2758 5502 5501
f 2758 5501 2756
f 2756 5501 5500
f 2756 5500 2754
f 2754 5500 5499
f 2754 5499 2752
f 2752 5499 5498
f 2752 5498 2750
f 2750 5498 5497
f 2750 5497 2748
f 2748 5497 5496
f 2748 5496 2746
f 2746 5496 5495
f 2746 5495 2744
f 2744 5495 5494
f 2744 5494 5493
f 2744 5493 2742
f 2742 5493 5492
f 2742 5492 2740
f 2740 5492 5491
f 2740 5491 2738
f 2738 5491 5490
f 2738 5490 2736
f 2736 5490 5489
f 2736 5489 2734
f 2734 5489 5488
f 2734 5488 2732
f 2732 5488 5487
f 2732 5487 2730
f 2730 5487 5486
f 2730 5486 2728
f 2728 5486 5485
f 2728 5485 2726
f 2726 5485 5484
f 2726 5484 2724
f 2724 5484 5483
f 2724 5483 2722
f 2722 5483 5482
f 2722 5482 2720
f 2720 5482 5481
f 2720 5481 2718
f 2718 5481 5480
f 2718 5480 2716
f 2716 5480 5479
f 2716 5479 2714
f 3309 3308 3310
f 3310 3308 3311
f 3311 3308 3331
f 3311 3331 3312
f 3312 3331 3330
f 3312 3330 3313
f 3313 3330 3329
f 3313 3329 3314
f 3314 3329 3328
f 3314 3328 3315
f 3315 3328 3327
f 3315 3327 3316
f 3316 3327 3326
f 3316 3326 3317
f 3317 3326 3325
f 3317 3325 3318
f 3318 3325 3324
f 3318 3324 3319
f 3319 3324 3323
f 3319 3323 3320
f 3320 3323 3322
f 3320 3322 3321
f 3261 3260 3262
f 3262 3260 3263
f 3263 3260 3283
f 3263 3283 3264
f 3264 3283 3282
f 3264 3282 3265
f 3265 3282 3281
f 3265 3281 3266
f 3266 3281 3280
f 3266 3280 3267
f 3267 3280 3279
f 3267 3279 3268
f 3268 3279 3278
f 3268 3278 3269
f 3269 3278 3277
f 3269 3277 3270
f 3270 3277 3276
f 3270 3276 3271
f 3271 3276 3275
f 3271 3275 3272
f 3272 3275 3274
f 3272 3274 3273
f 3213 3212 3214
f 3214 3212 3215
f 3215 3212 3235
f 3215 3235 3216
f 3216 3235 3234
f 3216 3234 3217
f 3217 3234 3233
f 3217 3233 3218
f 3218 3233 3232
f 3218 3232 3219
f 3219 3232 3231
f 3219 3231 3220
f 3220 3231 3230
f 3220 3230 3221
f 3221 3230 3229
f 3221 3229 3222
f 3222 3229 3228
f 3222 3228 3223
f 3223 3228 3227
f 3223 3227 3224
f 3224 3227 3226
f 3224 3226 3225
f 3165 3164 3166
f 3166 3164 3167
f 3167 3164 3187
f 3167 3187 3168
f 3168 3187 3186
f 3168 3186 3169
f 3169 3186 3185
f 3169 3185 3170
f 3170 3185 3184
f 3170 3184 3171
f 3171 3184 3183
f 3171 3183 3172
f 3172 3183 3182
f 3172 3182 3173
f 3173 3182 3181
f 3173 3181 3174
f 3174 3181 3180
f 3174 3180 3175
f 3175 3180 3179
f 3175 3179 3176
f 3176 3179 3178
f 3176 3178 3177
f 5539 5540 5541
f 5541 5540 5542
f 5541 5542 5543
f 5543 5542 5544
f 5543 5544 5545
f 5545 5544 5546
f 5545 5546 5547
f 5547 5546 5548
f 5547 5548 5549
f 5549 5548 5550
f 5549 5550 5551
f 5551 5550 5552
f 5552 5550 5553
f 5552 5553 5554
f 5554 5553 5555
f 5554 5555 5556
f 5556 5555 5557
f 5556 5557 5558
f 5558 5557 5559
f 5558 5559 5560
f 5560 5559 5561
f 5560 5561 5562
f 5562 5561 5563
f 5562 5563 5564
f 5564 5563 5565
f 5564 5565 5566
f 5566 5565 5567
f 5566 5567 5568
f 5568 5567 5569
f 5568 5569 5570
f 5570 5569 5571
f 5570 5571 5572
f 5572 5571 5573
f 5572 5573 5574
f 5574 5573 5575
f 5574 5575 5576
f 5576 5575 5577
f 5576 5577 5539
f 5539 5577 5540
f 5578 5571 5579
f 5579 5571 5569
f 5579 5569 5580
f 5580 5569 5567
f 5580 5567 5581
f 5581 5567 5565
f 5581 5565 5582
f 5582 5565 5563
f 5582 5563 5583
f 5583 5563 5561
f 5583 5561 5584
f 5584 5561 5559
f 5584 5559 5585
f 5585 5559 5557
f 5585 5557 5586
f 5586 5557 5555
f 5586 5555 5587
f 5587 5555 5553
f 5587 5553 5588
f 5588 5553 5550
f 5588 5550 5589
f 5589 5550 5548
f 5589 5548 5590
f 5590 5548 5546
f 5590 5546 5591
f 5591 5546 5544
f 5591 5544 5592
f 5592 5544 5542
f 5592 5542 5593
f 5593 5542 5540
f 5593 5540 5594
f 5594 5540 5577
f 5594 5577 5595
f 5595 5577 5575
f 5595 5575 5596
f 5596 5575 5573
f 5596 5573 5578
f 5578 5573 5571
f 5597 5598 5599
f 5599 5598 5600
f 5600 5598 5601
f 5601 5598 5602
f 5601 5602 5603
f 5603 5602 5604
f 5603 5604 5605
f 5605 5604 5606
f 5605 5606 5607
f 5607 5606 5608
f 5607 5608 5609
f 5609 5608 5610
f 5609 5610 5611
f 5611 5610 5612
f 5611 5612 5613
f 5580 5614 5579
f 5579 5614 5615
f 5579 5615 5578
f 5578 5615 5616
f 5578 5616 5596
f 5596 5616 5617
f 5596 5617 5595
f 5595 5617 5618
f 5595 5618 5594
f 5594 5618 5619
f 5594 5619 5593
f 5593 5619 5620
f 5593 5620 5592
f 5592 5620 5621
f 5592 5621 5591
f 5591 5621 5622
f 5591 5622 5590
f 5590 5622 5623
f 5590 5623 5589
f 5589 5623 5624
f 5589 5624 5588
f 5588 5624 5625
f 5588 5625 5587
f 5587 5625 5626
f 5587 5626 5586
f 5586 5626 5627
f 5586 5627 5585
f 5585 5627 5628
f 5585 5628 5584
f 5584 5628 5629
f 5584 5629 5583
f 5583 5629 5630
f 5583 5630 5582
f 5582 5630 5631
f 5582 5631 5581
f 5581 5631 5632
f 5581 5632 5580
f 5580 5632 5614
f 5600 5633 5599
f 5599 5633 5634
f 5599 5634 5635
f 5635 5634 5615
f 5635 5615 5614
f 5633 5600 5636
f 5636 5600 5601
f 5636 5601 5637
f 5637 5601 5603
f 5637 5603 5638
f 5638 5603 5605
f 5638 5605 5639
f 5639 5605 5607
f 5639 5607 5640
f 5640 5607 5609
f 5640 5609 5641
f 5641 5609 5611
f 5641 5611 5642
f 5642 5611 5613
f 5642 5613 5643
f 5643 5613 5612
f 5643 5612 5644
f 5644 5612 5645
f 5644 5645 5626
f 5626 5645 5627
f 5612 5610 5645
f 5645 5610 5646
f 5645 5646 5627
f 5627 5646 5628
f 5610 5608 5646
f 5646 5608 5647
f 5646 5647 5628
f 5628 5647 5629
f 5608 5606 5647
f 5647 5606 5648
f 5647 5648 5629
f 5629 5648 5630
f 5606 5604 5648
f 5648 5604 5649
f 5648 5649 5630
f 5630 5649 5631
f 5604 5602 5649
f 5649 5602 5650
f 5649 5650 5631
f 5631 5650 5632
f 5602 5598 5650
f 5650 5598 5651
f 5650 5651 5632
f 5632 5651 5614
f 5598 5597 5651
f 5651 5597 5635
f 5651 5635 5614
f 5597 5599 5635
f 5615 5634 5616
f 5616 5634 5633
f 5616 5633 5617
f 5617 5633 5636
f 5617 5636 5618
f 5618 5636 5637
f 5618 5637 5619
f 5619 5637 5638
f 5619 5638 5620
f 5620 5638 5639
f 5620 5639 5621
f 5621 5639 5640
f 5621 5640 5622
f 5622 5640 5641
f 5622 5641 5623
f 5623 5641 5642
f 5623 5642 5624
f 5624 5642 5643
f 5624 5643 5625
f 5625 5643 5644
f 5625 5644 5626
f 5543 5652 5541
f 5541 5652 5653
f 5541 5653 5539
f 5539 5653 5654
f 5539 5654 5576
f 5576 5654 5655
f 5576 5655 5574
f 5574 5655 5656
f 5574 5656 5572
f 5572 5656 5657
f 5572 5657 5570
f 5570 5657 5658
f 5570 5658 5568
f 5568 5658 5659
f 5568 5659 5566
f 5566 5659 5660
f 5566 5660 5564
f 5564 5660 5661
f 5564 5661 5562
f 5562 5661 5662
f 5562 5662 5560
f 5560 5662 5663
f 5560 5663 5558
f 5558 5663 5664
f 5558 5664 5556
f 5556 5664 5665
f 5556 5665 5554
f 5554 5665 5666
f 5554 5666 5552
f 5552 5666 5667
f 5552 5667 5551
f 5551 5667 5668
f 5551 5668 5549
f 5549 5668 5669
f 5549 5669 5547
f 5547 5669 5670
f 5547 5670 5545
f 5545 5670 5671
f 5545 5671 5543
f 5543 5671 5652
f 5652 5664 5653
f 5653 5664 5663
f 5653 5663 5654
f 5654 5663 5662
f 5654 5662 5655
f 5655 5662 5661
f 5655 5661 5656
f 5656 5661 5660
f 5656 5660 5657
f 5657 5660 5659
f 5657 5659 5658
f 5664 5652 5665
f 5665 5652 5671
f 5665 5671 5666
f 5666 5671 5670
f 5666 5670 5667
f 5667 5670 5669
f 5667 5669 5668
f 5672 5673 5674
f 5674 5673 5675
f 5674 5675 5676
f 5676 5675 5677
f 5676 5677 5678
f 5678 5677 5679
f 5678 5679 5680
f 5680 5679 5681
f 5680 5681 5682
f 5682 5681 5683
f 5682 5683 5684
f 5673 5672 5685
f 5685 5672 5686
f 5685 5686 5687
f 5687 5686 5688
f 5687 5688 5689
f 5689 5688 5690
f 5689 5690 5691
f 5692 5672 5693
f 5693 5672 5674
f 5693 5674 5694
f 5694 5674 5676
f 5694 5676 5695
f 5695 5676 5678
f 5695 5678 5696
f 5696 5678 5680
f 5696 5680 5697
f 5697 5680 5682
f 5697 5682 5698
f 5698 5682 5684
f 5698 5684 5699
f 5699 5684 5683
f 5699 5683 5700
f 5700 5683 5681
f 5700 5681 5701
f 5701 5681 5679
f 5701 5679 5702
f 5702 5679 5677
f 5702 5677 5703
f 5703 5677 5675
f 5703 5675 5704
f 5704 5675 5673
f 5704 5673 5705
f 5705 5673 5685
f 5705 5685 5706
f 5706 5685 5687
f 5706 5687 5707
f 5707 5687 5689
f 5707 5689 5708
f 5708 5689 5691
f 5708 5691 5709
f 5709 5691 5690
f 5709 5690 5710
f 5710 5690 5688
f 5710 5688 5711
f 5711 5688 5686
f 5711 5686 5692
f 5692 5686 5672
f 5712 5713 5714
f 5714 5713 5715
f 5714 5715 5716
f 5716 5715 5717
f 5716 5717 5718
f 5718 5717 5719
f 5718 5719 5720
f 5720 5719 5721
f 5720 5721 5722
f 5722 5721 5723
f 5722 5723 5724
f 5724 5723 5725
f 5724 5725 5726
f 5726 5725 5727
f 5726 5727 5728
f 5728 5727 5729
f 5728 5729 5730
f 5730 5729 5731
f 5730 5731 5732
f 5732 5731 5733
f 5732 5733 5734
f 5734 5733 5735
f 5734 5735 5736
f 5736 5735 5737
f 5736 5737 5738
f 5738 5737 5739
f 5738 5739 5740
f 5740 5739 5741
f 5740 5741 5742
f 5742 5741 5743
f 5742 5743 5744
f 5744 5743 5745
f 5744 5745 5746
f 5746 5745 5747
f 5746 5747 5748
f 5748 5747 5749
f 5748 5749 5712
f 5712 5749 5713
f 5750 5751 5752
f 5752 5751 5753
f 5752 5753 5754
f 5754 5753 5715
f 5754 5715 5713
f 5751 5750 5755
f 5755 5750 5756
f 5755 5756 5757
f 5757 5756 5758
f 5757 5758 5759
f 5759 5758 5760
f 5759 5760 5761
f 5761 5760 5762
f 5761 5762 5763
f 5763 5762 5764
f 5763 5764 5765
f 5765 5764 5766
f 5765 5766 5767
f 5767 5766 5768
f 5767 5768 5769
f 5769 5768 5770
f 5769 5770 5771
f 5771 5770 5772
f 5771 5772 5737
f 5737 5772 5739
f 5770 5773 5772
f 5772 5773 5774
f 5772 5774 5739
f 5739 5774 5741
f 5773 5775 5774
f 5774 5775 5776
f 5774 5776 5741
f 5741 5776 5743
f 5775 5777 5776
f 5776 5777 5778
f 5776 5778 5743
f 5743 5778 5745
f 5777 5779 5778
f 5778 5779 5780
f 5778 5780 5745
f 5745 5780 5747
f 5779 5781 5780
f 5780 5781 5782
f 5780 5782 5747
f 5747 5782 5749
f 5781 5783 5782
f 5782 5783 5784
f 5782 5784 5749
f 5749 5784 5713
f 5783 5785 5784
f 5784 5785 5754
f 5784 5754 5713
f 5785 5752 5754
f 5715 5753 5717
f 5717 5753 5751
f 5717 5751 5719
f 5719 5751 5755
f 5719 5755 5721
f 5721 5755 5757
f 5721 5757 5723
f 5723 5757 5759
f 5723 5759 5725
f 5725 5759 5761
f 5725 5761 5727
f 5727 5761 5763
f 5727 5763 5729
f 5729 5763 5765
f 5729 5765 5731
f 5731 5765 5767
f 5731 5767 5733
f 5733 5767 5769
f 5733 5769 5735
f 5735 5769 5771
f 5735 5771 5737
f 5785 5783 5752
f 5752 5783 5750
f 5750 5783 5756
f 5756 5783 5781
f 5756 5781 5758
f 5758 5781 5779
f 5758 5779 5760
f 5760 5779 5777
f 5760 5777 5762
f 5762 5777 5775
f 5762 5775 5764
f 5764 5775 5773
f 5764 5773 5766
f 5766 5773 5770
f 5766 5770 5768
f 5716 5786 5714
f 5714 5786 5787
f 5714 5787 5712
f 5712 5787 5788
f 5712 5788 5748
f 5748 5788 5789
f 5748 5789 5746
f 5746 5789 5790
f 5746 5790 5744
f 5744 5790 5791
f 5744 5791 5742
f 5742 5791 5792
f 5742 5792 5740
f 5740 5792 5793
f 5740 5793 5738
f 5738 5793 5794
f 5738 5794 5736
f 5736 5794 5795
f 5736 5795 5734
f 5734 5795 5796
f 5734 5796 5732
f 5732 5796 5797
f 5732 5797 5730
f 5730 5797 5798
f 5730 5798 5728
f 5728 5798 5799
f 5728 5799 5726
f 5726 5799 5800
f 5726 5800 5724
f 5724 5800 5801
f 5724 5801 5722
f 5722 5801 5802
f 5722 5802 5720
f 5720 5802 5803
f 5720 5803 5718
f 5718 5803 5804
f 5718 5804 5716
f 5716 5804 5786
f 5694 5801 5693
f 5693 5801 5800
f 5693 5800 5692
f 5692 5800 5799
f 5692 5799 5711
f 5711 5799 5798
f 5711 5798 5710
f 5710 5798 5797
f 5710 5797 5709
f 5709 5797 5796
f 5709 5796 5708
f 5708 5796 5707
f 5707 5796 5795
f 5707 5795 5706
f 5706 5795 5794
f 5706 5794 5705
f 5705 5794 5793
f 5705 5793 5704
f 5704 5793 5792
f 5704 5792 5703
f 5703 5792 5791
f 5703 5791 5702
f 5702 5791 5790
f 5702 5790 5701
f 5701 5790 5789
f 5701 5789 5700
f 5700 5789 5788
f 5700 5788 5699
f 5699 5788 5787
f 5699 5787 5698
f 5698 5787 5786
f 5698 5786 5697
f 5697 5786 5804
f 5697 5804 5696
f 5696 5804 5803
f 5696 5803 5695
f 5695 5803 5802
f 5695 5802 5694
f 5694 5802 5801
f 5805 5806 5807
f 5807 5806 5808
f 5807 5808 5809
f 5809 5808 5810
f 5809 5810 5811
f 5811 5810 5812
f 5811 5812 5813
f 5813 5812 5814
f 5813 5814 5815
f 5815 5814 5816
f 5816 5814 5817
f 5816 5817 5818
f 5818 5817 5819
f 5818 5819 5820
f 5820 5819 5821
f 5820 5821 5822
f 5822 5821 5823
f 5822 5823 5824
f 5822 5824 5825
f 5825 5824 5826
f 5825 5826 5827
f 5827 5826 5828
f 5827 5828 5829
f 5829 5828 5830
f 5830 5828 5831
f 5830 5831 5832
f 5832 5831 5833
f 5832 5833 5834
f 5834 5833 5835
f 5834 5835 5836
f 5836 5835 5837
f 5836 5837 5838
f 5836 5838 5839
f 5839 5838 5840
f 5839 5840 5841
f 5841 5840 5842
f 5841 5842 5843
f 5843 5842 5844
f 5844 5842 5845
f 5844 5845 5846
f 5846 5845 5847
f 5846 5847 5848
f 5848 5847 5849
f 5848 5849 5850
f 5850 5849 5851
f 5850 5851 5852
f 5850 5852 5853
f 5853 5852 5854
f 5853 5854 5855
f 5855 5854 5856
f 5855 5856 5857
f 5857 5856 5858
f 5858 5856 5859
f 5858 5859 5860
f 5860 5859 5805
f 5860 5805 5807
f 5808 5861 5810
f 5810 5861 5862
f 5810 5862 5812
f 5812 5862 5863
f 5812 5863 5814
f 5814 5863 5864
f 5814 5864 5817
f 5817 5864 5865
f 5817 5865 5819
f 5819 5865 5866
f 5819 5866 5821
f 5821 5866 5867
f 5868 5861 5806
f 5806 5861 5808
f 5851 5869 5852
f 5852 5869 5870
f 5852 5870 5854
f 5854 5870 5871
f 5854 5871 5856
f 5856 5871 5872
f 5856 5872 5859
f 5859 5872 5873
f 5859 5873 5805
f 5805 5873 5874
f 5805 5874 5806
f 5806 5874 5868
f 5875 5869 5849
f 5849 5869 5851
f 5837 5876 5838
f 5838 5876 5877
f 5838 5877 5840
f 5840 5877 5878
f 5840 5878 5842
f 5842 5878 5879
f 5842 5879 5845
f 5845 5879 5880
f 5845 5880 5847
f 5847 5880 5881
f 5847 5881 5849
f 5849 5881 5875
f 5882 5876 5835
f 5835 5876 5837
f 5823 5883 5824
f 5824 5883 5884
f 5824 5884 5826
f 5826 5884 5885
f 5826 5885 5828
f 5828 5885 5886
f 5828 5886 5831
f 5831 5886 5887
f 5831 5887 5833
f 5833 5887 5888
f 5833 5888 5835
f 5835 5888 5882
f 5867 5883 5821
f 5821 5883 5823
f 5889 5890 5891
f 5891 5890 5892
f 5891 5892 5893
f 5893 5892 5894
f 5893 5894 5895
f 5895 5894 5896
f 5897 5898 5889
f 5889 5898 5899
f 5889 5899 5890
f 5890 5899 5900
f 5900 5899 5901
f 5901 5899 5902
f 5902 5899 5903
f 5897 5904 5898
f 5898 5904 5905
f 5898 5905 5906
f 5899 5898 5907
f 5907 5898 5908
f 5907 5908 5909
f 5909 5908 5910
f 5909 5910 5911
f 5911 5910 5912
f 5903 5899 5913
f 5913 5899 5914
f 5913 5914 5915
f 5913 5915 5916
f 5916 5915 5868
f 5916 5868 5874
f 5916 5874 5917
f 5917 5874 5873
f 5917 5873 5918
f 5918 5873 5872
f 5918 5872 5919
f 5919 5872 5871
f 5919 5871 5920
f 5920 5871 5870
f 5920 5870 5921
f 5921 5870 5869
f 5921 5922 5920
f 5920 5922 5923
f 5920 5923 5919
f 5919 5923 5924
f 5919 5924 5918
f 5918 5924 5925
f 5918 5925 5917
f 5917 5925 5926
f 5917 5926 5916
f 5916 5926 5913
f 5922 5890 5923
f 5923 5890 5900
f 5923 5900 5924
f 5924 5900 5901
f 5924 5901 5925
f 5925 5901 5902
f 5925 5902 5926
f 5926 5902 5903
f 5926 5903 5913
f 5892 5890 5927
f 5927 5890 5922
f 5927 5922 5928
f 5928 5922 5921
f 5928 5921 5875
f 5875 5921 5869
f 5861 5868 5929
f 5929 5868 5915
f 5929 5915 5930
f 5930 5915 5914
f 5930 5914 5907
f 5907 5914 5899
f 5894 5892 5931
f 5931 5892 5927
f 5931 5927 5928
f 5931 5928 5932
f 5932 5928 5875
f 5932 5875 5881
f 5932 5881 5933
f 5933 5881 5880
f 5933 5880 5934
f 5934 5880 5879
f 5934 5879 5935
f 5935 5879 5878
f 5935 5878 5936
f 5936 5878 5877
f 5936 5877 5937
f 5937 5877 5876
f 5937 5938 5936
f 5936 5938 5939
f 5936 5939 5935
f 5935 5939 5940
f 5935 5940 5934
f 5934 5940 5941
f 5934 5941 5933
f 5933 5941 5942
f 5933 5942 5932
f 5932 5942 5931
f 5938 5891 5939
f 5939 5891 5893
f 5939 5893 5940
f 5940 5893 5895
f 5940 5895 5941
f 5941 5895 5896
f 5941 5896 5942
f 5942 5896 5894
f 5942 5894 5931
f 5861 5929 5862
f 5862 5929 5943
f 5862 5943 5863
f 5863 5943 5944
f 5863 5944 5864
f 5864 5944 5945
f 5864 5945 5865
f 5865 5945 5946
f 5865 5946 5866
f 5866 5946 5947
f 5866 5947 5867
f 5867 5947 5948
f 5948 5947 5949
f 5948 5949 5950
f 5950 5949 5908
f 5908 5949 5910
f 5910 5949 5951
f 5910 5951 5912
f 5912 5951 5952
f 5912 5952 5911
f 5911 5952 5953
f 5911 5953 5909
f 5909 5953 5954
f 5909 5954 5907
f 5907 5954 5930
f 5930 5954 5943
f 5930 5943 5929
f 5944 5943 5954
f 5945 5944 5953
f 5953 5944 5954
f 5946 5945 5952
f 5952 5945 5953
f 5947 5946 5951
f 5951 5946 5952
f 5949 5947 5951
f 5889 5891 5955
f 5955 5891 5938
f 5955 5938 5956
f 5956 5938 5937
f 5956 5937 5882
f 5882 5937 5876
f 5883 5867 5957
f 5957 5867 5948
f 5957 5948 5958
f 5958 5948 5950
f 5958 5950 5898
f 5898 5950 5908
f 5897 5889 5959
f 5959 5889 5955
f 5959 5955 5956
f 5959 5956 5960
f 5960 5956 5882
f 5960 5882 5888
f 5960 5888 5961
f 5961 5888 5887
f 5961 5887 5962
f 5962 5887 5886
f 5962 5886 5963
f 5963 5886 5885
f 5963 5885 5964
f 5964 5885 5884
f 5964 5884 5957
f 5957 5884 5883
f 5957 5958 5964
f 5964 5958 5965
f 5964 5965 5963
f 5963 5965 5966
f 5963 5966 5962
f 5962 5966 5967
f 5962 5967 5961
f 5961 5967 5968
f 5961 5968 5960
f 5960 5968 5959
f 5958 5898 5965
f 5965 5898 5906
f 5965 5906 5966
f 5966 5906 5905
f 5966 5905 5967
f 5967 5905 5904
f 5967 5904 5968
f 5968 5904 5897
f 5968 5897 5959
f 5969 5970 5971
f 5971 5970 5972
f 5971 5972 5973
f 5973 5972 5974
f 5973 5974 5975
f 5975 5974 5976
f 5975 5976 5977
f 5978 5979 5969
f 5969 5979 5980
f 5969 5980 5970
f 5970 5980 5981
f 5981 5980 5982
f 5982 5980 5983
f 5983 5980 5984
f 5984 5980 5985
f 5978 5986 5979
f 5979 5986 5987
f 5979 5987 5988
f 5988 5989 5979
f 5980 5979 5990
f 5990 5979 5991
f 5990 5991 5992
f 5992 5991 5993
f 5992 5993 5994
f 5994 5993 5995
f 5994 5995 5996
f 5820 5970 5818
f 5818 5970 5981
f 5818 5981 5816
f 5816 5981 5982
f 5816 5982 5815
f 5815 5982 5983
f 5815 5983 5813
f 5813 5983 5984
f 5813 5984 5811
f 5811 5984 5985
f 5811 5985 5809
f 5809 5985 5980
f 5980 5990 5809
f 5809 5990 5807
f 5807 5990 5860
f 5860 5990 5992
f 5860 5992 5858
f 5858 5992 5994
f 5858 5994 5857
f 5857 5994 5996
f 5857 5996 5855
f 5855 5996 5995
f 5855 5995 5853
f 5853 5995 5993
f 5853 5993 5850
f 5850 5993 5991
f 5991 5979 5850
f 5850 5979 5848
f 5848 5979 5846
f 5846 5979 5989
f 5846 5989 5844
f 5844 5989 5988
f 5844 5988 5843
f 5843 5988 5987
f 5843 5987 5841
f 5841 5987 5986
f 5841 5986 5839
f 5839 5986 5978
f 5839 5978 5836
f 5836 5978 5969
f 5972 5970 5822
f 5822 5970 5820
f 5834 5971 5832
f 5832 5971 5973
f 5832 5973 5830
f 5830 5973 5975
f 5830 5975 5829
f 5829 5975 5977
f 5829 5977 5827
f 5827 5977 5976
f 5827 5976 5825
f 5825 5976 5974
f 5825 5974 5822
f 5822 5974 5972
f 5969 5971 5836
f 5836 5971 5834

