# https://github.com/mikedh/trimesh
v 25.34902954 -11.00801468 169.91262817
v 25.55528069 -10.62643528 169.67539978
v 25.34902954 -10.55224419 169.89360046
v 25.55528069 -10.15297318 169.81840515
v 25.34902954 -10.13335514 170.07421875
v 25.55528069 -9.77398586 170.13619995
v 25.34902954 -9.83431625 170.41870117
v 25.55528069 -9.55062580 170.57746887
v 25.34902954 -9.71435356 170.85881042
v 25.55528069 -9.51893520 171.07104492
v 25.34902954 -9.79722786 171.30738831
v 25.55528069 -9.68402767 171.53726196
v 25.34902954 -10.06652641 171.67558289
v 25.55528069 -10.01926327 171.90090942
v 25.34902954 -10.46890926 171.89047241
v 25.60527992 -10.39644432 172.13630676
v 25.60527992 -10.85503769 172.17747498
v 25.55528069 -11.11797428 169.73023987
v 25.34902954 -11.41039848 170.12751770
v 25.55528069 -11.54827499 169.97409058
v 25.55528069 -11.84790421 170.36758423
v 25.34902954 -11.67969608 170.49571228
v 25.55528069 -11.96851349 170.84724426
v 25.34902954 -11.76257038 170.94429016
v 25.55528069 -11.89064217 171.33566284
v 25.34902954 -11.64260864 171.38439941
v 25.55528069 -11.62685585 171.75402832
v 25.34902954 -11.34356880 171.72886658
v 25.60527992 -11.29857635 172.05387878
v 25.34902954 -10.92467976 171.90948486
v 25.60527992 -11.66977882 171.78146362
v 25.60527992 -9.98202133 171.93566895
v 25.34902954 -9.25291538 178.14668274
v 25.55528069 -8.84255886 177.91242981
v 25.34902954 -8.79714394 178.12767029
v 25.55528069 -8.37258720 178.06652832
v 25.34902954 -8.37825489 178.30827332
v 25.55528069 -8.00117016 178.39312744
v 25.34902954 -8.07921600 178.65275574
v 25.55528069 -7.78823996 178.83953857
v 25.34902954 -7.95925331 179.09286499
v 25.55528069 -7.76815367 179.33370972
v 25.34902954 -8.04212856 179.54144287
v 25.60527992 -7.86841345 179.76687622
v 25.34902954 -8.31142616 179.90963745
v 25.60527992 -8.16357040 180.12025452
v 25.60527992 -8.56459904 180.34649658
v 25.55528069 -9.33525085 177.95571899
v 25.34902954 -9.65529823 178.36157227
v 25.55528069 -9.77116108 178.18937683
v 25.55528069 -10.07995224 178.57572937
v 25.34902954 -9.92459583 178.72976685
v 25.55528069 -10.21179867 179.05241394
v 25.34902954 -10.00747013 179.17834473
v 25.55528069 -10.14542389 179.54252625
v 25.34902954 -9.88750839 179.61845398
v 25.55528069 -9.89153862 179.96697998
v 25.34902954 -9.58846855 179.96293640
v 25.55528069 -9.49110985 180.25729370
v 25.34902954 -9.16957951 180.14355469
v 25.55528069 -9.00875187 180.36659241
v 25.34902954 -8.71380901 180.12452698
v 25.60527992 -9.01970768 180.41633606
v 25.60527992 -7.71724606 179.33195496
v 25.34902954 -2.18951035 182.72799683
v 25.55528069 -1.75045574 182.49739075
v 25.34902954 -1.73373926 182.70898438
v 25.55528069 -1.28423429 182.66249084
v 25.34902954 -1.31485081 182.88960266
v 25.55528069 -0.92059296 182.99772644
v 25.34902954 -1.01581109 183.23406982
v 25.60527992 -0.68519998 183.37490845
v 25.34902954 -0.89584869 183.67417908
v 25.60527992 -0.64402169 183.83349609
v 25.34902954 -0.97872353 184.12275696
v 25.60527992 -0.76762313 184.27703857
v 25.55528069 -1.06747055 184.60531616
v 25.60527992 -1.04004192 184.64823914
v 25.34902954 -2.59189320 182.94288635
v 25.55528069 -2.68530822 182.75244141
v 25.55528069 -2.24402809 182.52908325
v 25.55528069 -3.00309157 183.13143921
v 25.34902954 -2.86119103 183.31108093
v 25.55528069 -3.14610028 183.60490417
v 25.34902954 -2.94406581 183.75965881
v 25.55528069 -3.09125876 184.09643555
v 25.34902954 -2.82410336 184.19976807
v 25.55528069 -2.84741592 184.52673340
v 25.34902954 -2.52506375 184.54425049
v 25.55528069 -2.45391870 184.82637024
v 25.34902954 -2.10617542 184.72486877
v 25.55528069 -1.97426128 184.94697571
v 25.34902954 -1.65040421 184.70584106
v 25.55528069 -1.48584139 184.86911011
v 25.34902954 -1.24802125 184.49095154
v 25.60527992 -0.88584012 182.96047974
v 25.34902954 6.04455185 180.97290039
v 25.55528069 6.01803112 180.76670837
v 25.34902954 6.50032330 180.95388794
v 25.55528069 6.51221180 180.74661255
v 25.60527992 6.94536734 180.84687805
v 25.60527992 6.51045179 180.69570923
v 25.55528069 5.57162476 180.97962952
v 25.34902954 5.64216900 181.18778992
v 25.55528069 5.24502563 181.35104370
v 25.34902954 5.37287140 181.55598450
v 25.55528069 5.09093237 181.82101440
v 25.34902954 5.28999662 182.00456238
v 25.55528069 5.13421059 182.31372070
v 25.34902954 5.40995884 182.44467163
v 25.55528069 5.36787653 182.74961853
v 25.34902954 5.70899868 182.78915405
v 25.55528069 5.75422573 183.05841064
v 25.34902954 6.12788677 182.96977234
v 25.55528069 6.23091698 183.19026184
v 25.34902954 6.58365822 182.95074463
v 25.55528069 6.72103119 183.12388611
v 25.34902954 6.98604107 182.73585510
v 25.55528069 7.14548445 182.86999512
v 25.34902954 7.25533867 182.36766052
v 25.55528069 7.43578577 182.46957397
v 25.55528069 7.54509306 181.98721313
v 25.34902954 7.33821344 181.91908264
v 25.60527992 7.59483957 181.99816895
v 25.60527992 7.52498865 181.54306030
v 25.34902954 7.21825123 181.47897339
v 25.60527992 7.29875946 181.14202881
v 25.34902954 6.91921139 181.13449097
v 25.34902954 10.62586975 173.90950012
v 25.60527992 11.01199913 173.62248230
v 25.34902954 11.08164120 173.89047241
v 25.60527992 11.45553684 173.74607849
v 25.34902954 11.50052929 174.07109070
v 25.60527992 11.82673931 174.01850891
v 25.55528069 11.78381634 174.04592896
v 25.34902954 10.22348690 174.12438965
v 25.55528069 10.17622375 173.89906311
v 25.60527992 10.55340576 173.66366577
v 25.55528069 9.84098816 174.26269531
v 25.34902954 9.95418930 174.49258423
v 25.55528069 9.67589664 174.72891235
v 25.34902954 9.87131405 174.94116211
v 25.55528069 9.70758724 175.22248840
v 25.34902954 9.99127674 175.38127136
v 25.55528069 9.93094635 175.66377258
v 25.34902954 10.29031658 175.72575378
v 25.55528069 10.30993462 175.98155212
v 25.34902954 10.70920467 175.90635681
v 25.55528069 10.78339672 176.12455750
v 25.34902954 11.16497612 175.88734436
v 25.55528069 11.27493572 176.06971741
v 25.34902954 11.56735897 175.67245483
v 25.55528069 11.70523643 175.82588196
v 25.55528069 12.00486565 175.43238831
v 25.34902954 11.83665657 175.30426025
v 25.55528069 12.12547493 174.95272827
v 25.34902954 11.91953182 174.85568237
v 25.55528069 12.04760361 174.46430969
v 25.34902954 11.79956913 174.41557312
v 25.60527992 10.13898182 173.86430359
v 25.34902954 8.87076950 165.67543030
v 25.55528069 9.16571236 165.43336487
v 25.34902954 9.32654095 165.65641785
v 25.55528069 9.64807129 165.54267883
v 25.34902954 9.74542904 165.83703613
v 25.55528069 10.04850006 165.83297729
v 25.34902954 10.04446888 166.18150330
v 25.55528069 10.30238438 166.25743103
v 25.34902954 10.16443157 166.62161255
v 25.55528069 10.36875916 166.74754333
v 25.34902954 10.08155632 167.07019043
v 25.55528069 10.23691368 167.22424316
v 25.34902954 9.81225872 167.43838501
v 25.55528069 9.92812252 167.61058044
v 25.55528069 9.49221134 167.84425354
v 25.34902954 8.46838665 165.89031982
v 25.60527992 8.72155952 165.45347595
v 25.60527992 9.17666912 165.38362122
v 25.34902954 8.19908905 166.25851440
v 25.60527992 8.02537441 166.03309631
v 25.60527992 8.32053185 165.67970276
v 25.34902954 8.11621475 166.70709229
v 25.55528069 7.92511511 166.46624756
v 25.60527992 7.87420702 166.46801758
v 25.55528069 7.94520092 166.96043396
v 25.34902954 8.23617649 167.14720154
v 25.55528069 8.15813160 167.40684509
v 25.34902954 8.53521633 167.49168396
v 25.55528069 8.52954865 167.73344421
v 25.34902954 8.95410442 167.67230225
v 25.55528069 8.99952030 167.88752747
v 25.34902954 9.40987587 167.65327454
v 25.34902954 1.80736518 161.09411621
v 25.55528069 2.13122225 160.85298157
v 25.34902954 2.26313639 161.07510376
v 25.55528069 2.61087966 160.97360229
v 25.34902954 2.68202472 161.25570679
v 25.55528069 3.00437713 161.27322388
v 25.34902954 2.98106456 161.60018921
v 25.55528069 3.24821973 161.70352173
v 25.34902954 3.10102701 162.04029846
v 25.55528069 3.30306125 162.19506836
v 25.34902954 3.01815200 162.48887634
v 25.55528069 3.16005254 162.66853333
v 25.34902954 2.74885440 162.85707092
v 25.55528069 2.84226942 163.04751587
v 25.34902954 2.34647155 163.07196045
v 25.55528069 2.40098906 163.27087402
v 25.55528069 1.90741682 163.30256653
v 25.55528069 1.64280248 160.93086243
v 25.34902954 1.40498233 161.30900574
v 25.55528069 1.22443151 161.19464111
v 25.34902954 1.13568461 161.67720032
v 25.60527992 0.92458421 161.52291870
v 25.60527992 0.80098271 161.96646118
v 25.34902954 1.05280972 162.12577820
v 25.60527992 0.84216106 162.42506409
v 25.34902954 1.17277217 162.56588745
v 25.60527992 1.04280114 162.83947754
v 25.55528069 1.07755399 162.80224609
v 25.34902954 1.47181189 162.91036987
v 25.55528069 1.44119525 163.13748169
v 25.34902954 1.89070022 163.09098816
v 25.60527992 1.19700301 161.15171814
v 25.34902954 -6.42669725 162.84921265
v 25.55528069 -6.07395601 162.60971069
v 25.34902954 -5.97092581 162.83020020
v 25.55528069 -5.59726429 162.74154663
v 25.34902954 -5.55203772 163.01081848
v 25.55528069 -5.21091509 163.05033875
v 25.34902954 -5.25299788 163.35528564
v 25.55528069 -4.97724962 163.48625183
v 25.34902954 -5.13303518 163.79539490
v 25.55528069 -4.93397141 163.97894287
v 25.34902954 -5.21591043 164.24397278
v 25.55528069 -5.08806419 164.44891357
v 25.34902954 -5.48520803 164.61216736
v 25.55528069 -5.41466379 164.82032776
v 25.34902954 -5.88759089 164.82705688
v 25.55528069 -5.86107016 165.03326416
v 25.34902954 -6.34336185 164.84608459
v 25.55528069 -6.35525084 165.05334473
v 25.34902954 -6.76225042 164.66546631
v 25.60527992 -6.78840637 164.95309448
v 25.60527992 -7.14179802 164.65792847
v 25.55528069 -6.56407022 162.67607117
v 25.34902954 -6.82908010 163.06410217
v 25.55528069 -6.98852348 162.92996216
v 25.34902954 -7.09837770 163.43229675
v 25.55528069 -7.27882481 163.33039856
v 25.55528069 -7.38813210 163.81274414
v 25.34902954 -7.18125248 163.88087463
v 25.60527992 -7.36802769 164.25689697
v 25.34902954 -7.06129026 164.32098389
v 25.60527992 -7.43787813 163.80178833
v 25.60527992 -6.35349035 165.10426331
v 25.40528107 -4.17039442 186.23965454
v 25.55528069 -4.12487078 186.09674072
v 25.40528107 -2.46498585 186.66700745
v 25.55528069 -2.43773437 186.51950073
v 25.40528107 -0.71946496 186.87722778
v 25.55528069 -0.71091551 186.72746277
v 25.40528107 1.03864002 186.86701965
v 25.55528069 1.02835262 186.71737671
v 25.40528107 2.78160262 186.63655090
v 25.55528069 2.75264072 186.48936462
v 25.40528107 4.48193550 186.18943787
v 25.55528069 4.43475533 186.04704285
v 25.40528107 6.11282301 185.53274536
v 25.55528069 6.04816961 185.39739990
v 25.40528107 7.64854574 184.67683411
v 25.55528069 7.56743765 184.55064392
v 25.40528107 9.06488323 183.63517761
v 25.55528069 8.96860027 183.52015686
v 25.40528107 10.33950043 182.42424011
v 25.55528069 10.22956085 182.32218933
v 25.40528107 11.45229530 181.06309509
v 25.55528069 11.33043289 180.97563171
v 25.40528107 12.38571835 179.57321167
v 25.55528069 12.25385475 179.50170898
v 25.40528107 13.12504864 177.97807312
v 25.55528069 12.98526382 177.92367554
v 25.40528107 13.65862656 176.30287170
v 25.55528069 13.51312542 176.26640320
v 25.40528107 13.97803783 174.57398987
v 25.55528069 13.82911396 174.55606079
v 25.40528107 14.07824421 172.81871033
v 25.55528069 13.92824745 172.81958008
v 25.40528107 13.95766640 171.06471252
v 25.55528069 13.80896091 171.08438110
v 25.40528107 13.61820602 169.33966064
v 25.55528069 13.47313786 169.37780762
v 25.40528107 13.06521511 167.67076111
v 25.55528069 12.92607212 167.72679138
v 25.40528107 12.30741692 166.08433533
v 25.55528069 12.17639256 166.15734863
v 25.40528107 11.35676003 164.60537720
v 25.55528069 11.23592091 164.69424438
v 25.40528107 10.22823811 163.25724792
v 25.55528069 10.11949062 163.36056519
v 25.40528107 8.93964863 162.06117249
v 25.55528069 8.84470749 162.17730713
v 25.40528107 7.51131296 161.03604126
v 25.55528069 7.43167543 161.16316223
v 25.40528107 5.96575737 160.19801331
v 25.55528069 5.90267944 160.33410645
v 25.40528107 4.32735586 159.56030273
v 25.55528069 4.28183222 159.70323181
v 25.40528107 2.62194681 159.13296509
v 25.55528069 2.59469533 159.28047180
v 25.40528107 0.87642598 158.92274475
v 25.55528069 0.86787659 159.07249451
v 25.40528107 -0.88167894 158.93295288
v 25.55528069 -0.87139153 159.08259583
v 25.40528107 -2.62464166 159.16342163
v 25.55528069 -2.59567952 159.31059265
v 25.40528107 -4.32497454 159.61053467
v 25.55528069 -4.27779436 159.75291443
v 25.40528107 -5.95586205 160.26721191
v 25.55528069 -5.89120817 160.40257263
v 25.40528107 -7.49158430 161.12313843
v 25.55528069 -7.41047668 161.24931335
v 25.40528107 -8.90792274 162.16477966
v 25.55528069 -8.81163979 162.27980042
v 25.40528107 -10.18253994 163.37573242
v 25.55528069 -10.07260036 163.47776794
v 25.40528107 -11.29533386 164.73687744
v 25.55528069 -11.17347240 164.82434082
v 25.40528107 -12.22875690 166.22676086
v 25.55528069 -12.09689426 166.29826355
v 25.40528107 -12.96808720 167.82188416
v 25.55528069 -12.82830238 167.87629700
v 25.40528107 -13.50166607 169.49710083
v 25.55528069 -13.35616398 169.53355408
v 25.40528107 -13.82107639 171.22596741
v 25.55528069 -13.67215252 171.24391174
v 25.40528107 -13.92128372 172.98124695
v 25.55528069 -13.77128601 172.98037720
v 25.40528107 -13.80070591 174.73524475
v 25.55528069 -13.65200043 174.71557617
v 25.40528107 -13.46124458 176.46029663
v 25.55528069 -13.31617641 176.42214966
v 25.40528107 -12.90825462 178.12919617
v 25.55528069 -12.76911068 178.07316589
v 25.40528107 -12.15045547 179.71563721
v 25.55528069 -12.01943111 179.64260864
v 25.40528107 -11.19979858 181.19458008
v 25.55528069 -11.07896042 181.10571289
v 25.40528107 -10.07127666 182.54272461
v 25.55528069 -9.96252918 182.43940735
v 25.40528107 -8.78268719 183.73878479
v 25.55528069 -8.68774605 183.62265015
v 25.40528107 -7.35435200 184.76391602
v 25.55528069 -7.27471447 184.63681030
v 25.40528107 -5.80879641 185.60194397
v 25.55528069 -5.74571848 185.46585083
v 25.60527992 5.07456207 173.92427063
v 25.60527992 5.06328964 173.28944397
v 25.60527992 5.17848015 172.89759827
v 25.60527992 5.03533268 172.24453735
v 25.60527992 5.07360363 171.87103271
v 25.60527992 4.79073763 171.22827148
v 25.60527992 4.76422596 170.88658142
v 25.60527992 4.34019470 170.28506470
v 25.60527992 4.26301336 169.98455811
v 25.60527992 3.70339394 169.45614624
v 25.60527992 3.59048581 169.20190430
v 25.60527992 2.90816712 168.77774048
v 25.60527992 2.77417612 168.57063293
v 25.60527992 1.98926961 168.27949524
v 25.60527992 1.84750450 168.11662292
v 25.60527992 0.98686135 167.98318481
v 25.60527992 0.84840870 167.85842896
v 25.60527992 -0.05524750 167.90176392
v 25.60527992 -0.18220800 167.80665588
v 25.60527992 -1.09151185 168.03880310
v 25.60527992 -1.20215213 167.96337891
v 25.60527992 -2.07664180 168.38827515
v 25.60527992 -2.16966701 168.32223511
v 25.60527992 -2.96758270 168.93495178
v 25.60527992 -3.04514241 168.86848450
v 25.60527992 -3.72539592 169.65490723
v 25.60527992 -3.79273629 169.57978821
v 25.60527992 -4.38184214 170.42701721
v 25.60527992 -4.31696129 170.51669312
v 25.60527992 -4.78834200 171.37550354
v 25.60527992 -4.71642542 171.48263550
v 25.60527992 -4.99559355 172.38639832
v 25.60527992 -4.90632868 172.51052856
v 25.60527992 -4.99511147 173.41830444
v 25.60527992 -4.87837172 173.55543518
v 25.60527992 -4.78691626 174.42900085
v 25.60527992 -4.63377666 174.57170105
v 25.60527992 -4.37953138 175.37710571
v 25.60527992 -4.18323326 175.51489258
v 25.60527992 -3.78963470 176.22378540
v 25.60527992 -3.54643297 176.34381104
v 25.60527992 -3.04137683 176.93440247
v 25.60527992 -2.75120616 177.02221680
v 25.60527992 -2.16539192 177.47982788
v 25.60527992 -1.83230853 177.52046204
v 25.60527992 -1.19754243 177.83776855
v 25.60527992 -0.82990032 177.81677246
v 25.60527992 -0.17745240 177.99356079
v 25.60527992 0.21220855 177.89819336
v 25.60527992 0.85311550 177.94081116
v 25.60527992 1.24847281 177.76116943
v 25.60527992 1.85196984 177.68168640
v 25.60527992 2.23360276 177.41168213
v 25.60527992 2.77821708 177.22680664
v 25.60527992 3.12454367 176.86502075
v 25.60527992 3.59393716 176.59478760
v 25.60527992 3.88235688 176.14506531
v 25.60527992 4.26573372 175.81149292
v 25.60527992 4.47392273 175.28327942
v 25.60527992 4.76610374 174.90901184
v 25.60527992 4.87338638 174.31733704
v 25.60527992 -6.44140673 165.60508728
v 25.60527992 -6.70835447 166.03787231
v 25.60527992 -7.11646128 166.34120178
v 25.60527992 -7.60782814 166.47206116
v 25.60527992 -8.11274338 166.41186523
v 25.60527992 -8.55957317 166.16915894
v 25.60527992 -8.88492393 165.77836609
v 25.60527992 -9.04263878 165.29495239
v 25.60527992 -9.01034069 164.78749084
v 25.60527992 -8.79261303 164.32797241
v 25.60527992 -8.42034531 163.98159790
v 25.60527992 -7.94635105 163.79750061
v 25.60527992 0.62649262 163.13145447
v 25.60527992 0.13170753 163.24871826
v 25.60527992 -0.37135756 163.17463684
v 25.60527992 -0.81133139 162.91970825
v 25.60527992 -1.12579370 162.52011108
v 25.60527992 -1.27013087 162.03254700
v 25.60527992 -1.22386539 161.52615356
v 25.60527992 -0.99356097 161.07281494
v 25.60527992 -0.61189163 160.73681641
v 25.60527992 -0.13300583 160.56584167
v 25.60527992 0.37515557 160.58415222
v 25.60527992 0.84049833 160.78913879
v 25.60527992 7.37337399 166.38009644
v 25.60527992 6.94058990 166.11314392
v 25.60527992 6.63725519 165.70504761
v 25.60527992 6.50640488 165.21366882
v 25.60527992 6.56660318 164.70875549
v 25.60527992 6.80930948 164.26193237
v 25.60527992 7.20008993 163.93658447
v 25.60527992 7.68350410 163.77886963
v 25.60527992 8.19096851 163.81115723
v 25.60527992 8.65048790 164.02888489
v 25.60527992 8.99686813 164.40115356
v 25.60527992 9.18096828 164.87515259
v 25.60527992 9.84700584 173.44799805
v 25.60527992 9.72974110 172.95321655
v 25.60527992 9.80382633 172.45014954
v 25.60527992 10.05875015 172.01017761
v 25.60527992 10.45834637 171.69570923
v 25.60527992 10.94592190 171.55137634
v 25.60527992 11.45230293 171.59764099
v 25.60527992 11.90565014 171.82794189
v 25.60527992 12.24164295 172.20960999
v 25.60527992 12.41261578 172.68849182
v 25.60527992 12.39431000 173.19665527
v 25.60527992 12.18932438 173.66200256
v 25.60527992 6.59836769 180.19487000
v 25.60527992 6.86531544 179.76208496
v 25.60527992 7.27342224 179.45875549
v 25.60527992 7.76478910 179.32791138
v 25.60527992 8.26970387 179.38810730
v 25.60527992 8.71653366 179.63081360
v 25.60527992 9.04188538 180.02159119
v 25.60527992 9.19960022 180.50500488
v 25.60527992 9.16730213 181.01246643
v 25.60527992 8.94957447 181.47198486
v 25.60527992 8.57730579 181.81837463
v 25.60527992 8.10331249 182.00247192
v 25.60527992 -0.46953157 182.66850281
v 25.60527992 0.02525352 182.55123901
v 25.60527992 0.52831858 182.62533569
v 25.60527992 0.96829247 182.88024902
v 25.60527992 1.28275478 183.27984619
v 25.60527992 1.42709196 183.76742554
v 25.60527992 1.38082647 184.27380371
v 25.60527992 1.15052199 184.72715759
v 25.60527992 0.76885271 185.06314087
v 25.60527992 0.28996688 185.23411560
v 25.60527992 -0.21819453 185.21580505
v 25.60527992 -0.68353730 185.01081848
v 25.60527992 -7.21641254 179.41987610
v 25.60527992 -6.78362846 179.68681335
v 25.60527992 -6.48029423 180.09492493
v 25.60527992 -6.34944391 180.58628845
v 25.60527992 -6.40964222 181.09120178
v 25.60527992 -6.65234852 181.53804016
v 25.60527992 -7.04312897 181.86338806
v 25.60527992 -7.52654314 182.02110291
v 25.60527992 -8.03400707 181.98880005
v 25.60527992 -8.49352646 181.77107239
v 25.60527992 -8.83990669 181.39880371
v 25.60527992 -9.02400684 180.92481995
v 25.60527992 -9.69004440 172.35197449
v 25.60527992 -9.57278061 172.84675598
v 25.60527992 -9.64686584 173.34982300
v 25.60527992 -9.90178967 173.78979492
v 25.60527992 -10.30138493 174.10426331
v 25.60527992 -10.78896046 174.24859619
v 25.60527992 -11.29534245 174.20233154
v 25.60527992 -11.74868870 173.97203064
v 25.60527992 -12.08468246 173.59034729
v 25.60527992 -12.25565434 173.11146545
v 25.60527992 -12.23734856 172.60330200
v 25.60527992 -12.03236294 172.13796997
v 25.40528107 -8.05136585 170.48176575
v 25.55528069 -7.69881105 170.30006409
v 25.40528107 -7.60671043 170.46321106
v 25.55528069 -7.24022913 170.43562317
v 25.40528107 -7.19803905 170.63941956
v 25.55528069 -6.87642860 170.74597168
v 25.40528107 -6.90629292 170.97549438
v 25.55528069 -6.67031431 171.17747498
v 25.40528107 -6.78925657 171.40487671
v 25.55528069 -6.65752459 171.65550232
v 25.40528107 -6.87011003 171.84251404
v 25.55528069 -6.84027147 172.09739685
v 25.40528107 -7.13283968 172.20172119
v 25.55528069 -7.18695593 172.42677307
v 25.40528107 -7.52540827 172.41137695
v 25.55528069 -7.63763332 172.58665466
v 25.40528107 -7.97006273 172.42993164
v 25.55528069 -8.11437702 172.54940796
v 25.40528107 -8.37873459 172.25372314
v 25.55528069 -8.53475475 172.32145691
v 25.40528107 -8.67048073 171.91764832
v 25.55528069 -8.82607841 171.94224548
v 25.40528107 -8.78751755 171.48826599
v 25.55528069 -8.93797493 171.47732544
v 25.55528069 -8.85109806 171.00709534
v 25.55528069 -8.17288113 170.36274719
v 25.40528107 -8.44393444 170.69142151
v 25.55528069 -8.58046913 170.61283875
v 25.40528107 -8.70666313 171.05062866
v 25.40528107 -1.63790751 179.80204773
v 25.55528069 -1.28535306 179.62034607
v 25.40528107 -1.19325268 179.78349304
v 25.55528069 -0.82677120 179.75590515
v 25.40528107 -0.78458101 179.95970154
v 25.55528069 -0.46297085 180.06625366
v 25.40528107 -0.49283499 180.29577637
v 25.55528069 -0.25685629 180.49775696
v 25.40528107 -0.37579846 180.72515869
v 25.55528069 -0.24406661 180.97578430
v 25.40528107 -0.45665199 181.16279602
v 25.55528069 -0.42681330 181.41767883
v 25.40528107 -0.71938145 181.52200317
v 25.55528069 -0.77349776 181.74703979
v 25.40528107 -1.11195016 181.73164368
v 25.55528069 -1.22417510 181.90692139
v 25.40528107 -1.55660498 181.75021362
v 25.55528069 -1.70091915 181.86967468
v 25.40528107 -1.96527660 181.57400513
v 25.55528069 -2.12129641 181.64173889
v 25.40528107 -2.25702262 181.23793030
v 25.55528069 -2.41262007 181.26252747
v 25.40528107 -2.37405920 180.80854797
v 25.55528069 -2.52451730 180.79760742
v 25.55528069 -2.43764043 180.32736206
v 25.55528069 -1.75942326 179.68302917
v 25.40528107 -2.03047609 180.01168823
v 25.55528069 -2.16701102 179.93312073
v 25.40528107 -2.29320550 180.37091064
v 25.40528107 7.68236923 173.38859558
v 25.55528069 8.03492355 173.20687866
v 25.40528107 8.12702370 173.37002563
v 25.55528069 8.49350548 173.34243774
v 25.40528107 8.53569603 173.54624939
v 25.55528069 8.85730553 173.65280151
v 25.40528107 8.82744122 173.88232422
v 25.55528069 9.06342030 174.08428955
v 25.40528107 8.94447803 174.31169128
v 25.55528069 9.07621002 174.56231689
v 25.40528107 8.86362457 174.74932861
v 25.55528069 8.89346313 175.00422668
v 25.40528107 8.60089493 175.10855103
v 25.55528069 8.54677868 175.33358765
v 25.40528107 8.20832634 175.31819153
v 25.55528069 8.09610176 175.49346924
v 25.40528107 7.76367188 175.33674622
v 25.55528069 7.61935759 175.45622253
v 25.40528107 7.35500002 175.16053772
v 25.55528069 7.19898033 175.22828674
v 25.40528107 7.06325388 174.82446289
v 25.55528069 6.90765667 174.84907532
v 25.40528107 6.94621754 174.39508057
v 25.55528069 6.79575920 174.38415527
v 25.55528069 6.88263607 173.91390991
v 25.55528069 7.56085348 173.26957703
v 25.40528107 7.28980064 173.59823608
v 25.55528069 7.15326548 173.51966858
v 25.40528107 7.02707100 173.95745850
v 25.40528107 1.26891124 164.06831360
v 25.55528069 1.62146568 163.88661194
v 25.40528107 1.71356606 164.04975891
v 25.55528069 2.08004737 164.02215576
v 25.40528107 2.12223768 164.22596741
v 25.55528069 2.44384789 164.33251953
v 25.40528107 2.41398358 164.56204224
v 25.55528069 2.64996243 164.76402283
v 25.40528107 2.53102016 164.99142456
v 25.55528069 2.66275191 165.24203491
v 25.40528107 2.45016670 165.42904663
v 25.55528069 2.48000526 165.68394470
v 25.40528107 2.18743730 165.78826904
v 25.55528069 2.13332081 166.01330566
v 25.40528107 1.79486847 165.99790955
v 25.55528069 1.68264353 166.17318726
v 25.40528107 1.35021365 166.01647949
v 25.55528069 1.20589948 166.13594055
v 25.40528107 0.94154203 165.84027100
v 25.55528069 0.78552216 165.90800476
v 25.40528107 0.64979607 165.50419617
v 25.55528069 0.49419856 165.52879333
v 25.40528107 0.53275955 165.07481384
v 25.55528069 0.38230124 165.06387329
v 25.55528069 0.46917820 164.59362793
v 25.55528069 1.14739537 163.94929504
v 25.40528107 0.87634254 164.27795410
v 25.55528069 0.73980767 164.19938660
v 25.40528107 0.61361301 164.63717651
v 22.30528069 -3.86292672 171.96841431
v 22.30528069 -4.30592442 171.88658142
v 22.50527954 -3.90412116 172.16419983
v 22.50527954 -4.54330397 172.04609680
v 22.30528069 -4.37859488 172.27992249
v 22.30528069 -4.40603113 173.27302551
v 22.30528069 -3.93559718 172.36177063
v 22.30528069 -3.95296311 173.28723145
v 22.30528069 -4.21488905 174.24794006
v 22.30528069 -3.75974512 174.19247437
v 22.30528069 -3.81448483 175.15715027
v 22.30528069 -3.36603546 175.03019714
v 22.30528069 -3.22433472 175.95635986
v 22.30528069 -2.79240012 175.75665283
v 22.30528069 -2.47320318 176.60658264
v 22.30528069 -2.06880307 176.33387756
v 22.30528069 -1.59770083 177.07615662
v 22.30528069 -1.23304176 176.73175049
v 22.30528069 -0.64050007 177.34217834
v 22.30528069 -0.32877246 176.92945862
v 22.30528069 0.35174426 177.39167786
v 22.30528069 0.59676981 176.91668701
v 22.30528069 1.33066952 177.22225952
v 22.30528069 1.49523902 176.69409180
v 22.30528069 2.24856210 176.84216309
v 22.30528069 2.31970334 176.27331543
v 22.30528069 3.06068349 176.26991272
v 22.30528069 3.02709627 175.67634583
v 22.30528069 3.72745013 175.53343201
v 22.30528069 3.58046699 174.93434143
v 22.30528069 4.21636343 174.66857910
v 22.30528069 3.95091009 174.08605957
v 22.30528069 4.50359344 173.71752930
v 22.30528069 4.11907482 173.17584229
v 22.30528069 4.57514000 172.72662354
v 22.30528069 4.07617760 172.25120544
v 22.30528069 4.42751646 171.74417114
v 22.30528069 3.82445908 171.36045837
v 22.30528069 4.06791782 170.81806946
v 22.30528069 3.37706780 170.55012512
v 22.30528069 3.51387095 169.99342346
v 22.30528069 2.75737309 169.86254883
v 22.30528069 2.79238081 169.31045532
v 22.30528069 1.99774539 169.33361816
v 22.30528069 1.93861318 168.80242920
v 22.30528069 1.13786411 168.99099731
v 22.30528069 0.99418145 168.49414062
v 22.30528069 0.22264543 168.85255432
v 22.30528069 0.00511773 168.40057373
v 22.30528069 -0.70010376 168.92552185
v 22.30528069 -0.98037022 168.52633667
v 22.30528069 -1.58218324 169.20611572
v 22.30528069 -1.91424906 168.86524963
v 22.30528069 -2.37751722 169.67964172
v 22.30528069 -2.75100064 169.40083313
v 22.30528069 -3.04456115 170.32139587
v 22.30528069 -3.44984150 170.10696411
v 22.30528069 -3.54847169 171.09783936
v 22.30528069 -3.97670937 170.94923401
v 22.80528069 -4.71642542 171.48263550
v 22.80528069 -4.31696129 170.51669312
v 22.80528069 -3.72539592 169.65490723
v 22.80528069 -2.96758270 168.93495178
v 22.80528069 -2.07664180 168.38827515
v 22.80528069 -1.09151185 168.03880310
v 22.80528069 -0.05524750 167.90176392
v 22.80528069 0.98686135 167.98318481
v 22.80528069 1.98926961 168.27949524
v 22.80528069 2.90816712 168.77774048
v 22.80528069 3.70339394 169.45614624
v 22.80528069 4.34019470 170.28506470
v 22.80528069 4.79073763 171.22827148
v 22.80528069 5.03533268 172.24453735
v 22.80528069 5.06328964 173.28944397
v 22.80528069 4.87338638 174.31733704
v 22.80528069 4.47392273 175.28327942
v 22.80528069 3.88235688 176.14506531
v 22.80528069 3.12454367 176.86502075
v 22.80528069 2.23360276 177.41168213
v 22.80528069 1.24847281 177.76116943
v 22.80528069 0.21220855 177.89819336
v 22.80528069 -0.82990032 177.81677246
v 22.80528069 -1.83230853 177.52046204
v 22.80528069 -2.75120616 177.02221680
v 22.80528069 -3.54643297 176.34381104
v 22.80528069 -4.18323326 175.51489258
v 22.80528069 -4.63377666 174.57170105
v 22.80528069 -4.87837172 173.55543518
v 22.80528069 -4.90632868 172.51052856
v 23.10527992 0.21220855 177.89819336
v 23.10527992 -0.82990032 177.81677246
v 23.10527992 -1.83230853 177.52046204
v 23.10527992 -2.75120616 177.02221680
v 23.10527992 -3.54643297 176.34381104
v 23.10527992 -4.18323326 175.51489258
v 23.10527992 -4.63377666 174.57170105
v 23.10527992 -4.87837172 173.55543518
v 23.10527992 -4.90632868 172.51052856
v 23.10527992 -4.71642542 171.48263550
v 23.10527992 -4.31696129 170.51669312
v 23.10527992 -3.72539592 169.65490723
v 23.10527992 -2.96758270 168.93495178
v 23.10527992 -2.07664180 168.38827515
v 23.10527992 -1.09151185 168.03880310
v 23.10527992 -0.05524750 167.90176392
v 23.10527992 0.98686135 167.98318481
v 23.10527992 1.98926961 168.27949524
v 23.10527992 2.90816712 168.77774048
v 23.10527992 3.70339394 169.45614624
v 23.10527992 4.34019470 170.28506470
v 23.10527992 4.79073763 171.22827148
v 23.10527992 5.03533268 172.24453735
v 23.10527992 5.06328964 173.28944397
v 23.10527992 4.87338638 174.31733704
v 23.10527992 4.47392273 175.28327942
v 23.10527992 3.88235688 176.14506531
v 23.10527992 3.12454367 176.86502075
v 23.10527992 2.23360276 177.41168213
v 23.10527992 1.24847281 177.76116943
v 23.10527992 0.86502677 159.12242126
v 23.10527992 1.80736518 161.09411621
v 23.10527992 2.58561158 159.32963562
v 23.10527992 2.26313639 161.07510376
v 23.10527992 2.68202472 161.25570679
v 23.10527992 1.40498233 161.30900574
v 23.10527992 -0.86796236 159.13247681
v 23.10527992 1.13568461 161.67720032
v 23.10527992 1.05280972 162.12577820
v 23.10527992 -2.58602548 159.35964966
v 23.10527992 -5.25299788 163.35528564
v 23.10527992 -4.26206779 159.80038452
v 23.10527992 -5.55203772 163.01081848
v 23.10527992 -5.86965704 160.44769287
v 23.10527992 -5.97092581 162.83020020
v 23.10527992 -7.38344097 161.29138184
v 23.10527992 -6.42669725 162.84921265
v 23.10527992 -6.82908010 163.06410217
v 23.10527992 -8.77954578 162.31814575
v 23.10527992 -7.09837770 163.43229675
v 23.10527992 -7.18125248 163.88087463
v 23.10527992 -10.03595352 163.51177979
v 23.10527992 -7.06129026 164.32098389
v 23.10527992 -11.13285160 164.85348511
v 23.10527992 -6.76225042 164.66546631
v 23.10527992 -10.13335514 170.07421875
v 23.10527992 -8.05136585 170.48176575
v 23.10527992 -9.83431625 170.41870117
v 23.10527992 -8.44393444 170.69142151
v 23.10527992 -8.70666313 171.05062866
v 23.10527992 -9.71435356 170.85881042
v 23.10527992 -9.79722786 171.30738831
v 23.10527992 -12.05293941 166.32209778
v 23.10527992 -10.55224419 169.89360046
v 23.10527992 -12.78170776 167.89442444
v 23.10527992 -11.00801468 169.91262817
v 23.10527992 -11.41039848 170.12751770
v 23.10527992 -13.30766392 169.54571533
v 23.10527992 -11.67969608 170.49571228
v 23.10527992 -13.62251186 171.24989319
v 23.10527992 -11.76257038 170.94429016
v 23.10527992 -11.64260864 171.38439941
v 23.10527992 -13.72128677 172.98008728
v 23.10527992 -11.34356880 171.72886658
v 23.10527992 -10.92467976 171.90948486
v 23.10527992 -13.60243130 174.70903015
v 23.10527992 -10.46890926 171.89047241
v 23.10527992 -13.26782036 176.40943909
v 23.10527992 -9.25291538 178.14668274
v 23.10527992 -9.65529823 178.36157227
v 23.10527992 -12.72272968 178.05448914
v 23.10527992 -9.92459583 178.72976685
v 23.10527992 -11.97575665 179.61827087
v 23.10527992 -10.00747013 179.17834473
v 23.10527992 -9.88750839 179.61845398
v 23.10527992 -11.03868008 181.07609558
v 23.10527992 -9.58846855 179.96293640
v 23.10527992 -9.16957951 180.14355469
v 23.10527992 -9.92628002 182.40496826
v 23.10527992 -8.71380901 180.12452698
v 23.10527992 -8.65609932 183.58395386
v 23.10527992 -8.31142616 179.90963745
v 23.10527992 -7.24816847 184.59443665
v 23.10527992 -2.86119103 183.31108093
v 23.10527992 -5.72469234 185.42048645
v 23.10527992 -2.94406581 183.75965881
v 23.10527992 -2.82410336 184.19976807
v 23.10527992 -4.10969639 186.04910278
v 23.10527992 -2.52506375 184.54425049
v 23.10527992 -2.42865062 186.47032166
v 23.10527992 -2.10617542 184.72486877
v 23.10527992 -1.65040421 184.70584106
v 23.10527992 -0.70806569 186.67755127
v 23.10527992 -1.24802125 184.49095154
v 23.10527992 1.02492344 186.66749573
v 23.10527992 -0.97872353 184.12275696
v 23.10527992 -0.89584869 183.67417908
v 23.10527992 2.74298668 186.44030762
v 23.10527992 5.40995884 182.44467163
v 23.10527992 4.41902876 185.99958801
v 23.10527992 5.70899868 182.78915405
v 23.10527992 6.02661800 185.35227966
v 23.10527992 6.12788677 182.96977234
v 23.10527992 7.54040194 184.50859070
v 23.10527992 6.58365822 182.95074463
v 23.10527992 6.98604107 182.73585510
v 23.10527992 8.93650627 183.48182678
v 23.10527992 7.25533867 182.36766052
v 23.10527992 7.33821344 181.91908264
v 23.10527992 10.19291496 182.28817749
v 23.10527992 7.21825123 181.47897339
v 23.10527992 11.28981209 180.94647217
v 23.10527992 6.91921139 181.13449097
v 23.10527992 10.29031658 175.72575378
v 23.10527992 8.20832634 175.31819153
v 23.10527992 9.99127674 175.38127136
v 23.10527992 8.60089493 175.10855103
v 23.10527992 8.86362457 174.74932861
v 23.10527992 9.87131405 174.94116211
v 23.10527992 9.95418930 174.49258423
v 23.10527992 12.20990086 179.47787476
v 23.10527992 10.70920467 175.90635681
v 23.10527992 12.93866920 177.90553284
v 23.10527992 11.16497612 175.88734436
v 23.10527992 11.56735897 175.67245483
v 23.10527992 13.46462440 176.25425720
v 23.10527992 11.83665657 175.30426025
v 23.10527992 13.77947235 174.55007935
v 23.10527992 11.91953182 174.85568237
v 23.10527992 11.79956913 174.41557312
v 23.10527992 13.87824821 172.81987000
v 23.10527992 11.50052929 174.07109070
v 23.10527992 11.08164120 173.89047241
v 23.10527992 13.75939274 171.09094238
v 23.10527992 10.62586975 173.90950012
v 23.10527992 13.42478085 169.39053345
v 23.10527992 9.40987587 167.65327454
v 23.10527992 9.81225872 167.43838501
v 23.10527992 12.87969112 167.74546814
v 23.10527992 10.08155632 167.07019043
v 23.10527992 12.13271713 166.18170166
v 23.10527992 10.16443157 166.62161255
v 23.10527992 10.04446888 166.18150330
v 23.10527992 11.19564152 164.72387695
v 23.10527992 9.74542904 165.83703613
v 23.10527992 9.32654095 165.65641785
v 23.10527992 10.08324146 163.39498901
v 23.10527992 8.87076950 165.67543030
v 23.10527992 8.81306076 162.21601868
v 23.10527992 8.46838665 165.89031982
v 23.10527992 7.40512943 161.20553589
v 23.10527992 3.01815200 162.48887634
v 23.10527992 5.88165331 160.37947083
v 23.10527992 3.10102701 162.04029846
v 23.10527992 2.98106456 161.60018921
v 23.10527992 4.26665735 159.75086975
v 23.10527992 -1.63790751 179.80204773
v 23.10527992 -1.19325268 179.78349304
v 23.10527992 -0.78458101 179.95970154
v 23.10527992 -2.03047609 180.01168823
v 23.10527992 -2.29320550 180.37091064
v 23.10527992 -7.95925331 179.09286499
v 23.10527992 -8.04212856 179.54144287
v 23.10527992 -8.07921600 178.65275574
v 23.10527992 -8.37825489 178.30827332
v 23.10527992 -8.79714394 178.12767029
v 23.10527992 -7.52540827 172.41137695
v 23.10527992 -7.97006273 172.42993164
v 23.10527992 -7.13283968 172.20172119
v 23.10527992 -6.87011003 171.84251404
v 23.10527992 -6.78925657 171.40487671
v 23.10527992 -6.90629292 170.97549438
v 23.10527992 -7.19803905 170.63941956
v 23.10527992 -6.34336185 164.84608459
v 23.10527992 -5.88759089 164.82705688
v 23.10527992 -5.48520803 164.61216736
v 23.10527992 -5.21591043 164.24397278
v 23.10527992 0.53275955 165.07481384
v 23.10527992 0.64979607 165.50419617
v 23.10527992 0.94154203 165.84027100
v 23.10527992 1.35021365 166.01647949
v 23.10527992 1.79486847 165.99790955
v 23.10527992 2.18743730 165.78826904
v 23.10527992 2.45016670 165.42904663
v 23.10527992 8.11621475 166.70709229
v 23.10527992 8.19908905 166.25851440
v 23.10527992 8.23617649 167.14720154
v 23.10527992 8.53521633 167.49168396
v 23.10527992 8.95410442 167.67230225
v 23.10527992 7.68236923 173.38859558
v 23.10527992 8.12702370 173.37002563
v 23.10527992 7.28980064 173.59823608
v 23.10527992 7.02707100 173.95745850
v 23.10527992 6.94621754 174.39508057
v 23.10527992 7.06325388 174.82446289
v 23.10527992 7.35500002 175.16053772
v 23.10527992 6.50032330 180.95388794
v 23.10527992 6.04455185 180.97290039
v 23.10527992 5.64216900 181.18778992
v 23.10527992 5.37287140 181.55598450
v 23.10527992 -0.37579846 180.72515869
v 23.10527992 -0.49283499 180.29577637
v 23.10527992 -8.78751755 171.48826599
v 23.10527992 -10.06652641 171.67558289
v 23.10527992 -8.67048073 171.91764832
v 23.10527992 -8.37873459 172.25372314
v 23.10527992 -2.37405920 180.80854797
v 23.10527992 -2.18951035 182.72799683
v 23.10527992 -1.73373926 182.70898438
v 23.10527992 -1.55660498 181.75021362
v 23.10527992 -1.31485081 182.88960266
v 23.10527992 -1.11195016 181.73164368
v 23.10527992 -0.71938145 181.52200317
v 23.10527992 -1.01581109 183.23406982
v 23.10527992 -0.45665199 181.16279602
v 23.10527992 5.28999662 182.00456238
v 23.10527992 -2.59189320 182.94288635
v 23.10527992 -2.25702262 181.23793030
v 23.10527992 -1.96527660 181.57400513
v 23.10527992 7.76367188 175.33674622
v 23.10527992 8.94447803 174.31169128
v 23.10527992 10.22348690 174.12438965
v 23.10527992 8.82744122 173.88232422
v 23.10527992 8.53569603 173.54624939
v 23.10527992 2.53102016 164.99142456
v 23.10527992 2.74885440 162.85707092
v 23.10527992 2.41398358 164.56204224
v 23.10527992 2.34647155 163.07196045
v 23.10527992 2.12223768 164.22596741
v 23.10527992 1.71356606 164.04975891
v 23.10527992 1.89070022 163.09098816
v 23.10527992 1.47181189 162.91036987
v 23.10527992 1.17277217 162.56588745
v 23.10527992 0.87634254 164.27795410
v 23.10527992 1.26891124 164.06831360
v 23.10527992 0.61361301 164.63717651
v 23.10527992 -5.13303518 163.79539490
v 23.10527992 -7.60671043 170.46321106
v 23.30528069 4.32735586 159.56030273
v 23.30528069 2.62194681 159.13296509
v 23.30528069 0.87642598 158.92274475
v 23.30528069 -0.88167894 158.93295288
v 23.30528069 -2.62464166 159.16342163
v 23.30528069 -4.32497454 159.61053467
v 23.30528069 -5.95586205 160.26721191
v 23.30528069 -7.49158430 161.12313843
v 23.30528069 -8.90792274 162.16477966
v 23.30528069 -10.18253994 163.37573242
v 23.30528069 -11.29533386 164.73687744
v 23.30528069 -12.22875690 166.22676086
v 23.30528069 -12.96808720 167.82188416
v 23.30528069 -13.50166607 169.49710083
v 23.30528069 -13.82107639 171.22596741
v 23.30528069 -13.92128372 172.98124695
v 23.30528069 -13.80070591 174.73524475
v 23.30528069 -13.46124458 176.46029663
v 23.30528069 -12.90825462 178.12919617
v 23.30528069 -12.15045547 179.71563721
v 23.30528069 -11.19979858 181.19458008
v 23.30528069 -10.07127666 182.54272461
v 23.30528069 -8.78268719 183.73878479
v 23.30528069 -7.35435200 184.76391602
v 23.30528069 -5.80879641 185.60194397
v 23.30528069 -4.17039442 186.23965454
v 23.30528069 -2.46498585 186.66700745
v 23.30528069 -0.71946496 186.87722778
v 23.30528069 1.03864002 186.86701965
v 23.30528069 2.78160262 186.63655090
v 23.30528069 4.48193550 186.18943787
v 23.30528069 6.11282301 185.53274536
v 23.30528069 7.64854574 184.67683411
v 23.30528069 9.06488323 183.63517761
v 23.30528069 10.33950043 182.42424011
v 23.30528069 11.45229530 181.06309509
v 23.30528069 12.38571835 179.57321167
v 23.30528069 13.12504864 177.97807312
v 23.30528069 13.65862656 176.30287170
v 23.30528069 13.97803783 174.57398987
v 23.30528069 14.07824421 172.81871033
v 23.30528069 13.95766640 171.06471252
v 23.30528069 13.61820602 169.33966064
v 23.30528069 13.06521511 167.67076111
v 23.30528069 12.30741692 166.08433533
v 23.30528069 11.35676003 164.60537720
v 23.30528069 10.22823811 163.25724792
v 23.30528069 8.93964863 162.06117249
v 23.30528069 7.51131296 161.03604126
v 23.30528069 5.96575737 160.19801331
v 27.20528030 0.21220855 177.89819336
v 27.20528030 -0.82990032 177.81677246
v 27.20528030 -1.83230853 177.52046204
v 27.20528030 -2.75120616 177.02221680
v 27.20528030 -3.54643297 176.34381104
v 27.20528030 -4.18323326 175.51489258
v 27.20528030 -4.63377666 174.57170105
v 27.20528030 -4.87837172 173.55543518
v 27.20528030 -4.90632868 172.51052856
v 27.20528030 -4.71642542 171.48263550
v 27.20528030 -4.31696129 170.51669312
v 27.20528030 -3.72539592 169.65490723
v 27.20528030 -2.96758270 168.93495178
v 27.20528030 -2.07664180 168.38827515
v 27.20528030 -1.09151185 168.03880310
v 27.20528030 -0.05524750 167.90176392
v 27.20528030 0.98686135 167.98318481
v 27.20528030 1.98926961 168.27949524
v 27.20528030 2.90816712 168.77774048
v 27.20528030 3.70339394 169.45614624
v 27.20528030 4.34019470 170.28506470
v 27.20528030 4.79073763 171.22827148
v 27.20528030 5.03533268 172.24453735
v 27.20528030 5.06328964 173.28944397
v 27.20528030 4.87338638 174.31733704
v 27.20528030 4.47392273 175.28327942
v 27.20528030 3.88235688 176.14506531
v 27.20528030 3.12454367 176.86502075
v 27.20528030 2.23360276 177.41168213
v 27.20528030 1.24847281 177.76116943
v 27.40528107 0.20685944 177.69827271
v 27.40528107 -0.79356503 177.62010193
v 27.40528107 -1.75587702 177.33564758
v 27.40528107 -2.63801861 176.85733032
v 27.40528107 -3.40143633 176.20606995
v 27.40528107 -4.01276493 175.41030884
v 27.40528107 -4.44528627 174.50482178
v 27.40528107 -4.68009758 173.52922058
v 27.40528107 -4.70693636 172.52610779
v 27.40528107 -4.52462912 171.53932190
v 27.40528107 -4.14114380 170.61201477
v 27.40528107 -3.57324076 169.78471375
v 27.40528107 -2.84574008 169.09355164
v 27.40528107 -1.99043691 168.56875610
v 27.40528107 -1.04471207 168.23324585
v 27.40528107 -0.04989838 168.10169983
v 27.40528107 0.95052612 168.17985535
v 27.40528107 1.91283798 168.46430969
v 27.40528107 2.79497981 168.94262695
v 27.40528107 3.55839729 169.59390259
v 27.40528107 4.16972589 170.38966370
v 27.40528107 4.60224771 171.29513550
v 27.40528107 4.83705854 172.27075195
v 27.40528107 4.86389732 173.27386475
v 27.40528107 4.68159008 174.26063538
v 27.40528107 4.29810476 175.18794250
v 27.40528107 3.73020196 176.01525879
v 27.40528107 3.00270128 176.70642090
v 27.40528107 2.14739799 177.23121643
v 27.40528107 1.20167315 177.56672668
v 27.40528107 -0.23945276 174.62086487
v 27.40528107 -0.80885369 174.40834045
v 27.40528107 -1.27122903 174.01388550
v 27.40528107 -1.57080948 173.48507690
v 27.40528107 -4.10612774 172.43194580
v 27.40528107 -3.95132184 172.41967773
v 27.40528107 -3.82339215 172.33164978
v 27.40528107 -1.67146122 172.88571167
v 27.40528107 -3.75661731 172.19145203
v 27.40528107 -1.56104422 172.28805542
v 27.40528107 -3.76888943 172.03663635
v 27.40528107 -1.25287616 171.76420593
v 27.40528107 -3.85692024 171.90870667
v 27.40528107 -3.99712205 171.84193420
v 27.40528107 -4.15192795 171.85420227
v 27.40528107 -4.27985764 171.94223022
v 27.40528107 -4.34663248 172.08244324
v 27.40528107 -4.33436012 172.23724365
v 27.40528107 -4.24632931 172.36517334
v 27.40528107 -0.78412700 171.37734985
v 27.40528107 -0.21133459 171.17414856
v 27.40528107 0.39641380 171.17910767
v 27.40528107 0.96581477 171.39163208
v 27.40528107 1.42819011 171.78607178
v 27.40528107 3.80854392 171.30104065
v 27.40528107 3.93647361 171.21301270
v 27.40528107 4.09127951 171.20072937
v 27.40528107 4.23148108 171.26750183
v 27.40528107 4.31951189 171.39543152
v 27.40528107 4.33178425 171.55024719
v 27.40528107 4.26500940 171.69044495
v 27.40528107 4.13707972 171.77847290
v 27.40528107 3.98227382 171.79075623
v 27.40528107 1.82842231 172.91426086
v 27.40528107 1.71800518 173.51191711
v 27.40528107 3.32823968 175.33084106
v 27.40528107 3.17343378 175.34310913
v 27.40528107 3.46844125 175.39761353
v 27.40528107 3.55647206 175.52554321
v 27.40528107 3.56874418 175.68034363
v 27.40528107 3.50196934 175.82055664
v 27.40528107 3.37403965 175.90858459
v 27.40528107 3.21923399 175.92085266
v 27.40528107 3.07903218 175.85408020
v 27.40528107 2.99100137 175.72615051
v 27.40528107 0.94108808 174.42260742
v 27.40528107 0.36829564 174.62582397
v 27.40528107 2.97872925 175.57135010
v 27.40528107 1.40983725 174.03576660
v 27.40528107 3.04550409 175.43113708
v 27.40528107 3.84207201 171.72396851
v 27.40528107 1.72777057 172.31488037
v 27.40528107 3.75404119 171.59603882
v 27.40528107 3.74176908 171.44123840
v 27.20528030 0.63535589 171.45347595
v 27.20528030 0.07521181 171.34999084
v 27.20528030 -0.48449081 171.45584106
v 27.20528030 -0.96816099 171.75672913
v 27.20528030 -1.31047654 172.21202087
v 27.20528030 -1.46520567 172.76022339
v 27.20528030 -1.41145134 173.32730103
v 27.20528030 -1.15647364 173.83666992
v 27.20528030 -0.73470837 174.21954346
v 27.20528030 -0.20311753 174.42419434
v 27.20528030 0.36650470 174.42298889
v 27.20528030 0.89722770 174.21609497
v 27.20528030 1.31737435 173.83145142
v 27.20528030 1.57020152 173.32101440
v 27.20528030 1.62156343 172.75370789
v 27.20528030 1.46452355 172.20616150
v 27.20528030 1.12029088 171.75231934
v 26.20528030 0.36650470 174.42298889
v 26.20528030 -0.20311753 174.42419434
v 26.20528030 -0.73470837 174.21954346
v 26.20528030 -1.15647364 173.83666992
v 26.20528030 -1.41145134 173.32730103
v 26.20528030 -1.46520567 172.76022339
v 26.20528030 -1.31047654 172.21202087
v 26.20528030 -0.96816099 171.75672913
v 26.20528030 -0.48449081 171.45584106
v 26.20528030 0.07521181 171.34999084
v 26.20528030 0.63535589 171.45347595
v 26.20528030 1.12029088 171.75231934
v 26.20528030 1.46452355 172.20616150
v 26.20528030 1.62156343 172.75370789
v 26.20528030 1.57020152 173.32101440
v 26.20528030 1.31737435 173.83145142
v 26.20528030 0.89722770 174.21609497
v 26.20528030 4.12341499 172.69747925
v 26.20528030 4.06108189 173.63577271
v 26.20528030 3.78404617 174.53439331
v 26.20528030 3.30724192 175.34489441
v 26.20528030 2.65637469 176.02359009
v 26.20528030 1.86653233 176.53390503
v 26.20528030 0.98029560 176.84829712
v 26.20528030 0.04544185 176.94984436
v 26.20528030 -0.88763076 176.83306885
v 26.20528030 -1.76862013 176.50424194
v 26.20528030 -2.55003166 175.98112488
v 26.20528030 -3.18973970 175.29188538
v 26.20528030 -3.65325689 174.47370911
v 26.20528030 -3.91559529 173.57069397
v 26.20528030 -3.96261191 172.63151550
v 26.20528030 -3.79177237 171.70681763
v 26.20528030 -3.41228628 170.84643555
v 26.20528030 -2.84461212 170.09677124
v 26.20528030 -2.11935329 169.49821472
v 26.20528030 -1.27560878 169.08305359
v 26.20528030 -0.35886484 168.87367249
v 26.20528030 0.58145648 168.88133240
v 26.20528030 1.49466217 169.10565186
v 26.20528030 2.33152127 169.53453064
v 26.20528030 3.04691815 170.14482117
v 26.20528030 3.60228610 170.90365601
v 26.20528030 3.96768451 171.77011108
v 27.10527992 3.27373672 175.62583923
v 27.10527992 -4.05162477 172.13694763
v 27.10527992 4.03677654 171.49574280
v 33.05527878 -9.67403984 173.42115784
v 33.05527878 -9.57151794 172.90447998
v 33.05527878 -9.67452240 172.38790894
v 33.05527878 -9.96737003 171.95007324
v 33.05527878 -9.96647835 173.85926819
v 33.05527878 -10.40431309 174.15211487
v 33.05527878 -10.92088795 174.25511169
v 33.05527878 -11.43755817 174.15260315
v 33.05527878 -11.87566662 173.86015320
v 33.05527878 -12.16851425 173.42231750
v 33.05527878 -12.27151775 172.90574646
v 33.05527878 -12.16899681 172.38908386
v 33.05527878 -11.87655830 171.95097351
v 33.05527878 -11.43872356 171.65812683
v 25.55528069 -11.22839069 171.59045410
v 33.05527878 -10.92214870 171.55511475
v 25.55528069 -10.79868698 171.56071472
v 33.05527878 -10.40547752 171.65763855
v 25.55528069 -10.38148785 171.66783142
v 33.05527878 -6.44858360 181.19783020
v 33.05527878 -6.34606218 180.68115234
v 33.05527878 -6.44906616 180.16458130
v 33.05527878 -6.74191380 179.72674561
v 33.05527878 -7.18002176 179.43431091
v 33.05527878 -7.69669247 179.33178711
v 33.05527878 -6.74102259 181.63594055
v 33.05527878 -7.17885733 181.92878723
v 33.05527878 -7.69543171 182.03178406
v 33.05527878 -8.21210289 181.92926025
v 33.05527878 -8.65021038 181.63682556
v 33.05527878 -8.94305801 181.19898987
v 33.05527878 -9.04606152 180.68241882
v 33.05527878 -8.94354057 180.16574097
v 25.55528069 -8.84265804 179.96917725
v 33.05527878 -8.65110207 179.72764587
v 25.55528069 -8.55984211 179.64430237
v 33.05527878 -8.21326733 179.43478394
v 25.55528069 -8.18909359 179.42503357
v 33.05527878 1.33109415 184.41601562
v 33.05527878 1.43361557 183.89935303
v 33.05527878 1.33061182 183.38278198
v 33.05527878 1.03776407 182.94494629
v 33.05527878 0.59965605 182.65249634
v 33.05527878 0.08298548 182.54998779
v 33.05527878 -0.43358913 182.65298462
v 33.05527878 -0.87142396 182.94583130
v 33.05527878 1.03865540 184.85412598
v 33.05527878 0.60082054 185.14697266
v 33.05527878 0.08424594 185.24998474
v 33.05527878 -0.43242460 185.14746094
v 33.05527878 -0.87053269 184.85502625
v 33.05527878 -1.16338038 184.41719055
v 25.55528069 -1.23104358 184.20684814
v 33.05527878 -1.26638412 183.90060425
v 25.55528069 -1.26078475 183.77714539
v 33.05527878 -1.16386271 183.38394165
v 25.55528069 -1.15366626 183.35995483
v 33.05527878 9.10776424 181.19056702
v 33.05527878 9.21028519 180.67388916
v 33.05527878 9.10728168 180.15731812
v 33.05527878 8.81443405 179.71948242
v 33.05527878 8.37632561 179.42704773
v 33.05527878 7.85965538 179.32452393
v 33.05527878 7.34308052 179.42753601
v 33.05527878 6.90524578 179.72038269
v 33.05527878 6.61280680 180.15847778
v 33.05527878 6.51028538 180.67515564
v 33.05527878 8.81532478 181.62867737
v 33.05527878 8.37749004 181.92152405
v 33.05527878 7.86091566 182.02452087
v 33.05527878 7.34424496 181.92199707
v 25.55528069 7.14767265 181.82112122
v 33.05527878 6.90613699 181.62956238
v 25.55528069 6.82279587 181.53829956
v 33.05527878 6.61328936 181.19172668
v 25.55528069 6.60353565 181.16755676
v 33.05527878 12.32595730 173.41088867
v 33.05527878 12.42847919 172.89421082
v 33.05527878 12.32547569 172.37763977
v 33.05527878 12.03262806 171.93980408
v 33.05527878 11.59451962 171.64736938
v 33.05527878 11.07784939 171.54484558
v 33.05527878 10.56127453 171.64785767
v 33.05527878 10.12343979 171.94070435
v 33.05527878 9.83100128 172.37879944
v 33.05527878 9.72847939 172.89547729
v 33.05527878 9.83148289 173.41204834
v 33.05527878 10.12433052 173.84988403
v 33.05527878 12.03351879 173.84899902
v 33.05527878 11.59568405 174.14184570
v 25.55528069 11.38535213 174.20950317
v 33.05527878 11.07910919 174.24484253
v 25.55528069 10.95564842 174.23924255
v 33.05527878 10.56243896 174.14231873
v 25.55528069 10.53844833 174.13212585
v 33.05527878 9.10050201 165.63421631
v 33.05527878 9.20302296 165.11755371
v 33.05527878 9.10001945 164.60096741
v 33.05527878 8.80717182 164.16313171
v 33.05527878 8.36906338 163.87069702
v 33.05527878 7.85239315 163.76817322
v 33.05527878 7.33581829 163.87118530
v 33.05527878 6.89798355 164.16403198
v 33.05527878 6.60554457 164.60214233
v 33.05527878 6.50302315 165.11880493
v 33.05527878 6.60602713 165.63537598
v 33.05527878 6.89887476 166.07321167
v 33.05527878 7.33698273 166.36566162
v 33.05527878 7.85365343 166.46817017
v 33.05527878 8.80806255 166.07232666
v 25.55528069 8.99961948 165.83079529
v 25.55528069 8.71680355 166.15567017
v 33.05527878 8.37022781 166.36517334
v 25.55528069 8.34605408 166.37492371
v 33.05527878 1.32082379 162.41603088
v 25.55528069 1.41774583 162.02281189
v 33.05527878 1.42334521 161.89935303
v 25.55528069 1.38800466 161.59310913
v 33.05527878 1.32034135 161.38278198
v 33.05527878 1.02838504 162.85412598
v 25.55528069 1.31062734 162.44001770
v 33.05527878 0.59055018 163.14697266
v 33.05527878 0.07397557 163.24998474
v 33.05527878 -0.44269499 163.14746094
v 33.05527878 -0.88080305 162.85502625
v 33.05527878 -1.17365074 162.41719055
v 33.05527878 -1.27665448 161.90061951
v 33.05527878 -1.17413306 161.38394165
v 33.05527878 -0.88169432 160.94583130
v 33.05527878 -0.44385949 160.65298462
v 33.05527878 0.07271512 160.54998779
v 33.05527878 0.58938569 160.65251160
v 33.05527878 1.02749372 160.94494629
v 33.05527878 -6.45584583 165.64147949
v 33.05527878 -6.35332441 165.12481689
v 33.05527878 -6.74828482 166.07958984
v 33.05527878 -7.18611956 166.37243652
v 33.05527878 -7.70269394 166.47543335
v 33.05527878 -8.21936512 166.37292480
v 33.05527878 -8.65747261 166.08047485
v 33.05527878 -8.95032024 165.64263916
v 33.05527878 -9.05332375 165.12606812
v 33.05527878 -8.95080280 164.60940552
v 33.05527878 -8.65836430 164.17129517
v 33.05527878 -8.22052956 163.87844849
v 33.05527878 -7.70395470 163.77543640
v 33.05527878 -7.18728399 163.87796021
v 25.55528069 -6.99071169 163.97883606
v 33.05527878 -6.74917603 164.17039490
v 25.55528069 -6.66583490 164.26165771
v 33.05527878 -6.45632839 164.60823059
v 25.55528069 -6.44657421 164.63241577
v -26.24472046 8.65401459 161.83380127
v -30.44471931 8.65401459 161.83380127
v -26.24472046 9.97335339 162.99586487
v -30.44471931 9.97335339 162.99586487
v -26.24472046 11.13664341 164.31411743
v -30.44471931 11.13664341 164.31411743
v -26.24472046 12.12554073 165.76777649
v -30.44471931 12.12554073 165.76777649
v -26.24472046 12.92444801 167.33390808
v -30.44471931 12.92444801 167.33390808
v -26.24472046 13.52076721 168.98782349
v -30.44471931 13.52076721 168.98782349
v -26.24472046 13.90509319 170.70344543
v -30.44471931 13.90509319 170.70344543
v -26.24472046 14.07136536 172.45370483
v -30.44471931 14.07136536 172.45370483
v -26.24472046 14.01696205 174.21099854
v -30.44471931 14.01696205 174.21099854
v -26.24472046 13.74273968 175.94761658
v -30.44471931 13.74273968 175.94761658
v -26.24472046 13.25302410 177.63616943
v -30.44471931 13.25302410 177.63616943
v -26.24472046 12.55553722 179.25003052
v -30.44471931 12.55553722 179.25003052
v -26.24472046 11.66128063 180.76374817
v -30.44471931 11.66128063 180.76374817
v -26.24472046 10.58435631 182.15344238
v -30.44471931 10.58435631 182.15344238
v -26.24472046 9.34174824 183.39721680
v -30.44471931 9.34174824 183.39721680
v -26.24472046 7.95305252 184.47543335
v -30.44471931 7.95305252 184.47543335
v -26.24472046 6.44017029 185.37110901
v -30.44471931 6.44017029 185.37110901
v -26.24472046 4.82696009 186.07009888
v -30.44471931 4.82696009 186.07009888
v -26.24472046 3.13886380 186.56138611
v -30.44471931 3.13886380 186.56138611
v -26.24472046 1.40250349 186.83723450
v -30.44471931 1.40250349 186.83723450
v -26.24472046 -0.35473758 186.89328003
v -30.44471931 -0.35473758 186.89328003
v -26.24472046 -2.10514641 186.72863770
v -30.44471931 -2.10514641 186.72863770
v -26.24472046 -3.82111835 186.34591675
v -30.44471931 -3.82111835 186.34591675
v -26.24472046 -5.47559118 185.75114441
v -30.44471931 -5.47559118 185.75114441
v -26.24472046 -7.04247284 184.95368958
v -30.44471931 -7.04247284 184.95368958
v -26.24472046 -8.49705315 183.96615601
v -30.44471931 -8.49705315 183.96615601
v -26.24472046 -9.81639194 182.80409241
v -30.44471931 -9.81639194 182.80409241
v -26.24472046 -10.97968292 181.48583984
v -30.44471931 -10.97968292 181.48583984
v -26.24472046 -11.96857929 180.03218079
v -30.44471931 -11.96857929 180.03218079
v -26.24472046 -12.76748753 178.46604919
v -30.44471931 -12.76748753 178.46604919
v -26.24472046 -13.36380577 176.81213379
v -30.44471931 -13.36380577 176.81213379
v -26.24472046 -13.74813271 175.09652710
v -30.44471931 -13.74813271 175.09652710
v -26.24472046 -13.91440487 173.34626770
v -30.44471931 -13.91440487 173.34626770
v -26.24472046 -13.86000061 171.58897400
v -30.44471931 -13.86000061 171.58897400
v -26.24472046 -13.58577824 169.85235596
v -30.44471931 -13.58577824 169.85235596
v -26.24472046 -13.09606266 168.16380310
v -30.44471931 -13.09606266 168.16380310
v -26.24472046 -12.39857674 166.54994202
v -30.44471931 -12.39857674 166.54994202
v -26.24472046 -11.50432014 165.03622437
v -30.44471931 -11.50432014 165.03622437
v -26.24472046 -10.42739582 163.64651489
v -30.44471931 -10.42739582 163.64651489
v -26.24472046 -9.18478680 162.40275574
v -30.44471931 -9.18478680 162.40275574
v -26.24472046 -7.79609156 161.32452393
v -30.44471931 -7.79609156 161.32452393
v -26.24472046 -6.28320932 160.42886353
v -30.44471931 -6.28320932 160.42886353
v -26.24472046 -4.66999912 159.72987366
v -30.44471931 -4.66999912 159.72987366
v -26.24472046 -2.98190284 159.23857117
v -30.44471931 -2.98190284 159.23857117
v -26.24472046 -1.24554241 158.96273804
v -30.44471931 -1.24554241 158.96273804
v -26.24472046 0.51169866 158.90669250
v -30.44471931 0.51169866 158.90669250
v -26.24472046 2.26210761 159.07131958
v -30.44471931 2.26210761 159.07131958
v -26.24472046 3.97807932 159.45405579
v -30.44471931 3.97807932 159.45405579
v -26.24472046 5.63255215 160.04882812
v -30.44471931 5.63255215 160.04882812
v -26.24472046 7.19943380 160.84626770
v -30.44471931 7.19943380 160.84626770
v -26.24472046 9.10001945 164.60096741
v -26.24472046 8.80717182 164.16313171
v -26.24472046 8.36906338 163.87069702
v -26.24472046 9.10050201 165.63421631
v -26.24472046 9.20302296 165.11755371
v -26.24472046 8.80806255 166.07232666
v -26.24472046 11.07784939 171.54484558
v -26.24472046 11.59451962 171.64736938
v -26.24472046 12.03262806 171.93980408
v -26.24472046 12.32547569 172.37763977
v -26.24472046 12.42847919 172.89421082
v -26.24472046 12.32595730 173.41088867
v -26.24472046 12.03351879 173.84899902
v -26.24472046 11.59568405 174.14184570
v -26.24472046 11.07910919 174.24484253
v -26.24472046 8.81443405 179.71948242
v -26.24472046 9.10728168 180.15731812
v -26.24472046 9.21028519 180.67388916
v -26.24472046 9.10776424 181.19056702
v -26.24472046 8.81532478 181.62867737
v -26.24472046 8.37749004 181.92152405
v -26.24472046 7.86091566 182.02452087
v -26.24472046 7.34424496 181.92199707
v -26.24472046 6.90613699 181.62956238
v -26.24472046 1.43361557 183.89935303
v -26.24472046 1.33109415 184.41601562
v -26.24472046 1.03865540 184.85412598
v -26.24472046 0.60082054 185.14697266
v -26.24472046 0.08424594 185.24998474
v -26.24472046 -0.43242460 185.14746094
v -26.24472046 -0.87053269 184.85502625
v -26.24472046 -1.16338038 184.41719055
v -26.24472046 -1.26638412 183.90060425
v -26.24472046 -6.74102259 181.63594055
v -26.24472046 -7.17885733 181.92878723
v -26.24472046 -7.69543171 182.03178406
v -26.24472046 -8.21210289 181.92926025
v -26.24472046 -8.65021038 181.63682556
v -26.24472046 -8.94305801 181.19898987
v -26.24472046 -9.04606152 180.68241882
v -26.24472046 -8.94354057 180.16574097
v -26.24472046 -8.65110207 179.72764587
v -26.24472046 -10.92088795 174.25511169
v -26.24472046 -11.43755817 174.15260315
v -26.24472046 -11.87566662 173.86015320
v -26.24472046 -12.16851425 173.42231750
v -26.24472046 -12.27151775 172.90574646
v -26.24472046 -12.16899681 172.38908386
v -26.24472046 -11.87655830 171.95097351
v -26.24472046 -11.43872356 171.65812683
v -26.24472046 -10.92214870 171.55511475
v -26.24472046 -8.65747261 166.08047485
v -26.24472046 -8.95032024 165.64263916
v -26.24472046 -9.05332375 165.12606812
v -26.24472046 -8.95080280 164.60940552
v -26.24472046 -8.65836430 164.17129517
v -26.24472046 -8.22052956 163.87844849
v -26.24472046 -7.70395470 163.77543640
v -26.24472046 -7.18728399 163.87796021
v -26.24472046 -6.74917603 164.17039490
v -26.24472046 -1.27665448 161.90061951
v -26.24472046 -1.17413306 161.38394165
v -26.24472046 -0.88169432 160.94583130
v -26.24472046 -0.44385949 160.65298462
v -26.24472046 0.07271512 160.54998779
v -26.24472046 0.58938569 160.65251160
v -26.24472046 1.02749372 160.94494629
v -26.24472046 1.32034135 161.38278198
v -26.24472046 1.42334521 161.89935303
v -26.24472046 6.89798355 164.16403198
v -26.24472046 7.33581829 163.87118530
v -26.24472046 7.85239315 163.76817322
v -26.24472046 -2.72602415 177.15965271
v -26.24472046 -6.44906616 180.16458130
v -26.24472046 -3.52608013 176.50790405
v -26.24472046 -6.74191380 179.72674561
v -26.24472046 -7.18002176 179.43431091
v -26.24472046 -6.34606218 180.68115234
v -26.24472046 -1.81115127 177.63699341
v -26.24472046 -0.87142396 182.94583130
v -26.24472046 -0.43358913 182.65298462
v -26.24472046 -0.81891668 177.92041016
v -26.24472046 0.08298548 182.54998779
v -26.24472046 0.21005745 177.99829102
v -26.24472046 0.59965605 182.65249634
v -26.24472046 1.23364484 177.86743164
v -26.24472046 1.03776407 182.94494629
v -26.24472046 2.20993948 177.53321838
v -26.24472046 6.51028538 180.67515564
v -26.24472046 6.61280680 180.15847778
v -26.24472046 3.09897208 177.00932312
v -26.24472046 6.90524578 179.72038269
v -26.24472046 3.86434555 176.31718445
v -26.24472046 7.34308052 179.42753601
v -26.24472046 4.47472525 175.48513794
v -26.24472046 7.85965538 179.32452393
v -26.24472046 4.90512180 174.54725647
v -26.24472046 10.12433052 173.84988403
v -26.24472046 9.83148289 173.41204834
v -26.24472046 5.13791513 173.54194641
v -26.24472046 9.72847939 172.89547729
v -26.24472046 5.16357517 172.51034546
v -26.24472046 9.83100128 172.37879944
v -26.24472046 4.98105049 171.49470520
v -26.24472046 10.12343979 171.94070435
v -26.24472046 4.59781408 170.53659058
v -26.24472046 7.85365343 166.46817017
v -26.24472046 7.33698273 166.36566162
v -26.24472046 4.02955532 169.67523193
v -26.24472046 6.89887476 166.07321167
v -26.24472046 3.29953933 168.94589233
v -26.24472046 6.60602713 165.63537598
v -26.24472046 2.43765283 168.37844849
v -26.24472046 6.50302315 165.11880493
v -26.24472046 1.02838504 162.85412598
v -26.24472046 6.60554457 164.60214233
v -26.24472046 1.32082379 162.41603088
v -26.24472046 1.47918153 167.99610901
v -26.24472046 0.59055018 163.14697266
v -26.24472046 0.46336538 167.81452942
v -26.24472046 0.07397557 163.24998474
v -26.24472046 -0.56820804 167.84115601
v -26.24472046 -0.44269499 163.14746094
v -26.24472046 -1.57330596 168.07487488
v -26.24472046 -0.88080305 162.85502625
v -26.24472046 -6.35332441 165.12481689
v -26.24472046 -1.17365074 162.41719055
v -26.24472046 -6.45632839 164.60823059
v -26.24472046 -2.51077938 168.50614929
v -26.24472046 -6.45584583 165.64147949
v -26.24472046 -3.34224844 169.11730957
v -26.24472046 -6.74828482 166.07958984
v -26.24472046 -4.03367233 169.88333130
v -26.24472046 -7.18611956 166.37243652
v -26.24472046 -4.55674410 170.77284241
v -26.24472046 -7.70269394 166.47543335
v -26.24472046 -9.96737003 171.95007324
v -26.24472046 -10.40547752 171.65763855
v -26.24472046 -4.89004946 171.74945068
v -26.24472046 -9.67452240 172.38790894
v -26.24472046 -5.01994228 172.77316284
v -26.24472046 -9.57151890 172.90447998
v -26.24472046 -4.94110537 173.80206299
v -26.24472046 -9.67403984 173.42115784
v -26.24472046 -4.65676594 174.79403687
v -26.24472046 -9.96647835 173.85926819
v -26.24472046 -7.69669247 179.33178711
v -26.24472046 -8.21326733 179.43478394
v -26.24472046 -4.17856503 175.70846558
v -26.24472046 -1.16386271 183.38394165
v -26.24472046 -6.44858360 181.19783020
v -26.24472046 -10.40431309 174.15211487
v -26.24472046 -8.21936512 166.37292480
v -26.24472046 8.37022781 166.36517334
v -26.24472046 10.56127453 171.64785767
v -26.24472046 10.56243896 174.14231873
v -26.24472046 8.37632561 179.42704773
v -26.24472046 1.33061182 183.38278198
v -26.24472046 6.61328936 181.19172668
v -30.44471931 -18.53234482 256.82168579
v -30.44471931 -18.42997742 256.30487061
v -30.44471931 -18.42983437 256.30502319
v -30.44471931 -18.13742828 255.86694336
v -30.44471931 -18.13760567 255.86662292
v -30.44471931 -17.69963455 255.57409668
v -30.44471931 -17.69975090 255.57363892
v -30.44471931 -17.18309975 255.47105408
v -30.44471931 -17.18309975 255.47055054
v -30.44471931 -16.66633224 255.57305908
v -30.44471931 -16.66644859 255.57351685
v -30.44471931 -16.22815132 255.86555481
v -30.44471931 -16.22832870 255.86587524
v -30.44471931 -15.93528843 256.30349731
v -30.44471931 -15.93543148 256.30364990
v -30.44471931 -15.83234406 256.82015991
v -30.44471931 16.06765175 256.80554199
v -30.44471931 16.17001915 256.28872681
v -30.44471931 16.17016220 256.28887939
v -30.44471931 16.46256828 255.85079956
v -30.44471931 16.46239090 255.85046387
v -30.44471931 16.90036011 255.55793762
v -30.44471931 16.90024567 255.55747986
v -30.44471931 17.41689682 255.45489502
v -30.44471931 17.41689682 255.45439148
v -30.44471931 17.93366432 255.55690002
v -30.44471931 17.93354797 255.55735779
v -30.44471931 18.37184525 255.84939575
v -30.44471931 18.37166786 255.84973145
v -30.44471931 18.66470718 256.28732300
v -30.44471931 18.66456413 256.28747559
v -30.44471931 18.76765251 256.80401611
v -30.44471931 20.19822502 248.70309448
v -30.44471931 -19.97047997 248.72184753
v -30.44471931 19.44224358 248.57946777
v -30.44471931 -19.21461487 248.59750366
v -30.44471931 18.74221802 248.26840210
v -30.44471931 -18.51488113 248.28579712
v -30.44471931 18.14379120 247.79020691
v -30.44471931 -17.91689873 247.80703735
v -30.44471931 17.68597603 247.17604065
v -30.44471931 -17.45965767 247.19244385
v -30.44471931 17.39862442 246.46595764
v -30.44471931 -17.17296982 246.48208618
v -30.44471931 17.30047035 245.70623779
v -30.44471931 -17.07552528 245.72229004
v -30.44471931 -17.10951805 172.90800476
v -30.44471931 -17.00234222 170.98350525
v -30.44471931 -16.68036461 169.08311462
v -30.44471931 -16.14763451 167.23071289
v -30.44471931 -15.41085243 165.44961548
v -30.44471931 -14.47928238 163.76220703
v -30.44471931 -13.36464024 162.18971252
v -30.44471931 -12.08094311 160.75190735
v -30.44471931 -10.64433479 159.46687317
v -30.44471931 -9.07287979 158.35075378
v -30.44471931 -7.38634157 157.41761780
v -30.44471931 -5.60592890 156.67916870
v -30.44471931 -3.75403166 156.14471436
v -30.44471931 -1.85393822 155.82095337
v -30.44471931 0.07045656 155.71199036
v -30.44471931 1.99495220 155.81915283
v -30.44471931 3.89534712 156.14114380
v -30.44471931 5.74774265 156.67387390
v -30.44471931 7.52884388 157.41064453
v -30.44471931 9.21625233 158.34222412
v -30.44471931 10.78874874 159.45686340
v -30.44471931 12.22655678 160.74055481
v -30.44471931 13.51159573 162.17716980
v -30.44471931 14.62770557 163.74862671
v -30.44471931 15.56085014 165.43516541
v -30.44471931 16.29929543 167.21557617
v -30.44471931 16.83375359 169.06747437
v -30.44471931 17.15750504 170.96755981
v -30.44471931 17.26647949 172.89195251
v -30.44471931 -19.97445488 273.72235107
v -30.44471931 -19.87615585 274.34020996
v -30.44471931 -19.87627792 274.34033203
v -30.44471931 -19.59176254 274.89749146
v -30.44471931 -19.59193993 274.89773560
v -30.44471931 -19.14910698 275.33963013
v -30.44471931 -19.14926910 275.33999634
v -30.44471931 -18.59150505 275.62335205
v -30.44471931 -18.59160042 275.62380981
v -30.44471931 -17.97352028 275.72091675
v -30.44471931 -17.97352028 275.72143555
v -30.44471931 -14.47352123 275.71929932
v -30.44471931 14.72647572 275.70565796
v -30.44471931 -14.47520161 272.11929321
v -30.44471931 14.72479439 272.10565186
v -30.44471931 18.22647476 275.70452881
v -30.44471931 18.22647476 275.70401001
v -30.44471931 18.84446335 275.60635376
v -30.44471931 18.84436798 275.60586548
v -30.44471931 19.40186691 275.32202148
v -30.44471931 19.40170479 275.32162476
v -30.44471931 19.84412384 274.87933350
v -30.44471931 19.84394836 274.87908936
v -30.44471931 20.12794304 274.32165527
v -30.44471931 20.12781906 274.32153320
v -30.44471931 20.22554207 273.70358276
v -30.44471931 -12.23481846 251.51873779
v -30.44471931 -12.13245296 251.00193787
v -30.44471931 -12.13230896 251.00209045
v -30.44471931 -11.83990288 250.56401062
v -30.44471931 -11.84007931 250.56367493
v -30.44471931 -11.40211010 250.27114868
v -30.44471931 -11.40222645 250.27069092
v -30.44471931 -10.88557434 250.16810608
v -30.44471931 -10.88557434 250.16760254
v -30.44471931 -10.36880779 250.27011108
v -30.44471931 -10.36892319 250.27056885
v -30.44471931 -9.93062687 250.56260681
v -30.44471931 -9.93080330 250.56294250
v -30.44471931 -9.63776302 251.00054932
v -30.44471931 -9.63790703 251.00070190
v -30.44471931 -9.53481960 251.51722717
v -30.44471931 9.76517868 251.50846863
v -30.44471931 9.86754513 250.99166870
v -30.44471931 9.86768818 250.99182129
v -30.44471931 10.16009521 250.55374146
v -30.44471931 10.15991783 250.55340576
v -30.44471931 10.59788704 250.26087952
v -30.44471931 10.59777164 250.26042175
v -30.44471931 11.11442375 250.15783691
v -30.44471931 11.11442280 250.15733337
v -30.44471931 11.63119030 250.25984192
v -30.44471931 11.63107491 250.26029968
v -30.44471931 12.06937122 250.55233765
v -30.44471931 12.06919479 250.55267334
v -30.44471931 12.36223412 250.99028015
v -30.44471931 12.36209106 250.99043274
v -30.44471931 12.46517849 251.50695801
v -33.74472046 5.45396233 164.41496277
v -35.24472046 5.45396233 164.41496277
v -33.74472046 5.35302353 165.11933899
v -35.24472046 5.35302353 165.11933899
v -33.74472046 5.45461988 165.82362366
v -35.24472046 5.45461988 165.82362366
v -35.24472046 5.75052071 166.47076416
v -33.74472046 5.74925852 163.76756287
v -35.24472046 5.74925852 163.76756287
v -33.74472046 6.21498966 163.22956848
v -35.24472046 6.21498966 163.22956848
v -33.74472046 6.81342411 162.84458923
v -35.24472046 6.81342411 162.84458923
v -33.74472046 7.49608088 162.64378357
v -35.24472046 7.49608088 162.64378357
v -33.74472046 8.20765495 162.64346313
v -35.24472046 8.20765495 162.64346313
v -33.74472046 8.89049911 162.84361267
v -35.24472046 8.89049911 162.84361267
v -33.74472046 9.48929310 163.22804260
v -35.24472046 9.48929310 163.22804260
v -33.74472046 9.95552540 163.76559448
v -35.24472046 9.95552540 163.76559448
v -33.74472046 10.25142670 164.41271973
v -35.24472046 10.25142670 164.41271973
v -33.74472046 10.35302258 165.11700439
v -35.24472046 10.35302258 165.11700439
v -33.74472046 10.25208378 165.82139587
v -35.24472046 10.25208378 165.82139587
v -33.74472046 9.95678806 166.46879578
v -35.24472046 9.95678806 166.46879578
v -33.74472046 9.49105644 167.00679016
v -35.24472046 9.49105644 167.00679016
v -33.74472046 8.89262199 167.39176941
v -35.24472046 8.89262199 167.39176941
v -33.74472046 8.20996571 167.59255981
v -35.24472046 8.20996571 167.59255981
v -33.74472046 7.49839115 167.59289551
v -35.24472046 7.49839115 167.59289551
v -33.74472046 6.81554747 167.39274597
v -35.24472046 6.81554747 167.39274597
v -33.74472046 6.21675348 167.00831604
v -35.24472046 6.21675348 167.00831604
v -33.74472046 5.75052071 166.47076416
v -33.74472046 6.50302315 165.11880493
v -33.74472046 6.60602713 165.63537598
v -33.74472046 6.89887476 166.07321167
v -33.74472046 7.33698273 166.36566162
v -33.74472046 7.85365343 166.46817017
v -33.74472046 8.37022781 166.36517334
v -33.74472046 8.80806255 166.07232666
v -33.74472046 9.10050201 165.63421631
v -33.74472046 9.20302296 165.11755371
v -33.74472046 9.10001945 164.60096741
v -33.74472046 8.80717182 164.16313171
v -33.74472046 8.36906338 163.87069702
v -33.74472046 7.85239315 163.76817322
v -33.74472046 7.33581829 163.87118530
v -33.74472046 6.89798355 164.16403198
v -33.74472046 6.60554457 164.60214233
v -33.74472046 -10.09512329 179.97857666
v -35.24472046 -10.09512329 179.97857666
v -33.74472046 -10.19606209 180.68295288
v -35.24472046 -10.19606209 180.68295288
v -33.74472046 -10.09446526 181.38723755
v -35.24472046 -10.09446526 181.38723755
v -35.24472046 -9.79856491 182.03437805
v -33.74472046 -9.79982662 179.33116150
v -35.24472046 -9.79982662 179.33116150
v -33.74472046 -9.33409595 178.79318237
v -35.24472046 -9.33409595 178.79318237
v -33.74472046 -8.73566151 178.40818787
v -35.24472046 -8.73566151 178.40818787
v -33.74472046 -8.05300426 178.20739746
v -35.24472046 -8.05300426 178.20739746
v -33.74472046 -7.34143019 178.20706177
v -35.24472046 -7.34143019 178.20706177
v -33.74472046 -6.65858650 178.40722656
v -35.24472046 -6.65858650 178.40722656
v -33.74472046 -6.05979252 178.79165649
v -35.24472046 -6.05979252 178.79165649
v -33.74472046 -5.59355927 179.32920837
v -35.24472046 -5.59355927 179.32920837
v -33.74472046 -5.29765892 179.97633362
v -35.24472046 -5.29765892 179.97633362
v -33.74472046 -5.19606256 180.68061829
v -35.24472046 -5.19606256 180.68061829
v -33.74472046 -5.29700089 181.38499451
v -35.24472046 -5.29700089 181.38499451
v -33.74472046 -5.59229755 182.03240967
v -35.24472046 -5.59229755 182.03240967
v -33.74472046 -6.05802822 182.57040405
v -35.24472046 -6.05802822 182.57040405
v -33.74472046 -6.65646315 182.95538330
v -35.24472046 -6.65646315 182.95538330
v -33.74472046 -7.33911991 183.15617371
v -35.24472046 -7.33911991 183.15617371
v -33.74472046 -8.05069351 183.15650940
v -35.24472046 -8.05069351 183.15650940
v -33.74472046 -8.73353767 182.95634460
v -35.24472046 -8.73353767 182.95634460
v -33.74472046 -9.33233166 182.57192993
v -35.24472046 -9.33233166 182.57192993
v -33.74472046 -9.79856491 182.03437805
v -33.74472046 -9.04606152 180.68241882
v -33.74472046 -8.94305801 181.19898987
v -33.74472046 -8.65021038 181.63682556
v -33.74472046 -8.21210289 181.92926025
v -33.74472046 -7.69543171 182.03178406
v -33.74472046 -7.17885733 181.92878723
v -33.74472046 -6.74102259 181.63594055
v -33.74472046 -6.44858360 181.19783020
v -33.74472046 -6.34606218 180.68115234
v -33.74472046 -6.44906616 180.16458130
v -33.74472046 -6.74191380 179.72674561
v -33.74472046 -7.18002176 179.43431091
v -33.74472046 -7.69669247 179.33178711
v -33.74472046 -8.21326733 179.43478394
v -33.74472046 -8.65110207 179.72764587
v -33.74472046 -8.94354057 180.16574097
v -33.74472046 -13.32057953 172.20190430
v -35.24472046 -13.32057953 172.20190430
v -33.74472046 -13.42151833 172.90628052
v -35.24472046 -13.42151833 172.90628052
v -33.74472046 -13.31992149 173.61056519
v -35.24472046 -13.31992149 173.61056519
v -35.24472046 -13.02402115 174.25770569
v -33.74472046 -13.02528286 171.55450439
v -35.24472046 -13.02528286 171.55450439
v -33.74472046 -12.55955219 171.01651001
v -35.24472046 -12.55955219 171.01651001
v -33.74472046 -11.96111774 170.63151550
v -35.24472046 -11.96111774 170.63151550
v -33.74472046 -11.27846050 170.43072510
v -35.24472046 -11.27846050 170.43072510
v -33.74472046 -10.56688690 170.43040466
v -35.24472046 -10.56688690 170.43040466
v -33.74472046 -9.88404274 170.63055420
v -35.24472046 -9.88404274 170.63055420
v -33.74472046 -9.28524876 171.01498413
v -35.24472046 -9.28524876 171.01498413
v -33.74472046 -8.81901550 171.55253601
v -35.24472046 -8.81901550 171.55253601
v -33.74472046 -8.52311516 172.19966125
v -35.24472046 -8.52311516 172.19966125
v -33.74472046 -8.42151833 172.90394592
v -35.24472046 -8.42151833 172.90394592
v -33.74472046 -8.52245712 173.60832214
v -35.24472046 -8.52245712 173.60832214
v -33.74472046 -8.81775379 174.25573730
v -35.24472046 -8.81775379 174.25573730
v -33.74472046 -9.28348446 174.79373169
v -35.24472046 -9.28348446 174.79373169
v -33.74472046 -9.88191891 175.17871094
v -35.24472046 -9.88191891 175.17871094
v -33.74472046 -10.56457615 175.37950134
v -35.24472046 -10.56457615 175.37950134
v -33.74472046 -11.27614975 175.37983704
v -35.24472046 -11.27614975 175.37983704
v -33.74472046 -11.95899391 175.17968750
v -35.24472046 -11.95899391 175.17968750
v -33.74472046 -12.55778790 174.79525757
v -35.24472046 -12.55778790 174.79525757
v -33.74472046 -13.02402115 174.25770569
v -33.74472046 -12.27151775 172.90574646
v -33.74472046 -12.16851425 173.42231750
v -33.74472046 -11.87566662 173.86015320
v -33.74472046 -11.43755817 174.15260315
v -33.74472046 -10.92088795 174.25511169
v -33.74472046 -10.40431309 174.15211487
v -33.74472046 -9.96647835 173.85926819
v -33.74472046 -9.67403984 173.42115784
v -33.74472046 -9.57151890 172.90447998
v -33.74472046 -9.67452240 172.38790894
v -33.74472046 -9.96737003 171.95007324
v -33.74472046 -10.40547752 171.65763855
v -33.74472046 -10.92214870 171.55511475
v -33.74472046 -11.43872356 171.65812683
v -33.74472046 -11.87655830 171.95097351
v -33.74472046 -12.16899681 172.38908386
v -33.74472046 5.46122456 179.97131348
v -35.24472046 5.46122456 179.97131348
v -33.74472046 5.36028576 180.67568970
v -35.24472046 5.36028576 180.67568970
v -33.74472046 5.46188211 181.37997437
v -35.24472046 5.46188211 181.37997437
v -35.24472046 5.75778294 182.02711487
v -33.74472046 5.75652075 179.32389832
v -35.24472046 5.75652075 179.32389832
v -33.74472046 6.22225189 178.78591919
v -35.24472046 6.22225189 178.78591919
v -33.74472046 6.82068634 178.40092468
v -35.24472046 6.82068634 178.40092468
v -33.74472046 7.50334311 178.20013428
v -35.24472046 7.50334311 178.20013428
v -33.74472046 8.21491718 178.19979858
v -35.24472046 8.21491718 178.19979858
v -33.74472046 8.89776134 178.39996338
v -35.24472046 8.89776134 178.39996338
v -33.74472046 9.49655533 178.78439331
v -35.24472046 9.49655533 178.78439331
v -33.74472046 9.96278763 179.32194519
v -35.24472046 9.96278763 179.32194519
v -33.74472046 10.25868893 179.96907043
v -35.24472046 10.25868893 179.96907043
v -33.74472046 10.36028481 180.67335510
v -35.24472046 10.36028481 180.67335510
v -33.74472046 10.25934601 181.37773132
v -35.24472046 10.25934601 181.37773132
v -33.74472046 9.96405029 182.02514648
v -35.24472046 9.96405029 182.02514648
v -33.74472046 9.49831867 182.56314087
v -35.24472046 9.49831867 182.56314087
v -33.74472046 8.89988422 182.94812012
v -35.24472046 8.89988422 182.94812012
v -33.74472046 8.21722794 183.14891052
v -35.24472046 8.21722794 183.14891052
v -33.74472046 7.50565338 183.14924622
v -35.24472046 7.50565338 183.14924622
v -33.74472046 6.82280970 182.94909668
v -35.24472046 6.82280970 182.94909668
v -33.74472046 6.22401571 182.56466675
v -35.24472046 6.22401571 182.56466675
v -33.74472046 5.75778294 182.02711487
v -33.74472046 6.51028538 180.67515564
v -33.74472046 6.61328936 181.19172668
v -33.74472046 6.90613699 181.62956238
v -33.74472046 7.34424496 181.92199707
v -33.74472046 7.86091566 182.02452087
v -33.74472046 8.37749004 181.92152405
v -33.74472046 8.81532478 181.62867737
v -33.74472046 9.10776424 181.19056702
v -33.74472046 9.21028519 180.67388916
v -33.74472046 9.10728168 180.15731812
v -33.74472046 8.81443405 179.71948242
v -33.74472046 8.37632561 179.42704773
v -33.74472046 7.85965538 179.32452393
v -33.74472046 7.34308052 179.42753601
v -33.74472046 6.90524578 179.72038269
v -33.74472046 6.61280680 180.15847778
v -33.74472046 -2.32571554 161.19677734
v -35.24472046 -2.32571554 161.19677734
v -33.74472046 -2.42665434 161.90115356
v -35.24472046 -2.42665434 161.90115356
v -33.74472046 -2.32505798 162.60543823
v -35.24472046 -2.32505798 162.60543823
v -35.24472046 -2.02915740 163.25256348
v -33.74472046 -2.03041935 160.54936218
v -35.24472046 -2.03041935 160.54936218
v -33.74472046 -1.56468832 160.01136780
v -35.24472046 -1.56468832 160.01136780
v -33.74472046 -0.96625370 159.62638855
v -35.24472046 -0.96625370 159.62638855
v -33.74472046 -0.28359693 159.42559814
v -35.24472046 -0.28359693 159.42559814
v -33.74472046 0.42797720 159.42526245
v -35.24472046 0.42797720 159.42526245
v -33.74472046 1.11082113 159.62541199
v -35.24472046 1.11082113 159.62541199
v -33.74472046 1.70961499 160.00984192
v -35.24472046 1.70961499 160.00984192
v -33.74472046 2.17584801 160.54739380
v -35.24472046 2.17584801 160.54739380
v -33.74472046 2.47174859 161.19453430
v -35.24472046 2.47174859 161.19453430
v -33.74472046 2.57334518 161.89881897
v -35.24472046 2.57334518 161.89881897
v -33.74472046 2.47240639 162.60319519
v -35.24472046 2.47240639 162.60319519
v -33.74472046 2.17710996 163.25061035
v -35.24472046 2.17710996 163.25061035
v -33.74472046 1.71137905 163.78858948
v -35.24472046 1.71137905 163.78858948
v -33.74472046 1.11294436 164.17358398
v -35.24472046 1.11294436 164.17358398
v -33.74472046 0.43028760 164.37437439
v -35.24472046 0.43028760 164.37437439
v -33.74472046 -0.28128651 164.37471008
v -35.24472046 -0.28128651 164.37471008
v -33.74472046 -0.96413046 164.17454529
v -35.24472046 -0.96413046 164.17454529
v -33.74472046 -1.56292427 163.79011536
v -35.24472046 -1.56292427 163.79011536
v -33.74472046 -2.02915740 163.25256348
v -33.74472046 -1.27665448 161.90061951
v -33.74472046 -1.17365074 162.41719055
v -33.74472046 -0.88080305 162.85502625
v -33.74472046 -0.44269499 163.14746094
v -33.74472046 0.07397557 163.24998474
v -33.74472046 0.59055018 163.14697266
v -33.74472046 1.02838504 162.85412598
v -33.74472046 1.32082379 162.41603088
v -33.74472046 1.42334521 161.89935303
v -33.74472046 1.32034135 161.38278198
v -33.74472046 1.02749372 160.94494629
v -33.74472046 0.58938569 160.65251160
v -33.74472046 0.07271511 160.54998779
v -33.74472046 -0.44385949 160.65298462
v -33.74472046 -0.88169432 160.94583130
v -33.74472046 -1.17413306 161.38394165
v -33.74472046 -2.31544518 183.19676208
v -35.24472046 -2.31544518 183.19676208
v -33.74472046 -2.41638398 183.90115356
v -35.24472046 -2.41638398 183.90115356
v -33.74472046 -2.31478763 184.60543823
v -35.24472046 -2.31478763 184.60543823
v -35.24472046 -2.01888680 185.25256348
v -33.74472046 -2.02014875 182.54936218
v -35.24472046 -2.02014875 182.54936218
v -33.74472046 -1.55441797 182.01136780
v -35.24472046 -1.55441797 182.01136780
v -33.74472046 -0.95598334 181.62638855
v -35.24472046 -0.95598334 181.62638855
v -33.74472046 -0.27332655 181.42559814
v -35.24472046 -0.27332655 181.42559814
v -33.74472046 0.43824756 181.42526245
v -35.24472046 0.43824756 181.42526245
v -33.74472046 1.12109149 181.62541199
v -35.24472046 1.12109149 181.62541199
v -33.74472046 1.71988535 182.00984192
v -35.24472046 1.71988535 182.00984192
v -33.74472046 2.18611836 182.54739380
v -35.24472046 2.18611836 182.54739380
v -33.74472046 2.48201919 183.19453430
v -35.24472046 2.48201919 183.19453430
v -33.74472046 2.58361554 183.89881897
v -35.24472046 2.58361554 183.89881897
v -33.74472046 2.48267674 184.60319519
v -35.24472046 2.48267674 184.60319519
v -33.74472046 2.18738031 185.25059509
v -35.24472046 2.18738031 185.25059509
v -33.74472046 1.72164941 185.78858948
v -35.24472046 1.72164941 185.78858948
v -33.74472046 1.12321472 186.17356873
v -35.24472046 1.12321472 186.17356873
v -33.74472046 0.44055799 186.37437439
v -35.24472046 0.44055799 186.37437439
v -33.74472046 -0.27101615 186.37469482
v -35.24472046 -0.27101615 186.37469482
v -33.74472046 -0.95386010 186.17454529
v -35.24472046 -0.95386010 186.17454529
v -33.74472046 -1.55265391 185.79011536
v -35.24472046 -1.55265391 185.79011536
v -33.74472046 -2.01888680 185.25256348
v -33.74472046 -1.26638412 183.90060425
v -33.74472046 -1.16338038 184.41719055
v -33.74472046 -0.87053269 184.85502625
v -33.74472046 -0.43242460 185.14746094
v -33.74472046 0.08424594 185.24998474
v -33.74472046 0.60082054 185.14697266
v -33.74472046 1.03865540 184.85412598
v -33.74472046 1.33109415 184.41601562
v -33.74472046 1.43361557 183.89935303
v -33.74472046 1.33061182 183.38278198
v -33.74472046 1.03776407 182.94494629
v -33.74472046 0.59965605 182.65249634
v -33.74472046 0.08298548 182.54998779
v -33.74472046 -0.43358913 182.65298462
v -33.74472046 -0.87142396 182.94583130
v -33.74472046 -1.16386271 183.38394165
v -33.74472046 -10.10238552 164.42222595
v -35.24472046 -10.10238552 164.42222595
v -33.74472046 -10.20332432 165.12660217
v -35.24472046 -10.20332432 165.12660217
v -33.74472046 -10.10172749 165.83088684
v -35.24472046 -10.10172749 165.83088684
v -35.24472046 -9.80582714 166.47802734
v -33.74472046 -9.80708885 163.77482605
v -35.24472046 -9.80708885 163.77482605
v -33.74472046 -9.34135818 163.23683167
v -35.24472046 -9.34135818 163.23683167
v -33.74472046 -8.74292374 162.85183716
v -35.24472046 -8.74292374 162.85183716
v -33.74472046 -8.06026649 162.65104675
v -35.24472046 -8.06026649 162.65104675
v -33.74472046 -7.34869242 162.65072632
v -35.24472046 -7.34869242 162.65072632
v -33.74472046 -6.66584873 162.85087585
v -35.24472046 -6.66584873 162.85087585
v -33.74472046 -6.06705475 163.23530579
v -35.24472046 -6.06705475 163.23530579
v -33.74472046 -5.60082150 163.77285767
v -35.24472046 -5.60082150 163.77285767
v -33.74472046 -5.30492115 164.41998291
v -35.24472046 -5.30492115 164.41998291
v -33.74472046 -5.20332479 165.12426758
v -35.24472046 -5.20332479 165.12426758
v -33.74472046 -5.30426359 165.82864380
v -35.24472046 -5.30426359 165.82864380
v -33.74472046 -5.59955978 166.47605896
v -35.24472046 -5.59955978 166.47605896
v -33.74472046 -6.06529045 167.01405334
v -35.24472046 -6.06529045 167.01405334
v -33.74472046 -6.66372538 167.39903259
v -35.24472046 -6.66372538 167.39903259
v -33.74472046 -7.34638214 167.59982300
v -35.24472046 -7.34638214 167.59982300
v -33.74472046 -8.05795574 167.60015869
v -35.24472046 -8.05795574 167.60015869
v -33.74472046 -8.74079990 167.40000916
v -35.24472046 -8.74079990 167.40000916
v -33.74472046 -9.33959389 167.01557922
v -35.24472046 -9.33959389 167.01557922
v -33.74472046 -9.80582714 166.47802734
v -33.74472046 -9.05332375 165.12606812
v -33.74472046 -8.95032024 165.64263916
v -33.74472046 -8.65747261 166.08047485
v -33.74472046 -8.21936512 166.37292480
v -33.74472046 -7.70269394 166.47543335
v -33.74472046 -7.18611956 166.37243652
v -33.74472046 -6.74828482 166.07958984
v -33.74472046 -6.45584583 165.64147949
v -33.74472046 -6.35332441 165.12481689
v -33.74472046 -6.45632839 164.60823059
v -33.74472046 -6.74917603 164.17039490
v -33.74472046 -7.18728399 163.87796021
v -33.74472046 -7.70395470 163.77543640
v -33.74472046 -8.22052956 163.87844849
v -33.74472046 -8.65836430 164.17129517
v -33.74472046 -8.95080280 164.60940552
v -33.74472046 8.67941856 172.19163513
v -35.24472046 8.67941856 172.19163513
v -33.74472046 8.57847977 172.89601135
v -35.24472046 8.57847977 172.89601135
v -33.74472046 8.68007565 173.60029602
v -35.24472046 8.68007565 173.60029602
v -35.24472046 8.97597694 174.24743652
v -33.74472046 8.97471428 171.54421997
v -35.24472046 8.97471428 171.54421997
v -33.74472046 9.44044590 171.00624084
v -35.24472046 9.44044590 171.00624084
v -33.74472046 10.03888035 170.62124634
v -35.24472046 10.03888035 170.62124634
v -33.74472046 10.72153664 170.42045593
v -35.24472046 10.72153664 170.42045593
v -33.74472046 11.43311119 170.42012024
v -35.24472046 11.43311119 170.42012024
v -33.74472046 12.11595535 170.62028503
v -35.24472046 12.11595535 170.62028503
v -33.74472046 12.71474934 171.00471497
v -35.24472046 12.71474934 171.00471497
v -33.74472046 13.18098164 171.54226685
v -35.24472046 13.18098164 171.54226685
v -33.74472046 13.47688293 172.18939209
v -35.24472046 13.47688293 172.18939209
v -33.74472046 13.57847881 172.89367676
v -35.24472046 13.57847881 172.89367676
v -33.74472046 13.47754002 173.59805298
v -35.24472046 13.47754002 173.59805298
v -33.74472046 13.18224430 174.24546814
v -35.24472046 13.18224430 174.24546814
v -33.74472046 12.71651268 174.78346252
v -35.24472046 12.71651268 174.78346252
v -33.74472046 12.11807823 175.16844177
v -35.24472046 12.11807823 175.16844177
v -33.74472046 11.43542194 175.36923218
v -35.24472046 11.43542194 175.36923218
v -33.74472046 10.72384739 175.36956787
v -35.24472046 10.72384739 175.36956787
v -33.74472046 10.04100323 175.16941833
v -35.24472046 10.04100323 175.16941833
v -33.74472046 9.44220924 174.78498840
v -35.24472046 9.44220924 174.78498840
v -33.74472046 8.97597694 174.24743652
v -33.74472046 9.72847939 172.89547729
v -33.74472046 9.83148289 173.41204834
v -33.74472046 10.12433052 173.84988403
v -33.74472046 10.56243896 174.14231873
v -33.74472046 11.07910919 174.24484253
v -33.74472046 11.59568405 174.14184570
v -33.74472046 12.03351879 173.84899902
v -33.74472046 12.32595730 173.41088867
v -33.74472046 12.42847919 172.89421082
v -33.74472046 12.32547569 172.37763977
v -33.74472046 12.03262806 171.93980408
v -33.74472046 11.59451962 171.64736938
v -33.74472046 11.07784939 171.54484558
v -33.74472046 10.56127453 171.64785767
v -33.74472046 10.12343979 171.94070435
v -33.74472046 9.83100128 172.37879944
v -35.24472046 17.26647949 172.89195251
v -35.24472046 17.15750504 170.96755981
v -35.24472046 16.83375359 169.06747437
v -35.24472046 16.29929543 167.21557617
v -35.24472046 15.56085014 165.43516541
v -35.24472046 14.62770557 163.74862671
v -35.24472046 13.51159573 162.17716980
v -35.24472046 12.22655678 160.74055481
v -35.24472046 10.78874874 159.45686340
v -35.24472046 9.21625233 158.34222412
v -35.24472046 7.52884388 157.41064453
v -35.24472046 5.74774265 156.67387390
v -35.24472046 3.89534712 156.14114380
v -35.24472046 1.99495220 155.81915283
v -35.24472046 0.07045656 155.71199036
v -35.24472046 -1.85393822 155.82095337
v -35.24472046 -3.75403166 156.14471436
v -35.24472046 -5.60592890 156.67916870
v -35.24472046 -7.38634157 157.41761780
v -35.24472046 -9.07287979 158.35075378
v -35.24472046 -10.64433479 159.46687317
v -35.24472046 -12.08094311 160.75190735
v -35.24472046 -13.36464024 162.18971252
v -35.24472046 -14.47928238 163.76220703
v -35.24472046 -15.41085243 165.44961548
v -35.24472046 -16.14763451 167.23071289
v -35.24472046 -16.68036461 169.08311462
v -35.24472046 -17.00234222 170.98350525
v -35.24472046 -17.10951805 172.90800476
v -35.24472046 17.30047035 245.70623779
v -35.24472046 3.19833803 168.86557007
v -35.24472046 2.32235289 168.32012939
v -35.24472046 1.35450339 167.96218872
v -35.24472046 0.33441347 167.80641174
v -35.24472046 -3.43697596 169.20518494
v -35.24472046 -2.62125611 168.57315063
v -35.24472046 -5.02151871 172.90235901
v -35.24472046 -4.91664219 173.92893982
v -35.24472046 -4.60726500 174.91339111
v -35.24472046 -17.07552528 245.72229004
v -35.24472046 -11.24176121 249.04371643
v -35.24472046 -10.53018761 249.04339600
v -35.24472046 -9.84734344 249.24354553
v -35.24472046 -9.24854946 249.62797546
v -35.24472046 -8.78231621 250.16552734
v -35.24472046 -8.48641586 250.81265259
v -35.24472046 8.71611786 250.80462646
v -35.24472046 9.01141357 250.15721130
v -35.24472046 -17.17362976 246.48461914
v -35.24472046 -13.28388023 250.81489563
v -35.24472046 -12.98858356 250.16749573
v -35.24472046 -12.52285290 249.62950134
v -35.24472046 -17.46221733 247.19699097
v -35.24472046 -16.82771301 254.34632874
v -35.24472046 -16.14486885 254.54647827
v -35.24472046 -15.54607487 254.93090820
v -35.24472046 -17.92234230 247.81266785
v -35.24472046 -17.53928566 254.34666443
v -35.24472046 -18.52380180 248.29121399
v -35.24472046 -18.22194290 254.54745483
v -35.24472046 -19.22711945 248.60122681
v -35.24472046 -18.82037735 254.93243408
v -35.24472046 -19.28610802 255.47042847
v -35.24472046 -19.98612595 248.72235107
v -35.24472046 -19.58140564 256.11782837
v -35.24472046 -19.68234444 256.82220459
v -35.24472046 -19.97445488 273.72235107
v -35.24472046 -19.58074760 257.52648926
v -35.24472046 -19.28484726 258.17364502
v -35.24472046 -18.81861305 258.71118164
v -35.24472046 -18.21982002 259.09561157
v -35.24472046 -18.59160042 275.62380981
v -35.24472046 -17.53697586 259.29577637
v -35.24472046 -17.97352028 275.72143555
v -35.24472046 -16.82540131 259.29544067
v -35.24472046 -16.14274597 259.09463501
v -35.24472046 -12.37734985 267.51831055
v -35.24472046 -15.54431057 258.70965576
v -35.24472046 -15.07857990 258.17166138
v -35.24472046 -12.27641106 266.81393433
v -35.24472046 -14.78328323 257.52426147
v -35.24472046 -11.98111439 266.16653442
v -35.24472046 -12.52108860 253.40824890
v -35.24472046 -11.92229462 253.79267883
v -35.24472046 -11.51538372 265.62854004
v -35.24472046 -11.23945045 253.99282837
v -35.24472046 -10.91694927 265.24353027
v -35.24472046 -10.52787685 253.99249268
v -35.24472046 -10.23429203 265.04275513
v -35.24472046 -9.84521961 253.79170227
v -35.24472046 -9.52271843 265.04241943
v -35.24472046 -9.24678516 253.40672302
v -35.24472046 -8.83987427 265.24258423
v -35.24472046 -8.78105450 252.86872864
v -35.24472046 -8.24108028 265.62701416
v -35.24472046 -8.48575783 252.22131348
v -35.24472046 -7.77484751 266.16455078
v -35.24472046 -7.47894669 266.81167603
v -35.24472046 -19.87627792 274.34033203
v -35.24472046 -19.59193993 274.89773560
v -35.24472046 -19.14926910 275.33999634
v -35.24472046 18.22647476 275.70452881
v -35.24472046 9.08517170 269.78237915
v -35.24472046 -8.83775139 269.79074097
v -35.24472046 -9.52040768 269.99151611
v -35.24472046 18.84446335 275.60635376
v -35.24472046 17.77459526 259.27929688
v -35.24472046 17.06302071 259.27960205
v -35.24472046 16.38017654 259.07946777
v -35.24472046 19.40186691 275.32202148
v -35.24472046 20.22554207 273.70358276
v -35.24472046 18.45725060 259.07849121
v -35.24472046 19.84412384 274.87933350
v -35.24472046 20.12794304 274.32165527
v -35.24472046 20.21387100 248.70359802
v -35.24472046 19.91765213 256.80374146
v -35.24472046 19.81671333 257.50811768
v -35.24472046 19.52141762 258.15551758
v -35.24472046 19.45475197 248.58316040
v -35.24472046 19.52015495 255.45231628
v -35.24472046 19.81605530 256.09945679
v -35.24472046 18.75114632 248.27380371
v -35.24472046 18.45512772 254.53033447
v -35.24472046 19.05392265 254.91476440
v -35.24472046 17.77228355 254.33018494
v -35.24472046 18.14923859 247.79582214
v -35.24472046 17.06070900 254.33050537
v -35.24472046 17.68853951 247.18058777
v -35.24472046 17.39928818 246.46847534
v -35.24472046 13.51358223 250.80238342
v -35.24472046 13.61517811 251.50666809
v -35.24472046 15.77961826 254.91629028
v -35.24472046 15.31388760 255.45426941
v -35.24472046 13.51423931 252.21104431
v -35.24472046 15.01859093 256.10168457
v -35.24472046 13.21894360 252.85845947
v -35.24472046 14.91765213 256.80606079
v -35.24472046 12.75321198 253.39645386
v -35.24472046 15.01924896 257.51034546
v -35.24472046 12.22515011 266.15521240
v -35.24472046 12.52105141 266.80233765
v -35.24472046 5.15207243 172.38165283
v -35.24472046 4.94387770 171.37095642
v -35.24472046 4.53649235 170.42286682
v -35.24472046 3.94659567 169.57617188
v -35.24472046 -4.10605240 175.81539917
v -35.24472046 -3.43352485 176.59806824
v -35.24472046 -2.61721516 177.22932434
v -35.24472046 -1.69054341 177.68334961
v -35.24472046 -4.91760111 171.87568665
v -35.24472046 3.94969726 176.22016907
v -35.24472046 3.20210338 176.93148804
v -35.24472046 2.32662797 177.47773743
v -35.24472046 1.35911310 177.83657837
v -35.24472046 0.33916906 177.99331665
v -35.24472046 -0.69144768 177.94152832
v -35.24472046 4.53880310 175.37294006
v -35.24472046 4.94530296 174.42446899
v -35.24472046 5.15255451 173.41357422
v -35.24472046 11.46981049 249.03311157
v -35.24472046 10.75823593 249.03344727
v -35.24472046 10.07557964 249.23423767
v -35.24472046 9.47714520 249.61923218
v -35.24472046 -0.69615448 167.85916138
v -35.24472046 -1.69500875 168.11827087
v -35.24472046 -4.10877275 169.98846436
v -35.24472046 -4.60914278 170.89096069
v -35.24472046 -7.37735033 267.51596069
v -35.24472046 7.62264824 267.50897217
v -35.24472046 7.72358704 266.80459595
v -35.24472046 8.61517906 251.50900269
v -35.24472046 8.71677494 252.21328735
v -35.24472046 8.01888371 266.15719604
v -35.24472046 8.48461437 265.61920166
v -35.24472046 -7.47828913 268.22033691
v -35.24472046 7.72424459 268.21325684
v -35.24472046 -7.77358532 268.86776733
v -35.24472046 8.02014542 268.86038208
v -35.24472046 -8.23931599 269.40576172
v -35.24472046 8.48637867 269.39794922
v -35.24472046 -10.23198223 269.99185181
v -35.24472046 -10.91482544 269.79171753
v -35.24472046 -11.51361942 269.40728760
v -35.24472046 -11.97985268 268.86972046
v -35.24472046 -12.27575302 268.22259521
v -35.24472046 9.01267624 252.86042786
v -35.24472046 9.08304882 265.23422241
v -35.24472046 9.47890854 253.39797974
v -35.24472046 9.76570606 265.03341675
v -35.24472046 10.07770252 253.78240967
v -35.24472046 10.47727966 265.03308105
v -35.24472046 10.76054668 253.98255920
v -35.24472046 11.16012383 265.23324585
v -35.24472046 11.47212124 253.98222351
v -35.24472046 11.75891781 265.61767578
v -35.24472046 12.15477753 253.78143311
v -35.24472046 15.31514931 258.15747070
v -35.24472046 12.62264729 267.50662231
v -35.24472046 15.78138256 258.69503784
v -35.24472046 12.52170849 268.21102905
v -35.24472046 12.22641277 268.85842896
v -35.24472046 11.76068115 269.39642334
v -35.24472046 11.16224670 269.78140259
v -35.24472046 10.47959042 269.98217773
v -35.24472046 9.76801586 269.98251343
v -35.24472046 -8.38481903 251.51693726
v -35.24472046 12.15265465 249.23327637
v -35.24472046 12.75144863 249.61770630
v -35.24472046 13.21768093 250.15525818
v -35.24472046 -13.38481903 251.51927185
v -35.24472046 -15.07984161 255.46846008
v -35.24472046 -11.92441845 249.24450684
v -35.24472046 -14.68234444 256.81988525
v -35.24472046 -12.98732185 252.87069702
v -35.24472046 -14.78394032 256.11560059
v -35.24472046 -13.28322220 252.22355652
v -35.24472046 16.37805367 254.53129578
v -35.24472046 19.05568504 258.69351196
v -30.44471931 -19.97569466 248.72203064
v -30.44471931 -19.98090935 248.72219849
v -30.44471931 -19.98612595 248.72235107
v -30.44471931 20.21387100 248.70359802
v -30.44471931 20.20865440 248.70343018
v -30.44471931 20.20343971 248.70327759
v -33.74472046 -19.58140564 256.11782837
v -33.74472046 -19.68234444 256.82220459
v -33.74472046 -18.53234482 256.82168579
v -33.74472046 -19.58074760 257.52648926
v -33.74472046 -18.42934036 257.33825684
v -33.74472046 -19.28484726 258.17364502
v -33.74472046 -18.13649178 257.77609253
v -33.74472046 -18.81861305 258.71118164
v -33.74472046 -17.69838524 258.06854248
v -33.74472046 -18.21982002 259.09561157
v -33.74472046 -17.53697586 259.29577637
v -33.74472046 -17.18171310 258.17105103
v -33.74472046 -16.82540131 259.29544067
v -33.74472046 -16.66514015 258.06805420
v -33.74472046 -16.14274597 259.09463501
v -33.74472046 -15.54431057 258.70965576
v -33.74472046 -16.22730446 257.77520752
v -33.74472046 -15.07857990 258.17166138
v -33.74472046 -15.93486595 257.33709717
v -33.74472046 -14.78328323 257.52426147
v -33.74472046 -15.83234406 256.82040405
v -33.74472046 -14.68234444 256.81988525
v -33.74472046 -14.78394032 256.11560059
v -33.74472046 -15.93534756 256.30383301
v -33.74472046 -15.07984161 255.46846008
v -33.74472046 -16.22819519 255.86601257
v -33.74472046 -15.54607487 254.93090820
v -33.74472046 -16.66630363 255.57357788
v -33.74472046 -16.14486885 254.54647827
v -33.74472046 -16.82771301 254.34632874
v -33.74472046 -17.18297386 255.47105408
v -33.74472046 -17.53928566 254.34666443
v -33.74472046 -17.69954872 255.57405090
v -33.74472046 -18.22194290 254.54745483
v -33.74472046 -18.82037735 254.93243408
v -33.74472046 -18.13738441 255.86689758
v -33.74472046 -19.28610802 255.47042847
v -33.74472046 -18.42982292 256.30502319
v -33.74472046 7.72358704 266.80459595
v -33.74472046 7.62264824 267.50897217
v -33.74472046 8.77264786 267.50842285
v -33.74472046 7.72424459 268.21325684
v -33.74472046 8.87565136 268.02499390
v -33.74472046 8.02014542 268.86038208
v -33.74472046 9.16849899 268.46282959
v -33.74472046 8.48637867 269.39794922
v -33.74472046 9.60660744 268.75527954
v -33.74472046 9.08517170 269.78237915
v -33.74472046 9.76801586 269.98251343
v -33.74472046 10.12327766 268.85781860
v -33.74472046 10.47959042 269.98217773
v -33.74472046 10.63985252 268.75479126
v -33.74472046 11.16224670 269.78140259
v -33.74472046 11.76068115 269.39642334
v -33.74472046 11.07768726 268.46194458
v -33.74472046 12.22641277 268.85842896
v -33.74472046 11.37012672 268.02383423
v -33.74472046 12.52170849 268.21102905
v -33.74472046 11.47264767 267.50717163
v -33.74472046 12.62264729 267.50662231
v -33.74472046 12.52105141 266.80233765
v -33.74472046 11.36964417 266.99060059
v -33.74472046 12.22515011 266.15521240
v -33.74472046 11.07679653 266.55276489
v -33.74472046 11.75891781 265.61767578
v -33.74472046 10.63868809 266.26031494
v -33.74472046 11.16012383 265.23324585
v -33.74472046 10.47727966 265.03308105
v -33.74472046 10.12201786 266.15780640
v -33.74472046 9.76570606 265.03341675
v -33.74472046 9.60544300 266.26080322
v -33.74472046 9.08304882 265.23422241
v -33.74472046 8.48461437 265.61920166
v -33.74472046 9.16760826 266.55364990
v -33.74472046 8.01888371 266.15719604
v -33.74472046 8.87516975 266.99176025
v -33.74472046 15.01859093 256.10168457
v -33.74472046 14.91765213 256.80606079
v -33.74472046 16.06765175 256.80554199
v -33.74472046 15.01924896 257.51034546
v -33.74472046 16.17065620 257.32211304
v -33.74472046 15.31514931 258.15747070
v -33.74472046 16.46350288 257.75994873
v -33.74472046 15.78138256 258.69503784
v -33.74472046 16.90161133 258.05236816
v -33.74472046 16.38017654 259.07946777
v -33.74472046 17.06302071 259.27960205
v -33.74472046 17.41828156 258.15490723
v -33.74472046 17.77459526 259.27929688
v -33.74472046 17.93485641 258.05187988
v -33.74472046 18.45725060 259.07849121
v -33.74472046 19.05568504 258.69351196
v -33.74472046 18.37269211 257.75903320
v -33.74472046 19.52141762 258.15551758
v -33.74472046 18.66513062 257.32092285
v -33.74472046 19.81671333 257.50811768
v -33.74472046 18.76765251 256.80426025
v -33.74472046 19.91765213 256.80374146
v -33.74472046 19.81605530 256.09945679
v -33.74472046 18.66464806 256.28768921
v -33.74472046 19.52015495 255.45231628
v -33.74472046 18.37180138 255.84985352
v -33.74472046 19.05392265 254.91476440
v -33.74472046 17.93369293 255.55741882
v -33.74472046 18.45512772 254.53033447
v -33.74472046 17.77228355 254.33018494
v -33.74472046 17.41702271 255.45489502
v -33.74472046 17.06070900 254.33050537
v -33.74472046 16.90044785 255.55790710
v -33.74472046 16.37805367 254.53129578
v -33.74472046 15.77961826 254.91629028
v -33.74472046 16.46261215 255.85075378
v -33.74472046 15.31388760 255.45426941
v -33.74472046 16.17017365 256.28884888
v -33.74472046 -12.27641106 266.81393433
v -33.74472046 -12.37734985 267.51831055
v -33.74472046 -11.22735023 267.51776123
v -33.74472046 -12.27575302 268.22259521
v -33.74472046 -11.12434578 268.03433228
v -33.74472046 -11.97985268 268.86972046
v -33.74472046 -10.83149815 268.47216797
v -33.74472046 -11.51361942 269.40728760
v -33.74472046 -10.39339066 268.76461792
v -33.74472046 -10.91482544 269.79171753
v -33.74472046 -10.23198223 269.99185181
v -33.74472046 -9.87671947 268.86712646
v -33.74472046 -9.52040768 269.99151611
v -33.74472046 -9.36014557 268.76412964
v -33.74472046 -8.83775139 269.79074097
v -33.74472046 -8.23931599 269.40576172
v -33.74472046 -8.92230988 268.47128296
v -33.74472046 -7.77358532 268.86776733
v -33.74472046 -8.62987137 268.03317261
v -33.74472046 -7.47828913 268.22033691
v -33.74472046 -8.52735043 267.51651001
v -33.74472046 -7.37735033 267.51596069
v -33.74472046 -7.47894669 266.81167603
v -33.74472046 -8.63035393 266.99993896
v -33.74472046 -7.77484751 266.16455078
v -33.74472046 -8.92320156 266.56210327
v -33.74472046 -8.24108028 265.62701416
v -33.74472046 -9.36131001 266.26965332
v -33.74472046 -8.83987427 265.24258423
v -33.74472046 -9.52271843 265.04241943
v -33.74472046 -9.87798023 266.16714478
v -33.74472046 -10.23429203 265.04275513
v -33.74472046 -10.39455509 266.27014160
v -33.74472046 -10.91694927 265.24353027
v -33.74472046 -11.51538372 265.62854004
v -33.74472046 -10.83238983 266.56298828
v -33.74472046 -11.98111439 266.16653442
v -33.74472046 -11.12482834 267.00109863
v -33.74472046 -13.28388023 250.81489563
v -33.74472046 -13.38481903 251.51927185
v -33.74472046 -12.23481846 251.51873779
v -33.74472046 -13.28322220 252.22355652
v -33.74472046 -12.13181496 252.03530884
v -33.74472046 -12.98732185 252.87069702
v -33.74472046 -11.83896732 252.47314453
v -33.74472046 -12.52108860 253.40824890
v -33.74472046 -11.40085888 252.76559448
v -33.74472046 -11.92229462 253.79267883
v -33.74472046 -11.23945045 253.99282837
v -33.74472046 -10.88418865 252.86810303
v -33.74472046 -10.52787685 253.99249268
v -33.74472046 -10.36761379 252.76510620
v -33.74472046 -9.84521961 253.79170227
v -33.74472046 -9.24678516 253.40672302
v -33.74472046 -9.92977905 252.47225952
v -33.74472046 -8.78105450 252.86872864
v -33.74472046 -9.63734055 252.03414917
v -33.74472046 -8.48575783 252.22131348
v -33.74472046 -9.53481960 251.51747131
v -33.74472046 -8.38481903 251.51693726
v -33.74472046 -8.48641586 250.81265259
v -33.74472046 -9.63782310 251.00090027
v -33.74472046 -8.78231621 250.16552734
v -33.74472046 -9.93067074 250.56306458
v -33.74472046 -9.24854946 249.62797546
v -33.74472046 -10.36877823 250.27062988
v -33.74472046 -9.84734344 249.24354553
v -33.74472046 -10.53018761 249.04339600
v -33.74472046 -10.88544941 250.16810608
v -33.74472046 -11.24176121 249.04371643
v -33.74472046 -11.40202427 250.27111816
v -33.74472046 -11.92441845 249.24450684
v -33.74472046 -12.52285290 249.62950134
v -33.74472046 -11.83985901 250.56396484
v -33.74472046 -12.98858356 250.16749573
v -33.74472046 -12.13229752 251.00207520
v -33.74472046 8.71611786 250.80462646
v -33.74472046 8.61517906 251.50900269
v -33.74472046 9.76517868 251.50846863
v -33.74472046 8.71677494 252.21328735
v -33.74472046 9.86818218 252.02503967
v -33.74472046 9.01267624 252.86042786
v -33.74472046 10.16102982 252.46287537
v -33.74472046 9.47890854 253.39797974
v -33.74472046 10.59913826 252.75531006
v -33.74472046 10.07770252 253.78240967
v -33.74472046 10.76054668 253.98255920
v -33.74472046 11.11580849 252.85783386
v -33.74472046 11.47212124 253.98222351
v -33.74472046 11.63238335 252.75483704
v -33.74472046 12.15477753 253.78143311
v -33.74472046 12.75321198 253.39645386
v -33.74472046 12.07021809 252.46199036
v -33.74472046 13.21894360 252.85845947
v -33.74472046 12.36265659 252.02388000
v -33.74472046 13.51423931 252.21104431
v -33.74472046 12.46517849 251.50720215
v -33.74472046 13.61517811 251.50666809
v -33.74472046 13.51358223 250.80238342
v -33.74472046 12.36217499 250.99063110
v -33.74472046 13.21768093 250.15525818
v -33.74472046 12.06932735 250.55279541
v -33.74472046 12.75144863 249.61770630
v -33.74472046 11.63121891 250.26036072
v -33.74472046 12.15265465 249.23327637
v -33.74472046 11.46981049 249.03311157
v -33.74472046 11.11454868 250.15783691
v -33.74472046 10.75823593 249.03344727
v -33.74472046 10.59797382 250.26084900
v -33.74472046 10.07557964 249.23423767
v -33.74472046 9.47714520 249.61923218
v -33.74472046 10.16013908 250.55369568
v -33.74472046 9.01141357 250.15721130
v -33.74472046 9.86770058 250.99179077
v -30.44471931 16.17066765 257.32214355
v -30.44471931 16.46354866 257.75997925
v -30.44471931 16.90169907 258.05239868
v -30.44471931 17.41840744 258.15490723
v -30.44471931 17.93500137 258.05181885
v -30.44471931 18.37282372 257.75891113
v -30.44471931 18.66521454 257.32073975
v -30.44471931 -12.13180351 252.03533936
v -30.44471931 -11.83892345 252.47319031
v -30.44471931 -11.40077305 252.76562500
v -30.44471931 -10.88406372 252.86810303
v -30.44471931 -10.36746979 252.76504517
v -30.44471931 -9.92964649 252.47212219
v -30.44471931 -9.63725662 252.03395081
v -30.44471931 -18.42932892 257.33828735
v -30.44471931 -18.13644791 257.77612305
v -30.44471931 -17.69829750 258.06857300
v -30.44471931 -17.18158913 258.17105103
v -30.44471931 -16.66499519 258.06799316
v -30.44471931 -16.22717094 257.77505493
v -30.44471931 -15.93478203 257.33688354
v -30.44471931 9.86819458 252.02507019
v -30.44471931 10.16107464 252.46292114
v -30.44471931 10.59922504 252.75535583
v -30.44471931 11.11593342 252.85783386
v -30.44471931 11.63252735 252.75477600
v -30.44471931 12.07035065 252.46185303
v -30.44471931 12.36274052 252.02368164
v -30.44471931 -18.42918396 257.33813477
v -30.44471931 -18.13627243 257.77581787
v -30.44471931 -17.69818306 258.06811523
v -30.44471931 -17.18158913 258.17056274
v -30.44471931 -16.66511154 258.06753540
v -30.44471931 -16.22734833 257.77474976
v -30.44471931 -15.93492603 257.33673096
v -30.44471931 16.17081070 257.32199097
v -30.44471931 16.46372414 257.75964355
v -30.44471931 16.90181351 258.05197144
v -30.44471931 17.41840744 258.15438843
v -30.44471931 17.93488503 258.05139160
v -30.44471931 18.37264824 257.75857544
v -30.44471931 18.66507149 257.32058716
v -30.44471931 20.21387100 248.70309448
v -30.44471931 -19.98612595 248.72186279
v -30.44471931 -12.13165951 252.03518677
v -30.44471931 -11.83874607 252.47286987
v -30.44471931 -11.40065765 252.76516724
v -30.44471931 -10.88406372 252.86761475
v -30.44471931 -10.36758518 252.76458740
v -30.44471931 -9.92982388 252.47180176
v -30.44471931 -9.63740063 252.03379822
v -30.44471931 9.86833763 252.02491760
v -30.44471931 10.16125107 252.46260071
v -30.44471931 10.59934044 252.75489807
v -30.44471931 11.11593342 252.85734558
v -30.44471931 11.63241196 252.75431824
v -30.44471931 12.07017422 252.46153259
v -30.44471931 12.36259747 252.02352905
v 29.75527954 8.65401459 161.83380127
v 25.55528069 8.65401459 161.83380127
v 29.75527954 9.97335339 162.99586487
v 25.55528069 9.97335339 162.99586487
v 29.75527954 11.13664341 164.31411743
v 25.55528069 11.13664341 164.31411743
v 29.75527954 12.12554073 165.76777649
v 25.55528069 12.12554073 165.76777649
v 29.75527954 12.92444801 167.33390808
v 25.55528069 12.92444801 167.33390808
v 29.75527954 13.52076721 168.98782349
v 25.55528069 13.52076721 168.98782349
v 29.75527954 13.90509319 170.70344543
v 25.55528069 13.90509319 170.70344543
v 29.75527954 14.07136536 172.45370483
v 25.55528069 14.07136536 172.45370483
v 29.75527954 14.01696205 174.21099854
v 25.55528069 14.01696205 174.21099854
v 29.75527954 13.74273968 175.94761658
v 25.55528069 13.74273968 175.94761658
v 29.75527954 13.25302410 177.63616943
v 25.55528069 13.25302410 177.63616943
v 29.75527954 12.55553722 179.25003052
v 25.55528069 12.55553722 179.25003052
v 29.75527954 11.66128063 180.76374817
v 25.55528069 11.66128063 180.76374817
v 29.75527954 10.58435631 182.15344238
v 25.55528069 10.58435631 182.15344238
v 29.75527954 9.34174824 183.39721680
v 25.55528069 9.34174824 183.39721680
v 29.75527954 7.95305252 184.47543335
v 25.55528069 7.95305252 184.47543335
v 29.75527954 6.44017029 185.37110901
v 25.55528069 6.44017029 185.37110901
v 29.75527954 4.82696009 186.07009888
v 25.55528069 4.82696009 186.07009888
v 29.75527954 3.13886380 186.56138611
v 25.55528069 3.13886380 186.56138611
v 29.75527954 1.40250349 186.83723450
v 25.55528069 1.40250349 186.83723450
v 29.75527954 -0.35473758 186.89328003
v 25.55528069 -0.35473758 186.89328003
v 29.75527954 -2.10514641 186.72863770
v 25.55528069 -2.10514641 186.72863770
v 29.75527954 -3.82111835 186.34591675
v 25.55528069 -3.82111835 186.34591675
v 29.75527954 -5.47559118 185.75114441
v 25.55528069 -5.47559118 185.75114441
v 29.75527954 -7.04247284 184.95368958
v 25.55528069 -7.04247284 184.95368958
v 29.75527954 -8.49705315 183.96615601
v 25.55528069 -8.49705315 183.96615601
v 29.75527954 -9.81639194 182.80409241
v 25.55528069 -9.81639194 182.80409241
v 29.75527954 -10.97968292 181.48583984
v 25.55528069 -10.97968292 181.48583984
v 29.75527954 -11.96857929 180.03218079
v 25.55528069 -11.96857929 180.03218079
v 29.75527954 -12.76748753 178.46604919
v 25.55528069 -12.76748753 178.46604919
v 29.75527954 -13.36380577 176.81213379
v 25.55528069 -13.36380577 176.81213379
v 29.75527954 -13.74813271 175.09652710
v 25.55528069 -13.74813271 175.09652710
v 29.75527954 -13.91440487 173.34626770
v 25.55528069 -13.91440487 173.34626770
v 29.75527954 -13.86000061 171.58897400
v 25.55528069 -13.86000061 171.58897400
v 29.75527954 -13.58577824 169.85235596
v 25.55528069 -13.58577824 169.85235596
v 29.75527954 -13.09606266 168.16380310
v 25.55528069 -13.09606266 168.16380310
v 29.75527954 -12.39857674 166.54994202
v 25.55528069 -12.39857674 166.54994202
v 29.75527954 -11.50432014 165.03622437
v 25.55528069 -11.50432014 165.03622437
v 29.75527954 -10.42739582 163.64651489
v 25.55528069 -10.42739582 163.64651489
v 29.75527954 -9.18478680 162.40275574
v 25.55528069 -9.18478680 162.40275574
v 29.75527954 -7.79609156 161.32452393
v 25.55528069 -7.79609156 161.32452393
v 29.75527954 -6.28320932 160.42886353
v 25.55528069 -6.28320932 160.42886353
v 29.75527954 -4.66999912 159.72987366
v 25.55528069 -4.66999912 159.72987366
v 29.75527954 -2.98190284 159.23857117
v 25.55528069 -2.98190284 159.23857117
v 29.75527954 -1.24554241 158.96273804
v 25.55528069 -1.24554241 158.96273804
v 29.75527954 0.51169866 158.90669250
v 25.55528069 0.51169866 158.90669250
v 29.75527954 2.26210761 159.07131958
v 25.55528069 2.26210761 159.07131958
v 29.75527954 3.97807932 159.45405579
v 25.55528069 3.97807932 159.45405579
v 29.75527954 5.63255215 160.04882812
v 25.55528069 5.63255215 160.04882812
v 29.75527954 7.19943380 160.84626770
v 25.55528069 7.19943380 160.84626770
v 29.75527954 -15.83234406 256.82040405
v 29.75527954 -15.93519306 256.30371094
v 29.75527954 -15.93533611 256.30386353
v 29.75527954 -16.22815132 255.86605835
v 29.75527954 -16.22797394 255.86573792
v 29.75527954 -16.66621780 255.57360840
v 29.75527954 -16.66610146 255.57315063
v 29.75527954 -17.18284988 255.47105408
v 29.75527954 -17.18284988 255.47055054
v 29.75527954 -17.69952011 255.57354736
v 29.75527954 -17.69940376 255.57398987
v 29.75527954 -18.13742828 255.86643982
v 29.75527954 -18.13725090 255.86677551
v 29.75527954 -18.42988205 256.30465698
v 29.75527954 -18.42973900 256.30480957
v 29.75527954 -18.53234482 256.82144165
v 29.75527954 18.76765251 256.80426025
v 29.75527954 18.66480446 256.28756714
v 29.75527954 18.66465950 256.28771973
v 29.75527954 18.37184525 255.84989929
v 29.75527954 18.37202072 255.84957886
v 29.75527954 17.93377876 255.55744934
v 29.75527954 17.93389511 255.55700684
v 29.75527954 17.41714668 255.45489502
v 29.75527954 17.41714668 255.45439148
v 29.75527954 16.90047646 255.55738831
v 29.75527954 16.90059090 255.55784607
v 29.75527954 16.46256828 255.85029602
v 29.75527954 16.46274567 255.85061646
v 29.75527954 16.17011452 256.28851318
v 29.75527954 16.17025757 256.28866577
v 29.75527954 16.06765175 256.80526733
v 29.75527954 -9.53481865 251.51747131
v 29.75527954 -9.63766766 251.00077820
v 29.75527954 -9.63781071 251.00093079
v 29.75527954 -9.93062592 250.56311035
v 29.75527954 -9.93044949 250.56278992
v 29.75527954 -10.36869240 250.27066040
v 29.75527954 -10.36857700 250.27021790
v 29.75527954 -10.88532448 250.16810608
v 29.75527954 -10.88532448 250.16760254
v 29.75527954 -11.40199471 250.27059937
v 29.75527954 -11.40187931 250.27105713
v 29.75527954 -11.83990288 250.56350708
v 29.75527954 -11.83972645 250.56382751
v 29.75527954 -12.13235760 251.00170898
v 29.75527954 -12.13221359 251.00186157
v 29.75527954 -12.23481846 251.51849365
v 29.75527954 12.46517849 251.50720215
v 29.75527954 12.36233044 250.99050903
v 29.75527954 12.36218643 250.99066162
v 29.75527954 12.06937122 250.55284119
v 29.75527954 12.06954765 250.55252075
v 29.75527954 11.63130569 250.26039124
v 29.75527954 11.63142109 250.25994873
v 29.75527954 11.11467361 250.15783691
v 29.75527954 11.11467361 250.15733337
v 29.75527954 10.59800243 250.26033020
v 29.75527954 10.59811783 250.26078796
v 29.75527954 10.16009426 250.55323792
v 29.75527954 10.16027164 250.55355835
v 29.75527954 9.86764050 250.99143982
v 29.75527954 9.86778355 250.99159241
v 29.75527954 9.76517868 251.50822449
v 29.75527954 -19.97047997 248.72184753
v 29.75527954 20.19822502 248.70309448
v 29.75527954 -19.21461487 248.59750366
v 29.75527954 19.44224358 248.57946777
v 29.75527954 -18.51488113 248.28579712
v 29.75527954 18.74221802 248.26840210
v 29.75527954 -17.91689873 247.80703735
v 29.75527954 18.14379120 247.79020691
v 29.75527954 -17.45965767 247.19244385
v 29.75527954 17.68597603 247.17604065
v 29.75527954 -17.17296982 246.48208618
v 29.75527954 17.39862442 246.46595764
v 29.75527954 -17.07552528 245.72229004
v 29.75527954 17.30047035 245.70623779
v 29.75527954 17.26647949 172.89195251
v 29.75527954 17.15750504 170.96755981
v 29.75527954 16.83375359 169.06747437
v 29.75527954 16.29929543 167.21557617
v 29.75527954 15.56085014 165.43516541
v 29.75527954 14.62770557 163.74862671
v 29.75527954 13.51159573 162.17716980
v 29.75527954 12.22655678 160.74055481
v 29.75527954 10.78874874 159.45686340
v 29.75527954 9.21625233 158.34222412
v 29.75527954 7.52884388 157.41064453
v 29.75527954 5.74774265 156.67387390
v 29.75527954 3.89534712 156.14114380
v 29.75527954 1.99495220 155.81915283
v 29.75527954 0.07045657 155.71199036
v 29.75527954 -1.85393822 155.82095337
v 29.75527954 -3.75403166 156.14471436
v 29.75527954 -5.60592890 156.67916870
v 29.75527954 -7.38634157 157.41761780
v 29.75527954 -9.07287979 158.35075378
v 29.75527954 -10.64433479 159.46687317
v 29.75527954 -12.08094311 160.75190735
v 29.75527954 -13.36464024 162.18971252
v 29.75527954 -14.47928238 163.76220703
v 29.75527954 -15.41085243 165.44961548
v 29.75527954 -16.14763451 167.23071289
v 29.75527954 -16.68036461 169.08311462
v 29.75527954 -17.00234222 170.98350525
v 29.75527954 -17.10951805 172.90800476
v 29.75527954 20.22554207 273.70358276
v 29.75527954 20.12781906 274.32153320
v 29.75527954 20.12794304 274.32165527
v 29.75527954 19.84394836 274.87908936
v 29.75527954 19.84412384 274.87933350
v 29.75527954 19.40170479 275.32162476
v 29.75527954 19.40186691 275.32202148
v 29.75527954 18.84436798 275.60586548
v 29.75527954 18.84446335 275.60635376
v 29.75527954 18.22647476 275.70401001
v 29.75527954 18.22647476 275.70452881
v 29.75527954 14.72647572 275.70565796
v 29.75527954 -14.47352123 275.71929932
v 29.75527954 14.72479439 272.10565186
v 29.75527954 -14.47520161 272.11929321
v 29.75527954 -17.97352028 275.72143555
v 29.75527954 -17.97352028 275.72091675
v 29.75527954 -18.59160042 275.62380981
v 29.75527954 -18.59150505 275.62335205
v 29.75527954 -19.14926910 275.33999634
v 29.75527954 -19.14910698 275.33963013
v 29.75527954 -19.59193993 274.89773560
v 29.75527954 -19.59176254 274.89749146
v 29.75527954 -19.87627792 274.34033203
v 29.75527954 -19.87615585 274.34020996
v 29.75527954 -19.97445488 273.72235107
v 33.05527878 -5.30492115 164.41998291
v 34.55527878 -5.30492115 164.41998291
v 33.05527878 -5.20332479 165.12426758
v 34.55527878 -5.20332479 165.12426758
v 33.05527878 -5.30426359 165.82864380
v 34.55527878 -5.30426359 165.82864380
v 34.55527878 -5.59955978 166.47605896
v 33.05527878 -5.60082150 163.77285767
v 34.55527878 -5.60082150 163.77285767
v 33.05527878 -6.06705475 163.23530579
v 34.55527878 -6.06705475 163.23530579
v 33.05527878 -6.66584873 162.85087585
v 34.55527878 -6.66584873 162.85087585
v 33.05527878 -7.34869242 162.65072632
v 34.55527878 -7.34869242 162.65072632
v 33.05527878 -8.06026649 162.65104675
v 34.55527878 -8.06026649 162.65104675
v 33.05527878 -8.74292374 162.85183716
v 34.55527878 -8.74292374 162.85183716
v 33.05527878 -9.34135818 163.23683167
v 34.55527878 -9.34135818 163.23683167
v 33.05527878 -9.80708885 163.77482605
v 34.55527878 -9.80708885 163.77482605
v 33.05527878 -10.10238552 164.42222595
v 34.55527878 -10.10238552 164.42222595
v 33.05527878 -10.20332432 165.12660217
v 34.55527878 -10.20332432 165.12660217
v 33.05527878 -10.10172749 165.83088684
v 34.55527878 -10.10172749 165.83088684
v 33.05527878 -9.80582714 166.47802734
v 34.55527878 -9.80582714 166.47802734
v 33.05527878 -9.33959389 167.01557922
v 34.55527878 -9.33959389 167.01557922
v 33.05527878 -8.74079990 167.40000916
v 34.55527878 -8.74079990 167.40000916
v 33.05527878 -8.05795574 167.60015869
v 34.55527878 -8.05795574 167.60015869
v 33.05527878 -7.34638214 167.59982300
v 34.55527878 -7.34638214 167.59982300
v 33.05527878 -6.66372538 167.39903259
v 34.55527878 -6.66372538 167.39903259
v 33.05527878 -6.06529045 167.01405334
v 34.55527878 -6.06529045 167.01405334
v 33.05527878 -5.59955978 166.47605896
v 33.05527878 10.25868893 179.96907043
v 34.55527878 10.25868893 179.96907043
v 33.05527878 10.36028481 180.67335510
v 34.55527878 10.36028481 180.67335510
v 33.05527878 10.25934601 181.37773132
v 34.55527878 10.25934601 181.37773132
v 34.55527878 9.96405029 182.02514648
v 33.05527878 9.96278763 179.32194519
v 34.55527878 9.96278763 179.32194519
v 33.05527878 9.49655533 178.78439331
v 34.55527878 9.49655533 178.78439331
v 33.05527878 8.89776134 178.39996338
v 34.55527878 8.89776134 178.39996338
v 33.05527878 8.21491718 178.19979858
v 34.55527878 8.21491718 178.19979858
v 33.05527878 7.50334311 178.20013428
v 34.55527878 7.50334311 178.20013428
v 33.05527878 6.82068634 178.40092468
v 34.55527878 6.82068634 178.40092468
v 33.05527878 6.22225189 178.78591919
v 34.55527878 6.22225189 178.78591919
v 33.05527878 5.75652075 179.32389832
v 34.55527878 5.75652075 179.32389832
v 33.05527878 5.46122456 179.97131348
v 34.55527878 5.46122456 179.97131348
v 33.05527878 5.36028576 180.67568970
v 34.55527878 5.36028576 180.67568970
v 33.05527878 5.46188211 181.37997437
v 34.55527878 5.46188211 181.37997437
v 33.05527878 5.75778294 182.02711487
v 34.55527878 5.75778294 182.02711487
v 33.05527878 6.22401571 182.56466675
v 34.55527878 6.22401571 182.56466675
v 33.05527878 6.82280970 182.94909668
v 34.55527878 6.82280970 182.94909668
v 33.05527878 7.50565338 183.14924622
v 34.55527878 7.50565338 183.14924622
v 33.05527878 8.21722794 183.14891052
v 34.55527878 8.21722794 183.14891052
v 33.05527878 8.89988422 182.94812012
v 34.55527878 8.89988422 182.94812012
v 33.05527878 9.49831867 182.56314087
v 34.55527878 9.49831867 182.56314087
v 33.05527878 9.96405029 182.02514648
v 33.05527878 13.47688293 172.18939209
v 34.55527878 13.47688293 172.18939209
v 33.05527878 13.57847881 172.89367676
v 34.55527878 13.57847881 172.89367676
v 33.05527878 13.47754002 173.59805298
v 34.55527878 13.47754002 173.59805298
v 34.55527878 13.18224430 174.24546814
v 33.05527878 13.18098164 171.54226685
v 34.55527878 13.18098164 171.54226685
v 33.05527878 12.71474934 171.00471497
v 34.55527878 12.71474934 171.00471497
v 33.05527878 12.11595535 170.62028503
v 34.55527878 12.11595535 170.62028503
v 33.05527878 11.43311119 170.42012024
v 34.55527878 11.43311119 170.42012024
v 33.05527878 10.72153664 170.42045593
v 34.55527878 10.72153664 170.42045593
v 33.05527878 10.03888035 170.62124634
v 34.55527878 10.03888035 170.62124634
v 33.05527878 9.44044590 171.00624084
v 34.55527878 9.44044590 171.00624084
v 33.05527878 8.97471428 171.54421997
v 34.55527878 8.97471428 171.54421997
v 33.05527878 8.67941856 172.19163513
v 34.55527878 8.67941856 172.19163513
v 33.05527878 8.57847977 172.89601135
v 34.55527878 8.57847977 172.89601135
v 33.05527878 8.68007565 173.60029602
v 34.55527878 8.68007565 173.60029602
v 33.05527878 8.97597694 174.24743652
v 34.55527878 8.97597694 174.24743652
v 33.05527878 9.44220924 174.78498840
v 34.55527878 9.44220924 174.78498840
v 33.05527878 10.04100323 175.16941833
v 34.55527878 10.04100323 175.16941833
v 33.05527878 10.72384739 175.36956787
v 34.55527878 10.72384739 175.36956787
v 33.05527878 11.43542194 175.36923218
v 34.55527878 11.43542194 175.36923218
v 33.05527878 12.11807823 175.16844177
v 34.55527878 12.11807823 175.16844177
v 33.05527878 12.71651268 174.78346252
v 34.55527878 12.71651268 174.78346252
v 33.05527878 13.18224430 174.24546814
v 33.05527878 -5.29765892 179.97633362
v 34.55527878 -5.29765892 179.97633362
v 33.05527878 -5.19606256 180.68061829
v 34.55527878 -5.19606256 180.68061829
v 33.05527878 -5.29700089 181.38499451
v 34.55527878 -5.29700089 181.38499451
v 34.55527878 -5.59229755 182.03240967
v 33.05527878 -5.59355927 179.32920837
v 34.55527878 -5.59355927 179.32920837
v 33.05527878 -6.05979252 178.79165649
v 34.55527878 -6.05979252 178.79165649
v 33.05527878 -6.65858650 178.40722656
v 34.55527878 -6.65858650 178.40722656
v 33.05527878 -7.34143019 178.20706177
v 34.55527878 -7.34143019 178.20706177
v 33.05527878 -8.05300426 178.20739746
v 34.55527878 -8.05300426 178.20739746
v 33.05527878 -8.73566151 178.40818787
v 34.55527878 -8.73566151 178.40818787
v 33.05527878 -9.33409595 178.79318237
v 34.55527878 -9.33409595 178.79318237
v 33.05527878 -9.79982662 179.33116150
v 34.55527878 -9.79982662 179.33116150
v 33.05527878 -10.09512329 179.97857666
v 34.55527878 -10.09512329 179.97857666
v 33.05527878 -10.19606209 180.68295288
v 34.55527878 -10.19606209 180.68295288
v 33.05527878 -10.09446526 181.38723755
v 34.55527878 -10.09446526 181.38723755
v 33.05527878 -9.79856491 182.03437805
v 34.55527878 -9.79856491 182.03437805
v 33.05527878 -9.33233166 182.57192993
v 34.55527878 -9.33233166 182.57192993
v 33.05527878 -8.73353767 182.95634460
v 34.55527878 -8.73353767 182.95634460
v 33.05527878 -8.05069351 183.15650940
v 34.55527878 -8.05069351 183.15650940
v 33.05527878 -7.33911991 183.15617371
v 34.55527878 -7.33911991 183.15617371
v 33.05527878 -6.65646315 182.95538330
v 34.55527878 -6.65646315 182.95538330
v 33.05527878 -6.05802822 182.57040405
v 34.55527878 -6.05802822 182.57040405
v 33.05527878 -5.59229755 182.03240967
v 33.05527878 2.47174883 161.19453430
v 34.55527878 2.47174883 161.19453430
v 33.05527878 2.57334518 161.89881897
v 34.55527878 2.57334518 161.89881897
v 33.05527878 2.47240639 162.60319519
v 34.55527878 2.47240639 162.60319519
v 34.55527878 2.17710996 163.25061035
v 33.05527878 2.17584801 160.54739380
v 34.55527878 2.17584801 160.54739380
v 33.05527878 1.70961499 160.00984192
v 34.55527878 1.70961499 160.00984192
v 33.05527878 1.11082113 159.62541199
v 34.55527878 1.11082113 159.62541199
v 33.05527878 0.42797720 159.42526245
v 34.55527878 0.42797720 159.42526245
v 33.05527878 -0.28359693 159.42559814
v 34.55527878 -0.28359693 159.42559814
v 33.05527878 -0.96625370 159.62638855
v 34.55527878 -0.96625370 159.62638855
v 33.05527878 -1.56468832 160.01136780
v 34.55527878 -1.56468832 160.01136780
v 33.05527878 -2.03041935 160.54936218
v 34.55527878 -2.03041935 160.54936218
v 33.05527878 -2.32571554 161.19677734
v 34.55527878 -2.32571554 161.19677734
v 33.05527878 -2.42665434 161.90115356
v 34.55527878 -2.42665434 161.90115356
v 33.05527878 -2.32505798 162.60543823
v 34.55527878 -2.32505798 162.60543823
v 33.05527878 -2.02915740 163.25256348
v 34.55527878 -2.02915740 163.25256348
v 33.05527878 -1.56292427 163.79011536
v 34.55527878 -1.56292427 163.79011536
v 33.05527878 -0.96413046 164.17454529
v 34.55527878 -0.96413046 164.17454529
v 33.05527878 -0.28128651 164.37471008
v 34.55527878 -0.28128651 164.37471008
v 33.05527878 0.43028760 164.37437439
v 34.55527878 0.43028760 164.37437439
v 33.05527878 1.11294436 164.17358398
v 34.55527878 1.11294436 164.17358398
v 33.05527878 1.71137905 163.78858948
v 34.55527878 1.71137905 163.78858948
v 33.05527878 2.17710996 163.25061035
v 33.05527878 2.48201919 183.19453430
v 34.55527878 2.48201919 183.19453430
v 33.05527878 2.58361554 183.89881897
v 34.55527878 2.58361554 183.89881897
v 33.05527878 2.48267674 184.60319519
v 34.55527878 2.48267674 184.60319519
v 34.55527878 2.18738031 185.25059509
v 33.05527878 2.18611836 182.54739380
v 34.55527878 2.18611836 182.54739380
v 33.05527878 1.71988535 182.00984192
v 34.55527878 1.71988535 182.00984192
v 33.05527878 1.12109149 181.62541199
v 34.55527878 1.12109149 181.62541199
v 33.05527878 0.43824756 181.42526245
v 34.55527878 0.43824756 181.42526245
v 33.05527878 -0.27332655 181.42559814
v 34.55527878 -0.27332655 181.42559814
v 33.05527878 -0.95598334 181.62638855
v 34.55527878 -0.95598334 181.62638855
v 33.05527878 -1.55441797 182.01136780
v 34.55527878 -1.55441797 182.01136780
v 33.05527878 -2.02014875 182.54936218
v 34.55527878 -2.02014875 182.54936218
v 33.05527878 -2.31544518 183.19676208
v 34.55527878 -2.31544518 183.19676208
v 33.05527878 -2.41638398 183.90115356
v 34.55527878 -2.41638398 183.90115356
v 33.05527878 -2.31478763 184.60543823
v 34.55527878 -2.31478763 184.60543823
v 33.05527878 -2.01888680 185.25256348
v 34.55527878 -2.01888680 185.25256348
v 33.05527878 -1.55265391 185.79011536
v 34.55527878 -1.55265391 185.79011536
v 33.05527878 -0.95386010 186.17454529
v 34.55527878 -0.95386010 186.17454529
v 33.05527878 -0.27101615 186.37469482
v 34.55527878 -0.27101615 186.37469482
v 33.05527878 0.44055799 186.37437439
v 34.55527878 0.44055799 186.37437439
v 33.05527878 1.12321472 186.17356873
v 34.55527878 1.12321472 186.17356873
v 33.05527878 1.72164941 185.78858948
v 34.55527878 1.72164941 185.78858948
v 33.05527878 2.18738031 185.25059509
v 33.05527878 10.25142670 164.41271973
v 34.55527878 10.25142670 164.41271973
v 33.05527878 10.35302258 165.11700439
v 34.55527878 10.35302258 165.11700439
v 33.05527878 10.25208378 165.82139587
v 34.55527878 10.25208378 165.82139587
v 34.55527878 9.95678806 166.46879578
v 33.05527878 9.95552540 163.76559448
v 34.55527878 9.95552540 163.76559448
v 33.05527878 9.48929310 163.22804260
v 34.55527878 9.48929310 163.22804260
v 33.05527878 8.89049911 162.84361267
v 34.55527878 8.89049911 162.84361267
v 33.05527878 8.20765495 162.64346313
v 34.55527878 8.20765495 162.64346313
v 33.05527878 7.49608088 162.64378357
v 34.55527878 7.49608088 162.64378357
v 33.05527878 6.81342411 162.84458923
v 34.55527878 6.81342411 162.84458923
v 33.05527878 6.21498966 163.22956848
v 34.55527878 6.21498966 163.22956848
v 33.05527878 5.74925852 163.76756287
v 34.55527878 5.74925852 163.76756287
v 33.05527878 5.45396233 164.41496277
v 34.55527878 5.45396233 164.41496277
v 33.05527878 5.35302353 165.11933899
v 34.55527878 5.35302353 165.11933899
v 33.05527878 5.45461988 165.82362366
v 34.55527878 5.45461988 165.82362366
v 33.05527878 5.75052071 166.47076416
v 34.55527878 5.75052071 166.47076416
v 33.05527878 6.21675348 167.00831604
v 34.55527878 6.21675348 167.00831604
v 33.05527878 6.81554747 167.39274597
v 34.55527878 6.81554747 167.39274597
v 33.05527878 7.49839115 167.59289551
v 34.55527878 7.49839115 167.59289551
v 33.05527878 8.20996571 167.59255981
v 34.55527878 8.20996571 167.59255981
v 33.05527878 8.89262199 167.39176941
v 34.55527878 8.89262199 167.39176941
v 33.05527878 9.49105644 167.00679016
v 34.55527878 9.49105644 167.00679016
v 33.05527878 9.95678806 166.46879578
v 33.05527878 -8.52311516 172.19966125
v 34.55527878 -8.52311516 172.19966125
v 33.05527878 -8.42151833 172.90394592
v 34.55527878 -8.42151833 172.90394592
v 33.05527878 -8.52245712 173.60832214
v 34.55527878 -8.52245712 173.60832214
v 34.55527878 -8.81775379 174.25573730
v 33.05527878 -8.81901550 171.55253601
v 34.55527878 -8.81901550 171.55253601
v 33.05527878 -9.28524876 171.01498413
v 34.55527878 -9.28524876 171.01498413
v 33.05527878 -9.88404274 170.63055420
v 34.55527878 -9.88404274 170.63055420
v 33.05527878 -10.56688595 170.43040466
v 34.55527878 -10.56688595 170.43040466
v 33.05527878 -11.27846050 170.43072510
v 34.55527878 -11.27846050 170.43072510
v 33.05527878 -11.96111774 170.63151550
v 34.55527878 -11.96111774 170.63151550
v 33.05527878 -12.55955219 171.01651001
v 34.55527878 -12.55955219 171.01651001
v 33.05527878 -13.02528286 171.55450439
v 34.55527878 -13.02528286 171.55450439
v 33.05527878 -13.32057953 172.20190430
v 34.55527878 -13.32057953 172.20190430
v 33.05527878 -13.42151833 172.90628052
v 34.55527878 -13.42151833 172.90628052
v 33.05527878 -13.31992149 173.61056519
v 34.55527878 -13.31992149 173.61056519
v 33.05527878 -13.02402115 174.25770569
v 34.55527878 -13.02402115 174.25770569
v 33.05527878 -12.55778790 174.79525757
v 34.55527878 -12.55778790 174.79525757
v 33.05527878 -11.95899391 175.17968750
v 34.55527878 -11.95899391 175.17968750
v 33.05527878 -11.27614975 175.37983704
v 34.55527878 -11.27614975 175.37983704
v 33.05527878 -10.56457615 175.37950134
v 34.55527878 -10.56457615 175.37950134
v 33.05527878 -9.88191891 175.17871094
v 34.55527878 -9.88191891 175.17871094
v 33.05527878 -9.28348446 174.79373169
v 34.55527878 -9.28348446 174.79373169
v 33.05527878 -8.81775379 174.25573730
v 34.55527878 -17.10951805 172.90800476
v 34.55527878 -17.00234222 170.98350525
v 34.55527878 -16.68036461 169.08311462
v 34.55527878 -16.14763451 167.23071289
v 34.55527878 -15.41085243 165.44961548
v 34.55527878 -14.47928238 163.76220703
v 34.55527878 -13.36464024 162.18971252
v 34.55527878 -12.08094311 160.75190735
v 34.55527878 -10.64433479 159.46687317
v 34.55527878 -9.07287979 158.35075378
v 34.55527878 -7.38634157 157.41761780
v 34.55527878 -5.60592890 156.67916870
v 34.55527878 -3.75403166 156.14471436
v 34.55527878 -1.85393822 155.82095337
v 34.55527878 0.07045657 155.71199036
v 34.55527878 1.99495220 155.81915283
v 34.55527878 3.89534712 156.14114380
v 34.55527878 5.74774265 156.67387390
v 34.55527878 7.52884388 157.41064453
v 34.55527878 9.21625233 158.34222412
v 34.55527878 10.78874874 159.45686340
v 34.55527878 12.22655678 160.74055481
v 34.55527878 13.51159573 162.17716980
v 34.55527878 14.62770557 163.74862671
v 34.55527878 15.56085014 165.43516541
v 34.55527878 16.29929543 167.21557617
v 34.55527878 16.83375359 169.06747437
v 34.55527878 17.15750504 170.96755981
v 34.55527878 17.26647949 172.89195251
v 34.55527878 -17.07552528 245.72229004
v 34.55527878 -3.04514241 168.86848450
v 34.55527878 -2.16966701 168.32223511
v 34.55527878 -1.20215213 167.96337891
v 34.55527878 -0.18220800 167.80665588
v 34.55527878 3.59048581 169.20190430
v 34.55527878 2.77417612 168.57063293
v 34.55527878 5.17848015 172.89759827
v 34.55527878 5.07456207 173.92427063
v 34.55527878 4.76610374 174.90901184
v 34.55527878 17.30047035 245.70623779
v 34.55527878 11.46981049 249.03311157
v 34.55527878 10.75823593 249.03344727
v 34.55527878 10.07557964 249.23423767
v 34.55527878 9.47714520 249.61923218
v 34.55527878 9.01141357 250.15721130
v 34.55527878 8.71611786 250.80462646
v 34.55527878 -8.48641586 250.81265259
v 34.55527878 -8.78231621 250.16552734
v 34.55527878 17.39928818 246.46847534
v 34.55527878 13.51358223 250.80238342
v 34.55527878 13.21768093 250.15525818
v 34.55527878 12.75144863 249.61770630
v 34.55527878 17.68853951 247.18058777
v 34.55527878 17.06070900 254.33050537
v 34.55527878 16.37805367 254.53129578
v 34.55527878 15.77961826 254.91629028
v 34.55527878 18.14923859 247.79582214
v 34.55527878 17.77228355 254.33018494
v 34.55527878 18.75114632 248.27380371
v 34.55527878 18.45512772 254.53033447
v 34.55527878 19.45475197 248.58316040
v 34.55527878 19.05392265 254.91476440
v 34.55527878 19.52015495 255.45231628
v 34.55527878 20.21387100 248.70359802
v 34.55527878 19.81605530 256.09945679
v 34.55527878 19.91765213 256.80374146
v 34.55527878 20.22554207 273.70358276
v 34.55527878 19.81671333 257.50811768
v 34.55527878 19.52141762 258.15551758
v 34.55527878 19.05568504 258.69351196
v 34.55527878 18.45725060 259.07849121
v 34.55527878 18.84446335 275.60635376
v 34.55527878 17.77459526 259.27929688
v 34.55527878 18.22647476 275.70452881
v 34.55527878 17.06302071 259.27960205
v 34.55527878 16.38017654 259.07946777
v 34.55527878 12.62264729 267.50662231
v 34.55527878 15.78138256 258.69503784
v 34.55527878 15.31514931 258.15747070
v 34.55527878 12.52105141 266.80233765
v 34.55527878 15.01924896 257.51034546
v 34.55527878 12.22515011 266.15521240
v 34.55527878 12.75321198 253.39645386
v 34.55527878 12.15477753 253.78143311
v 34.55527878 11.75891781 265.61767578
v 34.55527878 11.47212124 253.98222351
v 34.55527878 11.16012383 265.23324585
v 34.55527878 10.76054668 253.98255920
v 34.55527878 10.47727966 265.03308105
v 34.55527878 10.07770252 253.78240967
v 34.55527878 9.76570606 265.03341675
v 34.55527878 9.47890854 253.39797974
v 34.55527878 9.08304882 265.23422241
v 34.55527878 9.01267624 252.86042786
v 34.55527878 8.48461437 265.61920166
v 34.55527878 8.71677494 252.21328735
v 34.55527878 8.01888371 266.15719604
v 34.55527878 7.72358704 266.80459595
v 34.55527878 20.12794304 274.32165527
v 34.55527878 19.84412384 274.87933350
v 34.55527878 19.40186691 275.32202148
v 34.55527878 -17.97352028 275.72143555
v 34.55527878 -8.83775139 269.79074097
v 34.55527878 9.08517170 269.78237915
v 34.55527878 9.76801586 269.98251343
v 34.55527878 -18.59160042 275.62380981
v 34.55527878 -17.53697586 259.29577637
v 34.55527878 -16.82540131 259.29544067
v 34.55527878 -16.14274597 259.09463501
v 34.55527878 -19.14926910 275.33999634
v 34.55527878 -19.97445488 273.72235107
v 34.55527878 -18.21982002 259.09561157
v 34.55527878 -19.59193993 274.89773560
v 34.55527878 -19.87627792 274.34033203
v 34.55527878 -19.98612595 248.72235107
v 34.55527878 -19.68234444 256.82220459
v 34.55527878 -19.58074760 257.52648926
v 34.55527878 -19.28484726 258.17364502
v 34.55527878 -19.22711945 248.60122681
v 34.55527878 -19.28610802 255.47042847
v 34.55527878 -19.58140564 256.11782837
v 34.55527878 -18.52380180 248.29121399
v 34.55527878 -18.22194290 254.54745483
v 34.55527878 -18.82037735 254.93243408
v 34.55527878 -17.53928566 254.34666443
v 34.55527878 -17.92234230 247.81266785
v 34.55527878 -16.82771301 254.34632874
v 34.55527878 -17.46221733 247.19699097
v 34.55527878 -17.17362976 246.48461914
v 34.55527878 -13.28388023 250.81489563
v 34.55527878 -13.38481903 251.51927185
v 34.55527878 -15.54607487 254.93090820
v 34.55527878 -15.07984161 255.46846008
v 34.55527878 -13.28322220 252.22355652
v 34.55527878 -14.78394032 256.11560059
v 34.55527878 -12.98732185 252.87069702
v 34.55527878 -14.68234444 256.81988525
v 34.55527878 -12.52108860 253.40824890
v 34.55527878 -14.78328323 257.52426147
v 34.55527878 -11.98111439 266.16653442
v 34.55527878 -12.27641106 266.81393433
v 34.55527878 -4.99559355 172.38639832
v 34.55527878 -4.78834200 171.37550354
v 34.55527878 -4.38184214 170.42701721
v 34.55527878 -3.79273629 169.57978821
v 34.55527878 4.26573372 175.81149292
v 34.55527878 3.59393716 176.59478760
v 34.55527878 2.77821708 177.22680664
v 34.55527878 1.85196984 177.68168640
v 34.55527878 5.07360363 171.87103271
v 34.55527878 -3.78963470 176.22378540
v 34.55527878 -3.04137683 176.93440247
v 34.55527878 -2.16539192 177.47982788
v 34.55527878 -1.19754243 177.83776855
v 34.55527878 -0.17745240 177.99356079
v 34.55527878 0.85311550 177.94081116
v 34.55527878 -4.37953138 175.37710571
v 34.55527878 -4.78691626 174.42900085
v 34.55527878 -4.99511147 173.41830444
v 34.55527878 -11.24176121 249.04371643
v 34.55527878 -10.53018665 249.04339600
v 34.55527878 -9.84734344 249.24354553
v 34.55527878 -9.24854946 249.62797546
v 34.55527878 0.84840870 167.85842896
v 34.55527878 1.84750450 168.11662292
v 34.55527878 4.26301336 169.98455811
v 34.55527878 4.76422596 170.88658142
v 34.55527878 7.62264824 267.50897217
v 34.55527878 -7.37735033 267.51596069
v 34.55527878 -7.47894669 266.81167603
v 34.55527878 -8.38481903 251.51693726
v 34.55527878 -8.48575783 252.22131348
v 34.55527878 -7.77484751 266.16455078
v 34.55527878 -8.24108028 265.62701416
v 34.55527878 7.72424459 268.21325684
v 34.55527878 -7.47828913 268.22033691
v 34.55527878 8.02014542 268.86038208
v 34.55527878 -7.77358532 268.86776733
v 34.55527878 8.48637867 269.39794922
v 34.55527878 -8.23931599 269.40576172
v 34.55527878 10.47959042 269.98217773
v 34.55527878 11.16224670 269.78140259
v 34.55527878 11.76068115 269.39642334
v 34.55527878 12.22641277 268.85842896
v 34.55527878 12.52170849 268.21102905
v 34.55527878 -8.78105450 252.86872864
v 34.55527878 -8.83987427 265.24258423
v 34.55527878 -9.24678516 253.40672302
v 34.55527878 -9.52271843 265.04241943
v 34.55527878 -9.84521961 253.79170227
v 34.55527878 -10.23429203 265.04275513
v 34.55527878 -10.52787685 253.99249268
v 34.55527878 -10.91694927 265.24353027
v 34.55527878 -11.23945045 253.99282837
v 34.55527878 -11.51538372 265.62854004
v 34.55527878 -11.92229462 253.79267883
v 34.55527878 -15.07857990 258.17166138
v 34.55527878 -12.37734985 267.51831055
v 34.55527878 -15.54431057 258.70965576
v 34.55527878 -12.27575302 268.22259521
v 34.55527878 -11.97985268 268.86972046
v 34.55527878 -11.51361942 269.40728760
v 34.55527878 -10.91482544 269.79171753
v 34.55527878 -10.23198223 269.99185181
v 34.55527878 -9.52040768 269.99151611
v 34.55527878 8.61517906 251.50900269
v 34.55527878 -11.92441845 249.24450684
v 34.55527878 -12.52285290 249.62950134
v 34.55527878 -12.98858356 250.16749573
v 34.55527878 13.61517811 251.50666809
v 34.55527878 15.31388760 255.45426941
v 34.55527878 12.15265465 249.23327637
v 34.55527878 14.91765213 256.80606079
v 34.55527878 13.21894360 252.85845947
v 34.55527878 15.01859093 256.10168457
v 34.55527878 13.51423931 252.21104431
v 34.55527878 -16.14486885 254.54647827
v 34.55527878 -18.81861305 258.71118164
v 29.75527954 20.20343971 248.70327759
v 29.75527954 20.20865440 248.70343018
v 29.75527954 20.21387100 248.70359802
v 29.75527954 -19.98612595 248.72235107
v 29.75527954 -19.98090935 248.72219849
v 29.75527954 -19.97569466 248.72203064
v 33.05527878 19.81605530 256.09945679
v 33.05527878 19.91765213 256.80374146
v 33.05527878 18.76765251 256.80426025
v 33.05527878 19.81671333 257.50811768
v 33.05527878 18.66513062 257.32092285
v 33.05527878 19.52141762 258.15551758
v 33.05527878 18.37269211 257.75903320
v 33.05527878 19.05568504 258.69351196
v 33.05527878 17.93485641 258.05187988
v 33.05527878 18.45725060 259.07849121
v 33.05527878 17.77459526 259.27929688
v 33.05527878 17.41828156 258.15490723
v 33.05527878 17.06302071 259.27960205
v 33.05527878 16.90161133 258.05236816
v 33.05527878 16.38017654 259.07946777
v 33.05527878 15.78138256 258.69503784
v 33.05527878 16.46350288 257.75994873
v 33.05527878 15.31514931 258.15747070
v 33.05527878 16.17065620 257.32211304
v 33.05527878 15.01924896 257.51034546
v 33.05527878 16.06765175 256.80554199
v 33.05527878 14.91765213 256.80606079
v 33.05527878 15.01859093 256.10168457
v 33.05527878 16.17017365 256.28884888
v 33.05527878 15.31388760 255.45426941
v 33.05527878 16.46261215 255.85075378
v 33.05527878 15.77961826 254.91629028
v 33.05527878 16.90044785 255.55790710
v 33.05527878 16.37805367 254.53129578
v 33.05527878 17.06070900 254.33050537
v 33.05527878 17.41702271 255.45489502
v 33.05527878 17.77228355 254.33018494
v 33.05527878 17.93369293 255.55741882
v 33.05527878 18.45512772 254.53033447
v 33.05527878 19.05392265 254.91476440
v 33.05527878 18.37180138 255.84985352
v 33.05527878 19.52015495 255.45231628
v 33.05527878 18.66464806 256.28768921
v 33.05527878 -7.47894669 266.81167603
v 33.05527878 -7.37735033 267.51596069
v 33.05527878 -8.52735043 267.51651001
v 33.05527878 -7.47828913 268.22033691
v 33.05527878 -8.62987137 268.03317261
v 33.05527878 -7.77358532 268.86776733
v 33.05527878 -8.92230988 268.47128296
v 33.05527878 -8.23931599 269.40576172
v 33.05527878 -9.36014557 268.76412964
v 33.05527878 -8.83775139 269.79074097
v 33.05527878 -9.52040768 269.99151611
v 33.05527878 -9.87671947 268.86712646
v 33.05527878 -10.23198223 269.99185181
v 33.05527878 -10.39339066 268.76461792
v 33.05527878 -10.91482544 269.79171753
v 33.05527878 -11.51361942 269.40728760
v 33.05527878 -10.83149815 268.47216797
v 33.05527878 -11.97985268 268.86972046
v 33.05527878 -11.12434578 268.03433228
v 33.05527878 -12.27575302 268.22259521
v 33.05527878 -11.22735023 267.51776123
v 33.05527878 -12.37734985 267.51831055
v 33.05527878 -12.27641106 266.81393433
v 33.05527878 -11.12482834 267.00109863
v 33.05527878 -11.98111439 266.16653442
v 33.05527878 -10.83238983 266.56298828
v 33.05527878 -11.51538372 265.62854004
v 33.05527878 -10.39455509 266.27014160
v 33.05527878 -10.91694927 265.24353027
v 33.05527878 -10.23429203 265.04275513
v 33.05527878 -9.87798023 266.16714478
v 33.05527878 -9.52271843 265.04241943
v 33.05527878 -9.36131001 266.26965332
v 33.05527878 -8.83987427 265.24258423
v 33.05527878 -8.24108028 265.62701416
v 33.05527878 -8.92320156 266.56210327
v 33.05527878 -7.77484751 266.16455078
v 33.05527878 -8.63035393 266.99993896
v 33.05527878 -14.78394032 256.11560059
v 33.05527878 -14.68234444 256.81988525
v 33.05527878 -15.83234406 256.82040405
v 33.05527878 -14.78328323 257.52426147
v 33.05527878 -15.93486595 257.33709717
v 33.05527878 -15.07857990 258.17166138
v 33.05527878 -16.22730446 257.77520752
v 33.05527878 -15.54431057 258.70965576
v 33.05527878 -16.66514015 258.06805420
v 33.05527878 -16.14274597 259.09463501
v 33.05527878 -16.82540131 259.29544067
v 33.05527878 -17.18171310 258.17105103
v 33.05527878 -17.53697586 259.29577637
v 33.05527878 -17.69838524 258.06854248
v 33.05527878 -18.21982002 259.09561157
v 33.05527878 -18.81861305 258.71118164
v 33.05527878 -18.13649178 257.77609253
v 33.05527878 -19.28484726 258.17364502
v 33.05527878 -18.42934036 257.33825684
v 33.05527878 -19.58074760 257.52648926
v 33.05527878 -18.53234482 256.82168579
v 33.05527878 -19.68234444 256.82220459
v 33.05527878 -19.58140564 256.11782837
v 33.05527878 -18.42982292 256.30502319
v 33.05527878 -19.28610802 255.47042847
v 33.05527878 -18.13738441 255.86689758
v 33.05527878 -18.82037735 254.93243408
v 33.05527878 -17.69954872 255.57405090
v 33.05527878 -18.22194290 254.54745483
v 33.05527878 -17.53928566 254.34666443
v 33.05527878 -17.18297386 255.47105408
v 33.05527878 -16.82771301 254.34632874
v 33.05527878 -16.66630363 255.57357788
v 33.05527878 -16.14486885 254.54647827
v 33.05527878 -15.54607487 254.93090820
v 33.05527878 -16.22819519 255.86601257
v 33.05527878 -15.07984161 255.46846008
v 33.05527878 -15.93534756 256.30383301
v 33.05527878 12.52105141 266.80233765
v 33.05527878 12.62264729 267.50662231
v 33.05527878 11.47264767 267.50717163
v 33.05527878 12.52170849 268.21102905
v 33.05527878 11.37012672 268.02383423
v 33.05527878 12.22641277 268.85842896
v 33.05527878 11.07768726 268.46194458
v 33.05527878 11.76068115 269.39642334
v 33.05527878 10.63985252 268.75479126
v 33.05527878 11.16224670 269.78140259
v 33.05527878 10.47959042 269.98217773
v 33.05527878 10.12327766 268.85781860
v 33.05527878 9.76801586 269.98251343
v 33.05527878 9.60660744 268.75527954
v 33.05527878 9.08517170 269.78237915
v 33.05527878 8.48637867 269.39794922
v 33.05527878 9.16849899 268.46282959
v 33.05527878 8.02014542 268.86038208
v 33.05527878 8.87565136 268.02499390
v 33.05527878 7.72424459 268.21325684
v 33.05527878 8.77264786 267.50842285
v 33.05527878 7.62264824 267.50897217
v 33.05527878 7.72358704 266.80459595
v 33.05527878 8.87516975 266.99176025
v 33.05527878 8.01888371 266.15719604
v 33.05527878 9.16760826 266.55364990
v 33.05527878 8.48461437 265.61920166
v 33.05527878 9.60544300 266.26080322
v 33.05527878 9.08304882 265.23422241
v 33.05527878 9.76570606 265.03341675
v 33.05527878 10.12201786 266.15780640
v 33.05527878 10.47727966 265.03308105
v 33.05527878 10.63868809 266.26031494
v 33.05527878 11.16012383 265.23324585
v 33.05527878 11.75891781 265.61767578
v 33.05527878 11.07679653 266.55276489
v 33.05527878 12.22515011 266.15521240
v 33.05527878 11.36964417 266.99060059
v 33.05527878 13.51358223 250.80238342
v 33.05527878 13.61517811 251.50666809
v 33.05527878 12.46517849 251.50720215
v 33.05527878 13.51423931 252.21104431
v 33.05527878 12.36265659 252.02388000
v 33.05527878 13.21894360 252.85845947
v 33.05527878 12.07021809 252.46199036
v 33.05527878 12.75321198 253.39645386
v 33.05527878 11.63238335 252.75483704
v 33.05527878 12.15477753 253.78143311
v 33.05527878 11.47212124 253.98222351
v 33.05527878 11.11580849 252.85783386
v 33.05527878 10.76054668 253.98255920
v 33.05527878 10.59913826 252.75531006
v 33.05527878 10.07770252 253.78240967
v 33.05527878 9.47890854 253.39797974
v 33.05527878 10.16102982 252.46287537
v 33.05527878 9.01267624 252.86042786
v 33.05527878 9.86818218 252.02503967
v 33.05527878 8.71677494 252.21328735
v 33.05527878 9.76517868 251.50846863
v 33.05527878 8.61517906 251.50900269
v 33.05527878 8.71611786 250.80462646
v 33.05527878 9.86770058 250.99179077
v 33.05527878 9.01141357 250.15721130
v 33.05527878 10.16013908 250.55369568
v 33.05527878 9.47714520 249.61923218
v 33.05527878 10.59797382 250.26084900
v 33.05527878 10.07557964 249.23423767
v 33.05527878 10.75823593 249.03344727
v 33.05527878 11.11454868 250.15783691
v 33.05527878 11.46981049 249.03311157
v 33.05527878 11.63121891 250.26036072
v 33.05527878 12.15265465 249.23327637
v 33.05527878 12.75144863 249.61770630
v 33.05527878 12.06932735 250.55279541
v 33.05527878 13.21768093 250.15525818
v 33.05527878 12.36217499 250.99063110
v 33.05527878 -8.48641586 250.81265259
v 33.05527878 -8.38481903 251.51693726
v 33.05527878 -9.53481865 251.51747131
v 33.05527878 -8.48575783 252.22131348
v 33.05527878 -9.63734055 252.03414917
v 33.05527878 -8.78105450 252.86872864
v 33.05527878 -9.92977905 252.47225952
v 33.05527878 -9.24678516 253.40672302
v 33.05527878 -10.36761379 252.76510620
v 33.05527878 -9.84521961 253.79170227
v 33.05527878 -10.52787685 253.99249268
v 33.05527878 -10.88418865 252.86810303
v 33.05527878 -11.23945045 253.99282837
v 33.05527878 -11.40085888 252.76559448
v 33.05527878 -11.92229462 253.79267883
v 33.05527878 -12.52108860 253.40824890
v 33.05527878 -11.83896732 252.47314453
v 33.05527878 -12.98732185 252.87069702
v 33.05527878 -12.13181496 252.03530884
v 33.05527878 -13.28322220 252.22355652
v 33.05527878 -12.23481846 251.51873779
v 33.05527878 -13.38481903 251.51927185
v 33.05527878 -13.28388023 250.81489563
v 33.05527878 -12.13229752 251.00207520
v 33.05527878 -12.98858356 250.16749573
v 33.05527878 -11.83985901 250.56396484
v 33.05527878 -12.52285290 249.62950134
v 33.05527878 -11.40202427 250.27111816
v 33.05527878 -11.92441845 249.24450684
v 33.05527878 -11.24176121 249.04371643
v 33.05527878 -10.88544941 250.16810608
v 33.05527878 -10.53018665 249.04339600
v 33.05527878 -10.36877823 250.27062988
v 33.05527878 -9.84734344 249.24354553
v 33.05527878 -9.24854946 249.62797546
v 33.05527878 -9.93067074 250.56306458
v 33.05527878 -8.78231621 250.16552734
v 33.05527878 -9.63782310 251.00090027
v 29.75527954 -15.93487740 257.33712769
v 29.75527954 -16.22734833 257.77523804
v 29.75527954 -16.66522598 258.06808472
v 29.75527954 -17.18183899 258.17105103
v 29.75527954 -17.69852829 258.06848145
v 29.75527954 -18.13662529 257.77597046
v 29.75527954 -18.42942429 257.33804321
v 29.75527954 12.36264515 252.02391052
v 29.75527954 12.07017422 252.46203613
v 29.75527954 11.63229656 252.75486755
v 29.75527954 11.11568356 252.85783386
v 29.75527954 10.59899426 252.75526428
v 29.75527954 10.16089725 252.46273804
v 29.75527954 9.86809921 252.02484131
v 29.75527954 18.66511917 257.32095337
v 29.75527954 18.37264824 257.75909424
v 29.75527954 17.93477058 258.05194092
v 29.75527954 17.41815758 258.15490723
v 29.75527954 16.90146828 258.05230713
v 29.75527954 16.46337128 257.75979614
v 29.75527954 16.17057228 257.32189941
v 29.75527954 -9.63735294 252.03417969
v 29.75527954 -9.92982388 252.47230530
v 29.75527954 -10.36770058 252.76513672
v 29.75527954 -10.88431358 252.86810303
v 29.75527954 -11.40100384 252.76553345
v 29.75527954 -11.83909988 252.47302246
v 29.75527954 -12.13189888 252.03511047
v 29.75527954 -15.93502140 257.33697510
v 29.75527954 -16.22752571 257.77493286
v 29.75527954 -16.66534233 258.06762695
v 29.75527954 -17.18183899 258.17056274
v 29.75527954 -17.69841385 258.06802368
v 29.75527954 -18.13644791 257.77563477
v 29.75527954 -18.42928123 257.33789062
v 29.75527954 18.66497421 257.32080078
v 29.75527954 18.37247086 257.75875854
v 29.75527954 17.93465424 258.05148315
v 29.75527954 17.41815758 258.15438843
v 29.75527954 16.90158272 258.05184937
v 29.75527954 16.46354866 257.75949097
v 29.75527954 16.17071533 257.32174683
v 29.75527954 -9.63749599 252.03402710
v 29.75527954 -9.93000031 252.47198486
v 29.75527954 -10.36781597 252.76469421
v 29.75527954 -10.88431358 252.86761475
v 29.75527954 -11.40088844 252.76507568
v 29.75527954 -11.83892345 252.47268677
v 29.75527954 -12.13175583 252.03495789
v 29.75527954 12.36250114 252.02375793
v 29.75527954 12.06999683 252.46170044
v 29.75527954 11.63218117 252.75442505
v 29.75527954 11.11568356 252.85734558
v 29.75527954 10.59910965 252.75480652
v 29.75527954 10.16107464 252.46241760
v 29.75527954 9.86824226 252.02468872
v 29.75527954 -19.98612595 248.72186279
v 29.75527954 20.21387100 248.70309448
v 16.65528107 16.00737190 250.01812744
v 16.65528107 19.69779396 255.43977356
v 16.65528107 20.21387100 248.70309448
v 16.65528107 19.98263741 255.96351624
v 16.65528107 20.15828514 256.53323364
v 16.65528107 20.21780205 257.12646484
v 16.65528107 13.52597904 248.70620728
v 16.65528107 14.24904633 248.79431152
v 16.65528107 14.92956734 249.05406189
v 16.65528107 15.52742481 249.47018433
v 16.65528107 -19.98219299 257.14523315
v 16.65528107 -19.92322922 256.55197144
v 16.65528107 -19.98612595 248.72186279
v 16.65528107 -19.74811363 255.98207092
v 16.65528107 -19.46376038 255.45805359
v 16.65528107 -15.77840042 250.03295898
v 16.65528107 -15.29896545 249.48457336
v 16.65528107 -14.70149708 249.06790161
v 16.65528107 -14.02121830 248.80751038
v 16.65528107 -13.29823399 248.71873474
v 29.75527954 -19.97445488 273.72186279
v 22.75527954 -19.97445488 273.72186279
v 22.75527954 -19.87627983 274.33984375
v 22.75527954 -19.59193993 274.89724731
v 22.75527954 -19.14926910 275.33950806
v 22.75527954 -18.59160042 275.62332153
v 22.75527954 -17.97352028 275.72091675
v 22.75527954 -14.47352123 275.71929932
v 22.75527954 18.22647476 275.70401001
v 22.75527954 18.84446335 275.60583496
v 22.75527954 19.40186691 275.32150269
v 22.75527954 19.84412384 274.87884521
v 22.75527954 20.12794304 274.32116699
v 22.75527954 20.22554207 273.70309448
v 29.75527954 20.22554207 273.70309448
v 22.75527954 14.72647572 275.70565796
v 26.65528107 11.37012672 268.02383423
v 26.65528107 11.47264767 267.50717163
v 26.65528107 11.36964417 266.99060059
v 26.65528107 11.07679653 266.55276489
v 26.65528107 10.63868809 266.26031494
v 26.65528107 10.12201786 266.15780640
v 26.65528107 9.60544300 266.26080322
v 26.65528107 9.16760826 266.55364990
v 26.65528107 8.87516975 266.99176025
v 26.65528107 8.77264786 267.50842285
v 26.65528107 8.87565136 268.02499390
v 26.65528107 9.16849899 268.46282959
v 26.65528107 9.60660744 268.75527954
v 26.65528107 10.12327766 268.85781860
v 26.65528107 10.63985252 268.75479126
v 26.65528107 11.07768726 268.46194458
v 20.25527954 10.63985252 268.75479126
v 20.25527954 10.12327766 268.85781860
v 20.25527954 9.60660744 268.75527954
v 20.25527954 9.16849899 268.46282959
v 20.25527954 8.87565136 268.02499390
v 20.25527954 8.77264786 267.50842285
v 20.25527954 8.87516975 266.99176025
v 20.25527954 9.16760826 266.55364990
v 20.25527954 9.60544300 266.26080322
v 20.25527954 10.12201786 266.15780640
v 20.25527954 10.63868809 266.26031494
v 20.25527954 11.07679653 266.55276489
v 20.25527954 11.36964417 266.99060059
v 20.25527954 11.47264767 267.50717163
v 20.25527954 11.37012672 268.02383423
v 20.25527954 11.07768726 268.46194458
v 26.65528107 -8.62987137 268.03317261
v 26.65528107 -8.52735043 267.51651001
v 26.65528107 -8.63035393 266.99993896
v 26.65528107 -8.92320156 266.56210327
v 26.65528107 -9.36131001 266.26965332
v 26.65528107 -9.87798023 266.16714478
v 26.65528107 -10.39455509 266.27014160
v 26.65528107 -10.83238983 266.56298828
v 26.65528107 -11.12482834 267.00109863
v 26.65528107 -11.22735023 267.51776123
v 26.65528107 -11.12434578 268.03433228
v 26.65528107 -10.83149815 268.47216797
v 26.65528107 -10.39339066 268.76461792
v 26.65528107 -9.87671947 268.86712646
v 26.65528107 -9.36014557 268.76412964
v 26.65528107 -8.92230988 268.47128296
v 20.25527954 -9.36014557 268.76412964
v 20.25527954 -9.87671947 268.86712646
v 20.25527954 -10.39339066 268.76461792
v 20.25527954 -10.83149815 268.47216797
v 20.25527954 -11.12434578 268.03433228
v 20.25527954 -11.22735023 267.51776123
v 20.25527954 -11.12482834 267.00109863
v 20.25527954 -10.83238983 266.56298828
v 20.25527954 -10.39455509 266.27014160
v 20.25527954 -9.87798023 266.16714478
v 20.25527954 -9.36131001 266.26965332
v 20.25527954 -8.92320156 266.56210327
v 20.25527954 -8.63035393 266.99993896
v 20.25527954 -8.52735043 267.51651001
v 20.25527954 -8.62987137 268.03317261
v 20.25527954 -8.92230988 268.47128296
v 22.75527954 -14.46998501 283.29428101
v 22.75527954 -15.82207394 278.81991577
v 22.75527954 -15.92507744 278.30334473
v 22.75527954 -16.21792603 277.86550903
v 22.75527954 -19.96998405 283.29684448
v 22.75527954 -17.17144394 280.17053223
v 22.75527954 -16.65486908 280.06753540
v 22.75527954 -16.21703339 279.77468872
v 22.75527954 -18.52207375 278.82116699
v 22.75527954 -18.41955185 278.30450439
v 22.75527954 -18.12711334 277.86639404
v 22.75527954 -17.68927956 277.57354736
v 22.75527954 -17.17270470 277.47055054
v 22.75527954 -16.65603447 277.57305908
v 22.75527954 -18.41906929 279.33773804
v 22.75527954 -18.12622261 279.77557373
v 22.75527954 -17.68811417 280.06802368
v 22.75527954 -15.92459583 279.33657837
v 22.75527954 16.07792282 278.80502319
v 22.75527954 14.73001194 283.28063965
v 22.75527954 16.18092537 279.32159424
v 22.75527954 16.47377396 279.75942993
v 22.75527954 16.91071701 277.55740356
v 22.75527954 16.47288322 277.85025024
v 22.75527954 16.18044472 278.28836060
v 22.75527954 18.38207054 277.84936523
v 22.75527954 17.94396210 277.55691528
v 22.75527954 17.42729187 277.45440674
v 22.75527954 18.67491913 278.28720093
v 22.75527954 18.77792168 278.80377197
v 22.75527954 20.23001099 283.27807617
v 22.75527954 17.42855263 280.15438843
v 22.75527954 17.94512749 280.05139160
v 22.75527954 18.38296127 279.75854492
v 22.75527954 16.91188240 280.05187988
v 22.75527954 18.67539978 279.32043457
v 20.25527954 14.72479439 272.10565186
v 16.65528107 14.73001194 283.28063965
v 16.65528107 14.71639156 254.10565186
v 20.25527954 14.71639156 254.10565186
v 16.65528107 20.23001099 283.27807617
v 16.65528107 -19.96998405 283.29684448
v 16.65528107 -14.46998501 283.29428101
v 20.25527954 -14.47520161 272.11929321
v 16.65528107 -14.48360538 254.11929321
v 20.25527954 -14.48360538 254.11929321
v 16.65528107 -17.16243362 299.47055054
v 16.65528107 -17.67900848 299.57354736
v 16.65528107 -18.11684418 299.86639404
v 16.65528107 -14.38054752 260.66925049
v 16.65528107 -14.36056709 303.46923828
v 16.65528107 -15.91480732 300.30334473
v 16.65528107 -15.81180382 300.81991577
v 16.65528107 -15.91432476 301.33657837
v 16.65528107 -16.20676422 301.77468872
v 16.65528107 -16.64459801 302.06753540
v 16.65528107 -14.28426743 303.85189819
v 16.65528107 -15.45326900 308.94436646
v 16.65528107 -14.06734371 304.17620850
v 16.65528107 -13.74281883 304.39282227
v 16.65528107 -8.03351212 254.31628418
v 16.65528107 -8.41616058 254.39257812
v 16.65528107 -8.74048233 254.60949707
v 16.65528107 14.61944962 260.65570068
v 16.65528107 14.54315090 260.27304077
v 16.65528107 14.32622623 259.94873047
v 16.65528107 17.43756294 299.45440674
v 16.65528107 16.92098808 299.55740356
v 16.65528107 16.48315239 299.85025024
v 16.65528107 20.23846245 301.37969971
v 16.65528107 18.39234161 299.84936523
v 16.65528107 17.95423317 299.55691528
v 16.65528107 20.17949867 301.97299194
v 16.65528107 18.68567085 301.32043457
v 16.65528107 18.78819275 300.80377197
v 16.65528107 18.68518829 300.28720093
v 16.65528107 20.00438118 302.54287720
v 16.65528107 19.72002792 303.06689453
v 16.65528107 18.39323235 301.75854492
v 16.65528107 17.95539665 302.05139160
v 16.65528107 17.43882370 302.15438843
v 16.65528107 15.73724365 308.92980957
v 16.65528107 16.92215157 302.05187988
v 16.65528107 14.56348801 303.83840942
v 16.65528107 14.63943005 303.45568848
v 16.65528107 15.29251671 309.39868164
v 16.65528107 14.02254486 304.37985229
v 16.65528107 14.34686661 304.16293335
v 16.65528107 14.72149658 309.70126343
v 16.65528107 14.08380032 309.80596924
v 16.65528107 13.63989735 304.45617676
v 16.65528107 11.63989735 304.45709229
v 16.65528107 9.29169464 308.30819702
v 16.65528107 11.03170967 304.53744507
v 16.65528107 10.46504402 304.77249146
v 16.65528107 9.29099464 306.80819702
v 16.65528107 9.97851753 305.14617920
v 16.65528107 9.60528660 305.63305664
v 16.65528107 9.37078476 306.19992065
v 16.65528107 7.79239511 309.80889893
v 16.65528107 8.25588608 309.73526001
v 16.65528107 8.67393970 309.52200317
v 16.65528107 9.00563240 309.19000244
v 16.65528107 9.21849632 308.77175903
v 16.65528107 16.19071388 300.28836060
v 16.65528107 16.08819199 300.80502319
v 16.65528107 14.00170135 259.73211670
v 16.65528107 13.61898327 259.65615845
v 16.65528107 11.61898327 259.65710449
v 16.65528107 9.26695251 255.30819702
v 16.65528107 11.01072121 259.57730103
v 16.65528107 9.26788616 257.30819702
v 16.65528107 10.44383621 259.34280396
v 16.65528107 9.95696068 258.96957397
v 16.65528107 9.58327484 258.48306274
v 16.65528107 9.34824467 257.91638184
v 16.65528107 9.19065380 254.92555237
v 16.65528107 8.97372913 254.60122681
v 16.65528107 8.64920521 254.38461304
v 16.65528107 8.26648617 254.30867004
v 16.65528107 -8.95710373 254.93402100
v 16.65528107 -9.03304577 255.31674194
v 16.65528107 -11.38101482 259.66784668
v 16.65528107 -10.77282715 259.58749390
v 16.65528107 -9.03211212 257.31674194
v 16.65528107 -10.20616150 259.35244751
v 16.65528107 -9.71963501 258.97875977
v 16.65528107 -9.34640312 258.49188232
v 16.65528107 -9.11190224 257.92501831
v 16.65528107 -13.38101387 259.66876221
v 16.65528107 -13.76366234 259.74508667
v 16.65528107 -14.08798409 259.96200562
v 16.65528107 -14.30460548 260.28652954
v 16.65528107 -13.36009979 304.46878052
v 16.65528107 -13.79900742 309.81896973
v 16.65528107 -14.43680191 309.71487427
v 16.65528107 -15.00810432 309.41281128
v 16.65528107 -11.36009979 304.46783447
v 16.65528107 -9.00830364 308.31674194
v 16.65528107 -8.93467140 308.78024292
v 16.65528107 -10.75183773 304.54763794
v 16.65528107 -10.18495369 304.78213501
v 16.65528107 -9.00900364 306.81674194
v 16.65528107 -9.69807816 305.15536499
v 16.65528107 -9.32439232 305.64187622
v 16.65528107 -9.08936214 306.20855713
v 16.65528107 -8.72141743 309.19827271
v 16.65528107 -8.38941479 309.52996826
v 16.65528107 -7.97116280 309.74282837
v 16.65528107 -7.50760317 309.81604004
v 16.65528107 -17.16117287 302.17053223
v 16.65528107 -19.44152641 303.08517456
v 16.65528107 -17.67784309 302.06802368
v 16.65528107 -18.11595154 301.77557373
v 16.65528107 -18.40880013 301.33773804
v 16.65528107 -19.72636795 302.56143188
v 16.65528107 -19.90201569 301.99169922
v 16.65528107 -19.96153450 301.39846802
v 16.65528107 -18.51180267 300.82116699
v 16.65528107 -18.40928268 300.30450439
v 16.65528107 -16.20765495 299.86550903
v 16.65528107 -16.64576340 299.57305908
v 16.65528107 16.19119644 301.32159424
v 16.65528107 16.48404503 301.75942993
v -17.34471893 20.21780205 257.12646484
v -17.34471893 20.15828514 256.53323364
v -17.34471893 20.21387100 248.70309448
v -17.34471893 19.98263741 255.96351624
v -17.34471893 19.69779396 255.43977356
v -17.34471893 16.00737190 250.01812744
v -17.34471893 15.52742481 249.47018433
v -17.34471893 14.92956734 249.05406189
v -17.34471893 14.24904633 248.79431152
v -17.34471893 13.52597904 248.70620728
v -30.44471931 20.22554207 273.70309448
v -23.44471931 20.22554207 273.70309448
v -23.44471931 20.12794304 274.32116699
v -23.44471931 19.84412384 274.87884521
v -23.44471931 19.40186691 275.32150269
v -23.44471931 18.84446335 275.60583496
v -23.44471931 18.22647476 275.70401001
v -23.44471931 14.72647572 275.70565796
v -23.44471931 -17.97352028 275.72091675
v -23.44471931 -18.59160042 275.62332153
v -23.44471931 -19.14926910 275.33950806
v -23.44471931 -19.59193993 274.89724731
v -23.44471931 -19.87627983 274.33984375
v -23.44471931 -19.97445488 273.72186279
v -30.44471931 -19.97445488 273.72186279
v -23.44471931 -14.47352123 275.71929932
v -27.34471893 -11.12434578 268.03433228
v -27.34471893 -11.22735023 267.51776123
v -27.34471893 -11.12482834 267.00109863
v -27.34471893 -10.83238983 266.56298828
v -27.34471893 -10.39455509 266.27014160
v -27.34471893 -9.87798023 266.16714478
v -27.34471893 -9.36131001 266.26965332
v -27.34471893 -8.92320156 266.56210327
v -27.34471893 -8.63035393 266.99993896
v -27.34471893 -8.52735043 267.51651001
v -27.34471893 -8.62987137 268.03317261
v -20.94471931 -8.52735043 267.51651001
v -20.94471931 -8.62987137 268.03317261
v -27.34471893 -10.83149815 268.47216797
v -27.34471893 -10.39339066 268.76461792
v -27.34471893 -9.87671947 268.86712646
v -27.34471893 -9.36014557 268.76412964
v -27.34471893 -8.92230988 268.47128296
v -20.94471931 -10.39339066 268.76461792
v -20.94471931 -9.87671947 268.86712646
v -20.94471931 -9.36014557 268.76412964
v -20.94471931 -8.92230988 268.47128296
v -20.94471931 -10.83149815 268.47216797
v -20.94471931 -11.12434578 268.03433228
v -20.94471931 -11.22735023 267.51776123
v -20.94471931 -11.12482834 267.00109863
v -20.94471931 -10.83238983 266.56298828
v -20.94471931 -10.39455509 266.27014160
v -20.94471931 -9.87798023 266.16714478
v -20.94471931 -9.36131001 266.26965332
v -20.94471931 -8.92320156 266.56210327
v -20.94471931 -8.63035393 266.99993896
v -27.34471893 8.87565136 268.02499390
v -27.34471893 8.77264786 267.50842285
v -27.34471893 8.87516975 266.99176025
v -27.34471893 9.16760826 266.55364990
v -27.34471893 9.60544300 266.26080322
v -27.34471893 10.12201786 266.15780640
v -27.34471893 10.63868809 266.26031494
v -27.34471893 11.07679653 266.55276489
v -27.34471893 11.36964417 266.99060059
v -27.34471893 11.47264767 267.50717163
v -27.34471893 11.37012672 268.02383423
v -20.94471931 11.47264767 267.50717163
v -20.94471931 11.37012672 268.02383423
v -27.34471893 9.16849899 268.46282959
v -27.34471893 9.60660744 268.75527954
v -27.34471893 10.12327766 268.85781860
v -27.34471893 10.63985252 268.75479126
v -27.34471893 11.07768726 268.46194458
v -20.94471931 9.60660744 268.75527954
v -20.94471931 10.12327766 268.85781860
v -20.94471931 10.63985252 268.75479126
v -20.94471931 11.07768726 268.46194458
v -20.94471931 9.16849899 268.46282959
v -20.94471931 8.87565136 268.02499390
v -20.94471931 8.77264786 267.50842285
v -20.94471931 8.87516975 266.99176025
v -20.94471931 9.16760826 266.55364990
v -20.94471931 9.60544300 266.26080322
v -20.94471931 10.12201786 266.15780640
v -20.94471931 10.63868809 266.26031494
v -20.94471931 11.07679653 266.55276489
v -20.94471931 11.36964417 266.99060059
v -23.44471931 14.73001194 283.28063965
v -23.44471931 16.07792282 278.80502319
v -23.44471931 16.18044472 278.28836060
v -23.44471931 16.47288322 277.85025024
v -23.44471931 20.23001099 283.27807617
v -23.44471931 17.42855263 280.15438843
v -23.44471931 16.91188240 280.05187988
v -23.44471931 16.47377396 279.75942993
v -23.44471931 18.77792168 278.80377197
v -23.44471931 18.67491913 278.28720093
v -23.44471931 18.38207054 277.84936523
v -23.44471931 17.94396210 277.55691528
v -23.44471931 17.42729187 277.45440674
v -23.44471931 16.91071701 277.55740356
v -23.44471931 18.67539978 279.32043457
v -23.44471931 18.38296127 279.75854492
v -23.44471931 17.94512749 280.05139160
v -23.44471931 16.18092537 279.32159424
v -23.44471931 -15.82207394 278.81991577
v -23.44471931 -14.46998501 283.29428101
v -23.44471931 -15.92459583 279.33657837
v -23.44471931 -16.21703339 279.77468872
v -23.44471931 -16.65603447 277.57305908
v -23.44471931 -16.21792603 277.86550903
v -23.44471931 -15.92507744 278.30334473
v -23.44471931 -18.12711334 277.86639404
v -23.44471931 -17.68927956 277.57354736
v -23.44471931 -17.17270470 277.47055054
v -23.44471931 -18.41955185 278.30450439
v -23.44471931 -18.52207375 278.82116699
v -23.44471931 -19.96998405 283.29684448
v -23.44471931 -17.17144394 280.17053223
v -23.44471931 -17.68811417 280.06802368
v -23.44471931 -18.12622261 279.77557373
v -23.44471931 -16.65486908 280.06753540
v -23.44471931 -18.41906929 279.33773804
v -20.94471931 -14.47520161 272.11929321
v -17.34471893 -14.46998501 283.29428101
v -17.34471893 -14.48360538 254.11929321
v -20.94471931 -14.48360538 254.11929321
v -17.34471893 -19.96998405 283.29684448
v -17.34471893 20.23001099 283.27807617
v -17.34471893 14.73001194 283.28063965
v -20.94471931 14.72479439 272.10565186
v -17.34471893 14.71639156 254.10565186
v -20.94471931 14.71639156 254.10565186
v -17.34471893 -15.77840042 250.03295898
v -17.34471893 -19.46376038 255.45805359
v -17.34471893 -19.98612595 248.72186279
v -17.34471893 -19.74811363 255.98207092
v -17.34471893 -19.92322922 256.55197144
v -17.34471893 -19.98219299 257.14523315
v -17.34471893 -13.29823399 248.71873474
v -17.34471893 -14.02121830 248.80751038
v -17.34471893 -14.70149708 249.06790161
v -17.34471893 -15.29896545 249.48457336
v 20.15528107 -7.72492599 305.54663086
v 20.15528107 -5.05068588 302.22955322
v 20.15528107 -7.54184341 306.31604004
v 20.15528107 -4.06058216 303.02825928
v 20.15528107 -2.94974136 303.64813232
v 20.15528107 -5.89156866 301.27502441
v 20.15528107 -8.06137371 304.83084106
v 20.15528107 -6.55903959 300.19210815
v 20.15528107 -8.53698730 304.19891357
v 20.15528107 -7.03389740 299.01199341
v 20.15528107 -9.13169479 303.67752075
v 20.15528107 -9.82039928 303.28863525
v 20.15528107 -7.30248070 297.76858521
v 20.15528107 -10.57403660 303.04870605
v 20.15528107 -7.35706282 296.49765015
v 20.15528107 -11.36080074 302.96783447
v 20.15528107 -7.19607401 295.23580933
v 20.15528107 -12.86080074 302.96853638
v 20.15528107 -6.82414532 294.01928711
v 20.15528107 -12.88031387 261.16854858
v 20.15528107 -6.25197649 292.88314819
v 20.15528107 -11.38031387 261.16784668
v 20.15528107 -5.49602747 291.86004639
v 20.15528107 -10.52365494 261.07092285
v 20.15528107 -4.57804632 290.97940063
v 20.15528107 -9.71004200 260.78579712
v 20.15528107 -8.98027325 260.32678223
v 20.15528107 -3.52444100 290.26657104
v 20.15528107 -8.37094307 259.71685791
v 20.15528107 -2.36552215 289.74206543
v 20.15528107 -1.13462973 289.42092896
v 20.15528107 -7.91260529 258.98666382
v 20.15528107 0.13282596 289.31246948
v 20.15528107 8.14993954 258.97918701
v 20.15528107 1.40038228 289.41976929
v 20.15528107 8.60895920 259.70895386
v 20.15528107 2.63157415 289.73971558
v 20.15528107 3.79098225 290.26315308
v 20.15528107 9.21885777 260.31826782
v 20.15528107 4.84525251 290.97500610
v 20.15528107 9.94905472 260.77661133
v 20.15528107 10.76293373 261.06097412
v 20.15528107 7.86481762 258.16555786
v 20.15528107 -7.62824345 258.17279053
v 20.15528107 7.76788855 257.30889893
v 20.15528107 -7.53211403 257.31604004
v 20.15528107 7.76718616 255.80889893
v 20.15528107 -7.53281212 255.81604004
v 20.15528107 5.76405573 291.85476685
v 20.15528107 11.61968327 261.15710449
v 20.15528107 6.52095938 292.87719727
v 20.15528107 13.11968327 261.15640259
v 20.15528107 7.09418869 294.01278687
v 20.15528107 13.13919640 302.95639038
v 20.15528107 7.46725321 295.22894287
v 20.15528107 11.63919735 302.95709229
v 20.15528107 7.62942028 296.49066162
v 20.15528107 10.85250950 303.03869629
v 20.15528107 7.57602453 297.76162720
v 20.15528107 10.09909725 303.27935791
v 20.15528107 7.30860233 299.00527954
v 20.15528107 9.41075611 303.66885376
v 20.15528107 8.81653595 304.19082642
v 20.15528107 6.83484650 300.18588257
v 20.15528107 8.34151268 304.82318115
v 20.15528107 6.16838694 301.26940918
v 20.15528107 8.00573444 305.53927612
v 20.15528107 5.32839584 302.22470093
v 20.15527725 7.82336998 306.30886841
v 20.15528107 4.33903837 303.02432251
v 20.15528107 3.22877669 303.64523315
v 20.15528107 2.02955079 304.06958008
v 20.15528107 0.77586025 304.28515625
v 20.15528107 -0.49622852 304.28573608
v 20.15528107 -1.75011981 304.07135010
v 19.15528107 -1.13462973 289.42092896
v 19.15528107 0.13282596 289.31246948
v 19.15528107 1.40038228 289.41976929
v 19.15528107 2.63157415 289.73971558
v 19.15528107 3.79098225 290.26315308
v 19.15528107 4.84525251 290.97500610
v 19.15528107 5.76405573 291.85476685
v 19.15528107 6.52095938 292.87719727
v 19.15528107 7.09418869 294.01278687
v 19.15528107 7.46725321 295.22894287
v 19.15528107 7.62942028 296.49066162
v 19.15528107 7.57602453 297.76162720
v 19.15528107 7.30860233 299.00527954
v 19.15528107 6.83484650 300.18588257
v 19.15528107 6.16838694 301.26940918
v 19.15528107 5.32839584 302.22470093
v 19.15528107 4.33903837 303.02432251
v 19.15528107 3.22877669 303.64523315
v 19.15528107 2.02955079 304.06958008
v 19.15528107 0.77586025 304.28515625
v 19.15528107 -0.49622852 304.28573608
v 19.15528107 -1.75011981 304.07135010
v 19.15528107 -2.94974136 303.64813232
v 19.15528107 -4.06058216 303.02825928
v 19.15528107 -5.05068588 302.22955322
v 19.15528107 -5.89156866 301.27502441
v 19.15528107 -6.55903959 300.19210815
v 19.15528107 -7.03389740 299.01199341
v 19.15528107 -7.30248070 297.76858521
v 19.15528107 -7.35706282 296.49765015
v 19.15528107 -7.19607401 295.23580933
v 19.15528107 -6.82414532 294.01928711
v 19.15528107 -6.25197649 292.88314819
v 19.15528107 -5.49602747 291.86004639
v 19.15528107 -4.57804632 290.97940063
v 19.15528107 -3.52444100 290.26657104
v 19.15528107 -2.36552215 289.74206543
v 19.15528107 0.13399304 291.81246948
v 19.15528107 1.17360234 291.92123413
v 19.15528107 2.16787791 292.24380493
v 19.15528107 3.07336473 292.76602173
v 19.15528107 3.85048914 293.46508789
v 19.15528107 4.46528673 294.31045532
v 19.15528107 4.89088821 295.26516724
v 19.15528107 5.10869217 296.28750610
v 19.15528107 5.10917997 297.33279419
v 19.15528107 4.89233065 298.35534668
v 19.15528107 4.46762085 299.31045532
v 19.15528107 3.85361290 300.15637207
v 19.15528107 3.07714152 300.85617065
v 19.15528107 2.17214251 301.37924194
v 19.15528107 1.17816877 301.70272827
v 19.15528107 0.13866138 301.81246948
v 19.15528107 -0.90094799 301.70370483
v 19.15528107 -1.89522338 301.38113403
v 19.15528107 -2.80071044 300.85891724
v 19.15528107 -3.57783461 300.15985107
v 19.15528107 -4.19263220 299.31448364
v 19.15528107 -4.61823368 298.35977173
v 19.15528107 -4.83603764 297.33743286
v 19.15528107 -4.83652592 296.29214478
v 19.15528107 -4.61967611 295.26959229
v 19.15528107 -4.19496632 294.31448364
v 19.15528107 -3.58095837 293.46853638
v 19.15528107 -2.80448723 292.76876831
v 19.15528107 -1.89948821 292.24569702
v 19.15528107 -0.90551430 291.92221069
v 19.45528030 -0.90551430 291.92221069
v 19.45528030 0.13399304 291.81246948
v 19.45528030 1.17360234 291.92123413
v 19.45528030 2.16787791 292.24380493
v 19.45528030 3.07336473 292.76602173
v 19.45528030 3.85048914 293.46508789
v 19.45528030 4.46528673 294.31045532
v 19.45528030 4.89088821 295.26516724
v 19.45528030 5.10869217 296.28750610
v 19.45528030 5.10917997 297.33279419
v 19.45528030 4.89233065 298.35534668
v 19.45528030 4.46762085 299.31045532
v 19.45528030 3.85361290 300.15637207
v 19.45528030 3.07714152 300.85617065
v 19.45528030 2.17214251 301.37924194
v 19.45528030 1.17816877 301.70272827
v 19.45528030 0.13866138 301.81246948
v 19.45528030 -0.90094799 301.70370483
v 19.45528030 -1.89522338 301.38113403
v 19.45528030 -2.80071044 300.85891724
v 19.45528030 -3.57783461 300.15985107
v 19.45528030 -4.19263220 299.31448364
v 19.45528030 -4.61823368 298.35977173
v 19.45528030 -4.83603764 297.33743286
v 19.45528030 -4.83652592 296.29214478
v 19.45528030 -4.61967611 295.26959229
v 19.45528030 -4.19496632 294.31448364
v 19.45528030 -3.58095837 293.46853638
v 19.45528030 -2.80448723 292.76876831
v 19.45528030 -1.89948821 292.24569702
v 19.45528030 0.59884411 292.83929443
v 19.45528030 -0.32989910 292.83972168
v 19.45528030 -1.23350799 293.05435181
v 19.45528030 -2.06326866 293.47155762
v 19.45528030 -2.77444839 294.06884766
v 19.45528030 -3.32870770 294.81408691
v 19.45528030 -3.69616604 295.66705322
v 19.45528030 -3.85701346 296.58175659
v 19.45528030 -3.80257916 297.50891113
v 19.45528030 -3.53579712 298.39849854
v 19.45528030 -3.07105017 299.20260620
v 19.45528030 -2.43339252 299.87783813
v 19.45528030 -1.65720057 300.38784790
v 19.45528030 -0.78431916 300.70507812
v 19.45528030 0.13819455 300.81246948
v 19.45528030 1.06060755 300.70422363
v 19.45528030 1.93319249 300.38616943
v 19.45528030 2.70890784 299.87545776
v 19.45528030 3.34593463 299.19961548
v 19.45528030 3.80993080 298.39508057
v 19.45528030 4.07588196 297.50521851
v 19.45528030 4.12945080 296.57803345
v 19.45528030 3.96774936 295.66345215
v 19.45528030 3.59949470 294.81085205
v 19.45528030 3.04453993 294.06613159
v 19.45528030 2.33280277 293.46948242
v 19.45528030 1.50265288 293.05307007
v 21.65528107 -0.78431916 300.70507812
v 21.65528107 0.13819455 300.81246948
v 21.65528107 1.06060755 300.70422363
v 21.65528107 1.93319249 300.38616943
v 21.65528107 2.70890784 299.87545776
v 21.65528107 3.34593463 299.19961548
v 21.65528107 3.80993080 298.39508057
v 21.65528107 4.07588196 297.50521851
v 21.65528107 4.12945080 296.57803345
v 21.65528107 3.96774936 295.66345215
v 21.65528107 3.59949470 294.81085205
v 21.65528107 3.04453993 294.06613159
v 21.65528107 2.33280277 293.46948242
v 21.65528107 1.50265288 293.05307007
v 21.65528107 0.59884411 292.83929443
v 21.65528107 -0.32989910 292.83972168
v 21.65528107 -1.23350799 293.05435181
v 21.65528107 -2.06326866 293.47155762
v 21.65528107 -2.77444839 294.06884766
v 21.65528107 -3.32870770 294.81408691
v 21.65528107 -3.69616604 295.66705322
v 21.65528107 -3.85701346 296.58175659
v 21.65528107 -3.80257916 297.50891113
v 21.65528107 -3.53579712 298.39849854
v 21.65528107 -3.07105017 299.20260620
v 21.65528107 -2.43339252 299.87783813
v 21.65528107 -1.65720057 300.38784790
v 21.65528107 -0.15693776 298.38537598
v 21.65528107 0.43106064 298.38510132
v 21.65528107 0.97925365 298.17242432
v 21.65528107 1.41360474 297.77609253
v 21.65528107 1.67545247 297.24960327
v 21.65528107 1.72943282 296.66409302
v 21.65528107 1.56825542 296.09863281
v 21.65528107 1.21368814 295.62954712
v 21.65528107 0.71361732 295.32025146
v 21.65528107 0.13558027 295.21246338
v 21.65528107 -0.44235590 295.32077026
v 21.65528107 -0.94213772 295.63055420
v 21.65528107 -1.29626679 296.09994507
v 21.65528107 -1.45691621 296.66558838
v 21.65528107 -1.40238929 297.25103760
v 21.65528107 -1.14005005 297.77728271
v 21.65528107 -0.70532912 298.17321777
v 19.45528030 -0.44235590 295.32077026
v 19.45528030 0.13558027 295.21246338
v 19.45528030 0.71361732 295.32025146
v 19.45528030 1.21368814 295.62954712
v 19.45528030 1.56825542 296.09863281
v 19.45528030 1.72943282 296.66409302
v 19.45528030 1.67545247 297.24960327
v 19.45528030 1.41360474 297.77609253
v 19.45528030 0.97925365 298.17242432
v 19.45528030 0.43106064 298.38510132
v 19.45528030 -0.15693776 298.38537598
v 19.45528030 -0.70532912 298.17321777
v 19.45528030 -1.14005005 297.77728271
v 19.45528030 -1.40238929 297.25103760
v 19.45528030 -1.45691621 296.66558838
v 19.45528030 -1.29626679 296.09994507
v 19.45528030 -0.94213772 295.63055420
v 20.08186531 -11.36058426 303.43136597
v 20.04109955 -10.69107246 303.61068726
v 19.86880493 -11.36038876 303.84951782
v 19.71594048 -10.79029179 304.08709717
v 19.53695869 -11.36023426 304.18136597
v 19.22930527 -10.85658741 304.40542603
v 19.11880493 -11.36013412 304.39440918
v 18.65528107 -11.36009979 304.46783447
v 18.65528107 -10.69232082 304.56439209
v 19.22930527 -10.37422466 304.55899048
v 18.65528107 -10.07950020 304.84671021
v 19.22930527 -9.93342113 304.80789185
v 19.22930527 -9.55277920 305.14160156
v 19.71594048 -9.31444073 304.92041016
v 19.71594048 -8.96985722 305.37826538
v 20.04109955 -8.55304050 305.12710571
v 20.04109955 -8.26675701 305.73617554
v 20.08186531 -8.00141525 306.37646484
v 20.04109955 -10.04980087 303.81484985
v 19.71594048 -10.24427891 304.26092529
v 20.04109955 -9.46378040 304.14572144
v 19.71594048 -9.74530888 304.54266357
v 20.04109955 -8.95774174 304.58938599
v 19.86880493 -8.41600037 306.43096924
v 19.71594048 -8.72609997 305.89685059
v 19.22930527 -9.24836445 305.54608154
v 18.65528107 -9.57215595 305.29150391
v 19.53695869 -8.74501705 306.47421265
v 19.22930527 -9.03302288 306.00421143
v 18.65528107 -9.21211147 305.86215210
v 19.11880493 -8.95625877 306.50198364
v 18.65528107 -9.02904797 306.51156616
v 18.65528107 -12.86009979 304.46853638
v 19.11880493 -12.86013412 304.39511108
v 19.53695869 -12.86023426 304.18206787
v 19.86880493 -12.86038876 303.85021973
v 20.08186531 -12.86058426 303.43206787
v 18.15528107 -13.36009979 304.46878052
v 18.33387184 -13.31586742 304.46875000
v 18.49229813 -13.20048046 304.46868896
v 18.60721588 -13.03990269 304.46862793
v 18.33481598 -14.36058712 303.42501831
v 18.44792747 -14.35658741 303.46563721
v 18.15528107 -14.36056709 303.46923828
v 18.51062965 -14.34345627 303.54135132
v 18.56917381 -14.31949997 303.62588501
v 18.93954086 -14.29013443 303.40377808
v 19.04432678 -14.23279095 303.49636841
v 19.15005493 -14.21225262 303.42269897
v 19.28949165 -14.08025265 303.58895874
v 19.40116310 -14.04367352 303.51678467
v 19.48977661 -13.86487579 303.71002197
v 19.62458611 -13.90338039 303.44125366
v 19.70285416 -13.61958694 303.72802734
v 18.49481773 -14.36064148 303.30969238
v 18.69706917 -14.35322475 303.26644897
v 18.82220459 -14.33007526 303.32659912
v 18.89665794 -14.32426357 303.25427246
v 19.03063774 -14.27775097 303.32980347
v 19.11226082 -14.26421928 303.25344849
v 19.24584198 -14.18998146 303.34674072
v 19.39978409 -14.14338207 303.19348145
v 18.61005020 -14.36071587 303.14910889
v 18.75354576 -14.35171890 303.19793701
v 18.96190071 -14.31787205 303.17941284
v 19.05722237 -14.30449390 303.03204346
v 18.80083466 -14.35005283 303.12673950
v 18.65528107 -14.36079979 302.96923828
v 19.50271988 -13.66802216 303.90902710
v 19.62524223 -13.33178616 304.01126099
v 19.43831635 -13.47069550 304.09573364
v 19.30338287 -13.29123497 304.25418091
v 19.32285309 -13.54078674 304.13717651
v 19.20140457 -13.36629009 304.28131104
v 19.19641113 -13.60856056 304.17602539
v 19.08934402 -13.43909454 304.30636597
v 18.69701576 -13.80841351 304.27792358
v 18.64373398 -13.65770531 304.36853027
v 18.15528107 -13.74281883 304.39282227
v 18.56834412 -13.51656818 304.42816162
v 18.47843170 -13.39341164 304.45968628
v 18.75819206 -13.18552303 304.45208740
v 18.82389259 -13.11488533 304.44866943
v 18.88068771 -13.04163170 304.44485474
v 19.02934265 -13.22025108 304.38644409
v 19.11124039 -13.14384937 304.37274170
v 19.40086174 -13.08298206 304.25097656
v 19.05722809 -12.92283154 304.41229248
v 18.15528107 -14.06734371 304.17620850
v 18.72270966 -13.95747662 304.15847778
v 19.24785614 -13.78892422 304.01528931
v 19.38103867 -13.72974777 303.96350098
v 18.71747971 -14.09230614 304.01760864
v 18.15528107 -14.28426743 303.85189819
v 18.68226433 -14.20274639 303.86663818
v 18.62128258 -14.28309631 303.71810913
v 19.16702271 -14.11444187 303.65884399
v 19.23753548 -13.96276093 303.83737183
v 19.36936760 -13.91514301 303.77493286
v 18.93815041 -13.29427528 304.39892578
v -17.34471893 -14.35830307 308.31924438
v -18.84471893 -14.35830307 308.31924438
v -17.34471893 -14.38304520 255.31924438
v -18.84471893 -14.38304520 255.31924438
v -19.02425575 -14.38302422 255.36344910
v -19.09471893 -14.35833359 308.25225830
v -19.18425560 -14.38297081 255.47880554
v -19.27773285 -14.35841942 308.06924438
v -19.34471893 -14.35853577 307.81924438
v -19.34471893 -14.38281155 255.81924438
v -19.29948997 -14.38289547 255.63937378
v 18.60721588 -14.38039780 260.98944092
v 18.65528107 -14.38031387 261.16925049
v 18.49229813 -14.38047314 260.82885742
v 18.33387184 -14.38052654 260.71347046
v 18.15528107 -14.38054752 260.66925049
v -12.84471989 -14.38257790 256.31924438
v 12.15528011 -14.38257790 256.31924438
v 1.65528035 -14.38082695 260.06924438
v 12.15528011 -14.38239098 256.71899414
v 12.15528011 -14.38229752 256.91949463
v 12.15528011 -14.38082695 260.06924438
v 1.65528035 -14.38031387 261.16925049
v -12.84471989 -14.38048935 260.79425049
v -12.84471989 -14.38229752 256.91949463
v -12.84471989 -14.38239098 256.71899414
v -12.84471989 -14.38031387 261.16925049
v -15.34471989 -14.38048935 260.79425049
v -12.84471989 -14.37433815 273.96923828
v -15.34471989 -14.37392998 274.84423828
v -12.84471989 -14.37392998 274.84423828
v 1.65528035 -14.37433815 273.96923828
v 1.65528035 -14.37382507 275.06924438
v 12.15528011 -14.37382507 275.06924438
v 12.15528011 -14.37212086 278.71899414
v 12.15528011 -14.37202740 278.91949463
v 12.15528011 -14.37021828 282.79425049
v 14.65528011 -14.37021828 282.79425049
v 14.65528011 -14.36365986 296.84423828
v 12.15528011 -14.36365986 296.84423828
v -12.84471989 -14.36365986 296.84423828
v -12.84471989 -14.37021828 282.79425049
v -15.34471989 -14.37021828 282.79425049
v -15.34471989 -14.36365986 296.84423828
v 12.15528011 -14.36185074 300.71899414
v -12.84471989 -14.36185074 300.71899414
v 12.15528011 -14.36175728 300.91949463
v -12.84471989 -14.36175728 300.91949463
v 12.15528011 -14.35994816 304.79425049
v -12.84471989 -14.35994816 304.79425049
v 14.65528011 -14.35853577 307.81924438
v -15.34471989 -14.35853577 307.81924438
v 14.65528011 -14.35994816 304.79425049
v -15.34471989 -14.35994816 304.79425049
v -12.84471989 -14.37202740 278.91949463
v -12.84471989 -14.37212086 278.71899414
v -18.84471893 -14.28467083 308.78271484
v -17.34471893 -14.28467083 308.78271484
v -18.84471893 -14.07141685 309.20077515
v -17.34471893 -14.07141685 309.20077515
v -18.84471893 -13.73941422 309.53247070
v -17.34471893 -13.73941422 309.53247070
v -18.84471893 -13.32116222 309.74533081
v -17.34471893 -13.32116222 309.74533081
v -18.84471893 -12.85760212 309.81854248
v -17.34471893 -12.85760212 309.81854248
v -19.46275330 -12.85764790 309.72064209
v -19.42746925 -13.43172359 309.61233521
v -19.32699013 -13.91850376 309.30331421
v -19.17661095 -14.24387836 308.84063721
v -19.47601509 -14.24394989 308.68807983
v -19.71362495 -14.24406052 308.45046997
v -19.86617851 -14.24420071 308.15106201
v -20.32899475 -13.91897106 308.30130005
v -20.22639656 -14.07206154 307.81909180
v -20.55824471 -13.74021435 307.81893921
v -20.63824081 -13.43228912 308.40155029
v -20.77130508 -13.32206154 307.81875610
v -20.74683189 -12.85824776 308.43658447
v -20.84471893 -12.85853577 307.81854248
v -20.02029037 -12.85778046 309.43658447
v -19.95317650 -13.43184948 309.34445190
v -19.76205254 -13.91860676 309.08163452
v -20.46275330 -12.85798740 308.99411011
v -20.37038040 -13.43204403 308.92724609
v -20.10732079 -13.91876793 308.73635864
v -19.80824471 -14.28512096 307.81921387
v -18.84471893 13.14239502 309.80639648
v -19.46275330 0.14235038 309.71456909
v -19.46275330 13.14234924 309.70852661
v -20.02029037 0.14221776 309.43051147
v -20.02029037 13.14221668 309.42443848
v -20.46275330 0.14201120 308.98803711
v -20.46275330 13.14200974 308.98196411
v -20.74683189 0.14175092 308.43051147
v -20.74683189 13.14174938 308.42443848
v -20.84471893 13.14146137 307.80639648
v -20.77130508 13.60498619 307.80618286
v -20.63824081 13.71575832 308.38888550
v -20.55824471 14.02313900 307.80599976
v -20.32899475 14.20234585 308.28817749
v -20.22639656 14.35498619 307.80584717
v -19.86617851 14.52743530 308.13763428
v -19.80824471 14.56804562 307.80572510
v -19.27773285 14.64157772 308.05569458
v -19.34471893 14.64146042 307.80569458
v -20.37038040 13.71600342 308.91458130
v -19.95317650 13.71619797 309.33178711
v -19.42746925 13.71632385 309.59963989
v -18.84471893 13.60588551 309.73275757
v -18.84471893 14.02393913 309.51950073
v -19.32699013 14.20281410 309.29019165
v -19.76205254 14.20271015 309.06851196
v -20.10732079 14.20254898 308.72323608
v -18.84471893 14.35563183 309.18750000
v -19.17661095 14.52775669 308.82720947
v -19.47601509 14.52768612 308.67465210
v -19.71362495 14.52757454 308.43704224
v -18.84471893 14.56849575 308.76925659
v -18.84471893 14.64169407 308.30569458
v -19.09471893 14.64166260 308.23870850
v -19.34471893 14.61718559 255.80570984
v -19.91874504 14.52242470 297.40576172
v -20.40538025 14.19726562 297.40591431
v -20.73053932 13.71063137 297.40612793
v -20.73053932 13.70577621 287.00613403
v -20.73053932 13.70092106 276.60614014
v -20.40538025 14.18755627 276.60589600
v -20.40538025 14.18270111 266.20590210
v -19.91874504 14.50786018 266.20574951
v -20.22639847 14.33071136 255.80583191
v -19.80824471 14.54376984 255.80574036
v -19.91874504 14.51271534 276.60574341
v -19.91874504 14.51756954 287.00576782
v -20.40538025 14.19241047 287.00592041
v -20.55824471 13.99886322 255.80599976
v -20.73053932 13.69606590 266.20614624
v -20.77130508 13.58071136 255.80618286
v -20.84471893 13.11718559 255.80641174
v -17.34471893 14.64169407 308.30569458
v -18.84471893 14.61695194 255.30570984
v -19.02330971 14.61697292 255.34992981
v -19.18173790 14.61702633 255.46531677
v -19.29665565 14.61710167 255.62590027
v -17.34471893 14.61695194 255.30570984
v 18.60721588 14.63928032 303.13549805
v 18.65528107 14.63919640 302.95568848
v 18.49229813 14.63935566 303.29608154
v 18.65528107 14.61968327 261.15570068
v 18.49481773 14.61952400 260.81527710
v 18.61005020 14.61959934 260.97583008
v 18.33481598 14.61947060 260.69992065
v 18.33387184 14.63940907 303.41146851
v 18.15528107 14.61944962 260.65570068
v 18.15528107 14.63943005 303.45568848
v 12.15528011 14.61916924 260.05569458
v 12.15528011 14.61769867 256.90597534
v 1.65528035 14.61916924 260.05569458
v 12.15528011 14.61760521 256.70544434
v 12.15528011 14.61741924 256.30569458
v -12.84471989 14.61741924 256.30569458
v -12.84471989 14.61760521 256.70544434
v -12.84471989 14.61769867 256.90597534
v -12.84471989 14.61950779 260.78070068
v 1.65528035 14.61968327 261.15570068
v -12.84471989 14.61968327 261.15570068
v -15.34471989 14.61950779 260.78070068
v -12.84471989 14.62565804 273.95568848
v -15.34471989 14.62606716 274.83068848
v -12.84471989 14.62606716 274.83068848
v -12.84471989 14.62787533 278.70544434
v 1.65528035 14.62617207 275.05569458
v 1.65528035 14.62565804 273.95568848
v -12.84471989 14.62796974 278.90594482
v -12.84471989 14.62977791 282.78070068
v -12.84471989 14.63633728 296.83068848
v -15.34471989 14.63633728 296.83068848
v -15.34471989 14.62977791 282.78070068
v 12.15528011 14.63633728 296.83068848
v -12.84471989 14.63814640 300.70544434
v 12.15528011 14.63814640 300.70544434
v -12.84471989 14.63823986 300.90594482
v 12.15528011 14.63823986 300.90594482
v -12.84471989 14.64004898 304.78070068
v 12.15528011 14.64004898 304.78070068
v 14.65528011 14.64146042 307.80569458
v 14.65528011 14.64004898 304.78070068
v -15.34471989 14.64004898 304.78070068
v -15.34471989 14.64146042 307.80569458
v 14.65528011 14.63633728 296.83068848
v 14.65528011 14.62977791 282.78070068
v 12.15528011 14.62977791 282.78070068
v 12.15528011 14.62796974 278.90594482
v 12.15528011 14.62787533 278.70544434
v 12.15528011 14.62617207 275.05569458
v -17.34471893 13.14239502 309.80639648
v -17.34471893 13.60588551 309.73275757
v -17.34471893 14.02393913 309.51950073
v -17.34471893 14.35563183 309.18750000
v -17.34471893 14.56849575 308.76925659
v -17.34471893 -13.79900742 309.81896973
v -15.34471989 -13.79900742 309.81896973
v -15.34471989 -12.35760212 309.81829834
v -15.34471989 12.64239502 309.80664062
v -15.34471989 14.08380032 309.80596924
v -17.34471893 14.08380032 309.80596924
v 14.65528011 -12.35760212 309.81829834
v 14.65528011 12.64239502 309.80664062
v 14.65528011 14.08380032 309.80596924
v 14.65528011 -13.79900742 309.81896973
v -17.34471893 -15.45326900 308.94436646
v -15.34471989 -15.45326900 308.94436646
v -17.34471893 -15.00810432 309.41281128
v -15.34471989 -15.00810432 309.41281128
v -17.34471893 -14.43680191 309.71487427
v -15.34471989 -14.43680191 309.71487427
v -14.84471989 -19.44152641 303.08517456
v -14.84471989 -19.29764748 303.29653931
v -17.34471893 -19.44152641 303.08517456
v -15.34471989 -18.27694702 304.79605103
v -12.84471989 -19.29764748 303.29653931
v -12.84471989 -18.27694702 304.79605103
v -17.34471893 -19.96153450 301.39846802
v -14.84471989 -19.96153450 301.39846802
v -17.34471893 -19.90201569 301.99169922
v -14.84471989 -19.90201569 301.99169922
v -17.34471893 -19.72636795 302.56143188
v -14.84471989 -19.72636795 302.56143188
v -14.84471989 -19.98219299 257.14523315
v -14.84471989 -19.98118782 259.29684448
v -15.34471989 -19.98048782 260.79684448
v -15.34471989 -19.97392845 274.84686279
v -14.84471989 -19.97322845 276.34686279
v -14.84471989 -19.97091866 281.29684448
v -12.84471989 -19.98118782 259.29684448
v -12.84471989 -19.98048782 260.79684448
v -12.84471989 -19.97392845 274.84686279
v -12.84471989 -19.97322845 276.34686279
v -12.84471989 -19.97091866 281.29684448
v -12.84471989 -19.97021866 282.79684448
v -15.34471989 -19.97021866 282.79684448
v -15.34471989 -19.96365929 296.84686279
v -14.84471989 -19.96295929 298.34686279
v -12.84471989 -19.96365929 296.84686279
v -12.84471989 -19.96295929 298.34686279
v -14.84471989 20.21880722 259.27807617
v -14.84471989 18.37269211 257.75854492
v -14.84471989 20.21780205 257.12646484
v -14.84471989 18.66513062 257.32043457
v -14.84471989 18.76765251 256.80377197
v -14.84471989 15.98986530 259.28005981
v -14.84471989 17.41828156 258.15438843
v -14.84471989 17.93485641 258.05139160
v -14.84471989 14.55976868 256.80572510
v -14.84471989 16.17065620 257.32159424
v -14.84471989 16.46350288 257.75942993
v -14.84471989 16.90161133 258.05187988
v -14.84471989 15.98755455 254.33006287
v -14.84471989 16.17017365 256.28836060
v -14.84471989 16.06765175 256.80502319
v -14.84471989 18.94149590 254.32868958
v -14.84471989 17.41702080 255.45439148
v -14.84471989 16.90044785 255.55740356
v -14.84471989 16.46261215 255.85025024
v -14.84471989 19.69779396 255.43977356
v -14.84471989 18.37179947 255.84934998
v -14.84471989 17.93369293 255.55691528
v -14.84471989 18.66464806 256.28720093
v -14.84471989 19.98263741 255.96351624
v -14.84471989 20.15828514 256.53323364
v -14.84471989 -18.70849991 254.34626770
v -14.84471989 -18.13738441 255.86639404
v -14.84471989 -19.46376038 255.45805359
v -14.84471989 -18.42982292 256.30450439
v -14.84471989 -19.74811363 255.98207092
v -14.84471989 -19.92322922 256.55197144
v -14.84471989 -18.53234482 256.82116699
v -14.84471989 -18.42934036 257.33776855
v -14.84471989 -18.13649178 257.77560425
v -14.84471989 -15.75455761 254.34487915
v -14.84471989 -17.18297386 255.47055054
v -14.84471989 -17.69954872 255.57354736
v -14.84471989 -14.32446098 256.81921387
v -14.84471989 -15.93534851 256.30334473
v -14.84471989 -16.22819519 255.86550903
v -14.84471989 -16.66630363 255.57307434
v -14.84471989 -15.75224686 259.29489136
v -14.84471989 -15.93486595 257.33657837
v -14.84471989 -15.83234406 256.81991577
v -14.84471989 -17.18171501 258.17056274
v -14.84471989 -16.66514015 258.06753540
v -14.84471989 -16.22730446 257.77468872
v -14.84471989 -17.69838524 258.06802368
v -15.34471989 20.21950722 260.77807617
v -12.84471989 20.21950722 260.77807617
v -15.34471989 20.22606659 274.82809448
v -14.84471989 20.22676659 276.32809448
v -14.84471989 20.22907829 281.27807617
v -15.34471989 20.22977829 282.77807617
v -12.84471989 20.22977829 282.77807617
v -15.34471989 20.23633575 296.82809448
v -17.34471893 20.23846245 301.37969971
v -14.84471989 20.23703766 298.32809448
v -14.84471989 20.23846245 301.37969971
v -12.84471989 20.23703766 298.32809448
v -12.84471989 20.23633575 296.82809448
v -12.84471989 20.22907829 281.27807617
v -12.84471989 20.22676659 276.32809448
v -12.84471989 20.22606659 274.82809448
v -12.84471989 20.21880722 259.27807617
v -12.84471989 15.98986530 259.28005981
v -12.84471989 14.55976868 256.80572510
v -12.84471989 -15.73401737 298.34487915
v -12.84471989 -15.73170662 303.29489136
v -12.84471989 -15.74428749 276.34487915
v -12.84471989 -15.74197674 281.29489136
v -12.84471989 -8.41112709 248.71646118
v -12.84471989 -6.91112661 248.71575928
v -12.84471989 -8.40915203 252.94538879
v -12.84471989 -6.90851259 254.31575012
v -12.84471989 -10.78325462 254.31756592
v -12.84471989 19.57634735 303.27838135
v -12.84471989 18.55704880 304.77886963
v -12.84471989 16.01040649 303.28005981
v -12.84471989 16.00809479 298.33004761
v -12.84471989 16.00013542 281.28005981
v -12.84471989 15.99782467 276.33004761
v -12.84471989 11.01622772 254.30738831
v -12.84471989 7.14148617 254.30918884
v -12.84471989 8.64084530 252.93743896
v -12.84471989 7.13887167 248.70919800
v -12.84471989 8.63887119 248.70849609
v -12.84471989 -15.75224686 259.29489136
v -12.84471989 -14.85920048 252.84446716
v -12.84471989 -14.86092091 249.15872192
v -12.84471989 -13.35915184 252.94770813
v -12.84471989 -14.38943768 248.92477417
v -12.84471989 -13.88432407 248.77682495
v -12.84471989 -13.36112595 248.71942139
v -12.84471989 -10.98376942 254.31765747
v -12.84471989 -12.38351154 254.31831360
v -12.84471989 -13.00150013 254.41648865
v -12.84471989 -13.55890369 254.70082092
v -12.84471989 -14.00116062 255.14349365
v -12.84471989 -15.75455761 254.34487915
v -12.84471989 -14.28497982 255.70115662
v -12.84471989 -18.70849991 254.34626770
v -12.84471989 -17.68919945 252.84577942
v -12.84471989 13.58887100 248.70684814
v -12.84471989 14.11212254 248.76374817
v -12.84471989 13.59084511 252.93511963
v -12.84471989 14.61737537 248.91123962
v -12.84471989 15.08907604 249.14474487
v -12.84471989 15.09079647 252.83049011
v -12.84471989 13.79223442 254.68804932
v -12.84471989 13.23456478 254.40423584
v -12.84471989 17.92079544 252.82916260
v -12.84471989 15.98755455 254.33006287
v -12.84471989 14.23490429 255.13031006
v -12.84471989 18.94149590 254.32868958
v -12.84471989 14.51924324 255.68771362
v -12.84471989 12.61648560 254.30664062
v -12.84471989 11.21674347 254.30729675
v -14.84471989 -15.73401737 298.34487915
v -14.84471989 18.77792168 278.80377197
v -14.84471989 18.67491913 278.28720093
v -14.84471989 18.38207054 277.84936523
v -14.84471989 16.00013542 281.28005981
v -14.84471989 17.42855263 280.15438843
v -14.84471989 17.94512749 280.05139160
v -14.84471989 18.38296127 279.75854492
v -14.84471989 14.57003880 278.80572510
v -14.84471989 16.18092537 279.32159424
v -14.84471989 16.47377396 279.75942993
v -14.84471989 16.91188240 280.05187988
v -14.84471989 15.99782467 276.33004761
v -14.84471989 16.18044472 278.28836060
v -14.84471989 16.07792282 278.80502319
v -14.84471989 17.42729187 277.45440674
v -14.84471989 16.91071701 277.55740356
v -14.84471989 16.47288322 277.85025024
v -14.84471989 18.67539978 279.32043457
v -14.84471989 17.94396210 277.55691528
v -14.84471989 -18.52207375 278.82116699
v -14.84471989 -18.41906929 279.33773804
v -14.84471989 -18.12622261 279.77557373
v -14.84471989 -15.74428749 276.34487915
v -14.84471989 -17.17270470 277.47055054
v -14.84471989 -17.68927956 277.57354736
v -14.84471989 -18.12711334 277.86639404
v -14.84471989 -14.31419086 278.81921387
v -14.84471989 -15.92507744 278.30334473
v -14.84471989 -16.21792603 277.86550903
v -14.84471989 -16.65603447 277.57305908
v -14.84471989 -15.74197674 281.29489136
v -14.84471989 -15.92459583 279.33657837
v -14.84471989 -15.82207394 278.81991577
v -14.84471989 -17.17144394 280.17053223
v -14.84471989 -16.65486908 280.06753540
v -14.84471989 -16.21703339 279.77468872
v -14.84471989 -17.68811417 280.06802368
v -14.84471989 -18.41955185 278.30450439
v -14.84471989 -18.11595154 301.77557373
v -14.84471989 -17.67784309 302.06802368
v -14.84471989 -17.16117287 302.17053223
v -14.84471989 -15.73170662 303.29489136
v -14.84471989 -16.64459801 302.06753540
v -14.84471989 -16.20676422 301.77468872
v -14.84471989 -18.40880013 301.33773804
v -14.84471989 -18.51180267 300.82116699
v -14.84471989 -18.40928268 300.30450439
v -14.84471989 -18.11684418 299.86639404
v -14.84471989 -17.67900848 299.57354736
v -14.84471989 -17.16243362 299.47055054
v -14.84471989 -16.64576340 299.57305908
v -14.84471989 -16.20765495 299.86550903
v -14.84471989 -15.91480732 300.30334473
v -14.84471989 -14.30391979 300.81921387
v -14.84471989 -15.81180382 300.81991577
v -14.84471989 -15.91432476 301.33657837
v -14.84471989 20.17949867 301.97299194
v -14.84471989 18.68567085 301.32043457
v -14.84471989 18.78819275 300.80377197
v -14.84471989 18.68518829 300.28720093
v -14.84471989 18.39323235 301.75854492
v -14.84471989 20.00438118 302.54287720
v -14.84471989 19.72002792 303.06689453
v -14.84471989 17.95539665 302.05139160
v -14.84471989 19.57634735 303.27838135
v -14.84471989 17.43882370 302.15438843
v -14.84471989 16.01040649 303.28005981
v -14.84471989 16.92215157 302.05187988
v -14.84471989 16.48404503 301.75942993
v -14.84471989 16.19119644 301.32159424
v -14.84471989 14.58030891 300.80572510
v -14.84471989 16.08819199 300.80502319
v -14.84471989 16.19071388 300.28836060
v -14.84471989 16.00809479 298.33004761
v -14.84471989 16.48315239 299.85025024
v -14.84471989 16.92098808 299.55740356
v -14.84471989 17.43756294 299.45440674
v -14.84471989 17.95423317 299.55691528
v -14.84471989 18.39234161 299.84936523
v -14.84471989 -13.36112595 248.71942139
v -14.84471989 -12.23481941 251.51823425
v -14.84471989 -13.35915184 252.94770813
v -14.84471989 -12.13181496 252.03482056
v -14.84471989 -11.83896732 252.47264099
v -14.84471989 -12.13229752 251.00157166
v -14.84471989 -13.34016323 248.71905518
v -14.84471989 -13.31919956 248.71881104
v -14.84471989 -13.29823399 248.71873474
v -14.84471989 -11.83985901 250.56346130
v -14.84471989 -11.40202427 250.27061462
v -14.84471989 -10.88544941 250.16760254
v -14.84471989 -8.41112709 248.71646118
v -14.84471989 -10.36877918 250.27012634
v -14.84471989 -9.93067074 250.56257629
v -14.84471989 -9.63782310 251.00039673
v -14.84471989 -9.53481960 251.51698303
v -14.84471989 -8.40915203 252.94538879
v -14.84471989 -9.63734055 252.03364563
v -14.84471989 -9.92977905 252.47175598
v -14.84471989 -10.36761475 252.76460266
v -14.84471989 -10.88348484 254.37548828
v -14.84471989 -10.88418865 252.86761475
v -14.84471989 -11.40085983 252.76509094
v -14.84471989 13.52597904 248.70620728
v -14.84471989 11.11454773 250.15733337
v -14.84471989 8.63887119 248.70849609
v -14.84471989 10.59797382 250.26034546
v -14.84471989 10.16013908 250.55319214
v -14.84471989 13.54694462 248.70628357
v -14.84471989 12.36217403 250.99012756
v -14.84471989 12.06932640 250.55229187
v -14.84471989 11.63121891 250.25985718
v -14.84471989 13.56790924 248.70648193
v -14.84471989 13.58887100 248.70684814
v -14.84471989 12.46517849 251.50671387
v -14.84471989 13.59084511 252.93511963
v -14.84471989 12.36265659 252.02337646
v -14.84471989 12.07021809 252.46148682
v -14.84471989 11.63238335 252.75433350
v -14.84471989 11.11651230 254.36521912
v -14.84471989 11.11580849 252.85734558
v -14.84471989 10.59913826 252.75482178
v -14.84471989 8.64084530 252.93743896
v -14.84471989 10.16102982 252.46237183
v -14.84471989 9.86818218 252.02453613
v -14.84471989 9.76517868 251.50796509
v -14.84471989 9.86769962 250.99130249
v -12.84471989 14.57003880 278.80572510
v -12.84471989 14.58030891 300.80572510
v -12.84471989 11.11651230 254.36521912
v -12.84471989 -10.88348484 254.37548828
v -12.84471989 -14.31419086 278.81921387
v -12.84471989 -14.30391979 300.81921387
v -17.34471893 19.72002792 303.06689453
v -15.34471989 18.55704880 304.77886963
v -17.34471893 15.73724365 308.92980957
v -15.34471989 15.73724365 308.92980957
v -17.34471893 20.00438118 302.54287720
v -17.34471893 20.17949867 301.97299194
v -17.34471893 -18.40880013 301.33773804
v -17.34471893 -18.51180267 300.82116699
v -17.34471893 -18.40928268 300.30450439
v -17.34471893 -18.11684418 299.86639404
v -17.34471893 -17.67900848 299.57354736
v -17.34471893 -17.16243362 299.47055054
v -17.34471893 -16.64576340 299.57305908
v -17.34471893 -16.20765495 299.86550903
v -17.34471893 -15.91480732 300.30334473
v -17.34471893 -15.81180382 300.81991577
v -17.34471893 -15.91432476 301.33657837
v -17.34471893 -16.20676422 301.77468872
v -17.34471893 -16.64459801 302.06753540
v -17.34471893 -17.16117287 302.17053223
v -17.34471893 -17.67784309 302.06802368
v -17.34471893 -18.11595154 301.77557373
v -17.34471893 16.19071388 300.28836060
v -17.34471893 16.08819199 300.80502319
v -17.34471893 16.19119644 301.32159424
v -17.34471893 16.48404503 301.75942993
v -17.34471893 16.92215157 302.05187988
v -17.34471893 17.43882370 302.15438843
v -17.34471893 17.95539665 302.05139160
v -17.34471893 18.39323235 301.75854492
v -17.34471893 18.68567085 301.32043457
v -17.34471893 16.48315239 299.85025024
v -17.34471893 16.92098808 299.55740356
v -17.34471893 17.43756294 299.45440674
v -17.34471893 17.95423317 299.55691528
v -17.34471893 18.39234161 299.84936523
v -17.34471893 18.68518829 300.28720093
v -17.34471893 18.78819275 300.80377197
v -17.34471893 -14.30710316 254.93652344
v -17.34471893 -14.09048176 254.61199951
v -17.34471893 -13.76616001 254.39508057
v -17.34471893 -13.38351154 254.31877136
v -17.34471893 13.61648560 254.30616760
v -17.34471893 13.99920464 254.38211060
v -17.34471893 14.32372856 254.59873962
v -17.34471893 14.54065323 254.92304993
v -17.34471893 15.29251671 309.39868164
v -17.34471893 14.72149658 309.70126343
v -22.64472008 9.86826038 252.02473450
v -22.64472008 9.76517868 251.50796509
v -22.64472008 9.86762238 250.99148560
v -22.64472008 10.16002846 250.55329895
v -22.64472008 10.59787273 250.26039124
v -22.64472008 11.11448574 250.15733337
v -22.64472008 11.63120461 250.25985718
v -22.64472008 12.06934929 250.55232239
v -22.64472008 10.16114044 252.46249390
v -22.64472008 10.59923935 252.75485229
v -22.64472008 11.11587143 252.85734558
v -22.64472008 11.63239765 252.75433350
v -22.64472008 12.07019615 252.46150208
v -22.64472008 12.36262703 252.02345276
v -22.64472008 12.46517849 251.50683594
v -22.64472008 12.36220455 250.99020386
v -22.64472008 -12.13173771 252.03500366
v -22.64472008 -12.23481941 251.51823425
v -22.64472008 -12.13237572 251.00175476
v -22.64472008 -11.83996964 250.56356812
v -22.64472008 -11.40212536 250.27066040
v -22.64472008 -10.88551235 250.16760254
v -22.64472008 -10.36879349 250.27012634
v -22.64472008 -9.93064880 250.56259155
v -22.64472008 -11.83885670 252.47276306
v -22.64472008 -11.40075874 252.76512146
v -22.64472008 -10.88412666 252.86761475
v -22.64472008 -10.36759949 252.76460266
v -22.64472008 -9.92980194 252.47178650
v -22.64472008 -9.63737106 252.03372192
v -22.64472008 -9.53481960 251.51710510
v -22.64472008 -9.63779354 251.00047302
v -14.84471989 -17.68919945 252.84577942
v -14.84471989 -15.77840042 250.03295898
v -14.84471989 -14.85920048 252.84446716
v -14.84471989 15.08907604 249.14474487
v -14.84471989 15.43558598 249.39131165
v -14.84471989 15.09079647 252.83049011
v -14.84471989 15.74374866 249.68440247
v -14.84471989 16.00737190 250.01812744
v -14.84471989 17.92079544 252.82916260
v -14.84471989 -15.51508999 249.69898987
v -14.84471989 -15.20720100 249.40562439
v -14.84471989 -14.86092091 249.15872192
v 14.15528011 13.52597904 248.70620728
v 14.15528011 13.54694462 248.70628357
v 14.15528011 13.56790924 248.70648193
v 14.15528011 13.58887100 248.70684814
v 12.15528011 13.58887100 248.70684814
v 12.15528011 14.11212254 248.76374817
v 12.15528011 14.61737537 248.91123962
v 12.15528011 15.08907604 249.14474487
v 14.15528011 15.08907604 249.14474487
v 14.15528011 15.43558598 249.39131165
v 14.15528011 15.74374866 249.68440247
v 14.15528011 16.00737190 250.01812744
v 14.15528011 -13.29823399 248.71873474
v 14.15528011 -8.41112709 248.71646118
v 14.65528011 -6.91112661 248.71575928
v 14.65528011 7.13887167 248.70919800
v 12.15528011 -8.41112709 248.71646118
v 12.15528011 -6.91112661 248.71575928
v 12.15528011 7.13887167 248.70919800
v 14.15528011 8.63887119 248.70849609
v 12.15528011 8.63887119 248.70849609
v 14.15528011 -14.86092091 249.15872192
v 12.15528011 -14.86092091 249.15872192
v 12.15528011 -14.38943768 248.92477417
v 12.15528011 -13.88432407 248.77682495
v 14.15528011 -13.36112595 248.71942139
v 12.15528011 -13.36112595 248.71942139
v 14.15528011 -13.34016323 248.71905518
v 14.15528011 -13.31919956 248.71881104
v 14.15528011 -15.20720100 249.40562439
v 14.15528011 -15.51508999 249.69898987
v 14.15528011 -15.77840042 250.03295898
v 12.15528011 -19.96295929 298.34686279
v 12.15528011 -15.73401737 298.34487915
v 12.15528011 -19.96365929 296.84686279
v 12.15528011 -15.73170662 303.29489136
v 12.15528011 -18.27694702 304.79605103
v 12.15528011 -19.29764748 303.29653931
v 12.15528011 -15.74197674 281.29489136
v 12.15528011 -19.97021866 282.79684448
v 12.15528011 -19.97091866 281.29684448
v 12.15528011 -8.40915203 252.94538879
v 12.15528011 -6.90851259 254.31575012
v 12.15528011 -10.78325462 254.31756592
v 12.15528011 19.57634735 303.27838135
v 12.15528011 16.01040649 303.28005981
v 12.15528011 18.55704880 304.77886963
v 12.15528011 16.00809479 298.33004761
v 12.15528011 20.23633575 296.82809448
v 12.15528011 20.23703766 298.32809448
v 12.15528011 20.22907829 281.27807617
v 12.15528011 16.00013542 281.28005981
v 12.15528011 20.22977829 282.77807617
v 12.15528011 11.01622772 254.30738831
v 12.15528011 8.64084530 252.93743896
v 12.15528011 7.14148617 254.30918884
v 12.15528011 -15.74428749 276.34487915
v 12.15528011 -18.97382355 275.07138062
v 12.15528011 -19.97322845 276.34686279
v 12.15528011 -19.97392845 274.84686279
v 12.15528011 -18.97392845 274.84637451
v 12.15528011 19.22606659 274.82855225
v 12.15528011 19.22617149 275.05355835
v 12.15528011 20.22606659 274.82809448
v 12.15528011 20.22676659 276.32809448
v 12.15528011 15.99782467 276.33004761
v 12.15528011 20.21950722 260.77807617
v 12.15528011 20.21880722 259.27807617
v 12.15528011 19.21916962 260.05355835
v 12.15528011 15.98986530 259.28005981
v 12.15528011 19.21950722 260.77856445
v 12.15528011 -15.75224686 259.29489136
v 12.15528011 -18.98082733 260.07138062
v 12.15528011 -19.98118782 259.29684448
v 12.15528011 -19.98048782 260.79684448
v 12.15528011 -18.98048782 260.79638672
v 12.15528011 -13.35915184 252.94770813
v 12.15528011 -14.85920048 252.84446716
v 12.15528011 -13.55890369 254.70082092
v 12.15528011 -13.00150013 254.41648865
v 12.15528011 -17.68919945 252.84577942
v 12.15528011 -15.75455761 254.34487915
v 12.15528011 -14.00116062 255.14349365
v 12.15528011 -18.70849991 254.34626770
v 12.15528011 -14.28497982 255.70115662
v 12.15528011 -12.38351154 254.31831360
v 12.15528011 -10.98376942 254.31765747
v 12.15528011 15.09079647 252.83049011
v 12.15528011 13.59084511 252.93511963
v 12.15528011 11.21674347 254.30729675
v 12.15528011 12.61648560 254.30664062
v 12.15528011 13.23456478 254.40423584
v 12.15528011 13.79223442 254.68804932
v 12.15528011 14.23490429 255.13031006
v 12.15528011 15.98755455 254.33006287
v 12.15528011 14.51924324 255.68771362
v 12.15528011 18.94149590 254.32868958
v 12.15528011 17.92079544 252.82916260
v 14.15528011 -19.96295929 298.34686279
v 14.15528011 -15.73401737 298.34487915
v 14.15528011 -19.98219299 257.14523315
v 14.15528011 -19.98118782 259.29684448
v 14.65528011 -19.98048782 260.79684448
v 14.65528011 -19.97392845 274.84686279
v 14.15528011 -19.97322845 276.34686279
v 14.15528011 -19.97091866 281.29684448
v 14.65528011 -19.97021866 282.79684448
v 14.65528011 -19.96365929 296.84686279
v 14.15528011 -19.96153450 301.39846802
v 14.15528011 20.21880722 259.27807617
v 14.15528011 17.41828156 258.15438843
v 14.15528011 15.98986530 259.28005981
v 14.15528011 16.90161133 258.05187988
v 14.15528011 16.46350288 257.75942993
v 14.15528011 20.21780205 257.12646484
v 14.15528011 18.37269211 257.75854492
v 14.15528011 17.93485641 258.05139160
v 14.15528011 20.15828514 256.53323364
v 14.15528011 18.76765251 256.80377197
v 14.15528011 18.66513062 257.32043457
v 14.15528011 18.66464806 256.28720093
v 14.15528011 19.98263741 255.96351624
v 14.15528011 19.69779396 255.43977356
v 14.15528011 18.37179947 255.84934998
v 14.15528011 18.94149590 254.32868958
v 14.15528011 17.93369293 255.55691528
v 14.15528011 17.41702080 255.45439148
v 14.15528011 15.98755455 254.33006287
v 14.15528011 16.90044785 255.55740356
v 14.15528011 16.46261215 255.85025024
v 14.15528011 16.17017365 256.28836060
v 14.15528011 14.55976868 256.80572510
v 14.15528011 16.06765175 256.80502319
v 14.15528011 16.17065620 257.32159424
v 14.15528011 -18.70849991 254.34626770
v 14.15528011 -17.18297386 255.47055054
v 14.15528011 -15.75455761 254.34487915
v 14.15528011 -16.66630363 255.57307434
v 14.15528011 -16.22819519 255.86550903
v 14.15528011 -19.46376038 255.45805359
v 14.15528011 -18.13738441 255.86639404
v 14.15528011 -17.69954872 255.57354736
v 14.15528011 -18.42982292 256.30450439
v 14.15528011 -19.74811363 255.98207092
v 14.15528011 -19.92322922 256.55197144
v 14.15528011 -18.53234482 256.82116699
v 14.15528011 -18.42934036 257.33776855
v 14.15528011 -18.13649178 257.77560425
v 14.15528011 -17.69838524 258.06802368
v 14.15528011 -17.18171501 258.17056274
v 14.15528011 -15.75224686 259.29489136
v 14.15528011 -16.66514015 258.06753540
v 14.15528011 -16.22730446 257.77468872
v 14.15528011 -15.93486595 257.33657837
v 14.15528011 -14.32446098 256.81921387
v 14.15528011 -15.83234406 256.81991577
v 14.15528011 -15.93534851 256.30334473
v 14.65528011 20.21950722 260.77807617
v 14.65528011 20.22606659 274.82809448
v 14.15528011 20.22676659 276.32809448
v 14.15528011 20.22907829 281.27807617
v 14.65528011 20.22977829 282.77807617
v 14.65528011 20.23633575 296.82809448
v 14.15528011 20.23703766 298.32809448
v 14.15528011 20.23846245 301.37969971
v 14.15528011 17.92079544 252.82916260
v 14.15528011 15.09079647 252.83049011
v 14.15528011 -17.68919945 252.84577942
v 14.15528011 -14.85920048 252.84446716
v 12.15528011 -14.32446098 256.81921387
v 12.15528011 14.55976868 256.80572510
v 14.15528011 16.19071388 300.28836060
v 14.15528011 16.08819199 300.80502319
v 14.15528011 16.19119644 301.32159424
v 14.15528011 16.48404503 301.75942993
v 14.15528011 16.92215157 302.05187988
v 14.15528011 17.43882370 302.15438843
v 14.15528011 17.95539665 302.05139160
v 14.15528011 18.39323235 301.75854492
v 14.15528011 18.68567085 301.32043457
v 14.15528011 18.78819275 300.80377197
v 14.15528011 18.68518829 300.28720093
v 14.15528011 18.39234161 299.84936523
v 14.15528011 17.95423317 299.55691528
v 14.15528011 17.43756294 299.45440674
v 14.15528011 16.92098808 299.55740356
v 14.15528011 16.48315239 299.85025024
v 14.15528011 18.77792168 278.80377197
v 14.15528011 18.67539978 279.32043457
v 14.15528011 18.38296127 279.75854492
v 14.15528011 15.99782467 276.33004761
v 14.15528011 17.42729187 277.45440674
v 14.15528011 17.94396210 277.55691528
v 14.15528011 18.38207054 277.84936523
v 14.15528011 14.57003880 278.80572510
v 14.15528011 16.18044472 278.28836060
v 14.15528011 16.47288322 277.85025024
v 14.15528011 16.91071701 277.55740356
v 14.15528011 16.00013542 281.28005981
v 14.15528011 16.18092537 279.32159424
v 14.15528011 16.07792282 278.80502319
v 14.15528011 17.42855263 280.15438843
v 14.15528011 16.91188240 280.05187988
v 14.15528011 16.47377396 279.75942993
v 14.15528011 18.67491913 278.28720093
v 14.15528011 17.94512749 280.05139160
v 14.15528011 -18.52207375 278.82116699
v 14.15528011 -18.41955185 278.30450439
v 14.15528011 -18.12711334 277.86639404
v 14.15528011 -15.74197674 281.29489136
v 14.15528011 -17.17144394 280.17053223
v 14.15528011 -17.68811417 280.06802368
v 14.15528011 -18.12622261 279.77557373
v 14.15528011 -14.31419086 278.81921387
v 14.15528011 -15.92459583 279.33657837
v 14.15528011 -16.21703339 279.77468872
v 14.15528011 -16.65486908 280.06753540
v 14.15528011 -15.74428749 276.34487915
v 14.15528011 -15.92507744 278.30334473
v 14.15528011 -15.82207394 278.81991577
v 14.15528011 -17.17270470 277.47055054
v 14.15528011 -16.65603447 277.57305908
v 14.15528011 -16.21792603 277.86550903
v 14.15528011 -17.68927956 277.57354736
v 14.15528011 -18.41906929 279.33773804
v 14.15528011 -19.90201569 301.99169922
v 14.15528011 -18.40880013 301.33773804
v 14.15528011 -18.51180267 300.82116699
v 14.15528011 -18.40928268 300.30450439
v 14.15528011 -18.11595154 301.77557373
v 14.15528011 -19.72636795 302.56143188
v 14.15528011 -19.44152641 303.08517456
v 14.15528011 -17.67784309 302.06802368
v 14.15528011 -19.29764748 303.29653931
v 14.15528011 -17.16117287 302.17053223
v 14.15528011 -15.73170662 303.29489136
v 14.15528011 -16.64459801 302.06753540
v 14.15528011 -16.20676422 301.77468872
v 14.15528011 -15.91432476 301.33657837
v 14.15528011 -14.30391979 300.81921387
v 14.15528011 -15.81180382 300.81991577
v 14.15528011 -15.91480732 300.30334473
v 14.15528011 -16.20765495 299.86550903
v 14.15528011 -16.64576340 299.57305908
v 14.15528011 -17.16243362 299.47055054
v 14.15528011 -17.67900848 299.57354736
v 14.15528011 -18.11684418 299.86639404
v 14.15528011 20.00438118 302.54287720
v 14.15528011 19.72002792 303.06689453
v 14.15528011 19.57634735 303.27838135
v 14.15528011 16.01040649 303.28005981
v 14.15528011 20.17949867 301.97299194
v 14.15528011 16.00809479 298.33004761
v 14.15528011 14.58030891 300.80572510
v 14.15528011 -10.88544941 250.16760254
v 14.15528011 -10.36877918 250.27012634
v 14.15528011 -9.93067074 250.56257629
v 14.15528011 -12.13229752 251.00157166
v 14.15528011 -11.83985901 250.56346130
v 14.15528011 -11.40202427 250.27061462
v 14.15528011 -12.23481941 251.51823425
v 14.15528011 -13.35915184 252.94770813
v 14.15528011 -12.13181496 252.03482056
v 14.15528011 -11.83896732 252.47264099
v 14.15528011 -11.40085983 252.76509094
v 14.15528011 -10.88348484 254.37548828
v 14.15528011 -10.88418865 252.86761475
v 14.15528011 -10.36761475 252.76460266
v 14.15528011 -8.40915203 252.94538879
v 14.15528011 -9.92977905 252.47175598
v 14.15528011 -9.63734055 252.03364563
v 14.15528011 -9.53481960 251.51698303
v 14.15528011 -9.63782310 251.00039673
v 14.15528011 12.46517849 251.50671387
v 14.15528011 13.59084511 252.93511963
v 14.15528011 12.36265659 252.02337646
v 14.15528011 12.07021809 252.46148682
v 14.15528011 12.36217403 250.99012756
v 14.15528011 12.06932640 250.55229187
v 14.15528011 11.63121891 250.25985718
v 14.15528011 11.11454773 250.15733337
v 14.15528011 10.59797382 250.26034546
v 14.15528011 10.16013908 250.55319214
v 14.15528011 9.86769962 250.99130249
v 14.15528011 9.76517868 251.50796509
v 14.15528011 8.64084530 252.93743896
v 14.15528011 9.86818218 252.02453613
v 14.15528011 10.16102982 252.46237183
v 14.15528011 10.59913826 252.75482178
v 14.15528011 11.11651230 254.36521912
v 14.15528011 11.11580849 252.85734558
v 14.15528011 11.63238335 252.75433350
v 12.15528011 14.57003880 278.80572510
v 12.15528011 14.58030891 300.80572510
v 12.15528011 11.11651230 254.36521912
v 12.15528011 -10.88348484 254.37548828
v 12.15528011 -14.31419086 278.81921387
v 12.15528011 -14.30391979 300.81921387
v 14.65528011 18.55704880 304.77886963
v 14.65528011 15.73724365 308.92980957
v 14.65528011 14.72149658 309.70126343
v 14.65528011 15.29251671 309.39868164
v 14.65528011 -6.90851259 254.31575012
v 14.65528011 7.14148617 254.30918884
v 14.65528011 -15.00810432 309.41281128
v 14.65528011 -14.26036072 308.43722534
v 14.65528011 -15.45326900 308.94436646
v 14.65528011 -18.27694702 304.79605103
v 14.65528011 -13.97602081 308.99462891
v 14.65528011 -14.43680191 309.71487427
v 14.65528011 -13.53335094 309.43688965
v 14.65528011 -12.97568226 309.72070312
v 14.65528011 13.81778717 309.42410278
v 14.65528011 13.26038265 309.70846558
v 14.65528011 14.26004410 308.98144531
v 14.65528011 14.54386234 308.42376709
v 14.65528011 19.21950722 260.77856445
v 14.65528011 19.22606659 274.82855225
v 14.65528011 -18.98048782 260.79638672
v 14.65528011 -18.97392845 274.84637451
v -15.34471989 -6.90851259 254.31575012
v -15.34471989 7.14148617 254.30918884
v -19.29665565 -13.06331444 254.31861877
v -19.34471893 -12.88351154 254.31854248
v -19.18173790 -13.22389221 254.31869507
v -19.34471893 13.11648560 254.30641174
v -19.18425560 13.45692635 254.30624390
v -19.29948997 13.29635620 254.30632019
v -19.02425575 13.57227516 254.30619812
v -19.02330971 -13.33927917 254.31875610
v -18.84471893 13.61648560 254.30616760
v -18.84471893 -13.38351154 254.31877136
v 18.60721588 7.94628859 254.30882263
v 18.65528107 7.76648569 254.30889893
v 18.49229813 8.10686588 254.30874634
v 18.65528107 -7.53351259 254.31604004
v 18.49481773 -7.87395287 254.31620789
v 18.61005020 -7.71338320 254.31613159
v 18.33481598 -7.98930264 254.31625366
v 18.33387184 8.22225380 254.30868530
v 18.15528107 -8.03351212 254.31628418
v 18.15528107 8.26648617 254.30867004
v -0.34471968 -13.00150013 254.41648865
v -0.34471968 -13.55890369 254.70082092
v -0.34471968 -14.00116062 255.14349365
v -0.34471968 -14.28497982 255.70115662
v -0.34471968 14.51924324 255.68771362
v -0.34471968 14.23490429 255.13031006
v -0.34471968 13.79223442 254.68804932
v -0.34471968 13.23456478 254.40423584
v -15.34471989 7.13887167 248.70919800
v -15.34471989 -6.91112661 248.71575928
v -15.34471989 -13.53335094 309.43688965
v -15.34471989 -12.97568226 309.72070312
v -15.34471989 -13.97602081 308.99462891
v -15.34471989 -14.26036072 308.43722534
v -15.34471989 15.29251671 309.39868164
v -15.34471989 14.54386234 308.42376709
v -15.34471989 14.26004410 308.98144531
v -15.34471989 14.72149658 309.70126343
v -15.34471989 13.81778717 309.42410278
v -15.34471989 13.26038265 309.70846558
v -5.34471989 -14.26036072 308.43722534
v 4.65528011 -14.26036072 308.43722534
v 4.65528011 -13.97602081 308.99462891
v 4.65528011 -13.53335094 309.43688965
v 4.65528011 -12.97568226 309.72070312
v -5.34471989 -12.97568226 309.72070312
v -5.34471989 -13.53335094 309.43688965
v -5.34471989 -13.97602081 308.99462891
v -5.34471989 13.26038265 309.70846558
v 4.65528011 13.26038265 309.70846558
v 4.65528011 13.81778717 309.42410278
v 4.65528011 14.26004410 308.98144531
v 4.65528011 14.54386234 308.42376709
v -5.34471989 14.54386234 308.42376709
v -5.34471989 14.26004410 308.98144531
v -5.34471989 13.81778717 309.42410278
v -20.84471893 -12.88281155 255.81854248
v -20.77130508 -12.88302803 255.35501099
v -20.73053932 0.11691900 255.23844910
v -20.55824471 -12.88322353 254.93685913
v -20.40538025 0.11669183 254.75181580
v -20.22639847 -12.88337803 254.60501099
v -19.91874504 0.11654003 254.42665100
v -19.80824471 -12.88347721 254.39195251
v -19.80824471 13.11651993 254.37982178
v -20.77130508 13.11696911 255.34288025
v -20.55824471 13.11677361 254.92472839
v -20.22639847 13.11661911 254.59288025
v -20.84471893 5.53014469 295.73696899
v -20.84471893 5.63632679 296.80990601
v -20.84471893 5.53114653 297.88293457
v -20.84471893 0.13375962 291.31246948
v -20.84471893 1.20680559 291.41766357
v -20.84471893 2.23871374 291.73016357
v -20.84471893 -5.25849199 295.74200439
v -20.84471893 -4.94599247 294.71008301
v -20.84471893 -4.43818140 293.75897217
v -20.84471893 0.13889480 302.31246948
v -20.84471893 -0.93415117 302.20727539
v -20.84471893 -1.96605933 301.89477539
v -20.84471893 3.18982840 292.23794556
v -20.84471893 4.02359867 292.92156982
v -20.84471893 4.70798302 293.75469971
v -20.84471893 5.21668148 294.70535278
v -20.84471893 5.21864653 298.91485596
v -20.84471893 4.71083593 299.86596680
v -20.84471893 4.02722979 300.69973755
v -20.84471893 3.19409800 301.38412476
v -20.84471893 2.24345803 301.89282227
v -20.84471893 1.21184218 302.20629883
v -20.84471893 -2.91717386 301.38696289
v -20.84471893 -3.75094414 300.70336914
v -20.84471893 -4.43532848 299.87023926
v -20.84471893 -4.94402695 298.91958618
v -20.84471893 -5.25749016 297.88796997
v -20.84471893 -5.36367226 296.81503296
v -20.84471893 -3.75457525 292.92520142
v -20.84471893 -2.92144370 292.24081421
v -20.84471893 -1.97080362 291.73211670
v -20.84471893 -0.93918771 291.41864014
v -21.34471893 -0.93918771 291.41864014
v -21.34471893 0.13375962 291.31246948
v -21.34471893 1.20680559 291.41766357
v -21.34471893 2.23871374 291.73016357
v -21.34471893 3.18982840 292.23794556
v -21.34471893 4.02359867 292.92156982
v -21.34471893 4.70798302 293.75469971
v -21.34471893 5.21668148 294.70535278
v -21.34471893 5.53014469 295.73696899
v -21.34471893 5.63632679 296.80990601
v -21.34471893 5.53114653 297.88293457
v -21.34471893 5.21864653 298.91485596
v -21.34471893 4.71083593 299.86596680
v -21.34471893 4.02722979 300.69973755
v -21.34471893 3.19409800 301.38412476
v -21.34471893 2.24345803 301.89282227
v -21.34471893 1.21184218 302.20629883
v -21.34471893 0.13889480 302.31246948
v -21.34471893 -0.93415117 302.20727539
v -21.34471893 -1.96605933 301.89477539
v -21.34471893 -2.91717386 301.38696289
v -21.34471893 -3.75094414 300.70336914
v -21.34471893 -4.43532848 299.87023926
v -21.34471893 -4.94402695 298.91958618
v -21.34471893 -5.25749016 297.88796997
v -21.34471893 -5.36367226 296.81503296
v -21.34471893 -5.25849199 295.74200439
v -21.34471893 -4.94599247 294.71008301
v -21.34471893 -4.43818140 293.75897217
v -21.34471893 -3.75457525 292.92520142
v -21.34471893 -2.92144370 292.24081421
v -21.34471893 -1.97080362 291.73211670
v -21.34471893 1.89747643 310.70126343
v -21.34471893 0.14286290 310.81246948
v -21.34471893 -1.61185372 310.70288086
v -21.34471893 -3.33900046 310.37426758
v -21.34471893 -5.01133919 309.83175659
v -21.34471893 -6.60249615 309.08392334
v -21.34471893 -8.08737755 308.14254761
v -21.34471893 -9.44256687 307.02249146
v -21.34471893 -10.64669132 305.74142456
v -21.34471893 -11.68076038 304.31954956
v -21.34471893 -12.52846718 302.77929688
v -21.34471893 -13.17644310 301.14492798
v -21.34471893 -13.61446857 299.44223022
v -21.34471893 -13.83563519 297.69805908
v -21.34471893 -13.83645630 295.93991089
v -21.34471893 -13.61691761 294.19555664
v -21.34471893 -13.18048191 292.49246216
v -21.34471893 -12.53403282 290.85748291
v -21.34471893 -11.68776417 289.31640625
v -21.34471893 -10.65502262 287.89355469
v -21.34471893 -9.45209599 286.61138916
v -21.34471893 -8.09795284 285.49008179
v -21.34471893 -6.61395073 284.54733276
v -21.34471893 -5.02349281 283.79800415
v -21.34471893 -3.35166121 283.25393677
v -21.34471893 -1.62482202 282.92367554
v -21.34471893 0.12979153 282.81246948
v -21.34471893 1.88450813 282.92205811
v -21.34471893 3.61165500 283.25067139
v -21.34471893 5.28399372 283.79318237
v -21.34471893 6.87515068 284.54101562
v -21.34471893 8.36003208 285.48239136
v -21.34471893 9.71522141 286.60244751
v -21.34471893 10.91934586 287.88348389
v -21.34471893 11.95341492 289.30538940
v -21.34471893 12.80112171 290.84564209
v -21.34471893 13.44909763 292.48001099
v -21.34471893 13.88712215 294.18270874
v -21.34471893 14.10828972 295.92687988
v -21.34471893 14.10910988 297.68502808
v -21.34471893 13.88957214 299.42938232
v -21.34471893 13.45313644 301.13247681
v -21.34471893 12.80668736 302.76745605
v -21.34471893 11.96041870 304.30853271
v -21.34471893 10.92767715 305.73135376
v -21.34471893 9.72474957 307.01354980
v -21.34471893 8.37060738 308.13485718
v -21.34471893 6.88660526 309.07760620
v -21.34471893 5.29614735 309.82693481
v -21.34471893 3.62431550 310.37100220
v -23.84471893 -1.61185372 310.70288086
v -23.84471893 0.14286290 310.81246948
v -23.84471893 1.89747643 310.70126343
v -23.84471893 3.62431550 310.37100220
v -23.84471893 5.29614735 309.82693481
v -23.84471893 6.88660526 309.07760620
v -23.84471893 8.37060738 308.13485718
v -23.84471893 9.72474957 307.01354980
v -23.84471893 10.92767715 305.73135376
v -23.84471893 11.96041870 304.30853271
v -23.84471893 12.80668736 302.76745605
v -23.84471893 13.45313644 301.13247681
v -23.84471893 13.88957214 299.42938232
v -23.84471893 14.10910988 297.68502808
v -23.84471893 14.10828972 295.92687988
v -23.84471893 13.88712215 294.18270874
v -23.84471893 13.44909763 292.48001099
v -23.84471893 12.80112171 290.84564209
v -23.84471893 11.95341492 289.30538940
v -23.84471893 10.91934586 287.88348389
v -23.84471893 9.71522141 286.60244751
v -23.84471893 8.36003208 285.48239136
v -23.84471893 6.87515068 284.54101562
v -23.84471893 5.28399372 283.79318237
v -23.84471893 3.61165500 283.25067139
v -23.84471893 1.88450813 282.92205811
v -23.84471893 0.12979153 282.81246948
v -23.84471893 -1.62482202 282.92367554
v -23.84471893 -3.35166121 283.25393677
v -23.84471893 -5.02349281 283.79800415
v -23.84471893 -6.61395073 284.54733276
v -23.84471893 -8.09795284 285.49008179
v -23.84471893 -9.45209599 286.61138916
v -23.84471893 -10.65502262 287.89355469
v -23.84471893 -11.68776417 289.31640625
v -23.84471893 -12.53403282 290.85748291
v -23.84471893 -13.18048191 292.49246216
v -23.84471893 -13.61691761 294.19555664
v -23.84471893 -13.83645630 295.93991089
v -23.84471893 -13.83563519 297.69805908
v -23.84471893 -13.61446857 299.44223022
v -23.84471893 -13.17644310 301.14492798
v -23.84471893 -12.52846718 302.77929688
v -23.84471893 -11.68076038 304.31954956
v -23.84471893 -10.64669132 305.74142456
v -23.84471893 -9.44256687 307.02249146
v -23.84471893 -8.08737755 308.14254761
v -23.84471893 -6.60249615 309.08392334
v -23.84471893 -5.01133919 309.83175659
v -23.84471893 -3.33900046 310.37426758
v -23.84471893 0.13866138 301.81246948
v -23.84471893 1.17816877 301.70272827
v -23.84471893 2.17214251 301.37924194
v -23.84471893 3.07714152 300.85617065
v -23.84471893 3.85361290 300.15637207
v -23.84471893 4.46762085 299.31045532
v -23.84471893 4.89233065 298.35534668
v -23.84471893 5.10917997 297.33279419
v -23.84471893 5.10869217 296.28750610
v -23.84471893 4.89088774 295.26516724
v -23.84471893 4.46528673 294.31045532
v -23.84471893 3.85048914 293.46508789
v -23.84471893 3.07336473 292.76602173
v -23.84471893 2.16787791 292.24380493
v -23.84471893 1.17360234 291.92123413
v -23.84471893 0.13399303 291.81246948
v -23.84471893 -0.90551430 291.92221069
v -23.84471893 -1.89948821 292.24569702
v -23.84471893 -2.80448723 292.76876831
v -23.84471893 -3.58095837 293.46853638
v -23.84471893 -4.19496632 294.31448364
v -23.84471893 -4.61967611 295.26959229
v -23.84471893 -4.83652592 296.29214478
v -23.84471893 -4.83603764 297.33743286
v -23.84471893 -4.61823368 298.35977173
v -23.84471893 -4.19263220 299.31448364
v -23.84471893 -3.57783461 300.15985107
v -23.84471893 -2.80071044 300.85891724
v -23.84471893 -1.89522338 301.38113403
v -23.84471893 -0.90094799 301.70370483
v -25.64472008 -0.90094799 301.70370483
v -25.64472008 0.13866138 301.81246948
v -25.64472008 1.17816877 301.70272827
v -25.64472008 2.17214251 301.37924194
v -25.64472008 3.07714152 300.85617065
v -25.64472008 3.85361290 300.15637207
v -25.64472008 4.46762085 299.31045532
v -25.64472008 4.89233065 298.35534668
v -25.64472008 5.10917997 297.33279419
v -25.64472008 5.10869217 296.28750610
v -25.64472008 4.89088774 295.26516724
v -25.64472008 4.46528673 294.31045532
v -25.64472008 3.85048914 293.46508789
v -25.64472008 3.07336473 292.76602173
v -25.64472008 2.16787791 292.24380493
v -25.64472008 1.17360234 291.92123413
v -25.64472008 0.13399303 291.81246948
v -25.64472008 -0.90551430 291.92221069
v -25.64472008 -1.89948821 292.24569702
v -25.64472008 -2.80448723 292.76876831
v -25.64472008 -3.58095837 293.46853638
v -25.64472008 -4.19496632 294.31448364
v -25.64472008 -4.61967611 295.26959229
v -25.64472008 -4.83652592 296.29214478
v -25.64472008 -4.83603764 297.33743286
v -25.64472008 -4.61823368 298.35977173
v -25.64472008 -4.19263220 299.31448364
v -25.64472008 -3.57783461 300.15985107
v -25.64472008 -2.80071044 300.85891724
v -25.64472008 -1.89522338 301.38113403
v -25.64472008 0.13761100 299.56246948
v -25.64472008 0.87950444 299.46014404
v -25.64472008 1.56627977 299.16146851
v -25.64472008 2.14700222 298.68853760
v -25.64472008 2.57860184 298.07650757
v -25.64472008 2.82906938 297.37072754
v -25.64472008 2.87982845 296.62353516
v -25.64472008 2.72711444 295.89035034
v -25.64472008 2.38225389 295.22555542
v -25.64472008 1.87082303 294.67846680
v -25.64472008 1.23075259 294.28961182
v -25.64472008 0.50951362 294.08792114
v -25.64472008 -0.23940288 294.08825684
v -25.64472008 -0.96045315 294.29064941
v -25.64472008 -1.60016036 294.68008423
v -25.64472008 -2.11108017 295.22766113
v -25.64472008 -2.45531988 295.89276123
v -25.64472008 -2.60734916 296.62606812
v -25.64472008 -2.55589247 297.37322998
v -25.64472008 -2.30476618 298.07879639
v -25.64472008 -1.87259519 298.69042969
v -25.64472008 -1.29143155 299.16278076
v -25.64472008 -0.60437763 299.46084595
v -28.34471893 -0.60437763 299.46084595
v -28.34471893 0.13761100 299.56246948
v -28.34471893 0.87950444 299.46014404
v -28.34471893 1.56627977 299.16146851
v -28.34471893 2.14700222 298.68853760
v -28.34471893 2.57860184 298.07650757
v -28.34471893 2.82906938 297.37072754
v -28.34471893 2.87982845 296.62353516
v -28.34471893 2.72711444 295.89035034
v -28.34471893 2.38225389 295.22555542
v -28.34471893 1.87082303 294.67846680
v -28.34471893 1.23075259 294.28961182
v -28.34471893 0.50951362 294.08792114
v -28.34471893 -0.23940288 294.08825684
v -28.34471893 -0.96045315 294.29064941
v -28.34471893 -1.60016036 294.68008423
v -28.34471893 -2.11108017 295.22766113
v -28.34471893 -2.45531988 295.89276123
v -28.34471893 -2.60734916 296.62606812
v -28.34471893 -2.55589247 297.37322998
v -28.34471893 -2.30476618 298.07879639
v -28.34471893 -1.87259519 298.69042969
v -28.34471893 -1.29143155 299.16278076
v -20.73053932 -13.43741608 297.41879272
v -20.40538025 -13.92405128 297.41903687
v -19.91874504 -14.24921036 297.41918945
v -19.91874504 -14.25406551 287.01919556
v -19.91874504 -14.25892067 276.61920166
v -20.40538025 -13.93376160 276.61904907
v -20.40538025 -13.93861675 266.21902466
v -20.73053932 -13.45198154 266.21881104
v -20.55824471 -13.76448917 255.81895447
v -20.77130508 -13.34633732 255.81875610
v -20.73053932 -13.44712639 276.61880493
v -20.73053932 -13.44227123 287.01879883
v -20.40538025 -13.92890644 287.01904297
v -20.22639847 -14.09633732 255.81910706
v -19.91874504 -14.26377583 266.21917725
v -19.80824471 -14.30939579 255.81921387
v -19.74666786 -12.94619083 254.37483215
v -20.09030151 -13.10619068 254.53631592
v -20.31468201 -13.35477066 254.77624512
v -20.65594673 -13.41337490 255.31935120
v -20.39229202 -13.64230728 255.05975342
v -20.44352722 -13.86286736 255.53198242
v -20.08922386 -14.16560268 255.59478760
v -19.74666214 -14.32656384 255.75637817
v -20.31402588 -13.92583275 255.34680176
v -19.13736725 -14.37906265 255.32284546
v -19.20006752 -14.36600208 255.24713135
v -19.25861168 -14.34212399 255.16256714
v -19.62898064 -14.31255150 255.38462830
v -19.73376656 -14.25529480 255.29199219
v -19.83949471 -14.23468685 255.36566162
v -19.97892952 -14.10284233 255.19926453
v -20.09060287 -14.06619644 255.27137756
v -20.17921638 -13.88757896 255.07798767
v -19.38650894 -14.37551403 255.52203369
v -19.51164436 -14.35241985 255.46185303
v -19.58609772 -14.34654140 255.53416443
v -19.72007751 -14.30009842 255.45858765
v -19.80170059 -14.28649521 255.53492737
v -19.93528175 -14.21234512 255.44158936
v -19.44298553 -14.37394428 255.59053040
v -19.65134048 -14.34008026 255.60900879
v -19.49027252 -14.37221050 255.66174316
v -20.19215965 -13.69091129 254.87879944
v -20.12775612 -13.49375916 254.69190979
v -19.99282265 -13.31444645 254.53330994
v -20.01229286 -13.56388855 254.65052795
v -19.89084435 -13.38952637 254.50624084
v -19.88585091 -13.63169861 254.61174011
v -19.77878189 -13.46235466 254.48124695
v -19.38645554 -13.83164692 254.51002502
v -19.33317375 -13.68102360 254.41931152
v -18.84471893 -13.76616001 254.39508057
v -19.25778389 -13.53994274 254.35952759
v -19.16787148 -13.41681480 254.32789612
v -19.44763184 -13.20891953 254.33528137
v -19.51333237 -13.13827896 254.33863831
v -19.57012749 -13.06502151 254.34237671
v -19.71878052 -13.24358654 254.40095520
v -19.80067825 -13.16717148 254.41459656
v -18.84471893 -14.09048176 254.61199951
v -19.41214943 -13.98059845 254.62963867
v -19.93729401 -13.81191254 254.77264404
v -20.07047844 -13.75268745 254.82438660
v -19.40691948 -14.11529636 254.77062988
v -18.84471893 -14.30710316 254.93652344
v -19.37170410 -14.22559547 254.92169189
v -19.31072235 -14.30580711 255.07031250
v -19.85646248 -14.13709641 255.12939453
v -19.92697525 -13.98558331 254.95072937
v -20.05880737 -13.93790722 255.01312256
v -19.62759018 -13.31762218 254.38856506
v -19.74666786 14.56089687 255.74302673
v -20.09030151 14.39941120 255.58302307
v -20.31468201 14.15948105 255.33444214
v -20.65594673 13.61637115 255.27584839
v -20.39229202 13.87597275 255.04690552
v -20.44352722 13.40374088 254.82635498
v -20.08922386 13.34094429 254.52362061
v -19.74666214 13.17934418 254.36265564
v -20.31402588 13.58893013 254.76338196
v -19.13736725 13.61288548 254.31015015
v -19.20006752 13.68860245 254.32321167
v -19.25861168 13.77316761 254.34709167
v -19.62898064 13.55110168 254.37666321
v -19.73376656 13.64373207 254.43391418
v -19.83949471 13.57007122 254.45452881
v -19.97892952 13.73646545 254.58638000
v -20.09060287 13.66434288 254.62301636
v -20.17921638 13.85774708 254.80163574
v -19.38650894 13.41369152 254.31370544
v -19.51164436 13.47387123 254.33679199
v -19.58609772 13.40156269 254.34268188
v -19.72007751 13.47714043 254.38911438
v -19.80170059 13.40079975 254.40272522
v -19.93528175 13.49414444 254.47686768
v -19.44298553 13.34519577 254.31527710
v -19.65134048 13.32671165 254.34913635
v -19.49027252 13.27398300 254.31700134
v -20.19215965 14.05692291 254.99830627
v -20.12775612 14.24381828 255.19544983
v -19.99282265 14.40241241 255.37477112
v -20.01229286 14.28519630 255.12532043
v -19.89084435 14.42947960 255.29968262
v -19.88585091 14.32398796 255.05751038
v -19.77878189 14.45447445 255.22686768
v -19.38645554 14.42569923 254.85757446
v -19.33317375 14.51642323 255.00819397
v -18.84471893 14.54065323 254.92304993
v -19.25778389 14.57619476 255.14927673
v -19.16787148 14.60783100 255.27239990
v -19.44763184 14.60044003 255.48030090
v -19.51333237 14.59708977 255.55093384
v -19.57012749 14.59334373 255.62419128
v -19.71878052 14.53476810 255.44563293
v -19.80067825 14.52113056 255.52204895
v -18.84471893 14.32372856 254.59873962
v -19.41214943 14.30609226 254.70861816
v -19.93729401 14.16308594 254.87730408
v -20.07047844 14.11133671 254.93652344
v -19.40691948 14.16510010 254.57391357
v -18.84471893 13.99920464 254.38211060
v -19.37170410 14.01404095 254.46362305
v -19.31072235 13.86542225 254.38340759
v -19.85646248 13.80632687 254.55212402
v -19.92697525 13.98499775 254.70362854
v -20.05880737 13.92260361 254.75131226
v -19.62759018 14.54716873 255.37159729
v 20.08186531 7.76696968 255.34538269
v 20.04109955 0.11691900 255.23844910
v 19.86880493 7.76677465 254.92723083
v 19.71594048 0.11669183 254.75181580
v 19.53695869 7.76661968 254.59538269
v 19.22930527 0.11654003 254.42665100
v 19.11880493 7.76652002 254.38232422
v 19.11880493 -7.53347826 254.38946533
v 20.08186531 -7.53302860 255.35252380
v 19.86880493 -7.53322363 254.93437195
v 19.53695869 -7.53337860 254.60252380
v 19.05722809 7.82921743 254.36512756
v 19.40086174 7.98936749 254.52647400
v 19.62524223 8.23817253 254.76615906
v 19.96650696 8.29728317 255.30921936
v 20.08186531 8.23071194 255.80868530
v 19.70285416 8.52597332 255.04940796
v 19.75408745 8.74697399 255.52143860
v 19.86880493 8.64886379 255.80848694
v 19.53695869 8.98071194 255.80833435
v 19.39978409 9.04976749 255.58393860
v 19.11880493 9.19377041 255.80824280
v 19.05722237 9.21087933 255.74539185
v 18.65528107 9.26718616 255.80819702
v 19.62458611 8.80976582 255.33618164
v 18.33481598 9.26697350 255.35241699
v 18.44792747 9.26297283 255.31179810
v 18.15528107 9.26695251 255.30819702
v 18.51062965 9.24984264 255.23609924
v 18.56917381 9.22588539 255.15155029
v 18.93954086 9.19652081 255.37365723
v 19.04432678 9.13917732 255.28106689
v 19.15005493 9.11863804 255.35475159
v 19.28949165 8.98663807 255.18847656
v 19.40116310 8.95005989 255.26063538
v 19.48977661 8.77126217 255.06739807
v 18.49481773 9.26702690 255.46775818
v 18.69706917 9.25961113 255.51100159
v 18.82220459 9.23646069 255.45085144
v 18.89665794 9.23064995 255.52316284
v 19.03063774 9.18413639 255.44761658
v 19.11226082 9.17060471 255.52397156
v 19.24584198 9.09636688 255.43070984
v 18.61005020 9.26710224 255.62832642
v 18.75354576 9.25810528 255.57949829
v 18.96190071 9.22425842 255.59802246
v 18.80083466 9.25643826 255.65071106
v 19.50271988 8.57440853 254.86840820
v 19.43831635 8.37708187 254.68170166
v 19.30338287 8.19762039 254.52326965
v 19.32285309 8.44717216 254.64025879
v 19.20140457 8.27267551 254.49613953
v 19.19641113 8.51494598 254.60139465
v 19.08934402 8.34548092 254.47106934
v 18.69701576 8.71479893 254.49949646
v 18.64373398 8.56409073 254.40892029
v 18.15528107 8.64920521 254.38461304
v 18.56834412 8.42295456 254.34927368
v 18.47843170 8.29979706 254.31776428
v 18.75819206 8.09190845 254.32534790
v 18.82389259 8.02127171 254.32876587
v 18.88068771 7.94801760 254.33258057
v 19.02934265 8.12663651 254.39097595
v 19.11124039 8.05023479 254.40469360
v 18.15528107 8.97372913 254.60122681
v 18.72270966 8.86386204 254.61897278
v 19.24785614 8.69530964 254.76213074
v 19.38103867 8.63613319 254.81393433
v 18.71747971 8.99869156 254.75984192
v 18.15528107 9.19065380 254.92555237
v 18.68226433 9.10913277 254.91079712
v 18.62128258 9.18948174 255.05934143
v 19.16702271 9.02082729 255.11859131
v 19.23753548 8.86914730 254.94006348
v 19.36936760 8.82152939 255.00250244
v 18.93815041 8.20066166 254.37850952
v 18.65528107 9.26788616 257.30819702
v 20.08186531 8.23141289 257.30868530
v 19.86880493 8.64956474 257.30850220
v 19.53695679 8.98141193 257.30834961
v 19.11880493 9.19447136 257.30822754
v 20.08186531 11.61946678 260.69357300
v 20.04109955 10.98027515 260.52041626
v 19.86880493 11.61927128 260.27542114
v 19.71594048 11.07499027 260.04309082
v 19.53695679 11.61911678 259.94357300
v 19.22930527 11.13827610 259.72415161
v 19.11880493 11.61901760 259.73052979
v 18.65528107 11.01072121 259.57730103
v 18.65528107 11.61898327 259.65710449
v 20.04109955 10.36563873 260.33428955
v 20.04109955 9.79912472 260.03182983
v 20.04109955 9.30250454 259.62463379
v 20.04109955 8.89486313 259.12841797
v 20.04109955 8.59186649 258.56216431
v 20.04109955 8.40515804 257.94772339
v 19.71594048 8.88239765 257.85256958
v 19.22930527 9.20127869 257.78897095
v 18.65528107 9.34824467 257.91638184
v 19.22930527 9.34172058 258.25115967
v 18.65528107 9.58327484 258.48306274
v 19.22930527 9.56963444 258.67709351
v 18.65528107 9.95696068 258.96957397
v 19.22930527 9.87626076 259.05035400
v 19.22930527 10.24981689 259.35662842
v 19.71594048 10.06929493 259.62707520
v 19.71594048 10.55165482 259.88461304
v 18.65528107 10.44383621 259.34280396
v 19.22930527 10.67594814 259.58413696
v 19.71594048 9.64644623 259.28039551
v 19.71594048 9.29935932 258.85784912
v 19.71594048 9.04137135 258.37573242
v 18.65528107 13.11898327 259.65640259
v 19.11880493 13.11901760 259.72982788
v 19.53695869 13.11911678 259.94287109
v 19.86880493 13.11927128 260.27471924
v 20.08186531 13.11946678 260.69287109
v 18.15528107 13.61898327 259.65615845
v 18.33387184 13.57474995 259.65618896
v 18.49229813 13.45936298 259.65625000
v 18.60721588 13.29878521 259.65631104
v 18.44792747 14.61546993 260.65930176
v 18.51062965 14.60233974 260.58358765
v 18.56917381 14.57838249 260.49905396
v 18.93954086 14.54901791 260.72116089
v 19.04432678 14.49167442 260.62857056
v 19.15005493 14.47113514 260.70227051
v 19.28949165 14.33913517 260.53598022
v 19.40116310 14.30255699 260.60815430
v 19.48977661 14.12375832 260.41491699
v 19.62458611 14.16226292 260.68368530
v 19.70285416 13.87846947 260.39691162
v 18.69706917 14.61210823 260.85848999
v 18.82220459 14.58895779 260.79833984
v 18.89665794 14.58314705 260.87066650
v 19.03063774 14.53663349 260.79513550
v 19.11226082 14.52310181 260.87149048
v 19.24584198 14.44886398 260.77819824
v 19.39978409 14.40226460 260.93145752
v 18.75354576 14.61060238 260.92700195
v 18.96190071 14.57675552 260.94552612
v 19.05722237 14.56337643 261.09289551
v 18.80083466 14.60893536 260.99822998
v 19.50271988 13.92690563 260.21591187
v 19.62524223 13.59066963 260.11367798
v 19.43831635 13.72957897 260.02920532
v 19.30338287 13.55011749 259.87078857
v 19.32285309 13.79966927 259.98776245
v 19.20140457 13.62517262 259.84362793
v 19.19641113 13.86744308 259.94891357
v 19.08934402 13.69797802 259.81857300
v 18.69701576 14.06729603 259.84701538
v 18.64373398 13.91658783 259.75640869
v 18.15528107 14.00170135 259.73211670
v 18.56834412 13.77545166 259.69677734
v 18.47843170 13.65229416 259.66525269
v 18.75819206 13.44440556 259.67285156
v 18.82389259 13.37376881 259.67626953
v 18.88068771 13.30051422 259.68008423
v 19.02934265 13.47913361 259.73849487
v 19.11124039 13.40273190 259.75219727
v 19.40086174 13.34186459 259.87396240
v 19.05722809 13.18171406 259.71264648
v 18.15528107 14.32622623 259.94873047
v 18.72270966 14.21635914 259.96646118
v 19.24785614 14.04780674 260.10964966
v 19.38103867 13.98863029 260.16143799
v 18.71747971 14.35118866 260.10733032
v 18.15528107 14.54315090 260.27304077
v 18.68226433 14.46162987 260.25830078
v 18.62128258 14.54197884 260.40682983
v 19.16702271 14.37332439 260.46609497
v 19.23753548 14.22164440 260.28756714
v 19.36936760 14.17402554 260.35000610
v 18.93815041 13.55315781 259.72601318
v 19.96650696 13.64978027 260.65673828
v 20.08186531 13.58320904 261.15618896
v 19.75408745 14.09947109 260.86892700
v 19.86880493 14.00136089 261.15600586
v 19.53695869 14.33320808 261.15582275
v 19.11880493 14.54626751 261.15573120
v 20.08186531 13.60272217 302.95617676
v 20.04109955 13.70834351 292.50613403
v 19.86880493 14.02087498 302.95599365
v 19.71594048 14.19497871 292.50592041
v 19.53695869 14.35272217 302.95584106
v 19.22930527 14.52013779 292.50576782
v 19.11880493 14.56578159 302.95571899
v 19.22930527 14.51525879 282.05575562
v 19.22930527 14.51038074 271.60574341
v 19.71594048 14.18522167 271.60589600
v 20.04109955 13.69858646 271.60614014
v 20.04109955 13.70346546 282.05612183
v 19.71594048 14.19009972 282.05590820
v 19.05722809 14.58296680 303.01843262
v 19.40086174 14.42162991 303.17858887
v 19.62524223 14.18193245 303.42739868
v 19.96650696 13.63887691 303.48651123
v 20.08186531 13.13941288 303.41992188
v 19.70285416 13.89869213 303.71517944
v 19.75408745 13.42666721 303.93618774
v 19.86880493 13.13960838 303.83807373
v 19.53695869 13.13976288 304.16992188
v 19.39978409 13.36415291 304.23898315
v 19.11880493 13.13986301 304.38299561
v 19.05722237 13.20270348 304.40008545
v 18.65528107 13.13989735 304.45639038
v 19.62458611 13.61191463 303.99899292
v 18.33481598 13.59568691 304.45617676
v 18.44792747 13.63629341 304.45217896
v 18.15528107 13.63989735 304.45617676
v 18.51062965 13.71199799 304.43905640
v 18.56917381 13.79654121 304.41510010
v 18.93954086 13.57444763 304.38574219
v 19.04432678 13.66702461 304.32839966
v 19.15005493 13.59334373 304.30786133
v 19.28949165 13.75961494 304.17584229
v 19.40116310 13.68745899 304.13928223
v 19.48977661 13.88069630 303.96047974
v 18.49481773 13.48033810 304.45623779
v 18.69706917 13.43709660 304.44882202
v 18.82220459 13.49725437 304.42565918
v 18.89665794 13.42494011 304.41986084
v 19.03063774 13.50047493 304.37335205
v 19.11226082 13.42412090 304.35983276
v 19.24584198 13.51739597 304.28558350
v 18.61005020 13.31976795 304.45632935
v 18.75354576 13.36859894 304.44732666
v 18.96190071 13.35008335 304.41348267
v 18.80083466 13.29738426 304.44564819
v 19.50271988 14.07968807 303.76361084
v 19.43831635 14.26639938 303.56628418
v 19.30338287 14.42482662 303.38684082
v 19.32285309 14.30784225 303.63638306
v 19.20140457 14.45196342 303.46188354
v 19.19641113 14.34669781 303.70416260
v 19.08934402 14.47702599 303.53469849
v 18.69701576 14.44859600 303.90402222
v 18.64373398 14.53917885 303.75329590
v 18.15528107 14.56348801 303.83840942
v 18.56834412 14.59881878 303.61215210
v 18.47843170 14.63034058 303.48901367
v 18.75819206 14.62275505 303.28112793
v 18.82389259 14.61933899 303.21047974
v 18.88068771 14.61552429 303.13723755
v 19.02934265 14.55711555 303.31585693
v 19.11124039 14.54340649 303.23944092
v 18.15528107 14.34686661 304.16293335
v 18.72270966 14.32912731 304.05307007
v 19.24785614 14.18596363 303.88452148
v 19.38103867 14.13416004 303.82534790
v 18.71747971 14.18826199 304.18789673
v 18.15528107 14.02254486 304.37985229
v 18.68226433 14.03730583 304.29833984
v 18.62128258 13.88876152 304.37869263
v 19.16702271 13.82950878 304.21005249
v 19.23753548 14.00803757 304.05834961
v 19.36936760 13.94559956 304.01074219
v 18.93815041 14.56958580 303.38986206
v 18.65528107 11.63989735 304.45709229
v 20.08186531 11.63941383 303.42062378
v 19.86880493 11.63960838 303.83877563
v 19.53695679 11.63976383 304.17062378
v 19.11880493 11.63986301 304.38369751
v 20.08185959 8.28299618 306.36886597
v 20.04109955 8.54773998 305.72830200
v 19.86880112 8.69763184 306.42297363
v 19.71594048 9.00723267 305.88854980
v 19.53695488 9.02668953 306.46591187
v 19.22930527 9.31425476 305.99563599
v 19.11880493 9.23795795 306.49349976
v 18.65528107 9.49321175 305.85339355
v 18.65528107 9.31075573 306.50299072
v 20.04109955 8.83345509 305.11898804
v 20.04109955 9.23765373 304.58090210
v 20.04109955 9.74327755 304.13677979
v 20.04109955 10.32898903 303.80532837
v 20.04109955 10.97006989 303.60055542
v 19.71594048 11.06973362 304.07687378
v 19.71594048 10.52388287 304.25122070
v 19.71594048 10.02517700 304.53344727
v 19.71594048 9.59466171 304.91159058
v 19.71594048 9.25050545 305.36975098
v 19.22930527 11.13632679 304.39514160
v 19.22930527 10.65410709 304.54916382
v 19.22930527 10.21353626 304.79849243
v 19.22930527 9.83320618 305.13256836
v 19.22930527 9.52916908 305.53729248
v 18.65528107 10.97220802 304.55426025
v 18.65528107 10.35965157 304.83715820
v 18.65528107 9.85272312 305.28244019
v 18.61928558 9.29214287 306.73358154
v 18.59177208 9.29099464 306.80819702
v 18.90136719 9.26675224 306.73147583
v 19.04057884 9.21763325 306.92410278
v 19.17743492 9.18433666 306.77038574
v 19.44545364 9.00462341 307.02874756
v 19.44306564 9.04307938 306.80471802
v 19.68013382 8.84640408 306.83187866
v 19.46102905 9.04697037 306.69882202
v 19.69962692 8.85054398 306.70928955
v 19.47218704 9.05462456 306.59255981
v 19.71173096 8.85917473 306.58633423
v 19.90600204 8.61952209 306.57308960
v 20.04477692 8.35157299 306.55389404
v 20.03135872 8.34105492 306.70614624
v 20.11107635 8.06219864 306.69363403
v 20.08894730 8.05691719 306.85641479
v 20.12698936 7.79885387 306.75299072
v 20.09218025 7.79300451 306.97052002
v 20.04413986 7.79116964 307.18389893
v 19.97305679 8.25468636 307.16531372
v 20.00974083 8.33619404 306.85791016
v 19.87239838 8.60544586 306.84988403
v 19.89313316 8.60991669 306.71170044
v 19.76676369 8.67281437 307.11187744
v 20.14814186 7.80892134 306.53216553
v 20.12481117 8.07352161 306.53036499
v 19.20378494 9.19481087 306.59161377
v 18.92483521 9.27635956 306.58413696
v 18.65119934 9.30190563 306.58093262
v 18.91583824 9.27043056 306.65795898
v 18.63913345 9.29574013 306.65783691
v 19.19368744 9.18807316 306.68115234
v 18.94743538 9.17712688 307.47943115
v 18.32578087 9.29127407 307.40792847
v 18.63711929 9.17734718 307.95077515
v 17.88002586 9.29149914 307.88934326
v 18.23154259 9.17753029 308.34320068
v 17.75019646 9.17766762 308.63778687
v 17.95719719 8.85271454 309.07836914
v 17.21622086 9.17775345 308.82040405
v 17.32226944 8.85281563 309.29550171
v 17.30247498 9.29164505 308.20059204
v 17.39312935 8.36632919 309.61306763
v 17.41801071 7.79235601 309.72476196
v 18.14407921 7.79224014 309.47647095
v 18.09551048 8.36621666 309.37286377
v 18.72866249 8.36603642 308.98535156
v 18.79858398 7.79205322 309.07589722
v 19.26215172 8.36579514 308.46917725
v 19.35006332 7.79180384 308.54229736
v 19.77200890 7.79150486 307.90136719
v 19.67033195 8.36550522 307.84915161
v 19.01179886 8.85233307 308.26147461
v 18.52954483 8.85255051 308.72805786
v 19.38078117 8.85207176 307.70098877
v 17.41801071 -7.50764227 309.73193359
v 18.14407921 -7.50775814 309.48361206
v 18.79858398 -7.50794506 309.08303833
v 19.35006332 -7.50819445 308.54946899
v 19.77201080 -7.50849342 307.90850830
v 20.04413986 -7.50882864 307.19104004
v 20.13181114 -7.51844215 306.72070312
v 19.97305679 -7.97236252 307.17291260
v 19.67033195 -8.08254337 307.85684204
v 19.76676369 -8.39054012 307.11984253
v 19.38078117 -8.56924725 307.70910645
v 19.44545364 -8.72242641 307.03701782
v 18.94743538 -8.89450932 307.48785400
v 19.04057884 -8.93553448 306.93258667
v 18.59177208 -9.00900364 306.81674194
v 18.32578087 -9.00872326 307.41647339
v 18.63711929 -8.89428902 307.95922852
v 17.88002586 -9.00849915 307.89788818
v 18.23154259 -8.89410591 308.35162354
v 17.75019646 -8.89396858 308.64624023
v 17.95719719 -8.56860352 309.08648682
v 17.21622086 -8.89388371 308.82885742
v 17.32226944 -8.56850243 309.30361938
v 17.39312935 -8.08171940 309.62075806
v 19.26215172 -8.08225346 308.47686768
v 18.72866249 -8.08201218 308.99304199
v 18.09551048 -8.08183193 309.38052368
v 17.30247498 -9.00835323 308.20913696
v 19.01179886 -8.56898499 308.26959229
v 18.52954483 -8.56876755 308.73620605
v 18.92781448 -9.00031376 306.53942871
v 18.91890717 -8.99011326 306.64501953
v 18.89880180 -8.98450661 306.75018311
v 19.19703484 -8.90796661 306.66354370
v 19.17445946 -8.90217113 306.79116821
v 19.46466255 -8.76715660 306.67623901
v 19.43971062 -8.76103306 306.82772827
v 19.70355225 -8.57108879 306.68167114
v 19.67647743 -8.56450558 306.85702515
v 19.89748192 -8.33063698 306.67929077
v 19.86868477 -8.32348824 306.87698364
v 20.03602028 -8.06190777 306.66952515
v 20.00599289 -8.05412483 306.88665771
v 20.11591911 -7.78314924 306.65356445
v 20.08518219 -7.77470779 306.88644409
v 19.20702934 -8.91987991 306.53555298
v 19.47570610 -8.78094959 306.52438354
v 19.71553040 -8.58682060 306.50598145
v 19.91021919 -8.34824562 306.48126221
v 20.04929924 -8.08121872 306.45199585
v 20.12951088 -7.80390310 306.42025757
v 18.65528107 -9.03281212 255.81674194
v 19.05722809 -8.97658157 255.75401306
v 19.11880493 -8.95939636 255.81671143
v 19.40086174 -8.81524563 255.59385681
v 19.53695869 -8.74633789 255.81660461
v 19.62524223 -8.57554817 255.34506226
v 19.86880493 -8.41448975 255.81645203
v 19.96650696 -8.03249264 255.28594971
v 20.08186531 -7.99633741 255.81625366
v 19.70285416 -8.29230785 255.05725098
v 19.75408745 -7.82028198 254.83625793
v 19.39978409 -7.75776815 254.53346252
v 19.05722237 -7.59631920 254.37234497
v 19.62458611 -8.00553036 254.77346802
v 18.44792747 -8.02990913 254.32025146
v 18.51062965 -8.10561275 254.33338928
v 18.56917381 -8.19015694 254.35734558
v 18.93954086 -7.96806288 254.38670349
v 19.04432678 -8.06063938 254.44404602
v 19.15005493 -7.98695946 254.46459961
v 19.28949165 -8.15323067 254.59658813
v 19.40116310 -8.08107376 254.63316345
v 19.48977661 -8.27431202 254.81196594
v 18.69706917 -7.83071184 254.32362366
v 18.82220459 -7.89087009 254.34677124
v 18.89665794 -7.81855583 254.35258484
v 19.03063774 -7.89409018 254.39909363
v 19.11226082 -7.81773663 254.41262817
v 19.24584198 -7.91101170 254.48686218
v 18.75354576 -7.76221418 254.32511902
v 18.96190071 -7.74369860 254.35897827
v 18.80083466 -7.69099998 254.32679749
v 19.50271988 -8.47330379 255.00881958
v 19.43831635 -8.66001511 255.20614624
v 19.30338287 -8.81844139 255.38560486
v 19.32285309 -8.70145798 255.13606262
v 19.20140457 -8.84557915 255.31056213
v 19.19641113 -8.74031353 255.06828308
v 19.08934402 -8.87064171 255.23774719
v 18.69701576 -8.84221172 254.86843872
v 18.64373398 -8.93279457 255.01913452
v 18.15528107 -8.95710373 254.93402100
v 18.56834412 -8.99243355 255.16027832
v 18.47843170 -9.02395535 255.28343201
v 18.75819206 -9.01637077 255.49131775
v 18.49229813 -9.03297138 255.47636414
v 18.60721588 -9.03289604 255.63694763
v 18.82389259 -9.01295376 255.56196594
v 18.88068771 -9.00914001 255.63520813
v 19.02934265 -8.95073128 255.45658875
v 19.11124039 -8.93702221 255.53298950
v 18.33387184 -9.03302479 255.36097717
v 18.15528107 -9.03304577 255.31674194
v 18.15528107 -8.74048233 254.60949707
v 18.72270966 -8.72274303 254.71937561
v 19.24785614 -8.57957935 254.88792419
v 19.38103867 -8.52777576 254.94709778
v 18.71747971 -8.58187771 254.58453369
v 18.15528107 -8.41616058 254.39257812
v 18.68226433 -8.43092155 254.47409058
v 18.62128258 -8.28237629 254.39375305
v 19.16702271 -8.22312450 254.56240845
v 19.23753548 -8.40165329 254.71408081
v 19.36936760 -8.33921432 254.76170349
v 18.93815041 -8.96320057 255.38256836
v 18.65528107 -9.03211212 257.31674194
v 19.11880493 -8.95869637 257.31671143
v 19.53695679 -8.74563789 257.31661987
v 19.86880493 -8.41379070 257.31646729
v 20.08186531 -7.99563885 257.31625366
v 20.04109955 -8.16878700 257.95544434
v 19.71594048 -8.64611530 257.86074829
v 19.22930527 -8.96505547 257.79745483
v 18.65528107 -9.11190224 257.92501831
v 20.04109955 -8.35492134 258.57009888
v 20.04109955 -8.65738964 259.13659668
v 20.04109955 -9.06456757 259.63320923
v 20.04109955 -9.56080723 260.04086304
v 20.04109955 -10.12703800 260.34387207
v 20.04109955 -10.74150085 260.53057861
v 20.08186531 -11.38053036 260.70431519
v 19.86880493 -11.38072586 260.28616333
v 19.71594048 -10.83666134 260.05334473
v 19.53695679 -11.38088036 259.95431519
v 19.22930527 -10.90024567 259.73443604
v 19.11880493 -11.38098049 259.74124146
v 18.65528107 -10.77282715 259.58749390
v 18.65528107 -11.38101482 259.66784668
v 19.22930527 -10.43804741 259.59399414
v 18.65528107 -10.20616150 259.35244751
v 19.22930527 -10.01212978 259.36608887
v 18.65528107 -9.71963501 258.97875977
v 19.22930527 -9.63885975 259.05947876
v 19.22930527 -9.33258152 258.68591309
v 19.71594048 -9.06213760 258.86642456
v 19.71594048 -8.80459976 258.38406372
v 18.65528107 -9.34640312 258.49188232
v 19.22930527 -9.10506535 258.25976562
v 19.71594048 -9.40883064 259.28927612
v 19.71594048 -9.83135509 259.63638306
v 19.71594048 -10.31347466 259.89434814
v 18.65528107 -12.88101387 259.66854858
v 18.15528107 -13.38101387 259.66876221
v 18.61005020 -13.06088543 259.66864014
v 18.49481773 -13.22145462 259.66870117
v 18.33481598 -13.33680439 259.66876221
v 20.08186531 -12.88053036 260.70501709
v 19.86880493 -12.88072586 260.28686523
v 19.53695869 -12.88088036 259.95501709
v 19.11880493 -12.88098049 259.74194336
v 19.05722809 -14.32408333 261.10650635
v 19.11880493 -14.30689907 261.16921997
v 19.40086174 -14.16274738 260.94635010
v 19.53695869 -14.09383965 261.16909790
v 19.62524223 -13.92304993 260.69754028
v 19.86880493 -13.76199150 261.16894531
v 19.96650696 -13.37999439 260.63845825
v 20.08186531 -13.34383965 261.16876221
v 19.70285416 -13.63980961 260.40975952
v 19.75408745 -13.16778374 260.18875122
v 19.39978409 -13.10527039 259.88595581
v 19.05722237 -12.94382095 259.72485352
v 19.62458611 -13.35303211 260.12597656
v 18.44792747 -13.37741089 259.67276001
v 18.51062965 -13.45311546 259.68588257
v 18.56917381 -13.53765869 259.70983887
v 18.93954086 -13.31556511 259.73919678
v 19.04432678 -13.40814114 259.79653931
v 19.15005493 -13.33446121 259.81707764
v 19.28949165 -13.50073242 259.94909668
v 19.40116310 -13.42857552 259.98565674
v 19.48977661 -13.62181377 260.16445923
v 18.69706917 -13.17821407 259.67611694
v 18.82220459 -13.23837185 259.69927979
v 18.89665794 -13.16605759 259.70507812
v 19.03063774 -13.24159241 259.75158691
v 19.11226082 -13.16523838 259.76513672
v 19.24584198 -13.25851345 259.83935547
v 18.75354576 -13.10971642 259.67761230
v 18.96190071 -13.09119987 259.71145630
v 18.80083466 -13.03850174 259.67929077
v 19.50271988 -13.82080555 260.36132812
v 19.43831635 -14.00751686 260.55865479
v 19.30338287 -14.16594315 260.73809814
v 19.32285309 -14.04895973 260.48855591
v 19.20140457 -14.19308090 260.66305542
v 19.19641113 -14.08781528 260.42077637
v 19.08934402 -14.21814346 260.59024048
v 18.69701576 -14.18971348 260.22091675
v 18.64373398 -14.28029633 260.37164307
v 18.15528107 -14.30460548 260.28652954
v 18.56834412 -14.33993626 260.51278687
v 18.47843170 -14.37145710 260.63592529
v 18.75819206 -14.36387253 260.84381104
v 18.82389259 -14.36045551 260.91445923
v 18.88068771 -14.35664177 260.98770142
v 19.02934265 -14.29823303 260.80908203
v 19.11124039 -14.28452396 260.88549805
v 18.15528107 -14.08798409 259.96200562
v 18.72270966 -14.07024479 260.07186890
v 19.24785614 -13.92708111 260.24041748
v 19.38103867 -13.87527752 260.29959106
v 18.71747971 -13.92937946 259.93704224
v 18.15528107 -13.76366234 259.74508667
v 18.68226433 -13.77842331 259.82659912
v 18.62128258 -13.62987900 259.74624634
v 19.16702271 -13.57062626 259.91488647
v 19.23753548 -13.74915504 260.06658936
v 19.36936760 -13.68671608 260.11419678
v 18.93815041 -14.31070328 260.73507690
v 20.04109955 -13.44946098 271.61880493
v 19.71594048 -13.93609524 271.61904907
v 19.22930527 -14.26125431 271.61920166
v 19.22930527 -14.25637627 282.06918335
v 19.22930527 -14.25149822 292.51919556
v 19.71594048 -13.92633915 292.51904297
v 19.53695869 -14.07432556 302.96911621
v 19.86880493 -13.74247837 302.96896362
v 20.04109955 -13.43970394 292.51879883
v 20.08186531 -13.32432556 302.96875000
v 20.04109955 -13.44458199 282.06881714
v 19.11880493 -14.28738499 302.96920776
v 19.71594048 -13.93121719 282.06903076
v 19.96650696 -13.39089680 303.46823120
v 19.75408745 -13.84058857 303.25601196
v 1.65528035 19.21916962 260.05355835
v 1.65528035 19.22617149 275.05355835
v 1.65528035 -18.76021957 261.37127686
v 1.65528035 -13.86022091 261.36898804
v 1.65528035 -13.63031387 261.16888428
v 1.65528035 -13.85443211 273.76901245
v 1.65528035 -13.62433815 273.96890259
v 1.65528035 -18.75443077 273.77127075
v 1.65528035 -18.97382355 275.07138062
v 1.65528035 -18.98082733 260.07138062
v 1.65528035 18.99977493 261.35366821
v 1.65528035 14.09977627 261.35595703
v 1.65528035 13.86968327 261.15606689
v 1.65528035 14.10556507 273.75595093
v 1.65528035 13.87565899 273.95605469
v 1.65528035 19.00556374 273.75366211
v -12.84471989 -13.63031387 261.16888428
v -12.84471989 13.87565899 273.95605469
v -12.84471989 13.86968327 261.15606689
v -12.84471989 -13.62433815 273.96890259
v 0.75528032 -13.85443211 273.76901245
v 0.75528032 -13.86022091 261.36898804
v 0.75528032 -18.75443077 273.77127075
v 0.75528032 -18.76021957 261.37127686
v 0.75528032 14.10556507 273.75595093
v 0.75528032 19.00556374 273.75366211
v 0.75528032 14.09977627 261.35595703
v 0.75528032 18.99977493 261.35366821
v 21.95528030 12.36257935 252.02355957
v 21.95528030 12.46517849 251.50695801
v 21.95528030 12.36225224 250.99032593
v 21.95528030 12.06943703 250.55241394
v 21.95528030 11.63132000 250.25990295
v 21.95528030 11.11461067 250.15733337
v 21.95528030 10.59798813 250.26033020
v 21.95528030 10.16011620 250.55320740
v 21.95528030 12.07010746 252.46159363
v 21.95528030 11.63228226 252.75437927
v 21.95528030 11.11574650 252.85734558
v 21.95528030 10.59912395 252.75480652
v 21.95528030 10.16105175 252.46240234
v 21.95528030 9.86821270 252.02461243
v 21.95528030 9.76517868 251.50796509
v 21.95528030 9.86767006 250.99136353
v 21.95528030 -9.63741875 252.03384399
v 21.95528030 -9.53481960 251.51722717
v 21.95528030 -9.63774490 251.00059509
v 21.95528030 -9.93056011 250.56268311
v 21.95528030 -10.36867809 250.27017212
v 21.95528030 -10.88538647 250.16760254
v 21.95528030 -11.40200996 250.27059937
v 21.95528030 -11.83988094 250.56347656
v 21.95528030 -9.92988968 252.47186279
v 21.95528030 -10.36771584 252.76464844
v 21.95528030 -10.88425159 252.86761475
v 21.95528030 -11.40087414 252.76507568
v 21.95528030 -11.83894539 252.47267151
v 21.95528030 -12.13178539 252.03488159
v 21.95528030 -12.23481941 251.51823425
v 21.95528030 -12.13232708 251.00164795
v 21.95528030 18.66505241 257.32061768
v 21.95528030 18.76765251 256.80401611
v 21.95528030 18.66472626 256.28738403
v 21.95528030 18.37191010 255.84947205
v 21.95528030 17.93379402 255.55696106
v 21.95528030 17.41708374 255.45439148
v 21.95528030 16.90046120 255.55738831
v 21.95528030 16.46258926 255.85026550
v 21.95528030 18.37258148 257.75866699
v 21.95528030 17.93475533 258.05142212
v 21.95528030 17.41822052 258.15438843
v 21.95528030 16.90159798 258.05187988
v 21.95528030 16.46352577 257.75946045
v 21.95528030 16.17068672 257.32168579
v 21.95528030 16.06765175 256.80502319
v 21.95528030 16.17014313 256.28842163
v 21.95528030 -15.93494320 257.33679199
v 21.95528030 -15.83234406 256.82015991
v 21.95528030 -15.93527031 256.30352783
v 21.95528030 -16.22808456 255.86561584
v 21.95528030 -16.66620255 255.57312012
v 21.95528030 -17.18291283 255.47055054
v 21.95528030 -17.69953537 255.57354736
v 21.95528030 -18.13740540 255.86642456
v 21.95528030 -16.22741508 257.77481079
v 21.95528030 -16.66524124 258.06759644
v 21.95528030 -17.18177605 258.17056274
v 21.95528030 -17.69839859 258.06802368
v 21.95528030 -18.13647079 257.77560425
v 21.95528030 -18.42930984 257.33782959
v 21.95528030 -18.53234482 256.82116699
v 21.95528030 -18.42985344 256.30459595
v -12.84471989 -14.32446098 256.81921387
v -22.64472008 16.17073441 257.32177734
v -22.64472008 16.06765175 256.80502319
v -22.64472008 16.17009544 256.28854370
v -22.64472008 16.46250153 255.85035706
v -22.64472008 16.90034676 255.55744934
v -22.64472008 17.41695976 255.45439148
v -22.64472008 17.93367767 255.55691528
v -22.64472008 18.37182236 255.84938049
v -22.64472008 16.46361351 257.75955200
v -22.64472008 16.90171242 258.05191040
v -22.64472008 17.41834450 258.15438843
v -22.64472008 17.93487167 258.05139160
v -22.64472008 18.37266922 257.75857544
v -22.64472008 18.66510010 257.32049561
v -22.64472008 18.76765251 256.80389404
v -22.64472008 18.66467857 256.28726196
v -22.64472008 -18.42926216 257.33795166
v -22.64472008 -18.53234482 256.82116699
v -22.64472008 -18.42990112 256.30468750
v -22.64472008 -18.13749504 255.86651611
v -22.64472008 -17.69964981 255.57359314
v -22.64472008 -17.18303680 255.47055054
v -22.64472008 -16.66631889 255.57305908
v -22.64472008 -16.22817421 255.86552429
v -22.64472008 -18.13638306 257.77569580
v -22.64472008 -17.69828415 258.06808472
v -22.64472008 -17.18165207 258.17056274
v -22.64472008 -16.66512489 258.06753540
v -22.64472008 -16.22732735 257.77471924
v -22.64472008 -15.93489552 257.33666992
v -22.64472008 -15.83234406 256.82003784
v -22.64472008 -15.93531799 256.30340576
f 1 2 3
f 3 2 4
f 3 4 5
f 5 4 6
f 5 6 7
f 7 6 8
f 7 8 9
f 9 8 10
f 9 10 11
f 11 10 12
f 11 12 13
f 13 12 14
f 13 14 15
f 15 14 16
f 15 16 17
f 2 1 18
f 18 1 19
f 18 19 20
f 20 19 21
f 21 19 22
f 21 22 23
f 23 22 24
f 23 24 25
f 25 24 26
f 25 26 27
f 27 26 28
f 27 28 29
f 29 28 30
f 29 30 17
f 17 30 15
f 31 27 29
f 14 32 16
f 33 34 35
f 35 34 36
f 35 36 37
f 37 36 38
f 37 38 39
f 39 38 40
f 39 40 41
f 41 40 42
f 41 42 43
f 43 42 44
f 43 44 45
f 45 44 46
f 45 46 47
f 34 33 48
f 48 33 49
f 48 49 50
f 50 49 51
f 51 49 52
f 51 52 53
f 53 52 54
f 53 54 55
f 55 54 56
f 55 56 57
f 57 56 58
f 57 58 59
f 59 58 60
f 59 60 61
f 61 60 62
f 61 62 63
f 63 62 47
f 47 62 45
f 42 64 44
f 65 66 67
f 67 66 68
f 67 68 69
f 69 68 70
f 69 70 71
f 71 70 72
f 71 72 73
f 73 72 74
f 73 74 75
f 75 74 76
f 75 76 77
f 77 76 78
f 79 80 65
f 65 80 81
f 65 81 66
f 80 79 82
f 82 79 83
f 82 83 84
f 84 83 85
f 84 85 86
f 86 85 87
f 86 87 88
f 88 87 89
f 88 89 90
f 90 89 91
f 90 91 92
f 92 91 93
f 92 93 94
f 94 93 95
f 94 95 77
f 77 95 75
f 70 96 72
f 97 98 99
f 99 98 100
f 99 100 101
f 101 100 102
f 98 97 103
f 103 97 104
f 103 104 105
f 105 104 106
f 105 106 107
f 107 106 108
f 107 108 109
f 109 108 110
f 109 110 111
f 111 110 112
f 111 112 113
f 113 112 114
f 113 114 115
f 115 114 116
f 115 116 117
f 117 116 118
f 117 118 119
f 119 118 120
f 119 120 121
f 121 120 122
f 122 120 123
f 122 123 124
f 124 123 125
f 125 123 126
f 125 126 127
f 127 126 128
f 127 128 101
f 101 128 99
f 129 130 131
f 131 130 132
f 131 132 133
f 133 132 134
f 133 134 135
f 136 137 129
f 129 137 138
f 129 138 130
f 137 136 139
f 139 136 140
f 139 140 141
f 141 140 142
f 141 142 143
f 143 142 144
f 143 144 145
f 145 144 146
f 145 146 147
f 147 146 148
f 147 148 149
f 149 148 150
f 149 150 151
f 151 150 152
f 151 152 153
f 153 152 154
f 154 152 155
f 154 155 156
f 156 155 157
f 156 157 158
f 158 157 159
f 158 159 135
f 135 159 133
f 137 160 138
f 161 162 163
f 163 162 164
f 163 164 165
f 165 164 166
f 165 166 167
f 167 166 168
f 167 168 169
f 169 168 170
f 169 170 171
f 171 170 172
f 171 172 173
f 173 172 174
f 173 174 175
f 176 177 161
f 161 177 178
f 161 178 162
f 179 180 176
f 176 180 181
f 176 181 177
f 182 183 179
f 179 183 184
f 179 184 180
f 183 182 185
f 185 182 186
f 185 186 187
f 187 186 188
f 187 188 189
f 189 188 190
f 189 190 191
f 191 190 192
f 191 192 175
f 175 192 173
f 193 194 195
f 195 194 196
f 195 196 197
f 197 196 198
f 197 198 199
f 199 198 200
f 199 200 201
f 201 200 202
f 201 202 203
f 203 202 204
f 203 204 205
f 205 204 206
f 205 206 207
f 207 206 208
f 207 208 209
f 194 193 210
f 210 193 211
f 210 211 212
f 212 211 213
f 212 213 214
f 214 213 215
f 215 213 216
f 215 216 217
f 217 216 218
f 217 218 219
f 219 218 220
f 220 218 221
f 220 221 222
f 222 221 223
f 222 223 209
f 209 223 207
f 224 212 214
f 225 226 227
f 227 226 228
f 227 228 229
f 229 228 230
f 229 230 231
f 231 230 232
f 231 232 233
f 233 232 234
f 233 234 235
f 235 234 236
f 235 236 237
f 237 236 238
f 237 238 239
f 239 238 240
f 239 240 241
f 241 240 242
f 241 242 243
f 243 242 244
f 243 244 245
f 226 225 246
f 246 225 247
f 246 247 248
f 248 247 249
f 248 249 250
f 250 249 251
f 251 249 252
f 251 252 253
f 253 252 254
f 253 254 245
f 245 254 243
f 255 251 253
f 242 256 244
f 257 258 259
f 259 258 260
f 259 260 261
f 261 260 262
f 261 262 263
f 263 262 264
f 263 264 265
f 265 264 266
f 265 266 267
f 267 266 268
f 267 268 269
f 269 268 270
f 269 270 271
f 271 270 272
f 271 272 273
f 273 272 274
f 273 274 275
f 275 274 276
f 275 276 277
f 277 276 278
f 277 278 279
f 279 278 280
f 279 280 281
f 281 280 282
f 281 282 283
f 283 282 284
f 283 284 285
f 285 284 286
f 285 286 287
f 287 286 288
f 287 288 289
f 289 288 290
f 289 290 291
f 291 290 292
f 291 292 293
f 293 292 294
f 293 294 295
f 295 294 296
f 295 296 297
f 297 296 298
f 297 298 299
f 299 298 300
f 299 300 301
f 301 300 302
f 301 302 303
f 303 302 304
f 303 304 305
f 305 304 306
f 305 306 307
f 307 306 308
f 307 308 309
f 309 308 310
f 309 310 311
f 311 310 312
f 311 312 313
f 313 312 314
f 313 314 315
f 315 314 316
f 315 316 317
f 317 316 318
f 317 318 319
f 319 318 320
f 319 320 321
f 321 320 322
f 321 322 323
f 323 322 324
f 323 324 325
f 325 324 326
f 325 326 327
f 327 326 328
f 327 328 329
f 329 328 330
f 329 330 331
f 331 330 332
f 331 332 333
f 333 332 334
f 333 334 335
f 335 334 336
f 335 336 337
f 337 336 338
f 337 338 339
f 339 338 340
f 339 340 341
f 341 340 342
f 341 342 343
f 343 342 344
f 343 344 345
f 345 344 346
f 345 346 347
f 347 346 348
f 347 348 349
f 349 348 350
f 349 350 351
f 351 350 352
f 351 352 353
f 353 352 354
f 353 354 355
f 355 354 356
f 355 356 257
f 257 356 258
f 357 358 359
f 359 358 360
f 359 360 361
f 361 360 362
f 361 362 363
f 363 362 364
f 363 364 365
f 365 364 366
f 365 366 367
f 367 366 368
f 367 368 369
f 369 368 370
f 369 370 371
f 371 370 372
f 371 372 373
f 373 372 374
f 373 374 375
f 375 374 376
f 375 376 377
f 377 376 378
f 377 378 379
f 379 378 380
f 379 380 381
f 381 380 382
f 381 382 383
f 383 382 384
f 384 382 385
f 384 385 386
f 386 385 387
f 386 387 388
f 388 387 389
f 388 389 390
f 390 389 391
f 390 391 392
f 392 391 393
f 392 393 394
f 394 393 395
f 394 395 396
f 396 395 397
f 396 397 398
f 398 397 399
f 398 399 400
f 400 399 401
f 400 401 402
f 402 401 403
f 402 403 404
f 404 403 405
f 404 405 406
f 406 405 407
f 406 407 408
f 408 407 409
f 408 409 410
f 410 409 411
f 410 411 412
f 412 411 413
f 412 413 414
f 414 413 415
f 414 415 416
f 416 415 417
f 416 417 357
f 357 417 358
f 256 418 244
f 244 418 419
f 244 419 420
f 420 421 244
f 244 421 245
f 245 421 422
f 245 422 423
f 423 424 245
f 245 424 425
f 245 425 426
f 245 426 253
f 253 426 427
f 253 427 428
f 428 429 253
f 253 429 255
f 219 430 217
f 217 430 431
f 217 431 432
f 217 432 215
f 215 432 433
f 215 433 434
f 434 435 215
f 215 435 436
f 215 436 437
f 437 438 215
f 215 438 439
f 215 439 214
f 214 439 440
f 214 440 441
f 441 224 214
f 184 442 180
f 180 442 443
f 180 443 444
f 444 445 180
f 180 445 181
f 181 445 446
f 181 446 447
f 447 448 181
f 181 448 449
f 181 449 450
f 181 450 177
f 177 450 451
f 177 451 452
f 452 453 177
f 177 453 178
f 160 454 138
f 138 454 455
f 138 455 456
f 138 456 130
f 130 456 457
f 130 457 458
f 458 459 130
f 130 459 460
f 130 460 461
f 461 462 130
f 130 462 463
f 130 463 132
f 132 463 464
f 132 464 465
f 465 134 132
f 102 466 101
f 101 466 467
f 101 467 468
f 468 469 101
f 101 469 127
f 127 469 470
f 127 470 471
f 471 472 127
f 127 472 473
f 127 473 474
f 127 474 125
f 125 474 475
f 125 475 476
f 476 477 125
f 125 477 124
f 96 478 72
f 72 478 479
f 72 479 480
f 72 480 74
f 74 480 481
f 74 481 482
f 482 483 74
f 74 483 484
f 74 484 485
f 485 486 74
f 74 486 487
f 74 487 76
f 76 487 488
f 76 488 489
f 489 78 76
f 64 490 44
f 44 490 491
f 44 491 492
f 492 493 44
f 44 493 46
f 46 493 494
f 46 494 495
f 495 496 46
f 46 496 497
f 46 497 498
f 46 498 47
f 47 498 499
f 47 499 500
f 500 501 47
f 47 501 63
f 32 502 16
f 16 502 503
f 16 503 504
f 16 504 17
f 17 504 505
f 17 505 506
f 506 507 17
f 17 507 508
f 17 508 509
f 509 510 17
f 17 510 511
f 17 511 29
f 29 511 512
f 29 512 513
f 513 31 29
f 514 515 516
f 516 515 517
f 516 517 518
f 518 517 519
f 518 519 520
f 520 519 521
f 520 521 522
f 522 521 523
f 522 523 524
f 524 523 525
f 524 525 526
f 526 525 527
f 526 527 528
f 528 527 529
f 528 529 530
f 530 529 531
f 530 531 532
f 532 531 533
f 532 533 534
f 534 533 535
f 534 535 536
f 536 535 537
f 536 537 538
f 515 514 539
f 539 514 540
f 539 540 541
f 541 540 542
f 541 542 538
f 538 542 536
f 543 544 545
f 545 544 546
f 545 546 547
f 547 546 548
f 547 548 549
f 549 548 550
f 549 550 551
f 551 550 552
f 551 552 553
f 553 552 554
f 553 554 555
f 555 554 556
f 555 556 557
f 557 556 558
f 557 558 559
f 559 558 560
f 559 560 561
f 561 560 562
f 561 562 563
f 563 562 564
f 563 564 565
f 565 564 566
f 565 566 567
f 544 543 568
f 568 543 569
f 568 569 570
f 570 569 571
f 570 571 567
f 567 571 565
f 572 573 574
f 574 573 575
f 574 575 576
f 576 575 577
f 576 577 578
f 578 577 579
f 578 579 580
f 580 579 581
f 580 581 582
f 582 581 583
f 582 583 584
f 584 583 585
f 584 585 586
f 586 585 587
f 586 587 588
f 588 587 589
f 588 589 590
f 590 589 591
f 590 591 592
f 592 591 593
f 592 593 594
f 594 593 595
f 594 595 596
f 573 572 597
f 597 572 598
f 597 598 599
f 599 598 600
f 599 600 596
f 596 600 594
f 601 602 603
f 603 602 604
f 603 604 605
f 605 604 606
f 605 606 607
f 607 606 608
f 607 608 609
f 609 608 610
f 609 610 611
f 611 610 612
f 611 612 613
f 613 612 614
f 613 614 615
f 615 614 616
f 615 616 617
f 617 616 618
f 617 618 619
f 619 618 620
f 619 620 621
f 621 620 622
f 621 622 623
f 623 622 624
f 623 624 625
f 602 601 626
f 626 601 627
f 626 627 628
f 628 627 629
f 628 629 625
f 625 629 623
f 630 631 632
f 632 631 633
f 634 635 636
f 636 635 637
f 637 635 638
f 637 638 639
f 639 638 640
f 639 640 641
f 641 640 642
f 641 642 643
f 643 642 644
f 643 644 645
f 645 644 646
f 645 646 647
f 647 646 648
f 647 648 649
f 649 648 650
f 649 650 651
f 651 650 652
f 651 652 653
f 653 652 654
f 653 654 655
f 655 654 656
f 655 656 657
f 657 656 658
f 657 658 659
f 659 658 660
f 659 660 661
f 661 660 662
f 661 662 663
f 663 662 664
f 663 664 665
f 665 664 666
f 665 666 667
f 667 666 668
f 667 668 669
f 669 668 670
f 669 670 671
f 671 670 672
f 671 672 673
f 673 672 674
f 673 674 675
f 675 674 676
f 675 676 677
f 677 676 678
f 677 678 679
f 679 678 680
f 679 680 681
f 681 680 682
f 681 682 683
f 683 682 684
f 683 684 685
f 685 684 686
f 685 686 687
f 687 686 688
f 687 688 630
f 630 688 631
f 636 632 634
f 634 632 633
f 633 631 689
f 689 631 688
f 689 688 690
f 690 688 686
f 690 686 691
f 691 686 684
f 691 684 692
f 692 684 682
f 692 682 693
f 693 682 680
f 693 680 694
f 694 680 695
f 695 680 678
f 695 678 696
f 696 678 676
f 696 676 697
f 697 676 674
f 697 674 698
f 698 674 672
f 698 672 699
f 699 672 670
f 699 670 700
f 700 670 668
f 700 668 701
f 701 668 666
f 701 666 702
f 702 666 664
f 702 664 703
f 703 664 662
f 703 662 704
f 704 662 660
f 704 660 705
f 705 660 658
f 705 658 706
f 706 658 656
f 706 656 707
f 707 656 654
f 707 654 708
f 708 654 652
f 708 652 709
f 709 652 650
f 709 650 710
f 710 650 648
f 710 648 711
f 711 648 646
f 711 646 712
f 712 646 644
f 712 644 713
f 713 644 714
f 714 644 642
f 714 642 715
f 715 642 640
f 715 640 716
f 716 640 638
f 716 638 717
f 717 638 635
f 717 635 718
f 718 635 634
f 718 634 633
f 718 633 689
f 719 710 720
f 720 710 711
f 720 711 721
f 721 711 712
f 721 712 722
f 722 712 713
f 722 713 723
f 723 713 714
f 723 714 724
f 724 714 715
f 724 715 725
f 725 715 716
f 725 716 726
f 726 716 717
f 726 717 727
f 727 717 718
f 727 718 728
f 728 718 689
f 728 689 729
f 729 689 690
f 729 690 730
f 730 690 691
f 730 691 731
f 731 691 692
f 731 692 732
f 732 692 693
f 732 693 733
f 733 693 694
f 733 694 734
f 734 694 695
f 734 695 735
f 735 695 696
f 735 696 736
f 736 696 697
f 736 697 737
f 737 697 698
f 737 698 738
f 738 698 699
f 738 699 739
f 739 699 700
f 739 700 740
f 740 700 701
f 740 701 741
f 741 701 702
f 741 702 742
f 742 702 703
f 742 703 743
f 743 703 704
f 743 704 744
f 744 704 705
f 744 705 745
f 745 705 706
f 745 706 746
f 746 706 707
f 746 707 747
f 747 707 708
f 747 708 748
f 748 708 709
f 748 709 719
f 719 709 710
f 749 750 751
f 751 750 752
f 751 752 753
f 750 749 754
f 754 749 755
f 754 755 756
f 756 755 757
f 757 755 758
f 757 758 759
f 759 758 760
f 759 760 761
f 761 760 762
f 761 762 763
f 763 762 764
f 763 764 765
f 765 764 766
f 766 764 767
f 766 767 768
f 768 767 769
f 769 767 770
f 769 770 771
f 771 770 772
f 771 772 773
f 773 772 774
f 773 774 775
f 775 774 776
f 775 776 777
f 777 776 778
f 778 776 779
f 778 779 780
f 772 781 774
f 774 781 782
f 782 781 783
f 782 783 784
f 784 783 785
f 785 783 786
f 785 786 787
f 787 786 788
f 787 788 789
f 789 788 790
f 790 788 791
f 790 791 792
f 792 791 793
f 793 791 794
f 793 794 795
f 795 794 796
f 795 796 797
f 797 796 798
f 798 796 799
f 798 799 800
f 800 799 801
f 800 801 802
f 802 801 803
f 803 801 804
f 803 804 805
f 805 804 806
f 806 804 807
f 806 807 808
f 808 807 809
f 808 809 810
f 810 809 811
f 810 811 812
f 812 811 813
f 812 813 814
f 814 813 815
f 815 813 816
f 815 816 817
f 817 816 818
f 817 818 819
f 819 818 820
f 820 818 821
f 820 821 822
f 822 821 823
f 822 823 824
f 824 823 825
f 825 823 826
f 825 826 827
f 827 826 828
f 827 828 829
f 829 828 830
f 829 830 831
f 831 830 832
f 831 832 833
f 833 832 834
f 834 832 835
f 834 835 836
f 836 835 837
f 837 835 838
f 837 838 839
f 839 838 840
f 839 840 841
f 841 840 842
f 841 842 843
f 843 842 844
f 843 844 845
f 845 844 846
f 846 844 847
f 846 847 848
f 840 849 842
f 842 849 850
f 850 849 851
f 850 851 852
f 852 851 853
f 853 851 854
f 853 854 855
f 855 854 856
f 855 856 857
f 857 856 858
f 858 856 859
f 858 859 860
f 860 859 861
f 861 859 862
f 861 862 863
f 863 862 864
f 863 864 865
f 865 864 866
f 866 864 867
f 866 867 868
f 868 867 869
f 868 869 870
f 870 869 871
f 871 869 872
f 871 872 873
f 873 872 874
f 874 872 875
f 874 875 876
f 876 875 877
f 876 877 878
f 878 877 879
f 878 879 880
f 880 879 881
f 880 881 882
f 882 881 883
f 883 881 884
f 883 884 753
f 753 884 751
f 721 885 720
f 720 885 886
f 720 886 887
f 885 721 888
f 888 721 722
f 888 722 889
f 889 722 890
f 889 890 891
f 722 723 890
f 890 723 892
f 892 723 724
f 892 724 893
f 893 724 725
f 893 725 894
f 894 725 895
f 894 895 896
f 725 726 895
f 895 726 897
f 897 726 727
f 897 727 898
f 898 727 728
f 898 728 899
f 899 728 900
f 900 728 729
f 900 729 901
f 901 729 730
f 901 730 902
f 902 730 903
f 903 730 731
f 903 731 904
f 904 731 732
f 904 732 905
f 905 732 733
f 905 733 906
f 906 733 907
f 907 733 734
f 907 734 908
f 908 734 735
f 908 735 909
f 909 735 910
f 910 735 736
f 910 736 911
f 911 736 737
f 911 737 912
f 912 737 913
f 912 913 914
f 737 738 913
f 913 738 915
f 915 738 739
f 915 739 916
f 916 739 740
f 916 740 917
f 917 740 918
f 917 918 919
f 740 741 918
f 918 741 920
f 920 741 742
f 920 742 921
f 921 742 743
f 921 743 922
f 922 743 923
f 923 743 744
f 923 744 924
f 924 744 745
f 924 745 925
f 925 745 926
f 926 745 746
f 926 746 927
f 927 746 747
f 927 747 928
f 928 747 748
f 928 748 929
f 929 748 930
f 930 748 719
f 930 719 887
f 887 719 720
f 778 780 931
f 931 780 932
f 931 932 933
f 933 932 934
f 934 932 795
f 934 795 797
f 810 812 891
f 891 812 935
f 891 935 889
f 934 797 896
f 896 797 894
f 936 937 938
f 938 937 939
f 938 939 940
f 940 939 941
f 941 939 942
f 941 942 943
f 943 942 825
f 943 825 944
f 944 825 827
f 812 945 935
f 935 945 946
f 946 945 936
f 946 936 947
f 947 936 938
f 924 925 948
f 948 925 841
f 948 841 843
f 943 944 929
f 929 944 928
f 846 848 949
f 949 848 950
f 949 950 951
f 951 950 952
f 952 950 863
f 952 863 865
f 952 865 919
f 919 865 917
f 878 880 914
f 914 880 953
f 914 953 912
f 880 954 953
f 953 954 955
f 955 954 956
f 955 956 957
f 957 956 958
f 958 956 959
f 958 959 960
f 961 962 960
f 960 962 963
f 960 963 958
f 962 961 964
f 964 961 757
f 964 757 965
f 965 757 759
f 964 965 906
f 906 965 905
f 901 902 966
f 966 902 773
f 966 773 775
f 884 967 751
f 751 967 968
f 751 968 749
f 749 968 969
f 749 969 755
f 755 969 970
f 755 970 758
f 758 970 971
f 758 971 760
f 760 971 972
f 760 972 762
f 762 972 973
f 762 973 764
f 764 973 974
f 764 974 767
f 767 974 975
f 767 975 770
f 770 975 976
f 770 976 772
f 772 976 977
f 772 977 781
f 781 977 978
f 781 978 783
f 783 978 979
f 783 979 786
f 786 979 980
f 786 980 788
f 788 980 981
f 788 981 791
f 791 981 982
f 791 982 794
f 794 982 983
f 794 983 796
f 796 983 984
f 796 984 799
f 799 984 985
f 799 985 801
f 801 985 986
f 801 986 804
f 804 986 987
f 804 987 807
f 807 987 988
f 807 988 809
f 809 988 989
f 809 989 811
f 811 989 990
f 811 990 813
f 813 990 991
f 813 991 816
f 816 991 992
f 816 992 818
f 818 992 993
f 818 993 821
f 821 993 994
f 821 994 823
f 823 994 995
f 823 995 826
f 826 995 996
f 826 996 828
f 828 996 997
f 828 997 830
f 830 997 998
f 830 998 832
f 832 998 999
f 832 999 835
f 835 999 1000
f 835 1000 838
f 838 1000 1001
f 838 1001 840
f 840 1001 1002
f 840 1002 849
f 849 1002 1003
f 849 1003 851
f 851 1003 1004
f 851 1004 854
f 854 1004 1005
f 854 1005 856
f 856 1005 1006
f 856 1006 859
f 859 1006 1007
f 859 1007 862
f 862 1007 1008
f 862 1008 864
f 864 1008 1009
f 864 1009 867
f 867 1009 1010
f 867 1010 869
f 869 1010 1011
f 869 1011 872
f 872 1011 1012
f 872 1012 875
f 875 1012 1013
f 875 1013 877
f 877 1013 1014
f 877 1014 879
f 879 1014 1015
f 879 1015 881
f 881 1015 1016
f 881 1016 884
f 884 1016 967
f 261 994 259
f 259 994 993
f 259 993 257
f 257 993 992
f 257 992 355
f 355 992 991
f 355 991 353
f 353 991 990
f 353 990 351
f 351 990 989
f 351 989 349
f 349 989 988
f 349 988 347
f 347 988 987
f 347 987 345
f 345 987 986
f 345 986 343
f 343 986 985
f 343 985 341
f 341 985 984
f 341 984 339
f 339 984 983
f 339 983 337
f 337 983 982
f 337 982 335
f 335 982 981
f 335 981 333
f 333 981 980
f 333 980 331
f 331 980 979
f 331 979 329
f 329 979 978
f 329 978 327
f 327 978 977
f 327 977 325
f 325 977 976
f 325 976 323
f 323 976 975
f 323 975 321
f 321 975 974
f 321 974 319
f 319 974 973
f 319 973 317
f 317 973 972
f 317 972 315
f 315 972 971
f 315 971 313
f 313 971 970
f 313 970 311
f 311 970 969
f 311 969 309
f 309 969 968
f 309 968 307
f 307 968 967
f 307 967 305
f 305 967 1016
f 305 1016 303
f 303 1016 1015
f 303 1015 301
f 301 1015 1014
f 301 1014 299
f 299 1014 1013
f 299 1013 297
f 297 1013 1012
f 297 1012 295
f 295 1012 1011
f 295 1011 293
f 293 1011 1010
f 293 1010 291
f 291 1010 1009
f 291 1009 289
f 289 1009 1008
f 289 1008 287
f 287 1008 1007
f 287 1007 285
f 285 1007 1006
f 285 1006 283
f 283 1006 1005
f 283 1005 281
f 281 1005 1004
f 281 1004 279
f 279 1004 1003
f 279 1003 277
f 277 1003 1002
f 277 1002 275
f 275 1002 1001
f 275 1001 273
f 273 1001 1000
f 273 1000 271
f 271 1000 999
f 271 999 269
f 269 999 998
f 269 998 267
f 267 998 997
f 267 997 265
f 265 997 996
f 265 996 263
f 263 996 995
f 263 995 261
f 261 995 994
f 1017 405 1018
f 1018 405 403
f 1018 403 1019
f 1019 403 401
f 1019 401 1020
f 1020 401 399
f 1020 399 1021
f 1021 399 397
f 1021 397 1022
f 1022 397 395
f 1022 395 1023
f 1023 395 393
f 1023 393 1024
f 1024 393 391
f 1024 391 1025
f 1025 391 389
f 1025 389 1026
f 1026 389 387
f 1026 387 1027
f 1027 387 385
f 1027 385 1028
f 1028 385 382
f 1028 382 1029
f 1029 382 380
f 1029 380 1030
f 1030 380 378
f 1030 378 1031
f 1031 378 376
f 1031 376 1032
f 1032 376 374
f 1032 374 1033
f 1033 374 372
f 1033 372 1034
f 1034 372 370
f 1034 370 1035
f 1035 370 368
f 1035 368 1036
f 1036 368 366
f 1036 366 1037
f 1037 366 364
f 1037 364 1038
f 1038 364 362
f 1038 362 1039
f 1039 362 360
f 1039 360 1040
f 1040 360 358
f 1040 358 1041
f 1041 358 417
f 1041 417 1042
f 1042 417 415
f 1042 415 1043
f 1043 415 413
f 1043 413 1044
f 1044 413 411
f 1044 411 1045
f 1045 411 409
f 1045 409 1046
f 1046 409 407
f 1046 407 1017
f 1017 407 405
f 1047 1017 1048
f 1048 1017 1018
f 1048 1018 1049
f 1049 1018 1019
f 1049 1019 1050
f 1050 1019 1020
f 1050 1020 1051
f 1051 1020 1021
f 1051 1021 1052
f 1052 1021 1022
f 1052 1022 1053
f 1053 1022 1023
f 1053 1023 1054
f 1054 1023 1024
f 1054 1024 1055
f 1055 1024 1025
f 1055 1025 1056
f 1056 1025 1026
f 1056 1026 1057
f 1057 1026 1027
f 1057 1027 1058
f 1058 1027 1028
f 1058 1028 1059
f 1059 1028 1029
f 1059 1029 1060
f 1060 1029 1030
f 1060 1030 1061
f 1061 1030 1031
f 1061 1031 1062
f 1062 1031 1032
f 1062 1032 1063
f 1063 1032 1033
f 1063 1033 1064
f 1064 1033 1034
f 1064 1034 1065
f 1065 1034 1035
f 1065 1035 1066
f 1066 1035 1036
f 1066 1036 1067
f 1067 1036 1037
f 1067 1037 1068
f 1068 1037 1038
f 1068 1038 1069
f 1069 1038 1039
f 1069 1039 1070
f 1070 1039 1040
f 1070 1040 1071
f 1071 1040 1041
f 1071 1041 1072
f 1072 1041 1042
f 1072 1042 1073
f 1073 1042 1043
f 1073 1043 1074
f 1074 1043 1044
f 1074 1044 1075
f 1075 1044 1045
f 1075 1045 1076
f 1076 1045 1046
f 1076 1046 1047
f 1047 1046 1017
f 1047 1048 1077
f 1077 1048 1049
f 1077 1049 1078
f 1078 1049 1050
f 1078 1050 1079
f 1079 1050 1051
f 1079 1051 1052
f 1079 1052 1080
f 1080 1052 1053
f 1080 1053 1054
f 1055 1081 1054
f 1054 1081 1082
f 1054 1082 1080
f 1080 1082 1083
f 1080 1083 1084
f 1084 1083 1085
f 1084 1085 1086
f 1086 1085 1087
f 1086 1087 1088
f 1088 1087 1089
f 1088 1089 1057
f 1057 1089 1090
f 1057 1090 1056
f 1056 1090 1091
f 1056 1091 1092
f 1056 1093 1055
f 1055 1093 1094
f 1055 1094 1095
f 1057 1058 1088
f 1088 1058 1059
f 1088 1059 1096
f 1096 1059 1060
f 1096 1060 1061
f 1096 1061 1097
f 1097 1061 1062
f 1097 1062 1098
f 1098 1062 1063
f 1098 1063 1064
f 1098 1064 1099
f 1099 1064 1065
f 1099 1065 1100
f 1100 1065 1066
f 1100 1066 1101
f 1101 1066 1067
f 1101 1067 1102
f 1102 1067 1103
f 1103 1067 1104
f 1104 1067 1068
f 1104 1068 1105
f 1105 1068 1106
f 1106 1068 1069
f 1106 1069 1107
f 1107 1069 1108
f 1108 1069 1109
f 1109 1069 1070
f 1109 1070 1110
f 1110 1070 1071
f 1110 1071 1111
f 1111 1071 1112
f 1111 1112 1113
f 1071 1072 1112
f 1112 1072 1114
f 1114 1072 1115
f 1115 1072 1116
f 1116 1072 1073
f 1116 1073 1117
f 1117 1073 1118
f 1118 1073 1074
f 1118 1074 1119
f 1119 1074 1120
f 1120 1074 1121
f 1121 1074 1075
f 1121 1075 1122
f 1122 1075 1076
f 1122 1076 1123
f 1123 1076 1047
f 1123 1047 1077
f 1121 1122 1124
f 1124 1122 1125
f 1124 1125 1126
f 1126 1125 1113
f 1113 1125 1111
f 1109 1110 1127
f 1127 1110 1128
f 1127 1128 1129
f 1129 1128 1130
f 1130 1128 1100
f 1130 1100 1101
f 1095 1081 1055
f 1092 1093 1056
f 1099 1131 1098
f 1098 1131 1132
f 1098 1132 1097
f 1097 1132 1133
f 1097 1133 1096
f 1096 1133 1134
f 1096 1134 1088
f 1088 1134 1135
f 1088 1135 1086
f 1086 1135 1136
f 1086 1136 1084
f 1084 1136 1137
f 1084 1137 1080
f 1080 1137 1138
f 1080 1138 1079
f 1079 1138 1139
f 1079 1139 1078
f 1078 1139 1140
f 1078 1140 1077
f 1077 1140 1123
f 1123 1140 1141
f 1123 1141 1122
f 1122 1141 1142
f 1122 1142 1125
f 1125 1142 1143
f 1125 1143 1111
f 1111 1143 1144
f 1111 1144 1110
f 1110 1144 1145
f 1110 1145 1128
f 1128 1145 1146
f 1128 1146 1100
f 1100 1146 1147
f 1100 1147 1099
f 1099 1147 1131
f 1148 1141 1149
f 1149 1141 1140
f 1149 1140 1150
f 1150 1140 1139
f 1150 1139 1151
f 1151 1139 1138
f 1151 1138 1152
f 1152 1138 1137
f 1152 1137 1153
f 1153 1137 1136
f 1153 1136 1154
f 1154 1136 1135
f 1154 1135 1155
f 1155 1135 1134
f 1155 1134 1156
f 1156 1134 1133
f 1156 1133 1157
f 1157 1133 1132
f 1157 1132 1158
f 1158 1132 1131
f 1158 1131 1159
f 1159 1131 1147
f 1159 1147 1160
f 1160 1147 1146
f 1160 1146 1161
f 1161 1146 1145
f 1161 1145 1162
f 1162 1145 1144
f 1162 1144 1163
f 1163 1144 1143
f 1163 1143 1164
f 1164 1143 1142
f 1164 1142 1148
f 1148 1142 1141
f 1165 1161 1166
f 1166 1161 1162
f 1166 1162 1167
f 1167 1162 1163
f 1167 1163 1168
f 1168 1163 1169
f 1169 1163 1164
f 1169 1164 1170
f 1170 1164 1148
f 1170 1148 1171
f 1171 1148 1172
f 1172 1148 1149
f 1172 1149 1173
f 1173 1149 1174
f 1174 1149 1150
f 1174 1150 1175
f 1175 1150 1151
f 1175 1151 1176
f 1176 1151 1177
f 1177 1151 1152
f 1177 1152 1178
f 1178 1152 1153
f 1178 1153 1179
f 1179 1153 1180
f 1180 1153 1154
f 1180 1154 1181
f 1181 1154 1155
f 1181 1155 1182
f 1182 1155 1183
f 1183 1155 1156
f 1183 1156 1184
f 1184 1156 1185
f 1185 1156 1157
f 1185 1157 1186
f 1186 1157 1158
f 1186 1158 1187
f 1187 1158 1188
f 1188 1158 1159
f 1188 1159 1189
f 1189 1159 1160
f 1189 1160 1190
f 1190 1160 1191
f 1191 1160 1161
f 1191 1161 1165
f 1167 661 1166
f 1166 661 663
f 1166 663 1165
f 1165 663 665
f 1165 665 1191
f 1191 665 667
f 1191 667 1190
f 1190 667 669
f 1190 669 1189
f 1189 669 671
f 1189 671 1188
f 1188 671 673
f 1188 673 1187
f 1187 673 675
f 1187 675 1186
f 1186 675 677
f 1186 677 1185
f 1185 677 679
f 1185 679 1184
f 1184 679 681
f 1184 681 1183
f 1183 681 683
f 1183 683 1182
f 1182 683 685
f 1182 685 1181
f 1181 685 687
f 1181 687 1180
f 1180 687 630
f 1180 630 632
f 661 1167 659
f 659 1167 1168
f 659 1168 657
f 657 1168 1169
f 657 1169 655
f 655 1169 1170
f 655 1170 653
f 653 1170 1171
f 653 1171 651
f 651 1171 1172
f 651 1172 649
f 649 1172 1173
f 649 1173 647
f 647 1173 1174
f 647 1174 645
f 645 1174 1175
f 645 1175 643
f 643 1175 1176
f 643 1176 641
f 641 1176 1177
f 641 1177 639
f 639 1177 1178
f 639 1178 637
f 637 1178 1179
f 637 1179 636
f 636 1179 632
f 632 1179 1180
f 1118 1192 1117
f 1120 1192 1119
f 1124 1192 1121
f 1113 1192 1126
f 1114 1192 1112
f 1116 1192 1115
f 1117 1192 1116
f 1112 1192 1113
f 1121 1192 1120
f 1115 1192 1114
f 1126 1192 1124
f 1119 1192 1118
f 1092 1193 1093
f 1090 1193 1091
f 1087 1193 1089
f 1083 1193 1085
f 1081 1193 1082
f 1094 1193 1095
f 1093 1193 1094
f 1082 1193 1083
f 1089 1193 1090
f 1095 1193 1081
f 1085 1193 1087
f 1091 1193 1092
f 1106 1194 1105
f 1108 1194 1107
f 1127 1194 1109
f 1130 1194 1129
f 1102 1194 1101
f 1104 1194 1103
f 1105 1194 1104
f 1101 1194 1130
f 1109 1194 1108
f 1103 1194 1102
f 1129 1194 1127
f 1107 1194 1106
f 5 774 3
f 3 774 782
f 3 782 1
f 1 782 784
f 1 784 19
f 19 784 785
f 19 785 22
f 22 785 787
f 22 787 24
f 24 787 789
f 24 789 26
f 26 789 790
f 26 790 28
f 28 790 792
f 28 792 30
f 30 792 793
f 30 793 15
f 15 793 795
f 15 795 13
f 13 795 932
f 13 932 11
f 11 932 780
f 11 780 9
f 9 780 779
f 9 779 7
f 7 779 776
f 7 776 5
f 5 776 774
f 37 893 35
f 35 893 894
f 35 894 33
f 33 894 797
f 33 797 49
f 49 797 798
f 49 798 52
f 52 798 800
f 52 800 54
f 54 800 802
f 54 802 56
f 56 802 803
f 56 803 58
f 58 803 805
f 58 805 60
f 60 805 806
f 60 806 62
f 62 806 808
f 62 808 45
f 45 808 810
f 45 810 43
f 43 810 891
f 43 891 41
f 41 891 890
f 41 890 39
f 39 890 892
f 39 892 37
f 37 892 893
f 69 939 67
f 67 939 937
f 67 937 65
f 65 937 936
f 65 936 79
f 79 936 945
f 79 945 83
f 83 945 812
f 83 812 85
f 85 812 814
f 85 814 87
f 87 814 815
f 87 815 89
f 89 815 817
f 89 817 91
f 91 817 819
f 91 819 93
f 93 819 820
f 93 820 95
f 95 820 822
f 95 822 75
f 75 822 824
f 75 824 73
f 73 824 825
f 73 825 71
f 71 825 942
f 71 942 69
f 69 942 939
f 128 841 99
f 99 841 925
f 99 925 97
f 97 925 926
f 97 926 104
f 104 926 927
f 104 927 106
f 106 927 928
f 106 928 108
f 108 928 944
f 108 944 110
f 110 944 827
f 110 827 112
f 112 827 829
f 112 829 114
f 114 829 831
f 114 831 116
f 116 831 833
f 116 833 118
f 118 833 834
f 118 834 120
f 120 834 836
f 120 836 123
f 123 836 837
f 123 837 126
f 126 837 839
f 126 839 128
f 128 839 841
f 133 860 131
f 131 860 861
f 131 861 129
f 129 861 863
f 129 863 136
f 136 863 950
f 136 950 140
f 140 950 848
f 140 848 142
f 142 848 847
f 142 847 144
f 144 847 844
f 144 844 146
f 146 844 842
f 146 842 148
f 148 842 850
f 148 850 150
f 150 850 852
f 150 852 152
f 152 852 853
f 152 853 155
f 155 853 855
f 155 855 157
f 157 855 857
f 157 857 159
f 159 857 858
f 159 858 133
f 133 858 860
f 165 873 163
f 163 873 874
f 163 874 161
f 161 874 876
f 161 876 176
f 176 876 878
f 176 878 179
f 179 878 914
f 179 914 182
f 182 914 913
f 182 913 186
f 186 913 915
f 186 915 188
f 188 915 916
f 188 916 190
f 190 916 917
f 190 917 192
f 192 917 865
f 192 865 173
f 173 865 866
f 173 866 171
f 171 866 868
f 171 868 169
f 169 868 870
f 169 870 167
f 167 870 871
f 167 871 165
f 165 871 873
f 197 753 195
f 195 753 752
f 195 752 193
f 193 752 750
f 193 750 211
f 211 750 754
f 211 754 213
f 213 754 756
f 213 756 216
f 216 756 757
f 216 757 218
f 218 757 961
f 218 961 221
f 221 961 960
f 221 960 223
f 223 960 959
f 223 959 207
f 207 959 956
f 207 956 205
f 205 956 954
f 205 954 203
f 203 954 880
f 203 880 201
f 201 880 882
f 201 882 199
f 199 882 883
f 199 883 197
f 197 883 753
f 229 761 227
f 227 761 763
f 227 763 225
f 225 763 765
f 225 765 247
f 247 765 766
f 247 766 249
f 249 766 768
f 249 768 252
f 252 768 769
f 252 769 254
f 254 769 771
f 254 771 243
f 243 771 773
f 243 773 241
f 241 773 902
f 241 902 239
f 239 902 903
f 239 903 237
f 237 903 904
f 237 904 235
f 235 904 905
f 235 905 233
f 233 905 965
f 233 965 231
f 231 965 759
f 231 759 229
f 229 759 761
f 775 514 966
f 966 514 516
f 966 516 901
f 901 516 518
f 901 518 900
f 900 518 520
f 900 520 899
f 899 520 522
f 899 522 898
f 898 522 524
f 898 524 897
f 897 524 526
f 897 526 895
f 895 526 528
f 895 528 896
f 896 528 530
f 896 530 934
f 934 530 532
f 934 532 933
f 933 532 534
f 933 534 931
f 931 534 536
f 931 536 778
f 778 536 542
f 778 542 777
f 777 542 540
f 777 540 775
f 775 540 514
f 885 543 886
f 886 543 545
f 886 545 887
f 887 545 547
f 887 547 930
f 930 547 549
f 930 549 929
f 929 549 551
f 929 551 943
f 943 551 553
f 943 553 941
f 941 553 555
f 941 555 940
f 940 555 557
f 940 557 938
f 938 557 559
f 938 559 947
f 947 559 561
f 947 561 946
f 946 561 563
f 946 563 935
f 935 563 565
f 935 565 889
f 889 565 571
f 889 571 888
f 888 571 569
f 888 569 885
f 885 569 543
f 918 572 919
f 919 572 574
f 919 574 952
f 952 574 576
f 952 576 951
f 951 576 578
f 951 578 949
f 949 578 580
f 949 580 846
f 846 580 582
f 846 582 845
f 845 582 584
f 845 584 843
f 843 584 586
f 843 586 948
f 948 586 588
f 948 588 924
f 924 588 590
f 924 590 923
f 923 590 592
f 923 592 922
f 922 592 594
f 922 594 921
f 921 594 600
f 921 600 920
f 920 600 598
f 920 598 918
f 918 598 572
f 963 601 958
f 958 601 603
f 958 603 957
f 957 603 605
f 957 605 955
f 955 605 607
f 955 607 953
f 953 607 609
f 953 609 912
f 912 609 611
f 912 611 911
f 911 611 613
f 911 613 910
f 910 613 615
f 910 615 909
f 909 615 617
f 909 617 908
f 908 617 619
f 908 619 907
f 907 619 621
f 907 621 906
f 906 621 623
f 906 623 964
f 964 623 629
f 964 629 962
f 962 629 627
f 962 627 963
f 963 627 601
f 1195 504 1196
f 1196 504 503
f 1196 503 1197
f 1197 503 502
f 1197 502 1198
f 1198 502 32
f 1198 32 14
f 504 1195 505
f 505 1195 1199
f 505 1199 506
f 506 1199 1200
f 506 1200 507
f 507 1200 1201
f 507 1201 508
f 508 1201 1202
f 508 1202 509
f 509 1202 1203
f 509 1203 510
f 510 1203 1204
f 510 1204 511
f 511 1204 1205
f 511 1205 512
f 512 1205 1206
f 512 1206 513
f 513 1206 1207
f 513 1207 31
f 31 1207 1208
f 31 1208 27
f 27 1208 1209
f 1209 1208 1210
f 1209 1210 1211
f 1211 1210 1212
f 1211 1212 1213
f 1213 1212 14
f 14 1212 1198
f 1214 494 1215
f 1215 494 493
f 1215 493 1216
f 1216 493 492
f 1216 492 1217
f 1217 492 491
f 1217 491 1218
f 1218 491 490
f 1218 490 1219
f 1219 490 64
f 1219 64 42
f 494 1214 495
f 495 1214 1220
f 495 1220 496
f 496 1220 1221
f 496 1221 497
f 497 1221 1222
f 497 1222 498
f 498 1222 1223
f 498 1223 499
f 499 1223 1224
f 499 1224 500
f 500 1224 1225
f 500 1225 501
f 501 1225 1226
f 501 1226 63
f 63 1226 1227
f 63 1227 61
f 61 1227 1228
f 1228 1227 1229
f 1228 1229 1230
f 1230 1229 1231
f 1230 1231 1232
f 1232 1231 42
f 42 1231 1219
f 1233 484 1234
f 1234 484 483
f 1234 483 1235
f 1235 483 482
f 1235 482 1236
f 1236 482 481
f 1236 481 1237
f 1237 481 480
f 1237 480 1238
f 1238 480 479
f 1238 479 1239
f 1239 479 478
f 1239 478 1240
f 1240 478 96
f 1240 96 70
f 484 1233 485
f 485 1233 1241
f 485 1241 486
f 486 1241 1242
f 486 1242 487
f 487 1242 1243
f 487 1243 488
f 488 1243 1244
f 488 1244 489
f 489 1244 1245
f 489 1245 78
f 78 1245 1246
f 78 1246 77
f 77 1246 1247
f 1247 1246 1248
f 1247 1248 1249
f 1249 1248 1250
f 1249 1250 1251
f 1251 1250 70
f 70 1250 1240
f 1252 474 1253
f 1253 474 473
f 1253 473 1254
f 1254 473 472
f 1254 472 1255
f 1255 472 471
f 1255 471 1256
f 1256 471 470
f 1256 470 1257
f 1257 470 469
f 1257 469 1258
f 1258 469 468
f 1258 468 1259
f 1259 468 467
f 1259 467 1260
f 1260 467 466
f 1260 466 1261
f 1261 466 102
f 1261 102 100
f 474 1252 475
f 475 1252 1262
f 475 1262 476
f 476 1262 1263
f 476 1263 477
f 477 1263 1264
f 477 1264 124
f 124 1264 1265
f 124 1265 122
f 122 1265 1266
f 1266 1265 1267
f 1266 1267 1268
f 1268 1267 1269
f 1268 1269 1270
f 1270 1269 100
f 100 1269 1261
f 1271 464 1272
f 1272 464 463
f 1272 463 1273
f 1273 463 462
f 1273 462 1274
f 1274 462 461
f 1274 461 1275
f 1275 461 460
f 1275 460 1276
f 1276 460 459
f 1276 459 1277
f 1277 459 458
f 1277 458 1278
f 1278 458 457
f 1278 457 1279
f 1279 457 456
f 1279 456 1280
f 1280 456 455
f 1280 455 1281
f 1281 455 454
f 1281 454 1282
f 1282 454 160
f 1282 160 137
f 464 1271 465
f 465 1271 1283
f 465 1283 134
f 134 1283 1284
f 134 1284 135
f 135 1284 1285
f 1285 1284 1286
f 1285 1286 1287
f 1287 1286 1288
f 1287 1288 1289
f 1289 1288 137
f 137 1288 1282
f 1290 178 1291
f 1291 178 453
f 1291 453 1292
f 1292 453 452
f 1292 452 1293
f 1293 452 451
f 1293 451 1294
f 1294 451 450
f 1294 450 1295
f 1295 450 449
f 1295 449 1296
f 1296 449 448
f 1296 448 1297
f 1297 448 447
f 1297 447 1298
f 1298 447 446
f 1298 446 1299
f 1299 446 445
f 1299 445 1300
f 1300 445 444
f 1300 444 1301
f 1301 444 443
f 1301 443 1302
f 1302 443 442
f 1302 442 1303
f 1303 442 184
f 1303 184 183
f 1304 1305 1290
f 1290 1305 162
f 1290 162 178
f 1305 1304 1306
f 1306 1304 1307
f 1306 1307 1308
f 1308 1307 183
f 183 1307 1303
f 1309 1310 1311
f 1311 1310 1312
f 1311 1312 1313
f 1313 1312 212
f 1313 212 224
f 1314 220 1309
f 1309 220 1315
f 1309 1315 1310
f 1316 430 1314
f 1314 430 219
f 1314 219 220
f 430 1316 431
f 431 1316 1317
f 431 1317 432
f 432 1317 1318
f 432 1318 433
f 433 1318 1319
f 433 1319 434
f 434 1319 1320
f 434 1320 435
f 435 1320 1321
f 435 1321 436
f 436 1321 1322
f 436 1322 437
f 437 1322 1323
f 437 1323 438
f 438 1323 1324
f 438 1324 439
f 439 1324 1325
f 439 1325 440
f 440 1325 1326
f 440 1326 441
f 441 1326 1327
f 441 1327 224
f 224 1327 1313
f 1328 418 1329
f 1329 418 256
f 1329 256 242
f 418 1328 419
f 419 1328 1330
f 419 1330 420
f 420 1330 1331
f 420 1331 421
f 421 1331 1332
f 421 1332 422
f 422 1332 1333
f 422 1333 423
f 423 1333 1334
f 423 1334 424
f 424 1334 1335
f 424 1335 425
f 425 1335 1336
f 425 1336 426
f 426 1336 1337
f 426 1337 427
f 427 1337 1338
f 427 1338 428
f 428 1338 1339
f 428 1339 429
f 429 1339 1340
f 429 1340 255
f 255 1340 1341
f 255 1341 251
f 251 1341 1342
f 1342 1341 1343
f 1342 1343 1344
f 1344 1343 1345
f 1344 1345 1346
f 1346 1345 242
f 242 1345 1329
f 612 610 618
f 618 610 608
f 618 608 606
f 618 606 620
f 620 606 604
f 620 604 622
f 622 604 602
f 622 602 624
f 624 602 626
f 624 626 625
f 625 626 628
f 616 614 618
f 618 614 612
f 583 581 589
f 589 581 579
f 589 579 577
f 589 577 591
f 591 577 575
f 591 575 593
f 593 575 573
f 593 573 595
f 595 573 597
f 595 597 596
f 596 597 599
f 587 585 589
f 589 585 583
f 554 552 560
f 560 552 550
f 560 550 548
f 560 548 562
f 562 548 546
f 562 546 564
f 564 546 544
f 564 544 566
f 566 544 568
f 566 568 567
f 567 568 570
f 558 556 560
f 560 556 554
f 525 523 531
f 531 523 521
f 531 521 519
f 531 519 533
f 533 519 517
f 533 517 535
f 535 517 515
f 535 515 537
f 537 515 539
f 537 539 538
f 538 539 541
f 529 527 531
f 531 527 525
f 242 240 1346
f 1346 240 238
f 1346 238 236
f 1346 236 1344
f 1344 236 234
f 1344 234 232
f 232 230 1344
f 1344 230 228
f 1344 228 226
f 226 246 1344
f 1344 246 1342
f 1342 246 248
f 1342 248 250
f 250 251 1342
f 220 222 1315
f 1315 222 209
f 1315 209 208
f 1315 208 1310
f 1310 208 206
f 1310 206 204
f 204 202 1310
f 1310 202 200
f 1310 200 198
f 198 196 1310
f 1310 196 1312
f 1312 196 194
f 1312 194 210
f 210 212 1312
f 183 185 1308
f 1308 185 187
f 1308 187 189
f 1308 189 1306
f 1306 189 191
f 1306 191 175
f 175 174 1306
f 1306 174 172
f 1306 172 170
f 170 168 1306
f 1306 168 1305
f 1305 168 166
f 1305 166 164
f 164 162 1305
f 137 139 1289
f 1289 139 141
f 1289 141 143
f 1289 143 1287
f 1287 143 145
f 1287 145 147
f 147 149 1287
f 1287 149 151
f 1287 151 153
f 153 154 1287
f 1287 154 1285
f 1285 154 156
f 1285 156 158
f 158 135 1285
f 100 98 1270
f 1270 98 103
f 1270 103 105
f 1270 105 1268
f 1268 105 107
f 1268 107 109
f 109 111 1268
f 1268 111 113
f 1268 113 115
f 115 117 1268
f 1268 117 1266
f 1266 117 119
f 1266 119 121
f 121 122 1266
f 70 68 1251
f 1251 68 66
f 1251 66 81
f 1251 81 1249
f 1249 81 80
f 1249 80 82
f 82 84 1249
f 1249 84 86
f 1249 86 88
f 88 90 1249
f 1249 90 1247
f 1247 90 92
f 1247 92 94
f 94 77 1247
f 42 40 1232
f 1232 40 38
f 1232 38 36
f 1232 36 1230
f 1230 36 34
f 1230 34 48
f 48 50 1230
f 1230 50 51
f 1230 51 53
f 53 55 1230
f 1230 55 1228
f 1228 55 57
f 1228 57 59
f 59 61 1228
f 14 12 1213
f 1213 12 10
f 1213 10 8
f 1213 8 1211
f 1211 8 6
f 1211 6 4
f 4 2 1211
f 1211 2 18
f 1211 18 20
f 20 21 1211
f 1211 21 1209
f 1209 21 23
f 1209 23 25
f 25 27 1209
f 1347 1348 1349
f 1349 1348 1350
f 1349 1350 1351
f 1351 1350 1352
f 1351 1352 1353
f 1353 1352 1354
f 1353 1354 1355
f 1355 1354 1356
f 1355 1356 1357
f 1357 1356 1358
f 1357 1358 1359
f 1359 1358 1360
f 1359 1360 1361
f 1361 1360 1362
f 1361 1362 1363
f 1363 1362 1364
f 1363 1364 1365
f 1365 1364 1366
f 1365 1366 1367
f 1367 1366 1368
f 1367 1368 1369
f 1369 1368 1370
f 1369 1370 1371
f 1371 1370 1372
f 1371 1372 1373
f 1373 1372 1374
f 1373 1374 1375
f 1375 1374 1376
f 1375 1376 1377
f 1377 1376 1378
f 1377 1378 1379
f 1379 1378 1380
f 1379 1380 1381
f 1381 1380 1382
f 1381 1382 1383
f 1383 1382 1384
f 1383 1384 1385
f 1385 1384 1386
f 1385 1386 1387
f 1387 1386 1388
f 1387 1388 1389
f 1389 1388 1390
f 1389 1390 1391
f 1391 1390 1392
f 1391 1392 1393
f 1393 1392 1394
f 1393 1394 1395
f 1395 1394 1396
f 1395 1396 1397
f 1397 1396 1398
f 1397 1398 1399
f 1399 1398 1400
f 1399 1400 1401
f 1401 1400 1402
f 1401 1402 1403
f 1403 1402 1404
f 1403 1404 1405
f 1405 1404 1406
f 1405 1406 1407
f 1407 1406 1408
f 1407 1408 1409
f 1409 1408 1410
f 1409 1410 1411
f 1411 1410 1412
f 1411 1412 1413
f 1413 1412 1414
f 1413 1414 1415
f 1415 1414 1416
f 1415 1416 1417
f 1417 1416 1418
f 1417 1418 1419
f 1419 1418 1420
f 1419 1420 1421
f 1421 1420 1422
f 1421 1422 1423
f 1423 1422 1424
f 1423 1424 1425
f 1425 1424 1426
f 1425 1426 1427
f 1427 1426 1428
f 1427 1428 1429
f 1429 1428 1430
f 1429 1430 1431
f 1431 1430 1432
f 1431 1432 1433
f 1433 1432 1434
f 1433 1434 1435
f 1435 1434 1436
f 1435 1436 1437
f 1437 1436 1438
f 1437 1438 1439
f 1439 1438 1440
f 1439 1440 1441
f 1441 1440 1442
f 1441 1442 1443
f 1443 1442 1444
f 1443 1444 1445
f 1445 1444 1446
f 1445 1446 1347
f 1347 1446 1348
f 1351 1447 1349
f 1349 1447 1448
f 1349 1448 1449
f 1353 1450 1351
f 1351 1450 1451
f 1351 1451 1447
f 1450 1353 1452
f 1452 1353 1355
f 1452 1355 1453
f 1453 1355 1357
f 1453 1357 1454
f 1454 1357 1359
f 1454 1359 1455
f 1455 1359 1456
f 1456 1359 1361
f 1456 1361 1457
f 1457 1361 1363
f 1457 1363 1458
f 1458 1363 1459
f 1459 1363 1365
f 1459 1365 1460
f 1460 1365 1461
f 1461 1365 1367
f 1461 1367 1462
f 1462 1367 1369
f 1462 1369 1463
f 1463 1369 1371
f 1463 1371 1464
f 1464 1371 1373
f 1464 1373 1465
f 1465 1373 1466
f 1466 1373 1375
f 1466 1375 1467
f 1467 1375 1468
f 1468 1375 1377
f 1468 1377 1469
f 1469 1377 1379
f 1469 1379 1470
f 1470 1379 1381
f 1470 1381 1471
f 1471 1381 1383
f 1471 1383 1472
f 1472 1383 1473
f 1473 1383 1385
f 1473 1385 1474
f 1474 1385 1475
f 1475 1385 1387
f 1475 1387 1476
f 1476 1387 1389
f 1476 1389 1477
f 1477 1389 1478
f 1478 1389 1391
f 1478 1391 1479
f 1479 1391 1393
f 1479 1393 1480
f 1480 1393 1395
f 1480 1395 1481
f 1481 1395 1397
f 1481 1397 1482
f 1482 1397 1483
f 1483 1397 1399
f 1483 1399 1484
f 1484 1399 1485
f 1485 1399 1401
f 1485 1401 1486
f 1486 1401 1487
f 1487 1401 1403
f 1487 1403 1488
f 1488 1403 1405
f 1488 1405 1489
f 1489 1405 1407
f 1489 1407 1490
f 1490 1407 1409
f 1490 1409 1491
f 1491 1409 1492
f 1492 1409 1411
f 1492 1411 1493
f 1493 1411 1413
f 1493 1413 1494
f 1494 1413 1495
f 1495 1413 1415
f 1495 1415 1496
f 1496 1415 1497
f 1497 1415 1417
f 1497 1417 1498
f 1498 1417 1419
f 1498 1419 1499
f 1499 1419 1421
f 1499 1421 1500
f 1500 1421 1423
f 1500 1423 1501
f 1501 1423 1502
f 1502 1423 1425
f 1502 1425 1503
f 1503 1425 1504
f 1504 1425 1427
f 1504 1427 1505
f 1505 1427 1429
f 1505 1429 1506
f 1506 1429 1431
f 1506 1431 1507
f 1507 1431 1433
f 1507 1433 1508
f 1508 1433 1509
f 1509 1433 1435
f 1509 1435 1510
f 1510 1435 1511
f 1511 1435 1437
f 1511 1437 1512
f 1512 1437 1439
f 1512 1439 1513
f 1513 1439 1514
f 1514 1439 1441
f 1514 1441 1515
f 1515 1441 1443
f 1515 1443 1516
f 1516 1443 1445
f 1516 1445 1517
f 1517 1445 1347
f 1517 1347 1518
f 1518 1347 1449
f 1449 1347 1349
f 1519 1520 1521
f 1521 1520 1522
f 1521 1522 1523
f 1520 1519 1524
f 1524 1519 1525
f 1524 1525 1526
f 1526 1525 1527
f 1527 1525 1528
f 1527 1528 1529
f 1529 1528 1530
f 1529 1530 1531
f 1531 1530 1532
f 1531 1532 1533
f 1533 1532 1534
f 1533 1534 1535
f 1535 1534 1536
f 1536 1534 1537
f 1536 1537 1538
f 1538 1537 1539
f 1538 1539 1540
f 1540 1539 1541
f 1540 1541 1542
f 1542 1541 1543
f 1542 1543 1544
f 1544 1543 1545
f 1545 1543 1546
f 1545 1546 1547
f 1547 1546 1548
f 1547 1548 1549
f 1549 1548 1550
f 1549 1550 1551
f 1551 1550 1552
f 1551 1552 1553
f 1553 1552 1554
f 1554 1552 1555
f 1554 1555 1556
f 1556 1555 1557
f 1556 1557 1558
f 1558 1557 1559
f 1558 1559 1560
f 1560 1559 1561
f 1560 1561 1562
f 1562 1561 1563
f 1562 1563 1516
f 1516 1563 1515
f 1559 1564 1561
f 1561 1564 1565
f 1565 1564 1566
f 1565 1566 1567
f 1567 1566 1568
f 1567 1568 1569
f 1569 1568 1570
f 1569 1570 1571
f 1571 1570 1572
f 1571 1572 1573
f 1573 1572 1574
f 1573 1574 1507
f 1507 1574 1506
f 1570 1575 1572
f 1572 1575 1576
f 1576 1575 1577
f 1576 1577 1578
f 1578 1577 1579
f 1578 1579 1580
f 1580 1579 1581
f 1580 1581 1582
f 1582 1581 1583
f 1582 1583 1584
f 1581 1585 1583
f 1583 1585 1586
f 1586 1585 1587
f 1586 1587 1588
f 1588 1587 1589
f 1588 1589 1590
f 1590 1589 1591
f 1590 1591 1592
f 1592 1591 1593
f 1592 1593 1594
f 1591 1595 1593
f 1593 1595 1523
f 1523 1595 1521
f 1479 1480 1596
f 1596 1480 1597
f 1596 1597 1526
f 1526 1597 1524
f 1592 1594 1598
f 1598 1594 1488
f 1598 1488 1489
f 1582 1584 1599
f 1599 1584 1497
f 1599 1497 1498
f 1553 1600 1551
f 1551 1600 1601
f 1601 1600 1452
f 1601 1452 1453
f 1544 1602 1542
f 1542 1602 1603
f 1603 1602 1461
f 1603 1461 1462
f 1533 1535 1604
f 1604 1535 1605
f 1604 1605 1471
f 1471 1605 1470
f 1606 1607 1608
f 1608 1607 1609
f 1609 1607 1610
f 1609 1610 1611
f 1611 1610 1612
f 1611 1612 1613
f 1613 1612 1614
f 1613 1614 1615
f 1613 1615 1616
f 1616 1615 1617
f 1616 1617 1618
f 1618 1617 1619
f 1618 1619 1620
f 1620 1619 1621
f 1622 1623 1624
f 1624 1623 1625
f 1625 1623 1626
f 1625 1626 1627
f 1627 1626 1628
f 1627 1628 1629
f 1629 1628 1630
f 1629 1630 1631
f 1629 1631 1632
f 1632 1631 1633
f 1632 1633 1634
f 1634 1633 1635
f 1634 1635 1636
f 1636 1635 1637
f 1638 1639 1640
f 1640 1639 1641
f 1640 1641 1642
f 1642 1641 1643
f 1642 1643 1644
f 1644 1643 1645
f 1644 1645 1646
f 1646 1645 1647
f 1646 1647 1648
f 1648 1647 1649
f 1648 1649 1650
f 1650 1649 1651
f 1650 1651 1388
f 1388 1651 1390
f 1390 1651 1392
f 1392 1651 1394
f 1394 1651 1396
f 1396 1651 1398
f 1398 1651 1400
f 1400 1651 1402
f 1402 1651 1404
f 1404 1651 1652
f 1404 1652 1406
f 1406 1652 1408
f 1408 1652 1410
f 1410 1652 1412
f 1412 1652 1653
f 1412 1653 1414
f 1414 1653 1654
f 1414 1654 1655
f 1414 1655 1416
f 1416 1655 1656
f 1416 1656 1418
f 1418 1656 1657
f 1418 1657 1420
f 1420 1657 1658
f 1420 1658 1422
f 1422 1658 1659
f 1422 1659 1424
f 1424 1659 1660
f 1424 1660 1426
f 1426 1660 1661
f 1426 1661 1428
f 1428 1661 1662
f 1428 1662 1430
f 1430 1662 1663
f 1430 1663 1432
f 1432 1663 1664
f 1432 1664 1434
f 1434 1664 1665
f 1434 1665 1436
f 1436 1665 1666
f 1436 1666 1438
f 1438 1666 1667
f 1438 1667 1440
f 1440 1667 1668
f 1440 1668 1442
f 1442 1668 1669
f 1442 1669 1444
f 1444 1669 1670
f 1444 1670 1446
f 1446 1670 1348
f 1348 1670 1671
f 1348 1671 1350
f 1350 1671 1672
f 1350 1672 1352
f 1352 1672 1673
f 1352 1673 1354
f 1354 1673 1674
f 1354 1674 1356
f 1356 1674 1675
f 1356 1675 1358
f 1358 1675 1676
f 1358 1676 1360
f 1360 1676 1677
f 1360 1677 1678
f 1360 1678 1362
f 1362 1678 1679
f 1362 1679 1680
f 1650 1370 1680
f 1680 1370 1368
f 1680 1368 1366
f 1388 1386 1650
f 1650 1386 1384
f 1650 1384 1382
f 1382 1380 1650
f 1650 1380 1378
f 1650 1378 1376
f 1376 1374 1650
f 1650 1374 1372
f 1650 1372 1370
f 1366 1364 1680
f 1680 1364 1362
f 1681 1682 1683
f 1683 1682 1684
f 1683 1684 1685
f 1685 1684 1686
f 1685 1686 1687
f 1687 1686 1688
f 1687 1688 1689
f 1689 1688 1690
f 1689 1690 1691
f 1691 1690 1692
f 1691 1692 1693
f 1693 1692 1694
f 1693 1694 1695
f 1691 1693 1696
f 1696 1693 1697
f 1696 1697 1698
f 1698 1697 1699
f 1698 1699 1700
f 1700 1699 1701
f 1700 1701 1702
f 1702 1701 1703
f 1702 1703 1704
f 1704 1703 1705
f 1704 1705 1706
f 1707 1708 1709
f 1709 1708 1710
f 1710 1708 1711
f 1710 1711 1712
f 1712 1711 1713
f 1712 1713 1714
f 1714 1713 1715
f 1714 1715 1716
f 1714 1716 1717
f 1717 1716 1718
f 1717 1718 1719
f 1719 1718 1720
f 1719 1720 1721
f 1721 1720 1722
f 1723 1724 1725
f 1725 1724 1726
f 1726 1724 1727
f 1726 1727 1728
f 1728 1727 1729
f 1728 1729 1730
f 1730 1729 1731
f 1730 1731 1732
f 1730 1732 1733
f 1733 1732 1734
f 1733 1734 1735
f 1735 1734 1736
f 1735 1736 1737
f 1737 1736 1738
f 1739 1740 1741
f 1741 1740 1742
f 1741 1742 1743
f 1743 1742 1744
f 1743 1744 1745
f 1739 1746 1740
f 1740 1746 1747
f 1747 1746 1748
f 1747 1748 1749
f 1749 1748 1750
f 1749 1750 1751
f 1751 1750 1752
f 1751 1752 1753
f 1753 1752 1754
f 1753 1754 1755
f 1755 1754 1756
f 1755 1756 1757
f 1757 1756 1758
f 1757 1758 1759
f 1759 1758 1760
f 1759 1760 1761
f 1761 1760 1762
f 1761 1762 1763
f 1763 1762 1764
f 1763 1764 1765
f 1765 1764 1766
f 1765 1766 1767
f 1767 1766 1768
f 1767 1768 1769
f 1769 1768 1770
f 1769 1770 1771
f 1771 1770 1772
f 1771 1772 1773
f 1773 1772 1774
f 1773 1774 1775
f 1775 1774 1776
f 1775 1776 1777
f 1777 1776 1778
f 1777 1778 1779
f 1779 1778 1780
f 1779 1780 1781
f 1781 1780 1782
f 1781 1782 1745
f 1745 1782 1743
f 1739 1741 1783
f 1783 1741 1743
f 1783 1743 1784
f 1784 1743 1782
f 1784 1782 1785
f 1785 1782 1780
f 1785 1780 1786
f 1786 1780 1778
f 1786 1778 1776
f 1786 1776 1787
f 1787 1776 1774
f 1787 1774 1788
f 1788 1774 1772
f 1788 1772 1770
f 1788 1770 1789
f 1789 1770 1768
f 1789 1768 1790
f 1790 1768 1766
f 1790 1766 1791
f 1791 1766 1764
f 1791 1764 1762
f 1791 1762 1792
f 1792 1762 1760
f 1792 1760 1793
f 1793 1760 1758
f 1793 1758 1794
f 1794 1758 1756
f 1794 1756 1754
f 1794 1754 1795
f 1795 1754 1752
f 1795 1752 1796
f 1796 1752 1750
f 1796 1750 1748
f 1796 1748 1797
f 1797 1748 1746
f 1797 1746 1798
f 1798 1746 1739
f 1798 1739 1783
f 1799 1800 1801
f 1801 1800 1802
f 1801 1802 1803
f 1803 1802 1804
f 1803 1804 1805
f 1799 1806 1800
f 1800 1806 1807
f 1807 1806 1808
f 1807 1808 1809
f 1809 1808 1810
f 1809 1810 1811
f 1811 1810 1812
f 1811 1812 1813
f 1813 1812 1814
f 1813 1814 1815
f 1815 1814 1816
f 1815 1816 1817
f 1817 1816 1818
f 1817 1818 1819
f 1819 1818 1820
f 1819 1820 1821
f 1821 1820 1822
f 1821 1822 1823
f 1823 1822 1824
f 1823 1824 1825
f 1825 1824 1826
f 1825 1826 1827
f 1827 1826 1828
f 1827 1828 1829
f 1829 1828 1830
f 1829 1830 1831
f 1831 1830 1832
f 1831 1832 1833
f 1833 1832 1834
f 1833 1834 1835
f 1835 1834 1836
f 1835 1836 1837
f 1837 1836 1838
f 1837 1838 1839
f 1839 1838 1840
f 1839 1840 1841
f 1841 1840 1842
f 1841 1842 1805
f 1805 1842 1803
f 1799 1801 1843
f 1843 1801 1803
f 1843 1803 1844
f 1844 1803 1842
f 1844 1842 1845
f 1845 1842 1840
f 1845 1840 1846
f 1846 1840 1838
f 1846 1838 1836
f 1846 1836 1847
f 1847 1836 1834
f 1847 1834 1848
f 1848 1834 1832
f 1848 1832 1830
f 1848 1830 1849
f 1849 1830 1828
f 1849 1828 1850
f 1850 1828 1826
f 1850 1826 1851
f 1851 1826 1824
f 1851 1824 1822
f 1851 1822 1852
f 1852 1822 1820
f 1852 1820 1853
f 1853 1820 1818
f 1853 1818 1854
f 1854 1818 1816
f 1854 1816 1814
f 1854 1814 1855
f 1855 1814 1812
f 1855 1812 1856
f 1856 1812 1810
f 1856 1810 1808
f 1856 1808 1857
f 1857 1808 1806
f 1857 1806 1858
f 1858 1806 1799
f 1858 1799 1843
f 1859 1860 1861
f 1861 1860 1862
f 1861 1862 1863
f 1863 1862 1864
f 1863 1864 1865
f 1859 1866 1860
f 1860 1866 1867
f 1867 1866 1868
f 1867 1868 1869
f 1869 1868 1870
f 1869 1870 1871
f 1871 1870 1872
f 1871 1872 1873
f 1873 1872 1874
f 1873 1874 1875
f 1875 1874 1876
f 1875 1876 1877
f 1877 1876 1878
f 1877 1878 1879
f 1879 1878 1880
f 1879 1880 1881
f 1881 1880 1882
f 1881 1882 1883
f 1883 1882 1884
f 1883 1884 1885
f 1885 1884 1886
f 1885 1886 1887
f 1887 1886 1888
f 1887 1888 1889
f 1889 1888 1890
f 1889 1890 1891
f 1891 1890 1892
f 1891 1892 1893
f 1893 1892 1894
f 1893 1894 1895
f 1895 1894 1896
f 1895 1896 1897
f 1897 1896 1898
f 1897 1898 1899
f 1899 1898 1900
f 1899 1900 1901
f 1901 1900 1902
f 1901 1902 1865
f 1865 1902 1863
f 1859 1861 1903
f 1903 1861 1863
f 1903 1863 1904
f 1904 1863 1902
f 1904 1902 1905
f 1905 1902 1900
f 1905 1900 1906
f 1906 1900 1898
f 1906 1898 1896
f 1906 1896 1907
f 1907 1896 1894
f 1907 1894 1908
f 1908 1894 1892
f 1908 1892 1890
f 1908 1890 1909
f 1909 1890 1888
f 1909 1888 1910
f 1910 1888 1886
f 1910 1886 1911
f 1911 1886 1884
f 1911 1884 1882
f 1911 1882 1912
f 1912 1882 1880
f 1912 1880 1913
f 1913 1880 1878
f 1913 1878 1914
f 1914 1878 1876
f 1914 1876 1874
f 1914 1874 1915
f 1915 1874 1872
f 1915 1872 1916
f 1916 1872 1870
f 1916 1870 1868
f 1916 1868 1917
f 1917 1868 1866
f 1917 1866 1918
f 1918 1866 1859
f 1918 1859 1903
f 1919 1920 1921
f 1921 1920 1922
f 1921 1922 1923
f 1923 1922 1924
f 1923 1924 1925
f 1919 1926 1920
f 1920 1926 1927
f 1927 1926 1928
f 1927 1928 1929
f 1929 1928 1930
f 1929 1930 1931
f 1931 1930 1932
f 1931 1932 1933
f 1933 1932 1934
f 1933 1934 1935
f 1935 1934 1936
f 1935 1936 1937
f 1937 1936 1938
f 1937 1938 1939
f 1939 1938 1940
f 1939 1940 1941
f 1941 1940 1942
f 1941 1942 1943
f 1943 1942 1944
f 1943 1944 1945
f 1945 1944 1946
f 1945 1946 1947
f 1947 1946 1948
f 1947 1948 1949
f 1949 1948 1950
f 1949 1950 1951
f 1951 1950 1952
f 1951 1952 1953
f 1953 1952 1954
f 1953 1954 1955
f 1955 1954 1956
f 1955 1956 1957
f 1957 1956 1958
f 1957 1958 1959
f 1959 1958 1960
f 1959 1960 1961
f 1961 1960 1962
f 1961 1962 1925
f 1925 1962 1923
f 1919 1921 1963
f 1963 1921 1923
f 1963 1923 1964
f 1964 1923 1962
f 1964 1962 1965
f 1965 1962 1960
f 1965 1960 1966
f 1966 1960 1958
f 1966 1958 1956
f 1966 1956 1967
f 1967 1956 1954
f 1967 1954 1968
f 1968 1954 1952
f 1968 1952 1950
f 1968 1950 1969
f 1969 1950 1948
f 1969 1948 1970
f 1970 1948 1946
f 1970 1946 1971
f 1971 1946 1944
f 1971 1944 1942
f 1971 1942 1972
f 1972 1942 1940
f 1972 1940 1973
f 1973 1940 1938
f 1973 1938 1974
f 1974 1938 1936
f 1974 1936 1934
f 1974 1934 1975
f 1975 1934 1932
f 1975 1932 1976
f 1976 1932 1930
f 1976 1930 1928
f 1976 1928 1977
f 1977 1928 1926
f 1977 1926 1978
f 1978 1926 1919
f 1978 1919 1963
f 1979 1980 1981
f 1981 1980 1982
f 1981 1982 1983
f 1983 1982 1984
f 1983 1984 1985
f 1979 1986 1980
f 1980 1986 1987
f 1987 1986 1988
f 1987 1988 1989
f 1989 1988 1990
f 1989 1990 1991
f 1991 1990 1992
f 1991 1992 1993
f 1993 1992 1994
f 1993 1994 1995
f 1995 1994 1996
f 1995 1996 1997
f 1997 1996 1998
f 1997 1998 1999
f 1999 1998 2000
f 1999 2000 2001
f 2001 2000 2002
f 2001 2002 2003
f 2003 2002 2004
f 2003 2004 2005
f 2005 2004 2006
f 2005 2006 2007
f 2007 2006 2008
f 2007 2008 2009
f 2009 2008 2010
f 2009 2010 2011
f 2011 2010 2012
f 2011 2012 2013
f 2013 2012 2014
f 2013 2014 2015
f 2015 2014 2016
f 2015 2016 2017
f 2017 2016 2018
f 2017 2018 2019
f 2019 2018 2020
f 2019 2020 2021
f 2021 2020 2022
f 2021 2022 1985
f 1985 2022 1983
f 1979 1981 2023
f 2023 1981 1983
f 2023 1983 2024
f 2024 1983 2022
f 2024 2022 2025
f 2025 2022 2020
f 2025 2020 2026
f 2026 2020 2018
f 2026 2018 2016
f 2026 2016 2027
f 2027 2016 2014
f 2027 2014 2028
f 2028 2014 2012
f 2028 2012 2010
f 2028 2010 2029
f 2029 2010 2008
f 2029 2008 2030
f 2030 2008 2006
f 2030 2006 2031
f 2031 2006 2004
f 2031 2004 2002
f 2031 2002 2032
f 2032 2002 2000
f 2032 2000 2033
f 2033 2000 1998
f 2033 1998 2034
f 2034 1998 1996
f 2034 1996 1994
f 2034 1994 2035
f 2035 1994 1992
f 2035 1992 2036
f 2036 1992 1990
f 2036 1990 1988
f 2036 1988 2037
f 2037 1988 1986
f 2037 1986 2038
f 2038 1986 1979
f 2038 1979 2023
f 2039 2040 2041
f 2041 2040 2042
f 2041 2042 2043
f 2043 2042 2044
f 2043 2044 2045
f 2039 2046 2040
f 2040 2046 2047
f 2047 2046 2048
f 2047 2048 2049
f 2049 2048 2050
f 2049 2050 2051
f 2051 2050 2052
f 2051 2052 2053
f 2053 2052 2054
f 2053 2054 2055
f 2055 2054 2056
f 2055 2056 2057
f 2057 2056 2058
f 2057 2058 2059
f 2059 2058 2060
f 2059 2060 2061
f 2061 2060 2062
f 2061 2062 2063
f 2063 2062 2064
f 2063 2064 2065
f 2065 2064 2066
f 2065 2066 2067
f 2067 2066 2068
f 2067 2068 2069
f 2069 2068 2070
f 2069 2070 2071
f 2071 2070 2072
f 2071 2072 2073
f 2073 2072 2074
f 2073 2074 2075
f 2075 2074 2076
f 2075 2076 2077
f 2077 2076 2078
f 2077 2078 2079
f 2079 2078 2080
f 2079 2080 2081
f 2081 2080 2082
f 2081 2082 2045
f 2045 2082 2043
f 2039 2041 2083
f 2083 2041 2043
f 2083 2043 2084
f 2084 2043 2082
f 2084 2082 2085
f 2085 2082 2080
f 2085 2080 2086
f 2086 2080 2078
f 2086 2078 2076
f 2086 2076 2087
f 2087 2076 2074
f 2087 2074 2088
f 2088 2074 2072
f 2088 2072 2070
f 2088 2070 2089
f 2089 2070 2068
f 2089 2068 2090
f 2090 2068 2066
f 2090 2066 2091
f 2091 2066 2064
f 2091 2064 2062
f 2091 2062 2092
f 2092 2062 2060
f 2092 2060 2093
f 2093 2060 2058
f 2093 2058 2094
f 2094 2058 2056
f 2094 2056 2054
f 2094 2054 2095
f 2095 2054 2052
f 2095 2052 2096
f 2096 2052 2050
f 2096 2050 2048
f 2096 2048 2097
f 2097 2048 2046
f 2097 2046 2098
f 2098 2046 2039
f 2098 2039 2083
f 2099 2100 2101
f 2101 2100 2102
f 2101 2102 2103
f 2103 2102 2104
f 2103 2104 2105
f 2099 2106 2100
f 2100 2106 2107
f 2107 2106 2108
f 2107 2108 2109
f 2109 2108 2110
f 2109 2110 2111
f 2111 2110 2112
f 2111 2112 2113
f 2113 2112 2114
f 2113 2114 2115
f 2115 2114 2116
f 2115 2116 2117
f 2117 2116 2118
f 2117 2118 2119
f 2119 2118 2120
f 2119 2120 2121
f 2121 2120 2122
f 2121 2122 2123
f 2123 2122 2124
f 2123 2124 2125
f 2125 2124 2126
f 2125 2126 2127
f 2127 2126 2128
f 2127 2128 2129
f 2129 2128 2130
f 2129 2130 2131
f 2131 2130 2132
f 2131 2132 2133
f 2133 2132 2134
f 2133 2134 2135
f 2135 2134 2136
f 2135 2136 2137
f 2137 2136 2138
f 2137 2138 2139
f 2139 2138 2140
f 2139 2140 2141
f 2141 2140 2142
f 2141 2142 2105
f 2105 2142 2103
f 2099 2101 2143
f 2143 2101 2103
f 2143 2103 2144
f 2144 2103 2142
f 2144 2142 2145
f 2145 2142 2140
f 2145 2140 2146
f 2146 2140 2138
f 2146 2138 2136
f 2146 2136 2147
f 2147 2136 2134
f 2147 2134 2148
f 2148 2134 2132
f 2148 2132 2130
f 2148 2130 2149
f 2149 2130 2128
f 2149 2128 2150
f 2150 2128 2126
f 2150 2126 2151
f 2151 2126 2124
f 2151 2124 2122
f 2151 2122 2152
f 2152 2122 2120
f 2152 2120 2153
f 2153 2120 2118
f 2153 2118 2154
f 2154 2118 2116
f 2154 2116 2114
f 2154 2114 2155
f 2155 2114 2112
f 2155 2112 2156
f 2156 2112 2110
f 2156 2110 2108
f 2156 2108 2157
f 2157 2108 2106
f 2157 2106 2158
f 2158 2106 2099
f 2158 2099 2143
f 2159 2160 2161
f 2161 2160 2162
f 2161 2162 2163
f 2163 2162 2164
f 2163 2164 2165
f 2159 2166 2160
f 2160 2166 2167
f 2167 2166 2168
f 2167 2168 2169
f 2169 2168 2170
f 2169 2170 2171
f 2171 2170 2172
f 2171 2172 2173
f 2173 2172 2174
f 2173 2174 2175
f 2175 2174 2176
f 2175 2176 2177
f 2177 2176 2178
f 2177 2178 2179
f 2179 2178 2180
f 2179 2180 2181
f 2181 2180 2182
f 2181 2182 2183
f 2183 2182 2184
f 2183 2184 2185
f 2185 2184 2186
f 2185 2186 2187
f 2187 2186 2188
f 2187 2188 2189
f 2189 2188 2190
f 2189 2190 2191
f 2191 2190 2192
f 2191 2192 2193
f 2193 2192 2194
f 2193 2194 2195
f 2195 2194 2196
f 2195 2196 2197
f 2197 2196 2198
f 2197 2198 2199
f 2199 2198 2200
f 2199 2200 2201
f 2201 2200 2202
f 2201 2202 2165
f 2165 2202 2163
f 2159 2161 2203
f 2203 2161 2163
f 2203 2163 2204
f 2204 2163 2202
f 2204 2202 2205
f 2205 2202 2200
f 2205 2200 2206
f 2206 2200 2198
f 2206 2198 2196
f 2206 2196 2207
f 2207 2196 2194
f 2207 2194 2208
f 2208 2194 2192
f 2208 2192 2190
f 2208 2190 2209
f 2209 2190 2188
f 2209 2188 2210
f 2210 2188 2186
f 2210 2186 2211
f 2211 2186 2184
f 2211 2184 2182
f 2211 2182 2212
f 2212 2182 2180
f 2212 2180 2213
f 2213 2180 2178
f 2213 2178 2214
f 2214 2178 2176
f 2214 2176 2174
f 2214 2174 2215
f 2215 2174 2172
f 2215 2172 2216
f 2216 2172 2170
f 2216 2170 2168
f 2216 2168 2217
f 2217 2168 2166
f 2217 2166 2218
f 2218 2166 2159
f 2218 2159 2203
f 2219 1680 2220
f 2220 1680 1679
f 2220 1679 2221
f 2221 1679 1678
f 2221 1678 2222
f 2222 1678 1677
f 2222 1677 2223
f 2223 1677 1676
f 2223 1676 2224
f 2224 1676 1675
f 2224 1675 2225
f 2225 1675 1674
f 2225 1674 2226
f 2226 1674 1673
f 2226 1673 2227
f 2227 1673 1672
f 2227 1672 2228
f 2228 1672 1671
f 2228 1671 2229
f 2229 1671 1670
f 2229 1670 2230
f 2230 1670 1669
f 2230 1669 2231
f 2231 1669 1668
f 2231 1668 2232
f 2232 1668 1667
f 2232 1667 2233
f 2233 1667 1666
f 2233 1666 2234
f 2234 1666 1665
f 2234 1665 2235
f 2235 1665 1664
f 2235 1664 2236
f 2236 1664 1663
f 2236 1663 2237
f 2237 1663 1662
f 2237 1662 2238
f 2238 1662 1661
f 2238 1661 2239
f 2239 1661 1660
f 2239 1660 2240
f 2240 1660 1659
f 2240 1659 2241
f 2241 1659 1658
f 2241 1658 2242
f 2242 1658 1657
f 2242 1657 2243
f 2243 1657 1656
f 2243 1656 2244
f 2244 1656 1655
f 2244 1655 2245
f 2245 1655 1654
f 2245 1654 2246
f 2246 1654 1653
f 2246 1653 2247
f 2247 1653 1652
f 2219 2248 1680
f 1680 2248 1650
f 2220 2185 2219
f 2219 2185 2187
f 2219 2187 2189
f 2220 2221 2185
f 2185 2221 2222
f 2185 2222 2183
f 2183 2222 2223
f 2183 2223 2224
f 2225 2179 2224
f 2224 2179 2181
f 2224 2181 2183
f 2179 2225 2177
f 2177 2225 2226
f 2177 2226 1765
f 1765 2226 1763
f 1763 2226 2227
f 1763 2227 1761
f 1761 2227 1759
f 1759 2227 2228
f 1759 2228 1757
f 1757 2228 1755
f 1755 2228 2229
f 1755 2229 1753
f 1753 2229 1751
f 1751 2229 2230
f 1751 2230 1749
f 1749 2230 1747
f 1747 2230 2231
f 1747 2231 1740
f 1740 2231 2005
f 1740 2005 1742
f 1742 2005 2007
f 1742 2007 2249
f 2249 2007 2009
f 2249 2009 2250
f 2250 2009 2011
f 2250 2011 2251
f 2251 2011 2013
f 2251 2013 2252
f 2252 2013 2015
f 2252 2015 2017
f 2232 2001 2231
f 2231 2001 2003
f 2231 2003 2005
f 2233 1997 2232
f 2232 1997 1999
f 2232 1999 2001
f 2234 1991 2233
f 2233 1991 1993
f 2233 1993 1995
f 2235 1987 2234
f 2234 1987 1989
f 2234 1989 1991
f 2236 2121 2235
f 2235 2121 2123
f 2235 2123 1982
f 1982 2123 2125
f 1982 2125 1984
f 1984 2125 2253
f 1984 2253 2254
f 2237 2117 2236
f 2236 2117 2119
f 2236 2119 2121
f 2238 2113 2237
f 2237 2113 2115
f 2237 2115 2117
f 2239 2109 2238
f 2238 2109 2111
f 2238 2111 2113
f 2240 2100 2239
f 2239 2100 2107
f 2239 2107 2109
f 2241 1871 2240
f 2240 1871 2102
f 2240 2102 2100
f 1871 2241 1869
f 1869 2241 2242
f 1869 2242 1867
f 1867 2242 1860
f 1860 2242 2243
f 1860 2243 2244
f 1860 2244 1862
f 1862 2244 2245
f 1862 2245 2246
f 2246 2247 1862
f 1862 2247 1864
f 1864 2247 1865
f 1865 2247 1804
f 1865 1804 1901
f 1901 1804 1802
f 1901 1802 1899
f 1899 1802 1897
f 1897 1802 1800
f 1897 1800 1895
f 1895 1800 1807
f 1895 1807 1893
f 1893 1807 1809
f 1893 1809 1891
f 1891 1809 1811
f 1891 1811 1889
f 1889 1811 1813
f 1889 1813 1887
f 1887 1813 1815
f 1887 1815 1885
f 1885 1815 1817
f 1885 1817 2255
f 2255 1817 2256
f 2256 1817 1819
f 2256 1819 2257
f 2257 1819 1821
f 2257 1821 1823
f 2247 2258 1804
f 1804 2258 1805
f 1805 2258 1841
f 1841 2258 2259
f 1841 2259 1839
f 1839 2259 2260
f 1839 2260 1837
f 1837 2260 2261
f 1837 2261 1835
f 1835 2261 2262
f 1835 2262 2045
f 2045 2262 2081
f 2081 2262 2263
f 2081 2263 2079
f 2079 2263 2077
f 2077 2263 2264
f 2077 2264 2075
f 2075 2264 2265
f 2075 2265 2266
f 2267 2268 2258
f 2258 2268 2269
f 2258 2269 2270
f 2271 2272 2267
f 2267 2272 2273
f 2267 2273 2274
f 2271 2275 2272
f 2272 2275 2276
f 2276 2275 2277
f 2276 2277 2278
f 2278 2277 2279
f 2278 2279 2280
f 2280 2279 2281
f 2281 2279 2282
f 2281 2282 2283
f 2283 2282 2284
f 2284 2282 2285
f 2284 2285 2286
f 2286 2285 2287
f 2287 2285 2288
f 2288 2285 2289
f 2289 2285 2290
f 2289 2290 2291
f 2291 2290 2292
f 2291 2292 2293
f 2293 2292 2294
f 2294 2292 2295
f 2294 2295 2296
f 2296 2295 2297
f 2297 2295 2298
f 2297 2298 2299
f 2299 2298 2300
f 2299 2300 2301
f 2301 2300 2302
f 2302 2300 2303
f 2302 2303 2304
f 2304 2303 2305
f 2304 2305 2306
f 2306 2305 2307
f 2306 2307 2308
f 2308 2307 2309
f 2308 2309 2310
f 2310 2309 2311
f 2310 2311 2312
f 2312 2311 2313
f 2312 2313 2314
f 2314 2313 2315
f 2314 2315 2316
f 2317 2318 2285
f 2285 2318 2319
f 2285 2319 2290
f 2320 2321 2292
f 2292 2321 2322
f 2292 2322 2323
f 2324 2325 2320
f 2320 2325 2326
f 2320 2326 2327
f 2328 2329 2324
f 2324 2329 2330
f 2324 2330 2325
f 2328 2331 2329
f 2329 2331 2332
f 2333 2334 2329
f 2329 2334 2335
f 2329 2335 2336
f 2337 2338 2333
f 2333 2338 2339
f 2333 2339 2334
f 2340 2341 2337
f 2337 2341 2342
f 2337 2342 2338
f 2341 2340 2343
f 2343 2340 2344
f 2343 2344 2345
f 2345 2344 2346
f 2345 2346 2347
f 2248 2348 2347
f 2347 2348 2349
f 2347 2349 2350
f 2350 2349 2351
f 2351 2349 2352
f 2351 2352 2353
f 2353 2352 2354
f 2353 2354 2355
f 2355 2354 2356
f 2355 2356 2357
f 2357 2356 2358
f 2357 2358 2359
f 2219 1947 2248
f 2248 1947 1949
f 2248 1949 1951
f 2177 1765 2175
f 2175 1765 1767
f 2175 1767 2173
f 2173 1767 1769
f 2173 1769 2171
f 2171 1769 1771
f 2171 1771 2169
f 2169 1771 1773
f 2169 1773 2167
f 2167 1773 1775
f 2167 1775 2160
f 2160 1775 1777
f 2160 1777 2162
f 2162 1777 1779
f 2162 1779 2360
f 2360 1779 1781
f 2360 1781 2361
f 2361 1781 1745
f 2361 1745 2362
f 2362 1745 1744
f 2362 1744 2363
f 2363 1744 1742
f 2363 1742 2249
f 2257 1823 2364
f 2364 1823 1825
f 2364 1825 2365
f 2365 1825 2040
f 2365 2040 2366
f 2366 2040 2047
f 2366 2047 2367
f 2367 2047 2049
f 2367 2049 2051
f 2040 1825 2042
f 2042 1825 1827
f 2042 1827 1829
f 2042 1829 2044
f 2044 1829 1831
f 2044 1831 2045
f 2045 1831 1833
f 2045 1833 1835
f 1871 1873 2102
f 2102 1873 2104
f 2104 1873 1875
f 2104 1875 2105
f 2105 1875 1877
f 2105 1877 2141
f 2141 1877 1879
f 2141 1879 2139
f 2139 1879 1881
f 2139 1881 2137
f 2137 1881 1883
f 2137 1883 2135
f 2135 1883 1885
f 2135 1885 2133
f 2133 1885 2255
f 2133 2255 2368
f 1920 2369 1922
f 1922 2369 2370
f 1922 2370 2063
f 2063 2370 2061
f 2061 2370 2371
f 2061 2371 2059
f 2059 2371 2372
f 2059 2372 2057
f 2057 2372 2373
f 2057 2373 2055
f 2055 2373 2053
f 2053 2373 2374
f 2053 2374 2051
f 2051 2374 2367
f 2369 1920 2375
f 2375 1920 1927
f 2375 1927 2376
f 2376 1927 1929
f 2376 1929 2377
f 2377 1929 1931
f 2377 1931 2162
f 2162 1931 1933
f 2162 1933 2164
f 2164 1933 1935
f 2164 1935 2165
f 2165 1935 1937
f 2165 1937 2201
f 2201 1937 1939
f 2201 1939 2199
f 2199 1939 1941
f 2199 1941 2197
f 2197 1941 1943
f 2197 1943 2195
f 2195 1943 1945
f 2195 1945 2193
f 2193 1945 2191
f 2191 1945 1947
f 2191 1947 2189
f 2189 1947 2219
f 2248 1951 2378
f 2378 1951 1953
f 2378 1953 2379
f 2379 1953 1955
f 2379 1955 2380
f 2380 1955 1957
f 2380 1957 2381
f 2381 1957 2069
f 2381 2069 2071
f 1957 1959 2069
f 2069 1959 1961
f 2069 1961 2067
f 2067 1961 1925
f 2067 1925 2065
f 2065 1925 1924
f 2065 1924 1922
f 1982 1980 2235
f 2235 1980 1987
f 1995 1997 2233
f 2252 2017 2382
f 2382 2017 2019
f 2382 2019 2383
f 2383 2019 2021
f 2383 2021 1985
f 2383 1985 2254
f 2254 1985 1984
f 2063 2065 1922
f 2381 2071 2266
f 2266 2071 2073
f 2266 2073 2075
f 2253 2125 2384
f 2384 2125 2127
f 2384 2127 2385
f 2385 2127 2129
f 2385 2129 2131
f 2385 2131 2368
f 2368 2131 2133
f 2386 2387 2316
f 2316 2387 2388
f 2316 2388 2389
f 2389 2388 2390
f 2390 2388 2391
f 2390 2391 2392
f 2386 2393 2387
f 2387 2393 2394
f 2394 2393 2395
f 2394 2395 2396
f 2396 2395 2397
f 2396 2397 2398
f 2398 2397 2321
f 2321 2397 2322
f 2323 2399 2292
f 2292 2399 2400
f 2292 2400 2401
f 2401 2402 2292
f 2292 2402 2403
f 2292 2403 2295
f 2390 2392 2404
f 2404 2392 2405
f 2404 2405 2406
f 2406 2405 2407
f 2406 2407 2408
f 2408 2407 2409
f 2408 2409 2410
f 2410 2409 2411
f 2410 2411 2412
f 2412 2411 2413
f 2412 2413 2414
f 2414 2413 2358
f 2414 2358 2356
f 2357 2359 2415
f 2415 2359 2416
f 2415 2416 2417
f 2417 2416 2327
f 2327 2416 2320
f 2416 2418 2320
f 2320 2418 2419
f 2320 2419 2420
f 2420 2421 2320
f 2320 2421 2422
f 2320 2422 2423
f 2423 2321 2320
f 2265 2264 2389
f 2389 2264 2424
f 2389 2424 2316
f 2316 2424 2314
f 2378 2425 2248
f 2248 2425 2426
f 2248 2426 2427
f 2427 2348 2248
f 2268 2267 2428
f 2428 2267 2274
f 2428 2274 2429
f 2270 2430 2258
f 2258 2430 2259
f 2299 2301 2431
f 2431 2301 2432
f 2431 2432 2433
f 2433 2432 2434
f 2433 2434 2429
f 2429 2434 2428
f 2350 2435 2347
f 2347 2435 2345
f 2336 2436 2329
f 2329 2436 2330
f 2360 2377 2162
f 1478 2084 1477
f 1477 2084 2085
f 1477 2085 1476
f 1476 2085 2086
f 1476 2086 1475
f 1475 2086 2087
f 1475 2087 1474
f 1474 2087 2088
f 1474 2088 1473
f 1473 2088 2089
f 1473 2089 1472
f 1472 2089 2090
f 1472 2090 1471
f 1471 2090 2091
f 1471 2091 1604
f 1604 2091 2092
f 1604 2092 1533
f 1533 2092 2093
f 1533 2093 1531
f 1531 2093 2094
f 1531 2094 1529
f 1529 2094 2095
f 1529 2095 1527
f 1527 2095 2096
f 1527 2096 1526
f 1526 2096 2097
f 1526 2097 1596
f 1596 2097 2098
f 1596 2098 1479
f 1479 2098 2083
f 1479 2083 1478
f 1478 2083 2084
f 1492 1904 1491
f 1491 1904 1905
f 1491 1905 1490
f 1490 1905 1906
f 1490 1906 1489
f 1489 1906 1907
f 1489 1907 1598
f 1598 1907 1908
f 1598 1908 1592
f 1592 1908 1909
f 1592 1909 1590
f 1590 1909 1910
f 1590 1910 1588
f 1588 1910 1911
f 1588 1911 1586
f 1586 1911 1912
f 1586 1912 1583
f 1583 1912 1913
f 1583 1913 1584
f 1584 1913 1914
f 1584 1914 1497
f 1497 1914 1915
f 1497 1915 1496
f 1496 1915 1916
f 1496 1916 1495
f 1495 1916 1917
f 1495 1917 1494
f 1494 1917 1918
f 1494 1918 1493
f 1493 1918 1903
f 1493 1903 1492
f 1492 1903 1904
f 1545 2204 1544
f 1544 2204 2205
f 1544 2205 1602
f 1602 2205 2206
f 1602 2206 1461
f 1461 2206 2207
f 1461 2207 1460
f 1460 2207 2208
f 1460 2208 1459
f 1459 2208 2209
f 1459 2209 1458
f 1458 2209 2210
f 1458 2210 1457
f 1457 2210 2211
f 1457 2211 1456
f 1456 2211 2212
f 1456 2212 1455
f 1455 2212 2213
f 1455 2213 1454
f 1454 2213 2214
f 1454 2214 1453
f 1453 2214 2215
f 1453 2215 1601
f 1601 2215 2216
f 1601 2216 1551
f 1551 2216 2217
f 1551 2217 1549
f 1549 2217 2218
f 1549 2218 1547
f 1547 2218 2203
f 1547 2203 1545
f 1545 2203 2204
f 1595 2364 1521
f 1521 2364 2365
f 1521 2365 1519
f 1519 2365 2366
f 1519 2366 1525
f 1525 2366 2367
f 1525 2367 1528
f 1528 2367 2374
f 1528 2374 1530
f 1530 2374 2373
f 1530 2373 1532
f 1532 2373 2372
f 1532 2372 1534
f 1534 2372 2371
f 1534 2371 1537
f 1537 2371 2370
f 1537 2370 1539
f 1539 2370 2369
f 1539 2369 1541
f 1541 2369 2375
f 1541 2375 1543
f 1543 2375 2376
f 1543 2376 1546
f 1546 2376 2377
f 1546 2377 1548
f 1548 2377 2360
f 1548 2360 1550
f 1550 2360 2361
f 1550 2361 1552
f 1552 2361 2362
f 1552 2362 1555
f 1555 2362 2363
f 1555 2363 1557
f 1557 2363 2249
f 1557 2249 1559
f 1559 2249 2250
f 1559 2250 1564
f 1564 2250 2251
f 1564 2251 1566
f 1566 2251 2252
f 1566 2252 1568
f 1568 2252 2382
f 1568 2382 1570
f 1570 2382 2383
f 1570 2383 1575
f 1575 2383 2254
f 1575 2254 1577
f 1577 2254 2253
f 1577 2253 1579
f 1579 2253 2384
f 1579 2384 1581
f 1581 2384 2385
f 1581 2385 1585
f 1585 2385 2368
f 1585 2368 1587
f 1587 2368 2255
f 1587 2255 1589
f 1589 2255 2256
f 1589 2256 1591
f 1591 2256 2257
f 1591 2257 1595
f 1595 2257 2364
f 1558 1784 1556
f 1556 1784 1785
f 1556 1785 1554
f 1554 1785 1786
f 1554 1786 1553
f 1553 1786 1787
f 1553 1787 1600
f 1600 1787 1788
f 1600 1788 1452
f 1452 1788 1789
f 1452 1789 1450
f 1450 1789 1790
f 1450 1790 1451
f 1451 1790 1791
f 1451 1791 1447
f 1447 1791 1792
f 1447 1792 1448
f 1448 1792 1793
f 1448 1793 1449
f 1449 1793 1794
f 1449 1794 1518
f 1518 1794 1795
f 1518 1795 1517
f 1517 1795 1796
f 1517 1796 1516
f 1516 1796 1797
f 1516 1797 1562
f 1562 1797 1798
f 1562 1798 1560
f 1560 1798 1783
f 1560 1783 1558
f 1558 1783 1784
f 1485 1844 1484
f 1484 1844 1845
f 1484 1845 1483
f 1483 1845 1846
f 1483 1846 1482
f 1482 1846 1847
f 1482 1847 1481
f 1481 1847 1848
f 1481 1848 1480
f 1480 1848 1849
f 1480 1849 1597
f 1597 1849 1850
f 1597 1850 1524
f 1524 1850 1851
f 1524 1851 1520
f 1520 1851 1852
f 1520 1852 1522
f 1522 1852 1853
f 1522 1853 1523
f 1523 1853 1854
f 1523 1854 1593
f 1593 1854 1855
f 1593 1855 1594
f 1594 1855 1856
f 1594 1856 1488
f 1488 1856 1857
f 1488 1857 1487
f 1487 1857 1858
f 1487 1858 1486
f 1486 1858 1843
f 1486 1843 1485
f 1485 1843 1844
f 1605 1964 1470
f 1470 1964 1965
f 1470 1965 1469
f 1469 1965 1966
f 1469 1966 1468
f 1468 1966 1967
f 1468 1967 1467
f 1467 1967 1968
f 1467 1968 1466
f 1466 1968 1969
f 1466 1969 1465
f 1465 1969 1970
f 1465 1970 1464
f 1464 1970 1971
f 1464 1971 1463
f 1463 1971 1972
f 1463 1972 1462
f 1462 1972 1973
f 1462 1973 1603
f 1603 1973 1974
f 1603 1974 1542
f 1542 1974 1975
f 1542 1975 1540
f 1540 1975 1976
f 1540 1976 1538
f 1538 1976 1977
f 1538 1977 1536
f 1536 1977 1978
f 1536 1978 1535
f 1535 1978 1963
f 1535 1963 1605
f 1605 1963 1964
f 1499 2144 1498
f 1498 2144 2145
f 1498 2145 1599
f 1599 2145 2146
f 1599 2146 1582
f 1582 2146 2147
f 1582 2147 1580
f 1580 2147 2148
f 1580 2148 1578
f 1578 2148 2149
f 1578 2149 1576
f 1576 2149 2150
f 1576 2150 1572
f 1572 2150 2151
f 1572 2151 1574
f 1574 2151 2152
f 1574 2152 1506
f 1506 2152 2153
f 1506 2153 1505
f 1505 2153 2154
f 1505 2154 1504
f 1504 2154 2155
f 1504 2155 1503
f 1503 2155 2156
f 1503 2156 1502
f 1502 2156 2157
f 1502 2157 1501
f 1501 2157 2158
f 1501 2158 1500
f 1500 2158 2143
f 1500 2143 1499
f 1499 2143 2144
f 1573 2024 1571
f 1571 2024 2025
f 1571 2025 1569
f 1569 2025 2026
f 1569 2026 1567
f 1567 2026 2027
f 1567 2027 1565
f 1565 2027 2028
f 1565 2028 1561
f 1561 2028 2029
f 1561 2029 1563
f 1563 2029 2030
f 1563 2030 1515
f 1515 2030 2031
f 1515 2031 1514
f 1514 2031 2032
f 1514 2032 1513
f 1513 2032 2033
f 1513 2033 1512
f 1512 2033 2034
f 1512 2034 1511
f 1511 2034 2035
f 1511 2035 1510
f 1510 2035 2036
f 1510 2036 1509
f 1509 2036 2037
f 1509 2037 1508
f 1508 2037 2038
f 1508 2038 1507
f 1507 2038 2023
f 1507 2023 1573
f 1573 2023 2024
f 2279 1639 2282
f 2282 1639 2437
f 2282 2437 2438
f 1639 2279 1641
f 1641 2279 2277
f 1641 2277 1643
f 1643 2277 2275
f 1643 2275 1645
f 1645 2275 2271
f 1645 2271 1647
f 1647 2271 2267
f 1647 2267 1649
f 1649 2267 2258
f 1649 2258 1651
f 2438 2439 2282
f 2440 2441 2333
f 2333 2441 2442
f 2333 2442 1638
f 2333 1638 2337
f 2337 1638 1640
f 2337 1640 2340
f 2340 1640 1642
f 2340 1642 2344
f 2344 1642 1644
f 2344 1644 2346
f 2346 1644 1646
f 2346 1646 2347
f 2347 1646 1648
f 2347 1648 2248
f 2248 1648 1650
f 1691 2292 1689
f 1689 2292 2290
f 1689 2290 1687
f 1687 2290 2319
f 1687 2319 1685
f 1685 2319 2318
f 1685 2318 1683
f 1683 2318 2317
f 1683 2317 1681
f 1681 2317 2285
f 1691 1696 2292
f 2292 1696 2320
f 2320 1696 2324
f 2324 1696 1698
f 2324 1698 2328
f 2328 1698 1700
f 2328 1700 2331
f 2331 1700 1702
f 2331 1702 2332
f 2332 1702 1704
f 2332 1704 2329
f 2329 1704 1706
f 2443 2444 2445
f 2445 2444 2446
f 2445 2446 2447
f 2447 2446 2448
f 2447 2448 2449
f 2449 2448 2450
f 2449 2450 2451
f 2451 2450 2452
f 2451 2452 2453
f 2451 2453 2454
f 2454 2453 2455
f 2454 2455 2456
f 2456 2455 2457
f 2456 2457 2458
f 2456 2458 2459
f 2459 2458 2460
f 2459 2460 2461
f 2461 2460 2462
f 2461 2462 2463
f 2463 2462 2464
f 2463 2464 2465
f 2463 2465 2466
f 2466 2465 2467
f 2466 2467 2468
f 2468 2467 2469
f 2468 2469 2470
f 2470 2469 2471
f 2470 2471 2472
f 2470 2472 2473
f 2473 2472 2474
f 2473 2474 2475
f 2475 2474 2476
f 2475 2476 2477
f 2475 2477 2478
f 2478 2477 2479
f 2478 2479 2480
f 2480 2479 2443
f 2480 2443 2445
f 2481 2482 2483
f 2483 2482 2484
f 2483 2484 2485
f 2485 2484 2486
f 2485 2486 2487
f 2487 2486 2488
f 2487 2488 2489
f 2489 2488 2490
f 2489 2490 2491
f 2489 2491 2492
f 2492 2491 2493
f 2492 2493 2494
f 2494 2493 2495
f 2494 2495 2496
f 2494 2496 2497
f 2497 2496 2498
f 2497 2498 2499
f 2499 2498 2500
f 2499 2500 2501
f 2501 2500 2502
f 2501 2502 2503
f 2501 2503 2504
f 2504 2503 2505
f 2504 2505 2506
f 2506 2505 2507
f 2506 2507 2508
f 2508 2507 2509
f 2508 2509 2510
f 2508 2510 2511
f 2511 2510 2512
f 2511 2512 2513
f 2513 2512 2514
f 2513 2514 2515
f 2513 2515 2516
f 2516 2515 2517
f 2516 2517 2518
f 2518 2517 2481
f 2518 2481 2483
f 2519 2520 2521
f 2521 2520 2522
f 2521 2522 2523
f 2523 2522 2524
f 2523 2524 2525
f 2525 2524 2526
f 2525 2526 2527
f 2527 2526 2528
f 2527 2528 2529
f 2527 2529 2530
f 2530 2529 2531
f 2530 2531 2532
f 2532 2531 2533
f 2532 2533 2534
f 2532 2534 2535
f 2535 2534 2536
f 2535 2536 2537
f 2537 2536 2538
f 2537 2538 2539
f 2539 2538 2540
f 2539 2540 2541
f 2539 2541 2542
f 2542 2541 2543
f 2542 2543 2544
f 2544 2543 2545
f 2544 2545 2546
f 2546 2545 2547
f 2546 2547 2548
f 2546 2548 2549
f 2549 2548 2550
f 2549 2550 2551
f 2551 2550 2552
f 2551 2552 2553
f 2551 2553 2554
f 2554 2553 2555
f 2554 2555 2556
f 2556 2555 2519
f 2556 2519 2521
f 2557 2558 2559
f 2559 2558 2560
f 2559 2560 2561
f 2561 2560 2562
f 2561 2562 2563
f 2563 2562 2564
f 2563 2564 2565
f 2565 2564 2566
f 2565 2566 2567
f 2565 2567 2568
f 2568 2567 2569
f 2568 2569 2570
f 2570 2569 2571
f 2570 2571 2572
f 2570 2572 2573
f 2573 2572 2574
f 2573 2574 2575
f 2575 2574 2576
f 2575 2576 2577
f 2577 2576 2578
f 2577 2578 2579
f 2577 2579 2580
f 2580 2579 2581
f 2580 2581 2582
f 2582 2581 2583
f 2582 2583 2584
f 2584 2583 2585
f 2584 2585 2586
f 2584 2586 2587
f 2587 2586 2588
f 2587 2588 2589
f 2589 2588 2590
f 2589 2590 2591
f 2589 2591 2592
f 2592 2591 2593
f 2592 2593 2594
f 2594 2593 2557
f 2594 2557 2559
f 2595 2596 2597
f 2597 2596 2598
f 2597 2598 2599
f 2599 2598 2600
f 2599 2600 2601
f 2601 2600 2602
f 2601 2602 2603
f 2603 2602 2604
f 2603 2604 2605
f 2603 2605 2606
f 2606 2605 2607
f 2606 2607 2608
f 2608 2607 2609
f 2608 2609 2610
f 2608 2610 2611
f 2611 2610 2612
f 2611 2612 2613
f 2613 2612 2614
f 2613 2614 2615
f 2615 2614 2616
f 2615 2616 2617
f 2615 2617 2618
f 2618 2617 2619
f 2618 2619 2620
f 2620 2619 2621
f 2620 2621 2622
f 2622 2621 2623
f 2622 2623 2624
f 2622 2624 2625
f 2625 2624 2626
f 2625 2626 2627
f 2627 2626 2628
f 2627 2628 2629
f 2627 2629 2630
f 2630 2629 2631
f 2630 2631 2632
f 2632 2631 2595
f 2632 2595 2597
f 2633 2634 2635
f 2635 2634 2636
f 2635 2636 2637
f 2637 2636 2638
f 2637 2638 2639
f 2639 2638 2640
f 2639 2640 2641
f 2641 2640 2642
f 2641 2642 2643
f 2641 2643 2644
f 2644 2643 2645
f 2644 2645 2646
f 2646 2645 2647
f 2646 2647 2648
f 2646 2648 2649
f 2649 2648 2650
f 2649 2650 2651
f 2651 2650 2652
f 2651 2652 2653
f 2653 2652 2654
f 2653 2654 2655
f 2653 2655 2656
f 2656 2655 2657
f 2656 2657 2658
f 2658 2657 2659
f 2658 2659 2660
f 2660 2659 2661
f 2660 2661 2662
f 2660 2662 2663
f 2663 2662 2664
f 2663 2664 2665
f 2665 2664 2666
f 2665 2666 2667
f 2665 2667 2668
f 2668 2667 2669
f 2668 2669 2670
f 2670 2669 2633
f 2670 2633 2635
f 2557 2298 2558
f 2558 2298 2295
f 2558 2295 2560
f 2560 2295 2403
f 2560 2403 2402
f 2557 2593 2298
f 2298 2593 2300
f 2300 2593 2591
f 2300 2591 2303
f 2303 2591 2590
f 2303 2590 2305
f 2305 2590 2588
f 2305 2588 2307
f 2307 2588 2586
f 2307 2586 2309
f 2309 2586 2585
f 2309 2585 2311
f 2311 2585 2583
f 2311 2583 2313
f 2313 2583 2581
f 2313 2581 2315
f 2315 2581 2579
f 2315 2579 2316
f 2316 2579 2578
f 2316 2578 2386
f 2386 2578 2576
f 2386 2576 2393
f 2393 2576 2574
f 2393 2574 2395
f 2395 2574 2572
f 2395 2572 2397
f 2397 2572 2571
f 2397 2571 2322
f 2322 2571 2569
f 2322 2569 2323
f 2323 2569 2567
f 2323 2567 2399
f 2399 2567 2566
f 2399 2566 2400
f 2400 2566 2564
f 2400 2564 2401
f 2401 2564 2562
f 2401 2562 2402
f 2402 2562 2560
f 2481 2388 2482
f 2482 2388 2387
f 2482 2387 2484
f 2484 2387 2394
f 2484 2394 2396
f 2481 2517 2388
f 2388 2517 2391
f 2391 2517 2515
f 2391 2515 2392
f 2392 2515 2514
f 2392 2514 2405
f 2405 2514 2512
f 2405 2512 2407
f 2407 2512 2510
f 2407 2510 2409
f 2409 2510 2509
f 2409 2509 2411
f 2411 2509 2507
f 2411 2507 2413
f 2413 2507 2505
f 2413 2505 2358
f 2358 2505 2503
f 2358 2503 2359
f 2359 2503 2502
f 2359 2502 2416
f 2416 2502 2500
f 2416 2500 2418
f 2418 2500 2498
f 2418 2498 2419
f 2419 2498 2496
f 2419 2496 2420
f 2420 2496 2495
f 2420 2495 2421
f 2421 2495 2493
f 2421 2493 2422
f 2422 2493 2491
f 2422 2491 2423
f 2423 2491 2490
f 2423 2490 2321
f 2321 2490 2488
f 2321 2488 2398
f 2398 2488 2486
f 2398 2486 2396
f 2396 2486 2484
f 1652 1651 2247
f 2247 1651 2258
f 2443 2283 2444
f 2444 2283 2284
f 2444 2284 2446
f 2446 2284 2286
f 2446 2286 2287
f 2443 2479 2283
f 2283 2479 2281
f 2281 2479 2477
f 2281 2477 2280
f 2280 2477 2476
f 2280 2476 2278
f 2278 2476 2474
f 2278 2474 2276
f 2276 2474 2472
f 2276 2472 2272
f 2272 2472 2471
f 2272 2471 2273
f 2273 2471 2469
f 2273 2469 2274
f 2274 2469 2467
f 2274 2467 2429
f 2429 2467 2465
f 2429 2465 2433
f 2433 2465 2464
f 2433 2464 2431
f 2431 2464 2462
f 2431 2462 2299
f 2299 2462 2460
f 2299 2460 2297
f 2297 2460 2458
f 2297 2458 2296
f 2296 2458 2457
f 2296 2457 2294
f 2294 2457 2455
f 2294 2455 2293
f 2293 2455 2453
f 2293 2453 2291
f 2291 2453 2452
f 2291 2452 2289
f 2289 2452 2450
f 2289 2450 2288
f 2288 2450 2448
f 2288 2448 2287
f 2287 2448 2446
f 2519 2353 2520
f 2520 2353 2355
f 2520 2355 2522
f 2522 2355 2357
f 2522 2357 2415
f 2519 2555 2353
f 2353 2555 2351
f 2351 2555 2553
f 2351 2553 2350
f 2350 2553 2552
f 2350 2552 2435
f 2435 2552 2550
f 2435 2550 2345
f 2345 2550 2548
f 2345 2548 2343
f 2343 2548 2547
f 2343 2547 2341
f 2341 2547 2545
f 2341 2545 2342
f 2342 2545 2543
f 2342 2543 2338
f 2338 2543 2541
f 2338 2541 2339
f 2339 2541 2540
f 2339 2540 2334
f 2334 2540 2538
f 2334 2538 2335
f 2335 2538 2536
f 2335 2536 2336
f 2336 2536 2534
f 2336 2534 2436
f 2436 2534 2533
f 2436 2533 2330
f 2330 2533 2531
f 2330 2531 2325
f 2325 2531 2529
f 2325 2529 2326
f 2326 2529 2528
f 2326 2528 2327
f 2327 2528 2526
f 2327 2526 2417
f 2417 2526 2524
f 2417 2524 2415
f 2415 2524 2522
f 2595 2268 2596
f 2596 2268 2428
f 2596 2428 2598
f 2598 2428 2434
f 2598 2434 2432
f 2595 2631 2268
f 2268 2631 2269
f 2269 2631 2629
f 2269 2629 2270
f 2270 2629 2628
f 2270 2628 2430
f 2430 2628 2626
f 2430 2626 2259
f 2259 2626 2624
f 2259 2624 2260
f 2260 2624 2623
f 2260 2623 2261
f 2261 2623 2621
f 2261 2621 2262
f 2262 2621 2619
f 2262 2619 2263
f 2263 2619 2617
f 2263 2617 2264
f 2264 2617 2616
f 2264 2616 2424
f 2424 2616 2614
f 2424 2614 2314
f 2314 2614 2612
f 2314 2612 2312
f 2312 2612 2610
f 2312 2610 2310
f 2310 2610 2609
f 2310 2609 2308
f 2308 2609 2607
f 2308 2607 2306
f 2306 2607 2605
f 2306 2605 2304
f 2304 2605 2604
f 2304 2604 2302
f 2302 2604 2602
f 2302 2602 2301
f 2301 2602 2600
f 2301 2600 2432
f 2432 2600 2598
f 2633 2265 2634
f 2634 2265 2389
f 2634 2389 2636
f 2636 2389 2390
f 2636 2390 2404
f 2633 2669 2265
f 2265 2669 2266
f 2266 2669 2667
f 2266 2667 2381
f 2381 2667 2666
f 2381 2666 2380
f 2380 2666 2664
f 2380 2664 2379
f 2379 2664 2662
f 2379 2662 2378
f 2378 2662 2661
f 2378 2661 2425
f 2425 2661 2659
f 2425 2659 2426
f 2426 2659 2657
f 2426 2657 2427
f 2427 2657 2655
f 2427 2655 2348
f 2348 2655 2654
f 2348 2654 2349
f 2349 2654 2652
f 2349 2652 2352
f 2352 2652 2650
f 2352 2650 2354
f 2354 2650 2648
f 2354 2648 2356
f 2356 2648 2647
f 2356 2647 2414
f 2414 2647 2645
f 2414 2645 2412
f 2412 2645 2643
f 2412 2643 2410
f 2410 2643 2642
f 2410 2642 2408
f 2408 2642 2640
f 2408 2640 2406
f 2406 2640 2638
f 2406 2638 2404
f 2404 2638 2636
f 1624 2521 1622
f 1622 2521 2523
f 1622 2523 2671
f 2671 2523 2525
f 2671 2525 2672
f 2672 2525 2527
f 2672 2527 2673
f 2673 2527 2530
f 2673 2530 2674
f 2674 2530 2532
f 2674 2532 2675
f 2675 2532 2535
f 2675 2535 2676
f 2676 2535 2537
f 2676 2537 2677
f 2677 2537 2539
f 2677 2539 1637
f 1637 2539 2542
f 1637 2542 1636
f 1636 2542 2544
f 1636 2544 1634
f 1634 2544 2546
f 1634 2546 1632
f 1632 2546 2549
f 1632 2549 1629
f 1629 2549 2551
f 1629 2551 1627
f 1627 2551 2554
f 1627 2554 1625
f 1625 2554 2556
f 1625 2556 1624
f 1624 2556 2521
f 1709 2597 1707
f 1707 2597 2599
f 1707 2599 2678
f 2678 2599 2601
f 2678 2601 2679
f 2679 2601 2603
f 2679 2603 2680
f 2680 2603 2606
f 2680 2606 2681
f 2681 2606 2608
f 2681 2608 2682
f 2682 2608 2611
f 2682 2611 2683
f 2683 2611 2613
f 2683 2613 2684
f 2684 2613 2615
f 2684 2615 1722
f 1722 2615 2618
f 1722 2618 1721
f 1721 2618 2620
f 1721 2620 1719
f 1719 2620 2622
f 1719 2622 1717
f 1717 2622 2625
f 1717 2625 1714
f 1714 2625 2627
f 1714 2627 1712
f 1712 2627 2630
f 1712 2630 1710
f 1710 2630 2632
f 1710 2632 1709
f 1709 2632 2597
f 1608 2445 1606
f 1606 2445 2447
f 1606 2447 2685
f 2685 2447 2449
f 2685 2449 2686
f 2686 2449 2451
f 2686 2451 2687
f 2687 2451 2454
f 2687 2454 2688
f 2688 2454 2456
f 2688 2456 2689
f 2689 2456 2459
f 2689 2459 2690
f 2690 2459 2461
f 2690 2461 2691
f 2691 2461 2463
f 2691 2463 1621
f 1621 2463 2466
f 1621 2466 1620
f 1620 2466 2468
f 1620 2468 1618
f 1618 2468 2470
f 1618 2470 1616
f 1616 2470 2473
f 1616 2473 1613
f 1613 2473 2475
f 1613 2475 1611
f 1611 2475 2478
f 1611 2478 1609
f 1609 2478 2480
f 1609 2480 1608
f 1608 2480 2445
f 1725 2635 1723
f 1723 2635 2637
f 1723 2637 2692
f 2692 2637 2639
f 2692 2639 2693
f 2693 2639 2641
f 2693 2641 2694
f 2694 2641 2644
f 2694 2644 2695
f 2695 2644 2646
f 2695 2646 2696
f 2696 2646 2649
f 2696 2649 2697
f 2697 2649 2651
f 2697 2651 2698
f 2698 2651 2653
f 2698 2653 1738
f 1738 2653 2656
f 1738 2656 1737
f 1737 2656 2658
f 1737 2658 1735
f 1735 2658 2660
f 1735 2660 1733
f 1733 2660 2663
f 1733 2663 1730
f 1730 2663 2665
f 1730 2665 1728
f 1728 2665 2668
f 1728 2668 1726
f 1726 2668 2670
f 1726 2670 1725
f 1725 2670 2635
f 1606 2685 2699
f 2699 2685 2700
f 2700 2685 2686
f 2700 2686 2701
f 2701 2686 2687
f 2701 2687 2702
f 2702 2687 2688
f 2702 2688 2689
f 2702 2689 2703
f 2703 2689 2690
f 2703 2690 2704
f 2704 2690 2691
f 2704 2691 2705
f 2705 2691 1621
f 1622 2671 2706
f 2706 2671 2707
f 2707 2671 2672
f 2707 2672 2708
f 2708 2672 2673
f 2708 2673 2709
f 2709 2673 2674
f 2709 2674 2675
f 2709 2675 2710
f 2710 2675 2676
f 2710 2676 2711
f 2711 2676 2677
f 2711 2677 2712
f 2712 2677 1637
f 1638 2442 2713
f 2713 2442 2441
f 2713 2441 2440
f 2439 2438 2714
f 2714 2438 2437
f 2714 2437 1639
f 1707 2678 2715
f 2715 2678 2716
f 2716 2678 2679
f 2716 2679 2717
f 2717 2679 2680
f 2717 2680 2718
f 2718 2680 2681
f 2718 2681 2682
f 2718 2682 2719
f 2719 2682 2683
f 2719 2683 2720
f 2720 2683 2684
f 2720 2684 2721
f 2721 2684 1722
f 1723 2692 2722
f 2722 2692 2723
f 2723 2692 2693
f 2723 2693 2724
f 2724 2693 2694
f 2724 2694 2725
f 2725 2694 2695
f 2725 2695 2696
f 2725 2696 2726
f 2726 2696 2697
f 2726 2697 2727
f 2727 2697 2698
f 2727 2698 2728
f 2728 2698 1738
f 2729 2730 2731
f 2731 2730 2732
f 2731 2732 2733
f 2733 2732 2734
f 2733 2734 2735
f 2735 2734 2736
f 2735 2736 2737
f 2737 2736 2738
f 2737 2738 2739
f 2739 2738 2740
f 2739 2740 2741
f 2741 2740 2742
f 2741 2742 2743
f 2743 2742 2744
f 2743 2744 2745
f 2745 2744 2746
f 2745 2746 2747
f 2747 2746 2748
f 2747 2748 2749
f 2749 2748 2750
f 2749 2750 2751
f 2751 2750 2752
f 2751 2752 2753
f 2753 2752 2754
f 2753 2754 2755
f 2755 2754 2756
f 2755 2756 2757
f 2757 2756 2758
f 2757 2758 2759
f 2759 2758 2760
f 2759 2760 2761
f 2761 2760 2762
f 2761 2762 2763
f 2763 2762 2764
f 2763 2764 2765
f 2765 2764 2766
f 2765 2766 2767
f 2767 2766 2768
f 2767 2768 2769
f 2769 2768 2770
f 2769 2770 2771
f 2771 2770 2772
f 2771 2772 2773
f 2773 2772 2774
f 2773 2774 2775
f 2775 2774 2776
f 2775 2776 2777
f 2777 2776 2778
f 2777 2778 2779
f 2779 2778 2780
f 2779 2780 2781
f 2781 2780 2782
f 2781 2782 2783
f 2783 2782 2784
f 2783 2784 2785
f 2785 2784 2786
f 2785 2786 2787
f 2787 2786 2788
f 2787 2788 2789
f 2789 2788 2790
f 2789 2790 2791
f 2791 2790 2792
f 2791 2792 2793
f 2793 2792 2794
f 2793 2794 2795
f 2795 2794 2796
f 2795 2796 2797
f 2797 2796 2798
f 2797 2798 2799
f 2799 2798 2800
f 2799 2800 2801
f 2801 2800 2802
f 2801 2802 2803
f 2803 2802 2804
f 2803 2804 2805
f 2805 2804 2806
f 2805 2806 2807
f 2807 2806 2808
f 2807 2808 2809
f 2809 2808 2810
f 2809 2810 2811
f 2811 2810 2812
f 2811 2812 2813
f 2813 2812 2814
f 2813 2814 2815
f 2815 2814 2816
f 2815 2816 2817
f 2817 2816 2818
f 2817 2818 2819
f 2819 2818 2820
f 2819 2820 2821
f 2821 2820 2822
f 2821 2822 2823
f 2823 2822 2824
f 2823 2824 2825
f 2825 2824 2826
f 2825 2826 2827
f 2827 2826 2828
f 2827 2828 2729
f 2729 2828 2730
f 2730 302 2732
f 2732 302 300
f 2732 300 2734
f 2734 300 298
f 2734 298 2736
f 2736 298 296
f 2736 296 2738
f 2738 296 294
f 2738 294 2740
f 2740 294 292
f 2740 292 2742
f 2742 292 290
f 2742 290 2744
f 2744 290 288
f 2744 288 2746
f 2746 288 286
f 2746 286 2748
f 2748 286 284
f 2748 284 2750
f 2750 284 282
f 2750 282 2752
f 2752 282 280
f 2752 280 2754
f 2754 280 278
f 2754 278 2756
f 2756 278 276
f 2756 276 2758
f 2758 276 274
f 2758 274 2760
f 2760 274 272
f 2760 272 2762
f 2762 272 270
f 2762 270 2764
f 2764 270 268
f 2764 268 2766
f 2766 268 266
f 2766 266 2768
f 2768 266 264
f 2768 264 2770
f 2770 264 262
f 2770 262 2772
f 2772 262 260
f 2772 260 2774
f 2774 260 258
f 2774 258 2776
f 2776 258 356
f 2776 356 2778
f 2778 356 354
f 2778 354 2780
f 2780 354 352
f 2780 352 2782
f 2782 352 350
f 2782 350 2784
f 2784 350 348
f 2784 348 2786
f 2786 348 346
f 2786 346 2788
f 2788 346 344
f 2788 344 2790
f 2790 344 342
f 2790 342 2792
f 2792 342 340
f 2792 340 2794
f 2794 340 338
f 2794 338 2796
f 2796 338 336
f 2796 336 2798
f 2798 336 334
f 2798 334 2800
f 2800 334 332
f 2800 332 2802
f 2802 332 330
f 2802 330 2804
f 2804 330 328
f 2804 328 2806
f 2806 328 326
f 2806 326 2808
f 2808 326 324
f 2808 324 2810
f 2810 324 322
f 2810 322 2812
f 2812 322 320
f 2812 320 2814
f 2814 320 318
f 2814 318 2816
f 2816 318 316
f 2816 316 2818
f 2818 316 314
f 2818 314 2820
f 2820 314 312
f 2820 312 2822
f 2822 312 310
f 2822 310 2824
f 2824 310 308
f 2824 308 2826
f 2826 308 306
f 2826 306 2828
f 2828 306 304
f 2828 304 2730
f 2730 304 302
f 2829 2830 2831
f 2831 2830 2832
f 2832 2830 2833
f 2832 2833 2834
f 2834 2833 2835
f 2834 2835 2836
f 2836 2835 2837
f 2836 2837 2838
f 2836 2838 2839
f 2839 2838 2840
f 2839 2840 2841
f 2841 2840 2842
f 2841 2842 2843
f 2843 2842 2844
f 2845 2846 2847
f 2847 2846 2848
f 2848 2846 2849
f 2848 2849 2850
f 2850 2849 2851
f 2850 2851 2852
f 2852 2851 2853
f 2852 2853 2854
f 2852 2854 2855
f 2855 2854 2856
f 2855 2856 2857
f 2857 2856 2858
f 2857 2858 2859
f 2859 2858 2860
f 2861 2862 2863
f 2863 2862 2864
f 2864 2862 2865
f 2864 2865 2866
f 2866 2865 2867
f 2866 2867 2868
f 2868 2867 2869
f 2868 2869 2870
f 2868 2870 2871
f 2871 2870 2872
f 2871 2872 2873
f 2873 2872 2874
f 2873 2874 2875
f 2875 2874 2876
f 2877 2878 2879
f 2879 2878 2880
f 2880 2878 2881
f 2880 2881 2882
f 2882 2881 2883
f 2882 2883 2884
f 2884 2883 2885
f 2884 2885 2886
f 2884 2886 2887
f 2887 2886 2888
f 2887 2888 2889
f 2889 2888 2890
f 2889 2890 2891
f 2891 2890 2892
f 2893 2894 2895
f 2895 2894 2896
f 2895 2896 2897
f 2897 2896 2898
f 2897 2898 2899
f 2899 2898 2900
f 2899 2900 2901
f 2901 2900 2902
f 2901 2902 2903
f 2903 2902 2904
f 2903 2904 2905
f 2905 2904 2906
f 2905 2906 2769
f 2769 2906 2767
f 2767 2906 2765
f 2765 2906 2763
f 2763 2906 2761
f 2761 2906 2759
f 2759 2906 2757
f 2757 2906 2755
f 2755 2906 2753
f 2753 2906 2751
f 2751 2906 2907
f 2751 2907 2749
f 2749 2907 2747
f 2747 2907 2745
f 2745 2907 2743
f 2743 2907 2908
f 2743 2908 2909
f 2743 2909 2741
f 2741 2909 2910
f 2741 2910 2911
f 2741 2911 2739
f 2739 2911 2912
f 2739 2912 2737
f 2737 2912 2913
f 2737 2913 2735
f 2735 2913 2914
f 2735 2914 2733
f 2733 2914 2915
f 2733 2915 2731
f 2731 2915 2916
f 2731 2916 2729
f 2729 2916 2917
f 2729 2917 2827
f 2827 2917 2825
f 2825 2917 2918
f 2825 2918 2823
f 2823 2918 2919
f 2823 2919 2821
f 2821 2919 2920
f 2821 2920 2819
f 2819 2920 2921
f 2819 2921 2817
f 2817 2921 2922
f 2817 2922 2815
f 2815 2922 2923
f 2815 2923 2813
f 2813 2923 2924
f 2813 2924 2811
f 2811 2924 2925
f 2811 2925 2809
f 2809 2925 2926
f 2809 2926 2807
f 2807 2926 2927
f 2807 2927 2805
f 2805 2927 2928
f 2805 2928 2803
f 2803 2928 2929
f 2803 2929 2801
f 2801 2929 2930
f 2801 2930 2799
f 2799 2930 2931
f 2799 2931 2797
f 2797 2931 2932
f 2797 2932 2795
f 2795 2932 2933
f 2795 2933 2934
f 2795 2934 2793
f 2793 2934 2935
f 2793 2935 2791
f 2791 2935 2789
f 2789 2935 2787
f 2787 2935 2785
f 2785 2935 2905
f 2785 2905 2783
f 2783 2905 2781
f 2781 2905 2779
f 2779 2905 2777
f 2777 2905 2775
f 2775 2905 2773
f 2773 2905 2771
f 2771 2905 2769
f 2936 2937 2938
f 2938 2937 2939
f 2938 2939 2940
f 2940 2939 2941
f 2940 2941 2942
f 2942 2941 2943
f 2942 2943 2944
f 2944 2943 2945
f 2944 2945 2946
f 2946 2945 2947
f 2946 2947 2948
f 2948 2947 2949
f 2948 2949 2950
f 2946 2948 2951
f 2951 2948 2952
f 2951 2952 2953
f 2953 2952 2954
f 2953 2954 2955
f 2955 2954 2956
f 2955 2956 2957
f 2957 2956 2958
f 2957 2958 2959
f 2959 2958 2960
f 2959 2960 2961
f 2962 2963 2964
f 2964 2963 2965
f 2964 2965 2966
f 2966 2965 2967
f 2966 2967 2968
f 2962 2969 2963
f 2963 2969 2970
f 2970 2969 2971
f 2970 2971 2972
f 2972 2971 2973
f 2972 2973 2974
f 2974 2973 2975
f 2974 2975 2976
f 2976 2975 2977
f 2976 2977 2978
f 2978 2977 2979
f 2978 2979 2980
f 2980 2979 2981
f 2980 2981 2982
f 2982 2981 2983
f 2982 2983 2984
f 2984 2983 2985
f 2984 2985 2986
f 2986 2985 2987
f 2986 2987 2988
f 2988 2987 2989
f 2988 2989 2990
f 2990 2989 2991
f 2990 2991 2992
f 2992 2991 2993
f 2992 2993 2994
f 2994 2993 2995
f 2994 2995 2996
f 2996 2995 2997
f 2996 2997 2998
f 2998 2997 2999
f 2998 2999 3000
f 3000 2999 3001
f 3000 3001 3002
f 3002 3001 3003
f 3002 3003 3004
f 3004 3003 3005
f 3004 3005 2968
f 2968 3005 2966
f 2962 2964 1329
f 1329 2964 2966
f 1329 2966 1328
f 1328 2966 3005
f 1328 3005 1330
f 1330 3005 3003
f 1330 3003 1331
f 1331 3003 3001
f 1331 3001 2999
f 1331 2999 1332
f 1332 2999 2997
f 1332 2997 1333
f 1333 2997 2995
f 1333 2995 2993
f 1333 2993 1334
f 1334 2993 2991
f 1334 2991 1335
f 1335 2991 2989
f 1335 2989 1336
f 1336 2989 2987
f 1336 2987 2985
f 1336 2985 1337
f 1337 2985 2983
f 1337 2983 1338
f 1338 2983 2981
f 1338 2981 1339
f 1339 2981 2979
f 1339 2979 2977
f 1339 2977 1340
f 1340 2977 2975
f 1340 2975 1341
f 1341 2975 2973
f 1341 2973 2971
f 1341 2971 1343
f 1343 2971 2969
f 1343 2969 1345
f 1345 2969 2962
f 1345 2962 1329
f 3006 3007 3008
f 3008 3007 3009
f 3008 3009 3010
f 3010 3009 3011
f 3010 3011 3012
f 3006 3013 3007
f 3007 3013 3014
f 3014 3013 3015
f 3014 3015 3016
f 3016 3015 3017
f 3016 3017 3018
f 3018 3017 3019
f 3018 3019 3020
f 3020 3019 3021
f 3020 3021 3022
f 3022 3021 3023
f 3022 3023 3024
f 3024 3023 3025
f 3024 3025 3026
f 3026 3025 3027
f 3026 3027 3028
f 3028 3027 3029
f 3028 3029 3030
f 3030 3029 3031
f 3030 3031 3032
f 3032 3031 3033
f 3032 3033 3034
f 3034 3033 3035
f 3034 3035 3036
f 3036 3035 3037
f 3036 3037 3038
f 3038 3037 3039
f 3038 3039 3040
f 3040 3039 3041
f 3040 3041 3042
f 3042 3041 3043
f 3042 3043 3044
f 3044 3043 3045
f 3044 3045 3046
f 3046 3045 3047
f 3046 3047 3048
f 3048 3047 3049
f 3048 3049 3012
f 3012 3049 3010
f 3006 3008 1253
f 1253 3008 3010
f 1253 3010 1252
f 1252 3010 3049
f 1252 3049 1262
f 1262 3049 3047
f 1262 3047 1263
f 1263 3047 3045
f 1263 3045 3043
f 1263 3043 1264
f 1264 3043 3041
f 1264 3041 1265
f 1265 3041 3039
f 1265 3039 3037
f 1265 3037 1267
f 1267 3037 3035
f 1267 3035 1269
f 1269 3035 3033
f 1269 3033 1261
f 1261 3033 3031
f 1261 3031 3029
f 1261 3029 1260
f 1260 3029 3027
f 1260 3027 1259
f 1259 3027 3025
f 1259 3025 1258
f 1258 3025 3023
f 1258 3023 3021
f 1258 3021 1257
f 1257 3021 3019
f 1257 3019 1256
f 1256 3019 3017
f 1256 3017 3015
f 1256 3015 1255
f 1255 3015 3013
f 1255 3013 1254
f 1254 3013 3006
f 1254 3006 1253
f 3050 3051 3052
f 3052 3051 3053
f 3052 3053 3054
f 3054 3053 3055
f 3054 3055 3056
f 3050 3057 3051
f 3051 3057 3058
f 3058 3057 3059
f 3058 3059 3060
f 3060 3059 3061
f 3060 3061 3062
f 3062 3061 3063
f 3062 3063 3064
f 3064 3063 3065
f 3064 3065 3066
f 3066 3065 3067
f 3066 3067 3068
f 3068 3067 3069
f 3068 3069 3070
f 3070 3069 3071
f 3070 3071 3072
f 3072 3071 3073
f 3072 3073 3074
f 3074 3073 3075
f 3074 3075 3076
f 3076 3075 3077
f 3076 3077 3078
f 3078 3077 3079
f 3078 3079 3080
f 3080 3079 3081
f 3080 3081 3082
f 3082 3081 3083
f 3082 3083 3084
f 3084 3083 3085
f 3084 3085 3086
f 3086 3085 3087
f 3086 3087 3088
f 3088 3087 3089
f 3088 3089 3090
f 3090 3089 3091
f 3090 3091 3092
f 3092 3091 3093
f 3092 3093 3056
f 3056 3093 3054
f 3050 3052 1272
f 1272 3052 3054
f 1272 3054 1271
f 1271 3054 3093
f 1271 3093 1283
f 1283 3093 3091
f 1283 3091 1284
f 1284 3091 3089
f 1284 3089 3087
f 1284 3087 1286
f 1286 3087 3085
f 1286 3085 1288
f 1288 3085 3083
f 1288 3083 3081
f 1288 3081 1282
f 1282 3081 3079
f 1282 3079 1281
f 1281 3079 3077
f 1281 3077 1280
f 1280 3077 3075
f 1280 3075 3073
f 1280 3073 1279
f 1279 3073 3071
f 1279 3071 1278
f 1278 3071 3069
f 1278 3069 1277
f 1277 3069 3067
f 1277 3067 3065
f 1277 3065 1276
f 1276 3065 3063
f 1276 3063 1275
f 1275 3063 3061
f 1275 3061 3059
f 1275 3059 1274
f 1274 3059 3057
f 1274 3057 1273
f 1273 3057 3050
f 1273 3050 1272
f 3094 3095 3096
f 3096 3095 3097
f 3096 3097 3098
f 3098 3097 3099
f 3098 3099 3100
f 3094 3101 3095
f 3095 3101 3102
f 3102 3101 3103
f 3102 3103 3104
f 3104 3103 3105
f 3104 3105 3106
f 3106 3105 3107
f 3106 3107 3108
f 3108 3107 3109
f 3108 3109 3110
f 3110 3109 3111
f 3110 3111 3112
f 3112 3111 3113
f 3112 3113 3114
f 3114 3113 3115
f 3114 3115 3116
f 3116 3115 3117
f 3116 3117 3118
f 3118 3117 3119
f 3118 3119 3120
f 3120 3119 3121
f 3120 3121 3122
f 3122 3121 3123
f 3122 3123 3124
f 3124 3123 3125
f 3124 3125 3126
f 3126 3125 3127
f 3126 3127 3128
f 3128 3127 3129
f 3128 3129 3130
f 3130 3129 3131
f 3130 3131 3132
f 3132 3131 3133
f 3132 3133 3134
f 3134 3133 3135
f 3134 3135 3136
f 3136 3135 3137
f 3136 3137 3100
f 3100 3137 3098
f 3094 3096 1215
f 1215 3096 3098
f 1215 3098 1214
f 1214 3098 3137
f 1214 3137 1220
f 1220 3137 3135
f 1220 3135 1221
f 1221 3135 3133
f 1221 3133 3131
f 1221 3131 1222
f 1222 3131 3129
f 1222 3129 1223
f 1223 3129 3127
f 1223 3127 3125
f 1223 3125 1224
f 1224 3125 3123
f 1224 3123 1225
f 1225 3123 3121
f 1225 3121 1226
f 1226 3121 3119
f 1226 3119 3117
f 1226 3117 1227
f 1227 3117 3115
f 1227 3115 1229
f 1229 3115 3113
f 1229 3113 1231
f 1231 3113 3111
f 1231 3111 3109
f 1231 3109 1219
f 1219 3109 3107
f 1219 3107 1218
f 1218 3107 3105
f 1218 3105 3103
f 1218 3103 1217
f 1217 3103 3101
f 1217 3101 1216
f 1216 3101 3094
f 1216 3094 1215
f 3138 3139 3140
f 3140 3139 3141
f 3140 3141 3142
f 3142 3141 3143
f 3142 3143 3144
f 3138 3145 3139
f 3139 3145 3146
f 3146 3145 3147
f 3146 3147 3148
f 3148 3147 3149
f 3148 3149 3150
f 3150 3149 3151
f 3150 3151 3152
f 3152 3151 3153
f 3152 3153 3154
f 3154 3153 3155
f 3154 3155 3156
f 3156 3155 3157
f 3156 3157 3158
f 3158 3157 3159
f 3158 3159 3160
f 3160 3159 3161
f 3160 3161 3162
f 3162 3161 3163
f 3162 3163 3164
f 3164 3163 3165
f 3164 3165 3166
f 3166 3165 3167
f 3166 3167 3168
f 3168 3167 3169
f 3168 3169 3170
f 3170 3169 3171
f 3170 3171 3172
f 3172 3171 3173
f 3172 3173 3174
f 3174 3173 3175
f 3174 3175 3176
f 3176 3175 3177
f 3176 3177 3178
f 3178 3177 3179
f 3178 3179 3180
f 3180 3179 3181
f 3180 3181 3144
f 3144 3181 3142
f 3138 3140 1311
f 1311 3140 3142
f 1311 3142 1309
f 1309 3142 3181
f 1309 3181 1314
f 1314 3181 3179
f 1314 3179 1316
f 1316 3179 3177
f 1316 3177 3175
f 1316 3175 1317
f 1317 3175 3173
f 1317 3173 1318
f 1318 3173 3171
f 1318 3171 3169
f 1318 3169 1319
f 1319 3169 3167
f 1319 3167 1320
f 1320 3167 3165
f 1320 3165 1321
f 1321 3165 3163
f 1321 3163 3161
f 1321 3161 1322
f 1322 3161 3159
f 1322 3159 1323
f 1323 3159 3157
f 1323 3157 1324
f 1324 3157 3155
f 1324 3155 3153
f 1324 3153 1325
f 1325 3153 3151
f 1325 3151 1326
f 1326 3151 3149
f 1326 3149 3147
f 1326 3147 1327
f 1327 3147 3145
f 1327 3145 1313
f 1313 3145 3138
f 1313 3138 1311
f 3182 3183 3184
f 3184 3183 3185
f 3184 3185 3186
f 3186 3185 3187
f 3186 3187 3188
f 3182 3189 3183
f 3183 3189 3190
f 3190 3189 3191
f 3190 3191 3192
f 3192 3191 3193
f 3192 3193 3194
f 3194 3193 3195
f 3194 3195 3196
f 3196 3195 3197
f 3196 3197 3198
f 3198 3197 3199
f 3198 3199 3200
f 3200 3199 3201
f 3200 3201 3202
f 3202 3201 3203
f 3202 3203 3204
f 3204 3203 3205
f 3204 3205 3206
f 3206 3205 3207
f 3206 3207 3208
f 3208 3207 3209
f 3208 3209 3210
f 3210 3209 3211
f 3210 3211 3212
f 3212 3211 3213
f 3212 3213 3214
f 3214 3213 3215
f 3214 3215 3216
f 3216 3215 3217
f 3216 3217 3218
f 3218 3217 3219
f 3218 3219 3220
f 3220 3219 3221
f 3220 3221 3222
f 3222 3221 3223
f 3222 3223 3224
f 3224 3223 3225
f 3224 3225 3188
f 3188 3225 3186
f 3182 3184 1234
f 1234 3184 3186
f 1234 3186 1233
f 1233 3186 3225
f 1233 3225 1241
f 1241 3225 3223
f 1241 3223 1242
f 1242 3223 3221
f 1242 3221 3219
f 1242 3219 1243
f 1243 3219 3217
f 1243 3217 1244
f 1244 3217 3215
f 1244 3215 3213
f 1244 3213 1245
f 1245 3213 3211
f 1245 3211 1246
f 1246 3211 3209
f 1246 3209 1248
f 1248 3209 3207
f 1248 3207 3205
f 1248 3205 1250
f 1250 3205 3203
f 1250 3203 1240
f 1240 3203 3201
f 1240 3201 1239
f 1239 3201 3199
f 1239 3199 3197
f 1239 3197 1238
f 1238 3197 3195
f 1238 3195 1237
f 1237 3195 3193
f 1237 3193 3191
f 1237 3191 1236
f 1236 3191 3189
f 1236 3189 1235
f 1235 3189 3182
f 1235 3182 1234
f 3226 3227 3228
f 3228 3227 3229
f 3228 3229 3230
f 3230 3229 3231
f 3230 3231 3232
f 3226 3233 3227
f 3227 3233 3234
f 3234 3233 3235
f 3234 3235 3236
f 3236 3235 3237
f 3236 3237 3238
f 3238 3237 3239
f 3238 3239 3240
f 3240 3239 3241
f 3240 3241 3242
f 3242 3241 3243
f 3242 3243 3244
f 3244 3243 3245
f 3244 3245 3246
f 3246 3245 3247
f 3246 3247 3248
f 3248 3247 3249
f 3248 3249 3250
f 3250 3249 3251
f 3250 3251 3252
f 3252 3251 3253
f 3252 3253 3254
f 3254 3253 3255
f 3254 3255 3256
f 3256 3255 3257
f 3256 3257 3258
f 3258 3257 3259
f 3258 3259 3260
f 3260 3259 3261
f 3260 3261 3262
f 3262 3261 3263
f 3262 3263 3264
f 3264 3263 3265
f 3264 3265 3266
f 3266 3265 3267
f 3266 3267 3268
f 3268 3267 3269
f 3268 3269 3232
f 3232 3269 3230
f 3226 3228 1291
f 1291 3228 3230
f 1291 3230 1290
f 1290 3230 3269
f 1290 3269 1304
f 1304 3269 3267
f 1304 3267 1307
f 1307 3267 3265
f 1307 3265 3263
f 1307 3263 1303
f 1303 3263 3261
f 1303 3261 1302
f 1302 3261 3259
f 1302 3259 3257
f 1302 3257 1301
f 1301 3257 3255
f 1301 3255 1300
f 1300 3255 3253
f 1300 3253 1299
f 1299 3253 3251
f 1299 3251 3249
f 1299 3249 1298
f 1298 3249 3247
f 1298 3247 1297
f 1297 3247 3245
f 1297 3245 1296
f 1296 3245 3243
f 1296 3243 3241
f 1296 3241 1295
f 1295 3241 3239
f 1295 3239 1294
f 1294 3239 3237
f 1294 3237 3235
f 1294 3235 1293
f 1293 3235 3233
f 1293 3233 1292
f 1292 3233 3226
f 1292 3226 1291
f 3270 3271 3272
f 3272 3271 3273
f 3272 3273 3274
f 3274 3273 3275
f 3274 3275 3276
f 3270 3277 3271
f 3271 3277 3278
f 3278 3277 3279
f 3278 3279 3280
f 3280 3279 3281
f 3280 3281 3282
f 3282 3281 3283
f 3282 3283 3284
f 3284 3283 3285
f 3284 3285 3286
f 3286 3285 3287
f 3286 3287 3288
f 3288 3287 3289
f 3288 3289 3290
f 3290 3289 3291
f 3290 3291 3292
f 3292 3291 3293
f 3292 3293 3294
f 3294 3293 3295
f 3294 3295 3296
f 3296 3295 3297
f 3296 3297 3298
f 3298 3297 3299
f 3298 3299 3300
f 3300 3299 3301
f 3300 3301 3302
f 3302 3301 3303
f 3302 3303 3304
f 3304 3303 3305
f 3304 3305 3306
f 3306 3305 3307
f 3306 3307 3308
f 3308 3307 3309
f 3308 3309 3310
f 3310 3309 3311
f 3310 3311 3312
f 3312 3311 3313
f 3312 3313 3276
f 3276 3313 3274
f 3270 3272 1196
f 1196 3272 3274
f 1196 3274 1195
f 1195 3274 3313
f 1195 3313 1199
f 1199 3313 3311
f 1199 3311 1200
f 1200 3311 3309
f 1200 3309 3307
f 1200 3307 1201
f 1201 3307 3305
f 1201 3305 1202
f 1202 3305 3303
f 1202 3303 3301
f 1202 3301 1203
f 1203 3301 3299
f 1203 3299 1204
f 1204 3299 3297
f 1204 3297 1205
f 1205 3297 3295
f 1205 3295 3293
f 1205 3293 1206
f 1206 3293 3291
f 1206 3291 1207
f 1207 3291 3289
f 1207 3289 1208
f 1208 3289 3287
f 1208 3287 3285
f 1208 3285 1210
f 1210 3285 3283
f 1210 3283 1212
f 1212 3283 3281
f 1212 3281 3279
f 1212 3279 1198
f 1198 3279 3277
f 1198 3277 1197
f 1197 3277 3270
f 1197 3270 1196
f 3314 2935 3315
f 3315 2935 2934
f 3315 2934 3316
f 3316 2934 2933
f 3316 2933 3317
f 3317 2933 2932
f 3317 2932 3318
f 3318 2932 2931
f 3318 2931 3319
f 3319 2931 2930
f 3319 2930 3320
f 3320 2930 2929
f 3320 2929 3321
f 3321 2929 2928
f 3321 2928 3322
f 3322 2928 2927
f 3322 2927 3323
f 3323 2927 2926
f 3323 2926 3324
f 3324 2926 2925
f 3324 2925 3325
f 3325 2925 2924
f 3325 2924 3326
f 3326 2924 2923
f 3326 2923 3327
f 3327 2923 2922
f 3327 2922 3328
f 3328 2922 2921
f 3328 2921 3329
f 3329 2921 2920
f 3329 2920 3330
f 3330 2920 2919
f 3330 2919 3331
f 3331 2919 2918
f 3331 2918 3332
f 3332 2918 2917
f 3332 2917 3333
f 3333 2917 2916
f 3333 2916 3334
f 3334 2916 2915
f 3334 2915 3335
f 3335 2915 2914
f 3335 2914 3336
f 3336 2914 2913
f 3336 2913 3337
f 3337 2913 2912
f 3337 2912 3338
f 3338 2912 2911
f 3338 2911 3339
f 3339 2911 2910
f 3339 2910 3340
f 3340 2910 2909
f 3340 2909 3341
f 3341 2909 2908
f 3341 2908 3342
f 3342 2908 2907
f 3314 3343 2935
f 2935 3343 2905
f 3315 3296 3314
f 3314 3296 3298
f 3314 3298 3300
f 3315 3316 3296
f 3296 3316 3317
f 3296 3317 3294
f 3294 3317 3318
f 3294 3318 3319
f 3320 3290 3319
f 3319 3290 3292
f 3319 3292 3294
f 3290 3320 3288
f 3288 3320 3321
f 3288 3321 2988
f 2988 3321 2986
f 2986 3321 3322
f 2986 3322 2984
f 2984 3322 2982
f 2982 3322 3323
f 2982 3323 2980
f 2980 3323 2978
f 2978 3323 3324
f 2978 3324 2976
f 2976 3324 2974
f 2974 3324 3325
f 2974 3325 2972
f 2972 3325 2970
f 2970 3325 3326
f 2970 3326 2963
f 2963 3326 3164
f 2963 3164 2965
f 2965 3164 3166
f 2965 3166 3344
f 3344 3166 3168
f 3344 3168 3345
f 3345 3168 3170
f 3345 3170 3346
f 3346 3170 3172
f 3346 3172 3347
f 3347 3172 3174
f 3347 3174 3176
f 3327 3160 3326
f 3326 3160 3162
f 3326 3162 3164
f 3328 3156 3327
f 3327 3156 3158
f 3327 3158 3160
f 3329 3150 3328
f 3328 3150 3152
f 3328 3152 3154
f 3330 3146 3329
f 3329 3146 3148
f 3329 3148 3150
f 3331 3248 3330
f 3330 3248 3250
f 3330 3250 3141
f 3141 3250 3252
f 3141 3252 3143
f 3143 3252 3348
f 3143 3348 3349
f 3332 3244 3331
f 3331 3244 3246
f 3331 3246 3248
f 3333 3240 3332
f 3332 3240 3242
f 3332 3242 3244
f 3334 3236 3333
f 3333 3236 3238
f 3333 3238 3240
f 3335 3227 3334
f 3334 3227 3234
f 3334 3234 3236
f 3336 3062 3335
f 3335 3062 3229
f 3335 3229 3227
f 3062 3336 3060
f 3060 3336 3337
f 3060 3337 3058
f 3058 3337 3051
f 3051 3337 3338
f 3051 3338 3339
f 3051 3339 3053
f 3053 3339 3340
f 3053 3340 3341
f 3341 3342 3053
f 3053 3342 3055
f 3055 3342 3056
f 3056 3342 3011
f 3056 3011 3092
f 3092 3011 3009
f 3092 3009 3090
f 3090 3009 3088
f 3088 3009 3007
f 3088 3007 3086
f 3086 3007 3014
f 3086 3014 3084
f 3084 3014 3016
f 3084 3016 3082
f 3082 3016 3018
f 3082 3018 3080
f 3080 3018 3020
f 3080 3020 3078
f 3078 3020 3022
f 3078 3022 3076
f 3076 3022 3024
f 3076 3024 3350
f 3350 3024 3351
f 3351 3024 3026
f 3351 3026 3352
f 3352 3026 3028
f 3352 3028 3030
f 3342 3353 3011
f 3011 3353 3012
f 3012 3353 3048
f 3048 3353 3354
f 3048 3354 3046
f 3046 3354 3355
f 3046 3355 3044
f 3044 3355 3356
f 3044 3356 3042
f 3042 3356 3357
f 3042 3357 3188
f 3188 3357 3224
f 3224 3357 3358
f 3224 3358 3222
f 3222 3358 3220
f 3220 3358 3359
f 3220 3359 3218
f 3218 3359 3360
f 3218 3360 3361
f 3362 3363 3353
f 3353 3363 3364
f 3353 3364 3365
f 3366 3367 3362
f 3362 3367 3368
f 3362 3368 3369
f 3366 3370 3367
f 3367 3370 3371
f 3371 3370 3372
f 3371 3372 3373
f 3373 3372 3374
f 3373 3374 3375
f 3375 3374 3376
f 3376 3374 3377
f 3376 3377 3378
f 3378 3377 3379
f 3379 3377 3380
f 3379 3380 3381
f 3381 3380 3382
f 3382 3380 3383
f 3383 3380 3384
f 3384 3380 3385
f 3384 3385 3386
f 3386 3385 3387
f 3386 3387 3388
f 3388 3387 3389
f 3389 3387 3390
f 3389 3390 3391
f 3391 3390 3392
f 3392 3390 3393
f 3392 3393 3394
f 3394 3393 3395
f 3394 3395 3396
f 3396 3395 3397
f 3397 3395 3398
f 3397 3398 3399
f 3399 3398 3400
f 3399 3400 3401
f 3401 3400 3402
f 3401 3402 3403
f 3403 3402 3404
f 3403 3404 3405
f 3405 3404 3406
f 3405 3406 3407
f 3407 3406 3408
f 3407 3408 3409
f 3409 3408 3410
f 3409 3410 3411
f 3412 3413 3380
f 3380 3413 3414
f 3380 3414 3385
f 3415 3416 3387
f 3387 3416 3417
f 3387 3417 3418
f 3419 3420 3415
f 3415 3420 3421
f 3415 3421 3422
f 3423 3424 3419
f 3419 3424 3425
f 3419 3425 3420
f 3423 3426 3424
f 3424 3426 3427
f 3428 3429 3424
f 3424 3429 3430
f 3424 3430 3431
f 3432 3433 3428
f 3428 3433 3434
f 3428 3434 3429
f 3435 3436 3432
f 3432 3436 3437
f 3432 3437 3433
f 3436 3435 3438
f 3438 3435 3439
f 3438 3439 3440
f 3440 3439 3441
f 3440 3441 3442
f 3343 3443 3442
f 3442 3443 3444
f 3442 3444 3445
f 3445 3444 3446
f 3446 3444 3447
f 3446 3447 3448
f 3448 3447 3449
f 3448 3449 3450
f 3450 3449 3451
f 3450 3451 3452
f 3452 3451 3453
f 3452 3453 3454
f 3314 3122 3343
f 3343 3122 3124
f 3343 3124 3126
f 3288 2988 3286
f 3286 2988 2990
f 3286 2990 3284
f 3284 2990 2992
f 3284 2992 3282
f 3282 2992 2994
f 3282 2994 3280
f 3280 2994 2996
f 3280 2996 3278
f 3278 2996 2998
f 3278 2998 3271
f 3271 2998 3000
f 3271 3000 3273
f 3273 3000 3002
f 3273 3002 3455
f 3455 3002 3004
f 3455 3004 3456
f 3456 3004 2968
f 3456 2968 3457
f 3457 2968 2967
f 3457 2967 3458
f 3458 2967 2965
f 3458 2965 3344
f 3352 3030 3459
f 3459 3030 3032
f 3459 3032 3460
f 3460 3032 3183
f 3460 3183 3461
f 3461 3183 3190
f 3461 3190 3462
f 3462 3190 3192
f 3462 3192 3194
f 3183 3032 3185
f 3185 3032 3034
f 3185 3034 3036
f 3185 3036 3187
f 3187 3036 3038
f 3187 3038 3188
f 3188 3038 3040
f 3188 3040 3042
f 3062 3064 3229
f 3229 3064 3231
f 3231 3064 3066
f 3231 3066 3232
f 3232 3066 3068
f 3232 3068 3268
f 3268 3068 3070
f 3268 3070 3266
f 3266 3070 3072
f 3266 3072 3264
f 3264 3072 3074
f 3264 3074 3262
f 3262 3074 3076
f 3262 3076 3260
f 3260 3076 3350
f 3260 3350 3463
f 3095 3464 3097
f 3097 3464 3465
f 3097 3465 3206
f 3206 3465 3204
f 3204 3465 3466
f 3204 3466 3202
f 3202 3466 3467
f 3202 3467 3200
f 3200 3467 3468
f 3200 3468 3198
f 3198 3468 3196
f 3196 3468 3469
f 3196 3469 3194
f 3194 3469 3462
f 3464 3095 3470
f 3470 3095 3102
f 3470 3102 3471
f 3471 3102 3104
f 3471 3104 3472
f 3472 3104 3106
f 3472 3106 3273
f 3273 3106 3108
f 3273 3108 3275
f 3275 3108 3110
f 3275 3110 3276
f 3276 3110 3112
f 3276 3112 3312
f 3312 3112 3114
f 3312 3114 3310
f 3310 3114 3116
f 3310 3116 3308
f 3308 3116 3118
f 3308 3118 3306
f 3306 3118 3120
f 3306 3120 3304
f 3304 3120 3302
f 3302 3120 3122
f 3302 3122 3300
f 3300 3122 3314
f 3343 3126 3473
f 3473 3126 3128
f 3473 3128 3474
f 3474 3128 3130
f 3474 3130 3475
f 3475 3130 3132
f 3475 3132 3476
f 3476 3132 3212
f 3476 3212 3214
f 3132 3134 3212
f 3212 3134 3136
f 3212 3136 3210
f 3210 3136 3100
f 3210 3100 3208
f 3208 3100 3099
f 3208 3099 3097
f 3141 3139 3330
f 3330 3139 3146
f 3154 3156 3328
f 3347 3176 3477
f 3477 3176 3178
f 3477 3178 3478
f 3478 3178 3180
f 3478 3180 3144
f 3478 3144 3349
f 3349 3144 3143
f 3206 3208 3097
f 3476 3214 3361
f 3361 3214 3216
f 3361 3216 3218
f 3348 3252 3479
f 3479 3252 3254
f 3479 3254 3480
f 3480 3254 3256
f 3480 3256 3258
f 3480 3258 3463
f 3463 3258 3260
f 3481 3482 3411
f 3411 3482 3483
f 3411 3483 3484
f 3484 3483 3485
f 3485 3483 3486
f 3485 3486 3487
f 3481 3488 3482
f 3482 3488 3489
f 3489 3488 3490
f 3489 3490 3491
f 3491 3490 3492
f 3491 3492 3493
f 3493 3492 3416
f 3416 3492 3417
f 3418 3494 3387
f 3387 3494 3495
f 3387 3495 3496
f 3496 3497 3387
f 3387 3497 3498
f 3387 3498 3390
f 3485 3487 3499
f 3499 3487 3500
f 3499 3500 3501
f 3501 3500 3502
f 3501 3502 3503
f 3503 3502 3504
f 3503 3504 3505
f 3505 3504 3506
f 3505 3506 3507
f 3507 3506 3508
f 3507 3508 3509
f 3509 3508 3453
f 3509 3453 3451
f 3452 3454 3510
f 3510 3454 3511
f 3510 3511 3512
f 3512 3511 3422
f 3422 3511 3415
f 3511 3513 3415
f 3415 3513 3514
f 3415 3514 3515
f 3515 3516 3415
f 3415 3516 3517
f 3415 3517 3518
f 3518 3416 3415
f 3360 3359 3484
f 3484 3359 3519
f 3484 3519 3411
f 3411 3519 3409
f 3473 3520 3343
f 3343 3520 3521
f 3343 3521 3522
f 3522 3443 3343
f 3363 3362 3523
f 3523 3362 3369
f 3523 3369 3524
f 3365 3525 3353
f 3353 3525 3354
f 3394 3396 3526
f 3526 3396 3527
f 3526 3527 3528
f 3528 3527 3529
f 3528 3529 3524
f 3524 3529 3523
f 3445 3530 3442
f 3442 3530 3440
f 3431 3531 3424
f 3424 3531 3425
f 3455 3472 3273
f 361 3463 359
f 359 3463 3350
f 359 3350 357
f 357 3350 3351
f 357 3351 416
f 416 3351 3352
f 416 3352 414
f 414 3352 3459
f 414 3459 412
f 412 3459 3460
f 412 3460 410
f 410 3460 3461
f 410 3461 408
f 408 3461 3462
f 408 3462 406
f 406 3462 3469
f 406 3469 404
f 404 3469 3468
f 404 3468 402
f 402 3468 3467
f 402 3467 400
f 400 3467 3466
f 400 3466 398
f 398 3466 3465
f 398 3465 396
f 396 3465 3464
f 396 3464 394
f 394 3464 3470
f 394 3470 392
f 392 3470 3471
f 392 3471 390
f 390 3471 3472
f 390 3472 388
f 388 3472 3455
f 388 3455 386
f 386 3455 3456
f 386 3456 384
f 384 3456 3457
f 384 3457 383
f 383 3457 3458
f 383 3458 381
f 381 3458 3344
f 381 3344 379
f 379 3344 3345
f 379 3345 377
f 377 3345 3346
f 377 3346 375
f 375 3346 3347
f 375 3347 373
f 373 3347 3477
f 373 3477 371
f 371 3477 3478
f 371 3478 369
f 369 3478 3349
f 369 3349 367
f 367 3349 3348
f 367 3348 365
f 365 3348 3479
f 365 3479 363
f 363 3479 3480
f 363 3480 361
f 361 3480 3463
f 3374 2894 3377
f 3377 2894 3532
f 3377 3532 3533
f 2894 3374 2896
f 2896 3374 3372
f 2896 3372 2898
f 2898 3372 3370
f 2898 3370 2900
f 2900 3370 3366
f 2900 3366 2902
f 2902 3366 3362
f 2902 3362 2904
f 2904 3362 3353
f 2904 3353 2906
f 3533 3534 3377
f 3535 3536 3428
f 3428 3536 3537
f 3428 3537 2893
f 3428 2893 3432
f 3432 2893 2895
f 3432 2895 3435
f 3435 2895 2897
f 3435 2897 3439
f 3439 2897 2899
f 3439 2899 3441
f 3441 2899 2901
f 3441 2901 3442
f 3442 2901 2903
f 3442 2903 3343
f 3343 2903 2905
f 2946 3387 2944
f 2944 3387 3385
f 2944 3385 2942
f 2942 3385 3414
f 2942 3414 2940
f 2940 3414 3413
f 2940 3413 2938
f 2938 3413 3412
f 2938 3412 2936
f 2936 3412 3380
f 2946 2951 3387
f 3387 2951 3415
f 3415 2951 3419
f 3419 2951 2953
f 3419 2953 3423
f 3423 2953 2955
f 3423 2955 3426
f 3426 2955 2957
f 3426 2957 3427
f 3427 2957 2959
f 3427 2959 3424
f 3424 2959 2961
f 3538 3539 3540
f 3540 3539 3541
f 3540 3541 3542
f 3542 3541 3543
f 3542 3543 3544
f 3544 3543 3545
f 3544 3545 3546
f 3546 3545 3547
f 3546 3547 3548
f 3546 3548 3549
f 3549 3548 3550
f 3549 3550 3551
f 3551 3550 3552
f 3551 3552 3553
f 3551 3553 3554
f 3554 3553 3555
f 3554 3555 3556
f 3556 3555 3557
f 3556 3557 3558
f 3558 3557 3559
f 3558 3559 3560
f 3558 3560 3561
f 3561 3560 3562
f 3561 3562 3563
f 3563 3562 3564
f 3563 3564 3565
f 3565 3564 3566
f 3565 3566 3567
f 3565 3567 3568
f 3568 3567 3569
f 3568 3569 3570
f 3570 3569 3571
f 3570 3571 3572
f 3570 3572 3573
f 3573 3572 3574
f 3573 3574 3575
f 3575 3574 3538
f 3575 3538 3540
f 3576 3577 3578
f 3578 3577 3579
f 3578 3579 3580
f 3580 3579 3581
f 3580 3581 3582
f 3582 3581 3583
f 3582 3583 3584
f 3584 3583 3585
f 3584 3585 3586
f 3584 3586 3587
f 3587 3586 3588
f 3587 3588 3589
f 3589 3588 3590
f 3589 3590 3591
f 3589 3591 3592
f 3592 3591 3593
f 3592 3593 3594
f 3594 3593 3595
f 3594 3595 3596
f 3596 3595 3597
f 3596 3597 3598
f 3596 3598 3599
f 3599 3598 3600
f 3599 3600 3601
f 3601 3600 3602
f 3601 3602 3603
f 3603 3602 3604
f 3603 3604 3605
f 3603 3605 3606
f 3606 3605 3607
f 3606 3607 3608
f 3608 3607 3609
f 3608 3609 3610
f 3608 3610 3611
f 3611 3610 3612
f 3611 3612 3613
f 3613 3612 3576
f 3613 3576 3578
f 3614 3615 3616
f 3616 3615 3617
f 3616 3617 3618
f 3618 3617 3619
f 3618 3619 3620
f 3620 3619 3621
f 3620 3621 3622
f 3622 3621 3623
f 3622 3623 3624
f 3622 3624 3625
f 3625 3624 3626
f 3625 3626 3627
f 3627 3626 3628
f 3627 3628 3629
f 3627 3629 3630
f 3630 3629 3631
f 3630 3631 3632
f 3632 3631 3633
f 3632 3633 3634
f 3634 3633 3635
f 3634 3635 3636
f 3634 3636 3637
f 3637 3636 3638
f 3637 3638 3639
f 3639 3638 3640
f 3639 3640 3641
f 3641 3640 3642
f 3641 3642 3643
f 3641 3643 3644
f 3644 3643 3645
f 3644 3645 3646
f 3646 3645 3647
f 3646 3647 3648
f 3646 3648 3649
f 3649 3648 3650
f 3649 3650 3651
f 3651 3650 3614
f 3651 3614 3616
f 3652 3653 3654
f 3654 3653 3655
f 3654 3655 3656
f 3656 3655 3657
f 3656 3657 3658
f 3658 3657 3659
f 3658 3659 3660
f 3660 3659 3661
f 3660 3661 3662
f 3660 3662 3663
f 3663 3662 3664
f 3663 3664 3665
f 3665 3664 3666
f 3665 3666 3667
f 3665 3667 3668
f 3668 3667 3669
f 3668 3669 3670
f 3670 3669 3671
f 3670 3671 3672
f 3672 3671 3673
f 3672 3673 3674
f 3672 3674 3675
f 3675 3674 3676
f 3675 3676 3677
f 3677 3676 3678
f 3677 3678 3679
f 3679 3678 3680
f 3679 3680 3681
f 3679 3681 3682
f 3682 3681 3683
f 3682 3683 3684
f 3684 3683 3685
f 3684 3685 3686
f 3684 3686 3687
f 3687 3686 3688
f 3687 3688 3689
f 3689 3688 3652
f 3689 3652 3654
f 3690 3691 3692
f 3692 3691 3693
f 3692 3693 3694
f 3694 3693 3695
f 3694 3695 3696
f 3696 3695 3697
f 3696 3697 3698
f 3698 3697 3699
f 3698 3699 3700
f 3698 3700 3701
f 3701 3700 3702
f 3701 3702 3703
f 3703 3702 3704
f 3703 3704 3705
f 3703 3705 3706
f 3706 3705 3707
f 3706 3707 3708
f 3708 3707 3709
f 3708 3709 3710
f 3710 3709 3711
f 3710 3711 3712
f 3710 3712 3713
f 3713 3712 3714
f 3713 3714 3715
f 3715 3714 3716
f 3715 3716 3717
f 3717 3716 3718
f 3717 3718 3719
f 3717 3719 3720
f 3720 3719 3721
f 3720 3721 3722
f 3722 3721 3723
f 3722 3723 3724
f 3722 3724 3725
f 3725 3724 3726
f 3725 3726 3727
f 3727 3726 3690
f 3727 3690 3692
f 3728 3729 3730
f 3730 3729 3731
f 3730 3731 3732
f 3732 3731 3733
f 3732 3733 3734
f 3734 3733 3735
f 3734 3735 3736
f 3736 3735 3737
f 3736 3737 3738
f 3736 3738 3739
f 3739 3738 3740
f 3739 3740 3741
f 3741 3740 3742
f 3741 3742 3743
f 3741 3743 3744
f 3744 3743 3745
f 3744 3745 3746
f 3746 3745 3747
f 3746 3747 3748
f 3748 3747 3749
f 3748 3749 3750
f 3748 3750 3751
f 3751 3750 3752
f 3751 3752 3753
f 3753 3752 3754
f 3753 3754 3755
f 3755 3754 3756
f 3755 3756 3757
f 3755 3757 3758
f 3758 3757 3759
f 3758 3759 3760
f 3760 3759 3761
f 3760 3761 3762
f 3760 3762 3763
f 3763 3762 3764
f 3763 3764 3765
f 3765 3764 3728
f 3765 3728 3730
f 3652 3393 3653
f 3653 3393 3390
f 3653 3390 3655
f 3655 3390 3498
f 3655 3498 3497
f 3652 3688 3393
f 3393 3688 3395
f 3395 3688 3686
f 3395 3686 3398
f 3398 3686 3685
f 3398 3685 3400
f 3400 3685 3683
f 3400 3683 3402
f 3402 3683 3681
f 3402 3681 3404
f 3404 3681 3680
f 3404 3680 3406
f 3406 3680 3678
f 3406 3678 3408
f 3408 3678 3676
f 3408 3676 3410
f 3410 3676 3674
f 3410 3674 3411
f 3411 3674 3673
f 3411 3673 3481
f 3481 3673 3671
f 3481 3671 3488
f 3488 3671 3669
f 3488 3669 3490
f 3490 3669 3667
f 3490 3667 3492
f 3492 3667 3666
f 3492 3666 3417
f 3417 3666 3664
f 3417 3664 3418
f 3418 3664 3662
f 3418 3662 3494
f 3494 3662 3661
f 3494 3661 3495
f 3495 3661 3659
f 3495 3659 3496
f 3496 3659 3657
f 3496 3657 3497
f 3497 3657 3655
f 3576 3483 3577
f 3577 3483 3482
f 3577 3482 3579
f 3579 3482 3489
f 3579 3489 3491
f 3576 3612 3483
f 3483 3612 3486
f 3486 3612 3610
f 3486 3610 3487
f 3487 3610 3609
f 3487 3609 3500
f 3500 3609 3607
f 3500 3607 3502
f 3502 3607 3605
f 3502 3605 3504
f 3504 3605 3604
f 3504 3604 3506
f 3506 3604 3602
f 3506 3602 3508
f 3508 3602 3600
f 3508 3600 3453
f 3453 3600 3598
f 3453 3598 3454
f 3454 3598 3597
f 3454 3597 3511
f 3511 3597 3595
f 3511 3595 3513
f 3513 3595 3593
f 3513 3593 3514
f 3514 3593 3591
f 3514 3591 3515
f 3515 3591 3590
f 3515 3590 3516
f 3516 3590 3588
f 3516 3588 3517
f 3517 3588 3586
f 3517 3586 3518
f 3518 3586 3585
f 3518 3585 3416
f 3416 3585 3583
f 3416 3583 3493
f 3493 3583 3581
f 3493 3581 3491
f 3491 3581 3579
f 2907 2906 3342
f 3342 2906 3353
f 3538 3378 3539
f 3539 3378 3379
f 3539 3379 3541
f 3541 3379 3381
f 3541 3381 3382
f 3538 3574 3378
f 3378 3574 3376
f 3376 3574 3572
f 3376 3572 3375
f 3375 3572 3571
f 3375 3571 3373
f 3373 3571 3569
f 3373 3569 3371
f 3371 3569 3567
f 3371 3567 3367
f 3367 3567 3566
f 3367 3566 3368
f 3368 3566 3564
f 3368 3564 3369
f 3369 3564 3562
f 3369 3562 3524
f 3524 3562 3560
f 3524 3560 3528
f 3528 3560 3559
f 3528 3559 3526
f 3526 3559 3557
f 3526 3557 3394
f 3394 3557 3555
f 3394 3555 3392
f 3392 3555 3553
f 3392 3553 3391
f 3391 3553 3552
f 3391 3552 3389
f 3389 3552 3550
f 3389 3550 3388
f 3388 3550 3548
f 3388 3548 3386
f 3386 3548 3547
f 3386 3547 3384
f 3384 3547 3545
f 3384 3545 3383
f 3383 3545 3543
f 3383 3543 3382
f 3382 3543 3541
f 3614 3448 3615
f 3615 3448 3450
f 3615 3450 3617
f 3617 3450 3452
f 3617 3452 3510
f 3614 3650 3448
f 3448 3650 3446
f 3446 3650 3648
f 3446 3648 3445
f 3445 3648 3647
f 3445 3647 3530
f 3530 3647 3645
f 3530 3645 3440
f 3440 3645 3643
f 3440 3643 3438
f 3438 3643 3642
f 3438 3642 3436
f 3436 3642 3640
f 3436 3640 3437
f 3437 3640 3638
f 3437 3638 3433
f 3433 3638 3636
f 3433 3636 3434
f 3434 3636 3635
f 3434 3635 3429
f 3429 3635 3633
f 3429 3633 3430
f 3430 3633 3631
f 3430 3631 3431
f 3431 3631 3629
f 3431 3629 3531
f 3531 3629 3628
f 3531 3628 3425
f 3425 3628 3626
f 3425 3626 3420
f 3420 3626 3624
f 3420 3624 3421
f 3421 3624 3623
f 3421 3623 3422
f 3422 3623 3621
f 3422 3621 3512
f 3512 3621 3619
f 3512 3619 3510
f 3510 3619 3617
f 3690 3363 3691
f 3691 3363 3523
f 3691 3523 3693
f 3693 3523 3529
f 3693 3529 3527
f 3690 3726 3363
f 3363 3726 3364
f 3364 3726 3724
f 3364 3724 3365
f 3365 3724 3723
f 3365 3723 3525
f 3525 3723 3721
f 3525 3721 3354
f 3354 3721 3719
f 3354 3719 3355
f 3355 3719 3718
f 3355 3718 3356
f 3356 3718 3716
f 3356 3716 3357
f 3357 3716 3714
f 3357 3714 3358
f 3358 3714 3712
f 3358 3712 3359
f 3359 3712 3711
f 3359 3711 3519
f 3519 3711 3709
f 3519 3709 3409
f 3409 3709 3707
f 3409 3707 3407
f 3407 3707 3705
f 3407 3705 3405
f 3405 3705 3704
f 3405 3704 3403
f 3403 3704 3702
f 3403 3702 3401
f 3401 3702 3700
f 3401 3700 3399
f 3399 3700 3699
f 3399 3699 3397
f 3397 3699 3697
f 3397 3697 3396
f 3396 3697 3695
f 3396 3695 3527
f 3527 3695 3693
f 3728 3360 3729
f 3729 3360 3484
f 3729 3484 3731
f 3731 3484 3485
f 3731 3485 3499
f 3728 3764 3360
f 3360 3764 3361
f 3361 3764 3762
f 3361 3762 3476
f 3476 3762 3761
f 3476 3761 3475
f 3475 3761 3759
f 3475 3759 3474
f 3474 3759 3757
f 3474 3757 3473
f 3473 3757 3756
f 3473 3756 3520
f 3520 3756 3754
f 3520 3754 3521
f 3521 3754 3752
f 3521 3752 3522
f 3522 3752 3750
f 3522 3750 3443
f 3443 3750 3749
f 3443 3749 3444
f 3444 3749 3747
f 3444 3747 3447
f 3447 3747 3745
f 3447 3745 3449
f 3449 3745 3743
f 3449 3743 3451
f 3451 3743 3742
f 3451 3742 3509
f 3509 3742 3740
f 3509 3740 3507
f 3507 3740 3738
f 3507 3738 3505
f 3505 3738 3737
f 3505 3737 3503
f 3503 3737 3735
f 3503 3735 3501
f 3501 3735 3733
f 3501 3733 3499
f 3499 3733 3731
f 2831 3616 2829
f 2829 3616 3618
f 2829 3618 3766
f 3766 3618 3620
f 3766 3620 3767
f 3767 3620 3622
f 3767 3622 3768
f 3768 3622 3625
f 3768 3625 3769
f 3769 3625 3627
f 3769 3627 3770
f 3770 3627 3630
f 3770 3630 3771
f 3771 3630 3632
f 3771 3632 3772
f 3772 3632 3634
f 3772 3634 2844
f 2844 3634 3637
f 2844 3637 2843
f 2843 3637 3639
f 2843 3639 2841
f 2841 3639 3641
f 2841 3641 2839
f 2839 3641 3644
f 2839 3644 2836
f 2836 3644 3646
f 2836 3646 2834
f 2834 3646 3649
f 2834 3649 2832
f 2832 3649 3651
f 2832 3651 2831
f 2831 3651 3616
f 2879 3692 2877
f 2877 3692 3694
f 2877 3694 3773
f 3773 3694 3696
f 3773 3696 3774
f 3774 3696 3698
f 3774 3698 3775
f 3775 3698 3701
f 3775 3701 3776
f 3776 3701 3703
f 3776 3703 3777
f 3777 3703 3706
f 3777 3706 3778
f 3778 3706 3708
f 3778 3708 3779
f 3779 3708 3710
f 3779 3710 2892
f 2892 3710 3713
f 2892 3713 2891
f 2891 3713 3715
f 2891 3715 2889
f 2889 3715 3717
f 2889 3717 2887
f 2887 3717 3720
f 2887 3720 2884
f 2884 3720 3722
f 2884 3722 2882
f 2882 3722 3725
f 2882 3725 2880
f 2880 3725 3727
f 2880 3727 2879
f 2879 3727 3692
f 2847 3540 2845
f 2845 3540 3542
f 2845 3542 3780
f 3780 3542 3544
f 3780 3544 3781
f 3781 3544 3546
f 3781 3546 3782
f 3782 3546 3549
f 3782 3549 3783
f 3783 3549 3551
f 3783 3551 3784
f 3784 3551 3554
f 3784 3554 3785
f 3785 3554 3556
f 3785 3556 3786
f 3786 3556 3558
f 3786 3558 2860
f 2860 3558 3561
f 2860 3561 2859
f 2859 3561 3563
f 2859 3563 2857
f 2857 3563 3565
f 2857 3565 2855
f 2855 3565 3568
f 2855 3568 2852
f 2852 3568 3570
f 2852 3570 2850
f 2850 3570 3573
f 2850 3573 2848
f 2848 3573 3575
f 2848 3575 2847
f 2847 3575 3540
f 2863 3730 2861
f 2861 3730 3732
f 2861 3732 3787
f 3787 3732 3734
f 3787 3734 3788
f 3788 3734 3736
f 3788 3736 3789
f 3789 3736 3739
f 3789 3739 3790
f 3790 3739 3741
f 3790 3741 3791
f 3791 3741 3744
f 3791 3744 3792
f 3792 3744 3746
f 3792 3746 3793
f 3793 3746 3748
f 3793 3748 2876
f 2876 3748 3751
f 2876 3751 2875
f 2875 3751 3753
f 2875 3753 2873
f 2873 3753 3755
f 2873 3755 2871
f 2871 3755 3758
f 2871 3758 2868
f 2868 3758 3760
f 2868 3760 2866
f 2866 3760 3763
f 2866 3763 2864
f 2864 3763 3765
f 2864 3765 2863
f 2863 3765 3730
f 2829 3766 3794
f 3794 3766 3795
f 3795 3766 3767
f 3795 3767 3796
f 3796 3767 3768
f 3796 3768 3797
f 3797 3768 3769
f 3797 3769 3770
f 3797 3770 3798
f 3798 3770 3771
f 3798 3771 3799
f 3799 3771 3772
f 3799 3772 3800
f 3800 3772 2844
f 2845 3780 3801
f 3801 3780 3802
f 3802 3780 3781
f 3802 3781 3803
f 3803 3781 3782
f 3803 3782 3804
f 3804 3782 3783
f 3804 3783 3784
f 3804 3784 3805
f 3805 3784 3785
f 3805 3785 3806
f 3806 3785 3786
f 3806 3786 3807
f 3807 3786 2860
f 2861 3787 3808
f 3808 3787 3809
f 3809 3787 3788
f 3809 3788 3810
f 3810 3788 3789
f 3810 3789 3811
f 3811 3789 3790
f 3811 3790 3791
f 3811 3791 3812
f 3812 3791 3792
f 3812 3792 3813
f 3813 3792 3793
f 3813 3793 3814
f 3814 3793 2876
f 2877 3773 3815
f 3815 3773 3816
f 3816 3773 3774
f 3816 3774 3817
f 3817 3774 3775
f 3817 3775 3818
f 3818 3775 3776
f 3818 3776 3777
f 3818 3777 3819
f 3819 3777 3778
f 3819 3778 3820
f 3820 3778 3779
f 3820 3779 3821
f 3821 3779 2892
f 2893 3537 3822
f 3822 3537 3536
f 3822 3536 3535
f 3534 3533 3823
f 3823 3533 3532
f 3823 3532 2894
f 3824 3825 3826
f 3826 3825 3827
f 3826 3827 3828
f 3828 3829 3826
f 3830 3831 3826
f 3826 3831 3832
f 3826 3832 3833
f 3833 3824 3826
f 3834 3835 3836
f 3836 3835 3837
f 3836 3837 3838
f 3838 3839 3836
f 3836 3839 3840
f 3836 3840 3841
f 3841 3842 3836
f 3836 3842 3843
f 3844 2961 3845
f 3845 2961 3846
f 3846 2961 2960
f 3846 2960 3847
f 3847 2960 2958
f 3847 2958 3848
f 3848 2958 2956
f 3848 2956 3849
f 3849 2956 2954
f 3849 2954 3850
f 3850 2954 2952
f 2952 2948 3850
f 3850 2948 3851
f 2945 2943 3852
f 3852 2943 3853
f 3853 2943 2941
f 3853 2941 3854
f 3854 2941 2939
f 3854 2939 3855
f 3855 2939 2937
f 3855 2937 3856
f 3856 2937 2936
f 3856 2936 3857
f 3857 2936 3858
f 3852 3859 2945
f 2945 3859 2947
f 3656 3860 3654
f 3654 3860 3861
f 3654 3861 3689
f 3689 3861 3862
f 3689 3862 3687
f 3687 3862 3863
f 3687 3863 3684
f 3684 3863 3864
f 3684 3864 3682
f 3682 3864 3865
f 3682 3865 3679
f 3679 3865 3866
f 3679 3866 3677
f 3677 3866 3867
f 3677 3867 3675
f 3675 3867 3868
f 3675 3868 3672
f 3672 3868 3869
f 3672 3869 3670
f 3670 3869 3870
f 3670 3870 3668
f 3668 3870 3871
f 3668 3871 3665
f 3665 3871 3872
f 3665 3872 3663
f 3663 3872 3873
f 3663 3873 3660
f 3660 3873 3874
f 3660 3874 3658
f 3658 3874 3875
f 3658 3875 3656
f 3656 3875 3860
f 3876 3874 3877
f 3877 3874 3873
f 3877 3873 3878
f 3878 3873 3872
f 3878 3872 3879
f 3879 3872 3871
f 3879 3871 3880
f 3880 3871 3870
f 3880 3870 3881
f 3881 3870 3869
f 3881 3869 3882
f 3882 3869 3868
f 3882 3868 3883
f 3883 3868 3867
f 3883 3867 3884
f 3884 3867 3866
f 3884 3866 3885
f 3885 3866 3865
f 3885 3865 3886
f 3886 3865 3864
f 3886 3864 3887
f 3887 3864 3863
f 3887 3863 3888
f 3888 3863 3862
f 3888 3862 3889
f 3889 3862 3861
f 3889 3861 3890
f 3890 3861 3860
f 3890 3860 3891
f 3891 3860 3875
f 3891 3875 3876
f 3876 3875 3874
f 3580 3892 3578
f 3578 3892 3893
f 3578 3893 3613
f 3613 3893 3894
f 3613 3894 3611
f 3611 3894 3895
f 3611 3895 3608
f 3608 3895 3896
f 3608 3896 3606
f 3606 3896 3897
f 3606 3897 3603
f 3603 3897 3898
f 3603 3898 3601
f 3601 3898 3899
f 3601 3899 3599
f 3599 3899 3900
f 3599 3900 3596
f 3596 3900 3901
f 3596 3901 3594
f 3594 3901 3902
f 3594 3902 3592
f 3592 3902 3903
f 3592 3903 3589
f 3589 3903 3904
f 3589 3904 3587
f 3587 3904 3905
f 3587 3905 3584
f 3584 3905 3906
f 3584 3906 3582
f 3582 3906 3907
f 3582 3907 3580
f 3580 3907 3892
f 3908 3906 3909
f 3909 3906 3905
f 3909 3905 3910
f 3910 3905 3904
f 3910 3904 3911
f 3911 3904 3903
f 3911 3903 3912
f 3912 3903 3902
f 3912 3902 3913
f 3913 3902 3901
f 3913 3901 3914
f 3914 3901 3900
f 3914 3900 3915
f 3915 3900 3899
f 3915 3899 3916
f 3916 3899 3898
f 3916 3898 3917
f 3917 3898 3897
f 3917 3897 3918
f 3918 3897 3896
f 3918 3896 3919
f 3919 3896 3895
f 3919 3895 3920
f 3920 3895 3894
f 3920 3894 3921
f 3921 3894 3893
f 3921 3893 3922
f 3922 3893 3892
f 3922 3892 3923
f 3923 3892 3907
f 3923 3907 3908
f 3908 3907 3906
f 3924 3925 3851
f 3851 3925 3926
f 3851 3926 3927
f 3928 3929 3924
f 3924 3929 3930
f 3924 3930 3931
f 3845 3846 3928
f 3928 3846 3847
f 3928 3847 3932
f 3932 3847 3848
f 3932 3848 3933
f 3933 3848 3849
f 3933 3849 3934
f 3934 3849 3850
f 3934 3850 3935
f 3935 3850 3936
f 3936 3850 3937
f 3937 3850 3851
f 3937 3851 3927
f 3932 3938 3928
f 3928 3938 3939
f 3928 3939 3940
f 3940 3929 3928
f 3931 3941 3924
f 3924 3941 3925
f 3859 3942 3943
f 3943 3942 3944
f 3943 3944 3945
f 3852 3946 3859
f 3859 3946 3947
f 3859 3947 3948
f 3853 3949 3852
f 3852 3949 3950
f 3852 3950 3951
f 3949 3853 3952
f 3952 3853 3854
f 3952 3854 3953
f 3953 3854 3855
f 3953 3855 3954
f 3954 3855 3856
f 3954 3856 3857
f 3943 3955 3954
f 3954 3955 3956
f 3954 3956 3957
f 3951 3946 3852
f 3948 3942 3859
f 3945 3958 3943
f 3943 3958 3955
f 3957 3959 3954
f 3954 3959 3953
f 2947 3859 2949
f 2949 3859 3960
f 3960 3859 3961
f 3960 3961 3962
f 3859 3943 3961
f 3962 3963 3960
f 3943 3954 3961
f 3961 3954 3964
f 3928 3924 3965
f 3965 3924 3966
f 3924 3851 3966
f 3966 3851 3967
f 3966 3967 3968
f 3968 3967 3969
f 2948 2950 3851
f 3851 2950 3967
f 3969 3884 3963
f 3963 3884 3885
f 3963 3885 3886
f 3967 3914 3969
f 3969 3914 3915
f 3969 3915 3916
f 3960 3908 3967
f 3967 3908 3909
f 3967 3909 3910
f 3963 3888 3960
f 3960 3888 3889
f 3960 3889 3890
f 3876 3877 3960
f 3960 3877 3878
f 3960 3878 3908
f 3908 3878 3923
f 3923 3878 3879
f 3923 3879 3922
f 3922 3879 3880
f 3922 3880 3921
f 3921 3880 3881
f 3921 3881 3920
f 3920 3881 3882
f 3920 3882 3919
f 3919 3882 3883
f 3919 3883 3918
f 3918 3883 3884
f 3918 3884 3969
f 3886 3887 3963
f 3963 3887 3888
f 3890 3891 3960
f 3960 3891 3876
f 3910 3911 3967
f 3967 3911 3912
f 3967 3912 3913
f 3913 3914 3967
f 3916 3917 3969
f 3969 3917 3918
f 3960 3967 2949
f 2949 3967 2950
f 3969 3963 3968
f 3968 3963 3962
f 3966 3970 3965
f 3965 3970 3971
f 3965 3971 3972
f 3968 3973 3966
f 3966 3973 3974
f 3966 3974 3975
f 3975 3974 3976
f 3976 3974 3977
f 3977 3974 3978
f 3978 3974 3979
f 3979 3974 3980
f 3979 3980 3981
f 3981 3980 3982
f 3981 3982 3983
f 3962 3984 3968
f 3968 3984 3985
f 3968 3985 3986
f 3961 3987 3962
f 3962 3987 3988
f 3962 3988 3989
f 3964 3990 3961
f 3961 3990 3991
f 3961 3991 3992
f 3993 3994 3964
f 3964 3994 3995
f 3964 3995 3990
f 3996 3997 3993
f 3993 3997 3998
f 3993 3998 3999
f 3996 4000 3997
f 3997 4000 4001
f 3997 4001 4002
f 4002 4001 4003
f 4003 4001 4004
f 4004 4001 4005
f 4004 4005 4006
f 4006 4005 4007
f 4006 4007 4008
f 4009 4010 4005
f 4005 4010 4011
f 4005 4011 4007
f 4009 4012 4010
f 4010 4012 4013
f 4010 4013 4014
f 4014 4013 4015
f 4015 4013 4016
f 4015 4016 4017
f 4017 4016 4018
f 4018 4016 4019
f 4018 4019 4020
f 4020 4019 4021
f 4021 4019 4022
f 4023 4024 4013
f 4013 4024 4025
f 4013 4025 4026
f 4026 4027 4013
f 4013 4027 4016
f 3987 3961 4008
f 4008 3961 4028
f 4008 4028 4029
f 3989 4030 3962
f 3962 4030 4031
f 3962 4031 4032
f 3962 4032 4033
f 4033 4032 4034
f 4033 4034 4035
f 4035 4034 4036
f 4035 4036 4037
f 4037 4038 4035
f 4035 4038 4039
f 4033 4040 3962
f 3962 4040 4041
f 3962 4041 4042
f 4042 4043 3962
f 3962 4043 3984
f 3986 4044 3968
f 3968 4044 4045
f 3968 4045 4046
f 4046 4045 4047
f 4047 4045 4048
f 4047 4048 4049
f 4049 4048 4050
f 4050 4048 4051
f 4051 4048 4052
f 4046 4053 3968
f 3968 4053 4054
f 3968 4054 4055
f 4055 4056 3968
f 3968 4056 3973
f 4057 4058 3983
f 3983 4058 4059
f 3983 4059 4060
f 4057 4061 4058
f 4058 4061 4062
f 4058 4062 4063
f 4061 4064 4062
f 4062 4064 4065
f 4062 4065 4066
f 4066 4065 4067
f 4066 4067 4068
f 4068 4069 4066
f 4063 4070 4058
f 4058 4070 4071
f 4058 4071 4072
f 4072 4073 4058
f 4060 3981 3983
f 3979 3981 4074
f 4074 3981 4075
f 4074 4075 4076
f 4076 4075 4077
f 4077 4075 4078
f 4078 4075 4079
f 4078 4079 4080
f 4080 4081 4078
f 4078 4081 4082
f 4082 4081 4083
f 4083 4081 3972
f 3972 4081 3965
f 3975 4084 3966
f 3966 4084 4085
f 3966 4085 3970
f 4029 4086 4008
f 4008 4086 4087
f 4008 4087 4006
f 3999 3994 3993
f 3992 4028 3961
f 4088 4089 4090
f 4090 4089 4091
f 4090 4091 4092
f 4092 4093 4090
f 4090 4093 4094
f 4090 4094 4095
f 4095 4096 4090
f 4090 4096 4097
f 4098 1706 4099
f 4099 1706 4100
f 4100 1706 1705
f 4100 1705 4101
f 4101 1705 1703
f 4101 1703 4102
f 4102 1703 1701
f 4102 1701 4103
f 4103 1701 1699
f 4103 1699 4104
f 4104 1699 1697
f 1697 1693 4104
f 4104 1693 4105
f 1690 1688 4106
f 4106 1688 4107
f 4107 1688 1686
f 4107 1686 4108
f 4108 1686 1684
f 4108 1684 4109
f 4109 1684 1682
f 4109 1682 4110
f 4110 1682 1681
f 4110 1681 4111
f 4111 1681 4112
f 4106 4113 1690
f 1690 4113 1692
f 2561 4114 2559
f 2559 4114 4115
f 2559 4115 2594
f 2594 4115 4116
f 2594 4116 2592
f 2592 4116 4117
f 2592 4117 2589
f 2589 4117 4118
f 2589 4118 2587
f 2587 4118 4119
f 2587 4119 2584
f 2584 4119 4120
f 2584 4120 2582
f 2582 4120 4121
f 2582 4121 2580
f 2580 4121 4122
f 2580 4122 2577
f 2577 4122 4123
f 2577 4123 4124
f 4124 4123 4125
f 4124 4125 4126
f 4114 2561 4127
f 4127 2561 2563
f 4127 2563 4128
f 4128 2563 2565
f 4128 2565 4129
f 4129 2565 2568
f 4129 2568 4130
f 4130 2568 2570
f 4130 2570 4131
f 4131 2570 2573
f 4131 2573 4124
f 4124 2573 2575
f 4124 2575 2577
f 4132 4128 4133
f 4133 4128 4129
f 4133 4129 4134
f 4134 4129 4130
f 4134 4130 4135
f 4135 4130 4131
f 4135 4131 4126
f 4126 4131 4124
f 4128 4132 4127
f 4127 4132 4136
f 4127 4136 4114
f 4114 4136 4137
f 4114 4137 4115
f 4115 4137 4138
f 4115 4138 4116
f 4116 4138 4139
f 4116 4139 4117
f 4117 4139 4140
f 4117 4140 4118
f 4118 4140 4141
f 4118 4141 4119
f 4119 4141 4142
f 4119 4142 4120
f 4120 4142 4143
f 4120 4143 4121
f 4121 4143 4144
f 4121 4144 4122
f 4122 4144 4145
f 4122 4145 4123
f 4123 4145 4125
f 2485 4146 2483
f 2483 4146 4147
f 2483 4147 2518
f 2518 4147 4148
f 2518 4148 2516
f 2516 4148 4149
f 2516 4149 2513
f 2513 4149 4150
f 2513 4150 2511
f 2511 4150 4151
f 2511 4151 2508
f 2508 4151 4152
f 2508 4152 2506
f 2506 4152 4153
f 2506 4153 2504
f 2504 4153 4154
f 2504 4154 2501
f 2501 4154 4155
f 2501 4155 4156
f 4156 4155 4157
f 4156 4157 4158
f 4146 2485 4159
f 4159 2485 2487
f 4159 2487 4160
f 4160 2487 2489
f 4160 2489 4161
f 4161 2489 2492
f 4161 2492 4162
f 4162 2492 2494
f 4162 2494 4163
f 4163 2494 2497
f 4163 2497 4156
f 4156 2497 2499
f 4156 2499 2501
f 4164 4160 4165
f 4165 4160 4161
f 4165 4161 4166
f 4166 4161 4162
f 4166 4162 4167
f 4167 4162 4163
f 4167 4163 4158
f 4158 4163 4156
f 4160 4164 4159
f 4159 4164 4168
f 4159 4168 4146
f 4146 4168 4169
f 4146 4169 4147
f 4147 4169 4170
f 4147 4170 4148
f 4148 4170 4171
f 4148 4171 4149
f 4149 4171 4172
f 4149 4172 4150
f 4150 4172 4173
f 4150 4173 4151
f 4151 4173 4174
f 4151 4174 4152
f 4152 4174 4175
f 4152 4175 4153
f 4153 4175 4176
f 4153 4176 4154
f 4154 4176 4177
f 4154 4177 4155
f 4155 4177 4157
f 4178 4179 4105
f 4105 4179 4180
f 4105 4180 4181
f 4182 4183 4178
f 4178 4183 4184
f 4178 4184 4185
f 4099 4100 4182
f 4182 4100 4101
f 4182 4101 4186
f 4186 4101 4102
f 4186 4102 4187
f 4187 4102 4103
f 4187 4103 4188
f 4188 4103 4104
f 4188 4104 4189
f 4189 4104 4190
f 4190 4104 4191
f 4191 4104 4105
f 4191 4105 4181
f 4186 4192 4182
f 4182 4192 4193
f 4182 4193 4194
f 4194 4183 4182
f 4185 4195 4178
f 4178 4195 4179
f 4113 4196 4197
f 4197 4196 4198
f 4197 4198 4199
f 4106 4200 4113
f 4113 4200 4201
f 4113 4201 4202
f 4107 4203 4106
f 4106 4203 4204
f 4106 4204 4205
f 4203 4107 4206
f 4206 4107 4108
f 4206 4108 4207
f 4207 4108 4109
f 4207 4109 4208
f 4208 4109 4110
f 4208 4110 4111
f 4197 4209 4208
f 4208 4209 4210
f 4208 4210 4211
f 4205 4200 4106
f 4202 4196 4113
f 4199 4212 4197
f 4197 4212 4209
f 4211 4213 4208
f 4208 4213 4207
f 1692 4113 1694
f 1694 4113 4214
f 4214 4113 4215
f 4214 4215 4216
f 4113 4197 4215
f 4216 4217 4214
f 4197 4208 4215
f 4215 4208 4218
f 4182 4178 4219
f 4219 4178 4220
f 4178 4105 4220
f 4220 4105 4221
f 4220 4221 4222
f 4222 4221 4223
f 1693 1695 4105
f 4105 1695 4221
f 4223 4143 4217
f 4217 4143 4142
f 4217 4142 4141
f 4221 4177 4223
f 4223 4177 4176
f 4223 4176 4175
f 4214 4164 4221
f 4221 4164 4165
f 4221 4165 4166
f 4217 4139 4214
f 4214 4139 4138
f 4214 4138 4137
f 4132 4133 4214
f 4214 4133 4134
f 4214 4134 4164
f 4164 4134 4168
f 4168 4134 4135
f 4168 4135 4169
f 4169 4135 4126
f 4169 4126 4170
f 4170 4126 4125
f 4170 4125 4171
f 4171 4125 4145
f 4171 4145 4172
f 4172 4145 4144
f 4172 4144 4173
f 4173 4144 4143
f 4173 4143 4223
f 4141 4140 4217
f 4217 4140 4139
f 4137 4136 4214
f 4214 4136 4132
f 4166 4167 4221
f 4221 4167 4158
f 4221 4158 4157
f 4157 4177 4221
f 4175 4174 4223
f 4223 4174 4173
f 4214 4221 1694
f 1694 4221 1695
f 4223 4217 4222
f 4222 4217 4216
f 4224 4225 4226
f 4226 4225 4227
f 4226 4227 4228
f 4228 4229 4226
f 4230 4231 4226
f 4226 4231 4232
f 4226 4232 4233
f 4233 4224 4226
f 4234 4235 4236
f 4236 4235 4237
f 4236 4237 4238
f 4235 4234 4239
f 4239 4234 4240
f 4239 4240 4241
f 4241 4240 4242
f 4241 4242 4243
f 4243 4242 4244
f 4243 4244 4245
f 4243 4245 4246
f 4246 4245 4247
f 4246 4247 4248
f 4248 4247 4249
f 4248 4249 4250
f 4250 4249 4251
f 4250 4251 4252
f 4252 4251 4253
f 4252 4253 4254
f 4254 4253 4255
f 4254 4255 4256
f 4256 4255 4257
f 4256 4257 4258
f 4258 4257 4259
f 4258 4259 4260
f 4258 4260 4261
f 4261 4260 4262
f 4261 4262 4263
f 4263 4262 4264
f 4264 4262 4265
f 4264 4265 4266
f 4266 4265 4267
f 4266 4267 4268
f 4268 4267 4269
f 4268 4269 4270
f 4270 4269 4271
f 4271 4269 4272
f 4271 4272 4273
f 4273 4272 4274
f 4273 4274 4275
f 4267 4265 4276
f 4276 4265 4277
f 4276 4277 4278
f 4278 4277 4279
f 4278 4279 4280
f 4280 4279 4281
f 4273 4275 4282
f 4282 4275 4283
f 4282 4283 4284
f 4284 4283 4285
f 4284 4285 4286
f 4286 4285 4287
f 4286 4287 4288
f 4288 4287 4289
f 4288 4289 4290
f 4290 4289 4291
f 4290 4291 4292
f 4292 4291 4293
f 4292 4293 4294
f 4294 4293 4295
f 4294 4295 4296
f 4294 4296 4297
f 4297 4296 4298
f 4297 4298 4299
f 4299 4298 4300
f 4299 4300 4301
f 4301 4300 4302
f 4301 4302 4303
f 4303 4302 4304
f 4304 4302 4305
f 4305 4302 4306
f 4306 4302 4236
f 4306 4236 4307
f 4307 4236 4308
f 4308 4236 4238
f 4309 4264 4310
f 4310 4264 4266
f 4310 4266 4311
f 4311 4266 4268
f 4311 4268 4312
f 4312 4268 4270
f 4312 4270 4313
f 4313 4270 4271
f 4313 4271 4314
f 4314 4271 4273
f 4314 4273 4315
f 4315 4273 4282
f 4315 4282 4316
f 4316 4282 4284
f 4316 4284 4317
f 4317 4284 4286
f 4317 4286 4318
f 4318 4286 4288
f 4318 4288 4319
f 4319 4288 4290
f 4319 4290 4320
f 4320 4290 4292
f 4320 4292 4321
f 4321 4292 4294
f 4321 4294 4322
f 4322 4294 4297
f 4322 4297 4323
f 4323 4297 4299
f 4323 4299 4324
f 4324 4299 4301
f 4324 4301 4325
f 4325 4301 4303
f 4325 4303 4326
f 4326 4303 4304
f 4326 4304 4327
f 4327 4304 4305
f 4327 4305 4328
f 4328 4305 4306
f 4328 4306 4329
f 4329 4306 4307
f 4329 4307 4330
f 4330 4307 4308
f 4330 4308 4331
f 4331 4308 4238
f 4331 4238 4332
f 4332 4238 4237
f 4332 4237 4333
f 4333 4237 4235
f 4333 4235 4334
f 4334 4235 4239
f 4334 4239 4335
f 4335 4239 4241
f 4335 4241 4336
f 4336 4241 4243
f 4336 4243 4337
f 4337 4243 4246
f 4337 4246 4338
f 4338 4246 4248
f 4338 4248 4339
f 4339 4248 4250
f 4339 4250 4340
f 4340 4250 4252
f 4340 4252 4341
f 4341 4252 4254
f 4341 4254 4342
f 4342 4254 4256
f 4342 4256 4343
f 4343 4256 4258
f 4343 4258 4344
f 4344 4258 4261
f 4344 4261 4345
f 4345 4261 4263
f 4345 4263 4309
f 4309 4263 4264
f 4309 4310 4346
f 4346 4310 4311
f 4346 4311 4347
f 4347 4311 4312
f 4347 4312 4348
f 4348 4312 4313
f 4348 4313 4349
f 4349 4313 4314
f 4349 4314 4350
f 4350 4314 4315
f 4350 4315 4316
f 4350 4316 4351
f 4351 4316 4317
f 4351 4317 4352
f 4352 4317 4318
f 4352 4318 4353
f 4353 4318 4319
f 4353 4319 4354
f 4354 4319 4320
f 4354 4320 4355
f 4355 4320 4321
f 4355 4321 4322
f 4355 4322 4356
f 4356 4322 4323
f 4356 4323 4357
f 4357 4323 4324
f 4357 4324 4358
f 4358 4324 4325
f 4358 4325 4359
f 4359 4325 4326
f 4359 4326 4327
f 4359 4327 4360
f 4360 4327 4328
f 4360 4328 4361
f 4361 4328 4329
f 4361 4329 4362
f 4362 4329 4330
f 4362 4330 4363
f 4363 4330 4331
f 4363 4331 4332
f 4363 4332 4364
f 4364 4332 4333
f 4364 4333 4365
f 4365 4333 4334
f 4365 4334 4366
f 4366 4334 4335
f 4366 4335 4367
f 4367 4335 4336
f 4367 4336 4337
f 4367 4337 4368
f 4368 4337 4338
f 4368 4338 4369
f 4369 4338 4339
f 4369 4339 4370
f 4370 4339 4340
f 4370 4340 4371
f 4371 4340 4341
f 4371 4341 4372
f 4372 4341 4342
f 4372 4342 4343
f 4372 4343 4373
f 4373 4343 4344
f 4373 4344 4374
f 4374 4344 4345
f 4374 4345 4375
f 4375 4345 4309
f 4375 4309 4346
f 4376 4375 4377
f 4377 4375 4346
f 4377 4346 4378
f 4378 4346 4347
f 4378 4347 4379
f 4379 4347 4348
f 4379 4348 4380
f 4380 4348 4349
f 4380 4349 4381
f 4381 4349 4350
f 4381 4350 4382
f 4382 4350 4351
f 4382 4351 4383
f 4383 4351 4352
f 4383 4352 4384
f 4384 4352 4353
f 4384 4353 4385
f 4385 4353 4354
f 4385 4354 4386
f 4386 4354 4355
f 4386 4355 4387
f 4387 4355 4356
f 4387 4356 4388
f 4388 4356 4357
f 4388 4357 4389
f 4389 4357 4358
f 4389 4358 4390
f 4390 4358 4359
f 4390 4359 4391
f 4391 4359 4360
f 4391 4360 4392
f 4392 4360 4361
f 4392 4361 4393
f 4393 4361 4362
f 4393 4362 4394
f 4394 4362 4363
f 4394 4363 4395
f 4395 4363 4364
f 4395 4364 4396
f 4396 4364 4365
f 4396 4365 4397
f 4397 4365 4366
f 4397 4366 4398
f 4398 4366 4367
f 4398 4367 4399
f 4399 4367 4368
f 4399 4368 4400
f 4400 4368 4369
f 4400 4369 4401
f 4401 4369 4370
f 4401 4370 4402
f 4402 4370 4371
f 4402 4371 4403
f 4403 4371 4372
f 4403 4372 4404
f 4404 4372 4373
f 4404 4373 4405
f 4405 4373 4374
f 4405 4374 4376
f 4376 4374 4375
f 4378 4406 4377
f 4377 4406 4407
f 4377 4407 4376
f 4376 4407 4408
f 4376 4408 4405
f 4405 4408 4409
f 4405 4409 4404
f 4404 4409 4410
f 4404 4410 4403
f 4403 4410 4411
f 4403 4411 4402
f 4402 4411 4401
f 4401 4411 4412
f 4401 4412 4400
f 4400 4412 4413
f 4400 4413 4399
f 4399 4413 4414
f 4399 4414 4398
f 4398 4414 4415
f 4398 4415 4397
f 4397 4415 4416
f 4397 4416 4396
f 4396 4416 4417
f 4396 4417 4395
f 4395 4417 4418
f 4395 4418 4394
f 4394 4418 4419
f 4394 4419 4393
f 4393 4419 4420
f 4393 4420 4392
f 4392 4420 4391
f 4391 4420 4421
f 4391 4421 4390
f 4390 4421 4422
f 4390 4422 4389
f 4389 4422 4423
f 4389 4423 4388
f 4388 4423 4424
f 4388 4424 4387
f 4387 4424 4425
f 4387 4425 4386
f 4386 4425 4426
f 4386 4426 4385
f 4385 4426 4427
f 4385 4427 4384
f 4384 4427 4428
f 4384 4428 4383
f 4383 4428 4429
f 4383 4429 4382
f 4382 4429 4381
f 4381 4429 4430
f 4381 4430 4380
f 4380 4430 4431
f 4380 4431 4379
f 4379 4431 4432
f 4379 4432 4378
f 4378 4432 4406
f 4419 4433 4420
f 4420 4433 4434
f 4420 4434 4421
f 4421 4434 4435
f 4421 4435 4422
f 4422 4435 4436
f 4422 4436 4423
f 4423 4436 4437
f 4423 4437 4424
f 4424 4437 4438
f 4424 4438 4425
f 4425 4438 4439
f 4425 4439 4426
f 4426 4439 4440
f 4426 4440 4427
f 4427 4440 4441
f 4427 4441 4428
f 4428 4441 4442
f 4428 4442 4429
f 4429 4442 4443
f 4429 4443 4430
f 4430 4443 4444
f 4430 4444 4431
f 4431 4444 4445
f 4431 4445 4432
f 4432 4445 4446
f 4432 4446 4406
f 4406 4446 4447
f 4406 4447 4407
f 4407 4447 4448
f 4407 4448 4408
f 4408 4448 4449
f 4408 4449 4409
f 4409 4449 4450
f 4409 4450 4410
f 4410 4450 4451
f 4410 4451 4411
f 4411 4451 4452
f 4411 4452 4412
f 4412 4452 4453
f 4412 4453 4413
f 4413 4453 4454
f 4413 4454 4414
f 4414 4454 4455
f 4414 4455 4415
f 4415 4455 4456
f 4415 4456 4416
f 4416 4456 4457
f 4416 4457 4417
f 4417 4457 4458
f 4417 4458 4418
f 4418 4458 4459
f 4418 4459 4419
f 4419 4459 4433
f 4433 4460 4434
f 4434 4460 4461
f 4434 4461 4435
f 4435 4461 4436
f 4436 4461 4462
f 4436 4462 4437
f 4437 4462 4463
f 4437 4463 4438
f 4438 4463 4439
f 4439 4463 4464
f 4439 4464 4440
f 4440 4464 4465
f 4440 4465 4441
f 4441 4465 4442
f 4442 4465 4466
f 4442 4466 4443
f 4443 4466 4444
f 4444 4466 4467
f 4444 4467 4445
f 4445 4467 4468
f 4445 4468 4446
f 4446 4468 4447
f 4447 4468 4469
f 4447 4469 4448
f 4448 4469 4470
f 4448 4470 4449
f 4449 4470 4450
f 4450 4470 4471
f 4450 4471 4451
f 4451 4471 4472
f 4451 4472 4452
f 4452 4472 4453
f 4453 4472 4473
f 4453 4473 4454
f 4454 4473 4455
f 4455 4473 4474
f 4455 4474 4456
f 4456 4474 4475
f 4456 4475 4457
f 4457 4475 4458
f 4458 4475 4476
f 4458 4476 4459
f 4459 4476 4460
f 4459 4460 4433
f 4477 4470 4478
f 4478 4470 4469
f 4478 4469 4479
f 4479 4469 4468
f 4479 4468 4480
f 4480 4468 4467
f 4480 4467 4481
f 4481 4467 4466
f 4481 4466 4482
f 4482 4466 4465
f 4482 4465 4483
f 4483 4465 4464
f 4483 4464 4484
f 4484 4464 4463
f 4484 4463 4485
f 4485 4463 4462
f 4485 4462 4486
f 4486 4462 4461
f 4486 4461 4487
f 4487 4461 4460
f 4487 4460 4488
f 4488 4460 4476
f 4488 4476 4489
f 4489 4476 4475
f 4489 4475 4490
f 4490 4475 4474
f 4490 4474 4491
f 4491 4474 4473
f 4491 4473 4492
f 4492 4473 4472
f 4492 4472 4493
f 4493 4472 4471
f 4493 4471 4477
f 4477 4471 4470
f 4477 4478 4493
f 4493 4478 4479
f 4493 4479 4480
f 4493 4480 4492
f 4492 4480 4481
f 4492 4481 4491
f 4491 4481 4482
f 4491 4482 4490
f 4490 4482 4483
f 4490 4483 4489
f 4489 4483 4484
f 4489 4484 4488
f 4488 4484 4485
f 4488 4485 4487
f 4487 4485 4486
f 4249 4247 4494
f 4494 4247 4495
f 4494 4495 4496
f 4496 4495 4497
f 4496 4497 4498
f 4498 4497 4499
f 4498 4499 4500
f 4500 4499 4501
f 4501 4499 4502
f 4502 4499 4503
f 4502 4503 4504
f 4504 4503 4505
f 4504 4505 4506
f 4506 4505 4507
f 4506 4507 4508
f 4508 4507 4509
f 4508 4509 4510
f 4510 4509 4234
f 4510 4234 4511
f 4511 4234 4236
f 4247 4245 4495
f 4495 4245 4512
f 4495 4512 4497
f 4497 4512 4513
f 4497 4513 4499
f 4499 4513 4503
f 4245 4244 4512
f 4512 4244 4514
f 4512 4514 4513
f 4513 4514 4515
f 4513 4515 4503
f 4503 4515 4505
f 4244 4242 4514
f 4514 4242 4516
f 4514 4516 4515
f 4515 4516 4507
f 4515 4507 4505
f 4242 4240 4516
f 4516 4240 4509
f 4516 4509 4507
f 4240 4234 4509
f 4511 4517 4510
f 4510 4517 4518
f 4510 4518 4508
f 4508 4518 4519
f 4508 4519 4506
f 4506 4519 4520
f 4506 4520 4504
f 4517 4521 4518
f 4518 4521 4522
f 4518 4522 4519
f 4519 4522 4523
f 4519 4523 4520
f 4521 4524 4522
f 4522 4524 4525
f 4522 4525 4523
f 4501 4526 4500
f 4500 4526 4527
f 4500 4527 4498
f 4498 4527 4528
f 4498 4528 4496
f 4496 4528 4529
f 4496 4529 4494
f 4494 4529 4530
f 4494 4530 4249
f 4249 4530 4251
f 4501 4061 4526
f 4526 4061 4531
f 4526 4531 4532
f 4061 4057 4531
f 4532 4533 4526
f 4526 4533 4534
f 4535 4536 4537
f 4537 4536 4538
f 4537 4538 4539
f 4539 4538 4540
f 4539 4540 4541
f 4541 4540 4542
f 4541 4542 4543
f 4543 4542 4544
f 4543 4544 4545
f 4545 4544 4546
f 4545 4546 4547
f 4535 4548 4536
f 4536 4548 4549
f 4536 4549 4550
f 4550 4549 4551
f 4550 4551 4552
f 4552 4551 4553
f 4552 4553 4554
f 4554 4553 4555
f 4554 4555 4544
f 4544 4555 4546
f 4548 4556 4549
f 4549 4556 4557
f 4549 4557 4551
f 4551 4557 4558
f 4551 4558 4553
f 4553 4558 4559
f 4553 4559 4555
f 4557 4556 4560
f 4560 4556 4561
f 4560 4561 4559
f 4545 4547 4562
f 4562 4547 4563
f 4562 4563 4564
f 4564 4563 4565
f 4564 4565 4566
f 4566 4565 4567
f 4566 4567 4568
f 4568 4567 4569
f 4568 4569 4570
f 4570 4569 4571
f 4570 4571 4572
f 4572 4571 4573
f 4572 4573 4574
f 4574 4573 4575
f 4574 4575 4533
f 4533 4575 4534
f 4534 4575 4576
f 4534 4576 4577
f 4577 4576 4578
f 4577 4578 4579
f 4579 4578 4567
f 4579 4567 4565
f 4563 4580 4565
f 4565 4580 4579
f 4580 4581 4579
f 4579 4581 4577
f 4581 4526 4577
f 4577 4526 4534
f 4533 4532 4574
f 4574 4532 4531
f 4574 4531 4572
f 4572 4582 4570
f 4570 4582 4583
f 4570 4583 4568
f 4568 4583 4584
f 4568 4584 4566
f 4566 4584 4585
f 4566 4585 4564
f 4564 4585 4562
f 4583 4582 4586
f 4586 4582 4587
f 4586 4587 4588
f 4588 4587 4589
f 4588 4589 4590
f 4590 4589 4541
f 4590 4541 4543
f 4589 4587 4539
f 4539 4587 4537
f 4540 4538 4550
f 4550 4538 4536
f 4541 4589 4539
f 4584 4583 4586
f 4586 4588 4591
f 4591 4588 4590
f 4591 4590 4592
f 4592 4590 4543
f 4592 4543 4545
f 4573 4571 4593
f 4593 4571 4569
f 4593 4569 4578
f 4578 4569 4567
f 4542 4540 4552
f 4552 4540 4550
f 4585 4584 4591
f 4591 4584 4586
f 4585 4591 4592
f 4576 4575 4593
f 4593 4575 4573
f 4576 4593 4578
f 4559 4558 4560
f 4560 4558 4557
f 4542 4552 4554
f 4554 4544 4542
f 4585 4592 4562
f 4562 4592 4545
f 4594 4595 4596
f 4596 4595 4597
f 4597 4595 4598
f 4598 4595 4599
f 4598 4599 4600
f 4600 4599 4601
f 4600 4601 4602
f 4602 4603 4600
f 4600 4603 4604
f 4605 4606 4607
f 4607 4606 4561
f 4607 4561 4548
f 4548 4561 4556
f 4548 4535 4607
f 4607 4535 4608
f 4608 4535 4537
f 4608 4537 4609
f 4609 4537 3973
f 3973 4537 3974
f 4610 4611 4612
f 4612 4611 4613
f 4612 4613 4614
f 4614 4615 4612
f 4616 4617 4612
f 4612 4617 4618
f 4612 4618 4619
f 4616 4620 4617
f 4617 4620 4621
f 4621 4620 4622
f 4621 4622 4623
f 4623 4622 4624
f 4624 4622 4625
f 4624 4625 4626
f 4627 4628 4626
f 4626 4628 4629
f 4626 4629 4630
f 4631 4632 4630
f 4630 4632 4633
f 4630 4633 4626
f 4626 4633 4634
f 4626 4634 4635
f 4635 4634 4636
f 4636 4634 4637
f 4633 4638 4634
f 4634 4638 4639
f 4639 4638 4640
f 4639 4640 4641
f 4641 4640 4642
f 4641 4642 4643
f 4643 4642 4644
f 4643 4644 4645
f 4642 4646 4644
f 4645 4647 4643
f 4635 4648 4626
f 4626 4648 4649
f 4626 4649 4624
f 4619 4610 4612
f 4595 4594 4650
f 4650 4594 4651
f 4650 4651 4652
f 4652 4651 4653
f 4652 4653 4654
f 4654 4653 4655
f 4654 4655 4656
f 4656 4655 4657
f 4656 4657 4658
f 4658 4657 4659
f 4658 4660 4656
f 4656 4660 4661
f 4656 4661 4654
f 4654 4661 4662
f 4654 4662 4652
f 4652 4662 4663
f 4652 4663 4650
f 4650 4663 4595
f 4595 4663 4599
f 4599 4663 4664
f 4599 4664 4601
f 4601 4664 4665
f 4601 4665 4666
f 4666 4665 4667
f 4666 4667 4668
f 4668 4667 4669
f 4669 4667 4670
f 4669 4670 4671
f 4671 4670 4672
f 4671 4672 4673
f 4660 4674 4661
f 4661 4674 4675
f 4661 4675 4662
f 4662 4675 4676
f 4662 4676 4663
f 4663 4676 4664
f 4674 4677 4675
f 4675 4677 4678
f 4675 4678 4676
f 4676 4678 4679
f 4676 4679 4664
f 4664 4679 4665
f 4677 4672 4678
f 4678 4672 4670
f 4678 4670 4679
f 4679 4670 4667
f 4679 4667 4665
f 4668 4680 4666
f 4666 4680 4602
f 4666 4602 4601
f 4658 4681 4682
f 4682 4681 4683
f 4682 4683 4684
f 4684 4683 4685
f 4684 4685 4686
f 4686 4685 4687
f 4686 4687 4688
f 4688 4687 4689
f 4688 4689 4690
f 4690 4673 4688
f 4688 4673 4672
f 4688 4672 4686
f 4686 4672 4677
f 4686 4677 4684
f 4684 4677 4674
f 4684 4674 4682
f 4682 4674 4660
f 4682 4660 4658
f 4690 4689 4691
f 4691 4689 4692
f 4691 4692 4693
f 4693 4692 4694
f 4693 4694 4695
f 4695 4694 4696
f 4695 4696 4697
f 4697 4696 4698
f 4697 4698 4699
f 4692 4689 4700
f 4700 4689 4687
f 4700 4687 4701
f 4701 4687 4685
f 4701 4685 4702
f 4702 4685 4683
f 4702 4683 4703
f 4703 4683 4681
f 4703 4704 4702
f 4702 4704 4705
f 4702 4705 4701
f 4701 4705 4706
f 4701 4706 4700
f 4700 4706 4707
f 4700 4707 4692
f 4692 4707 4694
f 4704 4708 4705
f 4705 4708 4709
f 4705 4709 4706
f 4706 4709 4710
f 4706 4710 4707
f 4707 4710 4711
f 4707 4711 4694
f 4694 4711 4696
f 4708 4712 4709
f 4709 4712 4713
f 4709 4713 4714
f 4698 4711 4714
f 4714 4711 4710
f 4714 4710 4709
f 4711 4698 4696
f 4699 4715 4697
f 4697 4715 4716
f 4697 4716 4695
f 4695 4716 4717
f 4695 4717 4693
f 4693 4717 4718
f 4693 4718 4691
f 4691 4718 4690
f 4690 4718 4719
f 4690 4719 4720
f 4720 4719 4721
f 4720 4721 4722
f 4722 4721 4723
f 4722 4723 4724
f 4724 4723 4725
f 4725 4723 4715
f 4715 4723 4726
f 4715 4726 4727
f 4727 4726 4728
f 4727 4728 4717
f 4717 4728 4718
f 4724 4729 4722
f 4722 4729 4730
f 4722 4730 4720
f 4720 4730 4690
f 4729 4731 4730
f 4730 4731 4690
f 4731 4732 4690
f 4716 4715 4727
f 4728 4726 4721
f 4721 4726 4723
f 4717 4716 4727
f 4718 4728 4719
f 4719 4728 4721
f 4733 4734 4713
f 4713 4734 4735
f 4713 4735 4714
f 4714 4735 4736
f 4714 4736 4698
f 4698 4736 4699
f 4699 4736 4737
f 4699 4737 4715
f 4733 4738 4734
f 4739 4740 4741
f 4741 4740 4742
f 4741 4742 4743
f 4743 4742 4744
f 4743 4745 4741
f 4741 4745 4746
f 4746 4745 4747
f 4746 4747 4748
f 4748 4747 4008
f 4008 4747 3987
f 4749 4750 4751
f 4751 4750 4752
f 4751 4752 4753
f 4753 4754 4751
f 4751 4754 4755
f 4751 4755 4756
f 4756 4757 4751
f 4751 4757 4758
f 4758 4757 4759
f 4759 4757 4760
f 4759 4760 4761
f 4761 4760 4762
f 4761 4762 4763
f 4764 4765 4763
f 4763 4765 4766
f 4763 4766 4761
f 4764 4767 4765
f 4765 4767 4768
f 4765 4768 4769
f 4769 4768 4770
f 4770 4768 4771
f 4765 4769 4772
f 4772 4769 4773
f 4772 4773 4774
f 4774 4773 4775
f 4774 4775 4776
f 4776 4775 4777
f 4776 4777 4778
f 4778 4777 4779
f 4778 4779 4780
f 4781 4782 4777
f 4777 4782 4779
f 4783 4784 4772
f 4772 4784 4785
f 4772 4785 4765
f 4765 4785 4786
f 4765 4786 4787
f 4787 4788 4765
f 4789 4790 4681
f 4681 4790 4703
f 4703 4790 4791
f 4703 4791 4704
f 4704 4791 4792
f 4704 4792 4708
f 4708 4792 4793
f 4708 4793 4712
f 4712 4793 4733
f 4712 4733 4713
f 4794 4795 4659
f 4659 4795 4796
f 4659 4796 4658
f 4658 4796 4681
f 4681 4796 4797
f 4681 4797 4789
f 4789 4797 4798
f 4789 4798 4799
f 4800 4073 4796
f 4796 4073 4023
f 4796 4023 4797
f 4797 4023 4801
f 4801 4023 4013
f 4801 4013 4802
f 4803 4058 4800
f 4800 4058 4073
f 4804 4805 4806
f 4806 4805 4807
f 4806 4807 4808
f 4808 4807 4809
f 4808 4809 4794
f 4794 4809 4795
f 4810 4811 4812
f 4812 4811 4813
f 4812 4813 4804
f 4804 4813 4805
f 4814 4815 4811
f 4811 4815 4813
f 4816 4817 4818
f 4818 4817 4819
f 4818 4819 4820
f 4820 4819 4821
f 4820 4821 4812
f 4812 4821 4810
f 4822 4823 4229
f 4229 4823 4824
f 4229 4824 4111
f 4111 4824 4825
f 4111 4825 4218
f 4218 4825 4826
f 4218 4826 4827
f 4828 4829 4823
f 4823 4829 4824
f 4825 4830 4826
f 4826 4830 4831
f 4832 4833 4827
f 4827 4833 4834
f 4827 4834 4218
f 4218 4834 4835
f 4218 4835 4816
f 4816 4835 4836
f 4816 4836 4817
f 4835 4837 4836
f 4836 4837 4838
f 4218 4208 4111
f 4229 4111 2439
f 2439 4111 4112
f 2439 4112 2282
f 2282 4112 2285
f 2285 4112 1681
f 2714 4226 2439
f 2439 4226 4229
f 4839 4840 4841
f 4841 4840 4842
f 4841 4842 4843
f 4844 4845 4839
f 4839 4845 4846
f 4839 4846 4840
f 4847 4848 4844
f 4844 4848 4849
f 4844 4849 4850
f 4851 4852 4847
f 4847 4852 4853
f 4847 4853 4848
f 4854 4855 4851
f 4851 4855 4856
f 4851 4856 4857
f 4858 4859 4854
f 4854 4859 4860
f 4854 4860 4855
f 4859 4858 4861
f 4861 4858 4862
f 4861 4862 4863
f 4861 4863 4843
f 4843 4863 4841
f 4850 4845 4844
f 4857 4852 4851
f 4864 4865 4866
f 4866 4865 4867
f 4866 4867 4868
f 4868 4867 4869
f 4869 4867 4870
f 4869 4870 4822
f 4822 4870 4871
f 4822 4871 4872
f 4873 4874 4864
f 4864 4874 4875
f 4864 4875 4865
f 4876 4877 4873
f 4873 4877 4878
f 4873 4878 4879
f 4880 4881 4876
f 4876 4881 4882
f 4876 4882 4877
f 4823 4883 4880
f 4880 4883 4884
f 4880 4884 4885
f 4822 4872 4823
f 4823 4872 4886
f 4823 4886 4883
f 4885 4881 4880
f 4879 4874 4873
f 4841 4088 4839
f 4839 4088 4887
f 4839 4887 4888
f 4090 2440 4088
f 4088 2440 4099
f 4088 4099 4887
f 4887 4099 4889
f 4889 4099 4219
f 4889 4219 4890
f 4890 4219 4891
f 4891 4219 4892
f 4891 4892 4893
f 4090 2713 2440
f 4099 2440 4098
f 4098 2440 2333
f 4098 2333 2329
f 2329 1706 4098
f 4099 4182 4219
f 4892 4219 4894
f 4894 4219 4895
f 4894 4895 4896
f 4896 4895 4897
f 4898 4899 4896
f 4896 4899 4894
f 4893 4900 4891
f 4901 4902 4890
f 4890 4902 4889
f 4888 4903 4839
f 4903 4904 4839
f 4839 4904 4844
f 4904 4756 4844
f 4844 4756 4847
f 4847 4756 4905
f 4838 4837 4906
f 4906 4837 4634
f 4906 4634 4639
f 4641 4643 4907
f 4907 4643 4815
f 4907 4815 4814
f 4831 4830 4908
f 4908 4830 4624
f 4908 4624 4649
f 4648 4635 4909
f 4909 4635 4833
f 4909 4833 4832
f 4910 4911 4912
f 4912 4911 4913
f 4912 4913 4914
f 4915 4916 4917
f 4917 4916 4777
f 4917 4777 4775
f 4773 4769 4918
f 4918 4769 4899
f 4918 4899 4898
f 4900 4893 4919
f 4919 4893 4768
f 4919 4768 4767
f 4764 4763 4920
f 4920 4763 4902
f 4920 4902 4901
f 4921 4922 4923
f 4923 4922 4924
f 4923 4924 4925
f 4903 4888 4904
f 4904 4888 4757
f 4904 4757 4756
f 4618 4617 4926
f 4926 4617 4829
f 4926 4829 4828
f 4927 4928 4929
f 4929 4928 4930
f 4929 4930 4931
f 4931 4932 4929
f 4933 4934 4929
f 4929 4934 4935
f 4929 4935 4936
f 4929 4936 4927
f 4927 4936 4937
f 4927 4937 4938
f 4938 4937 4939
f 4938 4939 4610
f 4610 4619 4938
f 4940 4941 4938
f 4938 4941 4927
f 4942 4943 4944
f 4944 4943 4945
f 4944 4945 4946
f 4946 4947 4944
f 4944 4947 4948
f 4944 4948 4949
f 4950 4951 4947
f 4947 4951 4952
f 4947 4952 4948
f 4950 4953 4951
f 4755 4754 4951
f 4951 4754 4954
f 4951 4954 4952
f 4949 4955 4944
f 4944 4955 4956
f 4838 4906 4836
f 4836 4906 4957
f 4891 4958 4890
f 4890 4958 4959
f 4890 4959 4960
f 4961 4962 4891
f 4891 4962 4963
f 4891 4963 4964
f 4965 4966 4961
f 4961 4966 4967
f 4961 4967 4968
f 4969 4970 4965
f 4965 4970 4971
f 4965 4971 4966
f 4890 4972 4969
f 4969 4972 4973
f 4969 4973 4974
f 4968 4962 4961
f 4964 4975 4891
f 4891 4975 4958
f 4960 4976 4890
f 4890 4976 4972
f 4974 4970 4969
f 4826 4977 4827
f 4827 4977 4978
f 4827 4978 4979
f 4980 4981 4826
f 4826 4981 4982
f 4826 4982 4983
f 4984 4985 4980
f 4980 4985 4986
f 4980 4986 4987
f 4988 4989 4984
f 4984 4989 4990
f 4984 4990 4985
f 4827 4991 4988
f 4988 4991 4992
f 4988 4992 4993
f 4979 4994 4827
f 4827 4994 4991
f 4993 4989 4988
f 4987 4981 4980
f 4983 4995 4826
f 4826 4995 4977
f 4821 4996 4810
f 4810 4996 4997
f 4810 4997 4811
f 4811 4997 4998
f 4811 4998 4999
f 4999 4998 5000
f 4999 5000 5001
f 4821 4819 4996
f 4996 4819 5002
f 5002 4819 4817
f 5002 4817 5003
f 5003 4817 5004
f 5004 4817 4836
f 5004 4836 5005
f 5005 4836 5006
f 5006 4836 5007
f 5007 4836 4957
f 5007 4957 5008
f 5008 4957 5009
f 5009 4957 5010
f 5010 4957 5011
f 5010 5011 5012
f 5012 5011 5013
f 5013 5011 4999
f 5013 4999 5001
f 5014 5015 4897
f 4897 5015 5016
f 4897 5016 5017
f 5015 5014 5018
f 5018 5014 5019
f 5018 5019 5020
f 5018 5020 5021
f 5021 5020 5022
f 5021 5022 5023
f 5023 5022 5024
f 5023 5024 5025
f 5025 5024 5026
f 5026 5024 5027
f 5027 5024 5028
f 5027 5028 5029
f 5029 5028 5030
f 5030 5028 5031
f 5030 5031 5032
f 5032 5031 5033
f 5033 5031 5034
f 5034 5031 4896
f 5034 4896 5035
f 5035 4896 5036
f 5036 4896 5017
f 5017 4896 4897
f 5037 5038 5039
f 5039 5038 5040
f 5039 5040 5041
f 5038 5037 5042
f 5042 5037 5043
f 5042 5043 5044
f 5044 5045 5042
f 5042 5045 5046
f 5046 5045 5047
f 5047 5045 5048
f 5048 5045 5049
f 5048 5049 5050
f 5050 5049 5051
f 5051 5049 5052
f 5052 5049 5053
f 5053 5049 5054
f 5053 5054 5055
f 5055 5054 5056
f 5056 5054 5057
f 5057 5054 5058
f 5057 5058 5059
f 5059 5058 5060
f 5060 5058 5039
f 5060 5039 5041
f 5061 5062 5063
f 5063 5062 5064
f 5063 5064 5065
f 5066 5067 5061
f 5061 5067 5068
f 5061 5068 5069
f 5066 5070 5067
f 5067 5070 5071
f 5067 5071 5072
f 5072 5071 5073
f 5072 5073 5074
f 5074 5073 5075
f 5075 5073 5076
f 5076 5073 5077
f 5076 5077 5078
f 5078 5077 5079
f 5079 5077 5080
f 5079 5080 5081
f 5081 5080 5082
f 5082 5080 5083
f 5083 5080 5063
f 5083 5063 5084
f 5084 5063 5065
f 5069 5062 5061
f 4890 4969 4901
f 4901 4969 4920
f 4920 4969 4764
f 4764 4969 4965
f 4764 4965 5085
f 4767 4764 5085
f 4775 4773 5086
f 4956 4921 5087
f 4914 4933 5088
f 4649 4648 5089
f 4639 4641 5090
f 4919 4767 4961
f 4961 4767 4965
f 4965 4767 5085
f 4900 4919 4891
f 4891 4919 4961
f 4917 4775 5024
f 5024 4775 5028
f 5028 4775 5086
f 4915 4917 5022
f 5022 4917 5024
f 5020 5091 5022
f 5022 5091 5092
f 5022 5092 4916
f 5091 5093 5092
f 5092 5093 5094
f 4916 4915 5022
f 5091 5020 5095
f 5095 5020 5019
f 5095 5019 5096
f 5096 5019 5014
f 5096 5014 4895
f 4895 5014 4897
f 5097 5098 4816
f 4816 5098 5099
f 4816 5099 5100
f 4816 5100 4218
f 4218 5100 5101
f 4218 5101 5102
f 4218 5102 4215
f 4215 5102 5103
f 4215 5103 5104
f 5104 5105 4215
f 4215 5105 5106
f 4215 5106 4594
f 4594 5106 5107
f 4594 5107 5108
f 5108 5109 4594
f 4594 5109 4804
f 4594 4804 4806
f 5109 5110 4804
f 4804 5110 4812
f 4812 5110 5111
f 4812 5111 5112
f 5112 5097 4812
f 4812 5097 4820
f 4820 5097 4818
f 4818 5097 4816
f 5113 4220 5114
f 5114 4220 4733
f 5114 4733 5115
f 5115 4733 5116
f 5116 4733 5117
f 5117 4733 5093
f 5117 5093 5118
f 5118 5093 5091
f 5118 5091 5119
f 5119 5091 5120
f 5120 5091 5121
f 5121 5091 5095
f 5121 5095 5096
f 5113 5122 4220
f 4220 5122 5123
f 4220 5123 5124
f 4220 5124 4219
f 4219 5124 5125
f 4219 5125 5126
f 4219 5126 4895
f 4895 5126 5127
f 4895 5127 5128
f 5128 5121 4895
f 4895 5121 5096
f 4594 4806 4651
f 4651 4806 4808
f 4651 4808 4653
f 4653 4808 4794
f 4653 4794 4655
f 4655 4794 4657
f 4657 4794 4659
f 4594 4596 4215
f 4215 4596 4216
f 4216 4596 5129
f 4216 5129 5130
f 5130 5131 4216
f 4216 5131 5132
f 4216 5132 5133
f 4216 5133 4222
f 4222 5133 5134
f 4222 5134 5135
f 5135 5136 4222
f 4222 5136 4738
f 4222 4738 4220
f 4220 4738 4733
f 5093 4733 5137
f 5137 4733 4793
f 5137 4793 5138
f 5138 4793 4792
f 5138 4792 4799
f 4799 4792 4791
f 4799 4791 4790
f 4790 4789 4799
f 5030 5113 5029
f 5029 5113 5114
f 5029 5114 5027
f 5027 5114 5115
f 5027 5115 5026
f 5026 5115 5116
f 5026 5116 5025
f 5025 5116 5117
f 5025 5117 5023
f 5023 5117 5118
f 5023 5118 5021
f 5021 5118 5119
f 5021 5119 5018
f 5018 5119 5120
f 5018 5120 5015
f 5015 5120 5121
f 5015 5121 5016
f 5016 5121 5128
f 5016 5128 5017
f 5017 5128 5127
f 5017 5127 5036
f 5036 5127 5126
f 5036 5126 5035
f 5035 5126 5125
f 5035 5125 5034
f 5034 5125 5124
f 5034 5124 5033
f 5033 5124 5123
f 5033 5123 5032
f 5032 5123 5122
f 5032 5122 5030
f 5030 5122 5113
f 4191 4973 4190
f 4190 4973 4972
f 4190 4972 4189
f 4189 4972 4976
f 4189 4976 4188
f 4188 4976 4960
f 4188 4960 4187
f 4187 4960 4959
f 4187 4959 4186
f 4186 4959 4958
f 4186 4958 4192
f 4192 4958 4975
f 4192 4975 4193
f 4193 4975 4964
f 4193 4964 4194
f 4194 4964 4963
f 4194 4963 4183
f 4183 4963 4962
f 4183 4962 4184
f 4184 4962 4968
f 4184 4968 4185
f 4185 4968 4967
f 4185 4967 4195
f 4195 4967 4966
f 4195 4966 4179
f 4179 4966 4971
f 4179 4971 4180
f 4180 4971 4970
f 4180 4970 4181
f 4181 4970 4974
f 4181 4974 4191
f 4191 4974 4973
f 2722 5139 1723
f 1723 5139 5140
f 1723 5140 1724
f 1724 5140 5141
f 1724 5141 1727
f 1727 5141 5142
f 1727 5142 1729
f 1729 5142 5143
f 1729 5143 1731
f 1731 5143 5144
f 1731 5144 1732
f 1732 5144 5145
f 1732 5145 5146
f 5146 5145 5068
f 5146 5068 5067
f 5139 2722 5147
f 5147 2722 2723
f 5147 2723 5148
f 5148 2723 2724
f 5148 2724 5149
f 5149 2724 2725
f 5149 2725 5150
f 5150 2725 2726
f 5150 2726 2727
f 5150 2727 5151
f 5151 2727 2728
f 5151 2728 5152
f 5152 2728 1738
f 5152 1738 5153
f 5153 1738 1736
f 5153 1736 5154
f 5154 1736 1734
f 5154 1734 5146
f 5146 1734 1732
f 5084 5141 5083
f 5083 5141 5140
f 5083 5140 5082
f 5082 5140 5139
f 5082 5139 5081
f 5081 5139 5147
f 5081 5147 5079
f 5079 5147 5148
f 5079 5148 5078
f 5078 5148 5149
f 5078 5149 5076
f 5076 5149 5150
f 5076 5150 5151
f 5141 5084 5142
f 5142 5084 5065
f 5142 5065 5143
f 5143 5065 5064
f 5143 5064 5144
f 5144 5064 5062
f 5144 5062 5145
f 5145 5062 5069
f 5145 5069 5068
f 5146 5067 5154
f 5154 5067 5072
f 5154 5072 5153
f 5153 5072 5074
f 5153 5074 5152
f 5152 5074 5075
f 5152 5075 5151
f 5151 5075 5076
f 5004 5099 5003
f 5003 5099 5098
f 5003 5098 5002
f 5002 5098 5097
f 5002 5097 4996
f 4996 5097 5112
f 4996 5112 4997
f 4997 5112 5111
f 4997 5111 4998
f 4998 5111 5110
f 4998 5110 5000
f 5000 5110 5109
f 5000 5109 5001
f 5001 5109 5108
f 5001 5108 5013
f 5013 5108 5107
f 5013 5107 5012
f 5012 5107 5106
f 5012 5106 5010
f 5010 5106 5105
f 5010 5105 5009
f 5009 5105 5104
f 5009 5104 5008
f 5008 5104 5103
f 5008 5103 5007
f 5007 5103 5102
f 5007 5102 5006
f 5006 5102 5101
f 5006 5101 5005
f 5005 5101 5100
f 5005 5100 5004
f 5004 5100 5099
f 4204 4982 4205
f 4205 4982 4981
f 4205 4981 4200
f 4200 4981 4987
f 4200 4987 4201
f 4201 4987 4986
f 4201 4986 4202
f 4202 4986 4985
f 4202 4985 4196
f 4196 4985 4990
f 4196 4990 4198
f 4198 4990 4989
f 4198 4989 4199
f 4199 4989 4993
f 4199 4993 4212
f 4212 4993 4992
f 4212 4992 4209
f 4209 4992 4991
f 4209 4991 4210
f 4210 4991 4994
f 4210 4994 4211
f 4211 4994 4979
f 4211 4979 4213
f 4213 4979 4978
f 4213 4978 4207
f 4207 4978 4977
f 4207 4977 4206
f 4206 4977 4995
f 4206 4995 4203
f 4203 4995 4983
f 4203 4983 4204
f 4204 4983 4982
f 2715 5155 1707
f 1707 5155 5156
f 1707 5156 1708
f 1708 5156 5157
f 1708 5157 1711
f 1711 5157 5158
f 1711 5158 1713
f 1713 5158 5159
f 1713 5159 1715
f 1715 5159 5160
f 1715 5160 1716
f 1716 5160 5161
f 1716 5161 5162
f 5162 5161 5051
f 5162 5051 5052
f 5155 2715 5163
f 5163 2715 2716
f 5163 2716 5164
f 5164 2716 2717
f 5164 2717 5165
f 5165 2717 2718
f 5165 2718 5166
f 5166 2718 2719
f 5166 2719 2720
f 5166 2720 5167
f 5167 2720 2721
f 5167 2721 5168
f 5168 2721 1722
f 5168 1722 5169
f 5169 1722 1720
f 5169 1720 5170
f 5170 1720 1718
f 5170 1718 5162
f 5162 1718 1716
f 5042 5157 5038
f 5038 5157 5156
f 5038 5156 5040
f 5040 5156 5155
f 5040 5155 5041
f 5041 5155 5163
f 5041 5163 5060
f 5060 5163 5164
f 5060 5164 5059
f 5059 5164 5165
f 5059 5165 5057
f 5057 5165 5166
f 5057 5166 5167
f 5157 5042 5158
f 5158 5042 5046
f 5158 5046 5159
f 5159 5046 5047
f 5159 5047 5160
f 5160 5047 5048
f 5160 5048 5161
f 5161 5048 5050
f 5161 5050 5051
f 5162 5052 5170
f 5170 5052 5053
f 5170 5053 5169
f 5169 5053 5055
f 5169 5055 5168
f 5168 5055 5056
f 5168 5056 5167
f 5167 5056 5057
f 4225 4866 4227
f 4227 4866 4868
f 4227 4868 4228
f 4228 4868 4869
f 4228 4869 4229
f 4229 4869 4822
f 4941 4940 5171
f 5171 4940 4864
f 5171 4864 4225
f 4225 4864 4866
f 4225 4224 5171
f 5171 4224 5172
f 5171 5173 4941
f 4941 5173 4927
f 5174 5175 5176
f 5176 5175 5177
f 5176 5177 5178
f 5178 5179 5176
f 5171 5172 5173
f 5173 5172 5180
f 5173 5180 5181
f 5181 5182 5173
f 5174 5176 4946
f 4946 5176 4947
f 5183 5184 3830
f 3830 5184 5185
f 3830 5185 5186
f 5187 5188 5186
f 5186 5188 3830
f 3830 5188 3831
f 3831 5188 5189
f 3831 5189 3832
f 3832 5189 5190
f 3832 5190 5191
f 3832 5191 3833
f 3833 5191 5192
f 3833 5192 5193
f 5194 3824 5193
f 5193 3824 3833
f 5061 4097 5066
f 5066 4097 5070
f 5070 4097 5071
f 5071 4097 4943
f 5071 4943 4942
f 4097 4096 4943
f 4943 4096 4945
f 4945 4096 4095
f 4945 4095 4946
f 4946 4095 5174
f 5174 4095 4094
f 5174 4094 5175
f 5175 4094 5177
f 5177 4094 4093
f 5177 4093 5178
f 5195 5196 3843
f 3843 5196 5197
f 3843 5197 5198
f 5199 5200 5196
f 5196 5200 5197
f 5201 5202 5198
f 5198 5202 3830
f 5198 3830 3843
f 3843 3830 2893
f 3843 2893 3836
f 3836 2893 3822
f 5201 5203 5202
f 5202 5183 3830
f 2893 3830 2894
f 2894 3830 3826
f 2894 3826 3823
f 5204 5205 3841
f 3841 5205 5206
f 3841 5206 3842
f 3842 5206 5207
f 3842 5207 5208
f 5208 5207 5209
f 3842 5208 3843
f 3843 5208 5210
f 3843 5210 5211
f 5211 5195 3843
f 3841 3840 5204
f 5204 3840 5212
f 5212 3840 5213
f 5213 3840 3839
f 5213 3839 5214
f 4932 4931 5037
f 5037 4931 4231
f 5037 4231 4230
f 4931 4930 4231
f 4231 4930 4232
f 4232 4930 4928
f 4232 4928 5182
f 4232 5182 4233
f 4233 5182 5181
f 4233 5181 5180
f 5172 4224 5180
f 5180 4224 4233
f 5045 5044 4230
f 4230 5044 5043
f 4230 5043 5037
f 5215 5216 5217
f 5217 5216 4633
f 4633 5216 4638
f 4640 5218 4642
f 4642 5218 5219
f 5219 5218 5220
f 4629 5221 4630
f 4630 5221 5222
f 5222 5221 5223
f 5199 5224 5200
f 5200 5224 5225
f 5225 5224 5226
f 5227 5228 5229
f 5229 5228 4778
f 4778 5228 4776
f 4774 5230 4772
f 4772 5230 5231
f 5231 5230 5232
f 5233 5234 5235
f 5235 5234 4785
f 4785 5234 4786
f 5236 5237 5238
f 5238 5237 5201
f 5201 5237 5203
f 4628 4627 5239
f 5239 4627 5240
f 5239 5240 5241
f 5241 5240 5242
f 5242 5240 5243
f 5244 5245 5246
f 5246 5245 5247
f 5247 5245 5248
f 5248 5245 4788
f 5248 4788 4787
f 5249 5250 5251
f 5251 5250 5252
f 5251 5252 4749
f 4749 5252 4750
f 5251 5253 5249
f 4614 5254 4615
f 4615 5254 5255
f 5255 5254 5256
f 5255 5256 5257
f 5257 5258 5255
f 5209 5207 5259
f 5259 5207 5206
f 5259 5206 5205
f 5205 5260 5259
f 5259 5260 5261
f 5259 5261 5262
f 5263 5264 5260
f 5260 5264 5265
f 5260 5265 5261
f 5263 5266 5264
f 4613 4611 5264
f 5264 4611 5267
f 5264 5267 5265
f 5262 5268 5259
f 5259 5268 5269
f 5270 5190 5271
f 5271 5190 5189
f 5271 5189 5188
f 5188 5187 5271
f 5272 5273 5271
f 5271 5273 5274
f 5271 5274 5275
f 5271 5275 5270
f 5270 5275 5276
f 5270 5276 5277
f 5277 5276 5278
f 5277 5278 4753
f 4753 4752 5277
f 5279 5280 5277
f 5277 5280 5270
f 5281 5282 5215
f 5215 5282 5216
f 5283 3834 5284
f 5284 3834 5285
f 5284 5285 5257
f 3836 3535 3834
f 3834 3535 3845
f 3834 3845 5285
f 5285 3845 5286
f 5286 3845 3965
f 5286 3965 5287
f 5287 3965 5288
f 5288 3965 5289
f 5288 5289 5222
f 3836 3822 3535
f 3845 3535 3844
f 3844 3535 3428
f 3844 3428 3424
f 3424 2961 3844
f 3845 3928 3965
f 5289 3965 5290
f 5290 3965 4081
f 5290 4081 5281
f 5281 4081 5291
f 5215 5217 5281
f 5281 5217 5290
f 5222 5223 5288
f 5241 5242 5287
f 5287 5242 5286
f 5257 5256 5284
f 5292 5293 5294
f 5294 5293 5295
f 5294 5295 5296
f 5297 5298 5292
f 5292 5298 5299
f 5292 5299 5293
f 5300 5301 5297
f 5297 5301 5302
f 5297 5302 5298
f 5301 5300 5303
f 5303 5300 5304
f 5303 5304 5305
f 5303 5305 5306
f 5306 5305 5307
f 5306 5307 5308
f 5308 5307 5309
f 5309 5307 5310
f 5309 5310 5311
f 5311 5310 5312
f 5312 5310 5313
f 5313 5310 5314
f 5313 5314 5315
f 5315 5314 5316
f 5316 5314 5294
f 5316 5294 5296
f 5317 5318 5319
f 5319 5318 5320
f 5319 5320 5321
f 5322 5323 5317
f 5317 5323 5324
f 5317 5324 5318
f 5323 5322 5325
f 5325 5322 5326
f 5325 5326 5327
f 5325 5327 5328
f 5328 5327 5283
f 5328 5283 5329
f 5329 5283 5330
f 5330 5283 5284
f 5330 5284 5331
f 5331 5284 5332
f 5332 5284 5333
f 5332 5333 5334
f 5334 5333 5335
f 5335 5333 5336
f 5336 5333 5337
f 5336 5337 5338
f 5338 5337 5339
f 5339 5337 5319
f 5339 5319 5321
f 5292 5294 5250
f 5250 5294 5252
f 5297 5292 3829
f 3829 5292 5340
f 3829 5340 3857
f 3857 5340 5341
f 3857 5341 3964
f 3964 5341 5342
f 3964 5342 5343
f 5250 5249 5292
f 5292 5249 5340
f 5341 5246 5342
f 5342 5246 5247
f 5233 5235 5343
f 5343 5235 5344
f 5343 5344 3964
f 3964 5344 5345
f 3964 5345 3993
f 3993 5345 5346
f 3993 5346 5347
f 5345 5231 5346
f 5346 5231 5232
f 3964 3954 3857
f 3829 3857 3534
f 3534 3857 3858
f 3534 3858 3377
f 3377 3858 3380
f 3380 3858 2936
f 3823 3826 3534
f 3534 3826 3829
f 3825 5305 3827
f 3827 5305 5304
f 3827 5304 3828
f 3828 5304 5300
f 3828 5300 3829
f 3829 5300 5297
f 5280 5279 5348
f 5348 5279 5307
f 5348 5307 3825
f 3825 5307 5305
f 3825 3824 5348
f 5348 3824 5194
f 5348 5349 5280
f 5280 5349 5270
f 5348 5194 5349
f 5349 5194 5193
f 5349 5193 5192
f 5192 5191 5349
f 5350 5351 5214
f 5214 5351 5213
f 5213 5351 5212
f 5212 5351 5204
f 5349 5191 5270
f 5270 5191 5190
f 5214 3839 5350
f 5350 3839 3838
f 5350 3838 5317
f 5317 3838 5322
f 5266 5263 5317
f 5317 5263 5350
f 5351 5350 5260
f 5260 5350 5263
f 5204 5351 5205
f 5205 5351 5260
f 5317 5319 5266
f 5266 5319 5264
f 5352 4613 5337
f 5337 4613 5319
f 5319 4613 5264
f 4750 5353 4752
f 4613 5352 4614
f 5353 4750 5314
f 5314 4750 5294
f 5294 4750 5252
f 5353 5314 4752
f 4752 5314 5310
f 4752 5310 5277
f 5310 5307 5277
f 5277 5307 5279
f 5352 5337 4614
f 4614 5337 5333
f 4614 5333 5254
f 5333 5284 5254
f 5254 5284 5256
f 3834 5283 3835
f 3835 5283 5327
f 3835 5327 3837
f 3837 5327 5326
f 3837 5326 3838
f 3838 5326 5322
f 4028 5354 4029
f 4029 5354 5355
f 4029 5355 4086
f 4086 5355 5356
f 4086 5356 4087
f 4087 5356 5357
f 4087 5357 4006
f 4006 5357 5358
f 4006 5358 4004
f 4004 5358 5359
f 4004 5359 4003
f 4003 5359 5360
f 4003 5360 4002
f 4002 5360 5361
f 4002 5361 3997
f 3997 5361 5362
f 3997 5362 3998
f 3998 5362 5363
f 3998 5363 3999
f 3999 5363 5364
f 3999 5364 3994
f 3994 5364 5365
f 3994 5365 3995
f 3995 5365 5366
f 3995 5366 3990
f 3990 5366 5367
f 3990 5367 3991
f 3991 5367 5368
f 3991 5368 3992
f 3992 5368 5369
f 3992 5369 4028
f 4028 5369 5354
f 5342 5370 5343
f 5343 5370 5371
f 5343 5371 5372
f 5373 5374 5342
f 5342 5374 5375
f 5342 5375 5376
f 5377 5378 5373
f 5373 5378 5379
f 5373 5379 5380
f 5381 5382 5377
f 5377 5382 5383
f 5377 5383 5378
f 5343 5384 5381
f 5381 5384 5385
f 5381 5385 5386
f 5380 5374 5373
f 5376 5387 5342
f 5342 5387 5370
f 5372 5388 5343
f 5343 5388 5384
f 5386 5382 5381
f 5288 5389 5287
f 5287 5389 5390
f 5287 5390 5391
f 5392 5393 5288
f 5288 5393 5394
f 5288 5394 5395
f 5396 5397 5392
f 5392 5397 5398
f 5392 5398 5399
f 5400 5401 5396
f 5396 5401 5402
f 5396 5402 5397
f 5287 5403 5400
f 5400 5403 5404
f 5400 5404 5405
f 5391 5406 5287
f 5287 5406 5403
f 5405 5401 5400
f 5399 5393 5392
f 5395 5407 5288
f 5288 5407 5389
f 5408 5409 5291
f 5291 5409 5410
f 5291 5410 5411
f 5409 5408 5412
f 5412 5408 5413
f 5412 5413 5414
f 5412 5414 5415
f 5415 5414 5416
f 5415 5416 5417
f 5417 5416 5418
f 5417 5418 5419
f 5419 5418 5420
f 5420 5418 5421
f 5421 5418 5422
f 5421 5422 5423
f 5423 5422 5424
f 5424 5422 5282
f 5424 5282 5425
f 5425 5282 5426
f 5426 5282 5427
f 5427 5282 5281
f 5427 5281 5428
f 5428 5281 5429
f 5429 5281 5411
f 5411 5281 5291
f 5430 5361 5431
f 5431 5361 5360
f 5431 5360 5432
f 5432 5360 5359
f 5432 5359 5433
f 5433 5359 5358
f 5433 5358 5357
f 5430 5434 5361
f 5361 5434 5362
f 5362 5434 5347
f 5362 5347 5363
f 5363 5347 5364
f 5364 5347 5346
f 5364 5346 5365
f 5365 5346 5366
f 5366 5346 5367
f 5367 5346 5435
f 5367 5435 5368
f 5368 5435 5369
f 5369 5435 5354
f 5354 5435 5436
f 5354 5436 5355
f 5355 5436 5356
f 5356 5436 5433
f 5356 5433 5357
f 5195 5437 5196
f 5196 5437 5438
f 5196 5438 5439
f 5211 5440 5195
f 5195 5440 5441
f 5195 5441 5442
f 5211 5210 5440
f 5440 5210 5208
f 5440 5208 5443
f 5443 5208 5444
f 5443 5444 5445
f 5445 5444 5446
f 5446 5444 5447
f 5447 5444 5448
f 5447 5448 5449
f 5449 5448 5450
f 5450 5448 5451
f 5450 5451 5452
f 5452 5451 5453
f 5453 5451 5454
f 5454 5451 5196
f 5454 5196 5455
f 5455 5196 5439
f 5442 5437 5195
f 5186 5456 5457
f 5457 5456 5458
f 5457 5458 5459
f 5456 5186 5460
f 5460 5186 5185
f 5460 5185 5184
f 5184 5183 5460
f 5460 5183 5461
f 5461 5183 5462
f 5462 5183 5463
f 5463 5183 5202
f 5463 5202 5464
f 5464 5202 5465
f 5465 5202 5466
f 5466 5202 5467
f 5467 5202 5468
f 5467 5468 5469
f 5469 5468 5470
f 5470 5468 5471
f 5471 5468 5472
f 5471 5472 5473
f 5473 5472 5474
f 5474 5472 5457
f 5474 5457 5459
f 5343 5381 5233
f 5233 5381 5234
f 5234 5381 4786
f 4786 5381 5377
f 4786 5377 5475
f 4787 4786 5475
f 4774 4776 5476
f 5236 5272 5477
f 5269 5226 5478
f 4629 4628 5479
f 4640 4638 5480
f 5248 4787 5373
f 5373 4787 5377
f 5377 4787 5475
f 5247 5248 5342
f 5342 5248 5373
f 5230 4774 5435
f 5435 4774 5436
f 5436 4774 5476
f 5232 5230 5346
f 5346 5230 5435
f 5228 5433 4776
f 4776 5433 5436
f 4776 5436 5476
f 5432 5433 5227
f 5227 5433 5228
f 5431 5432 4001
f 4001 5432 5481
f 4001 5481 4005
f 4005 5481 5482
f 5227 5229 5432
f 5432 5229 5481
f 5431 4001 5430
f 5430 4001 4000
f 5430 4000 5434
f 5434 4000 3996
f 5434 3996 5347
f 5347 3996 3993
f 4802 4013 5483
f 5483 4013 4012
f 5483 4012 5484
f 5484 4012 4009
f 5484 4009 5482
f 5482 4009 4005
f 5290 4632 5289
f 5289 4632 4631
f 5485 5486 5197
f 5197 5486 5198
f 4783 5345 4784
f 4784 5345 5344
f 5487 5488 5489
f 5489 5488 4644
f 5489 4644 5490
f 5490 4644 4646
f 5488 5487 5491
f 5491 5487 5492
f 5491 5492 5493
f 5493 5492 4803
f 5493 4803 5494
f 5494 4803 4800
f 5483 5495 4802
f 4802 5495 5496
f 4802 5496 4801
f 5495 5483 5497
f 5497 5483 5484
f 5497 5484 5498
f 5498 5484 5482
f 5498 5482 4779
f 4779 5482 5481
f 4779 5481 4780
f 5340 5499 5341
f 5341 5499 5500
f 5501 5285 5502
f 5502 5285 5286
f 4632 5290 4633
f 4633 5290 5217
f 4630 5222 4631
f 4631 5222 5289
f 5485 5197 5225
f 5225 5197 5200
f 4934 4933 5268
f 5268 4933 5269
f 5269 4933 4914
f 5269 4914 5226
f 5226 4914 4913
f 5226 4913 5225
f 5225 4913 4922
f 5225 4922 5238
f 5238 4922 4921
f 5238 4921 5236
f 5236 4921 4956
f 5236 4956 5272
f 5272 4956 4955
f 5272 4955 5273
f 5503 5504 4913
f 4913 5504 4922
f 5486 5485 5238
f 5238 5485 5225
f 5505 5506 5507
f 5507 5506 5508
f 5507 5508 5509
f 5509 5508 5510
f 5509 5511 5507
f 5507 5511 5512
f 5512 5511 5513
f 5512 5513 5514
f 5514 5513 5132
f 5132 5513 5133
f 5515 5516 5517
f 5517 5516 5518
f 5517 5518 5519
f 5519 5518 5520
f 5519 5521 5517
f 5517 5521 5522
f 5522 5521 5523
f 5522 5523 5524
f 5524 5523 4043
f 4043 5523 3984
f 4934 5268 5525
f 5525 5268 5262
f 5525 5262 5526
f 5526 5262 5261
f 5526 5261 5527
f 5527 5261 5265
f 5527 5265 5528
f 5528 5265 5267
f 5528 5267 4611
f 4611 4610 5528
f 5528 4610 4939
f 5528 4939 5527
f 5527 4939 4937
f 5527 4937 5526
f 5526 4937 4936
f 5526 4936 5525
f 5525 4936 4935
f 5525 4935 4934
f 5238 5201 5486
f 5486 5201 5198
f 4754 4753 5529
f 5529 4753 5278
f 5529 5278 5530
f 5530 5278 5276
f 5530 5276 5531
f 5531 5276 5275
f 5531 5275 5532
f 5532 5275 5274
f 5532 5274 5273
f 5273 4955 5532
f 5532 4955 4949
f 5532 4949 5531
f 5531 4949 4948
f 5531 4948 5530
f 5530 4948 4952
f 5530 4952 5529
f 5529 4952 4954
f 5529 4954 4754
f 5504 5533 4922
f 4922 5533 4924
f 5045 4230 5049
f 5049 4230 5534
f 5049 5534 4911
f 4226 1639 4230
f 4230 1639 1638
f 4230 1638 4097
f 4097 1638 4090
f 4090 1638 2713
f 4226 2714 1639
f 5061 5063 4097
f 4097 5063 5533
f 4097 5533 5534
f 4925 4924 5063
f 5063 4924 5533
f 4911 4910 5049
f 5534 4230 4097
f 4910 4912 5049
f 5049 4912 5054
f 4912 4914 5054
f 5054 4914 5058
f 5058 4914 5088
f 4929 5039 4933
f 4933 5039 5058
f 4933 5058 5088
f 5037 5039 4932
f 4932 5039 4929
f 4913 4911 5503
f 5503 4911 5534
f 4637 4835 4636
f 4636 4835 4834
f 5534 5533 5503
f 5503 5533 5504
f 4894 4770 4892
f 4892 4770 4771
f 4809 5535 4795
f 4795 5535 5536
f 4795 5536 4796
f 5535 4809 5537
f 5537 4809 4807
f 5537 4807 5538
f 5538 4807 4805
f 5538 4805 4645
f 4645 4805 4813
f 4645 4813 4647
f 5539 5540 5094
f 5094 5540 4782
f 5094 4782 5092
f 5092 4782 4781
f 5540 5539 5541
f 5541 5539 5542
f 5541 5542 5543
f 5543 5542 4798
f 5543 4798 5544
f 5544 4798 4797
f 4760 4887 4762
f 4762 4887 4889
f 4824 4621 4825
f 4825 4621 4623
f 4634 4837 4637
f 4637 4837 4835
f 4636 4834 4635
f 4635 4834 4833
f 4770 4894 4769
f 4769 4894 4899
f 4768 4893 4771
f 4771 4893 4892
f 5538 4645 5545
f 5545 4645 4644
f 5545 4644 5546
f 5546 4644 5488
f 5546 5488 5547
f 5547 5488 5491
f 5547 5491 5548
f 5548 5491 5493
f 5548 5493 5549
f 5549 5493 5494
f 5549 5494 4800
f 4800 4796 5549
f 5549 4796 5550
f 5549 5550 5548
f 5548 5550 5551
f 5548 5551 5547
f 5547 5551 5552
f 5547 5552 5546
f 5546 5552 5545
f 4796 5536 5550
f 5550 5536 5551
f 5536 5535 5551
f 5551 5535 5552
f 5535 5537 5552
f 5552 5537 5545
f 5537 5538 5545
f 4647 4813 4643
f 4643 4813 4815
f 4799 4798 5138
f 5138 4798 5542
f 5138 5542 5137
f 5137 5542 5539
f 5137 5539 5093
f 5093 5539 5094
f 4777 4916 4781
f 4781 4916 5092
f 5544 4797 5553
f 5553 4797 4801
f 5553 4801 5554
f 5554 4801 5496
f 5554 5496 5555
f 5555 5496 5495
f 5555 5495 5556
f 5556 5495 5497
f 5556 5497 5557
f 5557 5497 5498
f 5557 5498 4779
f 4779 4782 5557
f 5557 4782 5558
f 5557 5558 5556
f 5556 5558 5559
f 5556 5559 5555
f 5555 5559 5560
f 5555 5560 5554
f 5554 5560 5553
f 4782 5540 5558
f 5558 5540 5559
f 5540 5541 5559
f 5559 5541 5560
f 5541 5543 5560
f 5560 5543 5553
f 5543 5544 5553
f 4757 4888 4760
f 4760 4888 4887
f 4762 4889 4763
f 4763 4889 4902
f 4621 4824 4617
f 4617 4824 4829
f 4624 4830 4623
f 4623 4830 4825
f 5063 5080 4925
f 4925 5080 4923
f 4923 5080 4921
f 4921 5080 5077
f 4921 5077 5087
f 4944 4956 5073
f 5073 4956 5077
f 5077 4956 5087
f 4942 4944 5071
f 5071 4944 5073
f 5561 4732 5562
f 5562 4732 5563
f 5562 5563 5564
f 5564 5563 5565
f 5564 5565 5566
f 5566 5565 5567
f 5566 5567 5568
f 5568 5567 5506
f 5506 5567 5569
f 5506 5569 5508
f 4732 5570 5563
f 5563 5570 5571
f 5563 5571 5565
f 5565 5571 5572
f 5565 5572 5567
f 5567 5572 5569
f 4732 5573 4690
f 4690 5573 5574
f 4690 5574 5575
f 5561 5576 4732
f 4732 5576 5577
f 4732 5577 5578
f 4673 5579 5561
f 5561 5579 5580
f 5561 5580 5581
f 4690 5582 4673
f 4673 5582 5583
f 4673 5583 5584
f 5578 5585 4732
f 4732 5585 5586
f 4732 5586 5587
f 5587 5588 4732
f 4732 5588 5573
f 5575 5589 4690
f 4690 5589 5590
f 4690 5590 5591
f 5591 5592 4690
f 4690 5592 5593
f 4690 5593 5594
f 5594 5582 4690
f 5584 5595 4673
f 4673 5595 5596
f 4673 5596 5597
f 5597 5598 4673
f 4673 5598 5599
f 4673 5599 5600
f 5600 5579 4673
f 5581 5601 5561
f 5561 5601 5602
f 5561 5602 5603
f 5603 5604 5561
f 5561 5604 5576
f 5604 5605 5576
f 5576 5605 5606
f 5576 5606 5577
f 5577 5606 5607
f 5577 5607 5578
f 5578 5607 5608
f 5578 5608 5585
f 5585 5608 5609
f 5585 5609 5586
f 5586 5609 5610
f 5586 5610 5587
f 5587 5610 5611
f 5587 5611 5588
f 5588 5611 5612
f 5588 5612 5573
f 5573 5612 5613
f 5573 5613 5574
f 5574 5613 5614
f 5574 5614 5575
f 5575 5614 5615
f 5575 5615 5589
f 5589 5615 5616
f 5589 5616 5590
f 5590 5616 5617
f 5590 5617 5591
f 5591 5617 5618
f 5591 5618 5592
f 5592 5618 5619
f 5592 5619 5593
f 5593 5619 5620
f 5593 5620 5594
f 5594 5620 5621
f 5594 5621 5582
f 5582 5621 5622
f 5582 5622 5583
f 5583 5622 5623
f 5583 5623 5584
f 5584 5623 5624
f 5584 5624 5595
f 5595 5624 5625
f 5595 5625 5596
f 5596 5625 5626
f 5596 5626 5597
f 5597 5626 5627
f 5597 5627 5598
f 5598 5627 5628
f 5598 5628 5599
f 5599 5628 5629
f 5599 5629 5600
f 5600 5629 5630
f 5600 5630 5579
f 5579 5630 5631
f 5579 5631 5580
f 5580 5631 5632
f 5580 5632 5581
f 5581 5632 5633
f 5581 5633 5601
f 5601 5633 5634
f 5601 5634 5602
f 5602 5634 5635
f 5602 5635 5603
f 5603 5635 5636
f 5603 5636 5604
f 5604 5636 5605
f 5637 5638 5622
f 5622 5638 5639
f 5622 5639 5623
f 5623 5639 5640
f 5623 5640 5624
f 5624 5640 5641
f 5624 5641 5642
f 5624 5642 5625
f 5625 5642 5643
f 5625 5643 5626
f 5626 5643 5644
f 5626 5644 5645
f 5626 5645 5627
f 5627 5645 5646
f 5627 5646 5647
f 5627 5647 5628
f 5628 5647 5648
f 5628 5648 5629
f 5629 5648 5649
f 5629 5649 5650
f 5629 5650 5630
f 5630 5650 5651
f 5630 5651 5631
f 5631 5651 5652
f 5631 5652 5653
f 5631 5653 5632
f 5632 5653 5654
f 5632 5654 5633
f 5633 5654 5655
f 5633 5655 5656
f 5633 5656 5634
f 5634 5656 5657
f 5634 5657 5658
f 5634 5658 5635
f 5635 5658 5659
f 5635 5659 5636
f 5636 5659 5660
f 5636 5660 5661
f 5636 5661 5605
f 5605 5661 5662
f 5605 5662 5606
f 5606 5662 5663
f 5606 5663 5664
f 5606 5664 5607
f 5607 5664 5665
f 5607 5665 5608
f 5608 5665 5666
f 5608 5666 5667
f 5608 5667 5609
f 5609 5667 5668
f 5609 5668 5610
f 5610 5668 5669
f 5610 5669 5670
f 5610 5670 5611
f 5611 5670 5671
f 5611 5671 5672
f 5611 5672 5612
f 5612 5672 5673
f 5612 5673 5613
f 5613 5673 5674
f 5613 5674 5675
f 5613 5675 5614
f 5614 5675 5676
f 5614 5676 5615
f 5615 5676 5677
f 5615 5677 5678
f 5615 5678 5616
f 5616 5678 5679
f 5616 5679 5617
f 5617 5679 5680
f 5617 5680 5681
f 5617 5681 5618
f 5618 5681 5682
f 5618 5682 5683
f 5618 5683 5619
f 5619 5683 5684
f 5619 5684 5620
f 5620 5684 5685
f 5620 5685 5686
f 5620 5686 5621
f 5621 5686 5637
f 5621 5637 5622
f 5687 5639 5688
f 5688 5639 5638
f 5688 5638 5689
f 5689 5638 5637
f 5689 5637 5690
f 5690 5637 5686
f 5690 5686 5691
f 5691 5686 5685
f 5691 5685 5692
f 5692 5685 5684
f 5692 5684 5693
f 5693 5684 5683
f 5693 5683 5694
f 5694 5683 5682
f 5694 5682 5695
f 5695 5682 5681
f 5695 5681 5696
f 5696 5681 5680
f 5696 5680 5697
f 5697 5680 5679
f 5697 5679 5698
f 5698 5679 5678
f 5698 5678 5699
f 5699 5678 5677
f 5699 5677 5700
f 5700 5677 5676
f 5700 5676 5701
f 5701 5676 5675
f 5701 5675 5702
f 5702 5675 5674
f 5702 5674 5703
f 5703 5674 5673
f 5703 5673 5704
f 5704 5673 5672
f 5704 5672 5705
f 5705 5672 5671
f 5705 5671 5706
f 5706 5671 5670
f 5706 5670 5707
f 5707 5670 5669
f 5707 5669 5708
f 5708 5669 5668
f 5708 5668 5709
f 5709 5668 5667
f 5709 5667 5710
f 5710 5667 5666
f 5710 5666 5711
f 5711 5666 5665
f 5711 5665 5712
f 5712 5665 5664
f 5712 5664 5713
f 5713 5664 5663
f 5713 5663 5714
f 5714 5663 5662
f 5714 5662 5715
f 5715 5662 5661
f 5715 5661 5716
f 5716 5661 5660
f 5716 5660 5717
f 5717 5660 5659
f 5717 5659 5718
f 5718 5659 5658
f 5718 5658 5719
f 5719 5658 5657
f 5719 5657 5720
f 5720 5657 5656
f 5720 5656 5721
f 5721 5656 5655
f 5721 5655 5722
f 5722 5655 5654
f 5722 5654 5723
f 5723 5654 5653
f 5723 5653 5724
f 5724 5653 5652
f 5724 5652 5725
f 5725 5652 5651
f 5725 5651 5726
f 5726 5651 5650
f 5726 5650 5727
f 5727 5650 5649
f 5727 5649 5728
f 5728 5649 5648
f 5728 5648 5729
f 5729 5648 5647
f 5729 5647 5730
f 5730 5647 5646
f 5730 5646 5731
f 5731 5646 5645
f 5731 5645 5732
f 5732 5645 5644
f 5732 5644 5733
f 5733 5644 5643
f 5733 5643 5734
f 5734 5643 5642
f 5734 5642 5735
f 5735 5642 5641
f 5735 5641 5736
f 5736 5641 5640
f 5736 5640 5687
f 5687 5640 5639
f 5687 5688 5737
f 5737 5688 5689
f 5737 5689 5738
f 5738 5689 5690
f 5738 5690 5739
f 5739 5690 5691
f 5739 5691 5692
f 5739 5692 5740
f 5740 5692 5693
f 5740 5693 5694
f 5740 5694 5741
f 5741 5694 5695
f 5741 5695 5742
f 5742 5695 5696
f 5742 5696 5697
f 5742 5697 5743
f 5743 5697 5698
f 5743 5698 5699
f 5743 5699 5744
f 5744 5699 5700
f 5744 5700 5701
f 5744 5701 5745
f 5745 5701 5702
f 5745 5702 5746
f 5746 5702 5703
f 5746 5703 5704
f 5746 5704 5747
f 5747 5704 5705
f 5747 5705 5706
f 5747 5706 5748
f 5748 5706 5707
f 5748 5707 5749
f 5749 5707 5708
f 5749 5708 5709
f 5749 5709 5750
f 5750 5709 5710
f 5750 5710 5711
f 5750 5711 5751
f 5751 5711 5712
f 5751 5712 5752
f 5752 5712 5713
f 5752 5713 5714
f 5752 5714 5753
f 5753 5714 5715
f 5753 5715 5754
f 5754 5715 5716
f 5754 5716 5717
f 5754 5717 5755
f 5755 5717 5718
f 5755 5718 5719
f 5755 5719 5756
f 5756 5719 5720
f 5756 5720 5757
f 5757 5720 5721
f 5757 5721 5722
f 5757 5722 5758
f 5758 5722 5723
f 5758 5723 5724
f 5758 5724 5759
f 5759 5724 5725
f 5759 5725 5726
f 5759 5726 5760
f 5760 5726 5727
f 5760 5727 5761
f 5761 5727 5728
f 5761 5728 5729
f 5761 5729 5762
f 5762 5729 5730
f 5762 5730 5731
f 5762 5731 5763
f 5763 5731 5732
f 5763 5732 5764
f 5764 5732 5733
f 5764 5733 5734
f 5764 5734 5765
f 5765 5734 5735
f 5765 5735 5736
f 5765 5736 5766
f 5766 5736 5687
f 5766 5687 5737
f 5767 5766 5768
f 5768 5766 5737
f 5768 5737 5769
f 5769 5737 5738
f 5769 5738 5770
f 5770 5738 5739
f 5770 5739 5771
f 5771 5739 5740
f 5771 5740 5772
f 5772 5740 5741
f 5772 5741 5773
f 5773 5741 5742
f 5773 5742 5774
f 5774 5742 5743
f 5774 5743 5775
f 5775 5743 5744
f 5775 5744 5776
f 5776 5744 5745
f 5776 5745 5777
f 5777 5745 5746
f 5777 5746 5778
f 5778 5746 5747
f 5778 5747 5779
f 5779 5747 5748
f 5779 5748 5780
f 5780 5748 5749
f 5780 5749 5781
f 5781 5749 5750
f 5781 5750 5782
f 5782 5750 5751
f 5782 5751 5783
f 5783 5751 5752
f 5783 5752 5784
f 5784 5752 5753
f 5784 5753 5785
f 5785 5753 5754
f 5785 5754 5786
f 5786 5754 5755
f 5786 5755 5787
f 5787 5755 5756
f 5787 5756 5788
f 5788 5756 5757
f 5788 5757 5789
f 5789 5757 5758
f 5789 5758 5790
f 5790 5758 5759
f 5790 5759 5791
f 5791 5759 5760
f 5791 5760 5792
f 5792 5760 5761
f 5792 5761 5793
f 5793 5761 5762
f 5793 5762 5794
f 5794 5762 5763
f 5794 5763 5795
f 5795 5763 5764
f 5795 5764 5796
f 5796 5764 5765
f 5796 5765 5767
f 5767 5765 5766
f 5767 5768 5797
f 5797 5768 5769
f 5797 5769 5798
f 5798 5769 5770
f 5798 5770 5799
f 5799 5770 5771
f 5799 5771 5800
f 5800 5771 5772
f 5800 5772 5773
f 5800 5773 5801
f 5801 5773 5774
f 5801 5774 5802
f 5802 5774 5775
f 5802 5775 5803
f 5803 5775 5776
f 5803 5776 5804
f 5804 5776 5777
f 5804 5777 5778
f 5804 5778 5805
f 5805 5778 5779
f 5805 5779 5806
f 5806 5779 5780
f 5806 5780 5807
f 5807 5780 5781
f 5807 5781 5782
f 5807 5782 5808
f 5808 5782 5783
f 5808 5783 5809
f 5809 5783 5784
f 5809 5784 5810
f 5810 5784 5785
f 5810 5785 5786
f 5810 5786 5811
f 5811 5786 5787
f 5811 5787 5812
f 5812 5787 5788
f 5812 5788 5813
f 5813 5788 5789
f 5813 5789 5790
f 5813 5790 5814
f 5814 5790 5791
f 5814 5791 5815
f 5815 5791 5792
f 5815 5792 5816
f 5816 5792 5793
f 5816 5793 5817
f 5817 5793 5794
f 5817 5794 5795
f 5817 5795 5818
f 5818 5795 5796
f 5818 5796 5819
f 5819 5796 5767
f 5819 5767 5797
f 5820 5819 5821
f 5821 5819 5797
f 5821 5797 5822
f 5822 5797 5798
f 5822 5798 5823
f 5823 5798 5799
f 5823 5799 5824
f 5824 5799 5800
f 5824 5800 5825
f 5825 5800 5801
f 5825 5801 5826
f 5826 5801 5802
f 5826 5802 5827
f 5827 5802 5803
f 5827 5803 5828
f 5828 5803 5804
f 5828 5804 5829
f 5829 5804 5805
f 5829 5805 5830
f 5830 5805 5806
f 5830 5806 5831
f 5831 5806 5807
f 5831 5807 5832
f 5832 5807 5808
f 5832 5808 5833
f 5833 5808 5809
f 5833 5809 5834
f 5834 5809 5810
f 5834 5810 5835
f 5835 5810 5811
f 5835 5811 5836
f 5836 5811 5812
f 5836 5812 5837
f 5837 5812 5813
f 5837 5813 5838
f 5838 5813 5814
f 5838 5814 5839
f 5839 5814 5815
f 5839 5815 5840
f 5840 5815 5816
f 5840 5816 5841
f 5841 5816 5817
f 5841 5817 5842
f 5842 5817 5818
f 5842 5818 5820
f 5820 5818 5819
f 5821 5822 5820
f 5820 5822 5823
f 5820 5823 5842
f 5842 5823 5824
f 5842 5824 5841
f 5841 5824 5825
f 5841 5825 5840
f 5840 5825 5826
f 5840 5826 5839
f 5839 5826 5827
f 5839 5827 5828
f 5828 5829 5839
f 5839 5829 5830
f 5839 5830 5831
f 5831 5832 5839
f 5839 5832 5833
f 5839 5833 5834
f 5834 5835 5839
f 5839 5835 5836
f 5839 5836 5837
f 5837 5838 5839
f 4673 5561 4671
f 4671 5561 5843
f 4671 5843 4669
f 4669 5843 5844
f 4669 5844 4668
f 4668 5844 5845
f 4668 5845 4680
f 4680 5845 4602
f 4602 5845 5846
f 4602 5846 5847
f 5847 5846 5848
f 5847 5848 5849
f 5849 5848 5850
f 5849 5850 5851
f 5851 5850 5852
f 5852 5850 5561
f 5561 5850 5853
f 5561 5853 5854
f 5854 5853 5855
f 5854 5855 5844
f 5844 5855 5845
f 5851 5856 5849
f 5849 5856 5857
f 5849 5857 5847
f 5847 5857 4603
f 5847 4603 4602
f 5856 5858 5857
f 5857 5858 4603
f 5843 5561 5854
f 5855 5853 5848
f 5848 5853 5850
f 5844 5843 5854
f 5845 5855 5846
f 5846 5855 5848
f 5506 5859 5568
f 5568 5859 5860
f 5568 5860 5566
f 5566 5860 5861
f 5566 5861 5564
f 5564 5861 5862
f 5564 5862 5562
f 5562 5862 5852
f 5562 5852 5561
f 5861 5863 5862
f 5862 5863 5864
f 5862 5864 5851
f 5851 5864 5856
f 5856 5864 5865
f 5856 5865 5858
f 5858 5865 5866
f 5858 5866 4603
f 5863 5867 5864
f 5864 5867 5865
f 5851 5852 5862
f 4598 5868 4597
f 4597 5868 5869
f 4597 5869 5870
f 5870 5869 5871
f 5870 5871 5872
f 5872 5871 5873
f 5872 5873 5874
f 5874 5873 5875
f 5874 5875 5876
f 5876 5875 5867
f 5876 5867 5863
f 4598 4600 5868
f 5868 4600 5877
f 5868 5877 5878
f 5878 5877 5879
f 5878 5879 5880
f 5880 5879 5881
f 5880 5881 5882
f 5882 5881 5865
f 5882 5865 5875
f 5875 5865 5867
f 4600 4604 5877
f 5877 4604 5883
f 5877 5883 5879
f 5879 5883 5884
f 5879 5884 5881
f 5881 5884 5866
f 5881 5866 5865
f 5883 4604 5885
f 5885 4604 4603
f 5885 4603 5866
f 5876 5863 5886
f 5886 5863 5861
f 5886 5861 5887
f 5887 5861 5888
f 5887 5888 5889
f 5889 5888 5890
f 5889 5890 5891
f 5891 5890 5892
f 5891 5892 5893
f 5893 5892 5894
f 5893 5894 5895
f 5895 5894 5896
f 5895 5896 5897
f 5897 5896 5898
f 5897 5898 5507
f 5507 5898 5505
f 5505 5898 5899
f 5505 5899 5900
f 5900 5899 5901
f 5900 5901 5902
f 5902 5901 5890
f 5902 5890 5888
f 5861 5860 5888
f 5888 5860 5902
f 5860 5859 5902
f 5902 5859 5900
f 5859 5506 5900
f 5900 5506 5505
f 5507 5512 5897
f 5897 5512 5514
f 5897 5514 5895
f 5895 5903 5893
f 5893 5903 5904
f 5893 5904 5891
f 5891 5904 5905
f 5891 5905 5889
f 5889 5905 5906
f 5889 5906 5887
f 5887 5906 5886
f 5904 5903 5907
f 5907 5903 5908
f 5907 5908 5909
f 5909 5908 5910
f 5909 5910 5911
f 5911 5910 5872
f 5911 5872 5874
f 5910 5908 5870
f 5870 5908 4597
f 5871 5869 5878
f 5878 5869 5868
f 5872 5910 5870
f 5905 5904 5907
f 5907 5909 5912
f 5912 5909 5911
f 5912 5911 5913
f 5913 5911 5874
f 5913 5874 5876
f 5896 5894 5914
f 5914 5894 5892
f 5914 5892 5901
f 5901 5892 5890
f 5873 5871 5880
f 5880 5871 5878
f 5906 5905 5912
f 5912 5905 5907
f 5906 5912 5913
f 5899 5898 5914
f 5914 5898 5896
f 5899 5914 5901
f 5866 5884 5885
f 5885 5884 5883
f 5873 5880 5882
f 5882 5875 5873
f 5906 5913 5886
f 5886 5913 5876
f 4596 4597 5129
f 5129 4597 5908
f 5129 5908 5130
f 5130 5908 5903
f 5130 5903 5131
f 5131 5903 5895
f 5131 5895 5132
f 5132 5895 5514
f 4715 5915 4725
f 4725 5915 5916
f 4725 5916 4724
f 4724 5916 5917
f 4724 5917 4729
f 4729 5917 5918
f 4729 5918 4731
f 4731 5918 5570
f 4731 5570 4732
f 5917 5919 5918
f 5918 5919 5920
f 5918 5920 5571
f 5571 5920 5572
f 5572 5920 5921
f 5572 5921 5569
f 5569 5921 5922
f 5569 5922 5508
f 5919 5923 5920
f 5920 5923 5921
f 5571 5570 5918
f 5511 5924 5513
f 5513 5924 5925
f 5513 5925 5926
f 5926 5925 5927
f 5926 5927 5928
f 5928 5927 5929
f 5928 5929 5930
f 5930 5929 5931
f 5930 5931 5932
f 5932 5931 5923
f 5932 5923 5919
f 5511 5509 5924
f 5924 5509 5933
f 5924 5933 5934
f 5934 5933 5935
f 5934 5935 5936
f 5936 5935 5937
f 5936 5937 5938
f 5938 5937 5921
f 5938 5921 5931
f 5931 5921 5923
f 5509 5510 5933
f 5933 5510 5939
f 5933 5939 5935
f 5935 5939 5940
f 5935 5940 5937
f 5937 5940 5922
f 5937 5922 5921
f 5939 5510 5941
f 5941 5510 5508
f 5941 5508 5922
f 5932 5919 5942
f 5942 5919 5917
f 5942 5917 5943
f 5943 5917 5944
f 5943 5944 5945
f 5945 5944 5946
f 5945 5946 5947
f 5947 5946 5948
f 5947 5948 5949
f 5949 5948 5950
f 5949 5950 5951
f 5951 5950 5952
f 5951 5952 5953
f 5953 5952 5954
f 5953 5954 4736
f 4736 5954 4737
f 4737 5954 5955
f 4737 5955 5956
f 5956 5955 5957
f 5956 5957 5958
f 5958 5957 5946
f 5958 5946 5944
f 5917 5916 5944
f 5944 5916 5958
f 5916 5915 5958
f 5958 5915 5956
f 5915 4715 5956
f 5956 4715 4737
f 4736 4735 5953
f 5953 4735 4734
f 5953 4734 5951
f 5951 5959 5949
f 5949 5959 5960
f 5949 5960 5947
f 5947 5960 5961
f 5947 5961 5945
f 5945 5961 5962
f 5945 5962 5943
f 5943 5962 5942
f 5960 5959 5963
f 5963 5959 5964
f 5963 5964 5965
f 5965 5964 5966
f 5965 5966 5967
f 5967 5966 5928
f 5967 5928 5930
f 5966 5964 5926
f 5926 5964 5513
f 5927 5925 5934
f 5934 5925 5924
f 5928 5966 5926
f 5961 5960 5963
f 5963 5965 5968
f 5968 5965 5967
f 5968 5967 5969
f 5969 5967 5930
f 5969 5930 5932
f 5952 5950 5970
f 5970 5950 5948
f 5970 5948 5957
f 5957 5948 5946
f 5929 5927 5936
f 5936 5927 5934
f 5962 5961 5968
f 5968 5961 5963
f 5962 5968 5969
f 5955 5954 5970
f 5970 5954 5952
f 5955 5970 5957
f 5922 5940 5941
f 5941 5940 5939
f 5929 5936 5938
f 5938 5931 5929
f 5962 5969 5942
f 5942 5969 5932
f 5133 5513 5134
f 5134 5513 5964
f 5134 5964 5135
f 5135 5964 5959
f 5135 5959 5136
f 5136 5959 5951
f 5136 5951 4738
f 4738 5951 4734
f 4280 4281 5971
f 5971 4281 5972
f 5971 5972 5973
f 5973 5972 5974
f 5973 5974 5975
f 5975 5974 5976
f 5975 5976 5977
f 5977 5976 5516
f 5516 5976 5978
f 5516 5978 5518
f 4281 5979 5972
f 5972 5979 5980
f 5972 5980 5974
f 5974 5980 5981
f 5974 5981 5976
f 5976 5981 5978
f 5516 5982 5977
f 5977 5982 5983
f 5977 5983 5975
f 5975 5983 5984
f 5975 5984 5973
f 5973 5984 5985
f 5973 5985 5971
f 5971 5985 5986
f 5971 5986 4280
f 5984 5987 5985
f 5985 5987 5988
f 5985 5988 5989
f 5989 5988 5990
f 5990 5988 5991
f 5990 5991 5992
f 5992 5991 5993
f 5992 5993 5994
f 5987 5995 5988
f 5988 5995 5991
f 5989 5986 5985
f 5996 5997 5998
f 5998 5997 5999
f 5998 5999 6000
f 6000 5999 6001
f 6000 6001 6002
f 6002 6001 6003
f 6002 6003 6004
f 6004 6003 6005
f 6004 6005 6006
f 6006 6005 5995
f 6006 5995 5987
f 5996 6007 5997
f 5997 6007 6008
f 5997 6008 6009
f 6009 6008 6010
f 6009 6010 6011
f 6011 6010 6012
f 6011 6012 6013
f 6013 6012 5991
f 6013 5991 6005
f 6005 5991 5995
f 6007 6014 6008
f 6008 6014 6015
f 6008 6015 6010
f 6010 6015 6016
f 6010 6016 6012
f 6012 6016 5993
f 6012 5993 5991
f 6015 6014 6017
f 6017 6014 5994
f 6017 5994 5993
f 6006 5987 6018
f 6018 5987 5984
f 6018 5984 6019
f 6019 5984 6020
f 6019 6020 6021
f 6021 6020 6022
f 6021 6022 6023
f 6023 6022 6024
f 6023 6024 6025
f 6025 6024 6026
f 6025 6026 6027
f 6027 6026 6028
f 6027 6028 6029
f 6029 6028 6030
f 6029 6030 5517
f 5517 6030 5515
f 5515 6030 6031
f 5515 6031 6032
f 6032 6031 6033
f 6032 6033 6034
f 6034 6033 6022
f 6034 6022 6020
f 5984 5983 6020
f 6020 5983 6034
f 5983 5982 6034
f 6034 5982 6032
f 5982 5516 6032
f 6032 5516 5515
f 5517 5522 6029
f 6029 5522 5524
f 6029 5524 6027
f 6027 6035 6025
f 6025 6035 6036
f 6025 6036 6023
f 6023 6036 6037
f 6023 6037 6021
f 6021 6037 6038
f 6021 6038 6019
f 6019 6038 6018
f 6036 6035 6039
f 6039 6035 6040
f 6039 6040 6041
f 6041 6040 6042
f 6041 6042 6043
f 6043 6042 6002
f 6043 6002 6004
f 6042 6040 6000
f 6000 6040 5998
f 6001 5999 6009
f 6009 5999 5997
f 6002 6042 6000
f 6037 6036 6039
f 6039 6041 6044
f 6044 6041 6043
f 6044 6043 6045
f 6045 6043 6004
f 6045 6004 6006
f 6028 6026 6046
f 6046 6026 6024
f 6046 6024 6033
f 6033 6024 6022
f 6003 6001 6011
f 6011 6001 6009
f 6038 6037 6044
f 6044 6037 6039
f 6038 6044 6045
f 6031 6030 6046
f 6046 6030 6028
f 6031 6046 6033
f 5993 6016 6017
f 6017 6016 6015
f 6003 6011 6013
f 6013 6005 6003
f 6038 6045 6018
f 6018 6045 6006
f 6047 5994 4035
f 4035 5994 5998
f 4035 5998 4033
f 6014 6007 5994
f 5994 6007 5996
f 5994 5996 5998
f 4280 5986 4278
f 4278 5986 6048
f 6048 5986 5989
f 6048 5989 6049
f 6049 5989 5990
f 6049 5990 6050
f 6050 5990 5992
f 6050 5992 6051
f 6051 5992 5994
f 6051 5994 6047
f 4283 4275 6052
f 6052 4275 6053
f 6052 6053 6054
f 6054 6053 6055
f 6054 6055 6056
f 6056 6055 6057
f 6056 6057 6058
f 6058 6057 6059
f 6058 6059 6060
f 6053 4275 6061
f 6061 4275 4274
f 6061 4274 6062
f 6062 4274 4272
f 6062 4272 6063
f 6063 4272 4269
f 6063 4269 6064
f 6064 4269 4267
f 6064 4267 6065
f 6065 4267 4276
f 6065 4276 6066
f 6066 4276 6048
f 6066 6048 6049
f 4276 4278 6048
f 6066 6049 6067
f 6067 6049 6050
f 6067 6050 6068
f 6068 6050 6051
f 6068 6051 6069
f 6069 6051 6047
f 6068 6069 6070
f 6070 6069 6071
f 6070 6071 6072
f 6072 6071 6073
f 6072 6073 6074
f 6074 6073 6075
f 6074 6075 6076
f 6076 6075 6077
f 6076 6077 6061
f 6061 6077 6053
f 6073 6078 6075
f 6075 6078 6079
f 6075 6079 6077
f 6077 6079 6055
f 6077 6055 6053
f 6078 6059 6079
f 6079 6059 6057
f 6079 6057 6055
f 6061 6062 6076
f 6076 6062 6080
f 6076 6080 6074
f 6074 6080 6072
f 6062 6063 6080
f 6080 6063 6081
f 6080 6081 6072
f 6072 6081 6070
f 6063 6064 6081
f 6081 6064 6082
f 6081 6082 6070
f 6070 6082 6068
f 6064 6065 6082
f 6082 6065 6067
f 6082 6067 6068
f 6066 6067 6065
f 6060 6083 6058
f 6058 6083 6084
f 6058 6084 6056
f 6056 6084 6085
f 6056 6085 6054
f 6054 6085 6086
f 6054 6086 6052
f 6052 6086 6087
f 6052 6087 4283
f 4283 6087 4285
f 6060 4032 6083
f 6083 4032 6088
f 6083 6088 6089
f 4032 4031 6088
f 6089 6090 6083
f 6083 6090 6091
f 4745 6092 4747
f 4747 6092 6093
f 4747 6093 6094
f 6094 6093 6095
f 6094 6095 6096
f 6096 6095 6097
f 6096 6097 6098
f 6098 6097 6099
f 6098 6099 6100
f 6100 6099 6101
f 6100 6101 6102
f 4745 4743 6092
f 6092 4743 6103
f 6092 6103 6104
f 6104 6103 6105
f 6104 6105 6106
f 6106 6105 6107
f 6106 6107 6108
f 6108 6107 6109
f 6108 6109 6099
f 6099 6109 6101
f 4743 4744 6103
f 6103 4744 6110
f 6103 6110 6105
f 6105 6110 6111
f 6105 6111 6107
f 6107 6111 6112
f 6107 6112 6109
f 6110 4744 6113
f 6113 4744 4742
f 6113 4742 6112
f 6100 6102 6114
f 6114 6102 6115
f 6114 6115 6116
f 6116 6115 6117
f 6116 6117 6118
f 6118 6117 6119
f 6118 6119 6120
f 6120 6119 6121
f 6120 6121 6122
f 6122 6121 6123
f 6122 6123 6124
f 6124 6123 6125
f 6124 6125 6126
f 6126 6125 6127
f 6126 6127 6090
f 6090 6127 6091
f 6091 6127 6128
f 6091 6128 6129
f 6129 6128 6130
f 6129 6130 6131
f 6131 6130 6119
f 6131 6119 6117
f 6115 6132 6117
f 6117 6132 6131
f 6132 6133 6131
f 6131 6133 6129
f 6133 6083 6129
f 6129 6083 6091
f 6090 6089 6126
f 6126 6089 6088
f 6126 6088 6124
f 6124 6134 6122
f 6122 6134 6135
f 6122 6135 6120
f 6120 6135 6136
f 6120 6136 6118
f 6118 6136 6137
f 6118 6137 6116
f 6116 6137 6114
f 6135 6134 6138
f 6138 6134 6139
f 6138 6139 6140
f 6140 6139 6141
f 6140 6141 6142
f 6142 6141 6096
f 6142 6096 6098
f 6141 6139 6094
f 6094 6139 4747
f 6095 6093 6104
f 6104 6093 6092
f 6096 6141 6094
f 6136 6135 6138
f 6138 6140 6143
f 6143 6140 6142
f 6143 6142 6144
f 6144 6142 6098
f 6144 6098 6100
f 6125 6123 6145
f 6145 6123 6121
f 6145 6121 6130
f 6130 6121 6119
f 6097 6095 6106
f 6106 6095 6104
f 6137 6136 6143
f 6143 6136 6138
f 6137 6143 6144
f 6128 6127 6145
f 6145 6127 6125
f 6128 6145 6130
f 6112 6111 6113
f 6113 6111 6110
f 6097 6106 6108
f 6108 6099 6097
f 6137 6144 6114
f 6114 6144 6100
f 3987 4747 3988
f 3988 4747 6139
f 3988 6139 3989
f 3989 6139 6134
f 3989 6134 4030
f 4030 6134 6124
f 4030 6124 4031
f 4031 6124 6088
f 6083 6133 6084
f 6084 6133 6132
f 6084 6132 6085
f 6085 6132 6115
f 6085 6115 6086
f 6086 6115 6146
f 6086 6146 6087
f 6087 6146 6147
f 6087 6147 4285
f 6115 6102 6146
f 6146 6102 6148
f 6146 6148 6149
f 6149 6148 6150
f 6150 6148 6109
f 6150 6109 6151
f 6151 6109 6112
f 6151 6112 4742
f 6102 6101 6148
f 6148 6101 6109
f 6149 6147 6146
f 4287 4285 6152
f 6152 4285 6153
f 6152 6153 6154
f 6154 6153 6155
f 6154 6155 6156
f 6156 6155 6157
f 6156 6157 6158
f 6158 6157 4740
f 4740 6157 6159
f 4740 6159 6160
f 6160 6159 6161
f 6160 6161 6150
f 6150 6161 6149
f 6149 6161 6162
f 6149 6162 6147
f 6147 6162 4285
f 4285 6162 6163
f 4285 6163 6153
f 6153 6163 6155
f 6150 6151 6160
f 6160 6151 4740
f 6151 4742 4740
f 6163 6162 6164
f 6164 6162 6161
f 6164 6161 6159
f 6157 6155 6164
f 6164 6155 6163
f 6157 6164 6159
f 4740 6165 6158
f 6158 6165 6166
f 6158 6166 6156
f 6156 6166 6167
f 6156 6167 6154
f 6154 6167 6168
f 6154 6168 6152
f 6152 6168 6169
f 6152 6169 4287
f 6167 6170 6168
f 6168 6170 6171
f 6168 6171 6172
f 6172 6171 6173
f 6173 6171 6174
f 6173 6174 6175
f 6175 6174 6176
f 6175 6176 6177
f 6170 6178 6171
f 6171 6178 6174
f 6172 6169 6168
f 6179 6180 6181
f 6181 6180 6182
f 6181 6182 6183
f 6183 6182 6184
f 6183 6184 6185
f 6185 6184 6186
f 6185 6186 6187
f 6187 6186 6188
f 6187 6188 6189
f 6189 6188 6178
f 6189 6178 6170
f 6179 6190 6180
f 6180 6190 6191
f 6180 6191 6192
f 6192 6191 6193
f 6192 6193 6194
f 6194 6193 6195
f 6194 6195 6196
f 6196 6195 6174
f 6196 6174 6188
f 6188 6174 6178
f 6190 6197 6191
f 6191 6197 6198
f 6191 6198 6193
f 6193 6198 6199
f 6193 6199 6195
f 6195 6199 6176
f 6195 6176 6174
f 6198 6197 6200
f 6200 6197 6177
f 6200 6177 6176
f 6189 6170 6201
f 6201 6170 6167
f 6201 6167 6202
f 6202 6167 6203
f 6202 6203 6204
f 6204 6203 6205
f 6204 6205 6206
f 6206 6205 6207
f 6206 6207 6208
f 6208 6207 6209
f 6208 6209 6210
f 6210 6209 6211
f 6210 6211 6212
f 6212 6211 6213
f 6212 6213 4741
f 4741 6213 4739
f 4739 6213 6214
f 4739 6214 6215
f 6215 6214 6216
f 6215 6216 6217
f 6217 6216 6205
f 6217 6205 6203
f 6167 6166 6203
f 6203 6166 6217
f 6166 6165 6217
f 6217 6165 6215
f 6165 4740 6215
f 6215 4740 4739
f 4741 4746 6212
f 6212 4746 4748
f 6212 4748 6210
f 6210 6218 6208
f 6208 6218 6219
f 6208 6219 6206
f 6206 6219 6220
f 6206 6220 6204
f 6204 6220 6221
f 6204 6221 6202
f 6202 6221 6201
f 6219 6218 6222
f 6222 6218 6223
f 6222 6223 6224
f 6224 6223 6225
f 6224 6225 6226
f 6226 6225 6185
f 6226 6185 6187
f 6225 6223 6183
f 6183 6223 6181
f 6184 6182 6192
f 6192 6182 6180
f 6185 6225 6183
f 6220 6219 6222
f 6222 6224 6227
f 6227 6224 6226
f 6227 6226 6228
f 6228 6226 6187
f 6228 6187 6189
f 6211 6209 6229
f 6229 6209 6207
f 6229 6207 6216
f 6216 6207 6205
f 6186 6184 6194
f 6194 6184 6192
f 6221 6220 6227
f 6227 6220 6222
f 6221 6227 6228
f 6214 6213 6229
f 6229 6213 6211
f 6214 6229 6216
f 6176 6199 6200
f 6200 6199 6198
f 6186 6194 6196
f 6196 6188 6186
f 6221 6228 6201
f 6201 6228 6189
f 6230 6177 4015
f 4015 6177 6181
f 4015 6181 4014
f 6197 6190 6177
f 6177 6190 6179
f 6177 6179 6181
f 4287 6169 4289
f 4289 6169 6231
f 6231 6169 6172
f 6231 6172 6232
f 6232 6172 6173
f 6232 6173 6233
f 6233 6173 6175
f 6233 6175 6234
f 6234 6175 6177
f 6234 6177 6230
f 4302 4300 6235
f 6235 4300 6236
f 6235 6236 6237
f 6237 6236 6238
f 6237 6238 6239
f 6239 6238 6240
f 6239 6240 6241
f 6241 6240 6242
f 6241 6242 6243
f 6236 4300 6244
f 6244 4300 4298
f 6244 4298 6245
f 6245 4298 4296
f 6245 4296 6246
f 6246 4296 4295
f 6246 4295 6247
f 6247 4295 4293
f 6247 4293 6248
f 6248 4293 4291
f 6248 4291 6231
f 6231 4291 4289
f 6231 6232 6248
f 6248 6232 6249
f 6248 6249 6247
f 6247 6249 6250
f 6247 6250 6246
f 6246 6250 6251
f 6246 6251 6245
f 6245 6251 6252
f 6245 6252 6244
f 6244 6252 6253
f 6244 6253 6236
f 6236 6253 6238
f 6232 6233 6249
f 6249 6233 6254
f 6249 6254 6250
f 6250 6254 6255
f 6250 6255 6251
f 6251 6255 6256
f 6251 6256 6252
f 6252 6256 6257
f 6252 6257 6253
f 6253 6257 6258
f 6253 6258 6238
f 6238 6258 6240
f 6233 6234 6254
f 6254 6234 6230
f 6254 6230 6259
f 6254 6259 6255
f 6255 6259 6260
f 6255 6260 6256
f 6256 6260 6261
f 6256 6261 6257
f 6257 6261 6258
f 6261 6242 6258
f 6258 6242 6240
f 6262 6263 6264
f 6264 6263 6265
f 6264 6265 6266
f 6266 6265 6267
f 6266 6267 6268
f 6268 6267 6269
f 6268 6269 6270
f 6270 6269 6271
f 6270 6271 6272
f 6272 6271 6273
f 6272 6273 6239
f 6239 6273 6237
f 6237 6273 6274
f 6237 6274 6275
f 6275 6274 6276
f 6275 6276 6277
f 6277 6276 6278
f 6277 6278 6279
f 6279 6278 6280
f 6280 6278 6281
f 6281 6278 6282
f 6282 6278 6283
f 6282 6283 6284
f 6284 6283 6285
f 6284 6285 6271
f 6271 6285 6273
f 6267 6286 6269
f 6269 6286 6284
f 6269 6284 6271
f 6286 6282 6284
f 6279 6287 6277
f 6277 6287 6288
f 6277 6288 6275
f 6275 6288 6235
f 6275 6235 6237
f 6287 4302 6288
f 6288 4302 6235
f 6272 6239 6289
f 6289 6239 6241
f 6289 6241 6290
f 6290 6241 6243
f 6290 6243 6291
f 6290 6291 6292
f 6292 6291 6293
f 6292 6293 6264
f 6264 6293 6262
f 6285 6283 6276
f 6276 6283 6278
f 6292 6264 6266
f 6266 6268 6294
f 6294 6268 6270
f 6294 6270 6289
f 6289 6270 6272
f 6273 6285 6274
f 6274 6285 6276
f 6290 6292 6294
f 6294 6292 6266
f 6290 6294 6289
f 6265 6263 6295
f 6295 6263 6296
f 6295 6296 6297
f 6297 6296 6298
f 6297 6298 6299
f 6299 6298 6300
f 6299 6300 6301
f 6301 6300 6302
f 6301 6302 6303
f 6303 6302 4026
f 6303 4026 4025
f 6298 6304 6300
f 6300 6304 6302
f 4016 4027 6304
f 6304 4027 6302
f 4027 4026 6302
f 6303 4025 6305
f 6305 4025 4024
f 6305 4024 6306
f 6306 4024 4023
f 6306 6307 6305
f 6305 6307 6308
f 6305 6308 6303
f 6303 6308 6301
f 6308 6307 6309
f 6309 6307 6310
f 6309 6310 6311
f 6311 6310 6312
f 6311 6312 6313
f 6281 6282 6313
f 6313 6282 6314
f 6313 6314 6311
f 6311 6314 6315
f 6311 6315 6309
f 6309 6315 6316
f 6309 6316 6308
f 6308 6316 6301
f 6282 6286 6314
f 6314 6286 6317
f 6314 6317 6315
f 6315 6317 6297
f 6315 6297 6316
f 6316 6297 6299
f 6316 6299 6301
f 6286 6267 6317
f 6317 6267 6295
f 6317 6295 6297
f 6267 6265 6295
f 4016 6304 4019
f 4019 6304 6298
f 4019 6298 6296
f 6296 6263 4019
f 6242 4022 6243
f 6243 4022 4019
f 6243 4019 6291
f 6291 4019 6293
f 6293 4019 6262
f 6262 4019 6263
f 4022 6242 4021
f 4021 6242 6261
f 4021 6261 4020
f 4020 6261 6260
f 4020 6260 4018
f 4018 6260 6259
f 4018 6259 4017
f 4017 6259 6230
f 4017 6230 4015
f 4023 4073 6306
f 6306 4073 6318
f 6306 6318 6307
f 6307 6318 6319
f 6307 6319 6310
f 6310 6319 6320
f 6310 6320 6312
f 6312 6320 6321
f 6312 6321 6313
f 6313 6321 6322
f 6313 6322 6281
f 6281 6322 6323
f 6281 6323 6280
f 6280 6323 6324
f 6280 6324 6279
f 6279 6324 6287
f 6287 6324 4236
f 6287 4236 4302
f 6323 6322 6325
f 6325 6322 6326
f 6325 6326 6327
f 6327 6326 6328
f 6327 6328 6329
f 6329 6328 6330
f 6329 6330 6331
f 6331 6330 6332
f 6332 6330 6333
f 6333 6330 6334
f 6333 6334 6335
f 6335 6334 6336
f 6335 6336 6337
f 6337 6336 6338
f 6337 6338 6339
f 6339 6338 6340
f 6339 6340 4070
f 4070 6340 4071
f 4071 6340 6341
f 4071 6341 4072
f 4072 6341 6318
f 4072 6318 4073
f 6326 6322 6342
f 6342 6322 6321
f 6342 6321 6320
f 6342 6320 6343
f 6343 6320 6319
f 6343 6319 6344
f 6344 6319 6341
f 6344 6341 6340
f 6319 6318 6341
f 4070 4063 6339
f 6339 4063 4062
f 6339 4062 6345
f 6339 6345 6337
f 6337 6345 6335
f 6334 6330 6328
f 6328 6326 6346
f 6346 6326 6342
f 6346 6342 6343
f 6328 6346 6334
f 6334 6346 6347
f 6334 6347 6336
f 6336 6347 6338
f 6347 6346 6343
f 6338 6347 6344
f 6344 6347 6343
f 6340 6338 6344
f 4524 6348 4525
f 4525 6348 6349
f 4525 6349 6350
f 6350 6349 6351
f 6350 6351 6352
f 6352 6351 6353
f 6352 6353 6354
f 6354 6353 6355
f 6354 6355 6356
f 6356 6355 6357
f 6356 6357 6358
f 6358 6357 6359
f 6358 6359 6360
f 6360 6359 6361
f 6360 6361 6362
f 6362 6361 6324
f 6362 6324 6323
f 6348 4524 6363
f 6363 4524 4521
f 6363 4521 6364
f 6364 4521 6365
f 6364 6365 6353
f 6353 6365 6355
f 4521 4517 6365
f 6365 4517 6366
f 6365 6366 6355
f 6355 6366 6357
f 6366 4517 6367
f 6367 4517 4511
f 6367 4511 6368
f 6368 4511 4236
f 6368 4236 6324
f 6323 6325 6362
f 6362 6325 6360
f 6325 6327 6360
f 6360 6327 6358
f 6358 6327 6356
f 6356 6327 6329
f 6356 6329 6354
f 6354 6329 6352
f 6329 6331 6352
f 6352 6331 6350
f 6331 6332 6350
f 6350 6332 4525
f 6324 6361 6368
f 6368 6361 6359
f 6368 6359 6367
f 6367 6359 6357
f 6367 6357 6366
f 6349 6348 6363
f 6353 6351 6364
f 6364 6351 6363
f 6351 6349 6363
f 4061 4501 4064
f 4064 4501 4502
f 4064 4502 4065
f 4065 4502 4504
f 4065 4504 4067
f 4067 4504 4520
f 4067 4520 4068
f 4068 4520 4523
f 4068 4523 4069
f 4069 4523 4525
f 4069 4525 4066
f 4066 4525 6332
f 6332 6333 4066
f 4066 6333 6335
f 4066 6335 6345
f 6345 4062 4066
f 4014 6181 4010
f 4010 6181 6223
f 4010 6223 4011
f 4011 6223 6218
f 4011 6218 4007
f 4007 6218 6210
f 4007 6210 4008
f 4008 6210 4748
f 4032 6060 4034
f 4034 6060 6059
f 4034 6059 4036
f 4036 6059 6078
f 4036 6078 4037
f 4037 6078 6073
f 4037 6073 4038
f 4038 6073 6071
f 4038 6071 4039
f 4039 6071 6069
f 4039 6069 4035
f 4035 6069 6047
f 4033 5998 4040
f 4040 5998 6040
f 4040 6040 4041
f 4041 6040 6035
f 4041 6035 4042
f 4042 6035 6027
f 4042 6027 4043
f 4043 6027 5524
f 6369 6370 6371
f 6371 6370 6372
f 6371 6372 6373
f 6373 6372 6374
f 6373 6374 6375
f 6375 6374 6376
f 6375 6376 6377
f 6377 6376 5979
f 6377 5979 4281
f 6374 6378 6376
f 6376 6378 6379
f 6376 6379 5980
f 5980 6379 5981
f 5981 6379 6380
f 5981 6380 5978
f 5978 6380 6381
f 5978 6381 5518
f 6378 6382 6379
f 6379 6382 6380
f 5980 5979 6376
f 5521 6383 5523
f 5523 6383 6384
f 5523 6384 6385
f 6385 6384 6386
f 6385 6386 6387
f 6387 6386 6388
f 6387 6388 6389
f 6389 6388 6390
f 6389 6390 6391
f 6391 6390 6382
f 6391 6382 6378
f 5521 5519 6383
f 6383 5519 6392
f 6383 6392 6393
f 6393 6392 6394
f 6393 6394 6395
f 6395 6394 6396
f 6395 6396 6397
f 6397 6396 6380
f 6397 6380 6390
f 6390 6380 6382
f 5519 5520 6392
f 6392 5520 6398
f 6392 6398 6394
f 6394 6398 6399
f 6394 6399 6396
f 6396 6399 6381
f 6396 6381 6380
f 6398 5520 6400
f 6400 5520 5518
f 6400 5518 6381
f 6391 6378 6401
f 6401 6378 6374
f 6401 6374 6402
f 6402 6374 6403
f 6402 6403 6404
f 6404 6403 6405
f 6404 6405 6406
f 6406 6405 6407
f 6406 6407 6408
f 6408 6407 6409
f 6408 6409 6410
f 6410 6409 6411
f 6410 6411 6412
f 6412 6411 6413
f 6412 6413 6414
f 6414 6413 6415
f 6415 6413 6416
f 6415 6416 6417
f 6417 6416 6418
f 6417 6418 6419
f 6419 6418 6405
f 6419 6405 6403
f 6374 6372 6403
f 6403 6372 6419
f 6372 6370 6419
f 6419 6370 6417
f 6370 6369 6417
f 6417 6369 6415
f 6414 6420 6412
f 6412 6420 6421
f 6412 6421 6410
f 6410 6422 6408
f 6408 6422 6423
f 6408 6423 6406
f 6406 6423 6424
f 6406 6424 6404
f 6404 6424 6425
f 6404 6425 6402
f 6402 6425 6401
f 6423 6422 6426
f 6426 6422 6427
f 6426 6427 6428
f 6428 6427 6429
f 6428 6429 6430
f 6430 6429 6387
f 6430 6387 6389
f 6429 6427 6385
f 6385 6427 5523
f 6386 6384 6393
f 6393 6384 6383
f 6387 6429 6385
f 6424 6423 6426
f 6426 6428 6431
f 6431 6428 6430
f 6431 6430 6432
f 6432 6430 6389
f 6432 6389 6391
f 6411 6409 6433
f 6433 6409 6407
f 6433 6407 6418
f 6418 6407 6405
f 6388 6386 6395
f 6395 6386 6393
f 6425 6424 6431
f 6431 6424 6426
f 6425 6431 6432
f 6416 6413 6433
f 6433 6413 6411
f 6416 6433 6418
f 6381 6399 6400
f 6400 6399 6398
f 6388 6395 6397
f 6397 6390 6388
f 6425 6432 6401
f 6401 6432 6391
f 3984 5523 3985
f 3985 5523 6427
f 3985 6427 3986
f 3986 6427 6422
f 3986 6422 4044
f 4044 6422 6410
f 4044 6410 4045
f 4045 6410 6421
f 6434 4048 6369
f 6369 4048 6421
f 6369 6421 6420
f 4048 4045 6421
f 6420 6414 6369
f 6369 6414 6415
f 6434 6369 6435
f 6435 6369 6371
f 6435 6371 6436
f 6436 6371 6373
f 6436 6373 6437
f 6437 6373 6375
f 6437 6375 6438
f 6438 6375 6377
f 6438 6377 4279
f 4279 6377 4281
f 4279 4277 6438
f 6438 4277 6439
f 6438 6439 6437
f 6437 6439 6440
f 6437 6440 6436
f 6436 6440 6441
f 6436 6441 6435
f 6435 6441 6442
f 6435 6442 6434
f 6439 4277 6443
f 6443 4277 4265
f 6443 4265 6444
f 6444 4265 4262
f 6444 4262 6445
f 6445 4262 4260
f 6445 4260 6446
f 6446 4260 4259
f 6446 4259 6447
f 6447 4259 4257
f 6447 4257 6448
f 6448 4257 6449
f 6448 6449 6450
f 4257 4255 6449
f 6448 6450 6451
f 6451 6450 6452
f 6451 6452 6453
f 6453 6452 6454
f 6453 6454 6455
f 6455 6454 6456
f 6453 6455 6457
f 6457 6455 6458
f 6457 6458 6459
f 6459 6458 6460
f 6459 6460 6461
f 6461 6460 6462
f 6461 6462 6463
f 6463 6462 6464
f 6463 6464 6443
f 6443 6464 6439
f 6460 6465 6462
f 6462 6465 6466
f 6462 6466 6464
f 6464 6466 6440
f 6464 6440 6439
f 6465 6442 6466
f 6466 6442 6441
f 6466 6441 6440
f 6443 6444 6463
f 6463 6444 6467
f 6463 6467 6461
f 6461 6467 6459
f 6444 6445 6467
f 6467 6445 6468
f 6467 6468 6459
f 6459 6468 6457
f 6445 6446 6468
f 6468 6446 6469
f 6468 6469 6457
f 6457 6469 6453
f 6446 6447 6469
f 6469 6447 6451
f 6469 6451 6453
f 6448 6451 6447
f 4048 6434 4052
f 4052 6434 6442
f 4052 6442 4051
f 4051 6442 6465
f 4051 6465 4050
f 4050 6465 6460
f 4050 6460 4049
f 4049 6460 6458
f 4049 6458 4047
f 4047 6458 6455
f 4047 6455 4046
f 4046 6455 6456
f 6456 6470 4046
f 4046 6470 6471
f 4046 6471 4053
f 6472 6473 6470
f 6470 6473 6474
f 6470 6474 6471
f 4253 6475 4255
f 4255 6475 6449
f 6449 6475 6476
f 6449 6476 6450
f 6450 6476 6477
f 6450 6477 6452
f 6452 6477 6478
f 6452 6478 6454
f 6454 6478 6470
f 6454 6470 6456
f 4606 6479 6480
f 6480 6479 6481
f 6480 6481 6482
f 6482 6481 6483
f 6482 6483 6484
f 6484 6483 6485
f 6484 6485 6486
f 6486 6485 6475
f 6486 6475 4253
f 6483 6487 6485
f 6485 6487 6488
f 6485 6488 6476
f 6476 6488 6477
f 6477 6488 6489
f 6477 6489 6478
f 6478 6489 6490
f 6478 6490 6470
f 6487 6491 6488
f 6488 6491 6489
f 6476 6475 6485
f 6474 6492 6471
f 6471 6492 6493
f 6471 6493 6494
f 6494 6493 6495
f 6494 6495 6496
f 6496 6495 6497
f 6496 6497 6498
f 6498 6497 6499
f 6498 6499 6500
f 6500 6499 6491
f 6500 6491 6487
f 6474 6473 6492
f 6492 6473 6501
f 6492 6501 6502
f 6502 6501 6503
f 6502 6503 6504
f 6504 6503 6505
f 6504 6505 6506
f 6506 6505 6489
f 6506 6489 6499
f 6499 6489 6491
f 6473 6472 6501
f 6501 6472 6507
f 6501 6507 6503
f 6503 6507 6508
f 6503 6508 6505
f 6505 6508 6490
f 6505 6490 6489
f 6507 6472 6509
f 6509 6472 6470
f 6509 6470 6490
f 6500 6487 6510
f 6510 6487 6483
f 6510 6483 6511
f 6511 6483 6512
f 6511 6512 6513
f 6513 6512 6514
f 6513 6514 6515
f 6515 6514 6516
f 6515 6516 6517
f 6517 6516 6518
f 6517 6518 6519
f 6519 6518 6520
f 6519 6520 6521
f 6521 6520 6522
f 6521 6522 4607
f 4607 6522 4605
f 4605 6522 6523
f 4605 6523 6524
f 6524 6523 6525
f 6524 6525 6526
f 6526 6525 6514
f 6526 6514 6512
f 6483 6481 6512
f 6512 6481 6526
f 6481 6479 6526
f 6526 6479 6524
f 6479 4606 6524
f 6524 4606 4605
f 4607 4608 6521
f 6521 4608 4609
f 6521 4609 6519
f 6519 6527 6517
f 6517 6527 6528
f 6517 6528 6515
f 6515 6528 6529
f 6515 6529 6513
f 6513 6529 6530
f 6513 6530 6511
f 6511 6530 6510
f 6528 6527 6531
f 6531 6527 6532
f 6531 6532 6533
f 6533 6532 6534
f 6533 6534 6535
f 6535 6534 6496
f 6535 6496 6498
f 6534 6532 6494
f 6494 6532 6471
f 6495 6493 6502
f 6502 6493 6492
f 6496 6534 6494
f 6529 6528 6531
f 6531 6533 6536
f 6536 6533 6535
f 6536 6535 6537
f 6537 6535 6498
f 6537 6498 6500
f 6520 6518 6538
f 6538 6518 6516
f 6538 6516 6525
f 6525 6516 6514
f 6497 6495 6504
f 6504 6495 6502
f 6530 6529 6536
f 6536 6529 6531
f 6530 6536 6537
f 6523 6522 6538
f 6538 6522 6520
f 6523 6538 6525
f 6490 6508 6509
f 6509 6508 6507
f 6497 6504 6506
f 6506 6499 6497
f 6530 6537 6510
f 6510 6537 6500
f 4053 6471 4054
f 4054 6471 6532
f 4054 6532 4055
f 4055 6532 6527
f 4055 6527 4056
f 4056 6527 6519
f 4056 6519 3973
f 3973 6519 4609
f 4253 4251 6486
f 6486 4251 6539
f 6486 6539 6484
f 6484 6539 6540
f 6484 6540 6482
f 6482 6540 6541
f 6482 6541 6480
f 6480 6541 4606
f 4606 6541 6542
f 4606 6542 6543
f 6543 6542 6544
f 6543 6544 6545
f 6545 6544 6546
f 6546 6544 6547
f 6546 6547 6548
f 6548 6547 4251
f 4251 6547 6549
f 4251 6549 6539
f 6539 6549 6540
f 6545 6550 6543
f 6543 6550 4606
f 6550 4561 4606
f 6549 6547 6551
f 6551 6547 6544
f 6551 6544 6542
f 6541 6540 6551
f 6551 6540 6549
f 6541 6551 6542
f 4526 4581 4527
f 4527 4581 4580
f 4527 4580 4528
f 4528 4580 4563
f 4528 4563 4529
f 4529 4563 6552
f 4529 6552 4530
f 4530 6552 6548
f 4530 6548 4251
f 4563 4547 6552
f 6552 4547 6553
f 6552 6553 6546
f 6546 6553 6545
f 6545 6553 4555
f 6545 4555 6550
f 6550 4555 4559
f 6550 4559 4561
f 4547 4546 6553
f 6553 4546 4555
f 6546 6548 6552
f 4772 5231 4783
f 4783 5231 5345
f 4784 5344 4785
f 4785 5344 5235
f 5489 3981 5487
f 5487 3981 4060
f 5487 4060 5492
f 5492 4060 4059
f 5492 4059 4803
f 4803 4059 4058
f 5414 4075 5416
f 5416 4075 5490
f 5416 5490 5219
f 4075 3981 5490
f 5490 3981 5489
f 5219 5220 5416
f 5291 4081 5408
f 5408 4081 4080
f 5408 4080 5413
f 5413 4080 4079
f 5413 4079 5414
f 5414 4079 4075
f 5220 5218 5416
f 5416 5218 5418
f 5218 4640 5418
f 5418 4640 5422
f 5422 4640 5480
f 5216 5282 4638
f 4638 5282 5422
f 4638 5422 5480
f 4642 5219 4646
f 4646 5219 5490
f 4780 5481 4778
f 4778 5481 5229
f 5249 5253 5340
f 5340 5253 5499
f 5251 6554 5253
f 5253 6554 6555
f 5253 6555 5244
f 5244 6555 5245
f 5500 5499 5244
f 5244 5499 5253
f 5244 5246 5500
f 5500 5246 5341
f 4788 5245 4765
f 4765 5245 6555
f 4612 6556 4616
f 4616 6556 6557
f 4616 6557 6558
f 6558 6557 6559
f 6558 6559 6560
f 6560 6559 4625
f 4625 6559 6561
f 4625 6561 4626
f 4626 6561 6562
f 6562 6561 6563
f 6563 6561 6556
f 6563 6556 4612
f 6554 4751 6564
f 6564 4751 4758
f 6564 4758 6565
f 6565 4758 6566
f 6565 6566 6567
f 6567 6566 6568
f 6567 6568 4766
f 6567 4766 6569
f 6569 4766 4765
f 6569 4765 6555
f 6555 6554 6569
f 6569 6554 6564
f 4616 6558 4620
f 4620 6558 6570
f 4761 6571 4759
f 4759 6571 6572
f 4620 6570 4622
f 4622 6570 6573
f 6566 4758 6572
f 6572 4758 4759
f 6568 6566 6571
f 6571 6566 6572
f 4766 6568 4761
f 4761 6568 6571
f 6560 4625 6573
f 6573 4625 4622
f 6558 6560 6570
f 6570 6560 6573
f 4626 6562 4627
f 4627 6562 5240
f 5255 5258 6563
f 6563 5258 6562
f 6562 5258 5243
f 6562 5243 5240
f 5501 5502 5258
f 5258 5502 5243
f 4615 5255 4612
f 4612 5255 6563
f 5502 5286 5243
f 5243 5286 5242
f 5258 5257 5501
f 5501 5257 5285
f 5251 4749 6554
f 6554 4749 4751
f 6559 6557 6574
f 6574 6557 6575
f 6561 6559 6576
f 6576 6559 6574
f 6556 6561 6577
f 6577 6561 6576
f 6557 6556 6575
f 6575 6556 6577
f 6575 6577 6574
f 6574 6577 6576
f 6578 6579 6580
f 6580 6579 6581
f 6567 6569 6578
f 6578 6569 6579
f 6565 6567 6580
f 6580 6567 6578
f 6564 6565 6581
f 6581 6565 6580
f 6569 6564 6579
f 6579 6564 6581
f 5237 5236 5468
f 5468 5236 5472
f 5472 5236 5477
f 5203 5237 5202
f 5202 5237 5468
f 5271 5457 5272
f 5272 5457 5472
f 5272 5472 5477
f 5186 5457 5187
f 5187 5457 5271
f 5259 5269 5444
f 5444 5269 5448
f 5448 5269 5478
f 5209 5259 5208
f 5208 5259 5444
f 5224 5451 5226
f 5226 5451 5448
f 5226 5448 5478
f 5196 5451 5199
f 5199 5451 5224
f 5221 4629 5392
f 5392 4629 5396
f 5396 4629 5479
f 5223 5221 5288
f 5288 5221 5392
f 5239 5400 4628
f 4628 5400 5396
f 4628 5396 5479
f 5287 5400 5241
f 5241 5400 5239
f 3950 5375 3951
f 3951 5375 5374
f 3951 5374 3946
f 3946 5374 5380
f 3946 5380 3947
f 3947 5380 5379
f 3947 5379 3948
f 3948 5379 5378
f 3948 5378 3942
f 3942 5378 5383
f 3942 5383 3944
f 3944 5383 5382
f 3944 5382 3945
f 3945 5382 5386
f 3945 5386 3958
f 3958 5386 5385
f 3958 5385 3955
f 3955 5385 5384
f 3955 5384 3956
f 3956 5384 5388
f 3956 5388 3957
f 3957 5388 5372
f 3957 5372 3959
f 3959 5372 5371
f 3959 5371 3953
f 3953 5371 5370
f 3953 5370 3952
f 3952 5370 5387
f 3952 5387 3949
f 3949 5387 5376
f 3949 5376 3950
f 3950 5376 5375
f 3815 6582 2877
f 2877 6582 6583
f 2877 6583 2878
f 2878 6583 6584
f 2878 6584 2881
f 2881 6584 6585
f 2881 6585 2883
f 2883 6585 6586
f 2883 6586 2885
f 2885 6586 6587
f 2885 6587 2886
f 2886 6587 6588
f 2886 6588 6589
f 6589 6588 5465
f 6589 5465 5466
f 6582 3815 6590
f 6590 3815 3816
f 6590 3816 6591
f 6591 3816 3817
f 6591 3817 6592
f 6592 3817 3818
f 6592 3818 6593
f 6593 3818 3819
f 6593 3819 3820
f 6593 3820 6594
f 6594 3820 3821
f 6594 3821 6595
f 6595 3821 2892
f 6595 2892 6596
f 6596 2892 2890
f 6596 2890 6597
f 6597 2890 2888
f 6597 2888 6589
f 6589 2888 2886
f 5469 6596 5467
f 5467 6596 6597
f 5467 6597 5466
f 5466 6597 6589
f 6596 5469 6595
f 6595 5469 5470
f 6595 5470 6594
f 6594 5470 5471
f 6594 5471 6593
f 6593 5471 6592
f 5471 5473 6592
f 6592 5473 6591
f 5473 5474 6591
f 6591 5474 6590
f 5474 5459 6590
f 6590 5459 6582
f 5459 5458 6582
f 6582 5458 6583
f 5458 5456 6583
f 6583 5456 6584
f 5456 5460 6584
f 6584 5460 6585
f 5460 5461 6585
f 6585 5461 6586
f 5461 5462 6586
f 6586 5462 6587
f 5462 5463 6587
f 6587 5463 6588
f 5463 5464 6588
f 6588 5464 5465
f 4083 5411 4082
f 4082 5411 5410
f 4082 5410 4078
f 4078 5410 5409
f 4078 5409 4077
f 4077 5409 5412
f 4077 5412 4076
f 4076 5412 5415
f 4076 5415 4074
f 4074 5415 5417
f 4074 5417 3979
f 3979 5417 5419
f 3979 5419 3978
f 3978 5419 5420
f 3978 5420 3977
f 3977 5420 5421
f 3977 5421 3976
f 3976 5421 5423
f 3976 5423 3975
f 3975 5423 5424
f 3975 5424 4084
f 4084 5424 5425
f 4084 5425 4085
f 4085 5425 5426
f 4085 5426 3970
f 3970 5426 5427
f 3970 5427 3971
f 3971 5427 5428
f 3971 5428 3972
f 3972 5428 5429
f 3972 5429 4083
f 4083 5429 5411
f 3937 5404 3936
f 3936 5404 5403
f 3936 5403 3935
f 3935 5403 5406
f 3935 5406 3934
f 3934 5406 5391
f 3934 5391 3933
f 3933 5391 5390
f 3933 5390 3932
f 3932 5390 5389
f 3932 5389 3938
f 3938 5389 5407
f 3938 5407 3939
f 3939 5407 5395
f 3939 5395 3940
f 3940 5395 5394
f 3940 5394 3929
f 3929 5394 5393
f 3929 5393 3930
f 3930 5393 5399
f 3930 5399 3931
f 3931 5399 5398
f 3931 5398 3941
f 3941 5398 5397
f 3941 5397 3925
f 3925 5397 5402
f 3925 5402 3926
f 3926 5402 5401
f 3926 5401 3927
f 3927 5401 5405
f 3927 5405 3937
f 3937 5405 5404
f 3808 6598 2861
f 2861 6598 6599
f 2861 6599 2862
f 2862 6599 6600
f 2862 6600 2865
f 2865 6600 6601
f 2865 6601 2867
f 2867 6601 6602
f 2867 6602 2869
f 2869 6602 6603
f 2869 6603 2870
f 2870 6603 6604
f 2870 6604 6605
f 6605 6604 5441
f 6605 5441 5440
f 6598 3808 6606
f 6606 3808 3809
f 6606 3809 6607
f 6607 3809 3810
f 6607 3810 6608
f 6608 3810 3811
f 6608 3811 6609
f 6609 3811 3812
f 6609 3812 3813
f 6609 3813 6610
f 6610 3813 3814
f 6610 3814 6611
f 6611 3814 2876
f 6611 2876 6612
f 6612 2876 2874
f 6612 2874 6613
f 6613 2874 2872
f 6613 2872 6605
f 6605 2872 2870
f 5445 6612 5443
f 5443 6612 6613
f 5443 6613 5440
f 5440 6613 6605
f 6612 5445 6611
f 6611 5445 5446
f 6611 5446 6610
f 6610 5446 5447
f 6610 5447 6609
f 6609 5447 6608
f 5447 5449 6608
f 6608 5449 6607
f 5449 5450 6607
f 6607 5450 6606
f 5450 5452 6606
f 6606 5452 6598
f 5452 5453 6598
f 6598 5453 6599
f 5453 5454 6599
f 6599 5454 6600
f 5454 5455 6600
f 6600 5455 6601
f 5455 5439 6601
f 6601 5439 6602
f 5439 5438 6602
f 6602 5438 6603
f 5438 5437 6603
f 6603 5437 6604
f 5437 5442 6604
f 6604 5442 5441
f 3974 4537 3980
f 3980 4537 4587
f 3980 4587 3982
f 3982 4587 4582
f 3982 4582 3983
f 3983 4582 4572
f 3983 4572 4057
f 4057 4572 4531
f 3801 6614 2845
f 2845 6614 6615
f 2845 6615 2846
f 2846 6615 6616
f 2846 6616 2849
f 2849 6616 6617
f 2849 6617 2851
f 2851 6617 6618
f 2851 6618 2853
f 2853 6618 6619
f 2853 6619 2854
f 2854 6619 6620
f 2854 6620 6621
f 6621 6620 5312
f 6621 5312 5313
f 6614 3801 6622
f 6622 3801 3802
f 6622 3802 6623
f 6623 3802 3803
f 6623 3803 6624
f 6624 3803 3804
f 6624 3804 6625
f 6625 3804 3805
f 6625 3805 3806
f 6625 3806 6626
f 6626 3806 3807
f 6626 3807 6627
f 6627 3807 2860
f 6627 2860 6628
f 6628 2860 2858
f 6628 2858 6629
f 6629 2858 2856
f 6629 2856 6621
f 6621 2856 2854
f 5316 6628 5315
f 5315 6628 6629
f 5315 6629 5313
f 5313 6629 6621
f 6628 5316 6627
f 6627 5316 5296
f 6627 5296 6626
f 6626 5296 5295
f 6626 5295 6625
f 6625 5295 6624
f 5295 5293 6624
f 6624 5293 6623
f 5293 5299 6623
f 6623 5299 6622
f 5299 5298 6622
f 6622 5298 6614
f 5298 5302 6614
f 6614 5302 6615
f 5302 5301 6615
f 6615 5301 6616
f 5301 5303 6616
f 6616 5303 6617
f 5303 5306 6617
f 6617 5306 6618
f 5306 5308 6618
f 6618 5308 6619
f 5308 5309 6619
f 6619 5309 6620
f 5309 5311 6620
f 6620 5311 5312
f 3794 6630 2829
f 2829 6630 6631
f 2829 6631 2830
f 2830 6631 6632
f 2830 6632 2833
f 2833 6632 6633
f 2833 6633 2835
f 2835 6633 6634
f 2835 6634 2837
f 2837 6634 6635
f 2837 6635 2838
f 2838 6635 6636
f 2838 6636 6637
f 6637 6636 5323
f 6637 5323 5325
f 6630 3794 6638
f 6638 3794 3795
f 6638 3795 6639
f 6639 3795 3796
f 6639 3796 6640
f 6640 3796 3797
f 6640 3797 6641
f 6641 3797 3798
f 6641 3798 3799
f 6641 3799 6642
f 6642 3799 3800
f 6642 3800 6643
f 6643 3800 2844
f 6643 2844 6644
f 6644 2844 2842
f 6644 2842 6645
f 6645 2842 2840
f 6645 2840 6637
f 6637 2840 2838
f 5329 6644 5328
f 5328 6644 6645
f 5328 6645 5325
f 5325 6645 6637
f 6644 5329 6643
f 6643 5329 5330
f 6643 5330 6642
f 6642 5330 5331
f 6642 5331 6641
f 6641 5331 6640
f 5331 5332 6640
f 6640 5332 6639
f 5332 5334 6639
f 6639 5334 6638
f 5334 5335 6638
f 6638 5335 6630
f 5335 5336 6630
f 6630 5336 6631
f 5336 5338 6631
f 6631 5338 6632
f 5338 5339 6632
f 6632 5339 6633
f 5339 5321 6633
f 6633 5321 6634
f 5321 5320 6634
f 6634 5320 6635
f 5320 5318 6635
f 6635 5318 6636
f 5318 5324 6636
f 6636 5324 5323
f 5173 5182 4927
f 4927 5182 4928
f 5178 4093 5179
f 5179 4093 4092
f 5179 4092 4854
f 4854 4092 4858
f 4953 4950 4854
f 4854 4950 5179
f 5176 5179 4947
f 4947 5179 4950
f 4854 4851 4953
f 4953 4851 4951
f 4951 4851 4755
f 4755 4851 4847
f 4755 4847 4905
f 4756 4755 4905
f 4619 4618 6646
f 4938 4619 4873
f 4873 4619 4876
f 4876 4619 6646
f 4940 4938 4864
f 4864 4938 4873
f 4926 4880 4618
f 4618 4880 4876
f 4618 4876 6646
f 4823 4880 4828
f 4828 4880 4926
f 4088 4841 4089
f 4089 4841 4863
f 4089 4863 4091
f 4091 4863 4862
f 4091 4862 4092
f 4092 4862 4858
f 2706 6647 1622
f 1622 6647 6648
f 1622 6648 1623
f 1623 6648 6649
f 1623 6649 1626
f 1626 6649 6650
f 1626 6650 1628
f 1628 6650 6651
f 1628 6651 1630
f 1630 6651 6652
f 1630 6652 1631
f 1631 6652 6653
f 1631 6653 6654
f 6654 6653 4859
f 6654 4859 4861
f 6647 2706 6655
f 6655 2706 2707
f 6655 2707 6656
f 6656 2707 2708
f 6656 2708 6657
f 6657 2708 2709
f 6657 2709 6658
f 6658 2709 2710
f 6658 2710 2711
f 6658 2711 6659
f 6659 2711 2712
f 6659 2712 6660
f 6660 2712 1637
f 6660 1637 6661
f 6661 1637 1635
f 6661 1635 6662
f 6662 1635 1633
f 6662 1633 6654
f 6654 1633 1631
f 4852 6649 4853
f 4853 6649 6648
f 4853 6648 4848
f 4848 6648 6647
f 4848 6647 4849
f 4849 6647 6655
f 4849 6655 4850
f 4850 6655 6656
f 4850 6656 4845
f 4845 6656 6657
f 4845 6657 4846
f 4846 6657 6658
f 4846 6658 6659
f 6649 4852 6650
f 6650 4852 4857
f 6650 4857 6651
f 6651 4857 4856
f 6651 4856 6652
f 6652 4856 4855
f 6652 4855 6653
f 6653 4855 4860
f 6653 4860 4859
f 6654 4861 6662
f 6662 4861 4843
f 6662 4843 6661
f 6661 4843 4842
f 6661 4842 6660
f 6660 4842 4840
f 6660 4840 6659
f 6659 4840 4846
f 2699 6663 1606
f 1606 6663 6664
f 1606 6664 1607
f 1607 6664 6665
f 1607 6665 1610
f 1610 6665 6666
f 1610 6666 1612
f 1612 6666 6667
f 1612 6667 1614
f 1614 6667 6668
f 1614 6668 1615
f 1615 6668 6669
f 1615 6669 6670
f 6670 6669 4878
f 6670 4878 4877
f 6663 2699 6671
f 6671 2699 2700
f 6671 2700 6672
f 6672 2700 2701
f 6672 2701 6673
f 6673 2701 2702
f 6673 2702 6674
f 6674 2702 2703
f 6674 2703 2704
f 6674 2704 6675
f 6675 2704 2705
f 6675 2705 6676
f 6676 2705 1621
f 6676 1621 6677
f 6677 1621 1619
f 6677 1619 6678
f 6678 1619 1617
f 6678 1617 6670
f 6670 1617 1615
f 4867 6665 4870
f 4870 6665 6664
f 4870 6664 4871
f 4871 6664 6663
f 4871 6663 4872
f 4872 6663 6671
f 4872 6671 4886
f 4886 6671 6672
f 4886 6672 4883
f 4883 6672 6673
f 4883 6673 4884
f 4884 6673 6674
f 4884 6674 6675
f 6665 4867 6666
f 6666 4867 4865
f 6666 4865 6667
f 6667 4865 4875
f 6667 4875 6668
f 6668 4875 4874
f 6668 4874 6669
f 6669 4874 4879
f 6669 4879 4878
f 6670 4877 6678
f 6678 4877 4882
f 6678 4882 6677
f 6677 4882 4881
f 6677 4881 6676
f 6676 4881 4885
f 6676 4885 6675
f 6675 4885 4884
f 4918 5031 4773
f 4773 5031 5028
f 4773 5028 5086
f 4896 5031 4898
f 4898 5031 4918
f 4908 4649 4980
f 4980 4649 4984
f 4984 4649 5089
f 4831 4908 4826
f 4826 4908 4980
f 4909 4988 4648
f 4648 4988 4984
f 4648 4984 5089
f 4827 4988 4832
f 4832 4988 4909
f 4906 4639 4957
f 4957 4639 5011
f 5011 4639 5090
f 4907 4999 4641
f 4641 4999 5011
f 4641 5011 5090
f 4811 4999 4814
f 4814 4999 4907

