# https://github.com/mikedh/trimesh
v -1.00240588 -7.38077307 373.91598511
v -0.65407211 -7.43965912 373.91601562
v -0.34471968 -7.32767916 373.91595459
v -0.01034271 -7.44167948 373.91601562
v 0.31296656 -7.38077307 373.91598511
v 0.62472647 -7.54693508 373.91607666
v 0.95361906 -7.53867960 373.91604614
v 1.23468757 -7.75269985 373.91616821
v 1.56064534 -7.79730940 373.91616821
v 1.80374277 -8.05364418 373.91629028
v 2.11832356 -8.14996338 373.91635132
v 2.31715393 -8.44197464 373.91647339
v 2.61221027 -8.58750916 373.91656494
v 2.76162410 -8.90763378 373.91668701
v 3.02951407 -9.09861374 373.91677856
v 3.12564135 -9.43855953 373.91696167
v 3.35942721 -9.67003918 373.91705322
v 3.39977813 -10.02100372 373.91720581
v 3.59340453 -10.28698730 373.91732788
v 3.57693458 -10.63987923 373.91751099
v 3.72538662 -10.93347836 373.91763306
v 3.65252209 -11.27915859 373.91781616
v 3.75195527 -11.59276867 373.91793823
v 3.62458324 -11.92228413 373.91812134
v 3.67242193 -12.24778366 373.91824341
v 3.49384141 -12.55259991 373.91839600
v 3.48884702 -12.88155842 373.91854858
v 3.26368284 -13.15378094 373.91867065
v 3.20598435 -13.47767830 373.91882324
v 2.94006872 -13.71025658 373.91894531
v 2.83116055 -14.02070427 373.91909790
v 2.53138018 -14.20761490 373.91915894
v 2.37408328 -14.49657249 373.91931152
v 2.04820204 -14.63297462 373.91937256
v 1.84659016 -14.89295769 373.91949463
v 1.50304878 -14.97531891 373.91952515
v 1.26234341 -15.19959354 373.91964722
v 0.91003907 -15.22578049 373.91964722
v 0.63647455 -15.40853977 373.91973877
v 0.28453186 -15.37787342 373.91970825
v -0.01480675 -15.51438332 373.91976929
v -0.35727268 -15.42765808 373.91973877
v -0.67463261 -15.51438332 373.91976929
v -0.99875206 -15.37384605 373.91970825
v -1.32591391 -15.40853977 373.91973877
v -1.62329245 -15.21782970 373.91964722
v -1.95178282 -15.19959354 373.91964722
v -2.21471834 -14.96365070 373.91952515
v -2.53602958 -14.89295769 373.91949463
v -2.75771236 -14.61789227 373.91937256
v -3.06352258 -14.49657249 373.91931152
v -3.23821092 -14.18950844 373.91915894
v -3.52060008 -14.02070427 373.91909790
v -3.64376974 -13.68959522 373.91894531
v -3.89542389 -13.47767830 373.91882324
v -3.96388507 -13.13109875 373.91867065
v -4.17828608 -12.88155842 373.91854858
v -4.19026566 -12.52848530 373.91839600
v -4.36186123 -12.24778366 373.91824341
v -4.31704855 -11.89736176 373.91809082
v -4.44139481 -11.59276867 373.91793823
v -4.34095049 -11.25407314 373.91778564
v -4.41482592 -10.93347836 373.91763306
v -4.26135206 -10.61528015 373.91751099
v -4.28284407 -10.28698730 373.91732788
v -4.08031511 -9.99752903 373.91720581
v -4.04886627 -9.67003918 373.91705322
v -3.80252767 -9.41681767 373.91693115
v -3.71895361 -9.09861374 373.91677856
v -3.43518519 -8.88818645 373.91668701
v -3.30164981 -8.58750916 373.91656494
v -2.98780131 -8.42532635 373.91647339
v -2.80776286 -8.14996338 373.91635132
v -2.47196269 -8.04022598 373.91629028
v -2.25008464 -7.79730940 373.91616821
v -1.90102994 -7.74285889 373.91616821
v -1.64305842 -7.53867960 373.91604614
v -1.28978944 -7.54092693 373.91604614
v -9.73772240 -11.31566811 373.91781616
v -9.72551155 -11.61262703 373.91796875
v -9.55092812 -11.55790901 373.91793823
v -9.61724663 -11.88941669 373.91809082
v -9.30224133 -11.73603153 373.91802979
v -9.42473412 -12.11585236 373.91818237
v -9.01276970 -11.83491898 373.91806030
v -9.16896820 -12.26723957 373.91827393
v -8.70707989 -11.84617615 373.91806030
v -8.87784195 -12.32706833 373.91830444
v -8.58310413 -12.28881550 373.91827393
v -8.31689644 -12.15665150 373.91821289
v -8.41111851 -11.76885033 373.91802979
v -8.10824966 -11.94499016 373.91812134
v -8.15000343 -11.60950184 373.91796875
v -7.97991800 -11.67691422 373.91799927
v -7.94589710 -11.38165760 373.91784668
v 9.04828262 -11.53968906 373.91793823
v 9.03607178 -11.24273014 373.91778564
v 8.86148930 -11.29744816 373.91781616
v 8.92780685 -10.96593952 373.91766357
v 8.61280251 -11.11932564 373.91772461
v 8.73529434 -10.73950481 373.91754150
v 8.32332993 -11.02043819 373.91769409
v 8.47952938 -10.58811760 373.91748047
v 8.01764107 -11.00918007 373.91769409
v 8.18840313 -10.52828789 373.91744995
v 7.89366484 -10.56654167 373.91748047
v 7.62745667 -10.69870567 373.91754150
v 7.72167921 -11.08650684 373.91772461
v 7.41881037 -10.91036701 373.91763306
v 7.46056414 -11.24585533 373.91778564
v 7.29047871 -11.17844296 373.91775513
v 7.25645781 -11.47369957 373.91790771
v 6.37633944 -4.86502695 373.91482544
v 6.15772343 -4.66367960 373.91470337
v 6.07296610 -4.82581997 373.91479492
v 5.88544846 -4.54451418 373.91467285
v 5.77116632 -4.87571573 373.91482544
v 5.58920765 -4.52052736 373.91464233
v 5.49655485 -5.01047993 373.91488647
v 5.30130720 -4.59433365 373.91467285
v 5.05314445 -4.75788546 373.91476440
v 4.87178183 -4.99334574 373.91488647
v 5.27243948 -5.21867466 373.91497803
v 4.77699804 -5.27503729 373.91500854
v 5.11784077 -5.48262930 373.91510010
v 4.77912998 -5.57223988 373.91513062
v 5.04588079 -5.77994156 373.91525269
v 4.87794495 -5.85254240 373.91528320
v 5.06266642 -6.08537722 373.91537476
v -7.06577921 -17.99032974 373.92092896
v -6.84716272 -18.19167709 373.92102051
v -6.76240540 -18.02953720 373.92095947
v -6.57488775 -18.31084251 373.92108154
v -6.46060562 -17.97964096 373.92092896
v -6.27864695 -18.33482933 373.92111206
v -6.18599415 -17.84487724 373.92086792
v -5.99074650 -18.26102257 373.92105103
v -5.74258375 -18.09747124 373.92098999
v -5.56122112 -17.86201096 373.92086792
v -5.96187878 -17.63668251 373.92077637
v -5.46643782 -17.58032036 373.92074585
v -5.80728006 -17.37272835 373.92065430
v -5.46856928 -17.28311729 373.92062378
v -5.73532009 -17.07541656 373.92050171
v -5.56738424 -17.00281525 373.92047119
v -5.75210571 -16.76997948 373.92037964
v -6.90737200 -4.70661974 373.91473389
v -7.10871983 -4.92523623 373.91482544
v -6.94657898 -5.00999355 373.91488647
v -7.22788477 -5.19751120 373.91497803
v -6.89668322 -5.31179333 373.91500854
v -7.25187206 -5.49375200 373.91510010
v -6.76191854 -5.58640480 373.91516113
v -7.17806530 -5.78165245 373.91525269
v -7.01451349 -6.02981520 373.91534424
v -6.77905321 -6.21117783 373.91543579
v -6.55372429 -5.81052017 373.91525269
v -6.49736166 -6.30596113 373.91549683
v -6.28976965 -5.96511889 373.91531372
v -6.20015907 -6.30382919 373.91549683
v -5.99245739 -6.03707886 373.91534424
v -5.91985655 -6.20501471 373.91543579
v -5.68702173 -6.02029324 373.91534424
v -0.23270905 -2.03467703 373.91348267
v -0.52966839 -2.04688787 373.91348267
v -0.47495013 -2.22147107 373.91357422
v -0.80645835 -2.15515280 373.91354370
v -0.65307301 -2.47015738 373.91369629
v -1.03289366 -2.34766531 373.91363525
v -0.75195986 -2.75962973 373.91381836
v -1.18428063 -2.60343075 373.91375732
v -0.76321775 -3.06531906 373.91397095
v -1.24410999 -2.89455676 373.91387939
v -1.20585692 -3.18929505 373.91403198
v -1.07369316 -3.45550299 373.91415405
v -0.68589127 -3.36128068 373.91412354
v -0.86203164 -3.66414952 373.91424561
v -0.52654338 -3.62239552 373.91424561
v -0.59395510 -3.79248095 373.91430664
v -0.29869837 -3.82650185 373.91433716
v -0.45673034 -20.82068062 373.92227173
v -0.15977095 -20.80846977 373.92224121
v -0.21448924 -20.63388634 373.92218018
v 0.11701896 -20.70020485 373.92221069
v -0.03636635 -20.38520050 373.92205811
v 0.34345430 -20.50769234 373.92211914
v 0.06252047 -20.09572792 373.92193604
v 0.49484131 -20.25192642 373.92199707
v 0.07377840 -19.79003716 373.92178345
v 0.55467057 -19.96080017 373.92184448
v 0.51641750 -19.66606140 373.92172241
v 0.38425374 -19.39985466 373.92160034
v -0.00354808 -19.49407578 373.92163086
v 0.17259228 -19.19120789 373.92150879
v -0.16289601 -19.23296165 373.92150879
v -0.09548427 -19.06287575 373.92144775
v -0.39074102 -19.02885437 373.92141724
v 6.21793270 -18.14873695 373.92102051
v 6.41928005 -17.93012047 373.92089844
v 6.25713968 -17.84536362 373.92086792
v 6.53844547 -17.65784645 373.92077637
v 6.20724344 -17.54356384 373.92074585
v 6.56243229 -17.36160469 373.92065430
v 6.07247925 -17.26895332 373.92059326
v 6.48862600 -17.07370567 373.92050171
v 6.32507420 -16.82554245 373.92041016
v 6.08961391 -16.64418030 373.92031860
v 5.86428499 -17.04483604 373.92050171
v 5.80792236 -16.54939651 373.92025757
v 5.60033035 -16.89023781 373.92044067
v 5.51071978 -16.55152702 373.92025757
v 5.30301809 -16.81827736 373.92037964
v 5.23041677 -16.65034294 373.92031860
v 4.99758244 -16.83506393 373.92041016
v -1.92275631 -8.52892399 375.01651001
v -1.58725047 -8.37212372 370.51644897
v -1.37989569 -8.29373074 375.01641846
v -1.02979863 -8.20116043 370.51635742
v -0.80376369 -8.15924931 375.01635742
v -0.45095882 -8.13097668 370.51632690
v -0.21287760 -8.12979984 375.01632690
v 0.13119768 -8.16376400 370.51635742
v 0.37377095 -8.20633125 375.01635742
v 0.69849622 -8.29849911 370.51641846
v 0.93732661 -8.38638306 375.01644897
v 1.23322606 -8.53097534 370.51651001
v 1.45967627 -8.66416740 375.01657104
v 1.71869302 -8.85393524 370.51666260
v 1.92403114 -9.03075790 375.01675415
v 2.13974118 -9.25729561 370.51687622
v 2.31546640 -9.47437000 375.01696777
v 2.48322535 -9.72846413 370.51708984
v 2.62140131 -9.98074627 375.01721191
v 2.73842239 -10.25273132 370.51733398
v 2.83200240 -10.53361225 375.01745605
v 2.78871465 -10.39402008 370.66738892
v 2.83252931 -10.53758907 370.51745605
v -2.10591102 -8.63853073 370.51657104
v -2.41489744 -8.85726929 375.01666260
v -2.56958795 -8.99206257 370.51672363
v -2.84050155 -9.26821327 375.01687622
v -2.96380544 -9.42168331 370.51693726
v -3.18588901 -9.74854755 375.01708984
v -3.27625632 -9.91397953 370.51718140
v -3.43995905 -10.28283405 375.01733398
v -3.49718571 -10.45358276 370.51742554
v -3.59454536 -10.85389996 375.01760864
v -3.61969638 -11.02364540 370.51770020
v -3.64467978 -11.44339180 375.01788330
v -3.63996363 -11.60637188 370.51794434
v -3.58875084 -12.03236103 375.01815796
v -3.55735493 -12.18356991 370.51821899
v -3.42855597 -12.60187912 375.01843262
v -3.37444901 -12.73721790 370.51849365
v -3.16924405 -13.13364124 375.01867676
v -3.09695625 -13.25003338 370.51873779
v -2.81914949 -13.61055565 375.01889038
v -2.73353982 -13.70600414 370.51895142
v -2.38952494 -14.01729488 375.01907349
v -2.29554534 -14.09089661 370.51910400
v -1.89417851 -14.34078407 375.01922607
v -1.79664707 -14.39269352 370.51925659
v -1.34903121 -14.57062721 375.01934814
v -1.25242019 -14.60197449 370.51934814
v -0.77160454 -14.69943714 375.01940918
v -0.67985523 -14.71220398 370.51940918
v -0.18045746 -14.72307396 375.01940918
v -0.09682750 -14.71994114 370.51940918
v 0.40541011 -14.64077759 375.01937866
v 0.47846115 -14.62494564 370.51937866
v 0.96716785 -14.45519257 375.01928711
v 1.02805042 -14.43018246 370.51928711
v 1.48676050 -14.17228413 375.01916504
v 1.53478241 -14.14173126 370.51913452
v 1.94748783 -13.80114555 375.01898193
v 1.98283708 -13.76859856 370.51898193
v 2.33454180 -13.35370541 375.01876831
v 2.35822654 -13.32243252 370.51876831
v 2.63548207 -12.84434414 375.01852417
v 2.64923096 -12.81716347 370.51852417
v 2.84063601 -12.28943443 375.01828003
v 2.84676576 -12.26856327 370.51828003
v 2.94341040 -11.70681000 375.01800537
v 2.94466352 -11.69376183 370.51800537
v 2.94050121 -11.11519814 375.01773071
v 2.93986821 -11.11070251 370.51773071
v 4.13292074 -9.84448147 370.56695557
v 4.19683981 -9.87600040 370.61697388
v 4.26047659 -9.90780163 370.66717529
v 4.06872082 -9.81324768 370.51712036
v 0.46345836 -16.05925751 370.52005005
v 1.12962115 -15.89203358 370.51995850
v 1.73751426 -15.64284801 370.51983643
v 2.30472159 -15.31133175 370.51968384
v 2.82015991 -14.90396214 370.51950073
v 3.27375841 -14.42869854 370.51928711
v 3.65665340 -13.89482689 370.51901245
v 3.96136355 -13.31278038 370.51876831
v 4.18193531 -12.69392967 370.51846313
v 4.31405830 -12.05036926 370.51815796
v 4.35515070 -11.39467239 370.51785278
v 4.30441046 -10.73965073 370.51754761
v 4.16282845 -10.09810448 370.51724243
v -0.21996310 -16.12760544 370.52008057
v -0.90604877 -16.09562111 370.52005005
v -1.58014703 -15.96398640 370.51998901
v -2.22786260 -15.73550987 370.51989746
v -2.83536315 -15.41507339 370.51974487
v -3.38967538 -15.00951958 370.51956177
v -3.87896180 -14.52750778 370.51931763
v -4.29277372 -13.97933197 370.51907349
v -4.62227440 -13.37669945 370.51879883
v -4.86042643 -12.73247910 370.51849365
v -5.00214434 -12.06042862 370.51815796
v -5.04440212 -11.37489891 370.51785278
v -4.98629713 -10.69053078 370.51751709
v -4.82907009 -10.02193737 370.51721191
v -4.57607889 -9.38339901 370.51690674
v -4.23272610 -8.78855038 370.51663208
v -3.80634356 -8.25009441 370.51638794
v -3.30603743 -7.77953053 370.51617432
v -2.74249172 -7.38690758 370.51599121
v -2.12774110 -7.08061028 370.51583862
v -1.47491348 -6.86717939 370.51574707
v -0.79795033 -6.75117302 370.51568604
v -0.11130835 -6.73506880 370.51568604
v 0.57034904 -6.81920958 370.51571655
v 1.23246491 -7.00179958 370.51580811
v 1.86089969 -7.27893925 370.51593018
v 2.44223285 -7.64470959 370.51611328
v 2.96405005 -8.09130001 370.51632690
v 3.41520786 -8.60917377 370.51657104
v 3.78607130 -9.18727207 370.51681519
v 1.22372890 -16.17675400 370.82009888
v 0.53210634 -16.35164261 370.82019043
v -0.17736571 -16.42632294 370.82022095
v -0.89024460 -16.39927673 370.82019043
v -1.59201825 -16.27105141 370.82012939
v -2.26840043 -16.04425812 370.82003784
v -2.90562201 -15.72351456 370.81988525
v -3.49071097 -15.31534958 370.81970215
v -4.01175690 -14.82807255 370.81945801
v -4.45815229 -14.27160168 370.81921387
v -4.82080984 -13.65726757 370.81890869
v -5.09234762 -12.99757385 370.81860352
v -5.26723671 -12.30595207 370.81829834
v -5.34191799 -11.59647942 370.81796265
v -5.31487083 -10.88360119 370.81762695
v -5.18664551 -10.18182755 370.81729126
v -4.95985270 -9.50544548 370.81698608
v -4.63910913 -8.86822319 370.81668091
v -4.23094368 -8.28313446 370.81640625
v -3.74366641 -7.76208925 370.81616211
v -3.18719625 -7.31569386 370.81594849
v -2.57286143 -6.95303583 370.81579590
v -1.91316819 -6.68149853 370.81567383
v -1.22154570 -6.50660896 370.81558228
v -0.51207364 -6.43192768 370.81555176
v 0.20080526 -6.45897532 370.81555176
v 0.90257883 -6.58720016 370.81561279
v 1.57896101 -6.81399345 370.81573486
v 2.21618271 -7.13473701 370.81588745
v 2.80127168 -7.54290199 370.81607056
v 3.32231736 -8.03017902 370.81628418
v 3.76871276 -8.58664989 370.81655884
v 4.13137054 -9.20098400 370.81683350
v 4.40290833 -9.86067772 370.81713867
v 0.53210634 -16.35112953 371.92016602
v 1.22372878 -16.17623901 371.92010498
v 1.88342214 -15.90470219 371.91995239
v 1.88342214 -15.90521526 370.81997681
v 2.49775696 -15.54204464 371.91979980
v 2.49775696 -15.54255772 370.81979370
v 3.05422711 -15.09564877 371.91958618
v 3.05422711 -15.09616280 370.81958008
v 3.54150438 -14.57460308 371.91934204
v 3.54150438 -14.57511711 370.81933594
v 3.94966960 -13.98951435 371.91906738
v 3.94966960 -13.99002743 370.81906128
v 4.27041340 -13.35229301 371.91876221
v 4.27041340 -13.35280609 370.81878662
v 4.49720621 -12.67591095 371.91845703
v 4.49720621 -12.67642403 370.81845093
v 4.62543154 -11.97413731 371.91812134
v 4.62543154 -11.97465038 370.81814575
v 4.65247869 -11.26125813 371.91778564
v 4.65247869 -11.26177216 370.81781006
v 4.57779741 -10.55178642 371.91748047
v 4.57779741 -10.55229950 370.81747437
v -0.17736571 -16.42580986 371.92019653
v -0.89024460 -16.39876366 371.92019653
v -1.59201825 -16.27053833 371.92013550
v -2.26840043 -16.04374504 371.92004395
v -2.90562201 -15.72300148 371.91989136
v -3.49071097 -15.31483555 371.91967773
v -4.01175690 -14.82755852 371.91946411
v -4.45815229 -14.27108860 371.91918945
v -4.82080984 -13.65675354 371.91891479
v -5.09234762 -12.99706078 371.91860962
v -5.26723671 -12.30543804 371.91827393
v -5.34191799 -11.59596634 371.91796875
v -5.31487083 -10.88308716 371.91763306
v -5.18664551 -10.18131351 371.91729736
v -4.95985270 -9.50493145 371.91699219
v -4.63910913 -8.86771011 371.91668701
v -4.23094368 -8.28262138 371.91641235
v -3.74366641 -7.76157570 371.91616821
v -3.18719625 -7.31518030 371.91595459
v -2.57286143 -6.95252228 371.91577148
v -1.91316819 -6.68098497 371.91564941
v -1.22154570 -6.50609541 371.91558838
v -0.51207364 -6.43141413 371.91555786
v 0.20080526 -6.45846176 371.91555786
v 0.90257889 -6.58668709 371.91561890
v 1.57896101 -6.81347990 371.91571045
v 2.21618271 -7.13422346 371.91586304
v 2.80127168 -7.54238844 371.91607666
v 3.32231736 -8.02966595 371.91629028
v 3.76871276 -8.58613586 371.91653442
v 4.13137054 -9.20047092 371.91683960
v 4.40290785 -9.86016369 371.91714478
v 4.19577312 -10.03473091 370.56704712
v 4.22832298 -9.97129631 370.61700439
v -0.75251627 -10.19278240 375.01730347
v -0.38823172 -10.12789345 375.01727295
v -0.02042206 -10.16826439 375.01727295
v 0.32111493 -10.31062412 375.01736450
v 0.60870993 -10.54343891 375.01745605
v 0.81906378 -10.84784794 375.01760864
v 0.93513483 -11.19919014 375.01776123
v 0.94751960 -11.56900120 375.01794434
v 0.85521489 -11.92732239 375.01809692
v 0.66569859 -12.24512291 375.01824951
v 0.39432424 -12.49665737 375.01837158
v 0.06307691 -12.66154766 375.01846313
v -0.30120766 -12.72643661 375.01849365
v -0.66901731 -12.68606567 375.01846313
v -1.01055431 -12.54370594 375.01840210
v -1.29814935 -12.31089115 375.01828003
v -1.50850320 -12.00648212 375.01815796
v -1.62457418 -11.65513992 375.01797485
v -1.63695896 -11.28532887 375.01782227
v -1.54465425 -10.92700768 375.01763916
v -1.35513794 -10.60920715 375.01748657
v -1.08376360 -10.35767269 375.01736450
v -0.11674491 -12.70664597 375.81851196
v 0.23459719 -12.59057522 375.81845093
v 0.53900647 -12.38022137 375.81835938
v 0.77182150 -12.09262562 375.81823730
v 0.91418105 -11.75108910 375.81805420
v 0.95455194 -11.38327980 375.81790161
v 0.88966352 -11.01899529 375.81771851
v 0.72477275 -10.68774796 375.81756592
v 0.47323808 -10.41637325 375.81744385
v 0.15543731 -10.22685719 375.81735229
v -0.20288320 -10.13455200 375.81732178
v -0.57269448 -10.14693737 375.81732178
v -0.92403656 -10.26300812 375.81738281
v -1.22844589 -10.47336197 375.81747437
v -1.46126091 -10.76095676 375.81759644
v -1.60362041 -11.10249424 375.81774902
v -1.64399123 -11.47030354 375.81793213
v -1.57910287 -11.83458805 375.81811523
v -1.41421211 -12.16583538 375.81826782
v -1.16267741 -12.43721008 375.81838989
v -0.84487671 -12.62672615 375.81848145
v -0.48655617 -12.71903038 375.81851196
v -1.84221828 -11.51256466 376.01791382
v -1.76896846 -11.89721966 376.01809692
v -1.59865844 -12.24980927 376.01824951
v -1.34289455 -12.54630566 376.01840210
v -1.01910675 -12.76650333 376.01849365
v -0.64936054 -12.89539433 376.01855469
v -0.25885355 -12.92419624 376.01858521
v 0.12580180 -12.85094643 376.01855469
v 0.47839189 -12.68063641 376.01846313
v 0.77488828 -12.42487335 376.01834106
v 0.99508524 -12.10108566 376.01818848
v 1.12397671 -11.73133945 376.01800537
v 1.15277898 -11.34083176 376.01782227
v 1.07952917 -10.95617676 376.01766968
v 0.90921909 -10.60358715 376.01748657
v 0.65345526 -10.30709076 376.01736450
v 0.32966739 -10.08689308 376.01724243
v -0.04007883 -9.95800209 376.01718140
v -0.43058583 -9.92920017 376.01718140
v -0.81524116 -10.00244999 376.01721191
v -1.16783130 -10.17276001 376.01730347
v -1.46432769 -10.42852306 376.01739502
v -1.68452466 -10.75231075 376.01754761
v -1.81341612 -11.12205696 376.01773071
v -4.09989262 -12.00856972 376.01815796
v -3.95290375 -12.61871433 376.01843262
v -3.70749354 -13.19634438 376.01870728
v -2.55264091 -13.57787991 376.01889038
v -2.66082501 -13.64889431 376.01892090
v -3.37035537 -13.72570324 376.01895142
v -2.71900821 -13.76448631 376.01898193
v -2.71160007 -13.89368343 376.01901245
v -2.95068574 -14.19235134 376.01916504
v -2.64058566 -14.00186729 376.01907349
v -2.52499342 -14.06005096 376.01910400
v -2.45993233 -14.58355904 376.01934814
v -2.39579606 -14.05264282 376.01910400
v -2.28761196 -13.98162842 376.01907349
v -1.91148126 -14.88865566 376.01950073
v -2.22942901 -13.86603642 376.01901245
v -1.32029307 -15.09931946 376.01959229
v -0.70249379 -15.20980453 376.01965332
v -0.07493536 -15.21709538 376.01965332
v 0.54526407 -15.12099457 376.01959229
v 1.14118707 -14.92412186 376.01950073
v 1.69657838 -14.63185024 376.01937866
v 2.19628835 -14.25214958 376.01919556
v 2.62668633 -13.79537773 376.01898193
v 2.97603202 -13.27399445 376.01873779
v 3.23479629 -12.70222187 376.01846313
v 3.39592075 -12.09565639 376.01818848
v 3.45501018 -11.47084427 376.01788330
v 3.41045308 -10.84482670 376.01760864
v 2.77218461 -10.66027260 376.01751709
v 2.64298725 -10.66768074 376.01751709
v 2.52739501 -10.60949802 376.01748657
v 2.45638061 -10.50131416 376.01745605
v 2.44897246 -10.37211609 376.01739502
v 3.26346445 -10.23468208 376.01733398
v 2.93855166 -10.47366619 376.01742554
v 2.88036871 -10.58925819 376.01748657
v 3.01805401 -9.65705204 376.01705933
v 2.86012912 -10.23628521 376.01733398
v 2.93114352 -10.34446907 376.01736450
v 2.68091607 -9.12769318 376.01681519
v 2.61533976 -10.18550968 376.01730347
v 2.74453688 -10.17810154 376.01730347
v 2.26124644 -8.66104507 376.01657104
v 2.50715566 -10.25652409 376.01733398
v 1.77049291 -8.26983738 376.01638794
v 1.22204185 -7.96474028 376.01626587
v 0.63085371 -7.75407648 376.01617432
v 0.01305442 -7.64359236 376.01611328
v -0.61450398 -7.63630104 376.01611328
v -1.23470342 -7.73240232 376.01614380
v -1.83062637 -7.92927408 376.01623535
v -2.38601780 -8.22154617 376.01638794
v -2.88572764 -8.60124683 376.01657104
v -3.31612563 -9.05801868 376.01678467
v -3.31165838 -10.59017372 376.01748657
v -3.66547132 -9.57940197 376.01699829
v -3.42725062 -10.53199005 376.01745605
v -3.92423582 -10.15117455 376.01727295
v -3.55644798 -10.53939819 376.01745605
v -3.66463208 -10.61041260 376.01748657
v -4.08536005 -10.75774002 376.01757812
v -3.72281504 -10.72600460 376.01754761
v -3.71540689 -10.85520172 376.01760864
v -4.14444971 -11.38255215 376.01785278
v -3.64439273 -10.96338654 376.01766968
v -3.52880049 -11.02156925 376.01770020
v -3.39960313 -11.01416111 376.01766968
v -3.29141903 -10.94314671 376.01763916
v -3.23323607 -10.82755470 376.01760864
v -3.24064422 -10.69835758 376.01754761
v -2.23683715 -13.73683834 376.01895142
v -2.30785155 -13.62865448 376.01889038
v -2.42344379 -13.57047176 376.01889038
v -4.19026566 -12.52759838 375.81838989
v -3.96388507 -13.13021183 375.81866455
v -3.64376974 -13.68870831 375.81890869
v -3.23821092 -14.18862152 375.81915283
v -2.75771236 -14.61700535 375.81933594
v -2.21471834 -14.96276379 375.81951904
v -1.62329245 -15.21694279 375.81964111
v -0.99875206 -15.37295914 375.81970215
v -0.35727268 -15.42677116 375.81973267
v 0.28453186 -15.37698650 375.81970215
v 0.91003907 -15.22489357 375.81964111
v 1.50304878 -14.97443104 375.81951904
v 2.04820204 -14.63208771 375.81936646
v 2.53138018 -14.20672798 375.81915283
v 2.94006872 -13.70936966 375.81893921
v 3.26368284 -13.15289402 375.81866455
v 3.49384141 -12.55171299 375.81838989
v 3.62458324 -11.92139721 375.81808472
v 3.65252209 -11.27827168 375.81777954
v 3.57693458 -10.63899231 375.81750488
v 3.39977813 -10.02011681 375.81719971
v 3.12564135 -9.43767262 375.81692505
v 2.76162410 -8.90674686 375.81668091
v 2.31715393 -8.44108772 375.81646729
v 1.80374277 -8.05275726 375.81628418
v 1.23468757 -7.75181246 375.81613159
v 0.62472647 -7.54604816 375.81604004
v -0.01034271 -7.44079256 375.81600952
v -0.65407211 -7.43877220 375.81600952
v -1.28978944 -7.54003954 375.81604004
v -1.90102994 -7.74197197 375.81613159
v -4.31704855 -11.89647484 375.81808472
v -4.34095049 -11.25318623 375.81777954
v -4.26135206 -10.61439323 375.81747437
v -4.08031511 -9.99664211 375.81719971
v -3.80252767 -9.41593075 375.81692505
v -3.43518519 -8.88729954 375.81668091
v -2.98780131 -8.42443943 375.81646729
v -2.47196269 -8.03933907 375.81628418
v -10.88228130 -13.79405975 373.91897583
v -11.07742310 -13.83797550 373.71899414
v -10.59959412 -14.81552601 373.91946411
v -10.78950119 -14.87835789 373.71948242
v -10.40098953 -15.88551044 373.71997070
v -11.26198292 -12.77438068 373.71850586
v -11.06348610 -12.74980354 373.91848755
v -11.34140396 -11.69781780 373.71798706
v -11.14146328 -11.69281387 373.91799927
v -11.31492138 -10.61865330 373.71749878
v -11.11546135 -10.63327122 373.91751099
v -11.18278980 -9.54728222 373.71701050
v -10.98573208 -9.58137989 373.91702271
v -10.94628143 -8.49402046 373.71649170
v -10.75352383 -8.54726887 373.91653442
v -10.60767365 -7.46901274 373.71603394
v -10.42107296 -7.54089737 373.91604614
v -10.17022800 -6.48213005 373.71557617
v -9.99158192 -6.57195807 373.91561890
v -9.63815784 -5.54287672 373.71511841
v -9.46918488 -5.64978218 373.91519165
v -9.01658726 -4.66029787 373.71472168
v -8.85891533 -4.78325033 373.91476440
v -8.31150150 -3.84289336 373.71432495
v -8.16664982 -3.98070812 373.91439819
v -7.52969074 -3.09853578 373.71398926
v -7.39905405 -3.24988413 373.91406250
v -6.67868519 -2.43439293 373.71368408
v -6.56352139 -2.59781694 373.91375732
v -5.76667976 -1.85686147 373.71340942
v -5.66809797 -2.03078604 373.91348267
v -4.80245829 -1.37150300 373.71316528
v -4.72140789 -1.55425227 373.91326904
v -3.79530621 -0.98299199 373.71301270
v -3.73256779 -1.17280519 373.91308594
v -2.75492311 -0.69506985 373.71286011
v -2.71110106 -0.89011800 373.91296387
v -1.69132853 -0.51050949 373.71276855
v -1.66684461 -0.70891333 373.91287231
v -0.61476529 -0.43108836 373.71273804
v -0.60985535 -0.63093621 373.91284180
v 0.46439862 -0.45757133 373.71276855
v 0.44968727 -0.65693766 373.91284180
v 1.53577030 -0.58970326 373.71282959
v 1.50157928 -0.78666723 373.91290283
v 2.58903193 -0.82621175 373.71292114
v 2.53569055 -1.01887548 373.91302490
v 3.61403966 -1.16481912 373.71307373
v 3.54206181 -1.35132623 373.91317749
v 4.60092258 -1.60226429 373.71328735
v 4.51100111 -1.78081787 373.91336060
v 5.54017639 -2.13433433 373.71353149
v 5.43317747 -2.30321383 373.91360474
v 6.42275524 -2.75590539 373.71383667
v 6.29970932 -2.91348362 373.91390991
v 7.24015951 -3.46099138 373.71414185
v 7.10225153 -3.60574961 373.91421509
v 7.98451757 -4.24280167 373.71450806
v 7.83307552 -4.37334490 373.91458130
v 8.64866066 -5.09380722 373.71490479
v 8.48514271 -5.20887756 373.91497803
v 9.22619152 -6.00581217 373.71533203
v 9.05217361 -6.10430050 373.91540527
v 9.71155071 -6.97003365 373.71578979
v 9.52870750 -7.05099058 373.91583252
v 10.10006142 -7.97718573 373.71627808
v 9.91015530 -8.03983116 373.91629028
v 10.38798332 -9.01756859 373.71673584
v 10.19284248 -9.06129742 373.91677856
v 10.57254410 -10.08116341 373.71725464
v 10.37404633 -10.10555363 373.91726685
v 10.65196514 -11.15772629 373.71774292
v 10.45202351 -11.16254330 373.91775513
v 10.62548256 -12.23688984 373.71826172
v 10.42602253 -12.22208500 373.91824341
v 10.49335003 -13.30826187 373.71875000
v 10.29629326 -13.27397728 373.91873169
v 10.25684166 -14.36152267 373.71923828
v 10.06408405 -14.30808830 373.91921997
v 9.91823387 -15.38653088 373.71972656
v 9.73163414 -15.31445980 373.91967773
v 9.48078918 -16.37341309 373.72018433
v 9.30214214 -16.28339958 373.92013550
v 8.94871902 -17.31266785 373.72061157
v 8.77974606 -17.20557404 373.92056274
v 8.32714748 -18.19524574 373.72103882
v 8.16947651 -18.07210732 373.92098999
v 7.62206173 -19.01264954 373.72140503
v 7.47721004 -18.87464905 373.92135620
v 6.84025145 -19.75700760 373.72177124
v 6.70961475 -19.60547256 373.92169189
v 5.98924589 -20.42115021 373.72207642
v 5.87408209 -20.25753975 373.92199707
v 5.07724047 -20.99868202 373.72235107
v 4.97865868 -20.82457161 373.92227173
v 4.11301899 -21.48404121 373.72256470
v 4.03196859 -21.30110550 373.92248535
v 3.10586691 -21.87255096 373.72274780
v 3.04312849 -21.68255234 373.92266846
v 2.06548381 -22.16047478 373.72286987
v 2.02166152 -21.96523857 373.92279053
v 1.00188923 -22.34503365 373.72296143
v 0.97740519 -22.14644432 373.92288208
v -0.07467407 -22.42445564 373.72302246
v -0.07958402 -22.22442055 373.92291260
v -1.15383804 -22.39797211 373.72299194
v -1.13912666 -22.19841957 373.92291260
v -2.22520971 -22.26584053 373.72293091
v -2.19101882 -22.06868935 373.92285156
v -3.27847123 -22.02933121 373.72280884
v -3.22512984 -21.83648109 373.92272949
v -4.30347919 -21.69072533 373.72265625
v -4.23150110 -21.50403023 373.92257690
v -5.29036188 -21.25327873 373.72247314
v -5.20044041 -21.07453918 373.92239380
v -6.22961569 -20.72120857 373.72219849
v -6.12261677 -20.55214310 373.92214966
v -7.11219454 -20.09963799 373.72192383
v -6.98914862 -19.94187355 373.92184448
v -7.92959881 -19.39455223 373.72158813
v -7.79169083 -19.24960709 373.92153931
v -8.67395687 -18.61274147 373.72122192
v -8.52251530 -18.48201180 373.92117310
v -9.33809948 -17.76173592 373.72082520
v -9.17458248 -17.64647865 373.92077637
v -9.91563129 -16.84973145 373.72039795
v -9.74161339 -16.75105667 373.92034912
v -10.21814728 -15.80436611 373.91992188
v 2.06548381 -22.16122055 372.12289429
v 3.10586691 -21.87329865 372.12274170
v 4.11301899 -21.48478699 372.12255859
v 5.07724047 -20.99942970 372.12234497
v 5.98924589 -20.42189789 372.12207031
v 6.84025145 -19.75775528 372.12176514
v 7.62206173 -19.01339722 372.12142944
v 8.32714748 -18.19599342 372.12103271
v 8.94871902 -17.31341362 372.12063599
v 9.48078918 -16.37416077 372.12017822
v 9.91823387 -15.38727760 372.11972046
v 10.25684166 -14.36227036 372.11923218
v 10.49335003 -13.30900860 372.11874390
v 10.62548256 -12.23763752 372.11825562
v 10.65196514 -11.15847301 372.11773682
v 10.57254410 -10.08191013 372.11724854
v 10.38798332 -9.01831532 372.11676025
v 10.10006142 -7.97793245 372.11627197
v 9.71155071 -6.97078085 372.11578369
v 9.22619152 -6.00655937 372.11535645
v 8.64866066 -5.09455395 372.11492920
v 7.98451757 -4.24354839 372.11453247
v 7.24015951 -3.46173835 372.11416626
v 6.42275524 -2.75665236 372.11383057
v 5.54017639 -2.13508129 372.11352539
v 4.60092258 -1.60301113 372.11328125
v 3.61403966 -1.16556609 372.11309814
v 2.58903193 -0.82695872 372.11291504
v 1.53577030 -0.59045023 372.11282349
v 0.46439862 -0.45831823 372.11276245
v -0.61476529 -0.43183529 372.11273193
v -1.69132853 -0.51125646 372.11279297
v -2.75492311 -0.69581676 372.11285400
v -3.79530621 -0.98373890 372.11300659
v -4.80245829 -1.37224996 372.11318970
v -5.76667976 -1.85760844 372.11340332
v -6.67868519 -2.43513989 372.11367798
v -7.52969074 -3.09928274 372.11398315
v -8.31150150 -3.84364033 372.11434937
v -9.01658726 -4.66104460 372.11471558
v -9.63815784 -5.54362345 372.11514282
v -10.17022800 -6.48287725 372.11557007
v -10.60767365 -7.46975994 372.11602783
v -10.94628143 -8.49476719 372.11651611
v -11.18278980 -9.54802895 372.11700439
v -11.31492138 -10.61940098 372.11749268
v -11.34140396 -11.69856453 372.11801147
v -11.26198292 -12.77512741 372.11849976
v -11.07742310 -13.83872223 372.11898804
v -10.78950119 -14.87910557 372.11947632
v -10.40098953 -15.88625717 372.11996460
v -9.91563129 -16.85047913 372.12042236
v -9.33809948 -17.76248360 372.12081909
v -8.67395687 -18.61348915 372.12121582
v -7.92959881 -19.39529991 372.12158203
v -7.11219454 -20.10038567 372.12191772
v -6.22961569 -20.72195625 372.12222290
v -5.29036188 -21.25402641 372.12246704
v -4.30347919 -21.69147110 372.12268066
v -3.27847123 -22.03007889 372.12283325
v -2.22520971 -22.26658821 372.12292480
v -1.15383804 -22.39871979 372.12298584
v -0.07467407 -22.42520332 372.12301636
v 1.00188923 -22.34578133 372.12298584
v -10.21814728 -15.80529976 371.91992188
v -10.59959507 -14.81646061 371.91946411
v -10.88228226 -13.79499340 371.91897583
v -11.06348610 -12.75073719 371.91848755
v -11.14146328 -11.69374752 371.91799927
v -11.11546230 -10.63420486 371.91751099
v -10.98573303 -9.58231354 371.91702271
v -10.75352478 -8.54820251 371.91653442
v -10.42107391 -7.54183102 371.91607666
v -9.99158192 -6.57289171 371.91561890
v -9.46918583 -5.65071535 371.91519165
v -8.85891628 -4.78418350 371.91476440
v -8.16664982 -3.98164129 371.91439819
v -7.39905405 -3.25081754 371.91406250
v -6.56352139 -2.59875011 371.91375732
v -5.66809845 -2.03171921 371.91348267
v -4.72140837 -1.55518556 371.91326904
v -3.73256803 -1.17373836 371.91308594
v -2.71110106 -0.89105117 371.91296387
v -1.66684461 -0.70984650 371.91287231
v -0.60985535 -0.63186944 371.91284180
v 0.44968733 -0.65787083 371.91284180
v 1.50157940 -0.78760040 371.91290283
v 2.53569055 -1.01980877 371.91302490
v 3.54206204 -1.35225952 371.91317749
v 4.51100159 -1.78175104 371.91336060
v 5.43317747 -2.30414724 371.91360474
v 6.29970932 -2.91441679 371.91390991
v 7.10225201 -3.60668302 371.91421509
v 7.83307600 -4.37427855 371.91458130
v 8.48514366 -5.20981121 371.91497803
v 9.05217457 -6.10523415 371.91540527
v 9.52870846 -7.05192423 371.91583252
v 9.91015530 -8.04076385 371.91629028
v 10.19284248 -9.06223106 371.91677856
v 10.37404728 -10.10648727 371.91726685
v 10.45202446 -11.16347694 371.91775513
v 10.42602253 -12.22301960 371.91824341
v 10.29629326 -13.27491093 371.91873169
v 10.06408501 -14.30902195 371.91921997
v 9.73163414 -15.31539345 371.91967773
v 9.30214214 -16.28433228 371.92013550
v 8.77974606 -17.20650864 371.92056274
v 8.16947651 -18.07304001 371.92098999
v 7.47721052 -18.87558365 371.92135620
v 6.70961475 -19.60640717 371.92169189
v 5.87408209 -20.25847435 371.92199707
v 4.97865915 -20.82550430 371.92227173
v 4.03196859 -21.30203819 371.92248535
v 3.04312873 -21.68348694 371.92266846
v 2.02166176 -21.96617317 371.92279053
v 0.97740525 -22.14737701 371.92288208
v -0.07958402 -22.22535515 371.92291260
v -1.13912666 -22.19935417 371.92291260
v -2.19101882 -22.06962395 371.92285156
v -3.22513008 -21.83741570 371.92272949
v -4.23150110 -21.50496483 371.92257690
v -5.20044088 -21.07547379 371.92239380
v -6.12261677 -20.55307770 371.92214966
v -6.98914909 -19.94280815 371.92184448
v -7.79169130 -19.25054169 371.92153931
v -8.52251530 -18.48294640 371.92117310
v -9.17458248 -17.64741325 371.92077637
v -9.74161339 -16.75198936 371.92034912
v -9.15804005 -13.98814678 371.91906738
v -9.14650059 -14.26352978 371.91918945
v -9.03626156 -14.51614761 371.91931152
v -9.06931973 -13.72719193 371.91894531
v -8.89232349 -13.51590824 371.91885376
v -9.11772823 -11.54659653 371.91793823
v -8.65095425 -13.38283062 371.91879272
v -8.84568214 -11.60302448 371.91796875
v -8.37781048 -13.34593105 371.91876221
v -8.57074165 -11.56300449 371.91793823
v -8.10978317 -13.41019535 371.91879272
v -8.32607079 -11.43136406 371.91787720
v -7.88306904 -13.56694221 371.91888428
v -8.14117908 -11.22397900 371.91778564
v -8.03836727 -10.96586418 371.91766357
v -8.03003597 -10.68815231 371.91754150
v -8.11719131 -10.42433834 371.91741943
v -8.28931904 -10.20624352 371.91729736
v -6.19277716 -5.73559570 371.91522217
v -8.52565956 -10.06017303 371.91723633
v -6.42911768 -5.58952475 371.91516113
v -9.35406876 -11.40052509 371.91787720
v -9.52619648 -11.18243027 371.91775513
v -9.61335087 -10.91861725 371.91763306
v -9.60502052 -10.64090443 371.91751099
v -9.50220871 -10.38279057 371.91738892
v -9.31731701 -10.17540550 371.91729736
v -9.07264519 -10.04376411 371.91723633
v -8.79770565 -10.00374413 371.91720581
v -6.60124540 -5.37142992 371.91503906
v -6.68840027 -5.10761690 371.91491699
v -6.68006945 -4.82990456 371.91479492
v -6.57725763 -4.57178974 371.91467285
v -6.39236593 -4.36440516 371.91458130
v -6.14769459 -4.23276377 371.91452026
v -5.87275457 -4.19274426 371.91448975
v -5.60070848 -4.24917269 371.91452026
v -3.75343513 -3.25081849 371.91406250
v -5.36436796 -4.39524364 371.91458130
v -3.74189615 -3.52620125 371.91418457
v -5.19223976 -4.61333847 371.91470337
v -3.63165665 -3.77881956 371.91430664
v -5.10508537 -4.87715149 371.91482544
v -3.43760514 -3.97455597 371.91439819
v -5.11341619 -5.15486383 371.91494751
v -3.18594933 -4.08697510 371.91445923
v -2.91067672 -4.10089445 371.91445923
v -2.64896464 -4.01443434 371.91442871
v -2.43615818 -3.83927083 371.91433716
v -0.25186661 -3.54877973 371.91418457
v -2.30099845 -3.59906125 371.91421509
v -0.42399469 -3.33068490 371.91409302
v -2.26173949 -3.32624722 371.91409302
v -0.51114929 -3.06687164 371.91397095
v -2.32368350 -3.05767393 371.91397095
v -0.50281835 -2.78915930 371.91384888
v -2.47846437 -2.82961345 371.91384888
v -0.40000668 -2.53104472 371.91372681
v -0.21511489 -2.32365990 371.91363525
v 0.02955635 -2.19201875 371.91357422
v 0.30449608 -2.15199876 371.91354370
v 0.57654250 -2.20842743 371.91357422
v 0.81288284 -2.35449839 371.91363525
v 0.98501092 -2.57259321 371.91372681
v 1.07216549 -2.83640647 371.91387939
v 1.06383455 -3.11411858 371.91400146
v 5.41099405 -5.45599556 371.91510010
v 5.59588623 -5.24861050 371.91497803
v 5.84055710 -5.11696959 371.91491699
v 6.11549711 -5.07694960 371.91491699
v 6.38754320 -5.13337803 371.91494751
v 6.62388372 -5.27944899 371.91500854
v 6.79601192 -5.49754381 371.91510010
v 6.88316631 -5.76135731 371.91522217
v 6.87483549 -6.03906918 371.91537476
v 6.77202368 -6.29718399 371.91546631
v 7.76412344 -8.01320744 371.91629028
v 7.49098015 -8.05010605 371.91629028
v -3.66471505 -2.98986363 371.91394043
v -3.48771834 -2.77857971 371.91384888
v -3.24634933 -2.64550185 371.91378784
v -2.97320604 -2.60860300 371.91375732
v -2.70517826 -2.67286658 371.91378784
v 8.03215122 -8.07747078 371.91632080
v 8.25886536 -8.23421764 371.91638184
v 8.41364574 -8.46227837 371.91650391
v 8.47558975 -8.73085117 371.91662598
v 8.43633080 -9.00366592 371.91674805
v 8.30117130 -9.24387455 371.91687012
v 8.42828846 -11.31062794 371.91781616
v 8.66462898 -11.45669937 371.91787720
v 8.83675766 -11.67479420 371.91799927
v 8.92391205 -11.93860722 371.91812134
v 8.91558075 -12.21631908 371.91824341
v 8.81276894 -12.47443390 371.91836548
v 8.62787724 -12.68181896 371.91845703
v 8.38320637 -12.81346035 371.91851807
v 8.10826683 -12.85348034 371.91854858
v 7.83621979 -12.79705143 371.91851807
v 5.73967791 -17.26770020 371.92059326
v 5.50333786 -17.12162781 371.92053223
v 5.91180611 -17.48579407 371.92071533
v 5.99896097 -17.74960709 371.92083740
v 5.99062967 -18.02731895 371.92095947
v 5.88781834 -18.28543472 371.92108154
v 5.70292616 -18.49281883 371.92117310
v 5.45825529 -18.62446022 371.92123413
v 5.18331528 -18.66448021 371.92126465
v 4.91126919 -18.60805130 371.92123413
v 3.07098508 -19.46817970 371.92163086
v 4.67492867 -18.46198082 371.92117310
v 3.00904131 -19.19960594 371.92150879
v 4.50280046 -18.24388695 371.92105103
v 2.85426044 -18.97154617 371.92138672
v 4.41564608 -17.98007202 371.92092896
v 2.62754655 -18.81479836 371.92132568
v 4.42397690 -17.70236015 371.92080688
v 3.03172612 -19.74099350 371.92175293
v 2.89656663 -19.98120308 371.92187500
v 2.68376017 -20.15636635 371.92193604
v 2.42204785 -20.24282646 371.92199707
v 2.14677548 -20.22890854 371.92199707
v 1.89511955 -20.11648941 371.92193604
v 1.70106816 -19.92075157 371.92184448
v -0.28943267 -20.32617950 371.92202759
v -0.18662100 -20.06806564 371.92190552
v -0.47432446 -20.53356361 371.92211914
v -0.71899575 -20.66520500 371.92218018
v -0.99393547 -20.70522499 371.92221069
v -1.26598191 -20.64879608 371.92218018
v -1.50232220 -20.50272560 371.92211914
v -1.67445028 -20.28463173 371.92199707
v -1.76160491 -20.02081871 371.92187500
v -1.75327396 -19.74310493 371.92175293
v -6.10043335 -17.40122986 371.92065430
v -6.28532553 -17.60861397 371.92074585
v -6.52999640 -17.74025536 371.92083740
v -6.80493641 -17.78027534 371.92083740
v -7.07698298 -17.72384644 371.92080688
v -7.31332302 -17.57777596 371.92074585
v -7.48545122 -17.35968018 371.92065430
v -7.57260561 -17.09586716 371.92053223
v -7.56427479 -16.81815529 371.92037964
v -7.46146297 -16.56003952 371.92025757
v -8.59055424 -14.82430363 371.91946411
v -8.31528187 -14.83822346 371.91946411
v -8.84220982 -14.71188450 371.91940308
v 2.35951877 -18.75053596 371.92129517
v 2.08637547 -18.78743362 371.92132568
v 1.84500635 -18.92051315 371.92138672
v 4.71168041 -17.23686028 371.92059326
v 4.52678871 -17.44424629 371.92068481
v 4.95635176 -17.10522079 371.92053223
v 5.23129129 -17.06520081 371.92050171
v 7.59987974 -12.65098095 371.91845703
v 7.42775154 -12.43288612 371.91833496
v 7.34059715 -12.16907215 371.91821289
v 7.34892797 -11.89136028 371.91809082
v 7.45173979 -11.63324547 371.91796875
v 7.29972458 -9.37915993 371.91693115
v 7.10567284 -9.18342400 371.91683960
v 6.99543333 -8.93080521 371.91671753
v 6.98389435 -8.65542316 371.91659546
v 5.79547453 -6.61980152 371.91561890
v 6.06752110 -6.67622995 371.91564941
v 5.55913448 -6.47373056 371.91555786
v 5.38700628 -6.25563574 371.91546631
v 5.29985142 -5.99182224 371.91534424
v 5.30818272 -5.71411037 371.91522217
v 0.96102291 -3.37223339 371.91412354
v 0.77613109 -3.57961822 371.91421509
v 0.53145987 -3.71125937 371.91427612
v 0.25652012 -3.75127912 371.91430664
v -0.01552630 -3.69485068 371.91427612
v -5.21622801 -5.41297865 371.91506958
v -5.40111971 -5.62036324 371.91516113
v -5.64579105 -5.75200462 371.91522217
v -5.92073059 -5.79202461 371.91525269
v -7.72828817 -13.79500198 371.91897583
v -7.66634464 -14.06357574 371.91909790
v -7.70560360 -14.33638954 371.91921997
v -6.48491383 -16.23742294 371.92013550
v -6.75696039 -16.18099403 371.92010498
v -6.24857378 -16.38349342 371.92019653
v -6.07644558 -16.60158920 371.92028809
v -5.98929119 -16.86540222 371.92041016
v -5.99762201 -17.14311409 371.92053223
v -1.65046227 -19.48499107 371.92163086
v -1.46557045 -19.27760696 371.92153931
v -1.22089922 -19.14596558 371.92147827
v -0.94595951 -19.10594559 371.92144775
v -0.67391306 -19.16237450 371.92147827
v -0.43757275 -19.30844498 371.92153931
v 1.66800964 -19.13179588 371.92147827
v 7.63663149 -11.42586040 371.91787720
v 7.55138016 -9.49157906 371.91696167
v 7.88130283 -11.29421997 371.91781616
v 7.82665300 -9.50549889 371.91699219
v 8.15624237 -11.25419998 371.91778564
v 8.08836460 -9.41903877 371.91693115
v 1.59082866 -19.66813469 371.92172241
v -0.17829005 -19.79035378 371.92178345
v 1.57928979 -19.39275169 371.92160034
v -0.26544470 -19.52653885 371.92166138
v -7.27657127 -16.35265541 371.92016602
v -8.05356979 -14.75176239 371.91943359
v -7.03189993 -16.22101402 371.92010498
v -7.84076309 -14.57659912 371.91934204
v 7.07261467 -8.39446735 371.91647339
v 6.34246063 -6.63620996 371.91564941
v 7.24961138 -8.18318367 371.91635132
v 6.58713198 -6.50456905 371.91558838
v 7.63663149 -11.42504406 373.66787720
v 7.88130283 -11.29340267 373.66781616
v 8.15624237 -11.25338268 373.66778564
v 8.42828846 -11.30981159 373.66781616
v 8.66462898 -11.45588207 373.66787720
v 8.83675766 -11.67397690 373.66799927
v 8.92391205 -11.93779087 373.66812134
v 8.91558075 -12.21550274 373.66824341
v 8.81276894 -12.47361755 373.66836548
v 8.62787724 -12.68100166 373.66845703
v 8.38320637 -12.81264305 373.66851807
v 8.10826683 -12.85266304 373.66854858
v 7.83621979 -12.79623413 373.66851807
v 7.59987974 -12.65016365 373.66845703
v 7.42775154 -12.43206882 373.66833496
v 7.34059715 -12.16825581 373.66821289
v 7.34892797 -11.89054298 373.66809082
v 7.45173979 -11.63242912 373.66796875
v 9.15960598 -11.83600044 373.91806030
v 7.12364054 -11.76101971 373.91802979
v 7.08248425 -12.07486629 373.91818237
v 7.13672924 -12.38671684 373.91833496
v 7.28144646 -12.66823196 373.91845703
v 7.50348330 -12.89382648 373.91854858
v 7.78266191 -13.04299927 373.91864014
v 8.09361172 -13.10219479 373.91867065
v 8.40807247 -13.06603241 373.91864014
v 8.69746685 -12.93779850 373.91857910
v 8.93549633 -12.72914696 373.91848755
v 9.10052872 -12.45903969 373.91836548
v 9.17756557 -12.15202427 373.91821289
v 4.71168041 -17.23604393 373.67059326
v 4.95635176 -17.10440254 373.67053223
v 5.23129129 -17.06438255 373.67050171
v 5.50333786 -17.12081146 373.67053223
v 5.73967791 -17.26688194 373.67059326
v 5.91180611 -17.48497772 373.67071533
v 5.99896097 -17.74879074 373.67083740
v 5.99062967 -18.02650261 373.67095947
v 5.88781834 -18.28461838 373.67108154
v 5.70292616 -18.49200249 373.67117310
v 5.45825529 -18.62364388 373.67123413
v 5.18331528 -18.66366386 373.67126465
v 4.91126919 -18.60723495 373.67123413
v 4.67492867 -18.46116447 373.67117310
v 4.50280046 -18.24306870 373.67105103
v 4.41564608 -17.97925568 373.67092896
v 4.42397690 -17.70154381 373.67080688
v 4.52678871 -17.44342804 373.67068481
v 4.70050001 -16.94431496 373.92044067
v 6.08712626 -18.43697929 373.92114258
v 5.87636328 -18.67313957 373.92126465
v 5.60479689 -18.83576012 373.92132568
v 5.29710674 -18.91005898 373.92135620
v 4.98125601 -18.88928604 373.92135620
v 4.68594742 -18.77532768 373.92129517
v 4.43801928 -18.57854080 373.92120361
v 4.26000261 -18.31680870 373.92108154
v 4.16807461 -18.01391792 373.92095947
v 4.17059040 -17.69739532 373.92080688
v 4.26732063 -17.39600372 373.92065430
v 4.44947529 -17.13713455 373.92053223
v -1.46557045 -19.27678871 373.67153931
v -1.22089922 -19.14514732 373.67147827
v -0.94595951 -19.10512733 373.67144775
v -0.67391306 -19.16155624 373.67147827
v -0.43757275 -19.30762863 373.67153931
v -0.26544470 -19.52572250 373.67166138
v -0.17829005 -19.78953552 373.67178345
v -0.18662100 -20.06724739 373.67190552
v -0.28943267 -20.32536316 373.67202759
v -0.47432446 -20.53274727 373.67211914
v -0.71899575 -20.66438866 373.67218018
v -0.99393547 -20.70440865 373.67221069
v -1.26598191 -20.64797974 373.67218018
v -1.50232220 -20.50190926 373.67211914
v -1.67445028 -20.28381348 373.67199707
v -1.76160491 -20.02000046 373.67187500
v -1.75327396 -19.74228859 373.67175293
v -1.65046227 -19.48417473 373.67163086
v -0.67806131 -18.89603806 373.92135620
v -0.75304186 -20.93200302 373.92230225
v -1.06906545 -20.94996262 373.92233276
v -1.37608135 -20.87292671 373.92227173
v -1.64618838 -20.70789337 373.92221069
v -1.85483980 -20.46986389 373.92208862
v -1.98307359 -20.18046951 373.92196655
v -2.01923609 -19.86600876 373.92181396
v -1.96004105 -19.55505943 373.92166138
v -1.81086779 -19.27588081 373.92153931
v -1.58527303 -19.05384445 373.92144775
v -1.30375850 -18.90912628 373.92135620
v -0.99190778 -18.85488129 373.92135620
v -7.27657127 -16.35183907 373.67016602
v -7.03189993 -16.22019768 373.67010498
v -6.75696039 -16.18017769 373.67010498
v -6.48491383 -16.23660660 373.67013550
v -6.24857378 -16.38267708 373.67019653
v -6.07644558 -16.60077095 373.67028809
v -5.98929119 -16.86458588 373.67041016
v -5.99762201 -17.14229774 373.67053223
v -6.10043335 -17.40041161 373.67065430
v -6.28532553 -17.60779762 373.67074585
v -6.52999640 -17.73943901 373.67080688
v -6.80493641 -17.77945709 373.67083740
v -7.07698298 -17.72303009 373.67080688
v -7.31332302 -17.57695770 373.67074585
v -7.48545122 -17.35886383 373.67065430
v -7.57260561 -17.09505081 373.67053223
v -7.56427479 -16.81733894 373.67037964
v -7.46146297 -16.55922318 373.67025757
v -5.86135578 -16.47289848 373.92022705
v -7.35402060 -17.85952377 373.92086792
v -7.59018183 -17.64875984 373.92077637
v -7.75280190 -17.37719345 373.92065430
v -7.82710123 -17.06950378 373.92050171
v -7.80632782 -16.75365448 373.92034912
v -7.69236946 -16.45834541 373.92022705
v -7.49558258 -16.21041679 373.92010498
v -7.23385096 -16.03240013 373.92001343
v -6.93096066 -15.94047260 373.91998291
v -6.61443710 -15.94298840 373.91998291
v -6.31304598 -16.03971863 373.92001343
v -6.05417681 -16.22187233 373.92010498
v -9.31731701 -10.17458820 373.66729736
v -9.07264519 -10.04294682 373.66723633
v -8.79770565 -10.00292778 373.66720581
v -8.52565956 -10.05935574 373.66723633
v -8.28931904 -10.20542717 373.66729736
v -8.11719131 -10.42352200 373.66741943
v -8.03003597 -10.68733501 373.66754150
v -8.03836727 -10.96504688 373.66766357
v -8.14117908 -11.22316170 373.66778564
v -8.32607079 -11.43054676 373.66787720
v -8.57074165 -11.56218815 373.66793823
v -8.84568214 -11.60220814 373.66796875
v -9.11772823 -11.54577923 373.66793823
v -9.35406876 -11.39970875 373.66787720
v -9.52619648 -11.18161297 373.66775513
v -9.61335087 -10.91779995 373.66763306
v -9.60502052 -10.64008808 373.66751099
v -9.50220871 -10.38197327 373.66738892
v -7.81307983 -11.09433651 373.91772461
v -9.84904575 -11.01935673 373.91769409
v -9.86700535 -10.70333290 373.91754150
v -9.78996849 -10.39631748 373.91738892
v -9.62493610 -10.12621021 373.91726685
v -9.38690662 -9.91755867 373.91717529
v -9.09751129 -9.78932476 373.91711426
v -8.78305054 -9.75316238 373.91708374
v -8.47210121 -9.81235695 373.91711426
v -8.19292259 -9.96153069 373.91720581
v -7.97088575 -10.18712521 373.91729736
v -7.82616854 -10.46863937 373.91741943
v -7.77192354 -10.78049088 373.91757202
v -6.39236593 -4.36358833 373.66458130
v -6.14769459 -4.23194695 373.66452026
v -5.87275457 -4.19192696 373.66448975
v -5.60070848 -4.24835587 373.66452026
v -5.36436796 -4.39442635 373.66458130
v -5.19223976 -4.61252117 373.66470337
v -5.10508537 -4.87633467 373.66482544
v -5.11341619 -5.15404701 373.66494751
v -5.21622801 -5.41216135 373.66506958
v -5.40111971 -5.61954641 373.66516113
v -5.64579105 -5.75118780 373.66522217
v -5.92073059 -5.79120731 373.66525269
v -6.19277716 -5.73477888 373.66522217
v -6.42911768 -5.58870792 373.66516113
v -6.60124540 -5.37061310 373.66503906
v -6.68840027 -5.10679960 373.66491699
v -6.68006945 -4.82908773 373.66479492
v -6.57725763 -4.57097292 373.66467285
v -5.38993931 -5.91104317 373.91531372
v -6.77656555 -4.41837835 373.91461182
v -6.56580257 -4.18221712 373.91448975
v -6.29423618 -4.01959705 373.91442871
v -5.98654652 -3.94529796 373.91436768
v -5.67069530 -3.96607137 373.91439819
v -5.37538719 -4.08002949 373.91445923
v -5.12745857 -4.27681637 373.91455078
v -4.94944191 -4.53854799 373.91467285
v -4.85751390 -4.84143829 373.91479492
v -4.86002970 -5.15796185 373.91494751
v -4.95676041 -5.45935297 373.91510010
v -5.13891459 -5.71822214 373.91522217
v -0.21511489 -2.32284307 373.66363525
v 0.02955635 -2.19120169 373.66357422
v 0.30449608 -2.15118194 373.66354370
v 0.57654250 -2.20761037 373.66357422
v 0.81288284 -2.35368133 373.66363525
v 0.98501092 -2.57177615 373.66372681
v 1.07216549 -2.83558965 373.66387939
v 1.06383455 -3.11330175 373.66400146
v 0.96102291 -3.37141633 373.66412354
v 0.77613109 -3.57880116 373.66421509
v 0.53145987 -3.71044254 373.66427612
v 0.25652012 -3.75046229 373.66430664
v -0.01552630 -3.69403362 373.66427612
v -0.25186661 -3.54796290 373.66418457
v -0.42399469 -3.32986808 373.66409302
v -0.51114929 -3.06605458 373.66397095
v -0.50281835 -2.78834248 373.66384888
v -0.40000668 -2.53022766 373.66372681
v -0.01137805 -3.95931935 373.91439819
v 0.06360248 -1.92335355 373.91345215
v 0.37962604 -1.90539420 373.91342163
v 0.68664193 -1.98243105 373.91345215
v 0.95674902 -2.14746308 373.91354370
v 1.16540039 -2.38549256 373.91366577
v 1.29363430 -2.67488766 373.91378784
v 1.32979679 -2.98934865 373.91394043
v 1.27060163 -3.30029774 373.91409302
v 1.12142837 -3.57947636 373.91421509
v 0.89583367 -3.80151343 373.91430664
v 0.61431915 -3.94623041 373.91439819
v 0.30246839 -4.00047541 373.91439819
v 5.59588623 -5.24779367 373.66497803
v 5.84055710 -5.11615229 373.66491699
v 6.11549711 -5.07613277 373.66491699
v 6.38754320 -5.13256121 373.66494751
v 6.62388372 -5.27863216 373.66500854
v 6.79601192 -5.49672699 373.66510010
v 6.88316631 -5.76054049 373.66522217
v 6.87483549 -6.03825235 373.66537476
v 6.77202368 -6.29636717 373.66546631
v 6.58713198 -6.50375175 373.66558838
v 6.34246063 -6.63539314 373.66564941
v 6.06752110 -6.67541313 373.66564941
v 5.79547453 -6.61898422 373.66561890
v 5.55913448 -6.47291374 373.66555786
v 5.38700628 -6.25481892 373.66546631
v 5.29985142 -5.99100542 373.66534424
v 5.30818272 -5.71329308 373.66522217
v 5.41099405 -5.45517826 373.66510010
v 6.66458130 -4.99583340 373.91488647
v 6.90074253 -5.20659637 373.91497803
v 7.06336260 -5.47816277 373.91510010
v 7.13766146 -5.78585243 373.91525269
v 7.11688805 -6.10170364 373.91537476
v 7.00293016 -6.39701176 373.91552734
v 6.80614328 -6.64493990 373.91564941
v 6.54441166 -6.82295704 373.91574097
v 6.24152136 -6.91488457 373.91577148
v 5.92499781 -6.91236925 373.91577148
v 5.62360668 -6.81563854 373.91571045
v 5.36473751 -6.63348389 373.91564941
v 5.17191648 -6.38245916 373.91552734
v 7.76412344 -8.01227379 373.91629028
v 7.49098015 -8.04917240 373.91629028
v 7.24961138 -8.18225002 373.91635132
v 7.07261467 -8.39353371 373.91647339
v 6.98389435 -8.65448952 373.91659546
v 6.99543333 -8.92987156 373.91671753
v 7.10567284 -9.18249035 373.91683960
v 7.29972458 -9.37822628 373.91693115
v 7.55138016 -9.49064541 373.91696167
v 7.82665300 -9.50456524 373.91699219
v 8.08836460 -9.41810513 373.91693115
v 8.30117130 -9.24294090 373.91687012
v 8.43633080 -9.00273228 373.91674805
v 8.47558975 -8.72991753 373.91662598
v 8.41364574 -8.46134472 373.91650391
v 8.25886536 -8.23328400 373.91638184
v 8.03215122 -8.07653713 373.91632080
v 2.35951877 -18.74960136 373.92129517
v 2.08637547 -18.78650093 373.92132568
v 1.84500635 -18.91957855 373.92138672
v 1.66800964 -19.13086319 373.92147827
v 1.57928979 -19.39181709 373.92160034
v 1.59082866 -19.66720009 373.92172241
v 1.70106816 -19.91981888 373.92184448
v 1.89511955 -20.11555481 373.92193604
v 2.14677548 -20.22797394 373.92199707
v 2.42204785 -20.24189377 373.92199707
v 2.68376017 -20.15543365 373.92193604
v 2.89656663 -19.98027039 373.92187500
v 3.03172612 -19.74006081 373.92175293
v 3.07098508 -19.46724701 373.92163086
v 3.00904131 -19.19867325 373.92150879
v 2.85426044 -18.97061157 373.92138672
v 2.62754655 -18.81386566 373.92132568
v -8.37781048 -13.34499741 373.91876221
v -8.65095425 -13.38189697 373.91879272
v -8.89232349 -13.51497459 373.91885376
v -9.06931973 -13.72625828 373.91894531
v -9.15804005 -13.98721313 373.91906738
v -9.14650059 -14.26259613 373.91918945
v -9.03626156 -14.51521397 373.91931152
v -8.84220982 -14.71095085 373.91940308
v -8.59055424 -14.82336998 373.91946411
v -8.31528187 -14.83728981 373.91946411
v -8.05356979 -14.75082874 373.91943359
v -7.84076309 -14.57566547 373.91934204
v -7.70560360 -14.33545589 373.91921997
v -7.66634464 -14.06264210 373.91909790
v -7.72828817 -13.79406834 373.91897583
v -7.88306904 -13.56600857 373.91888428
v -8.10978317 -13.40926170 373.91879272
v -2.97320604 -2.60766935 373.91375732
v -3.24634933 -2.64456820 373.91378784
v -3.48771834 -2.77764606 373.91384888
v -3.66471505 -2.98892999 373.91394043
v -3.75343513 -3.24988484 373.91406250
v -3.74189615 -3.52526760 373.91418457
v -3.63165665 -3.77788568 373.91430664
v -3.43760514 -3.97362232 373.91439819
v -3.18594933 -4.08604145 373.91445923
v -2.91067672 -4.09996080 373.91445923
v -2.64896464 -4.01350069 373.91442871
v -2.43615818 -3.83833718 373.91433716
v -2.30099845 -3.59812760 373.91421509
v -2.26173949 -3.32531357 373.91409302
v -2.32368350 -3.05674028 373.91397095
v -2.47846437 -2.82867980 373.91384888
v -2.70517826 -2.67193294 373.91378784
v -2.47421861 -13.81537819 375.76898193
v 2.69376206 -10.42300797 375.76739502
v -3.47802567 -10.77689648 375.76757812
v -9.65343285 -11.03273106 373.91769409
v -9.48212242 -10.79229164 373.91757202
v -9.24222660 -10.62022114 373.91751099
v -8.95955849 -10.53503513 373.91744995
v -8.66453266 -10.54590034 373.91744995
v -8.38889599 -10.65164757 373.91751099
v -8.16230679 -10.84089756 373.91760254
v -8.00914669 -11.09328651 373.91772461
v 8.96399307 -11.82262611 373.91806030
v 8.79268360 -12.06306553 373.91818237
v 8.55278778 -12.23513603 373.91824341
v 8.27011871 -12.32032204 373.91830444
v 7.97509336 -12.30945683 373.91827393
v 7.69945621 -12.20370960 373.91824341
v 7.47286701 -12.01445961 373.91815186
v 7.31970739 -11.76207066 373.91802979
v 6.51680422 -5.12469578 373.91494751
v 6.56568670 -5.41584635 373.91506958
v 6.51772690 -5.70714998 373.91519165
v 6.37808514 -5.96726227 373.91531372
v 6.16178799 -6.16819429 373.91540527
v 5.89210844 -6.28832483 373.91546631
v 5.59806585 -6.31472731 373.91549683
v 5.31129980 -6.24456167 373.91546631
v -7.20624399 -17.73066139 373.92080688
v -7.25512600 -17.43951035 373.92068481
v -7.20716619 -17.14820671 373.92053223
v -7.06752443 -16.88809395 373.92041016
v -6.85122728 -16.68716240 373.92031860
v -6.58154774 -16.56703186 373.92028809
v -6.28750515 -16.54063034 373.92025757
v -6.00073910 -16.61079597 373.92028809
v -6.64770317 -4.56615496 373.91467285
v -6.35655260 -4.51727295 373.91464233
v -6.06524849 -4.56523275 373.91467285
v -5.80513620 -4.70487452 373.91473389
v -5.60420465 -4.92117167 373.91482544
v -5.48407412 -5.19085073 373.91497803
v -5.45767117 -5.48489380 373.91510010
v -5.52783728 -5.77165985 373.91522217
v 0.05022807 -2.11896682 373.91354370
v 0.29066774 -2.29027629 373.91360474
v 0.46273801 -2.53017211 373.91372681
v 0.54792362 -2.81284094 373.91384888
v 0.53705841 -3.10786653 373.91400146
v 0.43131152 -3.38350344 373.91412354
v 0.24206156 -3.61009264 373.91421509
v -0.01032766 -3.76325226 373.91430664
v -0.73966742 -20.73639107 373.92221069
v -0.98010713 -20.56508064 373.92214966
v -1.15217733 -20.32518578 373.92202759
v -1.23736298 -20.04251671 373.92190552
v -1.22649777 -19.74748993 373.92175293
v -1.12075090 -19.47185326 373.92163086
v -0.93150091 -19.24526405 373.92153931
v -0.67911172 -19.09210396 373.92144775
v 5.95826387 -18.28920174 373.92108154
v 5.66711330 -18.33808517 373.92111206
v 5.37580919 -18.29012489 373.92108154
v 5.11569691 -18.15048218 373.92102051
v 4.91476536 -17.93418503 373.92089844
v 4.79463482 -17.66450691 373.92077637
v 4.76823187 -17.37046432 373.92065430
v 4.83839798 -17.08369637 373.92050171
v -15.44471931 -24.12347603 382.92379761
v -15.44471931 -29.22067451 388.92617798
v -15.44471931 -29.22347450 382.92617798
v -15.44471931 6.37932205 388.90957642
v -15.44471931 1.27652156 382.91195679
v -15.44471931 6.37652111 382.90957642
v -13.44471931 1.27652156 382.91195679
v -10.94471931 1.05152166 382.91204834
v -1.16570866 -0.03800135 382.91256714
v -1.68193471 -0.23798838 382.91265869
v -2.15262365 -0.52942652 382.91278076
v -2.56174636 -0.90239125 382.91296387
v -6.07832241 -2.42586780 382.91366577
v -2.89537120 -1.34418166 382.91317749
v -5.53413820 -2.52759337 382.91372681
v -3.14213634 -1.83975303 382.91339111
v -5.01791239 -2.72758055 382.91381836
v -3.29363894 -2.37222958 382.91363525
v -4.54722357 -3.01901865 382.91394043
v -3.34471965 -2.92347789 382.91390991
v -4.13810062 -3.39198327 382.91412354
v -3.29363894 -3.47472644 382.91415405
v -3.80447602 -3.83377385 382.91433716
v -3.14213634 -4.00720263 382.91439819
v -3.55771065 -4.32934523 382.91455078
v -2.89537120 -4.50277424 382.91464233
v -3.40620804 -4.86182165 382.91482544
v -2.56174636 -4.94456482 382.91485596
v -3.35512733 -5.41307020 382.91506958
v -2.15262365 -5.31752920 382.91503906
v -3.40620804 -5.96431875 382.91531372
v -2.25008464 -7.79310751 382.91616821
v -3.55771065 -6.49679470 382.91558838
v -2.80776286 -8.14576244 382.91635132
v -3.80447602 -6.99236631 382.91580200
v -4.13810062 -7.43415689 382.91601562
v -13.44471931 1.05152166 382.91204834
v -10.94471931 -0.44847822 382.91275024
v -7.69234228 -2.72758055 382.91381836
v -7.17611647 -2.52759337 382.91372681
v -6.63193226 -2.42586780 382.91366577
v -12.94471931 -0.44847822 382.91275024
v -12.94471931 -5.39847755 382.91506958
v -10.94471931 -5.39847755 382.91506958
v -9.15254402 -4.32934523 382.91455078
v -9.30404663 -4.86182165 382.91482544
v -9.35512733 -5.41307020 382.91506958
v -9.30404663 -5.96431875 382.91531372
v -10.94471931 -6.89847755 382.91577148
v -9.15254402 -6.49679470 382.91558838
v -9.66570854 -8.53800011 382.91653442
v -8.90577888 -6.99236631 382.91580200
v -9.12152481 -8.43627453 382.91647339
v -8.57215405 -7.43415689 382.91601562
v -8.56791496 -8.43627453 382.91647339
v -8.16303158 -7.80712128 382.91619873
v -8.02373028 -8.53800011 382.91653442
v -7.69234228 -8.09855938 382.91632080
v -7.50750446 -8.73798752 382.91662598
v -7.17611647 -8.29854679 382.91641235
v -7.03681564 -9.02942562 382.91674805
v -6.63193226 -8.40027237 382.91647339
v -6.62769270 -9.40239048 382.91693115
v -6.07832241 -8.40027237 382.91647339
v -6.29406834 -9.84418106 382.91714478
v -5.53413820 -8.29854679 382.91641235
v -6.04730320 -10.33975220 382.91735840
v -4.28284407 -10.28278542 382.91732788
v -5.89580059 -10.87222862 382.91760254
v -4.41482592 -10.92927647 382.91763306
v -5.84471989 -11.42347717 382.91787720
v -4.44139481 -11.58856773 382.91793823
v -5.89580059 -11.97472572 382.91812134
v -4.36186123 -12.24358273 382.91824341
v -6.04730320 -12.50720215 382.91836548
v -4.17828608 -12.87735653 382.91854858
v -5.53413820 -14.54840755 382.91934204
v -5.01791239 -14.74839401 382.91943359
v -13.44471931 -6.89847755 382.91577148
v -11.06174660 -9.40239048 382.91693115
v -10.65262318 -9.02942562 382.91674805
v -10.18193436 -8.73798752 382.91662598
v -13.44471931 -15.94847679 382.91998291
v -11.84471989 -11.42347717 382.91787720
v -11.79363918 -10.87222862 382.91760254
v -11.64213657 -10.33975220 382.91735840
v -10.94471931 -15.94847679 382.91998291
v -11.06174660 -13.44456387 382.91882324
v -11.39537144 -13.00277328 382.91860962
v -11.64213657 -12.50720215 382.91836548
v -10.94471931 -17.44847679 382.92068481
v -9.30404663 -16.88263512 382.92041016
v -9.15254402 -16.35015869 382.92016602
v -9.66570854 -14.30895329 382.91921997
v -8.90577888 -15.85458755 382.91995239
v -9.12152481 -14.41067886 382.91928101
v -8.57215405 -15.41279697 382.91973877
v -8.56791496 -14.41067886 382.91928101
v -8.16303158 -15.03983307 382.91955566
v -8.02373028 -14.30895329 382.91921997
v -7.69234228 -14.74839401 382.91943359
v -7.50750446 -14.10896683 382.91912842
v -7.17611647 -14.54840755 382.91934204
v -7.03681564 -13.81752872 382.91900635
v -6.63193226 -14.44668198 382.91928101
v -6.62769270 -13.44456387 382.91882324
v -6.07832241 -14.44668198 382.91928101
v -6.29406834 -13.00277328 382.91860962
v -12.94471931 -17.44847679 382.92068481
v -12.94471931 -22.39847565 382.92300415
v -10.94471931 -22.39847565 382.92300415
v -9.15254402 -18.51760864 382.92117310
v -8.90577888 -19.01317978 382.92141724
v -8.57215405 -19.45497131 382.92163086
v -8.16303158 -19.82793617 382.92178345
v -7.69234228 -20.11937332 382.92193604
v -10.94471931 -23.89847565 382.92370605
v -7.17611647 -20.31936073 382.92202759
v -6.63193226 -20.42108536 382.92208862
v -6.07832241 -20.42108536 382.92208862
v -2.56174636 -21.94456291 382.92279053
v -2.89537120 -21.50277328 382.92257690
v -13.44471931 -23.89847565 382.92370605
v -13.44471931 -24.12347603 382.92379761
v -1.16570866 -22.80895233 382.92318726
v -0.62152475 -22.91067886 382.92324829
v 14.75528049 -29.22347450 382.92617798
v -0.06791461 -22.91067886 382.92324829
v 0.47626927 -22.80895233 382.92318726
v 10.05528069 -23.89847565 382.92370605
v 0.99249536 -22.60896492 382.92309570
v 1.46318424 -22.31752777 382.92297363
v 1.87230706 -21.94456291 382.92279053
v 5.38888311 -20.42108536 382.92208862
v 2.20593166 -21.50277328 382.92257690
v 4.84469891 -20.31936073 382.92202759
v 2.45269704 -21.00720024 382.92236328
v 4.32847309 -20.11937332 382.92193604
v 2.60419965 -20.47472382 382.92208862
v 3.85778403 -19.82793617 382.92178345
v 2.65528035 -19.92347527 382.92184448
v 3.44866109 -19.45497131 382.92163086
v 2.60419965 -19.37222672 382.92160034
v 3.11503649 -19.01317978 382.92141724
v 2.45269704 -18.83975029 382.92132568
v 2.86827135 -18.51760864 382.92117310
v 2.20593166 -18.34417915 382.92111206
v 2.71676874 -17.98513222 382.92092896
v 1.87230706 -17.90238953 382.92089844
v 2.66568804 -17.43388367 382.92068481
v 1.46318424 -17.52942467 382.92071533
v 2.71676874 -16.88263512 382.92041016
v 1.26234341 -15.19539261 382.91964722
v 2.86827135 -16.35015869 382.92016602
v 1.84659016 -14.88875580 382.91949463
v 3.11503649 -15.85458755 382.91995239
v 2.37408328 -14.49237061 382.91931152
v 3.44866109 -15.41279697 382.91973877
v 2.83116055 -14.01650238 382.91909790
v 3.85778403 -15.03983307 382.91955566
v 3.20598435 -13.47347641 382.91882324
v 4.32847309 -14.74839401 382.91943359
v 3.48884702 -12.87735653 382.91854858
v 4.84469891 -14.54840755 382.91934204
v 5.35786343 -12.50720215 382.91836548
v 5.60462904 -13.00277328 382.91860962
v 5.38888311 -14.44668198 382.91928101
v 5.93825340 -13.44456387 382.91882324
v 5.94249296 -14.44668198 382.91928101
v 6.34737635 -13.81752872 382.91900635
v 6.48667669 -14.54840755 382.91934204
v 6.81806517 -14.10896683 382.91912842
v 7.00290298 -14.74839401 382.91943359
v 7.33429146 -14.30895329 382.91921997
v 7.47359180 -15.03983307 382.91955566
v 7.87847519 -14.41067886 382.91928101
v 7.88271475 -15.41279697 382.91973877
v 8.43208504 -14.41067886 382.91928101
v 8.21633911 -15.85458755 382.91995239
v 8.97626972 -14.30895329 382.91921997
v 10.05528069 -15.94847679 382.91998291
v 9.49249554 -14.10896683 382.91912842
v 9.96318436 -13.81752872 382.91900635
v 10.37230682 -13.44456387 382.91882324
v 12.55528069 -15.94847679 382.91998291
v 10.70593166 -13.00277328 382.91860962
v 10.95269680 -12.50720215 382.91836548
v 11.10419941 -11.97472572 382.91812134
v 11.15528011 -11.42347717 382.91787720
v 12.55528069 -6.89847755 382.91577148
v 11.10419941 -10.87222862 382.91760254
v 10.95269680 -10.33975220 382.91735840
v 10.70593166 -9.84418106 382.91714478
v 10.37230682 -9.40239048 382.91693115
v 10.05528069 -6.89847755 382.91577148
v 9.96318436 -9.02942562 382.91674805
v 9.49249554 -8.73798752 382.91662598
v 8.97626972 -8.53800011 382.91653442
v 8.21633911 -6.99236631 382.91580200
v 8.43208504 -8.43627453 382.91647339
v 7.88271475 -7.43415689 382.91601562
v 7.87847519 -8.43627453 382.91647339
v 7.47359180 -7.80712128 382.91619873
v 7.33429146 -8.53800011 382.91653442
v 7.00290298 -8.09855938 382.91632080
v 6.81806517 -8.73798752 382.91662598
v 6.48667669 -8.29854679 382.91641235
v 6.34737635 -9.02942562 382.91674805
v 5.94249296 -8.40027237 382.91647339
v 5.93825340 -9.40239048 382.91693115
v 5.38888311 -8.40027237 382.91647339
v 5.60462904 -9.84418106 382.91714478
v 4.84469891 -8.29854679 382.91641235
v 5.35786343 -10.33975220 382.91735840
v 3.59340453 -10.28278542 382.91732788
v 5.20636082 -10.87222862 382.91760254
v 3.72538662 -10.92927647 382.91763306
v 5.15528011 -11.42347717 382.91787720
v 3.75195527 -11.58856773 382.91793823
v 5.20636082 -11.97472572 382.91812134
v 3.67242193 -12.24358273 382.91824341
v 14.75528049 6.37652111 382.90957642
v 14.55528069 -24.12347603 382.92379761
v 12.55528069 -24.12347603 382.92379761
v 12.55528069 -23.89847565 382.92370605
v -0.62152475 0.06372424 382.91250610
v -0.06791461 0.06372424 382.91250610
v 0.47626927 -0.03800135 382.91256714
v 2.71676874 -4.86182165 382.91482544
v 1.87230706 -4.94456482 382.91485596
v 2.66568804 -5.41307020 382.91506958
v 1.46318424 -5.31752920 382.91503906
v 2.71676874 -5.96431875 382.91531372
v 1.56064534 -7.79310751 382.91616821
v 2.86827135 -6.49679470 382.91558838
v 2.11832356 -8.14576244 382.91635132
v 3.11503649 -6.99236631 382.91580200
v 3.44866109 -7.43415689 382.91601562
v 2.61221027 -8.58330727 382.91653442
v 3.85778403 -7.80712128 382.91619873
v 3.02951407 -9.09441185 382.91677856
v 4.32847309 -8.09855938 382.91632080
v 3.35942721 -9.66583729 382.91705322
v 2.20593166 -4.50277424 382.91464233
v 2.86827135 -4.32934523 382.91455078
v 2.45269704 -4.00720263 382.91439819
v 3.11503649 -3.83377385 382.91433716
v 2.60419965 -3.47472644 382.91415405
v 3.44866109 -3.39198327 382.91412354
v 2.65528035 -2.92347789 382.91390991
v 3.85778403 -3.01901865 382.91394043
v 2.60419965 -2.37222958 382.91363525
v 4.32847309 -2.72758055 382.91381836
v 2.45269704 -1.83975303 382.91339111
v 4.84469891 -2.52759337 382.91372681
v 2.20593166 -1.34418166 382.91317749
v 5.38888311 -2.42586780 382.91366577
v 1.87230706 -0.90239125 382.91296387
v 10.05528069 1.05152166 382.91204834
v 1.46318424 -0.52942652 382.91278076
v 0.99249536 -0.23798838 382.91265869
v 5.94249296 -2.42586780 382.91366577
v 6.48667669 -2.52759337 382.91372681
v 7.00290298 -2.72758055 382.91381836
v 10.05528069 -0.44847822 382.91275024
v 7.47359180 -3.01901865 382.91394043
v 7.88271475 -3.39198327 382.91412354
v 8.21633911 -3.83377385 382.91433716
v 8.46310425 -4.32934523 382.91455078
v 10.05528069 -5.39847755 382.91506958
v 8.61460686 -4.86182165 382.91482544
v 8.66568756 -5.41307020 382.91506958
v 8.61460686 -5.96431875 382.91531372
v 8.46310425 -6.49679470 382.91558838
v -8.90577888 -3.83377385 382.91433716
v -8.57215405 -3.39198327 382.91412354
v -8.16303158 -3.01901865 382.91394043
v -3.30164981 -8.58330727 382.91653442
v -4.54722357 -7.80712128 382.91619873
v -3.71895361 -9.09441185 382.91677856
v -5.01791239 -8.09855938 382.91632080
v -4.04886627 -9.66583729 382.91705322
v -9.30404663 -17.98513222 382.92092896
v -9.35512733 -17.43388367 382.92068481
v -3.89542389 -13.47347641 382.91882324
v -4.54722357 -15.03983307 382.91955566
v -3.52060008 -14.01650238 382.91909790
v -4.13810062 -15.41279697 382.91973877
v -3.06352258 -14.49237061 382.91931152
v -3.80447602 -15.85458755 382.91995239
v -2.53602958 -14.88875580 382.91949463
v -3.55771065 -16.35015869 382.92016602
v -1.95178282 -15.19539261 382.91964722
v -3.40620804 -16.88263512 382.92041016
v -2.15262365 -17.52942467 382.92071533
v -3.35512733 -17.43388367 382.92068481
v -2.56174636 -17.90238953 382.92089844
v -3.40620804 -17.98513222 382.92092896
v -2.89537120 -18.34417915 382.92111206
v -3.55771065 -18.51760864 382.92117310
v -3.14213634 -18.83975029 382.92132568
v -3.80447602 -19.01317978 382.92141724
v -3.29363894 -19.37222672 382.92160034
v -4.13810062 -19.45497131 382.92163086
v -3.34471965 -19.92347527 382.92184448
v -4.54722357 -19.82793617 382.92178345
v -3.29363894 -20.47472382 382.92208862
v -5.01791239 -20.11937332 382.92193604
v -3.14213634 -21.00720024 382.92236328
v -5.53413820 -20.31936073 382.92202759
v 8.46310425 -16.35015869 382.92016602
v 8.61460686 -16.88263512 382.92041016
v 10.05528069 -17.44847679 382.92068481
v 8.66568756 -17.43388367 382.92068481
v 8.61460686 -17.98513222 382.92092896
v 8.46310425 -18.51760864 382.92117310
v 10.05528069 -22.39847565 382.92300415
v 12.05528069 -17.44847679 382.92068481
v 12.05528069 -22.39847565 382.92300415
v 8.21633911 -19.01317978 382.92141724
v 7.88271475 -19.45497131 382.92163086
v 7.47359180 -19.82793617 382.92178345
v 7.00290298 -20.11937332 382.92193604
v 6.48667669 -20.31936073 382.92202759
v 5.94249296 -20.42108536 382.92208862
v 0.31296656 -7.37657118 382.91598511
v -0.06791461 -5.91068029 382.91531372
v -0.34471968 -7.32347727 382.91595459
v -0.62152475 -5.91068029 382.91531372
v -1.00240588 -7.37657118 382.91598511
v -1.16570866 -5.80895472 382.91525269
v -1.64305842 -7.53447819 382.91604614
v -1.68193471 -5.60896778 382.91516113
v 0.47626927 -5.80895472 382.91525269
v 0.95361906 -7.53447819 382.91604614
v 0.99249536 -5.60896778 382.91516113
v 0.99249536 -17.23798561 382.92059326
v 0.63647455 -15.40433788 382.91973877
v 0.47626927 -17.03800011 382.92050171
v -0.01480675 -15.51018143 382.91976929
v -0.06791461 -16.93627357 382.92044067
v -0.62152475 -16.93627357 382.92044067
v -0.67463261 -15.51018143 382.91976929
v -1.16570866 -17.03800011 382.92050171
v -1.32591391 -15.40433788 382.91973877
v -1.68193471 -17.23798561 382.92059326
v -1.68193471 -22.60896492 382.92309570
v -2.15262365 -22.31752777 382.92297363
v -11.39537144 -9.84418106 382.91714478
v -10.18193436 -14.10896683 382.91912842
v -10.65262318 -13.81752872 382.91900635
v -11.79363918 -11.97472572 382.91812134
v 12.55528069 1.27652156 382.91195679
v 14.55528069 1.27652156 382.91195679
v 12.05528069 -5.39847755 382.91506958
v 12.05528069 -0.44847822 382.91275024
v 12.55528069 1.05152166 382.91204834
v -15.44471931 1.09146035 414.91204834
v -15.44471931 6.39145994 414.90957642
v -18.24472046 1.09146035 414.91204834
v -20.64472008 6.39145994 414.90957642
v -20.64472008 0.75040770 414.91220093
v -18.24472046 0.75040770 414.91220093
v -20.64472008 -23.56748390 414.92355347
v -18.24472046 -23.56748390 414.92355347
v -20.64472008 -22.55687714 414.04635620
v -18.24472046 -22.55687714 414.04635620
v -20.64472008 -21.48322487 413.24755859
v -18.24472046 -21.48322487 413.24755859
v -20.64472008 -20.35259628 412.53167725
v -18.24472046 -20.35259628 412.53167725
v -20.64472008 -19.17137909 411.90274048
v -18.24472046 -19.17137909 411.90274048
v -20.64472008 -17.94625092 411.36434937
v -18.24472046 -17.94625092 411.36434937
v -20.64472008 -16.68413925 410.91952515
v -18.24472046 -16.68413925 410.91952515
v -20.64472008 -15.39217281 410.57077026
v -18.24472046 -15.39217281 410.57077026
v -20.64472008 -14.07765675 410.32003784
v -18.24472046 -14.07765675 410.32003784
v -20.64472008 -12.74802017 410.16879272
v -18.24472046 -12.74802017 410.16879272
v -20.64472008 -11.41077900 410.11785889
v -18.24472046 -11.41077900 410.11785889
v -20.64472008 -10.07349110 410.16754150
v -18.24472046 -10.07349110 410.16754150
v -20.64472008 -8.74371338 410.31756592
v -18.24472046 -8.74371338 410.31756592
v -20.64472008 -7.42896414 410.56704712
v -18.24472046 -7.42896414 410.56704712
v -20.64472008 -6.13667345 410.91458130
v -18.24472046 -6.13667345 410.91458130
v -20.64472008 -4.87414551 411.35824585
v -18.24472046 -4.87414551 411.35824585
v -20.64472008 -3.64851618 411.89550781
v -18.24472046 -3.64851618 411.89550781
v -20.64472008 -2.46671295 412.52331543
v -18.24472046 -2.46671295 412.52331543
v -20.64472008 -1.33541524 413.23812866
v -18.24472046 -1.33541524 413.23812866
v -20.64472008 -0.26101753 414.03594971
v -18.24472046 -0.26101753 414.03594971
v -15.44471931 -23.90853691 414.92370605
v -18.24472046 -23.90853691 414.92370605
v -15.44471931 -29.20853615 414.92617798
v -20.64472008 -29.20853615 414.92617798
v 14.75528049 1.09146035 414.91204834
v 17.55528069 1.09146035 414.91204834
v 14.75528049 6.39145994 414.90957642
v 19.95528030 6.39145994 414.90957642
v 19.95528030 0.75040770 414.91220093
v 17.55528069 0.75040770 414.91220093
v 17.55528069 -23.56748390 414.92355347
v 17.55528069 -23.90853691 414.92370605
v 19.95528030 -23.56748390 414.92355347
v 19.95528030 -29.20853615 414.92617798
v 14.75528049 -29.20853615 414.92617798
v 14.75528049 -23.90853691 414.92370605
v 19.95528030 -0.26101753 414.03594971
v 17.55528069 -0.26101753 414.03594971
v 19.95528030 -1.33541524 413.23812866
v 17.55528069 -1.33541524 413.23812866
v 19.95528030 -2.46671295 412.52331543
v 17.55528069 -2.46671295 412.52331543
v 19.95528030 -3.64851618 411.89550781
v 17.55528069 -3.64851618 411.89550781
v 19.95528030 -4.87414551 411.35824585
v 17.55528069 -4.87414551 411.35824585
v 19.95528030 -6.13667345 410.91458130
v 17.55528069 -6.13667345 410.91458130
v 19.95528030 -7.42896414 410.56704712
v 17.55528069 -7.42896414 410.56704712
v 19.95528030 -8.74371338 410.31756592
v 17.55528069 -8.74371338 410.31756592
v 19.95528030 -10.07349110 410.16754150
v 17.55528069 -10.07349110 410.16754150
v 19.95528030 -11.41077900 410.11785889
v 17.55528069 -11.41077900 410.11785889
v 19.95528030 -12.74802017 410.16879272
v 17.55528069 -12.74802017 410.16879272
v 19.95528030 -14.07765675 410.32003784
v 17.55528069 -14.07765675 410.32003784
v 19.95528030 -15.39217281 410.57077026
v 17.55528069 -15.39217281 410.57077026
v 19.95528030 -16.68413925 410.91952515
v 17.55528069 -16.68413925 410.91952515
v 19.95528030 -17.94625092 411.36434937
v 17.55528069 -17.94625092 411.36434937
v 19.95528030 -19.17137909 411.90274048
v 17.55528069 -19.17137909 411.90274048
v 19.95528030 -20.35259628 412.53167725
v 17.55528069 -20.35259628 412.53167725
v 19.95528030 -21.48322487 413.24755859
v 17.55528069 -21.48322487 413.24755859
v 19.95528030 -22.55687714 414.04635620
v 17.55528069 -22.55687714 414.04635620
v 19.95528030 3.68317938 410.38262939
v 19.95528030 4.04976988 410.30627441
v 19.95528030 4.38216543 410.13381958
v 19.95528030 2.95668626 410.23199463
v 19.95528030 3.30958223 410.35723877
v 19.95528030 2.65066433 410.01620483
v 19.95528030 2.41421270 409.72586060
v 19.95528030 2.26486778 409.38244629
v 19.95528030 2.21370578 409.01150513
v 19.95528030 2.26452136 408.64050293
v 19.95528030 2.41354561 408.29699707
v 19.95528030 2.64972615 408.00640869
v 19.95528030 2.64272809 393.01620483
v 19.95528030 2.40627646 392.72586060
v 19.95528030 -3.56568146 386.95724487
v 19.95528030 -19.11428261 386.86523438
v 19.95528030 -3.87726736 386.73751831
v 19.95528030 -19.45272255 387.04080200
v 19.95528030 -25.15780640 392.57208252
v 19.95528030 -25.35221863 392.89212036
v 19.95528030 -25.34509277 408.15661621
v 19.95528030 -25.15038109 408.47647095
v 19.95528030 -25.04918480 408.83700562
v 19.95528030 -25.04901123 409.21145630
v 19.95528030 -25.14986992 409.57208252
v 19.95528030 -25.34428215 409.89212036
v 19.95528030 -25.61783218 410.14782715
v 19.95528030 -25.95022583 410.32028198
v 19.95528030 -26.31681824 410.39663696
v 19.95528030 -26.69041443 410.37124634
v 19.95528030 -27.04331017 410.24600220
v 19.95528030 -27.34933281 410.03021240
v 19.95528030 -27.58578491 409.73983765
v 19.95528030 -27.73512840 409.39645386
v 19.95528030 -27.78629112 409.02551270
v 19.95528030 -27.73547554 408.65451050
v 19.95528030 -27.74306488 392.39645386
v 19.95528030 -27.59371948 392.73983765
v 19.95528030 -27.79422760 392.02551270
v 19.95528030 -29.22580910 377.92617798
v 19.95528030 -27.74341202 391.65451050
v 19.95528030 -27.59438705 391.31100464
v 19.95528030 -27.35820770 391.02041626
v 19.95528030 -27.05238724 390.80432129
v 19.95528030 -26.69960785 390.67877197
v 19.95528030 -21.27042961 385.34475708
v 19.95528030 -21.32216835 385.72250366
v 19.95528030 6.37418699 377.90957642
v 19.95528030 -19.45395279 384.40246582
v 19.95528030 -19.82728195 384.32507324
v 19.95528030 -20.20764732 384.35125732
v 19.95528030 4.94304991 392.19747925
v 19.95528030 4.94287539 391.82299805
v 19.95528030 4.84167910 391.46249390
v 19.95528030 -25.62576675 393.14782715
v 19.95528030 -25.61887932 407.90118408
v 19.95528030 -25.95816231 393.32028198
v 19.95528030 -25.95143700 407.72906494
v 19.95528030 -26.32475281 393.39663696
v 19.95528030 -26.31809807 407.65304565
v 19.95528030 -26.69167137 407.67877197
v 19.95528030 -26.69835091 393.37124634
v 19.95528030 -27.04445076 407.80432129
v 19.95528030 -27.05124664 393.24600220
v 19.95528030 -27.35027122 408.02041626
v 19.95528030 -27.35726929 393.03021240
v 19.95528030 -27.58645058 408.31100464
v 19.95528030 2.25693154 392.38244629
v 19.95528030 -3.20636940 387.08474731
v 19.95528030 2.20576978 392.01150513
v 19.95528030 -2.82597947 387.11059570
v 19.95528030 -2.45272350 387.03286743
v 19.95528030 2.94875002 393.23199463
v 19.95528030 2.95554638 407.79031372
v 19.95528030 3.30164599 393.35723877
v 19.95528030 3.30832529 407.66476440
v 19.95528030 3.67524314 393.38262939
v 19.95528030 3.68189859 407.63903809
v 19.95528030 4.04856014 407.71505737
v 19.95528030 4.04183388 393.30627441
v 19.95528030 4.38111687 407.88717651
v 19.95528030 4.37422943 393.13381958
v 19.95528030 4.65490341 408.14263916
v 19.95528030 4.64777756 392.87811279
v 19.95528030 4.84961557 408.46249390
v 19.95528030 4.84219074 392.55807495
v 19.95528030 4.95081139 408.82299805
v 19.95528030 4.64696741 391.14263916
v 19.95528030 4.37318039 390.88717651
v 19.95528030 4.04062414 390.71505737
v 19.95528030 3.67396235 390.63903809
v 19.95528030 -1.53529966 385.52261353
v 19.95528030 -1.63833547 385.15554810
v 19.95528030 -1.53512168 385.90390015
v 19.95528030 3.30038905 390.66476440
v 19.95528030 2.94761014 390.79031372
v 19.95528030 -1.63781476 386.27105713
v 19.95528030 2.64178991 391.00640869
v 19.95528030 -1.83576262 386.59692383
v 19.95528030 2.40560937 391.29699707
v 19.95528030 -2.11428452 386.85729980
v 19.95528030 2.25658512 391.64053345
v 19.95528030 -26.32603455 390.65304565
v 19.95528030 -21.27007675 386.10018921
v 19.95528030 -25.95937347 390.72906494
v 19.95528030 -25.62681580 390.90118408
v 19.95528030 -21.11801720 386.44982910
v 19.95528030 -25.35302925 391.15664673
v 19.95528030 -20.87726593 386.74545288
v 19.95528030 -25.15831757 391.47647095
v 19.95528030 -20.56567955 386.96517944
v 19.95528030 -25.05712128 391.83700562
v 19.95528030 -20.20636749 387.09268188
v 19.95528030 -19.82597733 387.11853027
v 19.95528030 -25.05694771 392.21145630
v 19.95528030 -18.83576012 386.60485840
v 19.95528030 -4.11801815 386.44189453
v 19.95528030 -18.63781357 386.27899170
v 19.95528030 -4.27007866 386.09225464
v 19.95528030 -18.53512001 385.91183472
v 19.95528030 -4.32217073 385.71456909
v 19.95528030 -18.53529739 385.53054810
v 19.95528030 -4.27043104 385.33682251
v 19.95528030 -18.63833427 385.16348267
v 19.95528030 -4.11869764 384.98706055
v 19.95528030 -18.83658600 384.83779907
v 19.95528030 -3.87822270 384.69119263
v 19.95528030 -19.11535072 384.57769775
v 19.95528030 -3.56684208 384.47116089
v 19.95528030 -20.56684113 384.47909546
v 19.95528030 -20.87822151 384.69912720
v 19.95528030 -21.11869621 384.99499512
v 19.95528030 4.65571356 409.87811279
v 19.95528030 4.85012674 409.55807495
v 19.95528030 4.95098639 409.19744873
v 19.95528030 -1.83658755 384.82986450
v 19.95528030 -2.11535239 384.56976318
v 19.95528030 -2.45395517 384.39453125
v 19.95528030 -2.82728338 384.31713867
v 19.95528030 -3.20764899 384.34332275
v -15.44471931 1.07904255 388.31204224
v -18.24472046 1.07904255 388.31204224
v -18.24472046 -23.92095566 388.32369995
v 14.75528049 -23.92095566 388.32369995
v 17.55528069 -23.92095566 388.32369995
v 17.55528069 1.07904255 388.31204224
v 14.75528049 1.07904255 388.31204224
v -15.44471931 -23.92095566 388.32369995
v 14.75528049 3.68317938 410.38262939
v 14.75528049 3.30958223 410.35723877
v 14.75528049 2.95668626 410.23199463
v 14.75528049 4.94304991 392.19747925
v 14.75528049 4.95081139 408.82299805
v 14.75528049 4.95098639 409.19744873
v 14.75528049 -19.82728195 384.32507324
v 14.75528049 -3.20764899 384.34332275
v 14.75528049 -2.82728338 384.31713867
v 14.75528049 -27.79422760 392.02551270
v 14.75528049 -27.74341202 391.65451050
v 14.75528049 -27.59438705 391.31100464
v 14.75528049 -26.31681824 410.39663696
v 14.75528049 -26.69041443 410.37124634
v 14.75528049 -27.04331017 410.24600220
v 14.75528049 -25.04918480 408.83700562
v 14.75528049 -25.04901123 409.21145630
v 14.75528049 -25.14986992 409.57208252
v 14.75528049 -3.20636940 387.08474731
v 14.75528049 -19.45272255 387.04080200
v 14.75528049 -19.82597733 387.11853027
v 14.75528049 2.21370578 409.01150513
v 14.75528049 2.26452136 408.64050293
v 14.75528049 2.25693154 392.38244629
v 14.75528049 2.40627646 392.72586060
v 14.75528049 2.41354561 408.29699707
v 14.75528049 2.64272809 393.01620483
v 14.75528049 2.64972615 408.00640869
v 14.75528049 2.94875002 393.23199463
v 14.75528049 2.95554638 407.79031372
v 14.75528049 3.30164599 393.35723877
v 14.75528049 3.30832529 407.66476440
v 14.75528049 3.67524314 393.38262939
v 14.75528049 3.68189859 407.63903809
v 14.75528049 4.04856014 407.71505737
v 14.75528049 -27.73512840 409.39645386
v 14.75528049 -27.78629112 409.02551270
v 14.75528049 -27.73547554 408.65451050
v 14.75528049 -27.74306488 392.39645386
v 14.75528049 -27.59371948 392.73983765
v 14.75528049 -27.58645058 408.31100464
v 14.75528049 -27.35726929 393.03021240
v 14.75528049 -27.35027122 408.02041626
v 14.75528049 -27.05124664 393.24600220
v 14.75528049 -27.04445076 407.80432129
v 14.75528049 -26.69835091 393.37124634
v 14.75528049 -26.69167137 407.67877197
v 14.75528049 -26.32475281 393.39663696
v 14.75528049 -26.31809807 407.65304565
v 14.75528049 -25.95143700 407.72906494
v 14.75528049 -25.95816231 393.32028198
v 14.75528049 -25.61887932 407.90118408
v 14.75528049 -25.62576675 393.14782715
v 14.75528049 -25.34509277 408.15661621
v 14.75528049 -25.35221863 392.89212036
v 14.75528049 -25.15038109 408.47647095
v 14.75528049 -25.15780640 392.57208252
v 14.75528049 -25.05694771 392.21145630
v 14.75528049 -25.05712128 391.83700562
v 14.75528049 -25.15831757 391.47647095
v 14.75528049 -25.35302925 391.15664673
v 14.75528049 -25.62681580 390.90118408
v 14.75528049 -25.95937347 390.72906494
v 14.75528049 -26.32603455 390.65304565
v 14.75528049 -26.69960785 390.67877197
v 14.75528049 -27.05238724 390.80432129
v 14.75528049 -27.35820770 391.02041626
v 14.75528049 -25.34428215 409.89212036
v 14.75528049 -25.61783218 410.14782715
v 14.75528049 -25.95022583 410.32028198
v 14.75528049 -27.34933281 410.03021240
v 14.75528049 -27.58578491 409.73983765
v 14.75528049 2.20576978 392.01150513
v 14.75528049 2.25658512 391.64053345
v 14.75528049 2.40560937 391.29699707
v 14.75528049 2.64178991 391.00640869
v 14.75528049 2.94761014 390.79031372
v 14.75528049 3.30038905 390.66476440
v 14.75528049 3.67396235 390.63903809
v 14.75528049 4.04062414 390.71505737
v 14.75528049 4.37318039 390.88717651
v 14.75528049 4.64696741 391.14263916
v 14.75528049 4.84167910 391.46249390
v 14.75528049 4.94287539 391.82299805
v 14.75528049 4.84219074 392.55807495
v 14.75528049 4.84961557 408.46249390
v 14.75528049 4.64777756 392.87811279
v 14.75528049 4.65490341 408.14263916
v 14.75528049 4.37422943 393.13381958
v 14.75528049 4.38111687 407.88717651
v 14.75528049 4.04183388 393.30627441
v 14.75528049 -21.27007675 386.10018921
v 14.75528049 -21.32216835 385.72250366
v 14.75528049 -21.27042961 385.34475708
v 14.75528049 -21.11869621 384.99499512
v 14.75528049 -20.87822151 384.69912720
v 14.75528049 -20.56684113 384.47909546
v 14.75528049 -20.20764732 384.35125732
v 14.75528049 -19.45395279 384.40246582
v 14.75528049 -3.56684208 384.47116089
v 14.75528049 -19.11535072 384.57769775
v 14.75528049 -3.87822270 384.69119263
v 14.75528049 -18.83658600 384.83779907
v 14.75528049 -4.11869764 384.98706055
v 14.75528049 -18.63833427 385.16348267
v 14.75528049 -4.27043104 385.33682251
v 14.75528049 -18.53529739 385.53054810
v 14.75528049 -4.32217073 385.71456909
v 14.75528049 -18.53512001 385.91183472
v 14.75528049 -4.27007866 386.09225464
v 14.75528049 -18.63781357 386.27899170
v 14.75528049 -4.11801815 386.44189453
v 14.75528049 -18.83576012 386.60485840
v 14.75528049 -3.87726736 386.73751831
v 14.75528049 -19.11428261 386.86523438
v 14.75528049 -3.56568146 386.95724487
v 14.75528049 -20.20636749 387.09268188
v 14.75528049 -20.56567955 386.96517944
v 14.75528049 -20.87726593 386.74545288
v 14.75528049 -21.11801720 386.44982910
v 14.75528049 4.85012674 409.55807495
v 14.75528049 4.65571356 409.87811279
v 14.75528049 4.38216543 410.13381958
v 14.75528049 4.04976988 410.30627441
v 14.75528049 2.65066433 410.01620483
v 14.75528049 2.41421270 409.72586060
v 14.75528049 2.26486778 409.38244629
v 14.75528049 -2.45395517 384.39453125
v 14.75528049 -2.11535239 384.56976318
v 14.75528049 -1.83658755 384.82986450
v 14.75528049 -1.63833547 385.15554810
v 14.75528049 -1.53529966 385.52261353
v 14.75528049 -1.53512168 385.90390015
v 14.75528049 -1.63781476 386.27105713
v 14.75528049 -1.83576262 386.59692383
v 14.75528049 -2.11428452 386.85729980
v 14.75528049 -2.45272350 387.03286743
v 14.75528049 -2.82597947 387.11059570
v -15.44471931 -27.74341202 391.65451050
v -20.64472008 -27.74341202 391.65451050
v -15.44471931 -27.79422760 392.02551270
v -20.64472008 -27.79422760 392.02551270
v -15.44471931 -27.74306488 392.39645386
v -20.64472008 -27.74306488 392.39645386
v -15.44471931 -27.59371948 392.73983765
v -20.64472008 -27.59371948 392.73983765
v -15.44471931 -27.35726929 393.03021240
v -20.64472008 -27.35726929 393.03021240
v -15.44471931 -27.05124664 393.24600220
v -20.64472008 -27.05124664 393.24600220
v -15.44471931 -26.69835091 393.37124634
v -20.64472008 -26.69835091 393.37124634
v -15.44471931 -26.32475281 393.39663696
v -20.64472008 -26.32475281 393.39663696
v -15.44471931 -25.95816231 393.32028198
v -20.64472008 -25.95816231 393.32028198
v -15.44471931 -25.62576675 393.14782715
v -20.64472008 -25.62576675 393.14782715
v -15.44471931 -25.35221863 392.89212036
v -20.64472008 -25.35221863 392.89212036
v -15.44471931 -25.15780640 392.57208252
v -20.64472008 -25.15780640 392.57208252
v -15.44471931 -25.05694771 392.21145630
v -20.64472008 -25.05694771 392.21145630
v -15.44471931 -25.05712128 391.83700562
v -20.64472008 -25.05712128 391.83700562
v -15.44471931 -25.15831757 391.47647095
v -20.64472008 -25.15831757 391.47647095
v -15.44471931 -25.35302925 391.15664673
v -20.64472008 -25.35302925 391.15664673
v -15.44471931 -25.62681580 390.90118408
v -20.64472008 -25.62681580 390.90118408
v -15.44471931 -25.95937347 390.72906494
v -20.64472008 -25.95937347 390.72906494
v -15.44471931 -26.32603455 390.65304565
v -20.64472008 -26.32603455 390.65304565
v -15.44471931 -26.69960785 390.67877197
v -20.64472008 -26.69960785 390.67877197
v -15.44471931 -27.05238724 390.80432129
v -20.64472008 -27.05238724 390.80432129
v -15.44471931 -27.35820770 391.02041626
v -20.64472008 -27.35820770 391.02041626
v -15.44471931 -27.59438705 391.31100464
v -20.64472008 -27.59438705 391.31100464
v -15.44471931 2.26452136 408.64050293
v -20.64472008 2.26452136 408.64050293
v -15.44471931 2.21370578 409.01150513
v -20.64472008 2.21370578 409.01150513
v -15.44471931 2.26486778 409.38244629
v -20.64472008 2.26486778 409.38244629
v -15.44471931 2.41421270 409.72586060
v -20.64472008 2.41421270 409.72586060
v -15.44471931 2.65066433 410.01620483
v -20.64472008 2.65066433 410.01620483
v -15.44471931 2.95668626 410.23199463
v -20.64472008 2.95668626 410.23199463
v -15.44471931 3.30958223 410.35723877
v -20.64472008 3.30958223 410.35723877
v -15.44471931 3.68317938 410.38262939
v -20.64472008 3.68317938 410.38262939
v -15.44471931 4.04976988 410.30627441
v -20.64472008 4.04976988 410.30627441
v -15.44471931 4.38216543 410.13381958
v -20.64472008 4.38216543 410.13381958
v -15.44471931 4.65571356 409.87811279
v -20.64472008 4.65571356 409.87811279
v -15.44471931 4.85012674 409.55807495
v -20.64472008 4.85012674 409.55807495
v -15.44471931 4.95098639 409.19744873
v -20.64472008 4.95098639 409.19744873
v -15.44471931 4.95081139 408.82299805
v -20.64472008 4.95081139 408.82299805
v -15.44471931 4.84961557 408.46249390
v -20.64472008 4.84961557 408.46249390
v -15.44471931 4.65490341 408.14263916
v -20.64472008 4.65490341 408.14263916
v -15.44471931 4.38111687 407.88717651
v -20.64472008 4.38111687 407.88717651
v -15.44471931 4.04856014 407.71505737
v -20.64472008 4.04856014 407.71505737
v -15.44471931 3.68189859 407.63903809
v -20.64472008 3.68189859 407.63903809
v -15.44471931 3.30832529 407.66476440
v -20.64472008 3.30832529 407.66476440
v -15.44471931 2.95554638 407.79031372
v -20.64472008 2.95554638 407.79031372
v -15.44471931 2.64972615 408.00640869
v -20.64472008 2.64972615 408.00640869
v -15.44471931 2.41354561 408.29699707
v -20.64472008 2.41354561 408.29699707
v -15.44471931 -21.27042961 385.34475708
v -20.64472008 -21.27042961 385.34475708
v -15.44471931 -21.32216835 385.72250366
v -20.64472008 -21.32216835 385.72250366
v -15.44471931 -21.27007675 386.10018921
v -20.64472008 -21.27007675 386.10018921
v -15.44471931 -21.11801720 386.44982910
v -20.64472008 -21.11801720 386.44982910
v -15.44471931 -20.87726593 386.74545288
v -20.64472008 -20.87726593 386.74545288
v -15.44471931 -20.56567955 386.96517944
v -20.64472008 -20.56567955 386.96517944
v -15.44471931 -20.20636749 387.09268188
v -20.64472008 -20.20636749 387.09268188
v -15.44471931 -19.82597733 387.11853027
v -20.64472008 -19.82597733 387.11853027
v -15.44471931 -19.45272255 387.04080200
v -20.64472008 -19.45272255 387.04080200
v -15.44471931 -19.11428261 386.86523438
v -20.64472008 -19.11428261 386.86523438
v -15.44471931 -18.83576012 386.60485840
v -20.64472008 -18.83576012 386.60485840
v -15.44471931 -18.63781357 386.27899170
v -20.64472008 -18.63781357 386.27899170
v -15.44471931 -18.53512001 385.91183472
v -20.64472008 -18.53512001 385.91183472
v -15.44471931 -18.53529739 385.53054810
v -20.64472008 -18.53529739 385.53054810
v -15.44471931 -18.63833427 385.16348267
v -20.64472008 -18.63833427 385.16348267
v -15.44471931 -18.83658600 384.83779907
v -20.64472008 -18.83658600 384.83779907
v -15.44471931 -19.11535072 384.57769775
v -20.64472008 -19.11535072 384.57769775
v -15.44471931 -19.45395279 384.40246582
v -20.64472008 -19.45395279 384.40246582
v -15.44471931 -19.82728195 384.32507324
v -20.64472008 -19.82728195 384.32507324
v -15.44471931 -20.20764732 384.35125732
v -20.64472008 -20.20764732 384.35125732
v -15.44471931 -20.56684113 384.47909546
v -20.64472008 -20.56684113 384.47909546
v -15.44471931 -20.87822151 384.69912720
v -20.64472008 -20.87822151 384.69912720
v -15.44471931 -21.11869621 384.99499512
v -20.64472008 -21.11869621 384.99499512
v -15.44471931 -27.73547554 408.65451050
v -20.64472008 -27.73547554 408.65451050
v -15.44471931 -27.78629112 409.02551270
v -20.64472008 -27.78629112 409.02551270
v -15.44471931 -27.73512840 409.39645386
v -20.64472008 -27.73512840 409.39645386
v -15.44471931 -27.58578491 409.73983765
v -20.64472008 -27.58578491 409.73983765
v -15.44471931 -27.34933281 410.03021240
v -20.64472008 -27.34933281 410.03021240
v -15.44471931 -27.04331017 410.24600220
v -20.64472008 -27.04331017 410.24600220
v -15.44471931 -26.69041443 410.37124634
v -20.64472008 -26.69041443 410.37124634
v -15.44471931 -26.31681824 410.39663696
v -20.64472008 -26.31681824 410.39663696
v -15.44471931 -25.95022583 410.32028198
v -20.64472008 -25.95022583 410.32028198
v -15.44471931 -25.61783218 410.14782715
v -20.64472008 -25.61783218 410.14782715
v -15.44471931 -25.34428215 409.89212036
v -20.64472008 -25.34428215 409.89212036
v -15.44471931 -25.14986992 409.57208252
v -20.64472008 -25.14986992 409.57208252
v -15.44471931 -25.04901123 409.21145630
v -20.64472008 -25.04901123 409.21145630
v -15.44471931 -25.04918480 408.83700562
v -20.64472008 -25.04918480 408.83700562
v -15.44471931 -25.15038109 408.47647095
v -20.64472008 -25.15038109 408.47647095
v -15.44471931 -25.34509277 408.15661621
v -20.64472008 -25.34509277 408.15661621
v -15.44471931 -25.61887932 407.90118408
v -20.64472008 -25.61887932 407.90118408
v -15.44471931 -25.95143700 407.72906494
v -20.64472008 -25.95143700 407.72906494
v -15.44471931 -26.31809807 407.65304565
v -20.64472008 -26.31809807 407.65304565
v -15.44471931 -26.69167137 407.67877197
v -20.64472008 -26.69167137 407.67877197
v -15.44471931 -27.04445076 407.80432129
v -20.64472008 -27.04445076 407.80432129
v -15.44471931 -27.35027122 408.02041626
v -20.64472008 -27.35027122 408.02041626
v -15.44471931 -27.58645058 408.31100464
v -20.64472008 -27.58645058 408.31100464
v -15.44471931 2.25658512 391.64053345
v -20.64472008 2.25658512 391.64053345
v -15.44471931 2.20576978 392.01150513
v -20.64472008 2.20576978 392.01150513
v -15.44471931 2.25693154 392.38244629
v -20.64472008 2.25693154 392.38244629
v -15.44471931 2.40627646 392.72586060
v -20.64472008 2.40627646 392.72586060
v -15.44471931 2.64272809 393.01620483
v -20.64472008 2.64272809 393.01620483
v -15.44471931 2.94875002 393.23199463
v -20.64472008 2.94875002 393.23199463
v -15.44471931 3.30164599 393.35723877
v -20.64472008 3.30164599 393.35723877
v -15.44471931 3.67524314 393.38262939
v -20.64472008 3.67524314 393.38262939
v -15.44471931 4.04183388 393.30627441
v -20.64472008 4.04183388 393.30627441
v -15.44471931 4.37422943 393.13381958
v -20.64472008 4.37422943 393.13381958
v -15.44471931 4.64777756 392.87811279
v -20.64472008 4.64777756 392.87811279
v -15.44471931 4.84219074 392.55807495
v -20.64472008 4.84219074 392.55807495
v -15.44471931 4.94304991 392.19747925
v -20.64472008 4.94304991 392.19747925
v -15.44471931 4.94287539 391.82299805
v -20.64472008 4.94287539 391.82299805
v -15.44471931 4.84167910 391.46249390
v -20.64472008 4.84167910 391.46249390
v -15.44471931 4.64696741 391.14263916
v -20.64472008 4.64696741 391.14263916
v -15.44471931 4.37318039 390.88717651
v -20.64472008 4.37318039 390.88717651
v -15.44471931 4.04062414 390.71505737
v -20.64472008 4.04062414 390.71505737
v -15.44471931 3.67396235 390.63903809
v -20.64472008 3.67396235 390.63903809
v -15.44471931 3.30038905 390.66476440
v -20.64472008 3.30038905 390.66476440
v -15.44471931 2.94761014 390.79031372
v -20.64472008 2.94761014 390.79031372
v -15.44471931 2.64178991 391.00640869
v -20.64472008 2.64178991 391.00640869
v -15.44471931 2.40560937 391.29699707
v -20.64472008 2.40560937 391.29699707
v -15.44471931 -4.27043104 385.33682251
v -20.64472008 -4.27043104 385.33682251
v -15.44471931 -4.32217073 385.71456909
v -20.64472008 -4.32217073 385.71456909
v -15.44471931 -4.27007866 386.09225464
v -20.64472008 -4.27007866 386.09225464
v -15.44471931 -4.11801815 386.44189453
v -20.64472008 -4.11801815 386.44189453
v -15.44471931 -3.87726736 386.73751831
v -20.64472008 -3.87726736 386.73751831
v -15.44471931 -3.56568146 386.95724487
v -20.64472008 -3.56568146 386.95724487
v -15.44471931 -3.20636940 387.08474731
v -20.64472008 -3.20636940 387.08474731
v -15.44471931 -2.82597947 387.11059570
v -20.64472008 -2.82597947 387.11059570
v -15.44471931 -2.45272350 387.03286743
v -20.64472008 -2.45272350 387.03286743
v -15.44471931 -2.11428452 386.85729980
v -20.64472008 -2.11428452 386.85729980
v -15.44471931 -1.83576262 386.59692383
v -20.64472008 -1.83576262 386.59692383
v -15.44471931 -1.63781476 386.27105713
v -20.64472008 -1.63781476 386.27105713
v -15.44471931 -1.53512168 385.90390015
v -20.64472008 -1.53512168 385.90390015
v -15.44471931 -1.53529966 385.52261353
v -20.64472008 -1.53529966 385.52261353
v -15.44471931 -1.63833547 385.15554810
v -20.64472008 -1.63833547 385.15554810
v -15.44471931 -1.83658755 384.82986450
v -20.64472008 -1.83658755 384.82986450
v -15.44471931 -2.11535239 384.56976318
v -20.64472008 -2.11535239 384.56976318
v -15.44471931 -2.45395517 384.39453125
v -20.64472008 -2.45395517 384.39453125
v -15.44471931 -2.82728338 384.31713867
v -20.64472008 -2.82728338 384.31713867
v -15.44471931 -3.20764899 384.34332275
v -20.64472008 -3.20764899 384.34332275
v -15.44471931 -3.56684208 384.47116089
v -20.64472008 -3.56684208 384.47116089
v -15.44471931 -3.87822270 384.69119263
v -20.64472008 -3.87822270 384.69119263
v -15.44471931 -4.11869764 384.98706055
v -20.64472008 -4.11869764 384.98706055
v 8.60032177 -9.47408867 381.91696167
v 8.23778248 -9.37651825 382.22592163
v 8.15528011 -9.42394447 381.91693115
v 7.90830755 -9.38979530 382.22595215
v 7.71023846 -9.47408867 381.91696167
v 7.58522844 -9.45575237 382.22598267
v 7.27691364 -9.57268047 382.22601318
v 7.54571056 -9.31919098 382.50466919
v 7.21602201 -9.44422531 382.50473022
v 7.48415995 -9.10659027 382.72579956
v 7.12118196 -9.24425030 382.72586060
v 7.40660191 -8.83876228 382.86773682
v 7.00167608 -8.99233055 382.86779785
v 9.02304745 -9.62200642 381.91702271
v 8.88184547 -9.50800419 382.22598267
v 8.56512165 -9.41626453 382.22595215
v 8.59353352 -9.27696514 382.50466919
v 8.24350262 -9.23446369 382.50463867
v 8.63778496 -9.06010056 382.72579956
v 8.25240993 -9.01330757 382.72576904
v 8.69354630 -8.78690052 382.86770630
v 8.26363564 -8.73469925 382.86767578
v 9.17975235 -9.64936256 382.22607422
v 9.40225983 -9.86028099 381.91714478
v 9.45112514 -9.83667755 382.22616577
v 9.71894360 -10.17696476 381.91729736
v 9.68893623 -10.06509876 382.22625732
v 9.88702679 -10.32870960 382.22637939
v 10.00707722 -10.25266361 382.50512695
v 10.17093945 -10.56487751 382.50524902
v 10.37446785 -10.47805882 382.72644043
v 10.49740028 -10.84628582 382.72662354
v 10.76806831 -10.77950573 382.86862183
v 10.83753777 -11.20696545 382.86883545
v 10.83753777 -11.64003372 382.86901855
v 10.76806831 -12.06749439 382.86923218
v 10.63092899 -12.47827530 382.86941528
v 10.42967224 -12.86173820 382.86959839
v 10.16950989 -13.20795155 382.86975098
v 10.19406033 -12.71281242 382.72750854
v 9.96084881 -13.02315998 382.72763062
v 10.00707722 -12.59467506 382.50619507
v 9.79525471 -12.87656021 382.50634766
v 9.88702679 -12.51888943 382.22741699
v 9.68893623 -12.78250027 382.22753906
v 9.71894360 -12.67092323 381.91845703
v 9.40225983 -12.98760700 381.91860962
v 9.95721817 -10.55617619 381.91748047
v 10.04026604 -10.62068272 382.22653198
v 10.28259754 -10.89933300 382.50540161
v 10.55967331 -11.22946358 382.72680664
v 10.10513592 -10.97890186 381.91766357
v 10.14468479 -10.93345547 382.22665405
v 10.33915901 -11.24736881 382.50558472
v 10.55967331 -11.61766911 382.72698975
v 10.19757938 -11.25892830 382.22680664
v 10.15528011 -11.42394352 381.91787720
v 10.19757938 -11.58867073 382.22695923
v 10.10513592 -11.86898613 381.91809082
v 10.14468479 -11.91414356 382.22711182
v 9.95721817 -12.29171085 381.91827393
v 10.04026604 -12.22691727 382.22726440
v 9.02304745 -13.22588158 381.91870117
v 9.17975235 -13.19823647 382.22772217
v 9.45112514 -13.01092148 382.22763062
v 9.54095745 -13.12081528 382.50643921
v 9.68087482 -13.29207993 382.72775269
v 9.85717964 -13.50794888 382.86990356
v 8.88184547 -13.33959484 382.22778320
v 8.60032177 -13.37379932 381.91879272
v 8.56512165 -13.43133545 382.22781372
v 8.15528011 -13.42394352 381.91882324
v 8.23778248 -13.47108078 382.22784424
v 7.90830755 -13.45780373 382.22784424
v 7.89118671 -13.59867764 382.50668335
v 7.54571056 -13.52814770 382.50665283
v 7.48415995 -13.74054146 382.72796631
v 7.12118196 -13.60288239 382.72790527
v 7.00167608 -13.85466957 382.87005615
v 6.62662792 -13.63813496 382.86996460
v 6.29117107 -13.36424351 382.86984253
v 6.00399351 -13.04008675 382.86968994
v 5.77253342 -12.67406178 382.86950684
v 5.60278463 -12.27564812 382.86932373
v 5.49914503 -11.85516357 382.86914062
v 5.46429729 -11.42350006 382.86892700
v 5.49914503 -10.99183559 382.86874390
v 5.74306536 -11.42356586 382.72689819
v 5.77430296 -11.03662014 382.72671509
v 5.96429729 -11.42366982 382.50564575
v 5.99267006 -11.07221127 382.50549316
v 6.10633707 -11.42379951 382.22689819
v 6.13287020 -11.09512615 382.22674561
v 6.15528011 -11.42394352 381.91787720
v 6.20542431 -10.97890186 381.91766357
v 7.71023846 -13.37379932 381.91879272
v 7.58522844 -13.39184666 382.22781372
v 7.21602201 -13.40311337 382.50659180
v 6.78498602 -13.40878010 382.72781372
v 7.28751278 -13.22588158 381.91870117
v 7.27691364 -13.27491856 382.22775269
v 6.91066027 -13.22681332 382.50650024
v 6.48428059 -13.16326141 382.72769165
v 6.99134779 -13.11004639 382.22769165
v 6.90830088 -12.98760700 381.91860962
v 6.73592710 -12.90150261 382.22756958
v 6.59161758 -12.67092323 381.91845703
v 6.51726723 -12.65468597 382.22747803
v 6.35334253 -12.29171085 381.91827393
v 6.34103107 -12.37599087 382.22732544
v 6.21178293 -12.07263470 382.22720337
v 6.07705307 -12.11748314 382.50598145
v 5.99267006 -11.77512741 382.50582886
v 5.77430296 -11.81051254 382.72708130
v 6.20542431 -11.86898613 381.91809082
v 6.13287020 -11.75247288 382.22705078
v 6.21178293 -10.77496529 382.22659302
v 6.35334253 -10.55617619 381.91748047
v 6.34103107 -10.47160816 382.22644043
v 6.59161758 -10.17696476 381.91729736
v 6.51726723 -10.19291306 382.22631836
v 6.73592710 -9.94609642 382.22619629
v 6.63753319 -9.84352779 382.50491333
v 6.91066027 -9.62052631 382.50482178
v 6.78498602 -9.43835258 382.72595215
v 6.90830088 -9.86028099 381.91714478
v 6.99134779 -9.73755264 382.22610474
v 7.28751278 -9.62200642 381.91702271
v 7.40660191 -14.00823784 382.87014771
v 7.86452007 -13.81819248 382.72799683
v 8.24350262 -13.61287498 382.50668335
v 7.83091831 -14.09486198 382.87017822
v 8.26363564 -14.11229992 382.87017822
v 8.69354630 -14.06009960 382.87014771
v 9.10951614 -13.93961239 382.87011719
v 9.50077152 -13.75395966 382.87002563
v 10.63092899 -10.36872482 382.86843872
v 10.19406033 -10.13432026 382.72628784
v 9.79525471 -9.97077942 382.50497437
v 10.42967224 -9.98526192 382.86825562
v 9.96084881 -9.82397175 382.72613525
v 9.54095745 -9.72652340 382.50488281
v 10.16950989 -9.63904858 382.86810303
v 9.85717964 -9.33905125 382.86795044
v 9.50077152 -9.09304047 382.86782837
v 9.10951614 -8.90738773 382.86776733
v 7.83091831 -8.75213718 382.86767578
v 6.62662792 -9.20886421 382.86788940
v 6.29117107 -9.48275661 382.86801147
v 6.00399351 -9.80691242 382.86816406
v 5.77253342 -10.17293739 382.86834717
v 5.60278463 -10.57135201 382.86853027
v 7.89118671 -9.24866104 382.50463867
v 7.86452007 -9.02893925 382.72576904
v 8.93221378 -9.37506485 382.50469971
v 9.25077152 -9.52622318 382.50476074
v 9.01066303 -9.16810608 382.72583008
v 9.36138725 -9.33452702 382.72592163
v 9.68087482 -9.55505276 382.72601318
v 10.33915901 -11.59996986 382.50573730
v 10.49740028 -12.00084686 382.72717285
v 10.28259754 -11.94800568 382.50588989
v 10.37446785 -12.36907387 382.72732544
v 10.17093945 -12.28246117 382.50607300
v 9.25077152 -13.32111645 382.50653076
v 8.93221378 -13.47227383 382.50662231
v 8.59353352 -13.57037354 382.50665283
v 9.36138725 -13.51260567 382.72787476
v 9.01066303 -13.67902565 382.72793579
v 8.63778496 -13.78703117 382.72799683
v 8.25240993 -13.83382416 382.72802734
v 6.63753319 -13.00381184 382.50640869
v 6.22685289 -12.87268543 382.72756958
v 6.40371466 -12.73988533 382.50628662
v 6.01937008 -12.54457855 382.72741699
v 6.21526098 -12.44186974 382.50613403
v 5.86720657 -12.18743706 382.72723389
v 6.07705307 -10.72985554 382.50534058
v 6.21526098 -10.40546894 382.50518799
v 6.40371466 -10.10745335 382.50503540
v 5.86720657 -10.65969467 382.72653198
v 6.01937008 -10.30255413 382.72637939
v 6.22685289 -9.97444725 382.72622681
v 6.48428059 -9.68387127 382.72607422
v 8.60032177 -9.47502232 379.91696167
v 8.15528011 -9.42487812 379.91693115
v 7.71023846 -9.47502232 379.91696167
v 7.28751278 -9.62294006 379.91702271
v 6.90830088 -9.86121464 379.91714478
v 6.59161758 -10.17789841 379.91729736
v 6.35334253 -10.55710983 379.91748047
v 6.20542431 -10.97983551 379.91766357
v 6.15528011 -11.42487717 379.91787720
v 6.20542431 -11.86991978 379.91809082
v 6.35334253 -12.29264450 379.91827393
v 6.59161758 -12.67185688 379.91845703
v 6.90830088 -12.98854065 379.91860962
v 7.28751278 -13.22681522 379.91870117
v 7.71023846 -13.37473297 379.91879272
v 8.15528011 -13.42487717 379.91882324
v 8.60032177 -13.37473297 379.91879272
v 9.02304745 -13.22681522 379.91870117
v 9.40225983 -12.98854065 379.91860962
v 9.71894360 -12.67185688 379.91845703
v 9.95721817 -12.29264450 379.91827393
v 10.10513592 -11.86991978 379.91809082
v 10.15528011 -11.42487717 379.91787720
v 10.10513592 -10.97983551 379.91766357
v 9.95721817 -10.55710983 379.91748047
v 9.71894360 -10.17789841 379.91729736
v 9.40225983 -9.86121464 379.91714478
v 9.02304745 -9.62294006 379.91702271
v 6.11072969 -3.46368122 381.91415405
v 5.74819040 -3.36611104 382.22314453
v 5.66568804 -3.41353703 381.91412354
v 5.41871500 -3.37938857 382.22314453
v 5.22064590 -3.46368122 381.91415405
v 5.09563589 -3.44534540 382.22317505
v 4.78732109 -3.56227398 382.22323608
v 5.05611801 -3.30878377 382.50186157
v 4.72642994 -3.43381810 382.50192261
v 4.99456787 -3.09618354 382.72299194
v 4.63158941 -3.23384309 382.72308350
v 4.91700935 -2.82835531 382.86492920
v 4.51208353 -2.98192334 382.86499023
v 6.53345537 -3.61159945 381.91421509
v 6.39225340 -3.49759746 382.22320557
v 6.07552910 -3.40585709 382.22314453
v 6.10394096 -3.26655817 382.50186157
v 5.75391006 -3.22405672 382.50183105
v 6.14819288 -3.04969406 382.72299194
v 5.76281786 -3.00290108 382.72296143
v 6.20395374 -2.77649331 382.86489868
v 5.77404308 -2.72429252 382.86486816
v 6.69015980 -3.63895559 382.22326660
v 6.91266775 -3.84987402 381.91433716
v 6.96153259 -3.82627106 382.22335815
v 7.22935104 -4.16655731 381.91448975
v 7.19934416 -4.05469179 382.22344971
v 7.39743471 -4.31830263 382.22357178
v 7.51748514 -4.24225712 382.50231934
v 7.68134737 -4.55447054 382.50244141
v 7.88487577 -4.46765184 382.72363281
v 8.00780773 -4.83587837 382.72381592
v 8.27847576 -4.76909876 382.86581421
v 8.34794521 -5.19655895 382.86602783
v 8.34794521 -5.62962723 382.86624146
v 8.27847576 -6.05708742 382.86642456
v 8.14133739 -6.46786833 382.86660767
v 7.94008017 -6.85133123 382.86679077
v 7.67991781 -7.19754457 382.86694336
v 7.70446777 -6.70240545 382.72470093
v 7.47125673 -7.01275349 382.72482300
v 7.51748514 -6.58426809 382.50338745
v 7.30566216 -6.86615276 382.50354004
v 7.39743471 -6.50848293 382.22460938
v 7.19934416 -6.77209330 382.22473145
v 7.22935104 -6.66051626 381.91564941
v 6.91266775 -6.97719955 381.91580200
v 7.46762562 -4.54576969 381.91467285
v 7.55067396 -4.61027527 382.22372437
v 7.79300499 -4.88892603 382.50262451
v 8.07008076 -5.21905661 382.72399902
v 7.61554384 -4.96849489 381.91485596
v 7.65509272 -4.92304850 382.22384644
v 7.84956646 -5.23696184 382.50277710
v 8.07008076 -5.60726166 382.72418213
v 7.70798731 -5.24852133 382.22399902
v 7.66568804 -5.41353703 381.91506958
v 7.70798731 -5.57826424 382.22415161
v 7.61554384 -5.85857868 381.91528320
v 7.65509272 -5.90373707 382.22430420
v 7.46762562 -6.28130436 381.91546631
v 7.55067396 -6.21650982 382.22445679
v 6.53345537 -7.21547461 381.91592407
v 6.69015980 -7.18782949 382.22491455
v 6.96153259 -7.00051403 382.22482300
v 7.05136490 -7.11040878 382.50363159
v 7.19128180 -7.28167248 382.72494507
v 7.36758757 -7.49754143 382.86709595
v 6.39225340 -7.32918787 382.22497559
v 6.11072969 -7.36339235 381.91598511
v 6.07552910 -7.42092800 382.22503662
v 5.66568804 -7.41353655 381.91601562
v 5.74819040 -7.46067429 382.22503662
v 5.41871500 -7.44739676 382.22503662
v 5.40159416 -7.58827066 382.50387573
v 5.05611801 -7.51774120 382.50384521
v 4.99456787 -7.73013496 382.72515869
v 4.63158941 -7.59247541 382.72509766
v 4.51208353 -7.84426260 382.86724854
v 4.13703537 -7.62772846 382.86715698
v 3.80157852 -7.35383606 382.86703491
v 3.51440096 -7.02967978 382.86688232
v 3.28294086 -6.66365480 382.86669922
v 3.11319256 -6.26524115 382.86651611
v 3.00955248 -5.84475708 382.86633301
v 2.97470498 -5.41309309 382.86611938
v 3.00955248 -4.98142910 382.86593628
v 3.25347328 -5.41315937 382.72409058
v 3.28471065 -5.02621269 382.72390747
v 3.47470498 -5.41326237 382.50286865
v 3.50307751 -5.06180429 382.50268555
v 3.61674452 -5.41339254 382.22409058
v 3.64327765 -5.08471918 382.22393799
v 3.66568804 -5.41353703 381.91506958
v 3.71583223 -4.96849489 381.91485596
v 5.22064590 -7.36339235 381.91598511
v 5.09563589 -7.38143969 382.22500610
v 4.72642994 -7.39270687 382.50378418
v 4.29539394 -7.39837265 382.72500610
v 4.79792070 -7.21547461 381.91592407
v 4.78732109 -7.26451111 382.22494507
v 4.42106771 -7.21640587 382.50369263
v 3.99468803 -7.15285397 382.72488403
v 4.50175524 -7.09963989 382.22488403
v 4.41870832 -6.97719955 381.91580200
v 4.24633503 -6.89109564 382.22476196
v 4.10202503 -6.66051626 381.91564941
v 4.02767515 -6.64427948 382.22467041
v 3.86375022 -6.28130436 381.91546631
v 3.85143852 -6.36558390 382.22451782
v 3.72219038 -6.06222725 382.22439575
v 3.58746076 -6.10707664 382.50317383
v 3.50307751 -5.76472092 382.50302124
v 3.28471065 -5.80010557 382.72427368
v 3.71583223 -5.85857868 381.91528320
v 3.64327765 -5.74206638 382.22424316
v 3.72219038 -4.76455784 382.22378540
v 3.86375022 -4.54576969 381.91467285
v 3.85143852 -4.46120119 382.22363281
v 4.10202503 -4.16655731 381.91448975
v 4.02767515 -4.18250561 382.22351074
v 4.24633503 -3.93568969 382.22338867
v 4.14794064 -3.83312035 382.50210571
v 4.42106771 -3.61011910 382.50201416
v 4.29539394 -3.42794561 382.72314453
v 4.41870832 -3.84987402 381.91433716
v 4.50175524 -3.72714543 382.22329712
v 4.79792070 -3.61159945 381.91421509
v 4.91700935 -7.99783039 382.86734009
v 5.37492752 -7.80778599 382.72518921
v 5.75391006 -7.60246849 382.50387573
v 5.34132576 -8.08445549 382.86737061
v 5.77404308 -8.10189342 382.86737061
v 6.20395374 -8.04969215 382.86737061
v 6.61992359 -7.92920542 382.86730957
v 7.01117945 -7.74355221 382.86721802
v 8.14133739 -4.35831738 382.86563110
v 7.70446777 -4.12391281 382.72348022
v 7.30566216 -3.96037221 382.50216675
v 7.94008017 -3.97485471 382.86544800
v 7.47125673 -3.81356502 382.72332764
v 7.05136490 -3.71611643 382.50207520
v 7.67991781 -3.62864137 382.86529541
v 7.36758757 -3.32864428 382.86514282
v 7.01117945 -3.08263350 382.86505127
v 6.61992359 -2.89698029 382.86495972
v 5.34132576 -2.74173045 382.86486816
v 4.13703537 -3.19845748 382.86508179
v 3.80157852 -3.47234964 382.86523438
v 3.51440096 -3.79650593 382.86535645
v 3.28294086 -4.16253090 382.86553955
v 3.11319256 -4.56094503 382.86572266
v 5.40159416 -3.23825455 382.50183105
v 5.37492752 -3.01853251 382.72296143
v 6.44262123 -3.36465812 382.50189209
v 6.76117945 -3.51581573 382.50195312
v 6.52107096 -3.15769958 382.72302246
v 6.87179518 -3.32412028 382.72311401
v 7.19128180 -3.54464579 382.72320557
v 7.84956646 -5.58956337 382.50292969
v 8.00780773 -5.99043989 382.72436523
v 7.79300499 -5.93759918 382.50311279
v 7.88487577 -6.35866690 382.72451782
v 7.68134737 -6.27205467 382.50326538
v 6.76117945 -7.31070900 382.50375366
v 6.44262123 -7.46186686 382.50381470
v 6.10394096 -7.55996704 382.50384521
v 6.87179518 -7.50219822 382.72506714
v 6.52107096 -7.66861916 382.72512817
v 6.14819288 -7.77662420 382.72518921
v 5.76281786 -7.82341719 382.72521973
v 4.14794064 -6.99340439 382.50360107
v 3.73726034 -6.86227846 382.72476196
v 3.91412234 -6.72947836 382.50347900
v 3.52977777 -6.53417110 382.72460938
v 3.72566891 -6.43146276 382.50332642
v 3.37761426 -6.17703056 382.72445679
v 3.58746076 -4.71944857 382.50253296
v 3.72566891 -4.39506197 382.50238037
v 3.91412234 -4.09704638 382.50222778
v 3.37761426 -4.64928818 382.72372437
v 3.52977777 -4.29214716 382.72357178
v 3.73726034 -3.96404004 382.72341919
v 3.99468803 -3.67346430 382.72326660
v 6.11072969 -3.46461487 379.91415405
v 5.66568804 -3.41447067 379.91412354
v 5.22064590 -3.46461487 379.91415405
v 4.79792070 -3.61253309 379.91421509
v 4.41870832 -3.85080767 379.91433716
v 4.10202503 -4.16749096 379.91448975
v 3.86375022 -4.54670334 379.91467285
v 3.71583223 -4.96942854 379.91485596
v 3.66568804 -5.41447067 379.91506958
v 3.71583223 -5.85951233 379.91528320
v 3.86375022 -6.28223801 379.91546631
v 4.10202503 -6.66144991 379.91564941
v 4.41870832 -6.97813320 379.91580200
v 4.79792070 -7.21640825 379.91592407
v 5.22064590 -7.36432600 379.91598511
v 5.66568804 -7.41447020 379.91601562
v 6.11072969 -7.36432600 379.91598511
v 6.53345537 -7.21640825 379.91592407
v 6.91266775 -6.97813320 379.91580200
v 7.22935104 -6.66144991 379.91564941
v 7.46762562 -6.28223801 379.91546631
v 7.61554384 -5.85951233 379.91528320
v 7.66568804 -5.41447067 379.91506958
v 7.61554384 -4.96942854 379.91485596
v 7.46762562 -4.54670334 379.91467285
v 7.22935104 -4.16749096 379.91448975
v 6.91266775 -3.85080767 379.91433716
v 6.53345537 -3.61253309 379.91421509
v 0.10032219 -0.97408921 381.91299438
v -0.26221704 -0.87651896 382.22195435
v -0.34471968 -0.92394501 381.91296387
v -0.59169251 -0.88979638 382.22198486
v -0.78976154 -0.97408921 381.91299438
v -0.91477156 -0.95575345 382.22201538
v -1.22308648 -1.07268190 382.22204590
v -0.95428944 -0.81919175 382.50070190
v -1.28397775 -0.94422609 382.50076294
v -1.01583993 -0.60659140 382.72183228
v -1.37881815 -0.74425089 382.72189331
v -1.09339809 -0.33876318 382.86376953
v -1.49832404 -0.49233130 382.86383057
v 0.52304780 -1.12200725 381.91305542
v 0.38184568 -1.00800526 382.22201538
v 0.06512166 -0.91626507 382.22198486
v 0.09353321 -0.77696598 382.50070190
v -0.25649768 -0.73446453 382.50067139
v 0.13778524 -0.56010193 382.72183228
v -0.24758959 -0.51330894 382.72180176
v 0.19354606 -0.28690112 382.86373901
v -0.23636472 -0.23470049 382.86370850
v 0.67975205 -1.14936364 382.22210693
v 0.90225995 -1.36028194 381.91317749
v 0.95112514 -1.33667886 382.22216797
v 1.21894324 -1.67696536 381.91333008
v 1.18893659 -1.56509984 382.22229004
v 1.38702703 -1.82871044 382.22241211
v 1.50707746 -1.75266504 382.50115967
v 1.67093968 -2.06487823 382.50128174
v 1.87446833 -1.97805953 382.72247314
v 1.99740052 -2.34628630 382.72265625
v 2.26806831 -2.27950644 382.86465454
v 2.33753729 -2.70696664 382.86486816
v 2.33753729 -3.14003491 382.86505127
v 2.26806831 -3.56749511 382.86526489
v 2.13092947 -3.97827625 382.86544800
v 1.92967248 -4.36173916 382.86563110
v 1.66951001 -4.70795250 382.86578369
v 1.69406033 -4.21281338 382.72351074
v 1.46084893 -4.52316141 382.72366333
v 1.50707746 -4.09467602 382.50222778
v 1.29525459 -4.37656069 382.50238037
v 1.38702703 -4.01889086 382.22344971
v 1.18893659 -4.28250122 382.22357178
v 1.21894324 -4.17092419 381.91448975
v 0.90225995 -4.48760748 381.91464233
v 1.45721805 -2.05617738 381.91351318
v 1.54026616 -2.12068319 382.22253418
v 1.78259730 -2.39933395 382.50143433
v 2.05967307 -2.72946453 382.72283936
v 1.60513616 -2.47890306 381.91369629
v 1.64468527 -2.43345642 382.22268677
v 1.83915865 -2.74736953 382.50161743
v 2.05967307 -3.11766982 382.72302246
v 1.69757974 -2.75892901 382.22283936
v 1.65528035 -2.92394471 381.91390991
v 1.69757974 -3.08867192 382.22299194
v 1.60513616 -3.36898661 381.91412354
v 1.64468527 -3.41414475 382.22314453
v 1.45721805 -3.79171228 381.91430664
v 1.54026616 -3.72691798 382.22329712
v 0.52304780 -4.72588253 381.91473389
v 0.67975205 -4.69823742 382.22375488
v 0.95112514 -4.51092196 382.22366333
v 1.04095733 -4.62081671 382.50247192
v 1.18087435 -4.79208040 382.72378540
v 1.35718012 -5.00794935 382.86593628
v 0.38184568 -4.83959579 382.22381592
v 0.10032219 -4.87380028 381.91482544
v 0.06512166 -4.93133593 382.22384644
v -0.34471968 -4.92394447 381.91482544
v -0.26221704 -4.97108221 382.22387695
v -0.59169251 -4.95780468 382.22387695
v -0.60881352 -5.09867859 382.50271606
v -0.95428944 -5.02814913 382.50268555
v -1.01583993 -5.24054289 382.72399902
v -1.37881815 -5.10288334 382.72393799
v -1.49832404 -5.35467052 382.86608887
v -1.87337232 -5.13813639 382.86599731
v -2.20882916 -4.86424398 382.86587524
v -2.49600649 -4.54008770 382.86572266
v -2.72746682 -4.17406273 382.86553955
v -2.89721513 -3.77564883 382.86535645
v -3.00085521 -3.35516477 382.86517334
v -3.03570271 -2.92350078 382.86495972
v -3.00085521 -2.49183679 382.86477661
v -2.75693440 -2.92356706 382.72293091
v -2.72569680 -2.53662062 382.72274780
v -2.53570271 -2.92367029 382.50167847
v -2.50732994 -2.57221198 382.50152588
v -2.39366317 -2.92380047 382.22293091
v -2.36712980 -2.59512687 382.22277832
v -2.34471965 -2.92394471 381.91390991
v -2.29457545 -2.47890306 381.91369629
v -0.78976154 -4.87380028 381.91482544
v -0.91477156 -4.89184761 382.22384644
v -1.28397775 -4.90311480 382.50262451
v -1.71501386 -4.90878057 382.72384644
v -1.21248722 -4.72588253 381.91473389
v -1.22308648 -4.77491903 382.22378540
v -1.58933985 -4.72681379 382.50253296
v -2.01571965 -4.66326189 382.72372437
v -1.50865221 -4.61004782 382.22372437
v -1.59169924 -4.48760748 381.91464233
v -1.76407278 -4.40150356 382.22360229
v -1.90838265 -4.17092419 381.91448975
v -1.98273277 -4.15468740 382.22351074
v -2.14665747 -3.79171228 381.91430664
v -2.15896893 -3.87599206 382.22335815
v -2.28821731 -3.57263517 382.22323608
v -2.42294693 -3.61748457 382.50201416
v -2.50732994 -3.27512884 382.50186157
v -2.72569680 -3.31051350 382.72311401
v -2.29457545 -3.36898661 381.91412354
v -2.36712980 -3.25247407 382.22308350
v -2.28821731 -2.27496576 382.22262573
v -2.14665747 -2.05617738 381.91351318
v -2.15896893 -1.97160912 382.22247314
v -1.90838265 -1.67696536 381.91333008
v -1.98273277 -1.69291377 382.22235107
v -1.76407278 -1.44609761 382.22222900
v -1.86246693 -1.34352827 382.50094604
v -1.58933985 -1.12052691 382.50085449
v -1.71501386 -0.93835354 382.72198486
v -1.59169924 -1.36028194 381.91317749
v -1.50865221 -1.23755324 382.22213745
v -1.21248722 -1.12200725 381.91305542
v -1.09339809 -5.50823832 382.86618042
v -0.63548005 -5.31819391 382.72402954
v -0.25649768 -5.11287642 382.50271606
v -0.66908187 -5.59486341 382.86621094
v -0.23636472 -5.61230135 382.86621094
v 0.19354606 -5.56010056 382.86618042
v 0.60951602 -5.43961334 382.86614990
v 1.00077176 -5.25396013 382.86605835
v 2.13092947 -1.86872542 382.86447144
v 1.69406033 -1.63432086 382.72232056
v 1.29525459 -1.47078013 382.50100708
v 1.92967248 -1.48526251 382.86428833
v 1.46084893 -1.32397306 382.72216797
v 1.04095733 -1.22652423 382.50088501
v 1.66951001 -1.13904917 382.86413574
v 1.35718012 -0.83905226 382.86398315
v 1.00077176 -0.59304142 382.86386108
v 0.60951602 -0.40738827 382.86380005
v -0.66908187 -0.25213841 382.86370850
v -1.87337232 -0.70886546 382.86392212
v -2.20882916 -0.98275751 382.86404419
v -2.49600649 -1.30691373 382.86419678
v -2.72746682 -1.67293882 382.86437988
v -2.89721513 -2.07135272 382.86456299
v -0.60881352 -0.74866235 382.50067139
v -0.63548005 -0.52894038 382.72180176
v 0.43221360 -0.87506592 382.50073242
v 0.75077182 -1.02622366 382.50079346
v 0.51066345 -0.66810739 382.72186279
v 0.86138767 -0.83452809 382.72195435
v 1.18087435 -1.05505383 382.72204590
v 1.83915865 -3.09997129 382.50177002
v 1.99740052 -3.50084782 382.72320557
v 1.78259730 -3.44800687 382.50192261
v 1.87446833 -3.86907458 382.72335815
v 1.67093968 -3.78246260 382.50210571
v 0.75077182 -4.82111692 382.50256348
v 0.43221360 -4.97227478 382.50265503
v 0.09353321 -5.07037497 382.50268555
v 0.86138767 -5.01260614 382.72390747
v 0.51066345 -5.17902708 382.72396851
v 0.13778524 -5.28703213 382.72402954
v -0.24758959 -5.33382511 382.72406006
v -1.86246693 -4.50381231 382.50244141
v -2.27314734 -4.37268639 382.72360229
v -2.09628510 -4.23988628 382.50231934
v -2.48062968 -4.04457903 382.72344971
v -2.28473878 -3.94187093 382.50216675
v -2.63279319 -3.68743825 382.72326660
v -2.42294693 -2.22985625 382.50137329
v -2.28473878 -1.90546989 382.50122070
v -2.09628510 -1.60745442 382.50106812
v -2.63279319 -2.15969610 382.72256470
v -2.48062968 -1.80255520 382.72241211
v -2.27314734 -1.47444797 382.72225952
v -2.01571965 -1.18387210 382.72210693
v 0.10032219 -0.97502285 379.91299438
v -0.34471968 -0.92487866 379.91296387
v -0.78976154 -0.97502285 379.91299438
v -1.21248722 -1.12294090 379.91305542
v -1.59169924 -1.36121571 379.91317749
v -1.90838265 -1.67789900 379.91333008
v -2.14665747 -2.05711102 379.91351318
v -2.29457545 -2.47983670 379.91369629
v -2.34471965 -2.92487836 379.91390991
v -2.29457545 -3.36992025 379.91412354
v -2.14665747 -3.79264593 379.91430664
v -1.90838265 -4.17185783 379.91448975
v -1.59169924 -4.48854113 379.91464233
v -1.21248722 -4.72681618 379.91473389
v -0.78976154 -4.87473392 379.91482544
v -0.34471968 -4.92487812 379.91482544
v 0.10032219 -4.87473392 379.91482544
v 0.52304780 -4.72681618 379.91473389
v 0.90225995 -4.48854113 379.91464233
v 1.21894324 -4.17185783 379.91448975
v 1.45721805 -3.79264593 379.91430664
v 1.60513616 -3.36992025 379.91412354
v 1.65528035 -2.92487836 379.91390991
v 1.60513616 -2.47983670 379.91369629
v 1.45721805 -2.05711102 379.91351318
v 1.21894324 -1.67789900 379.91333008
v 0.90225995 -1.36121571 379.91317749
v 0.52304780 -1.12294090 379.91305542
v -5.91008568 -3.46368122 381.91415405
v -6.27262449 -3.36611104 382.22314453
v -6.35512733 -3.41353703 381.91412354
v -6.60210037 -3.37938857 382.22314453
v -6.80016899 -3.46368122 381.91415405
v -6.92517900 -3.44534540 382.22317505
v -7.23349428 -3.56227398 382.22323608
v -6.96469688 -3.30878377 382.50186157
v -7.29438543 -3.43381810 382.50192261
v -7.02624750 -3.09618354 382.72299194
v -7.38922596 -3.23384309 382.72308350
v -7.10380602 -2.82835531 382.86492920
v -7.50873184 -2.98192334 382.86499023
v -5.48736000 -3.61159945 381.91421509
v -5.62856197 -3.49759746 382.22320557
v -5.94528580 -3.40585709 382.22314453
v -5.91687441 -3.26655817 382.50186157
v -6.26690531 -3.22405672 382.50183105
v -5.87262249 -3.04969406 382.72299194
v -6.25799704 -3.00290108 382.72296143
v -5.81686163 -2.77649331 382.86489868
v -6.24677229 -2.72429252 382.86486816
v -5.33065557 -3.63895559 382.22326660
v -5.10814762 -3.84987402 381.91433716
v -5.05928230 -3.82627106 382.22335815
v -4.79146433 -4.16655731 381.91448975
v -4.82147121 -4.05469179 382.22344971
v -4.62338066 -4.31830263 382.22357178
v -4.50333023 -4.24225712 382.50231934
v -4.33946800 -4.55447054 382.50244141
v -4.13593912 -4.46765184 382.72363281
v -4.01300716 -4.83587837 382.72381592
v -3.74233937 -4.76909876 382.86581421
v -3.67287040 -5.19655895 382.86602783
v -3.67287040 -5.62962723 382.86624146
v -3.74233937 -6.05708742 382.86642456
v -3.87947822 -6.46786833 382.86660767
v -4.08073521 -6.85133123 382.86679077
v -4.34089756 -7.19754457 382.86694336
v -4.31634712 -6.70240545 382.72470093
v -4.54955864 -7.01275349 382.72482300
v -4.50333023 -6.58426809 382.50338745
v -4.71515322 -6.86615276 382.50354004
v -4.62338066 -6.50848293 382.22460938
v -4.82147121 -6.77209330 382.22473145
v -4.79146433 -6.66051626 381.91564941
v -5.10814762 -6.97719955 381.91580200
v -4.55318975 -4.54576969 381.91467285
v -4.47014141 -4.61027527 382.22372437
v -4.22781038 -4.88892603 382.50262451
v -3.95073462 -5.21905661 382.72399902
v -4.40527153 -4.96849489 381.91485596
v -4.36572218 -4.92304850 382.22384644
v -4.17124891 -5.23696184 382.50277710
v -3.95073462 -5.60726166 382.72418213
v -4.31282806 -5.24852133 382.22399902
v -4.35512733 -5.41353703 381.91506958
v -4.31282806 -5.57826424 382.22415161
v -4.40527153 -5.85857868 381.91528320
v -4.36572218 -5.90373707 382.22430420
v -4.55318975 -6.28130436 381.91546631
v -4.47014141 -6.21650982 382.22445679
v -5.48736000 -7.21547461 381.91592407
v -5.33065557 -7.18782949 382.22491455
v -5.05928230 -7.00051403 382.22482300
v -4.96945047 -7.11040878 382.50363159
v -4.82953310 -7.28167248 382.72494507
v -4.65322733 -7.49754143 382.86709595
v -5.62856197 -7.32918787 382.22497559
v -5.91008568 -7.36339235 381.91598511
v -5.94528580 -7.42092800 382.22503662
v -6.35512733 -7.41353655 381.91601562
v -6.27262449 -7.46067429 382.22503662
v -6.60210037 -7.44739676 382.22503662
v -6.61922121 -7.58827066 382.50387573
v -6.96469688 -7.51774120 382.50384521
v -7.02624750 -7.73013496 382.72515869
v -7.38922596 -7.59247541 382.72509766
v -7.50873184 -7.84426260 382.86724854
v -7.88378000 -7.62772846 382.86715698
v -8.21923637 -7.35383606 382.86703491
v -8.50641441 -7.02967978 382.86688232
v -8.73787403 -6.66365480 382.86669922
v -8.90762234 -6.26524115 382.86651611
v -9.01126289 -5.84475708 382.86633301
v -9.04611015 -5.41309309 382.86611938
v -9.01126289 -4.98142910 382.86593628
v -8.76734161 -5.41315937 382.72409058
v -8.73610497 -5.02621269 382.72390747
v -8.54611015 -5.41326237 382.50286865
v -8.51773739 -5.06180429 382.50268555
v -8.40407085 -5.41339254 382.22409058
v -8.37753773 -5.08471918 382.22393799
v -8.35512733 -5.41353703 381.91506958
v -8.30498314 -4.96849489 381.91485596
v -6.80016899 -7.36339235 381.91598511
v -6.92517900 -7.38143969 382.22500610
v -7.29438543 -7.39270687 382.50378418
v -7.72542143 -7.39837265 382.72500610
v -7.22289467 -7.21547461 381.91592407
v -7.23349428 -7.26451111 382.22494507
v -7.59974766 -7.21640587 382.50369263
v -8.02612686 -7.15285397 382.72488403
v -7.51905966 -7.09963989 382.22488403
v -7.60210705 -6.97719955 381.91580200
v -7.77448034 -6.89109564 382.22476196
v -7.91879034 -6.66051626 381.91564941
v -7.99314022 -6.64427948 382.22467041
v -8.15706539 -6.28130436 381.91546631
v -8.16937637 -6.36558390 382.22451782
v -8.29862499 -6.06222725 382.22439575
v -8.43335438 -6.10707664 382.50317383
v -8.51773739 -5.76472092 382.50302124
v -8.73610497 -5.80010557 382.72427368
v -8.30498314 -5.85857868 381.91528320
v -8.37753773 -5.74206638 382.22424316
v -8.29862499 -4.76455784 382.22378540
v -8.15706539 -4.54576969 381.91467285
v -8.16937637 -4.46120119 382.22363281
v -7.91879034 -4.16655731 381.91448975
v -7.99314022 -4.18250561 382.22351074
v -7.77448034 -3.93568969 382.22338867
v -7.87287474 -3.83312035 382.50210571
v -7.59974766 -3.61011910 382.50201416
v -7.72542143 -3.42794561 382.72314453
v -7.60210705 -3.84987402 381.91433716
v -7.51905966 -3.72714543 382.22329712
v -7.22289467 -3.61159945 381.91421509
v -7.10380602 -7.99783039 382.86734009
v -6.64588785 -7.80778599 382.72518921
v -6.26690531 -7.60246849 382.50387573
v -6.67948961 -8.08445549 382.86737061
v -6.24677229 -8.10189342 382.86737061
v -5.81686163 -8.04969215 382.86737061
v -5.40089178 -7.92920542 382.86730957
v -5.00963593 -7.74355221 382.86721802
v -3.87947822 -4.35831738 382.86563110
v -4.31634712 -4.12391281 382.72348022
v -4.71515322 -3.96037221 382.50216675
v -4.08073521 -3.97485471 382.86544800
v -4.54955864 -3.81356502 382.72332764
v -4.96945047 -3.71611643 382.50207520
v -4.34089756 -3.62864137 382.86529541
v -4.65322733 -3.32864428 382.86514282
v -5.00963593 -3.08263350 382.86505127
v -5.40089178 -2.89698029 382.86495972
v -6.67948961 -2.74173045 382.86486816
v -7.88378000 -3.19845748 382.86508179
v -8.21923637 -3.47234964 382.86523438
v -8.50641441 -3.79650593 382.86535645
v -8.73787403 -4.16253090 382.86553955
v -8.90762234 -4.56094503 382.86572266
v -6.61922121 -3.23825455 382.50183105
v -6.64588785 -3.01853251 382.72296143
v -5.57819414 -3.36465812 382.50189209
v -5.25963593 -3.51581573 382.50195312
v -5.49974442 -3.15769958 382.72302246
v -5.14901972 -3.32412028 382.72311401
v -4.82953310 -3.54464579 382.72320557
v -4.17124891 -5.58956337 382.50292969
v -4.01300716 -5.99043989 382.72436523
v -4.22781038 -5.93759918 382.50311279
v -4.13593912 -6.35866690 382.72451782
v -4.33946800 -6.27205467 382.50326538
v -5.25963593 -7.31070900 382.50375366
v -5.57819414 -7.46186686 382.50381470
v -5.91687441 -7.55996704 382.50384521
v -5.14901972 -7.50219822 382.72506714
v -5.49974442 -7.66861916 382.72512817
v -5.87262249 -7.77662420 382.72518921
v -6.25799704 -7.82341719 382.72521973
v -7.87287474 -6.99340439 382.50360107
v -8.28355503 -6.86227846 382.72476196
v -8.10669327 -6.72947836 382.50347900
v -8.49103737 -6.53417110 382.72460938
v -8.29514599 -6.43146276 382.50332642
v -8.64320087 -6.17703056 382.72445679
v -8.43335438 -4.71944857 382.50253296
v -8.29514599 -4.39506197 382.50238037
v -8.10669327 -4.09704638 382.50222778
v -8.64320087 -4.64928818 382.72372437
v -8.49103737 -4.29214716 382.72357178
v -8.28355503 -3.96404004 382.72341919
v -8.02612686 -3.67346430 382.72326660
v -5.91008568 -3.46461487 379.91415405
v -6.35512733 -3.41447067 379.91412354
v -6.80016899 -3.46461487 379.91415405
v -7.22289467 -3.61253309 379.91421509
v -7.60210705 -3.85080767 379.91433716
v -7.91879034 -4.16749096 379.91448975
v -8.15706539 -4.54670334 379.91467285
v -8.30498314 -4.96942854 379.91485596
v -8.35512733 -5.41447067 379.91506958
v -8.30498314 -5.85951233 379.91528320
v -8.15706539 -6.28223801 379.91546631
v -7.91879034 -6.66144991 379.91564941
v -7.60210705 -6.97813320 379.91580200
v -7.22289467 -7.21640825 379.91592407
v -6.80016899 -7.36432600 379.91598511
v -6.35512733 -7.41447020 379.91601562
v -5.91008568 -7.36432600 379.91598511
v -5.48736000 -7.21640825 379.91592407
v -5.10814762 -6.97813320 379.91580200
v -4.79146433 -6.66144991 379.91564941
v -4.55318975 -6.28223801 379.91546631
v -4.40527153 -5.85951233 379.91528320
v -4.35512733 -5.41447067 379.91506958
v -4.40527153 -4.96942854 379.91485596
v -4.55318975 -4.54670334 379.91467285
v -4.79146433 -4.16749096 379.91448975
v -5.10814762 -3.85080767 379.91433716
v -5.48736000 -3.61253309 379.91421509
v -8.39967823 -9.47408867 381.91696167
v -8.76221752 -9.37651825 382.22592163
v -8.84471989 -9.42394447 381.91693115
v -9.09169292 -9.38979530 382.22595215
v -9.28976154 -9.47408867 381.91696167
v -9.41477108 -9.45575237 382.22598267
v -9.72308636 -9.57268047 382.22601318
v -9.45428944 -9.31919098 382.50466919
v -9.78397751 -9.44422531 382.50473022
v -9.51583958 -9.10659027 382.72579956
v -9.87881851 -9.24425030 382.72586060
v -9.59339809 -8.83876228 382.86773682
v -9.99832439 -8.99233055 382.86779785
v -7.97695208 -9.62200642 381.91702271
v -8.11815453 -9.50800419 382.22598267
v -8.43487835 -9.41626453 382.22595215
v -8.40646648 -9.27696514 382.50466919
v -8.75649738 -9.23446369 382.50463867
v -8.36221504 -9.06010056 382.72579956
v -8.74759007 -9.01330757 382.72576904
v -8.30645370 -8.78690052 382.86770630
v -8.73636436 -8.73469925 382.86767578
v -7.82024813 -9.64936256 382.22607422
v -7.59774017 -9.86028099 381.91714478
v -7.54887486 -9.83667755 382.22616577
v -7.28105688 -10.17696476 381.91729736
v -7.31106329 -10.06509876 382.22625732
v -7.11297274 -10.32870960 382.22637939
v -6.99292278 -10.25266361 382.50512695
v -6.82906055 -10.56487751 382.50524902
v -6.62553167 -10.47805882 382.72644043
v -6.50259972 -10.84628582 382.72662354
v -6.23193169 -10.77950573 382.86862183
v -6.16246271 -11.20696545 382.86883545
v -6.16246271 -11.64003372 382.86901855
v -6.23193169 -12.06749439 382.86923218
v -6.36907053 -12.47827530 382.86941528
v -6.57032776 -12.86173820 382.86959839
v -6.83049011 -13.20795155 382.86975098
v -6.80593967 -12.71281242 382.72750854
v -7.03915119 -13.02315998 382.72763062
v -6.99292278 -12.59467506 382.50619507
v -7.20474529 -12.87656021 382.50634766
v -7.11297274 -12.51888943 382.22741699
v -7.31106329 -12.78250027 382.22753906
v -7.28105688 -12.67092323 381.91845703
v -7.59774017 -12.98760700 381.91860962
v -7.04278183 -10.55617619 381.91748047
v -6.95973396 -10.62068272 382.22653198
v -6.71740246 -10.89933300 382.50540161
v -6.44032717 -11.22946358 382.72680664
v -6.89486408 -10.97890186 381.91766357
v -6.85531473 -10.93345547 382.22665405
v -6.66084146 -11.24736881 382.50558472
v -6.44032717 -11.61766911 382.72698975
v -6.80242014 -11.25892830 382.22680664
v -6.84471989 -11.42394352 381.91787720
v -6.80242014 -11.58867073 382.22695923
v -6.89486408 -11.86898613 381.91809082
v -6.85531473 -11.91414356 382.22711182
v -7.04278183 -12.29171085 381.91827393
v -6.95973396 -12.22691727 382.22726440
v -7.97695208 -13.22588158 381.91870117
v -7.82024813 -13.19823647 382.22772217
v -7.54887486 -13.01092148 382.22763062
v -7.45904255 -13.12081528 382.50643921
v -7.31912565 -13.29207993 382.72775269
v -7.14281988 -13.50794888 382.86990356
v -8.11815453 -13.33959484 382.22778320
v -8.39967823 -13.37379932 381.91879272
v -8.43487835 -13.43133545 382.22781372
v -8.84471989 -13.42394352 381.91882324
v -8.76221752 -13.47108078 382.22784424
v -9.09169292 -13.45780373 382.22784424
v -9.10881329 -13.59867764 382.50668335
v -9.45428944 -13.52814770 382.50665283
v -9.51583958 -13.74054146 382.72796631
v -9.87881851 -13.60288239 382.72790527
v -9.99832439 -13.85466957 382.87005615
v -10.37337208 -13.63813496 382.86996460
v -10.70882893 -13.36424351 382.86984253
v -10.99600697 -13.04008675 382.86968994
v -11.22746658 -12.67406178 382.86950684
v -11.39721489 -12.27564812 382.86932373
v -11.50085545 -11.85516357 382.86914062
v -11.53570271 -11.42350006 382.86892700
v -11.50085545 -10.99183559 382.86874390
v -11.25693417 -11.42356586 382.72689819
v -11.22569656 -11.03662014 382.72671509
v -11.03570271 -11.42366982 382.50564575
v -11.00732994 -11.07221127 382.50549316
v -10.89366341 -11.42379951 382.22689819
v -10.86713028 -11.09512615 382.22674561
v -10.84471989 -11.42394352 381.91787720
v -10.79457569 -10.97890186 381.91766357
v -9.28976154 -13.37379932 381.91879272
v -9.41477108 -13.39184666 382.22781372
v -9.78397751 -13.40311337 382.50659180
v -10.21501350 -13.40878010 382.72781372
v -9.71248722 -13.22588158 381.91870117
v -9.72308636 -13.27491856 382.22775269
v -10.08934021 -13.22681332 382.50650024
v -10.51571941 -13.16326141 382.72769165
v -10.00865269 -13.11004639 382.22769165
v -10.09169960 -12.98760700 381.91860962
v -10.26407242 -12.90150261 382.22756958
v -10.40838242 -12.67092323 381.91845703
v -10.48273277 -12.65468597 382.22747803
v -10.64665699 -12.29171085 381.91827393
v -10.65896893 -12.37599087 382.22732544
v -10.78821754 -12.07263470 382.22720337
v -10.92294693 -12.11748314 382.50598145
v -11.00732994 -11.77512741 382.50582886
v -11.22569656 -11.81051254 382.72708130
v -10.79457569 -11.86898613 381.91809082
v -10.86713028 -11.75247288 382.22705078
v -10.78821754 -10.77496529 382.22659302
v -10.64665699 -10.55617619 381.91748047
v -10.65896893 -10.47160816 382.22644043
v -10.40838242 -10.17696476 381.91729736
v -10.48273277 -10.19291306 382.22631836
v -10.26407242 -9.94609642 382.22619629
v -10.36246681 -9.84352779 382.50491333
v -10.08934021 -9.62052631 382.50482178
v -10.21501350 -9.43835258 382.72595215
v -10.09169960 -9.86028099 381.91714478
v -10.00865269 -9.73755264 382.22610474
v -9.71248722 -9.62200642 381.91702271
v -9.59339809 -14.00823784 382.87014771
v -9.13547993 -13.81819248 382.72799683
v -8.75649738 -13.61287498 382.50668335
v -9.16908169 -14.09486198 382.87017822
v -8.73636436 -14.11229992 382.87017822
v -8.30645370 -14.06009960 382.87014771
v -7.89048386 -13.93961239 382.87011719
v -7.49922800 -13.75395966 382.87002563
v -6.36907053 -10.36872482 382.86843872
v -6.80593967 -10.13432026 382.72628784
v -7.20474529 -9.97077942 382.50497437
v -6.57032776 -9.98526192 382.86825562
v -7.03915119 -9.82397175 382.72613525
v -7.45904255 -9.72652340 382.50488281
v -6.83049011 -9.63904858 382.86810303
v -7.14281988 -9.33905125 382.86795044
v -7.49922800 -9.09304047 382.86782837
v -7.89048386 -8.90738773 382.86776733
v -9.16908169 -8.75213718 382.86767578
v -10.37337208 -9.20886421 382.86788940
v -10.70882893 -9.48275661 382.86801147
v -10.99600697 -9.80691242 382.86816406
v -11.22746658 -10.17293739 382.86834717
v -11.39721489 -10.57135201 382.86853027
v -9.10881329 -9.24866104 382.50463867
v -9.13547993 -9.02893925 382.72576904
v -8.06778622 -9.37506485 382.50469971
v -7.74922800 -9.52622318 382.50476074
v -7.98933649 -9.16810608 382.72583008
v -7.63861227 -9.33452702 382.72592163
v -7.31912565 -9.55505276 382.72601318
v -6.66084146 -11.59996986 382.50573730
v -6.50259972 -12.00084686 382.72717285
v -6.71740246 -11.94800568 382.50588989
v -6.62553167 -12.36907387 382.72732544
v -6.82906055 -12.28246117 382.50607300
v -7.74922800 -13.32111645 382.50653076
v -8.06778622 -13.47227383 382.50662231
v -8.40646648 -13.57037354 382.50665283
v -7.63861227 -13.51260567 382.72787476
v -7.98933649 -13.67902565 382.72793579
v -8.36221504 -13.78703117 382.72799683
v -8.74759007 -13.83382416 382.72802734
v -10.36246681 -13.00381184 382.50640869
v -10.77314758 -12.87268543 382.72756958
v -10.59628487 -12.73988533 382.50628662
v -10.98062992 -12.54457855 382.72741699
v -10.78473854 -12.44186974 382.50613403
v -11.13279343 -12.18743706 382.72723389
v -10.92294693 -10.72985554 382.50534058
v -10.78473854 -10.40546894 382.50518799
v -10.59628487 -10.10745335 382.50503540
v -11.13279343 -10.65969467 382.72653198
v -10.98062992 -10.30255413 382.72637939
v -10.77314758 -9.97444725 382.72622681
v -10.51571941 -9.68387127 382.72607422
v -8.39967823 -9.47502232 379.91696167
v -8.84471989 -9.42487812 379.91693115
v -9.28976154 -9.47502232 379.91696167
v -9.71248722 -9.62294006 379.91702271
v -10.09169960 -9.86121464 379.91714478
v -10.40838242 -10.17789841 379.91729736
v -10.64665699 -10.55710983 379.91748047
v -10.79457569 -10.97983551 379.91766357
v -10.84471989 -11.42487717 379.91787720
v -10.79457569 -11.86991978 379.91809082
v -10.64665699 -12.29264450 379.91827393
v -10.40838242 -12.67185688 379.91845703
v -10.09169960 -12.98854065 379.91860962
v -9.71248722 -13.22681522 379.91870117
v -9.28976154 -13.37473297 379.91879272
v -8.84471989 -13.42487717 379.91882324
v -8.39967823 -13.37473297 379.91879272
v -7.97695208 -13.22681522 379.91870117
v -7.59774017 -12.98854065 379.91860962
v -7.28105688 -12.67185688 379.91845703
v -7.04278183 -12.29264450 379.91827393
v -6.89486408 -11.86991978 379.91809082
v -6.84471989 -11.42487717 379.91787720
v -6.89486408 -10.97983551 379.91766357
v -7.04278183 -10.55710983 379.91748047
v -7.28105688 -10.17789841 379.91729736
v -7.59774017 -9.86121464 379.91714478
v -7.97695208 -9.62294006 379.91702271
v -5.91008568 -15.48449516 381.91976929
v -6.27262449 -15.38692474 382.22872925
v -6.35512733 -15.43435097 381.91973877
v -6.60210037 -15.40020275 382.22875977
v -6.80016899 -15.48449516 381.91976929
v -6.92517900 -15.46615982 382.22879028
v -7.23349428 -15.58308792 382.22882080
v -6.96469688 -15.32959747 382.50747681
v -7.29438543 -15.45463181 382.50753784
v -7.02624750 -15.11699772 382.72860718
v -7.38922596 -15.25465679 382.72866821
v -7.10380602 -14.84916878 382.87054443
v -7.50873184 -15.00273705 382.87060547
v -5.48736000 -15.63241291 381.91983032
v -5.62856197 -15.51841164 382.22879028
v -5.94528580 -15.42667103 382.22875977
v -5.91687441 -15.28737164 382.50747681
v -6.26690531 -15.24487019 382.50744629
v -5.87262249 -15.07050800 382.72860718
v -6.25799704 -15.02371502 382.72857666
v -5.81686163 -14.79730701 382.87051392
v -6.24677229 -14.74510670 382.87048340
v -5.33065557 -15.65977001 382.22888184
v -5.10814762 -15.87068844 381.91995239
v -5.05928230 -15.84708500 382.22894287
v -4.79146433 -16.18737221 381.92010498
v -4.82147121 -16.07550621 382.22906494
v -4.62338066 -16.33911705 382.22918701
v -4.50333023 -16.26307106 382.50790405
v -4.33946800 -16.57528496 382.50805664
v -4.13593912 -16.48846626 382.72924805
v -4.01300716 -16.85669327 382.72943115
v -3.74233937 -16.78991318 382.87142944
v -3.67287040 -17.21737289 382.87164307
v -3.67287040 -17.65044022 382.87182617
v -3.74233937 -18.07790184 382.87203979
v -3.87947822 -18.48868179 382.87222290
v -4.08073521 -18.87214470 382.87240601
v -4.34089756 -19.21835899 382.87255859
v -4.31634712 -18.72321892 382.73028564
v -4.54955864 -19.03356743 382.73043823
v -4.50333023 -18.60508156 382.50900269
v -4.71515322 -18.88696671 382.50915527
v -4.62338066 -18.52929688 382.23019409
v -4.82147121 -18.79290771 382.23034668
v -4.79146433 -18.68132973 381.92126465
v -5.10814762 -18.99801445 381.92141724
v -4.55318975 -16.56658363 381.92028809
v -4.47014141 -16.63109016 382.22930908
v -4.22781038 -16.90974045 382.50820923
v -3.95073462 -17.23987007 382.72961426
v -4.40527153 -16.98930931 381.92047119
v -4.36572218 -16.94386292 382.22946167
v -4.17124891 -17.25777626 382.50839233
v -3.95073462 -17.62807655 382.72979736
v -4.31282806 -17.26933479 382.22961426
v -4.35512733 -17.43435097 381.92068481
v -4.31282806 -17.59907722 382.22976685
v -4.40527153 -17.87939262 381.92089844
v -4.36572218 -17.92455101 382.22991943
v -4.55318975 -18.30211830 381.92108154
v -4.47014141 -18.23732376 382.23007202
v -5.48736000 -19.23628807 381.92150879
v -5.33065557 -19.20864296 382.23052979
v -5.05928230 -19.02132797 382.23043823
v -4.96945047 -19.13122177 382.50924683
v -4.82953310 -19.30248642 382.73056030
v -4.65322733 -19.51835632 382.87271118
v -5.62856197 -19.35000229 382.23059082
v -5.91008568 -19.38420677 381.92160034
v -5.94528580 -19.44174194 382.23062134
v -6.35512733 -19.43435097 381.92160034
v -6.27262449 -19.48148727 382.23065186
v -6.60210037 -19.46821022 382.23065186
v -6.61922121 -19.60908508 382.50949097
v -6.96469688 -19.53855515 382.50946045
v -7.02624750 -19.75094795 382.73077393
v -7.38922596 -19.61328888 382.73071289
v -7.50873184 -19.86507607 382.87286377
v -7.88378000 -19.64854240 382.87277222
v -8.21923637 -19.37465096 382.87265015
v -8.50641441 -19.05049324 382.87249756
v -8.73787403 -18.68446922 382.87231445
v -8.90762234 -18.28605461 382.87213135
v -9.01126289 -17.86557007 382.87194824
v -9.04611015 -17.43390656 382.87173462
v -9.01126289 -17.00224304 382.87152100
v -8.76734161 -17.43397331 382.72970581
v -8.73610497 -17.04702759 382.72952271
v -8.54611015 -17.43407631 382.50845337
v -8.51773739 -17.08261871 382.50830078
v -8.40407085 -17.43420601 382.22970581
v -8.37753773 -17.10553360 382.22955322
v -8.35512733 -17.43435097 381.92068481
v -8.30498314 -16.98930931 381.92047119
v -6.80016899 -19.38420677 381.92160034
v -6.92517900 -19.40225410 382.23062134
v -7.29438543 -19.41352081 382.50939941
v -7.72542143 -19.41918755 382.73062134
v -7.22289467 -19.23628807 381.92150879
v -7.23349428 -19.28532600 382.23056030
v -7.59974766 -19.23722076 382.50930786
v -8.02612686 -19.17366791 382.73049927
v -7.51905966 -19.12045479 382.23049927
v -7.60210705 -18.99801445 381.92141724
v -7.77448034 -18.91190910 382.23037720
v -7.91879034 -18.68132973 381.92126465
v -7.99314022 -18.66509247 382.23028564
v -8.15706539 -18.30211830 381.92108154
v -8.16937637 -18.38639832 382.23013306
v -8.29862499 -18.08304214 382.23001099
v -8.43335438 -18.12788963 382.50878906
v -8.51773739 -17.78553391 382.50863647
v -8.73610497 -17.82091904 382.72988892
v -8.30498314 -17.87939262 381.92089844
v -8.37753773 -17.76288033 382.22985840
v -8.29862499 -16.78537178 382.22940063
v -8.15706539 -16.56658363 381.92028809
v -8.16937637 -16.48201561 382.22924805
v -7.91879034 -16.18737221 381.92010498
v -7.99314022 -16.20331955 382.22912598
v -7.77448034 -15.95650387 382.22900391
v -7.87287474 -15.85393429 382.50772095
v -7.59974766 -15.63093281 382.50762939
v -7.72542143 -15.44876003 382.72875977
v -7.60210705 -15.87068844 381.91995239
v -7.51905966 -15.74795914 382.22891235
v -7.22289467 -15.63241291 381.91983032
v -7.10380602 -20.01864433 382.87295532
v -6.64588785 -19.82859993 382.73080444
v -6.26690531 -19.62328148 382.50949097
v -6.67948961 -20.10526848 382.87298584
v -6.24677229 -20.12270737 382.87298584
v -5.81686163 -20.07050705 382.87295532
v -5.40089178 -19.95001984 382.87292480
v -5.00963593 -19.76436615 382.87283325
v -3.87947822 -16.37913132 382.87124634
v -4.31634712 -16.14472771 382.72909546
v -4.71515322 -15.98118591 382.50778198
v -4.08073521 -15.99566841 382.87106323
v -4.54955864 -15.83437920 382.72894287
v -4.96945047 -15.73692989 382.50765991
v -4.34089756 -15.64945507 382.87091064
v -4.65322733 -15.34945869 382.87075806
v -5.00963593 -15.10344791 382.87063599
v -5.40089178 -14.91779423 382.87057495
v -6.67948961 -14.76254463 382.87048340
v -7.88378000 -15.21927166 382.87069702
v -8.21923637 -15.49316311 382.87081909
v -8.50641441 -15.81731987 382.87097168
v -8.73787403 -16.18334579 382.87115479
v -8.90762234 -16.58175850 382.87133789
v -6.61922121 -15.25906849 382.50744629
v -6.64588785 -15.03934669 382.72857666
v -5.57819414 -15.38547230 382.50750732
v -5.25963593 -15.53662968 382.50756836
v -5.49974442 -15.17851353 382.72863770
v -5.14901972 -15.34493446 382.72872925
v -4.82953310 -15.56546021 382.72882080
v -4.17124891 -17.61037827 382.50854492
v -4.01300716 -18.01125336 382.72998047
v -4.22781038 -17.95841217 382.50869751
v -4.13593912 -18.37948036 382.73013306
v -4.33946800 -18.29286766 382.50888062
v -5.25963593 -19.33152390 382.50933838
v -5.57819414 -19.48268127 382.50942993
v -5.91687441 -19.58078003 382.50946045
v -5.14901972 -19.52301216 382.73068237
v -5.49974442 -19.68943214 382.73074341
v -5.87262249 -19.79743767 382.73080444
v -6.25799704 -19.84423065 382.73083496
v -7.87287474 -19.01421928 382.50921631
v -8.28355503 -18.88309288 382.73037720
v -8.10669327 -18.75029182 382.50909424
v -8.49103737 -18.55498505 382.73022461
v -8.29514599 -18.45227623 382.50894165
v -8.64320087 -18.19784355 382.73004150
v -8.43335438 -16.74026299 382.50814819
v -8.29514599 -16.41587639 382.50799561
v -8.10669327 -16.11786079 382.50784302
v -8.64320087 -16.67010117 382.72933960
v -8.49103737 -16.31296158 382.72918701
v -8.28355503 -15.98485374 382.72903442
v -8.02612686 -15.69427776 382.72888184
v -5.91008568 -15.48542881 379.91976929
v -6.35512733 -15.43528461 379.91973877
v -6.80016899 -15.48542881 379.91976929
v -7.22289467 -15.63334656 379.91983032
v -7.60210705 -15.87162209 379.91995239
v -7.91879034 -16.18830490 379.92010498
v -8.15706539 -16.56751633 379.92028809
v -8.30498314 -16.99024200 379.92047119
v -8.35512733 -17.43528366 379.92068481
v -8.30498314 -17.88032722 379.92089844
v -8.15706539 -18.30305099 379.92108154
v -7.91879034 -18.68226433 379.92126465
v -7.60210705 -18.99894714 379.92141724
v -7.22289467 -19.23722267 379.92150879
v -6.80016899 -19.38513947 379.92160034
v -6.35512733 -19.43528366 379.92160034
v -5.91008568 -19.38513947 379.92160034
v -5.48736000 -19.23722267 379.92150879
v -5.10814762 -18.99894714 379.92141724
v -4.79146433 -18.68226433 379.92126465
v -4.55318975 -18.30305099 379.92108154
v -4.40527153 -17.88032722 379.92089844
v -4.35512733 -17.43528366 379.92068481
v -4.40527153 -16.99024200 379.92047119
v -4.55318975 -16.56751633 379.92028809
v -4.79146433 -16.18830490 379.92010498
v -5.10814762 -15.87162209 379.91995239
v -5.48736000 -15.63334656 379.91983032
v 0.10032219 -17.97408676 381.92092896
v -0.26221704 -17.87651634 382.22988892
v -0.34471968 -17.92394257 381.92089844
v -0.59169251 -17.88979530 382.22991943
v -0.78976154 -17.97408676 381.92092896
v -0.91477156 -17.95575142 382.22994995
v -1.22308648 -18.07267952 382.22998047
v -0.95428944 -17.81918907 382.50863647
v -1.28397775 -17.94422340 382.50869751
v -1.01583993 -17.60659027 382.72976685
v -1.37881815 -17.74424934 382.72982788
v -1.09339809 -17.33876038 382.87170410
v -1.49832404 -17.49232864 382.87176514
v 0.52304780 -18.12200546 381.92098999
v 0.38184568 -18.00800323 382.22998047
v 0.06512166 -17.91626358 382.22991943
v 0.09353321 -17.77696419 382.50863647
v -0.25649768 -17.73446274 382.50860596
v 0.13778524 -17.56010056 382.72976685
v -0.24758959 -17.51330757 382.72973633
v 0.19354606 -17.28689957 382.87167358
v -0.23636472 -17.23469925 382.87164307
v 0.67975205 -18.14936256 382.23004150
v 0.90225995 -18.36028099 381.92111206
v 0.95112514 -18.33667755 382.23013306
v 1.21894324 -18.67696381 381.92126465
v 1.18893659 -18.56509781 382.23022461
v 1.38702703 -18.82870865 382.23034668
v 1.50707746 -18.75266266 382.50909424
v 1.67093968 -19.06487656 382.50921631
v 1.87446833 -18.97805786 382.73040771
v 1.99740052 -19.34628487 382.73059082
v 2.26806831 -19.27950478 382.87258911
v 2.33753729 -19.70696449 382.87280273
v 2.33753729 -20.14003372 382.87298584
v 2.26806831 -20.56749344 382.87319946
v 2.13092947 -20.97827339 382.87338257
v 1.92967248 -21.36173820 382.87356567
v 1.66951001 -21.70795059 382.87371826
v 1.69406033 -21.21281242 382.73147583
v 1.46084893 -21.52315903 382.73159790
v 1.50707746 -21.09467316 382.51016235
v 1.29525459 -21.37655830 382.51031494
v 1.38702703 -21.01888847 382.23138428
v 1.18893659 -21.28249931 382.23150635
v 1.21894324 -21.17092323 381.92242432
v 0.90225995 -21.48760605 381.92257690
v 1.45721805 -19.05617523 381.92144775
v 1.54026616 -19.12068176 382.23049927
v 1.78259730 -19.39933205 382.50936890
v 2.05967307 -19.72946358 382.73077393
v 1.60513616 -19.47890091 381.92163086
v 1.64468527 -19.43345451 382.23062134
v 1.83915865 -19.74736786 382.50955200
v 2.05967307 -20.11766815 382.73095703
v 1.69757974 -19.75892639 382.23077393
v 1.65528035 -19.92394257 381.92184448
v 1.69757974 -20.08867073 382.23092651
v 1.60513616 -20.36898422 381.92205811
v 1.64468527 -20.41414261 382.23107910
v 1.45721805 -20.79170990 381.92224121
v 1.54026616 -20.72691536 382.23123169
v 0.52304780 -21.72587967 381.92269897
v 0.67975205 -21.69823647 382.23168945
v 0.95112514 -21.51091957 382.23159790
v 1.04095733 -21.62081528 382.51040649
v 1.18087435 -21.79207802 382.73171997
v 1.35718012 -22.00794792 382.87387085
v 0.38184568 -21.83959389 382.23175049
v 0.10032219 -21.87379837 381.92276001
v 0.06512166 -21.93133354 382.23181152
v -0.34471968 -21.92394257 381.92279053
v -0.26221704 -21.97108078 382.23181152
v -0.59169251 -21.95780373 382.23181152
v -0.60881352 -22.09867668 382.51065063
v -0.95428944 -22.02814674 382.51062012
v -1.01583993 -22.24054146 382.73193359
v -1.37881815 -22.10288239 382.73187256
v -1.49832404 -22.35466766 382.87402344
v -1.87337232 -22.13813400 382.87393188
v -2.20882916 -21.86424255 382.87380981
v -2.49600649 -21.54008675 382.87365723
v -2.72746682 -21.17406082 382.87347412
v -2.89721513 -20.77564621 382.87329102
v -3.00085521 -20.35516357 382.87310791
v -3.03570271 -19.92349815 382.87289429
v -3.00085521 -19.49183464 382.87271118
v -2.75693440 -19.92356491 382.73086548
v -2.72569680 -19.53661919 382.73068237
v -2.53570271 -19.92366791 382.50961304
v -2.50732994 -19.57221031 382.50946045
v -2.39366317 -19.92379951 382.23086548
v -2.36712980 -19.59512520 382.23071289
v -2.34471965 -19.92394257 381.92184448
v -2.29457545 -19.47890091 381.92163086
v -0.78976154 -21.87379837 381.92276001
v -0.91477156 -21.89184570 382.23178101
v -1.28397775 -21.90311241 382.51055908
v -1.71501386 -21.90877914 382.73178101
v -1.21248722 -21.72587967 381.92269897
v -1.22308648 -21.77491760 382.23171997
v -1.58933985 -21.72681236 382.51046753
v -2.01571965 -21.66325951 382.73165894
v -1.50865221 -21.61004639 382.23165894
v -1.59169924 -21.48760605 381.92257690
v -1.76407278 -21.40150070 382.23153687
v -1.90838265 -21.17092323 381.92242432
v -1.98273277 -21.15468597 382.23144531
v -2.14665747 -20.79170990 381.92224121
v -2.15896893 -20.87598991 382.23129272
v -2.28821731 -20.57263374 382.23117065
v -2.42294693 -20.61748314 382.50994873
v -2.50732994 -20.27512741 382.50979614
v -2.72569680 -20.31051254 382.73104858
v -2.29457545 -20.36898422 381.92205811
v -2.36712980 -20.25247192 382.23101807
v -2.28821731 -19.27496338 382.23056030
v -2.14665747 -19.05617523 381.92144775
v -2.15896893 -18.97160721 382.23040771
v -1.90838265 -18.67696381 381.92126465
v -1.98273277 -18.69291115 382.23028564
v -1.76407278 -18.44609642 382.23016357
v -1.86246693 -18.34352684 382.50888062
v -1.58933985 -18.12052536 382.50878906
v -1.71501386 -17.93835258 382.72991943
v -1.59169924 -18.36028099 381.92111206
v -1.50865221 -18.23755074 382.23007202
v -1.21248722 -18.12200546 381.92098999
v -1.09339809 -22.50823593 382.87411499
v -0.63548005 -22.31819153 382.73196411
v -0.25649768 -22.11287498 382.51065063
v -0.66908187 -22.59486198 382.87414551
v -0.23636472 -22.61229897 382.87414551
v 0.19354606 -22.56009865 382.87411499
v 0.60951602 -22.43961143 382.87408447
v 1.00077176 -22.25395775 382.87399292
v 2.13092947 -18.86872292 382.87240601
v 1.69406033 -18.63431931 382.73025513
v 1.29525459 -18.47077751 382.50894165
v 1.92967248 -18.48526001 382.87222290
v 1.46084893 -18.32397079 382.73010254
v 1.04095733 -18.22652245 382.50885010
v 1.66951001 -18.13904762 382.87207031
v 1.35718012 -17.83905029 382.87191772
v 1.00077176 -17.59304047 382.87182617
v 0.60951602 -17.40738678 382.87173462
v -0.66908187 -17.25213623 382.87164307
v -1.87337232 -17.70886421 382.87185669
v -2.20882916 -17.98275566 382.87197876
v -2.49600649 -18.30691147 382.87213135
v -2.72746682 -18.67293739 382.87231445
v -2.89721513 -19.07135010 382.87249756
v -0.60881352 -17.74866104 382.50860596
v -0.63548005 -17.52893829 382.72973633
v 0.43221360 -17.87506485 382.50866699
v 0.75077182 -18.02622223 382.50872803
v 0.51066345 -17.66810608 382.72979736
v 0.86138767 -17.83452606 382.72988892
v 1.18087435 -18.05505180 382.72998047
v 1.83915865 -20.09996986 382.50970459
v 1.99740052 -20.50084686 382.73114014
v 1.78259730 -20.44800568 382.50988770
v 1.87446833 -20.86907196 382.73129272
v 1.67093968 -20.78246117 382.51004028
v 0.75077182 -21.82111549 382.51052856
v 0.43221360 -21.97227287 382.51058960
v 0.09353321 -22.07037354 382.51062012
v 0.86138767 -22.01260376 382.73184204
v 0.51066345 -22.17902565 382.73190308
v 0.13778524 -22.28703117 382.73196411
v -0.24758959 -22.33382416 382.73199463
v -1.86246693 -21.50381088 382.51037598
v -2.27314734 -21.37268448 382.73153687
v -2.09628510 -21.23988533 382.51025391
v -2.48062968 -21.04457664 382.73138428
v -2.28473878 -20.94186974 382.51010132
v -2.63279319 -20.68743706 382.73120117
v -2.42294693 -19.22985458 382.50930786
v -2.28473878 -18.90546799 382.50915527
v -2.09628510 -18.60745239 382.50900269
v -2.63279319 -19.15969467 382.73049927
v -2.48062968 -18.80255318 382.73034668
v -2.27314734 -18.47444534 382.73019409
v -2.01571965 -18.18387032 382.73004150
v 0.10032219 -17.97502136 379.92092896
v -0.34471968 -17.92487717 379.92089844
v -0.78976154 -17.97502136 379.92092896
v -1.21248722 -18.12293816 379.92098999
v -1.59169924 -18.36121368 379.92111206
v -1.90838265 -18.67789650 379.92126465
v -2.14665747 -19.05710983 379.92144775
v -2.29457545 -19.47983551 379.92163086
v -2.34471965 -19.92487717 379.92184448
v -2.29457545 -20.36991882 379.92205811
v -2.14665747 -20.79264450 379.92224121
v -1.90838265 -21.17185593 379.92242432
v -1.59169924 -21.48853874 379.92257690
v -1.21248722 -21.72681427 379.92269897
v -0.78976154 -21.87473297 379.92276001
v -0.34471968 -21.92487717 379.92279053
v 0.10032219 -21.87473297 379.92276001
v 0.52304780 -21.72681427 379.92269897
v 0.90225995 -21.48853874 379.92257690
v 1.21894324 -21.17185593 379.92242432
v 1.45721805 -20.79264450 379.92224121
v 1.60513616 -20.36991882 379.92205811
v 1.65528035 -19.92487717 379.92184448
v 1.60513616 -19.47983551 379.92163086
v 1.45721805 -19.05710983 379.92144775
v 1.21894324 -18.67789650 379.92126465
v 0.90225995 -18.36121368 379.92111206
v 0.52304780 -18.12293816 379.92098999
v 6.11072969 -15.48449516 381.91976929
v 5.74819040 -15.38692474 382.22872925
v 5.66568804 -15.43435097 381.91973877
v 5.41871500 -15.40020275 382.22875977
v 5.22064590 -15.48449516 381.91976929
v 5.09563589 -15.46615982 382.22879028
v 4.78732109 -15.58308792 382.22882080
v 5.05611801 -15.32959747 382.50747681
v 4.72642994 -15.45463181 382.50753784
v 4.99456787 -15.11699772 382.72860718
v 4.63158941 -15.25465679 382.72866821
v 4.91700935 -14.84916878 382.87054443
v 4.51208353 -15.00273705 382.87060547
v 6.53345537 -15.63241291 381.91983032
v 6.39225340 -15.51841164 382.22879028
v 6.07552910 -15.42667103 382.22875977
v 6.10394096 -15.28737164 382.50747681
v 5.75391006 -15.24487019 382.50744629
v 6.14819288 -15.07050800 382.72860718
v 5.76281786 -15.02371502 382.72857666
v 6.20395374 -14.79730701 382.87051392
v 5.77404308 -14.74510670 382.87048340
v 6.69015980 -15.65977001 382.22888184
v 6.91266775 -15.87068844 381.91995239
v 6.96153259 -15.84708500 382.22894287
v 7.22935104 -16.18737221 381.92010498
v 7.19934416 -16.07550621 382.22906494
v 7.39743471 -16.33911705 382.22918701
v 7.51748514 -16.26307106 382.50790405
v 7.68134737 -16.57528496 382.50805664
v 7.88487577 -16.48846626 382.72924805
v 8.00780773 -16.85669327 382.72943115
v 8.27847576 -16.78991318 382.87142944
v 8.34794521 -17.21737289 382.87164307
v 8.34794521 -17.65044022 382.87182617
v 8.27847576 -18.07790184 382.87203979
v 8.14133739 -18.48868179 382.87222290
v 7.94008017 -18.87214470 382.87240601
v 7.67991781 -19.21835899 382.87255859
v 7.70446777 -18.72321892 382.73028564
v 7.47125673 -19.03356743 382.73043823
v 7.51748514 -18.60508156 382.50900269
v 7.30566216 -18.88696671 382.50915527
v 7.39743471 -18.52929688 382.23019409
v 7.19934416 -18.79290771 382.23034668
v 7.22935104 -18.68132973 381.92126465
v 6.91266775 -18.99801445 381.92141724
v 7.46762562 -16.56658363 381.92028809
v 7.55067396 -16.63109016 382.22930908
v 7.79300499 -16.90974045 382.50820923
v 8.07008076 -17.23987007 382.72961426
v 7.61554384 -16.98930931 381.92047119
v 7.65509272 -16.94386292 382.22946167
v 7.84956646 -17.25777626 382.50839233
v 8.07008076 -17.62807655 382.72979736
v 7.70798731 -17.26933479 382.22961426
v 7.66568804 -17.43435097 381.92068481
v 7.70798731 -17.59907722 382.22976685
v 7.61554384 -17.87939262 381.92089844
v 7.65509272 -17.92455101 382.22991943
v 7.46762562 -18.30211830 381.92108154
v 7.55067396 -18.23732376 382.23007202
v 6.53345537 -19.23628807 381.92150879
v 6.69015980 -19.20864296 382.23052979
v 6.96153259 -19.02132797 382.23043823
v 7.05136490 -19.13122177 382.50924683
v 7.19128180 -19.30248642 382.73056030
v 7.36758757 -19.51835632 382.87271118
v 6.39225340 -19.35000229 382.23059082
v 6.11072969 -19.38420677 381.92160034
v 6.07552910 -19.44174194 382.23062134
v 5.66568804 -19.43435097 381.92160034
v 5.74819040 -19.48148727 382.23065186
v 5.41871500 -19.46821022 382.23065186
v 5.40159416 -19.60908508 382.50949097
v 5.05611801 -19.53855515 382.50946045
v 4.99456787 -19.75094795 382.73077393
v 4.63158941 -19.61328888 382.73071289
v 4.51208353 -19.86507607 382.87286377
v 4.13703537 -19.64854240 382.87277222
v 3.80157852 -19.37465096 382.87265015
v 3.51440096 -19.05049324 382.87249756
v 3.28294086 -18.68446922 382.87231445
v 3.11319256 -18.28605461 382.87213135
v 3.00955248 -17.86557007 382.87194824
v 2.97470498 -17.43390656 382.87173462
v 3.00955248 -17.00224304 382.87152100
v 3.25347328 -17.43397331 382.72970581
v 3.28471065 -17.04702759 382.72952271
v 3.47470498 -17.43407631 382.50845337
v 3.50307751 -17.08261871 382.50830078
v 3.61674452 -17.43420601 382.22970581
v 3.64327765 -17.10553360 382.22955322
v 3.66568804 -17.43435097 381.92068481
v 3.71583223 -16.98930931 381.92047119
v 5.22064590 -19.38420677 381.92160034
v 5.09563589 -19.40225410 382.23062134
v 4.72642994 -19.41352081 382.50939941
v 4.29539394 -19.41918755 382.73062134
v 4.79792070 -19.23628807 381.92150879
v 4.78732109 -19.28532600 382.23056030
v 4.42106771 -19.23722076 382.50930786
v 3.99468803 -19.17366791 382.73049927
v 4.50175524 -19.12045479 382.23049927
v 4.41870832 -18.99801445 381.92141724
v 4.24633503 -18.91190910 382.23037720
v 4.10202503 -18.68132973 381.92126465
v 4.02767515 -18.66509247 382.23028564
v 3.86375022 -18.30211830 381.92108154
v 3.85143852 -18.38639832 382.23013306
v 3.72219038 -18.08304214 382.23001099
v 3.58746076 -18.12788963 382.50878906
v 3.50307751 -17.78553391 382.50863647
v 3.28471065 -17.82091904 382.72988892
v 3.71583223 -17.87939262 381.92089844
v 3.64327765 -17.76288033 382.22985840
v 3.72219038 -16.78537178 382.22940063
v 3.86375022 -16.56658363 381.92028809
v 3.85143852 -16.48201561 382.22924805
v 4.10202503 -16.18737221 381.92010498
v 4.02767515 -16.20331955 382.22912598
v 4.24633503 -15.95650387 382.22900391
v 4.14794064 -15.85393429 382.50772095
v 4.42106771 -15.63093281 382.50762939
v 4.29539394 -15.44876003 382.72875977
v 4.41870832 -15.87068844 381.91995239
v 4.50175524 -15.74795914 382.22891235
v 4.79792070 -15.63241291 381.91983032
v 4.91700935 -20.01864433 382.87295532
v 5.37492752 -19.82859993 382.73080444
v 5.75391006 -19.62328148 382.50949097
v 5.34132576 -20.10526848 382.87298584
v 5.77404308 -20.12270737 382.87298584
v 6.20395374 -20.07050705 382.87295532
v 6.61992359 -19.95001984 382.87292480
v 7.01117945 -19.76436615 382.87283325
v 8.14133739 -16.37913132 382.87124634
v 7.70446777 -16.14472771 382.72909546
v 7.30566216 -15.98118591 382.50778198
v 7.94008017 -15.99566841 382.87106323
v 7.47125673 -15.83437920 382.72894287
v 7.05136490 -15.73692989 382.50765991
v 7.67991781 -15.64945507 382.87091064
v 7.36758757 -15.34945869 382.87075806
v 7.01117945 -15.10344791 382.87063599
v 6.61992359 -14.91779423 382.87057495
v 5.34132576 -14.76254463 382.87048340
v 4.13703537 -15.21927166 382.87069702
v 3.80157852 -15.49316311 382.87081909
v 3.51440096 -15.81731987 382.87097168
v 3.28294086 -16.18334579 382.87115479
v 3.11319256 -16.58175850 382.87133789
v 5.40159416 -15.25906849 382.50744629
v 5.37492752 -15.03934669 382.72857666
v 6.44262123 -15.38547230 382.50750732
v 6.76117945 -15.53662968 382.50756836
v 6.52107096 -15.17851353 382.72863770
v 6.87179518 -15.34493446 382.72872925
v 7.19128180 -15.56546021 382.72882080
v 7.84956646 -17.61037827 382.50854492
v 8.00780773 -18.01125336 382.72998047
v 7.79300499 -17.95841217 382.50869751
v 7.88487577 -18.37948036 382.73013306
v 7.68134737 -18.29286766 382.50888062
v 6.76117945 -19.33152390 382.50933838
v 6.44262123 -19.48268127 382.50942993
v 6.10394096 -19.58078003 382.50946045
v 6.87179518 -19.52301216 382.73068237
v 6.52107096 -19.68943214 382.73074341
v 6.14819288 -19.79743767 382.73080444
v 5.76281786 -19.84423065 382.73083496
v 4.14794064 -19.01421928 382.50921631
v 3.73726034 -18.88309288 382.73037720
v 3.91412234 -18.75029182 382.50909424
v 3.52977777 -18.55498505 382.73022461
v 3.72566891 -18.45227623 382.50894165
v 3.37761426 -18.19784355 382.73004150
v 3.58746076 -16.74026299 382.50814819
v 3.72566891 -16.41587639 382.50799561
v 3.91412234 -16.11786079 382.50784302
v 3.37761426 -16.67010117 382.72933960
v 3.52977777 -16.31296158 382.72918701
v 3.73726034 -15.98485374 382.72903442
v 3.99468803 -15.69427776 382.72888184
v 6.11072969 -15.48542881 379.91976929
v 5.66568804 -15.43528461 379.91973877
v 5.22064590 -15.48542881 379.91976929
v 4.79792070 -15.63334656 379.91983032
v 4.41870832 -15.87162209 379.91995239
v 4.10202503 -16.18830490 379.92010498
v 3.86375022 -16.56751633 379.92028809
v 3.71583223 -16.99024200 379.92047119
v 3.66568804 -17.43528366 379.92068481
v 3.71583223 -17.88032722 379.92089844
v 3.86375022 -18.30305099 379.92108154
v 4.10202503 -18.68226433 379.92126465
v 4.41870832 -18.99894714 379.92141724
v 4.79792070 -19.23722267 379.92150879
v 5.22064590 -19.38513947 379.92160034
v 5.66568804 -19.43528366 379.92160034
v 6.11072969 -19.38513947 379.92160034
v 6.53345537 -19.23722267 379.92150879
v 6.91266775 -18.99894714 379.92141724
v 7.22935104 -18.68226433 379.92126465
v 7.46762562 -18.30305099 379.92108154
v 7.61554384 -17.88032722 379.92089844
v 7.66568804 -17.43528366 379.92068481
v 7.61554384 -16.99024200 379.92047119
v 7.46762562 -16.56751633 379.92028809
v 7.22935104 -16.18830490 379.92010498
v 6.91266775 -15.87162209 379.91995239
v 6.53345537 -15.63334656 379.91983032
v -6.35512733 -16.53528404 379.92025757
v -6.64735699 -16.58404922 379.92028809
v -6.90791893 -16.72505760 379.92034912
v -7.10857725 -16.94303131 379.92044067
v -7.22758770 -17.21434784 379.92056274
v -7.25205326 -17.50960541 379.92071533
v -7.17932320 -17.79681015 379.92083740
v -7.01727867 -18.04483795 379.92095947
v -6.78348017 -18.22681046 379.92105103
v -6.50326252 -18.32300949 379.92108154
v -6.20699215 -18.32300949 379.92108154
v -5.92677450 -18.22681046 379.92105103
v -5.69297600 -18.04483795 379.92095947
v -5.53093147 -17.79681015 379.92083740
v -5.45820141 -17.50960541 379.92071533
v -5.48266697 -17.21434784 379.92056274
v -5.60167742 -16.94303131 379.92044067
v -5.80233574 -16.72505760 379.92034912
v -6.06289768 -16.58404922 379.92028809
v 5.66568804 -4.51447058 379.91464233
v 5.37345839 -4.56323528 379.91467285
v 5.11289644 -4.70424414 379.91473389
v 4.91223812 -4.92221737 379.91482544
v 4.79322767 -5.19353342 379.91497803
v 4.76876211 -5.48879194 379.91510010
v 4.84149218 -5.77599621 379.91525269
v 5.00353622 -6.02402401 379.91534424
v 5.23733521 -6.20599699 379.91543579
v 5.51755285 -6.30219555 379.91549683
v 5.81382322 -6.30219555 379.91549683
v 6.09404039 -6.20599699 379.91543579
v 6.32783937 -6.02402401 379.91534424
v 6.48988390 -5.77599621 379.91525269
v 6.56261396 -5.48879194 379.91510010
v 6.53814840 -5.19353342 379.91497803
v 6.41913795 -4.92221737 379.91482544
v 6.21847963 -4.70424414 379.91473389
v 5.95791769 -4.56323528 379.91467285
v -0.34471968 -2.02487850 379.91348267
v -0.63694918 -2.07364297 379.91351318
v -0.89751112 -2.21465206 379.91357422
v -1.09816957 -2.43262529 379.91366577
v -1.21717989 -2.70394158 379.91381836
v -1.24164569 -2.99919987 379.91394043
v -1.16891563 -3.28640437 379.91406250
v -1.00687122 -3.53443170 379.91418457
v -0.77307236 -3.71640468 379.91427612
v -0.49285480 -3.81260347 379.91430664
v -0.19658455 -3.81260347 379.91430664
v 0.08363297 -3.71640468 379.91427612
v 0.31743184 -3.53443170 379.91418457
v 0.47947630 -3.28640437 379.91406250
v 0.55220634 -2.99919987 379.91394043
v 0.52774054 -2.70394158 379.91381836
v 0.40873015 -2.43262529 379.91366577
v 0.20807175 -2.21465206 379.91357422
v -0.05249016 -2.07364297 379.91351318
v -0.34471968 -19.02487755 379.92141724
v -0.63694918 -19.07364082 379.92144775
v -0.89751112 -19.21465111 379.92150879
v -1.09816957 -19.43262291 379.92160034
v -1.21717989 -19.70393944 379.92175293
v -1.24164569 -19.99919891 379.92187500
v -1.16891563 -20.28640175 379.92199707
v -1.00687122 -20.53442955 379.92211914
v -0.77307236 -20.71640205 379.92221069
v -0.49285480 -20.81260109 379.92227173
v -0.19658455 -20.81260109 379.92227173
v 0.08363297 -20.71640205 379.92221069
v 0.31743184 -20.53442955 379.92211914
v 0.47947630 -20.28640175 379.92199707
v 0.55220634 -19.99919891 379.92187500
v 0.52774054 -19.70393944 379.92175293
v 0.40873015 -19.43262291 379.92160034
v 0.20807175 -19.21465111 379.92150879
v -0.05249016 -19.07364082 379.92144775
v -8.84471989 -10.52487755 379.91744995
v -9.13694954 -10.57364178 379.91748047
v -9.39751148 -10.71465111 379.91754150
v -9.59816933 -10.93262386 379.91763306
v -9.71718025 -11.20394039 379.91778564
v -9.74164581 -11.49919891 379.91790771
v -9.66891575 -11.78640366 379.91802979
v -9.50687122 -12.03443050 379.91815186
v -9.27307224 -12.21640396 379.91824341
v -8.99285507 -12.31260300 379.91830444
v -8.69658470 -12.31260300 379.91830444
v -8.41636658 -12.21640396 379.91824341
v -8.18256855 -12.03443050 379.91815186
v -8.02052402 -11.78640366 379.91802979
v -7.94779348 -11.49919891 379.91790771
v -7.97225952 -11.20394039 379.91778564
v -8.09126949 -10.93262386 379.91763306
v -8.29192829 -10.71465111 379.91754150
v -8.55249023 -10.57364178 379.91748047
v 8.15528011 -10.52487755 379.91744995
v 7.86305094 -10.57364178 379.91748047
v 7.60248899 -10.71465111 379.91754150
v 7.40183067 -10.93262386 379.91763306
v 7.28282022 -11.20394039 379.91778564
v 7.25835419 -11.49919891 379.91790771
v 7.33108425 -11.78640366 379.91802979
v 7.49312878 -12.03443050 379.91815186
v 7.72692776 -12.21640396 379.91824341
v 8.00714493 -12.31260300 379.91830444
v 8.30341530 -12.31260300 379.91830444
v 8.58363342 -12.21640396 379.91824341
v 8.81743145 -12.03443050 379.91815186
v 8.97947598 -11.78640366 379.91802979
v 9.05220604 -11.49919891 379.91790771
v 9.02774048 -11.20394039 379.91778564
v 8.90873051 -10.93262386 379.91763306
v 8.70807171 -10.71465111 379.91754150
v 8.44750977 -10.57364178 379.91748047
v -6.35512733 -4.51447058 379.91464233
v -6.64735699 -4.56323528 379.91467285
v -6.90791893 -4.70424414 379.91473389
v -7.10857725 -4.92221737 379.91482544
v -7.22758770 -5.19353342 379.91497803
v -7.25205326 -5.48879194 379.91510010
v -7.17932320 -5.77599621 379.91525269
v -7.01727867 -6.02402401 379.91534424
v -6.78348017 -6.20599699 379.91543579
v -6.50326252 -6.30219555 379.91549683
v -6.20699215 -6.30219555 379.91549683
v -5.92677450 -6.20599699 379.91543579
v -5.69297600 -6.02402401 379.91534424
v -5.53093147 -5.77599621 379.91525269
v -5.45820141 -5.48879194 379.91510010
v -5.48266697 -5.19353342 379.91497803
v -5.60167742 -4.92221737 379.91482544
v -5.80233574 -4.70424414 379.91473389
v -6.06289768 -4.56323528 379.91467285
v 5.66568804 -16.53528404 379.92025757
v 5.37345839 -16.58404922 379.92028809
v 5.11289644 -16.72505760 379.92034912
v 4.91223812 -16.94303131 379.92044067
v 4.79322767 -17.21434784 379.92056274
v 4.76876211 -17.50960541 379.92071533
v 4.84149218 -17.79681015 379.92083740
v 5.00353622 -18.04483795 379.92095947
v 5.23733521 -18.22681046 379.92105103
v 5.51755285 -18.32300949 379.92108154
v 5.81382322 -18.32300949 379.92108154
v 6.09404039 -18.22681046 379.92105103
v 6.32783937 -18.04483795 379.92095947
v 6.48988390 -17.79681015 379.92083740
v 6.56261396 -17.50960541 379.92071533
v 6.53814840 -17.21434784 379.92056274
v 6.41913795 -16.94303131 379.92044067
v 6.21847963 -16.72505760 379.92034912
v 5.95791769 -16.58404922 379.92028809
v -20.64472008 6.37418699 377.90957642
v -20.64472008 -29.22580910 377.92617798
v 12.05490875 6.37231970 373.90957642
v 17.45528030 6.37418699 377.90957642
v 12.05490875 -29.22767639 373.92617798
v 17.45528030 -29.22580910 377.92617798
v -12.74434853 -29.22767639 373.92617798
v -18.14472008 -29.22580910 377.92617798
v -12.74434853 6.37231970 373.90957642
v -18.14472008 6.37418699 377.90957642
v -15.44471931 -4.27217054 385.71453857
v -15.44471931 -4.22193909 386.07873535
v -15.44471931 -4.07530928 386.41589355
v -15.44471931 -3.84315681 386.70095825
v -15.44471931 -3.54269910 386.91284180
v -15.44471931 -3.19621944 387.03579712
v -15.44471931 -2.82941484 387.06072998
v -15.44471931 -2.46948957 386.98574829
v -15.44471931 -2.14313769 386.81643677
v -15.44471931 -1.87456298 386.56539917
v -15.44471931 -1.68368459 386.25115967
v -15.44471931 -1.58465910 385.89709473
v -15.44471931 -1.58483076 385.52944946
v -15.44471931 -1.68418682 385.17547607
v -15.44471931 -1.87535846 384.86145020
v -15.44471931 -2.14416742 384.61062622
v -15.44471931 -2.47067714 384.44165039
v -15.44471931 -2.83067226 384.36700439
v -15.44471931 -3.19745350 384.39227295
v -15.44471931 -3.54381824 384.51556396
v -15.44471931 -3.84407806 384.72772217
v -15.44471931 -4.07596445 385.01300049
v -15.44471931 -4.22227907 385.35028076
v -15.44471931 2.23076963 392.01150513
v -15.44471931 2.28100133 392.37570190
v -15.44471931 2.42763090 392.71286011
v -15.44471931 2.65978336 392.99792480
v -15.44471931 2.96024132 393.20980835
v -15.44471931 3.30672097 393.33276367
v -15.44471931 3.67352557 393.35766602
v -15.44471931 4.03345060 393.28271484
v -15.44471931 4.35980272 393.11340332
v -15.44471931 4.62837744 392.86236572
v -15.44471931 4.81925583 392.54812622
v -15.44471931 4.91828108 392.19406128
v -15.44471931 4.91810942 391.82641602
v -15.44471931 4.81875372 391.47244263
v -15.44471931 4.62758207 391.15841675
v -15.44471931 4.35877323 390.90759277
v -15.44471931 4.03226328 390.73861694
v -15.44471931 3.67226791 390.66397095
v -15.44471931 3.30548692 390.68923950
v -15.44471931 2.95912218 390.81253052
v -15.44471931 2.65886235 391.02465820
v -15.44471931 2.42697597 391.30996704
v -15.44471931 2.28066134 391.64724731
v -15.44471931 -27.76129150 409.02551270
v -15.44471931 -27.71105957 409.38970947
v -15.44471931 -27.56443024 409.72683716
v -15.44471931 -27.33227730 410.01193237
v -15.44471931 -27.03181839 410.22381592
v -15.44471931 -26.68533897 410.34677124
v -15.44471931 -26.31853485 410.37167358
v -15.44471931 -25.95861053 410.29672241
v -15.44471931 -25.63225746 410.12741089
v -15.44471931 -25.36368370 409.87634277
v -15.44471931 -25.17280388 409.56213379
v -15.44471931 -25.07378006 409.20806885
v -15.44471931 -25.07395172 408.84042358
v -15.44471931 -25.17330742 408.48645020
v -15.44471931 -25.36447906 408.17242432
v -15.44471931 -25.63328743 407.92160034
v -15.44471931 -25.95979691 407.75262451
v -15.44471931 -26.31979179 407.67797852
v -15.44471931 -26.68657303 407.70324707
v -15.44471931 -27.03293800 407.82650757
v -15.44471931 -27.33319855 408.03866577
v -15.44471931 -27.56508446 408.32397461
v -15.44471931 -27.71139908 408.66125488
v -15.44471931 -21.27216911 385.72247314
v -15.44471931 -21.22193718 386.08666992
v -15.44471931 -21.07530785 386.42382812
v -15.44471931 -20.84315491 386.70889282
v -15.44471931 -20.54269791 386.92077637
v -15.44471931 -20.19621658 387.04373169
v -15.44471931 -19.82941246 387.06866455
v -15.44471931 -19.46948814 386.99368286
v -15.44471931 -19.14313507 386.82440186
v -15.44471931 -18.87456131 386.57333374
v -15.44471931 -18.68368340 386.25909424
v -15.44471931 -18.58465767 385.90502930
v -15.44471931 -18.58482933 385.53738403
v -15.44471931 -18.68418503 385.18341064
v -15.44471931 -18.87535667 384.86938477
v -15.44471931 -19.14416504 384.61856079
v -15.44471931 -19.47067451 384.44958496
v -15.44471931 -19.83067131 384.37493896
v -15.44471931 -20.19745255 384.40020752
v -15.44471931 -20.54381561 384.52349854
v -15.44471931 -20.84407616 384.73565674
v -15.44471931 -21.07596207 385.02093506
v -15.44471931 -21.22227669 385.35821533
v -15.44471931 2.23870587 409.01150513
v -15.44471931 2.28893757 409.37570190
v -15.44471931 2.43556714 409.71286011
v -15.44471931 2.66771960 409.99792480
v -15.44471931 2.96817756 410.20980835
v -15.44471931 3.31465721 410.33276367
v -15.44471931 3.68146181 410.35766602
v -15.44471931 4.04138708 410.28271484
v -15.44471931 4.36773872 410.11340332
v -15.44471931 4.63631344 409.86233521
v -15.44471931 4.82719183 409.54812622
v -15.44471931 4.92621756 409.19406128
v -15.44471931 4.92604589 408.82641602
v -15.44471931 4.82668972 408.47244263
v -15.44471931 4.63551807 408.15841675
v -15.44471931 4.36670923 407.90759277
v -15.44471931 4.04019928 407.73861694
v -15.44471931 3.68020415 407.66397095
v -15.44471931 3.31342316 407.68923950
v -15.44471931 2.96705842 407.81250000
v -15.44471931 2.66679859 408.02465820
v -15.44471931 2.43491220 408.30996704
v -15.44471931 2.28859758 408.64724731
v -15.44471931 -27.76922798 392.02551270
v -15.44471931 -27.71899605 392.38970947
v -15.44471931 -27.57236671 392.72686768
v -15.44471931 -27.34021378 393.01193237
v -15.44471931 -27.03975487 393.22381592
v -15.44471931 -26.69327545 393.34677124
v -15.44471931 -26.32647133 393.37167358
v -15.44471931 -25.96654510 393.29672241
v -15.44471931 -25.64019394 393.12741089
v -15.44471931 -25.37162018 392.87634277
v -15.44471931 -25.18074036 392.56213379
v -15.44471931 -25.08171463 392.20806885
v -15.44471931 -25.08188629 391.84042358
v -15.44471931 -25.18124390 391.48645020
v -15.44471931 -25.37241554 391.17242432
v -15.44471931 -25.64122391 390.92160034
v -15.44471931 -25.96773338 390.75262451
v -15.44471931 -26.32772827 390.67797852
v -15.44471931 -26.69450951 390.70324707
v -15.44471931 -27.04087448 390.82650757
v -15.44471931 -27.34113503 391.03866577
v -15.44471931 -27.57302094 391.32397461
v -15.44471931 -27.71933556 391.66125488
v -15.44471931 3.68814039 424.66397095
v -15.44471931 4.04813528 424.73861694
v -15.44471931 4.37464523 424.90759277
v -15.44471931 0.78053641 391.51217651
v -15.44471931 0.79874295 430.51217651
v -15.44471931 2.29653358 425.64724731
v -15.44471931 2.24664211 426.01150513
v -15.44471931 2.29687381 426.37570190
v -15.44471931 2.44350338 426.71282959
v -15.44471931 2.67565584 426.99792480
v -15.44471931 2.97611380 427.20980835
v -15.44471931 3.32259345 427.33276367
v -15.44471931 3.68939781 427.35766602
v -15.44471931 0.75340945 431.03314209
v -15.44471931 1.30014348 433.51193237
v -15.44471931 0.61829984 431.53833008
v -15.44471931 0.39751950 432.01235962
v -15.44471931 -2.22086382 388.51358032
v -15.44471931 -1.69989800 388.55889893
v -15.44471931 -1.19471896 388.69403076
v -15.44471931 -23.61946106 391.52355957
v -15.44471931 -23.57412720 391.00259399
v -15.44471931 -23.43901825 390.49743652
v -15.44471931 -26.31185722 424.67797852
v -15.44471931 -25.95186043 424.75262451
v -15.44471931 -25.62535095 424.92160034
v -15.44471931 -29.20265388 427.52618408
v -15.44471931 -27.55714798 425.32397461
v -15.44471931 -27.32526207 425.03866577
v -15.44471931 -27.02500153 424.82650757
v -15.44471931 -24.09985352 433.52380371
v -15.44471931 -26.67740250 427.34677124
v -15.44471931 -27.02388382 427.22381592
v -15.44471931 -27.32434082 427.01193237
v -15.44471931 -20.59985352 433.52215576
v -15.44471931 -21.12081909 433.47683716
v -15.44471931 -21.62599945 433.34173584
v -15.44471931 -22.10004234 433.12094116
v -15.44471931 -22.52854538 432.82119751
v -15.44471931 -22.89848709 432.45159912
v -15.44471931 -23.19863129 432.02337646
v -15.44471931 -23.41985321 431.54953003
v -15.44471931 -23.55543518 431.04449463
v -15.44471931 -26.31059837 427.37167358
v -15.44471931 -23.60125351 430.52355957
v -15.44471931 -25.95067406 427.29672241
v -15.44471931 -25.62432098 427.12741089
v -15.44471931 -25.35574722 426.87634277
v -15.44471931 -25.16486931 426.56213379
v -15.44471931 -25.06584358 426.20806885
v -15.44471931 -25.06601524 425.84042358
v -15.44471931 -25.16537094 425.48645020
v -15.44471931 -25.35654259 425.17242432
v -15.44471931 -23.21823692 390.02337646
v -15.44471931 -22.91849518 389.59487915
v -15.44471931 -22.54889679 389.22494507
v -15.44471931 -22.12067413 388.92480469
v -15.44471931 -21.64683723 388.70358276
v -15.44471931 -21.14178467 388.56799316
v -15.44471931 -20.62086105 388.52215576
v -15.44471931 -0.72067630 388.91479492
v -15.44471931 -0.29217348 389.21453857
v -15.44471931 0.07776959 389.58413696
v -15.44471931 0.37791243 390.01235962
v -15.44471931 0.59913528 390.48620605
v -15.44471931 0.73471648 390.99124146
v -15.44471931 0.09777661 432.44085693
v -15.44471931 -0.27182123 432.81082153
v -15.44471931 -0.70004398 433.11096191
v -15.44471931 -1.17388034 433.33218384
v -15.44471931 -1.67893302 433.46774292
v -15.44471931 -2.19985628 433.51358032
v -15.44471931 4.04932308 427.28271484
v -15.44471931 6.39734173 427.50955200
v -15.44471931 4.37567520 427.11340332
v -15.44471931 4.64424992 426.86233521
v -15.44471931 4.83512831 426.54812622
v -15.44471931 4.93415356 426.19406128
v -15.44471931 4.93398190 425.82641602
v -15.44471931 4.83462572 425.47244263
v -15.44471931 4.64345455 425.15841675
v -15.44471931 -27.70312309 426.38970947
v -15.44471931 -27.75335503 426.02551270
v -15.44471931 -27.70346260 425.66125488
v -15.44471931 -26.67863655 424.70324707
v -15.44471931 -27.55649376 426.72683716
v -15.44471931 2.44284844 425.30996704
v -15.44471931 2.67473459 425.02465820
v -15.44471931 2.97499466 424.81250000
v -15.44471931 3.32135940 424.68923950
v 17.30528069 -2.81195211 427.05880737
v 17.30528069 -4.91809368 421.92297363
v 17.30528069 -2.25289059 427.01361084
v 17.30528069 -4.91847467 421.10668945
v 17.30527878 -0.70388418 427.01187134
v 17.30528069 -5.02115917 420.29690552
v 17.30528069 -5.22452831 419.50637817
v 17.30528069 -5.02002239 422.73287964
v 17.30528069 -3.35661435 427.19271851
v 17.30528069 -5.22265291 423.52359009
v 17.30528069 -3.87288976 427.41192627
v 17.30528069 -5.52278996 424.28268433
v 17.30528069 -4.34751987 427.71078491
v 17.30528069 -5.91570044 424.99816895
v 17.30528069 -4.76831579 428.08163452
v 17.30528069 -5.12447119 428.51495361
v 17.30528069 -17.67990685 428.52081299
v 17.30528069 -11.40242290 428.01788330
v 17.30528069 -10.58778095 427.96624756
v 17.30528069 -9.78603363 427.81289673
v 17.30528069 -18.03646660 428.08782959
v 17.30528069 -16.89196205 425.00329590
v 17.30528069 -16.41185760 425.66345215
v 17.30528069 -15.85280132 426.25823975
v 17.30528069 -18.45760918 427.71737671
v 17.30528069 -17.28553963 424.28817749
v 17.30528069 -18.93251801 427.41897583
v 17.30528069 -17.58638573 423.52935791
v 17.30528069 -19.44899750 427.20022583
v 17.30528069 -17.78975487 422.73883057
v 17.30528069 -19.99378586 427.06683350
v 17.30528069 -17.89243889 421.92904663
v 17.30528069 -20.55288887 427.02215576
v 17.30528069 -17.89282036 421.11276245
v 17.30527878 -22.10185432 427.02182007
v 17.30528069 -17.79089165 420.30288696
v 17.30528069 -17.58826065 419.51214600
v 17.30527878 -22.11683464 395.02386475
v 17.30528069 -17.28812408 418.75305176
v 17.30528069 -16.89521408 418.03756714
v 17.30528069 -20.56782722 395.02215576
v 17.30528069 -16.41572762 417.37695312
v 17.30528069 -19.96008492 394.96868896
v 17.30528069 -15.85722446 416.78164673
v 17.30528069 -19.37085724 394.81051636
v 17.30528069 -15.22851562 416.26104736
v 17.30528069 -18.81804848 394.55242920
v 17.30528069 -14.53951454 415.82333374
v 17.30528069 -18.31845474 394.20223999
v 17.30528069 -13.80108833 415.47543335
v 17.30528069 -17.88725853 393.77066040
v 17.30528069 -13.02488041 415.22283936
v 17.30528069 -17.53755760 393.27072144
v 17.30528069 -12.22313404 415.06951904
v 17.30528069 -11.40849209 415.01788330
v 17.30528069 -17.27998161 392.71768188
v 17.30528069 -5.55782557 392.71221924
v 17.30528069 -5.71600342 392.12298584
v 17.30528069 -17.12235260 392.12829590
v 17.30528069 -5.76946163 391.51522827
v 17.30528069 -17.06946373 391.52050781
v 17.30528069 -17.06916809 390.02151489
v 17.30527878 -5.77115631 390.01623535
v 17.30528069 -5.29973269 393.26501465
v 17.30528069 -10.59380150 415.06875610
v 17.30528069 -9.79191208 415.22131348
v 17.30528069 -4.94956636 393.76461792
v 17.30528069 -9.01546955 415.47320557
v 17.30528069 -4.51796627 394.19580078
v 17.30528069 -8.27671814 415.82040405
v 17.30528069 -4.01804686 394.54550171
v 17.30528069 -7.58730841 416.25747681
v 17.30528069 -3.46499729 394.80307007
v 17.30528069 -6.95811367 416.77749634
v 17.30528069 -2.87562227 394.96072388
v 17.30528069 -6.39905596 417.37228394
v 17.30528069 -2.26782942 395.01361084
v 17.30528069 -5.91895199 418.03244019
v 17.30528069 -0.71882200 395.01388550
v 17.30528069 -5.52537394 418.74755859
v 17.30528069 -15.22360611 426.77825928
v 17.30528069 -14.53419685 427.21533203
v 17.30528069 -13.79544544 427.56253052
v 17.30528069 -13.01900196 427.81442261
v 17.30528069 -12.21711254 427.96701050
v 17.30528069 -9.00982666 427.56030273
v 17.30528069 -8.27139950 427.21240234
v 17.30528069 -7.58239841 426.77468872
v 17.30528069 -6.95368958 426.25408936
v 17.30528069 -6.39518738 425.65878296
v 16.30528069 -12.22313404 415.06951904
v 16.30528069 -11.40849209 415.01788330
v 16.30528069 -10.59380150 415.06875610
v 16.30528069 -13.02488041 415.22283936
v 16.30528069 -13.80108833 415.47543335
v 16.30528069 -14.53951454 415.82333374
v 16.30528069 -15.22851562 416.26104736
v 16.30528069 -15.85722446 416.78164673
v 16.30528069 -16.41572762 417.37695312
v 16.30528069 -16.89521408 418.03756714
v 16.30528069 -17.28812408 418.75305176
v 16.30528069 -17.58826065 419.51214600
v 16.30528069 -17.79089165 420.30288696
v 16.30528069 -17.89282036 421.11276245
v 16.30528069 -17.89243889 421.92904663
v 16.30528069 -17.78975487 422.73883057
v 16.30528069 -17.58638573 423.52935791
v 16.30528069 -17.28553963 424.28817749
v 16.30528069 -16.89196205 425.00329590
v 16.30528069 -16.41185760 425.66345215
v 16.30528069 -15.85280132 426.25823975
v 16.30528069 -15.22360611 426.77825928
v 16.30528069 -14.53419685 427.21533203
v 16.30528069 -13.79544544 427.56253052
v 16.30528069 -13.01900196 427.81442261
v 16.30528069 -12.21711254 427.96701050
v 16.30528069 -11.40242290 428.01788330
v 16.30528069 -10.58778095 427.96624756
v 16.30528069 -9.78603363 427.81289673
v 16.30528069 -9.00982666 427.56030273
v 16.30528069 -8.27139950 427.21240234
v 16.30528069 -7.58239841 426.77468872
v 16.30528069 -6.95368958 426.25408936
v 16.30528069 -6.39518738 425.65878296
v 16.30528069 -5.91570044 424.99816895
v 16.30528069 -5.52278996 424.28268433
v 16.30528069 -5.22265291 423.52359009
v 16.30528069 -5.02002239 422.73287964
v 16.30528069 -4.91809368 421.92297363
v 16.30528069 -4.91847467 421.10668945
v 16.30528069 -5.02115917 420.29690552
v 16.30528069 -5.22452831 419.50637817
v 16.30528069 -5.52537394 418.74755859
v 16.30528069 -5.91895199 418.03244019
v 16.30528069 -6.39905596 417.37228394
v 16.30528069 -6.95811367 416.77749634
v 16.30528069 -7.58730841 416.25747681
v 16.30528069 -8.27671814 415.82040405
v 16.30528069 -9.01546955 415.47320557
v 16.30528069 -9.79191208 415.22131348
v 16.30528069 -11.40732479 417.51788330
v 16.30528069 -10.76565552 417.56936646
v 16.30528069 -10.14055634 417.72314453
v 16.30528069 -9.54821777 417.97518921
v 16.30528069 -9.00398159 418.31896973
v 16.30528069 -8.52194118 418.74563599
v 16.30528069 -8.11458302 419.24407959
v 16.30528069 -7.79245615 419.80142212
v 16.30528069 -7.56390476 420.40319824
v 16.30528069 -7.43484735 421.03387451
v 16.30528069 -7.40862656 421.67706299
v 16.30528069 -7.48592138 422.31613159
v 16.30528069 -7.66473055 422.93453979
v 16.30528069 -7.94042253 423.51626587
v 16.30528069 -8.30585670 424.04620361
v 16.30528069 -8.75156879 424.51068115
v 16.30528069 -9.26601601 424.89764404
v 16.30528069 -9.83587265 425.19705200
v 16.30528069 -10.44638157 425.40118408
v 16.30528069 -11.08172989 425.50476074
v 16.30528069 -11.72546196 425.50503540
v 16.30528069 -12.36090660 425.40206909
v 16.30528069 -12.97160530 425.19851685
v 16.30528069 -13.54174232 424.89962769
v 16.30528069 -14.05655003 424.51315308
v 16.30528069 -14.50269604 424.04910278
v 16.30528069 -14.86862469 423.51950073
v 16.30528069 -15.14485931 422.93804932
v 16.30528069 -15.32424545 422.31979370
v 16.30528069 -15.40213776 421.68078613
v 16.30528069 -15.37651730 421.03756714
v 16.30528069 -15.24804878 420.40679932
v 16.30528069 -15.02005863 419.80477905
v 16.30528069 -14.69845295 419.24716187
v 16.30528069 -14.29156017 418.74832153
v 16.30528069 -13.80991840 418.32122803
v 16.30528069 -13.26600361 417.97692871
v 16.30528069 -12.67390060 417.72430420
v 16.30528069 -12.04894543 417.56997681
v 16.60527992 -12.04894543 417.56997681
v 16.60527992 -11.40732479 417.51788330
v 16.60527992 -10.76565552 417.56936646
v 16.60527992 -10.14055634 417.72314453
v 16.60527992 -9.54821777 417.97518921
v 16.60527992 -9.00398159 418.31896973
v 16.60527992 -8.52194118 418.74563599
v 16.60527992 -8.11458302 419.24407959
v 16.60527992 -7.79245615 419.80142212
v 16.60527992 -7.56390476 420.40319824
v 16.60527992 -7.43484735 421.03387451
v 16.60527992 -7.40862656 421.67706299
v 16.60527992 -7.48592138 422.31613159
v 16.60527992 -7.66473055 422.93453979
v 16.60527992 -7.94042253 423.51626587
v 16.60527992 -8.30585670 424.04620361
v 16.60527992 -8.75156879 424.51068115
v 16.60527992 -9.26601601 424.89764404
v 16.60527992 -9.83587265 425.19705200
v 16.60527992 -10.44638157 425.40118408
v 16.60527992 -11.08172989 425.50476074
v 16.60527992 -11.72546196 425.50503540
v 16.60527992 -12.36090660 425.40206909
v 16.60527992 -12.97160530 425.19851685
v 16.60527992 -13.54174232 424.89962769
v 16.60527992 -14.05655003 424.51315308
v 16.60527992 -14.50269604 424.04910278
v 16.60527992 -14.86862469 423.51950073
v 16.60527992 -15.14485931 422.93804932
v 16.60527992 -15.32424545 422.31979370
v 16.60527992 -15.40213776 421.68078613
v 16.60527992 -15.37651730 421.03756714
v 16.60527992 -15.24804878 420.40679932
v 16.60527992 -15.02005863 419.80477905
v 16.60527992 -14.69845295 419.24716187
v 16.60527992 -14.29156017 418.74832153
v 16.60527992 -13.80991840 418.32122803
v 16.60527992 -13.26600361 417.97692871
v 16.60527992 -12.67390060 417.72430420
v 16.60527992 -11.40685749 418.51788330
v 16.60527992 -10.85558510 418.56869507
v 16.60527992 -10.32303810 418.71994019
v 16.60527992 -9.82735157 418.96649170
v 16.60527992 -9.38540554 419.29989624
v 16.60527992 -9.01224995 419.70886230
v 16.60527992 -8.72059155 420.17941284
v 16.60527992 -8.52036381 420.69552612
v 16.60527992 -8.41838455 421.23968506
v 16.60527992 -8.41812611 421.79327393
v 16.60527992 -8.51959705 422.33752441
v 16.60527992 -8.71934319 422.85382080
v 16.60527992 -9.01056194 423.32464600
v 16.60527992 -9.38333511 423.73394775
v 16.60527992 -9.82497025 424.06777954
v 16.60527992 -10.32042599 424.31478882
v 16.60527992 -10.85283184 424.46652222
v 16.60527992 -11.40405655 424.51788330
v 16.60527992 -11.95532894 424.46704102
v 16.60527992 -12.48787594 424.31579590
v 16.60527992 -12.98356247 424.06924438
v 16.60527992 -13.42550850 423.73583984
v 16.60527992 -13.79866505 423.32690430
v 16.60527992 -14.09032249 422.85635376
v 16.60527992 -14.29055023 422.34020996
v 16.60527992 -14.39253044 421.79608154
v 16.60527992 -14.39278889 421.24246216
v 16.60527992 -14.29131699 420.69824219
v 16.60527992 -14.09157085 420.18191528
v 16.60527992 -13.80035305 419.71109009
v 16.60527992 -13.42757893 419.30178833
v 16.60527992 -12.98594379 418.96795654
v 16.60527992 -12.49048805 418.72094727
v 16.60527992 -11.95808220 418.56921387
v 18.80528069 -11.95532894 424.46704102
v 18.80528069 -11.40405655 424.51788330
v 18.80528069 -10.85283184 424.46652222
v 18.80528069 -10.32042599 424.31478882
v 18.80528069 -9.82497025 424.06777954
v 18.80528069 -9.38333511 423.73394775
v 18.80528069 -9.01056194 423.32464600
v 18.80528069 -8.71934319 422.85382080
v 18.80528069 -8.51959705 422.33752441
v 18.80528069 -8.41812611 421.79327393
v 18.80528069 -8.41838455 421.23968506
v 18.80528069 -8.52036381 420.69552612
v 18.80528069 -8.72059155 420.17941284
v 18.80528069 -9.01224995 419.70886230
v 18.80528069 -9.38540554 419.29989624
v 18.80528069 -9.82735157 418.96649170
v 18.80528069 -10.32303810 418.71994019
v 18.80528069 -10.85558510 418.56869507
v 18.80528069 -11.40685749 418.51788330
v 18.80528069 -11.95808220 418.56921387
v 18.80528069 -12.49048805 418.72094727
v 18.80528069 -12.98594379 418.96795654
v 18.80528069 -13.42757893 419.30178833
v 18.80528069 -13.80035305 419.71109009
v 18.80528069 -14.09157085 420.18191528
v 18.80528069 -14.29131699 420.69824219
v 18.80528069 -14.39278889 421.24246216
v 18.80528069 -14.39253044 421.79608154
v 18.80528069 -14.29055023 422.34020996
v 18.80528069 -14.09032249 422.85635376
v 18.80528069 -13.79866505 423.32690430
v 18.80528069 -13.42550850 423.73583984
v 18.80528069 -12.98356247 424.06924438
v 18.80528069 -12.48787594 424.31579590
v 18.80528069 -11.60524940 423.10534668
v 18.80528069 -11.20418262 423.10516357
v 18.80528069 -10.81576347 423.00524902
v 18.80528069 -10.46439648 422.81185913
v 18.80528069 -10.17216015 422.53717041
v 18.80528069 -9.95741558 422.19845581
v 18.80528069 -9.83365822 421.81695557
v 18.80528069 -9.80866146 421.41665649
v 18.80528069 -9.88399792 421.02273560
v 18.80528069 -10.05493259 420.65991211
v 18.80528069 -10.31072617 420.35101318
v 18.80528069 -10.63530636 420.11541748
v 18.80528069 -11.00827694 419.96795654
v 18.80528069 -11.40620422 419.91787720
v 18.80528069 -11.80408478 419.96832275
v 18.80528069 -12.17691708 420.11614990
v 18.80528069 -12.50127697 420.35202026
v 18.80528069 -12.75678158 420.66116333
v 18.80528069 -12.92737865 421.02413940
v 18.80528069 -13.00234699 421.41815186
v 18.80528069 -12.97697639 421.81842041
v 18.80528069 -12.85286236 422.19979858
v 18.80528069 -12.63780212 422.53833008
v 18.80528069 -12.34530926 422.81274414
v 18.80528069 -11.99376202 423.00579834
v 16.60527992 -11.80408478 419.96832275
v 16.60527992 -11.40620422 419.91787720
v 16.60527992 -11.00827694 419.96795654
v 16.60527992 -10.63530636 420.11541748
v 16.60527992 -10.31072617 420.35101318
v 16.60527992 -10.05493259 420.65991211
v 16.60527992 -9.88399792 421.02273560
v 16.60527992 -9.80866146 421.41665649
v 16.60527992 -9.83365822 421.81695557
v 16.60527992 -9.95741558 422.19845581
v 16.60527992 -10.17216015 422.53717041
v 16.60527992 -10.46439648 422.81185913
v 16.60527992 -10.81576347 423.00524902
v 16.60527992 -11.20418262 423.10516357
v 16.60527992 -11.60524940 423.10534668
v 16.60527992 -11.99376202 423.00579834
v 16.60527992 -12.34530926 422.81274414
v 16.60527992 -12.63780212 422.53833008
v 16.60527992 -12.85286236 422.19979858
v 16.60527992 -12.97697639 421.81842041
v 16.60527992 -13.00234699 421.41815186
v 16.60527992 -12.92737865 421.02413940
v 16.60527992 -12.75678158 420.66116333
v 16.60527992 -12.50127697 420.35202026
v 16.60527992 -12.17691708 420.11614990
v 17.25416756 -4.80576754 428.73663330
v 17.25416946 -4.53807878 428.40325928
v 17.25416946 -4.22721863 428.10971069
v 17.25416946 -3.87905502 427.86154175
v 17.25416946 -3.50016117 427.66345215
v 17.25416946 -3.09769011 427.51916504
v 17.25416946 -2.67923951 427.43139648
v 17.25416946 -2.25270939 427.40182495
v 17.10431862 -2.62948275 427.78973389
v 17.10431862 -2.25254059 427.76361084
v 16.86594009 -2.58675551 428.09744263
v 16.86594009 -2.25239539 428.07424927
v 16.55528069 -2.55396986 428.33355713
v 16.55528069 -2.25228429 428.31262207
v 16.19350815 -2.53335977 428.48196411
v 16.19350815 -2.25221419 428.46249390
v 15.80528069 -2.25219035 428.51361084
v 15.80528069 -2.63481951 428.55072021
v 16.19350815 -2.80917978 428.53982544
v 16.55528069 -2.84994078 428.39562988
v 16.55528069 -3.13460946 428.49768066
v 16.86594009 -3.23028183 428.27935791
v 16.86594009 -3.52729940 428.43463135
v 17.10431862 -3.68980885 428.16986084
v 17.10431862 -3.99749517 428.38919067
v 15.80528069 -3.00327778 428.66036987
v 16.19350815 -3.07446694 428.63491821
v 16.55528069 -3.40260172 428.63778687
v 16.86594009 -3.80022717 428.62918091
v 17.10431862 -4.27221489 428.64859009
v 15.80528069 -3.34395170 428.83847046
v 16.19350815 -3.32421327 428.76550293
v 16.55528069 -3.64885831 428.81332397
v 16.86594009 -4.04391289 428.85928345
v 17.10431862 -4.50878239 428.94323730
v 16.19350815 -3.55370378 428.92907715
v 15.80528069 -3.64425540 429.07849121
v 16.19350815 -3.75860620 429.12255859
v 15.80528069 -3.89309311 429.37152100
v 16.19350815 -3.93505120 429.34231567
v 16.55528069 -3.86873031 429.02093506
v 16.55528069 -4.05806684 429.25674438
v 16.86594009 -4.25375557 429.12063599
v 17.10431862 -3.35496497 427.99481201
v 16.86594009 -2.91478181 428.16622925
v 17.10431862 -2.99928451 427.86727905
v 16.66580963 -5.36273861 431.13464355
v 16.71201324 -5.75095701 431.15667725
v 16.80348206 -5.50476027 430.90399170
v 16.86208344 -5.74142218 430.81277466
v 16.98554802 -5.50820303 430.43457031
v 17.00013161 -5.70810080 430.43267822
v 17.06052017 -5.48541927 430.19433594
v 17.14719963 -5.62051821 429.90368652
v 17.12424850 -5.44551945 429.95327759
v 17.17659760 -5.38835716 429.71377563
v 17.09759521 -5.11967945 429.79080200
v 17.13815498 -5.05161858 429.57369995
v 17.00027275 -4.79582214 429.65783691
v 17.02944374 -4.72028685 429.46633911
v 16.93891907 -4.60411978 429.51226807
v 16.95790672 -4.52017355 429.33758545
v 16.85424232 -4.41642809 429.38806152
v 16.86322975 -4.33883381 429.25106812
v 16.74805450 -4.24890184 429.30319214
v 17.22678375 -5.51831150 429.49673462
v 17.21767616 -5.31416702 429.47824097
v 17.16795921 -4.96837902 429.36245728
v 17.04868889 -4.63180161 429.28195190
v 16.96702766 -4.43820190 429.19268799
v 17.26034355 -5.44329309 429.25881958
v 17.24784660 -5.22355700 429.24902344
v 17.18759918 -4.87084961 429.15911865
v 17.05792618 -4.54537916 429.12905884
v 17.29167175 -5.31709766 428.92480469
v 17.26771355 -5.11746645 429.02825928
v 17.19701385 -4.77558661 428.99057007
v 17.27722931 -5.01386976 428.84512329
v 16.35484886 -4.04762125 429.41549683
v 16.62345695 -4.16979790 429.34829712
v 16.73921394 -4.32226276 429.43246460
v 16.83555031 -4.49592113 429.55303955
v 16.91016197 -4.67582083 429.69360352
v 16.96061134 -4.85760736 429.85467529
v 17.04592705 -5.17198658 430.01165771
v 16.07571030 -3.97535157 429.45135498
v 15.78984165 -4.02446556 429.58853149
v 15.77124882 -4.07534266 429.69342041
v 16.05127144 -4.08978987 429.66430664
v 16.06772804 -4.03170824 429.54867554
v 16.34650993 -4.10977125 429.52392578
v 16.61477661 -4.23913670 429.47015381
v 15.67466640 -4.18387651 429.99884033
v 15.99325466 -4.18278170 429.90341187
v 16.02656937 -4.14021015 429.78283691
v 16.30328941 -4.22871733 429.78720093
v 16.32926178 -4.17364931 429.65356445
v 16.56957054 -4.37126160 429.76800537
v 16.59676361 -4.31026030 429.61651611
v 16.69308662 -4.46183395 429.74911499
v 16.72084808 -4.39745855 429.58795166
v 16.80726433 -4.56388235 429.72421265
v 15.51148415 -4.24023962 430.30395508
v 15.84008217 -4.26316500 430.26885986
v 15.90002060 -4.24416876 430.14727783
v 15.95109749 -4.21742392 430.02517700
v 16.16963005 -4.33824015 430.20101929
v 16.22364616 -4.31113672 430.06207275
v 16.42906761 -4.48927450 430.23941040
v 16.48591232 -4.46098614 430.08090210
v 16.54941177 -4.58512163 430.25152588
v 16.60756874 -4.55592585 430.08251953
v 16.66065407 -4.69304752 430.25845337
v 16.72002411 -4.66274405 430.07867432
v 16.76090813 -4.81137419 430.26007080
v 16.82137108 -4.77978039 430.06939697
v 16.84870338 -4.93817139 430.25640869
v 16.91012383 -4.90512514 430.05487061
v 16.98304176 -5.20831108 430.23397827
v 15.69446468 -4.27903175 430.50732422
v 15.35608101 -4.25125647 430.51452637
v 15.70702171 -4.30229044 430.68057251
v 15.95211315 -4.36513758 430.61041260
v 16.03404617 -4.45206881 430.83535767
v 16.20004082 -4.50986481 430.70620728
v 16.31504631 -4.60336494 430.74920654
v 16.36227608 -4.50659752 430.39733887
v 16.48106003 -4.60248899 430.41995239
v 16.31486893 -4.69038439 430.96829224
v 16.42135429 -4.70955467 430.78784180
v 16.59086227 -4.71066093 430.43765259
v 16.51716042 -4.82678938 430.82150269
v 16.53035164 -5.00099707 431.07037354
v 16.60106087 -4.95315027 430.84963989
v 16.72944069 -5.22433043 430.88845825
v 16.77647591 -4.95686483 430.45724487
v 16.90907478 -5.22878313 430.45556641
v 16.26817131 -4.27461576 429.92373657
v 16.53271484 -4.42161274 429.92327881
v 16.65542793 -4.51478434 429.91448975
v 16.76886177 -4.61963463 429.89999390
v 16.87108803 -4.73453379 429.87994385
v 16.68981743 -4.82943249 430.45013428
v 16.10619926 -4.35605669 430.33941650
v 16.71201324 -17.05095482 431.16195679
v 16.33799362 -5.75064087 431.83398438
v 16.33799362 -17.05064011 431.83926392
v 15.88223743 -5.75034857 432.45922852
v 15.88223743 -17.05034828 432.46450806
v 15.35189247 -5.75008583 433.02258301
v 15.35189247 -17.05008507 433.02786255
v 14.75528049 -5.74985600 433.51522827
v 14.75528049 -17.04985428 433.52050781
v 16.91640854 -17.07045174 430.67758179
v 16.99921227 -17.09414864 430.44079590
v 17.13201904 -17.16921616 429.97329712
v 17.22633553 -17.28433800 429.50500488
v 17.26006126 -17.35959435 429.26669312
v 17.28475761 -17.44895554 429.02380371
v 14.70061398 -5.44359684 433.51507568
v 15.22656155 -5.36183596 433.06811523
v 14.55528069 -5.17320108 433.51495361
v 15.12631035 -5.00011635 432.95657349
v 14.55528069 -4.94630146 433.36859131
v 14.55528069 -4.74995232 433.18780518
v 14.96683407 -4.68953896 432.77926636
v 14.55528069 -4.59069586 432.97665405
v 14.75899982 -4.45126915 432.54824829
v 14.55528069 -4.45871115 432.73678589
v 14.55528069 -4.36523485 432.49426270
v 15.25837326 -4.45150852 432.03521729
v 14.98305607 -4.30176735 431.80044556
v 15.38205433 -4.30201769 431.26443481
v 14.86211109 -4.25087547 431.33105469
v 15.12997627 -4.25106001 430.93542480
v 15.79024506 -5.36210632 432.48901367
v 16.27279472 -5.36240911 431.84075928
v 16.14694977 -5.00067568 431.75924683
v 15.67620468 -5.00038004 432.39163208
v 15.94676113 -4.69007587 431.62969971
v 15.49479294 -4.68979216 432.23684692
v 15.68586922 -4.45177650 431.46090698
v 14.55528069 -4.25070429 431.69729614
v 14.55528069 -4.26332855 431.96066284
v 14.55528069 -4.30148268 432.23281860
v -13.44471931 -1.19985628 433.51312256
v -13.44471931 -21.59985352 433.52264404
v 12.55528069 -1.19985628 433.51312256
v 14.55528069 1.30014348 433.51193237
v 12.55528069 1.30014348 433.51193237
v -13.44471931 1.30014348 433.51193237
v -17.19471931 -20.59985352 433.52215576
v -17.19471931 -2.19985628 433.51358032
v -13.44471931 -24.09985352 433.52380371
v 12.55528069 -21.59985352 433.52264404
v 14.55528069 -17.62650871 433.52078247
v 12.55528069 -24.09985352 433.52380371
v 14.55528069 -24.09985352 433.52380371
v 14.70061398 -17.35611343 433.52066040
v 15.22656155 -17.43829155 433.07376099
v 15.12631035 -17.80011559 432.96255493
v 14.55528069 -17.85354614 433.37460327
v 14.55528069 -18.05006409 433.19400024
v 14.96683407 -18.11085892 432.78552246
v 14.55528069 -18.20951653 432.98300171
v 14.75899982 -18.34934425 432.55471802
v 14.55528069 -18.34172630 432.74328613
v 14.55528069 -18.43542862 432.50082397
v 15.25837326 -18.34958267 432.04171753
v 14.55528069 -18.49942398 432.23944092
v 14.98305607 -18.49954414 431.80709839
v 14.55528069 -18.53783226 431.96731567
v 14.55528069 -18.55070305 431.70394897
v 14.86211109 -18.55087280 431.33773804
v 15.38205433 -18.49979401 431.27105713
v 15.68586922 -18.34985161 431.46740723
v 15.70702171 -18.50006676 430.68719482
v 16.03404617 -18.35014343 430.84182739
v 15.12997627 -18.55105782 430.94210815
v 15.35608101 -18.55125427 430.52120972
v 15.94676113 -18.11139488 431.63595581
v 16.31486893 -18.11170387 430.97457886
v 16.14694977 -17.80067444 431.76522827
v 16.53035164 -17.80099487 431.07635498
v 16.27279472 -17.43886566 431.84640503
v 16.66580963 -17.43919373 431.14025879
v 15.79024506 -17.43856239 432.49465942
v 15.67620468 -17.80037880 432.39761353
v 15.49479389 -18.11111069 432.24313354
v 15.69572449 -18.52353287 430.51193237
v 15.51083565 -18.56236267 430.31164551
v 15.84046268 -18.53972626 430.27453613
v 15.67408562 -18.61874962 430.00695801
v 15.95090866 -18.58553505 430.03204346
v 15.77103424 -18.72747993 429.70126343
v 15.99290276 -18.62010193 429.91085815
v 16.02613640 -18.66252518 429.79086304
v 16.30271149 -18.57405281 429.79531860
v 16.32867622 -18.62887192 429.66232300
v 16.59606171 -18.49232101 429.62545776
v 16.61414337 -18.56307411 429.47976685
v 16.73854446 -18.47997284 429.44219971
v 16.55528069 -18.74561882 429.26361084
v 16.86594009 -18.55005646 429.12728882
v 16.05083084 -18.71272469 429.67291260
v 15.78973579 -18.77852249 429.59616089
v 16.06735039 -18.77051544 429.55780029
v 15.80528069 -18.91048431 429.37850952
v 16.19350815 -18.86855507 429.34930420
v 16.34599113 -18.69242287 429.53326416
v 17.10431862 -18.29519653 428.94964600
v 16.95730209 -18.28202820 429.34756470
v 16.85354996 -18.38583946 429.39791870
v 16.72010612 -18.40517044 429.59698486
v 16.56887436 -18.43160057 429.77621460
v 16.26767921 -18.52831650 429.93121338
v 17.25416756 -17.99840355 428.74279785
v 17.18720436 -17.93110847 429.16925049
v 17.04816437 -18.17032623 429.29196167
v 16.93824005 -18.19852448 429.52142334
v 16.83478546 -18.30676460 429.56216431
v 16.80650520 -18.23912239 429.73251343
v 16.69235229 -18.34109497 429.75738525
v 16.65478516 -18.28833771 429.92196655
v 16.53211021 -18.38143158 429.93072510
v 16.48549080 -18.34213638 430.08758545
v 16.22332764 -18.49187088 430.06884766
v 16.10648537 -18.44683838 430.34484863
v 17.26739311 -17.68431854 429.03842163
v 17.24744606 -17.57876968 429.25823975
v 17.21727943 -17.48856926 429.48641968
v 17.17630005 -17.41464043 429.72082520
v 17.12414932 -17.35758018 429.95916748
v 16.98615837 -17.29462814 430.43820190
v 16.90960121 -17.57414818 430.45959473
v 16.73104477 -17.57781792 430.89059448
v 16.60250282 -17.84916878 430.85232544
v 16.51849747 -17.97561264 430.82443237
v 16.42257690 -18.09292412 430.79104614
v 16.31625175 -18.19908714 430.75268555
v 16.59105682 -18.09244347 430.44244385
v 16.48125839 -18.20054054 430.42489624
v 16.71954918 -18.14055061 430.08520508
v 16.60711098 -18.24727631 430.08911133
v 16.76819611 -18.18357468 429.90744019
v 16.80518150 -17.29723167 430.90557861
v 16.20124245 -18.29257584 430.70996094
v 16.36249352 -18.29637146 430.40246582
v 15.95333195 -18.43733025 430.61462402
v 16.69011116 -17.97363853 430.45474243
v 16.82098389 -18.02349854 430.07586670
v 16.87051010 -18.06865692 429.88732910
v 16.90948677 -18.12715530 429.70193481
v 16.77685928 -17.84616470 430.46166992
v 16.90981865 -17.89812660 430.06124878
v 16.96011162 -17.94555473 429.86203003
v 16.99967575 -18.00711632 429.66616821
v 17.02884293 -18.08230209 429.47555542
v 17.04575157 -17.63119316 430.01782227
v 17.09722137 -17.68340492 429.79803467
v 17.13768387 -17.75122452 429.58193970
v 17.16748428 -17.83408356 429.37170410
v 14.55528069 -18.74972153 429.65353394
v 14.55528069 -18.98817444 429.27444458
v 15.80528069 -19.15959740 429.08572388
v 14.55528069 -19.30500603 428.95788574
v 15.80528069 -19.46012497 428.84600830
v 14.55528069 -19.68432808 428.71978760
v 15.80528069 -19.80096436 428.66821289
v 14.55528069 -20.10712242 428.57208252
v 15.80528069 -20.16952515 428.55889893
v 14.55528069 -20.55218887 428.52215576
v 15.80528069 -20.55218887 428.52215576
v 14.55528069 -18.60160637 430.07620239
v 14.55528069 -18.55125427 430.52120972
v 16.19350815 -19.04520416 429.12969971
v 16.55528069 -18.93517494 429.02798462
v 16.86594009 -18.76014328 428.86614990
v 17.10431862 -18.53203773 428.65524292
v 17.25416946 -18.26640320 428.40966797
v 17.25416946 -18.57753754 428.11639404
v 17.25416946 -18.92593193 427.86856079
v 17.25416946 -19.30501175 427.67083740
v 17.25416946 -19.70761681 427.52691650
v 17.25416946 -20.12615013 427.43954468
v 17.25416946 -20.55270767 427.41036987
v 17.10431862 -20.17557144 427.79791260
v 17.10431862 -20.55253792 427.77215576
v 16.86594009 -20.21801186 428.10568237
v 16.86594009 -20.55239296 428.08279419
v 16.55528069 -20.25057793 428.34182739
v 16.55528069 -20.55228233 428.32116699
v 16.19350815 -20.27104759 428.49026489
v 16.19350815 -20.55221176 428.47103882
v 16.19350815 -19.99517441 428.54785156
v 16.19350815 -19.72979927 428.64270020
v 16.19350815 -19.47993088 428.77304077
v 16.19350815 -19.25028801 428.93640137
v 16.55528069 -19.40166092 428.64526367
v 16.55528069 -19.15524101 428.82055664
v 16.86594009 -19.27715302 428.44198608
v 16.86594009 -19.00404358 428.63626099
v 17.10431862 -19.11489105 428.17706299
v 17.10431862 -18.80700111 428.39608765
v 16.55528069 -19.66978455 428.50540161
v 16.55528069 -19.95454788 428.40359497
v 16.86594009 -19.57431602 428.28698730
v 16.86594009 -19.88992119 428.17416382
v 17.10431862 -19.44989777 428.00231934
v 17.10431862 -19.80569839 427.87512207
v 15.80512905 -22.60219002 428.52310181
v 16.08902168 -22.59317398 428.49600220
v 16.36387634 -22.56634712 428.41519165
v 16.62037468 -22.52208138 428.28225708
v 16.84906578 -22.46146774 428.10031128
v 17.04014397 -22.38648605 427.87451172
v 17.18447113 -22.29906654 427.61260986
v 17.27456665 -22.20370674 427.32492065
v 14.55528069 -22.60218811 428.52310181
v 15.80527878 -23.60265160 427.52355957
v 15.80527878 -23.56845474 427.78237915
v 14.55528069 -23.60265541 427.52355957
v 14.55528069 -23.55356789 427.83255005
v 15.80532837 -23.52634239 427.90625000
v 14.55528069 -23.41139793 428.11126709
v 15.80528545 -23.39649010 428.13122559
v 15.80527782 -23.30938530 428.23059082
v 14.55528069 -23.19006157 428.33239746
v 15.80527782 -23.10218811 428.38940430
v 14.55528069 -22.91122818 428.47430420
v 15.80560780 -22.97383118 428.45166016
v 15.80444717 -22.77989960 428.50726318
v 15.90071678 -22.78283691 428.50338745
v 15.99648380 -22.77947426 428.49420166
v 16.09111595 -22.77392769 428.47903442
v 16.18400002 -22.76623535 428.45791626
v 16.11308861 -22.95800591 428.42071533
v 16.21221733 -22.94834518 428.39617920
v 16.12706375 -23.13510513 428.32363892
v 16.22985077 -23.12355042 428.29626465
v 16.12909126 -23.17685509 428.29348755
v 16.23232269 -23.16485405 428.26556396
v 16.13049126 -23.21721840 428.26116943
v 16.23396873 -23.20478439 428.23269653
v 16.13136673 -23.29308128 428.19036865
v 16.23473358 -23.27983475 428.16104126
v 16.12967682 -23.36103821 428.11279297
v 16.23213005 -23.34706497 428.08285522
v 16.12548065 -23.42054749 428.02932739
v 16.22624397 -23.40593910 427.99905396
v 16.11890221 -23.47088051 427.94143677
v 16.21724319 -23.45573235 427.91104126
v 16.11013794 -23.51161766 427.85061646
v 16.20538712 -23.49603462 427.82037354
v 16.09943199 -23.54265594 427.75836182
v 16.19100571 -23.52674103 427.72854614
v 16.08707047 -23.56418228 427.66616821
v 16.17447090 -23.54803658 427.63696289
v 16.08900070 -23.57549667 427.51467896
v 16.36388016 -23.49482536 427.48754883
v 15.90830517 -22.96927071 428.44915771
v 16.01150131 -22.96500587 428.43841553
v 15.91322136 -23.14863586 428.35546875
v 16.02116776 -23.14350319 428.34344482
v 15.91395855 -23.19091988 428.32604980
v 15.91448402 -23.23179817 428.29434204
v 15.91488838 -23.30863190 428.22460938
v 16.02360916 -23.22626114 428.28179932
v 16.02433777 -23.30272293 428.21163940
v 15.91442585 -23.37745857 428.14779663
v 15.91311646 -23.43772888 428.06478882
v 15.91100121 -23.48870468 427.97705078
v 16.02064514 -23.43119621 428.05133057
v 16.01634979 -23.48192406 427.96353149
v 15.90814400 -23.52996254 427.88607788
v 16.01057243 -23.52298355 427.87261963
v 15.90462494 -23.56139946 427.79342651
v 16.00348282 -23.55426788 427.78012085
v 15.90054035 -23.58320045 427.70056152
v 16.62032318 -23.36190796 427.44293213
v 16.49885178 -23.42948723 427.54421997
v 16.33283234 -23.50444984 427.55776978
v 16.35776138 -23.48375893 427.64761353
v 16.37969589 -23.45392609 427.73822021
v 16.39808083 -23.41477013 427.82830811
v 16.41242790 -23.36639214 427.91638184
v 16.42234612 -23.30919266 428.00097656
v 16.42756653 -23.24387360 428.08065796
v 16.42795944 -23.17095757 428.15447998
v 16.42633057 -23.13216209 428.18869019
v 16.42350769 -23.09203339 428.22088623
v 16.40094185 -22.92180824 428.32812500
v 16.36283112 -22.74487686 428.39892578
v 16.84903526 -23.18002129 427.38226318
v 16.76926041 -23.24866486 427.48114014
v 16.64165497 -23.34428024 427.51950073
v 16.52857971 -23.40069771 427.63293457
v 16.67399979 -23.30784607 427.60671997
v 16.55396652 -23.36291313 427.72189331
v 16.70071602 -23.26283073 427.69369507
v 16.57436943 -23.31623077 427.80969238
v 16.72114944 -23.20960617 427.77896118
v 16.58926201 -23.26103401 427.89486694
v 16.73482323 -23.14882660 427.86117554
v 16.59827423 -23.19800377 427.97601318
v 16.74148178 -23.08097649 427.93939209
v 16.60120964 -23.12763977 428.05224609
v 16.74211502 -23.04487801 427.97644043
v 16.60036469 -23.09020233 428.08795166
v 16.74096680 -23.00753784 428.01193237
v 16.59799767 -23.05147934 428.12185669
v 16.71933746 -22.84914017 428.13613892
v 16.57408714 -22.88721657 428.23773193
v 16.67366028 -22.68450356 428.22875977
v 16.53003502 -22.71648026 428.31945801
v 17.04013634 -22.95429802 427.30718994
v 16.97800636 -23.03688431 427.37640381
v 16.80276680 -23.20529556 427.56658936
v 17.18447113 -22.69245148 427.21957397
v 17.14398766 -22.77814865 427.28604126
v 17.03411865 -22.92127991 427.53820801
v 17.01036453 -22.98225975 427.45770264
v 16.84870529 -23.09545898 427.73403931
v 16.82944679 -23.15401649 427.65133667
v 17.27456665 -22.40485001 427.12396240
v 17.24949455 -22.50766945 427.17526245
v 17.18392563 -22.61177635 427.47326660
v 17.15687943 -22.74641037 427.32452393
v 17.04873657 -22.85527611 427.61624146
v 17.04257774 -22.88883591 427.57760620
v 16.86297035 -22.99530792 427.85198975
v 16.86021996 -23.03008842 427.81381226
v 17.29184151 -22.30207825 427.10406494
v 17.26514435 -22.37290955 427.31442261
v 17.17379379 -22.47182846 427.60772705
v 17.05078316 -22.71291351 427.76013184
v 16.86372566 -22.95933151 427.88888550
v 17.01958275 -22.56493950 427.88220215
v 16.84748840 -22.80672455 428.02090454
v 16.80369949 -22.64809990 428.12429810
v 15.99526882 -23.57596397 427.68750000
v 16.02333641 -23.37121773 428.13452148
v 16.02260017 -23.18558121 428.31375122
v 15.80512238 -23.61805534 394.52355957
v 16.19354820 -23.55923653 411.02352905
v 16.19354820 -23.55538368 419.27352905
v 16.55548668 -23.40542412 419.27346802
v 16.86625099 -23.16685677 419.27334595
v 17.10463715 -22.85595512 419.27322388
v 17.25438499 -22.49392700 419.27304077
v 17.25438499 -22.49777985 411.02304077
v 17.29370499 -22.30385017 394.96047974
v 17.25438499 -22.50163078 402.77304077
v 17.25239754 -22.51266861 394.89147949
v 17.16486549 -22.75159073 394.81198120
v 17.10463715 -22.86365700 402.77322388
v 17.07635307 -22.91442871 394.75759888
v 16.86625099 -23.17455864 402.77334595
v 16.85042572 -23.19394684 394.66473389
v 16.55548668 -23.41312790 402.77346802
v 16.53846741 -23.42663193 394.58718872
v 16.34762955 -23.51656342 394.55728149
v 16.19354820 -23.56308746 402.77352905
v 16.09551430 -23.58971024 394.53298950
v 16.55548668 -23.40927696 411.02346802
v 16.86625099 -23.17070770 411.02334595
v 17.10463715 -22.85980606 411.02322388
v -13.44471931 -23.60078812 431.52355957
v -10.94471931 -23.60149956 429.99856567
v 12.55528069 -23.60078812 431.52355957
v 10.05528069 -23.60149956 429.99856567
v 12.55528069 -23.60149956 429.99856567
v -13.44471931 -23.60149956 429.99856567
v -10.94471931 -23.60330772 426.12380981
v 10.05528069 -23.60330772 426.12380981
v -10.94471931 -23.60340118 425.92330933
v 10.05528069 -23.60340118 425.92330933
v -10.94471931 -23.60521126 422.04855347
v 10.05528069 -23.60521126 422.04855347
v 0.55528033 -23.61280823 405.77355957
v 10.05528069 -23.60943604 412.99856567
v 10.05528069 -23.61124420 409.12380981
v 10.05528069 -23.61133766 408.92330933
v 10.05528069 -23.61280823 405.77355957
v -13.44471931 -23.60521126 422.04855347
v -13.44471931 -23.60943604 412.99856567
v -10.94471931 -23.60943604 412.99856567
v -10.94471931 -23.61124420 409.12380981
v -10.94471931 -23.61133766 408.92330933
v -10.94471931 -23.61314774 405.04855347
v 0.55528033 -23.61320496 404.92355347
v -10.94471931 -23.61320496 404.92355347
v -13.44471931 -23.61314774 405.04855347
v -13.44471931 -23.61737251 395.99856567
v -10.94471931 -23.61737251 395.99856567
v 12.55528069 -23.60943604 412.99856567
v 12.55528069 -23.60521126 422.04855347
v -10.94471931 -23.61927414 391.92330933
v -10.94471931 -23.61992836 390.52355957
v 0.55528033 -23.61957741 391.27355957
v 10.05528069 -23.61992836 390.52355957
v 10.05528069 -23.61957741 391.27355957
v 0.55528033 -23.61918068 392.12356567
v -10.94471931 -23.61912537 392.12359619
v -17.19471931 -23.60125351 430.52355957
v -17.19471931 -23.61946106 391.52355957
v 14.55528069 -23.61806107 394.52355957
v -13.44471931 -23.55043602 431.96859741
v -4.77805281 -23.55043602 431.96859741
v 3.88861370 -23.55043602 431.96859741
v 12.55528069 -23.55043602 431.96859741
v 3.88861370 -23.40232086 432.39123535
v 12.55528069 -23.40232086 432.39123535
v 3.88861370 -23.16386795 432.77035522
v 12.55528069 -23.16386795 432.77035522
v 3.88861370 -22.84703636 433.08688354
v 12.55528069 -22.84703636 433.08688354
v 3.88861370 -22.46771431 433.32498169
v 12.55528069 -22.46771431 433.32498169
v 3.88861370 -22.04491997 433.47268677
v 12.55528069 -22.04491997 433.47268677
v -4.77805281 -22.04491997 433.47268677
v -4.77805281 -22.46771431 433.32498169
v -4.77805281 -22.84703636 433.08688354
v -4.77805281 -23.16386795 432.77035522
v -4.77805281 -23.40232086 432.39123535
v -13.44471931 -22.04491997 433.47268677
v -13.44471931 -22.46771431 433.32498169
v -13.44471931 -22.84703636 433.08688354
v -13.44471931 -23.16386795 432.77035522
v -13.44471931 -23.40232086 432.39123535
v -13.44471931 -29.20520973 422.05117798
v -13.44471931 -29.20943451 413.00119019
v -13.44471931 -29.21314621 405.05117798
v -13.44471931 -29.21737099 396.00119019
v -13.44471931 -15.94586182 388.51998901
v -13.44471931 -6.89586306 388.51574707
v -13.44471931 -23.89608383 388.04870605
v -13.44471931 -28.47733307 388.05084229
v -13.44471931 6.39478588 422.03454590
v -13.44471931 0.79478657 422.03717041
v -13.44471931 6.39056110 412.98455811
v -13.44471931 0.79056168 412.98718262
v -13.44471931 6.38684988 405.03457642
v -13.44471931 0.78685033 405.03717041
v -13.44471931 6.38262510 395.98455811
v -13.44471931 0.78262550 395.98718262
v -13.44471931 1.05391419 388.03704834
v -13.44471931 5.63516378 388.03491211
v -13.44471931 -27.09774971 430.00018311
v -13.44471931 0.79849792 429.98718262
v -13.44471931 4.29474735 429.98553467
v -13.44471931 0.79920983 431.51217651
v -13.44471931 0.74927342 431.95724487
v -13.44471931 0.60155267 432.38003540
v -13.44471931 0.36345497 432.75936890
v -13.44471931 0.04691947 433.07620239
v -13.44471931 -0.33218136 433.31463623
v -13.44471931 -0.75483787 433.46276855
v -10.94471931 -29.20520973 422.05117798
v -12.94471931 -29.21807098 394.50119019
v -12.94471931 -29.22038269 389.55117798
v -10.94471931 -29.22067451 388.92617798
v -10.94471931 -29.22038269 389.55117798
v -10.94471931 -29.21807098 394.50119019
v -10.94471931 -29.21737099 396.00119019
v -12.94471931 -29.21244621 406.55117798
v -12.94471931 -29.21013451 411.50119019
v -10.94471931 -29.20943451 413.00119019
v -10.94471931 -29.21013451 411.50119019
v -10.94471931 -29.21314621 405.05117798
v -10.94471931 -29.21244621 406.55117798
v -12.94471931 -29.20450974 423.55117798
v -12.94471931 -29.20265388 427.52618408
v -10.94471931 -29.20450974 423.55117798
v -12.94471931 5.56904697 428.48495483
v -12.94471931 4.64424992 426.86233521
v -12.94471931 6.39734173 427.50955200
v -12.94471931 4.83512831 426.54812622
v -12.94471931 4.93415356 426.19406128
v -12.94471931 2.16885567 428.48654175
v -12.94471931 3.68939781 427.35766602
v -12.94471931 4.04932308 427.28271484
v -12.94471931 4.37567520 427.11340332
v -12.94471931 0.73875839 426.01220703
v -12.94471931 2.44350338 426.71282959
v -12.94471931 2.67565584 426.99792480
v -12.94471931 2.97611380 427.20980835
v -12.94471931 2.16654468 423.53652954
v -12.94471931 2.44284844 425.30996704
v -12.94471931 2.29653358 425.64724731
v -12.94471931 2.24664211 426.01150513
v -12.94471931 6.39548635 423.53454590
v -12.94471931 3.68814039 424.66397095
v -12.94471931 3.32135940 424.68923950
v -12.94471931 2.97499466 424.81250000
v -12.94471931 4.93398190 425.82641602
v -12.94471931 4.83462572 425.47244263
v -12.94471931 4.64345455 425.15841675
v -12.94471931 2.29687381 426.37570190
v -12.94471931 3.32259345 427.33276367
v -12.94471931 4.37464523 424.90759277
v -12.94471931 4.04813528 424.73861694
v -12.94471931 2.67473459 425.02465820
v -12.94471931 6.38986063 411.48455811
v -12.94471931 4.92621756 409.19406128
v -12.94471931 6.38754988 406.53457642
v -12.94471931 4.92604589 408.82641602
v -12.94471931 4.82668972 408.47244263
v -12.94471931 2.16091943 411.48654175
v -12.94471931 3.68146181 410.35766602
v -12.94471931 4.04138708 410.28271484
v -12.94471931 4.36773872 410.11340332
v -12.94471931 0.73082221 409.01220703
v -12.94471931 2.43556714 409.71286011
v -12.94471931 2.66771960 409.99792480
v -12.94471931 2.96817756 410.20980835
v -12.94471931 2.15860844 406.53652954
v -12.94471931 2.43491220 408.30996704
v -12.94471931 2.28859758 408.64724731
v -12.94471931 2.23870587 409.01150513
v -12.94471931 3.68020415 407.66397095
v -12.94471931 3.31342316 407.68923950
v -12.94471931 2.96705842 407.81250000
v -12.94471931 2.28893757 409.37570190
v -12.94471931 3.31465721 410.33276367
v -12.94471931 4.63631344 409.86233521
v -12.94471931 4.82719183 409.54812622
v -12.94471931 4.63551807 408.15841675
v -12.94471931 4.36670923 407.90759277
v -12.94471931 4.04019928 407.73861694
v -12.94471931 2.66679859 408.02465820
v -12.94471931 -2.83067226 384.36700439
v -12.94471931 -3.19745350 384.39227295
v -12.94471931 -3.54381824 384.51556396
v -12.94471931 -0.44650403 387.14169312
v -12.94471931 -1.58483076 385.52944946
v -12.94471931 -1.68418682 385.17547607
v -12.94471931 -1.87535846 384.86145020
v -12.94471931 -2.92083669 388.57177734
v -12.94471931 -2.14313769 386.81643677
v -12.94471931 -1.87456298 386.56539917
v -12.94471931 -1.68368459 386.25115967
v -12.94471931 -5.39650345 387.14401245
v -12.94471931 -3.54269910 386.91284180
v -12.94471931 -3.19621944 387.03579712
v -12.94471931 -2.82941484 387.06072998
v -12.94471931 -4.22227907 385.35028076
v -12.94471931 -4.27217054 385.71453857
v -12.94471931 -4.22193909 386.07873535
v -12.94471931 -4.07530928 386.41589355
v -12.94471931 -3.84315681 386.70095825
v -12.94471931 -2.46948957 386.98574829
v -12.94471931 -1.58465910 385.89709473
v -12.94471931 -2.14416742 384.61062622
v -12.94471931 -2.47067714 384.44165039
v -12.94471931 -3.84407806 384.72772217
v -12.94471931 -4.07596445 385.01300049
v -12.94471931 -19.83067131 384.37493896
v -12.94471931 -20.19745255 384.40020752
v -12.94471931 -20.54381561 384.52349854
v -12.94471931 -17.44650269 387.14962769
v -12.94471931 -18.58482933 385.53738403
v -12.94471931 -18.68418503 385.18341064
v -12.94471931 -18.87535667 384.86938477
v -12.94471931 -19.92083549 388.57971191
v -12.94471931 -19.14313507 386.82440186
v -12.94471931 -18.87456131 386.57333374
v -12.94471931 -18.68368340 386.25909424
v -12.94471931 -22.39650154 387.15194702
v -12.94471931 -20.54269791 386.92077637
v -12.94471931 -20.19621658 387.04373169
v -12.94471931 -19.82941246 387.06866455
v -12.94471931 -21.22227669 385.35821533
v -12.94471931 -21.27216911 385.72247314
v -12.94471931 -21.22193718 386.08666992
v -12.94471931 -21.07530785 386.42382812
v -12.94471931 -20.84315491 386.70889282
v -12.94471931 -19.46948814 386.99368286
v -12.94471931 -18.58465767 385.90502930
v -12.94471931 -19.14416504 384.61856079
v -12.94471931 -19.47067451 384.44958496
v -12.94471931 -20.84407616 384.73565674
v -12.94471931 -21.07596207 385.02093506
v -12.94471931 -27.76922798 392.02551270
v -12.94471931 -27.71899605 392.38970947
v -12.94471931 -27.57236671 392.72686768
v -12.94471931 -24.99144173 389.54919434
v -12.94471931 -26.69450951 390.70324707
v -12.94471931 -27.04087448 390.82650757
v -12.94471931 -27.34113503 391.03866577
v -12.94471931 -23.56134415 392.02352905
v -12.94471931 -25.37241554 391.17242432
v -12.94471931 -25.64122391 390.92160034
v -12.94471931 -25.96773338 390.75262451
v -12.94471931 -24.98913002 394.49920654
v -12.94471931 -25.37162018 392.87634277
v -12.94471931 -25.18074036 392.56213379
v -12.94471931 -25.08171463 392.20806885
v -12.94471931 -26.69327545 393.34677124
v -12.94471931 -26.32647133 393.37167358
v -12.94471931 -25.96654510 393.29672241
v -12.94471931 -27.34021378 393.01193237
v -12.94471931 -27.03975487 393.22381592
v -12.94471931 -25.64019394 393.12741089
v -12.94471931 -25.08188629 391.84042358
v -12.94471931 -25.18124390 391.48645020
v -12.94471931 -26.32772827 390.67797852
v -12.94471931 -27.57302094 391.32397461
v -12.94471931 -27.71933556 391.66125488
v -12.94471931 -27.76129150 409.02551270
v -12.94471931 -27.71105957 409.38970947
v -12.94471931 -27.56443024 409.72683716
v -12.94471931 -24.98350525 406.54919434
v -12.94471931 -26.68657303 407.70324707
v -12.94471931 -27.03293800 407.82650757
v -12.94471931 -27.33319855 408.03866577
v -12.94471931 -23.55340767 409.02352905
v -12.94471931 -25.36447906 408.17242432
v -12.94471931 -25.63328743 407.92160034
v -12.94471931 -25.95979691 407.75262451
v -12.94471931 -24.98119354 411.49920654
v -12.94471931 -25.36368370 409.87634277
v -12.94471931 -25.17280388 409.56213379
v -12.94471931 -25.07378006 409.20806885
v -12.94471931 -26.68533897 410.34677124
v -12.94471931 -26.31853485 410.37167358
v -12.94471931 -25.95861053 410.29672241
v -12.94471931 -27.33227730 410.01193237
v -12.94471931 -27.03181839 410.22381592
v -12.94471931 -25.63225746 410.12741089
v -12.94471931 -25.07395172 408.84042358
v -12.94471931 -25.17330742 408.48645020
v -12.94471931 -26.31979179 407.67797852
v -12.94471931 -27.56508446 408.32397461
v -12.94471931 -27.71139908 408.66125488
v -12.94471931 -27.32434082 427.01193237
v -12.94471931 -28.37344933 428.50079346
v -12.94471931 -27.02388382 427.22381592
v -12.94471931 -26.67740250 427.34677124
v -12.94471931 -27.70346260 425.66125488
v -12.94471931 -27.75335503 426.02551270
v -12.94471931 -27.70312309 426.38970947
v -12.94471931 -24.97556877 423.54919434
v -12.94471931 -26.67863655 424.70324707
v -12.94471931 -27.02500153 424.82650757
v -12.94471931 -27.32526207 425.03866577
v -12.94471931 -23.54547119 426.02352905
v -12.94471931 -25.35654259 425.17242432
v -12.94471931 -25.62535095 424.92160034
v -12.94471931 -25.95186043 424.75262451
v -12.94471931 -24.97325706 428.49920654
v -12.94471931 -25.35574722 426.87634277
v -12.94471931 -25.16486931 426.56213379
v -12.94471931 -25.06584358 426.20806885
v -12.94471931 -26.31059837 427.37167358
v -12.94471931 -25.95067406 427.29672241
v -12.94471931 -27.55649376 426.72683716
v -12.94471931 -25.62432098 427.12741089
v -12.94471931 -25.06601524 425.84042358
v -12.94471931 -25.16537094 425.48645020
v -12.94471931 -26.31185722 424.67797852
v -12.94471931 -27.55714798 425.32397461
v -12.94471931 6.38192463 394.48455811
v -12.94471931 4.91828108 392.19406128
v -12.94471931 6.37961388 389.53457642
v -12.94471931 4.91810942 391.82641602
v -12.94471931 4.81875372 391.47244263
v -12.94471931 2.15298319 394.48654175
v -12.94471931 3.67352557 393.35766602
v -12.94471931 4.03345060 393.28271484
v -12.94471931 4.35980272 393.11340332
v -12.94471931 0.72288603 392.01220703
v -12.94471931 2.42763090 392.71286011
v -12.94471931 2.65978336 392.99792480
v -12.94471931 2.96024132 393.20980835
v -12.94471931 2.15067244 389.53652954
v -12.94471931 2.42697597 391.30996704
v -12.94471931 2.28066134 391.64724731
v -12.94471931 2.23076963 392.01150513
v -12.94471931 3.67226791 390.66397095
v -12.94471931 3.30548692 390.68923950
v -12.94471931 2.95912218 390.81253052
v -12.94471931 2.28100133 392.37570190
v -12.94471931 3.30672097 393.33276367
v -12.94471931 4.62837744 392.86236572
v -12.94471931 4.81925583 392.54812622
v -12.94471931 4.62758207 391.15841675
v -12.94471931 4.35877323 390.90759277
v -12.94471931 4.03226328 390.73861694
v -12.94471931 2.65886235 391.02465820
v -10.94471931 4.29474735 429.98553467
v -10.94471931 5.56904697 428.48495483
v -10.94471931 2.16885567 428.48654175
v -10.94471931 0.79668903 426.11242676
v -10.94471931 0.73875839 426.01220703
v -10.94471931 -24.97556877 423.54919434
v -10.94471931 -24.97325706 428.49920654
v -10.94471931 -27.09774971 430.00018311
v -10.94471931 -28.37344933 428.50079346
v -10.94471931 -24.98350525 406.54919434
v -10.94471931 -24.98119354 411.49920654
v -10.94471931 -17.44650269 387.14962769
v -10.94471931 -15.94586182 388.51998901
v -10.94471931 -19.82060432 388.52178955
v -10.94471931 0.79849792 429.98718262
v -10.94471931 0.79659539 425.91192627
v -10.94471931 0.79478657 422.03717041
v -10.94471931 2.16654468 423.53652954
v -10.94471931 6.39478588 422.03454590
v -10.94471931 6.39548635 423.53454590
v -10.94471931 6.38986063 411.48455811
v -10.94471931 6.39056110 412.98455811
v -10.94471931 2.16091943 411.48654175
v -10.94471931 0.79056168 412.98718262
v -10.94471931 0.78875285 409.11242676
v -10.94471931 0.78865921 408.91192627
v -10.94471931 0.78685033 405.03717041
v -10.94471931 2.15860844 406.53652954
v -10.94471931 6.38684988 405.03457642
v -10.94471931 6.38754988 406.53457642
v -10.94471931 -3.02112150 388.51394653
v -10.94471931 -6.89586306 388.51574707
v -10.94471931 -5.39650345 387.14401245
v -10.94471931 0.18081658 392.11245728
v -10.94471931 0.78076077 392.11221313
v -10.94471931 0.78262550 395.98718262
v -10.94471931 2.15298319 394.48654175
v -10.94471931 6.38262510 395.98455811
v -10.94471931 6.38192463 394.48455811
v -10.94471931 0.78679198 404.91217041
v -10.94471931 0.18679208 404.91244507
v -10.94471931 -24.98913002 394.49920654
v -10.94471931 -23.01918030 392.12329102
v -10.94471931 -23.01320457 404.92327881
v -10.94471931 -2.82060599 388.51385498
v -10.94471931 -0.44650403 387.14169312
v -10.94471931 -1.22086382 388.51312256
v -10.94471931 -0.77579862 388.56304932
v -10.94471931 -0.35300404 388.71075439
v -10.94471931 1.05391419 388.03704834
v -10.94471931 0.02631929 388.94885254
v -10.94471931 0.34315047 389.26541138
v -10.94471931 0.58160222 389.64450073
v -10.94471931 2.15067244 389.53652954
v -10.94471931 0.72971767 390.06716919
v -10.94471931 0.78006959 390.51217651
v -10.94471931 0.78072304 391.91192627
v -10.94471931 5.63516378 388.03491211
v -10.94471931 6.37961388 389.53457642
v -10.94471931 6.37932205 388.90957642
v -10.94471931 -24.99144173 389.54919434
v -10.94471931 -23.56999207 390.07849121
v -10.94471931 -23.42226982 389.65570068
v -10.94471931 -23.89608383 388.04870605
v -10.94471931 -23.18417358 389.27639771
v -10.94471931 -22.86763763 388.95956421
v -10.94471931 -22.48853683 388.72109985
v -10.94471931 -22.39650154 387.15194702
v -10.94471931 -22.06587982 388.57299805
v -10.94471931 -21.62086105 388.52264404
v -10.94471931 -20.02112007 388.52188110
v -10.94471931 -28.47733307 388.05084229
v -10.94471931 -23.54547119 426.02352905
v -10.94471931 0.73082221 409.01220703
v -10.94471931 -2.92083669 388.57177734
v -10.94471931 -19.92083549 388.57971191
v -10.94471931 -23.55340767 409.02352905
v -10.94471931 0.72288603 392.01220703
v -10.94471931 -23.56134415 392.02352905
v 12.55528069 0.79920983 431.51217651
v 10.05528069 0.79849792 429.98718262
v 12.55528069 0.79849792 429.98718262
v 10.05528069 0.79668903 426.11242676
v 10.05528069 0.79659539 425.91192627
v 10.05528069 0.79478657 422.03717041
v 0.55528033 0.78718883 405.76217651
v 0.55528033 0.78679198 404.91217041
v 12.55528069 0.79478657 422.03717041
v 12.55528069 0.79056168 412.98718262
v 10.05528069 0.79056168 412.98718262
v 10.05528069 0.78875285 409.11242676
v 10.05528069 0.78865921 408.91192627
v 10.05528069 0.78718883 405.76217651
v 10.05528069 0.78041971 391.26217651
v 10.05528069 0.78006959 390.51217651
v 0.55528033 0.78041971 391.26217651
v 0.55528033 0.78081650 392.11218262
v -17.19471931 0.78053641 391.51217651
v -17.19471931 0.79874295 430.51217651
v 15.80527973 0.78192490 394.51217651
v 14.55528069 0.78193694 394.51217651
v 15.80512238 0.79732776 427.51217651
v 14.55528069 0.79734248 427.51217651
v -4.77805281 -0.75483787 433.46276855
v 3.88861370 -0.75483787 433.46276855
v 12.55528069 -0.75483787 433.46276855
v 3.88861370 -0.33218136 433.31463623
v 12.55528069 -0.33218136 433.31463623
v 3.88861370 0.04691947 433.07620239
v 12.55528069 0.04691947 433.07620239
v 3.88861370 0.36345497 432.75936890
v 12.55528069 0.36345497 432.75936890
v 3.88861370 0.60155267 432.38003540
v 12.55528069 0.60155267 432.38003540
v 3.88861370 0.74927342 431.95724487
v 12.55528069 0.74927342 431.95724487
v -4.77805281 0.74927342 431.95724487
v -4.77805281 0.60155267 432.38003540
v -4.77805281 0.36345497 432.75936890
v -4.77805281 0.04691947 433.07620239
v -4.77805281 -0.33218136 433.31463623
v 12.55528069 -29.20520973 422.05117798
v 12.55528069 -29.20943451 413.00119019
v 12.55528069 -15.94586182 388.51998901
v 12.55528069 -6.89586306 388.51574707
v 12.55528069 -23.89608383 388.04870605
v 12.55528069 -28.47733307 388.05084229
v 12.55528069 6.39478588 422.03454590
v 12.55528069 6.39056110 412.98455811
v 12.55528069 5.63516378 388.03491211
v 12.55528069 1.05391419 388.03704834
v 12.55528069 -28.21737099 396.00070190
v 12.55528069 -29.21737099 396.00119019
v 12.55528069 -28.21314621 405.05072021
v 12.55528069 -29.21314621 405.05117798
v 12.55528069 5.38684988 405.03503418
v 12.55528069 6.38684988 405.03457642
v 12.55528069 5.38262510 395.98501587
v 12.55528069 6.38262510 395.98455811
v 12.55528069 -27.09774971 430.00018311
v 12.55528069 4.29474735 429.98553467
v 10.05528069 -29.20520973 422.05117798
v 10.05528069 -3.02112150 388.51394653
v 10.05528069 -5.39650345 387.14401245
v 10.05528069 -6.89586306 388.51574707
v 10.05528069 6.38986063 411.48455811
v 10.05528069 2.16091943 411.48654175
v 10.05528069 6.39056110 412.98455811
v 10.05528069 2.16654468 423.53652954
v 10.05528069 6.39478588 422.03454590
v 10.05528069 6.39548635 423.53454590
v 10.05528069 5.56904697 428.48495483
v 10.05528069 2.16885567 428.48654175
v 10.05528069 4.29474735 429.98553467
v 10.05528069 -17.44650269 387.14962769
v 10.05528069 -15.94586182 388.51998901
v 10.05528069 -19.82060432 388.52178955
v 10.05528069 -24.98119354 411.49920654
v 10.05528069 -29.20943451 413.00119019
v 10.05528069 -29.21013451 411.50119019
v 10.05528069 -24.97325706 428.49920654
v 10.05528069 -27.09774971 430.00018311
v 10.05528069 -28.37344933 428.50079346
v 10.05528069 -29.20450974 423.55117798
v 10.05528069 -24.97556877 423.54919434
v 10.05528069 -24.98350525 406.54919434
v 10.05528069 -28.21280861 405.77572632
v 10.05528069 -29.21244621 406.55117798
v 10.05528069 -29.21314621 405.05117798
v 10.05528069 -28.21314621 405.05072021
v 10.05528069 5.38684988 405.03503418
v 10.05528069 5.38718843 405.76004028
v 10.05528069 6.38684988 405.03457642
v 10.05528069 6.38754988 406.53457642
v 10.05528069 2.15860844 406.53652954
v 10.05528069 -28.21807098 394.50070190
v 10.05528069 -29.21807098 394.50119019
v 10.05528069 -28.21737099 396.00070190
v 10.05528069 -29.21737099 396.00119019
v 10.05528069 5.38262510 395.98501587
v 10.05528069 6.38262510 395.98455811
v 10.05528069 5.38192463 394.48501587
v 10.05528069 6.38192463 394.48455811
v 10.05528069 1.15554857 391.26199341
v 10.05528069 2.15067244 389.53652954
v 10.05528069 0.72971767 390.06716919
v 10.05528069 0.58160222 389.64450073
v 10.05528069 0.34315047 389.26541138
v 10.05528069 1.05391419 388.03704834
v 10.05528069 0.02631929 388.94885254
v 10.05528069 -0.35300404 388.71075439
v 10.05528069 -0.44650403 387.14169312
v 10.05528069 -0.77579862 388.56304932
v 10.05528069 -1.22086382 388.51312256
v 10.05528069 -2.82060599 388.51385498
v 10.05528069 5.63516378 388.03491211
v 10.05528069 6.37961388 389.53457642
v 10.05528069 6.37932205 388.90957642
v 10.05528069 -20.02112007 388.52188110
v 10.05528069 -22.39650154 387.15194702
v 10.05528069 -21.62086105 388.52264404
v 10.05528069 -22.06587982 388.57299805
v 10.05528069 -22.48853683 388.72109985
v 10.05528069 -23.89608383 388.04870605
v 10.05528069 -22.86763763 388.95956421
v 10.05528069 -23.18417358 389.27639771
v 10.05528069 -24.99144173 389.54919434
v 10.05528069 -23.42226982 389.65570068
v 10.05528069 -23.56999207 390.07849121
v 10.05528069 -23.99470711 391.27374268
v 10.05528069 -28.47733307 388.05084229
v 10.05528069 -29.22038269 389.55117798
v 10.05528069 -29.22067451 388.92617798
v 12.05528069 -5.39650345 387.14401245
v 12.05528069 -2.92083669 388.57177734
v 10.05528069 -2.92083669 388.57177734
v 12.05528069 6.38192463 394.48455811
v 12.05528069 3.67352557 393.35766602
v 12.05528069 2.15298319 394.48654175
v 12.05528069 3.30672097 393.33276367
v 12.05528069 2.96024132 393.20980835
v 12.05528069 6.37961388 389.53457642
v 12.05528069 4.91828108 392.19406128
v 12.05528069 4.81925583 392.54812622
v 12.05528069 4.62837744 392.86236572
v 12.05528069 2.15067244 389.53652954
v 12.05528069 3.67226791 390.66397095
v 12.05528069 4.03226328 390.73861694
v 12.05528069 4.35877323 390.90759277
v 12.05528069 0.72288603 392.01220703
v 12.05528069 2.42697597 391.30996704
v 12.05528069 2.65886235 391.02465820
v 12.05528069 2.95912218 390.81253052
v 12.05528069 2.42763090 392.71286011
v 12.05528069 2.28100133 392.37570190
v 12.05528069 2.23076963 392.01150513
v 12.05528069 2.28066134 391.64724731
v 12.05528069 3.30548692 390.68923950
v 12.05528069 4.62758207 391.15841675
v 12.05528069 4.81875372 391.47244263
v 12.05528069 4.91810942 391.82641602
v 12.05528069 4.35980272 393.11340332
v 12.05528069 4.03345060 393.28271484
v 12.05528069 2.65978336 392.99792480
v 12.05528069 -24.99144173 389.54919434
v 12.05528069 -25.37241554 391.17242432
v 12.05528069 -23.56134415 392.02352905
v 12.05528069 -25.18124390 391.48645020
v 12.05528069 -25.08188629 391.84042358
v 12.05528069 -29.22038269 389.55117798
v 12.05528069 -26.69450951 390.70324707
v 12.05528069 -26.32772827 390.67797852
v 12.05528069 -25.96773338 390.75262451
v 12.05528069 -29.21807098 394.50119019
v 12.05528069 -27.76922798 392.02551270
v 12.05528069 -27.71933556 391.66125488
v 12.05528069 -27.57302094 391.32397461
v 12.05528069 -24.98913002 394.49920654
v 12.05528069 -26.69327545 393.34677124
v 12.05528069 -27.03975487 393.22381592
v 12.05528069 -27.34021378 393.01193237
v 12.05528069 -25.37162018 392.87634277
v 12.05528069 -25.64019394 393.12741089
v 12.05528069 -25.96654510 393.29672241
v 12.05528069 -27.34113503 391.03866577
v 12.05528069 -27.04087448 390.82650757
v 12.05528069 -25.64122391 390.92160034
v 12.05528069 -25.08171463 392.20806885
v 12.05528069 -25.18074036 392.56213379
v 12.05528069 -26.32647133 393.37167358
v 12.05528069 -27.57236671 392.72686768
v 12.05528069 -27.71899605 392.38970947
v 12.05528069 6.39734173 427.50955200
v 12.05528069 4.64424992 426.86233521
v 12.05528069 5.56904697 428.48495483
v 12.05528069 4.37567520 427.11340332
v 12.05528069 4.04932308 427.28271484
v 12.05528069 6.39548635 423.53454590
v 12.05528069 4.93398190 425.82641602
v 12.05528069 4.93415356 426.19406128
v 12.05528069 4.83512831 426.54812622
v 12.05528069 2.16654468 423.53652954
v 12.05528069 3.68814039 424.66397095
v 12.05528069 4.04813528 424.73861694
v 12.05528069 4.37464523 424.90759277
v 12.05528069 0.73875839 426.01220703
v 12.05528069 2.44284844 425.30996704
v 12.05528069 2.67473459 425.02465820
v 12.05528069 2.97499466 424.81250000
v 12.05528069 2.16885567 428.48654175
v 12.05528069 2.44350338 426.71282959
v 12.05528069 2.29687381 426.37570190
v 12.05528069 2.24664211 426.01150513
v 12.05528069 3.68939781 427.35766602
v 12.05528069 3.32259345 427.33276367
v 12.05528069 2.97611380 427.20980835
v 12.05528069 2.29653358 425.64724731
v 12.05528069 3.32135940 424.68923950
v 12.05528069 4.64345455 425.15841675
v 12.05528069 4.83462572 425.47244263
v 12.05528069 2.67565584 426.99792480
v 12.05528069 6.38754988 406.53457642
v 12.05528069 4.92621756 409.19406128
v 12.05528069 6.38986063 411.48455811
v 12.05528069 4.82719183 409.54812622
v 12.05528069 4.63631344 409.86233521
v 12.05528069 2.15860844 406.53652954
v 12.05528069 3.68020415 407.66397095
v 12.05528069 4.04019928 407.73861694
v 12.05528069 4.36670923 407.90759277
v 12.05528069 0.73082221 409.01220703
v 12.05528069 2.43491220 408.30996704
v 12.05528069 2.66679859 408.02465820
v 12.05528069 2.96705842 407.81250000
v 12.05528069 2.16091943 411.48654175
v 12.05528069 2.43556714 409.71286011
v 12.05528069 2.28893757 409.37570190
v 12.05528069 2.23870587 409.01150513
v 12.05528069 3.68146181 410.35766602
v 12.05528069 3.31465721 410.33276367
v 12.05528069 2.96817756 410.20980835
v 12.05528069 2.28859758 408.64724731
v 12.05528069 3.31342316 407.68923950
v 12.05528069 4.63551807 408.15841675
v 12.05528069 4.82668972 408.47244263
v 12.05528069 4.92604589 408.82641602
v 12.05528069 4.36773872 410.11340332
v 12.05528069 4.04138708 410.28271484
v 12.05528069 2.66771960 409.99792480
v 12.05528069 -2.83067226 384.36700439
v 12.05528069 -2.47067714 384.44165039
v 12.05528069 -2.14416742 384.61062622
v 12.05528069 -4.22227907 385.35028076
v 12.05528069 -4.07596445 385.01300049
v 12.05528069 -3.84407806 384.72772217
v 12.05528069 -3.54269910 386.91284180
v 12.05528069 -3.84315681 386.70095825
v 12.05528069 -4.07530928 386.41589355
v 12.05528069 -0.44650403 387.14169312
v 12.05528069 -2.14313769 386.81643677
v 12.05528069 -2.46948957 386.98574829
v 12.05528069 -2.82941484 387.06072998
v 12.05528069 -1.58483076 385.52944946
v 12.05528069 -1.58465910 385.89709473
v 12.05528069 -1.68368459 386.25115967
v 12.05528069 -4.22193909 386.07873535
v 12.05528069 -4.27217054 385.71453857
v 12.05528069 -3.54381824 384.51556396
v 12.05528069 -3.19745350 384.39227295
v 12.05528069 -1.87535846 384.86145020
v 12.05528069 -1.68418682 385.17547607
v 12.05528069 -1.87456298 386.56539917
v 12.05528069 -3.19621944 387.03579712
v 12.05528069 -19.83067131 384.37493896
v 12.05528069 -19.47067451 384.44958496
v 12.05528069 -19.14416504 384.61856079
v 12.05528069 -22.39650154 387.15194702
v 12.05528069 -21.22227669 385.35821533
v 12.05528069 -21.07596207 385.02093506
v 12.05528069 -20.84407616 384.73565674
v 12.05528069 -19.92083549 388.57971191
v 12.05528069 -20.54269791 386.92077637
v 12.05528069 -20.84315491 386.70889282
v 12.05528069 -21.07530785 386.42382812
v 12.05528069 -17.44650269 387.14962769
v 12.05528069 -19.14313507 386.82440186
v 12.05528069 -19.46948814 386.99368286
v 12.05528069 -19.82941246 387.06866455
v 12.05528069 -18.58482933 385.53738403
v 12.05528069 -18.58465767 385.90502930
v 12.05528069 -18.68368340 386.25909424
v 12.05528069 -21.22193718 386.08666992
v 12.05528069 -21.27216911 385.72247314
v 12.05528069 -20.54381561 384.52349854
v 12.05528069 -20.19745255 384.40020752
v 12.05528069 -18.87535667 384.86938477
v 12.05528069 -18.68418503 385.18341064
v 12.05528069 -18.87456131 386.57333374
v 12.05528069 -20.19621658 387.04373169
v 12.05528069 -29.21013451 411.50119019
v 12.05528069 -27.76129150 409.02551270
v 12.05528069 -29.21244621 406.55117798
v 12.05528069 -27.71139908 408.66125488
v 12.05528069 -27.56508446 408.32397461
v 12.05528069 -24.98119354 411.49920654
v 12.05528069 -26.68533897 410.34677124
v 12.05528069 -27.03181839 410.22381592
v 12.05528069 -27.33227730 410.01193237
v 12.05528069 -23.55340767 409.02352905
v 12.05528069 -25.36368370 409.87634277
v 12.05528069 -25.63225746 410.12741089
v 12.05528069 -25.95861053 410.29672241
v 12.05528069 -24.98350525 406.54919434
v 12.05528069 -25.36447906 408.17242432
v 12.05528069 -25.17330742 408.48645020
v 12.05528069 -25.07395172 408.84042358
v 12.05528069 -26.68657303 407.70324707
v 12.05528069 -26.31979179 407.67797852
v 12.05528069 -25.95979691 407.75262451
v 12.05528069 -27.33319855 408.03866577
v 12.05528069 -27.03293800 407.82650757
v 12.05528069 -25.63328743 407.92160034
v 12.05528069 -25.07378006 409.20806885
v 12.05528069 -25.17280388 409.56213379
v 12.05528069 -26.31853485 410.37167358
v 12.05528069 -27.56443024 409.72683716
v 12.05528069 -27.71105957 409.38970947
v 12.05528069 -29.20265388 427.52618408
v 12.05528069 -27.70346260 425.66125488
v 12.05528069 -29.20450974 423.55117798
v 12.05528069 -27.55714798 425.32397461
v 12.05528069 -27.32526207 425.03866577
v 12.05528069 -28.37344933 428.50079346
v 12.05528069 -27.32434082 427.01193237
v 12.05528069 -27.55649376 426.72683716
v 12.05528069 -27.70312309 426.38970947
v 12.05528069 -24.97325706 428.49920654
v 12.05528069 -26.67740250 427.34677124
v 12.05528069 -27.02388382 427.22381592
v 12.05528069 -23.54547119 426.02352905
v 12.05528069 -25.35574722 426.87634277
v 12.05528069 -25.62432098 427.12741089
v 12.05528069 -25.95067406 427.29672241
v 12.05528069 -24.97556877 423.54919434
v 12.05528069 -25.35654259 425.17242432
v 12.05528069 -25.16537094 425.48645020
v 12.05528069 -25.06601524 425.84042358
v 12.05528069 -26.67863655 424.70324707
v 12.05528069 -26.31185722 424.67797852
v 12.05528069 -25.95186043 424.75262451
v 12.05528069 -27.75335503 426.02551270
v 12.05528069 -27.02500153 424.82650757
v 12.05528069 -25.62535095 424.92160034
v 12.05528069 -25.06584358 426.20806885
v 12.05528069 -25.16486931 426.56213379
v 12.05528069 -26.31059837 427.37167358
v 10.05528069 2.15298319 394.48654175
v 10.05528069 -28.21957779 391.27572632
v 10.05528069 -24.98913002 394.49920654
v 10.05528069 -23.56134415 392.02352905
v 10.05528069 5.38041925 391.26004028
v 10.05528069 0.72288603 392.01220703
v 0.55528033 -28.21957779 391.27572632
v 0.55528033 -28.21280861 405.77572632
v 0.55528033 -27.96909142 392.31561279
v 0.55528033 -23.24909210 392.31338501
v 0.55528033 -23.01918030 392.12329102
v 0.55528033 -23.24329376 404.73339844
v 0.55528033 -23.01320457 404.92327881
v 0.55528033 -27.96329308 404.73559570
v 0.55528033 5.38041925 391.26004028
v 0.55528033 5.13090467 392.30014038
v 0.55528033 0.41090524 392.30233765
v 0.55528033 0.18081658 392.11245728
v 0.55528033 0.41670334 404.72235107
v 0.55528033 0.18679208 404.91244507
v 0.55528033 5.13670301 404.72015381
v 0.55528033 5.38718843 405.76004028
v 14.55528069 6.39734173 427.50955200
v 14.55528069 6.37932205 388.90957642
v 10.05528069 0.73875839 426.01220703
v 10.05528069 0.73082221 409.01220703
v 10.05528069 -19.92083549 388.57971191
v 10.05528069 -23.55340767 409.02352905
v 10.05528069 -23.54547119 426.02352905
v -17.19471931 -20.62086105 388.52215576
v -17.19471931 -2.22086382 388.51358032
v 15.80527973 -17.57086182 388.52075195
v 14.55528069 -17.57086182 388.52075195
v 15.80512238 -5.27086020 388.51501465
v 14.55528069 -5.27086353 388.51501465
v -3.94471979 0.72971767 390.06716919
v 3.05528021 0.72971767 390.06716919
v 3.05528021 0.58160222 389.64450073
v 3.05528021 0.34315047 389.26541138
v 3.05528021 0.02631929 388.94885254
v 3.05528021 -0.35300404 388.71075439
v 3.05528021 -0.77579862 388.56304932
v -3.94471979 -0.77579862 388.56304932
v -3.94471979 -0.35300404 388.71075439
v -3.94471979 0.02631929 388.94885254
v -3.94471979 0.34315047 389.26541138
v -3.94471979 0.58160222 389.64450073
v -17.19471931 0.75340945 431.03314209
v -17.19471931 0.61829984 431.53833008
v -17.19471931 0.39751950 432.01235962
v -17.19471931 0.09777661 432.44085693
v -17.19471931 -0.27182123 432.81082153
v -17.19471931 -0.70004398 433.11096191
v -17.19471931 -1.17388034 433.33218384
v -17.19471931 -1.67893302 433.46774292
v -18.14577675 0.10775989 430.51248169
v -18.19471931 -0.20125712 430.51263428
v -18.14577675 0.07286776 430.91348267
v -18.19471931 -0.25119373 430.95770264
v -18.14577675 -0.03112233 431.30227661
v -18.19471931 -0.39891443 431.38049316
v -18.14577675 -0.20105085 431.66714478
v -18.19471931 -0.63701212 431.75982666
v -18.14577675 -0.43175462 431.99694824
v -18.19471931 -0.95354754 432.07666016
v -18.14577675 -0.71622378 432.28167725
v -18.14577675 -1.04581499 432.51269531
v -18.00373650 -0.90631807 432.75405884
v -18.00373650 -1.31504691 432.94488525
v -17.78250504 -1.23928416 433.15274048
v -17.78250504 -1.71218467 433.27969360
v -17.50373650 -1.68745446 433.41955566
v -17.78250504 -2.19994545 433.32260132
v -17.50373650 -2.19987893 433.46463013
v -18.19471931 -1.33264828 432.31509399
v -18.14577675 -1.41051364 432.68298340
v -18.00373650 -1.75070286 433.06182861
v -18.00373650 -2.20004869 433.10134888
v -18.19471931 -1.75530469 432.46322632
v -18.14577675 -1.79923868 432.78732300
v -18.14577675 -2.20017886 432.82260132
v -18.19471931 -2.20032310 432.51358032
v -17.50373650 -1.19064152 433.28619385
v -17.50373650 -0.72453552 433.06857300
v -17.50373650 -0.30329901 432.77331543
v -17.50373650 0.06026902 432.40942383
v -17.50373650 0.35512173 431.98791504
v -17.50373650 0.57230020 431.52160645
v -17.50373650 0.70520550 431.02465820
v -17.50373650 0.74979949 430.51220703
v -17.78250504 0.60775995 430.51226807
v -17.78250504 0.56531233 431.00006104
v -17.78250504 0.43880397 431.47308350
v -17.78250504 0.23207870 431.91696167
v -17.78250504 -0.04858223 432.31817627
v -17.78250504 -0.39465109 432.66455078
v -17.78250504 -0.79561275 432.94558716
v -18.00373650 0.38652816 430.51235962
v -18.00373650 0.34742358 430.96176147
v -18.00373650 0.23087874 431.39752197
v -18.00373650 0.04043469 431.80642700
v -18.00373650 -0.21812202 432.17605591
v -18.00373650 -0.53693527 432.49514771
v -18.19471931 -22.55090141 430.96810913
v -18.19471931 -22.40278625 431.39077759
v -18.19471931 -22.60125351 430.52310181
v -18.19471931 -22.16433525 431.76986694
v -18.19471931 -21.84750366 432.08639526
v -18.19471931 -21.46818161 432.32449341
v -18.19471931 -21.04538536 432.47222900
v -18.19471931 -20.60032082 432.52215576
v -18.19471931 -11.26851940 424.36459351
v -18.19471931 -11.80973721 424.33905029
v -18.19471931 -12.33634377 424.21154785
v -18.19471931 -8.55545712 421.51654053
v -18.19471931 -8.60670853 422.05593872
v -18.19471931 -0.21946369 391.51263428
v -18.19471931 -8.76010323 420.45739746
v -18.19471931 -8.60721207 420.97720337
v -18.19471931 -0.26981580 391.06762695
v -18.19471931 -0.41793120 390.64495850
v -18.19471931 -0.65638292 390.26586914
v -18.19471931 -0.97321403 389.94934082
v -18.19471931 -1.35253727 389.71124268
v -18.19471931 -1.77533174 389.56350708
v -18.19471931 -2.22039700 389.51358032
v -18.19471931 -20.62039566 389.52215576
v -18.19471931 -11.27117729 418.67102051
v -18.19471931 -10.73483753 418.74789429
v -18.19471931 -10.22273445 418.92486572
v -18.19471931 -21.06541252 389.57250977
v -18.19471931 -22.61946106 391.52310181
v -18.19471931 -13.64653111 419.75717163
v -18.19471931 -13.27281570 419.36486816
v -18.19471931 -21.48806953 389.72064209
v -18.19471931 -21.86717033 389.95907593
v -18.19471931 -22.18370628 390.27590942
v -18.19471931 -22.42180443 390.65524292
v -18.19471931 -22.56952477 391.07803345
v -18.19471931 -14.14038658 420.71621704
v -18.19471931 -13.93924809 420.21310425
v -18.19471931 -8.75911427 422.57586670
v -18.19471931 -9.00716591 423.05758667
v -18.19471931 -9.34189701 423.48364258
v -18.19471931 -9.75121117 423.83865356
v -18.19471931 -10.22031403 424.10977173
v -18.19471931 -10.73225117 424.28723145
v -18.19471931 -12.82930470 423.98669434
v -18.19471931 -13.27080441 423.67263794
v -18.19471931 -13.64488602 423.28067017
v -18.19471931 -13.93802834 422.82501221
v -18.19471931 -14.13963699 422.32208252
v -18.19471931 -14.24242496 421.79010010
v -18.19471931 -14.24267864 421.24829102
v -18.19471931 -12.83160973 419.05035400
v -18.19471931 -12.33885765 418.82504272
v -18.19471931 -11.81237125 418.69708252
v -18.19471931 -9.75337887 419.19555664
v -18.19471931 -9.34373379 419.55017090
v -18.19471931 -9.00860405 419.97592163
v -18.14577675 -20.60017586 432.83117676
v -18.14577675 -21.00115013 432.79629517
v -18.14577675 -21.38997269 432.69229126
v -18.14577675 -21.75482941 432.52236938
v -18.14577675 -22.08463669 432.29165649
v -18.14577675 -22.36937141 432.00720215
v -18.14577675 -22.60038185 431.67761230
v -18.00373650 -22.84173775 431.81710815
v -18.00373650 -23.03256416 431.40838623
v -17.78250504 -23.24041748 431.48413086
v -17.78250504 -23.36736870 431.01123047
v -17.50373650 -23.50723839 431.03598022
v -17.78250504 -23.41027069 430.52346802
v -17.50373650 -23.55231094 430.52352905
v -18.14577675 -22.77065086 431.31289673
v -18.00373650 -23.14951515 430.97271729
v -18.00373650 -23.18903923 430.52337646
v -18.14577675 -22.87500572 430.92419434
v -18.14577675 -22.91027069 430.52325439
v -17.19471931 -23.55543518 431.04449463
v -17.50373650 -23.37386894 431.53277588
v -17.19471931 -23.41985321 431.54953003
v -17.50373650 -23.15625572 431.99887085
v -17.19471931 -23.19863129 432.02337646
v -17.50373650 -22.86100960 432.42013550
v -17.19471931 -22.89848709 432.45159912
v -17.50373650 -22.49710083 432.78369141
v -17.19471931 -22.52854538 432.82119751
v -17.50373650 -22.07559013 433.07855225
v -17.19471931 -22.10004234 433.12094116
v -17.50373650 -21.60928154 433.29571533
v -17.19471931 -21.62599945 433.34173584
v -17.50373650 -21.11234283 433.42861938
v -17.19471931 -21.12081909 433.47683716
v -17.50373650 -20.59987640 433.47320557
v -17.78250504 -20.59994316 433.33117676
v -17.78250504 -21.08774376 433.28872681
v -17.78250504 -21.56076241 433.16223145
v -17.78250504 -22.00462723 432.95550537
v -17.78250504 -22.40585136 432.67483521
v -17.78250504 -22.75224304 432.32876587
v -17.78250504 -23.03327942 431.92779541
v -18.00373650 -20.60004616 433.10995483
v -18.00373650 -21.04942894 433.07083130
v -18.00373650 -21.48519325 432.95428467
v -18.00373650 -21.89410019 432.76385498
v -18.00373650 -22.26372528 432.50531006
v -18.00373650 -22.58283615 432.18649292
v -18.14577675 -8.33351135 432.82543945
v -18.14577675 -14.46684456 432.82830811
v -18.00373650 -14.46671391 433.10708618
v -17.78250504 -14.46661091 433.32830811
v -17.50373650 -14.46654415 433.47036743
v -17.50373650 -8.33321190 433.46749878
v -17.78250504 -8.33327770 433.32543945
v -18.00373650 -8.33338165 433.10421753
v -18.14577675 -22.91937447 411.02325439
v -18.14577675 -22.91633987 417.52325439
v -18.14577675 -22.91330528 424.02325439
v -18.00373650 -23.19207382 424.02337646
v -17.78250504 -23.41330528 424.02346802
v -17.50373650 -23.55534554 424.02352905
v -17.50373650 -23.55838013 417.52352905
v -17.50373650 -23.56141472 411.02352905
v -17.78250504 -23.41937447 411.02346802
v -17.78250504 -23.42240906 404.52346802
v -18.00373650 -23.20117760 404.52337646
v -18.00373650 -23.20421219 398.02337646
v -18.14577675 -22.92544365 398.02325439
v -18.14577675 -22.92847824 391.52325439
v -18.14577675 -22.92240906 404.52325439
v -18.00373650 -23.19814301 411.02337646
v -18.00373650 -23.19510841 417.52337646
v -17.78250504 -23.41633987 417.52346802
v -18.00373650 -23.20724678 391.52337646
v -17.78250504 -23.42544365 398.02346802
v -17.50373650 -23.56444931 404.52355957
v -17.78250504 -23.42847824 391.52346802
v -17.50373650 -23.56748390 398.02355957
v -17.50373650 -23.57051659 391.52355957
v -18.14577675 -22.89358521 391.12228394
v -18.14577675 -22.78959656 390.73345947
v -18.14577675 -22.61966705 390.36859131
v -18.14577675 -22.38896370 390.03878784
v -18.14577675 -22.10449409 389.75405884
v -18.14577675 -21.77490234 389.52304077
v -18.00373650 -21.91440010 389.28167725
v -18.00373650 -21.50567055 389.09085083
v -17.78250504 -21.58143425 388.88299561
v -17.78250504 -21.10853386 388.75604248
v -17.50373650 -21.13326263 388.61618042
v -17.78250504 -20.62077332 388.71316528
v -17.50373650 -20.62083817 388.57110596
v -18.14577675 -21.41020393 389.35278320
v -18.00373650 -21.07001495 388.97390747
v -18.00373650 -20.62066841 388.93438721
v -18.14577675 -21.02147865 389.24841309
v -18.14577675 -20.62053871 389.21316528
v -17.19471931 -21.14178467 388.56799316
v -17.50373650 -21.63007736 388.74954224
v -17.19471931 -21.64683723 388.70358276
v -17.50373650 -22.09618187 388.96716309
v -17.19471931 -22.12067413 388.92480469
v -17.50373650 -22.51741982 389.26242065
v -17.19471931 -22.54889679 389.22494507
v -17.50373650 -22.88098717 389.62631226
v -17.19471931 -22.91849518 389.59487915
v -17.50373650 -23.17584038 390.04782104
v -17.19471931 -23.21823692 390.02337646
v -17.50373650 -23.39301872 390.51412964
v -17.19471931 -23.43901825 390.49743652
v -17.50373650 -23.52592278 391.01107788
v -17.19471931 -23.57412720 391.00259399
v -17.78250504 -23.38603020 391.03567505
v -17.78250504 -23.25952148 390.56265259
v -17.78250504 -23.05279732 390.11880493
v -17.78250504 -22.77213478 389.71755981
v -17.78250504 -22.42606735 389.37118530
v -17.78250504 -22.02510452 389.09014893
v -18.00373650 -23.16814232 391.07400513
v -18.00373650 -23.05159760 390.63821411
v -18.00373650 -22.86115265 390.22930908
v -18.00373650 -22.60259628 389.85971069
v -18.00373650 -22.28378296 389.54058838
v -18.14577675 -14.48720646 389.21029663
v -18.14577675 -8.35387421 389.20742798
v -18.14577675 -2.22054124 389.20455933
v -18.00373650 -8.35400391 388.92864990
v -18.00373650 -2.22067142 388.92578125
v -17.78250504 -8.35410690 388.70742798
v -17.78250504 -2.22077465 388.70455933
v -17.50373650 -8.35417366 388.56539917
v -17.50373650 -2.22084093 388.56253052
v -17.50373650 -14.48750591 388.56823730
v -17.78250504 -14.48744011 388.71029663
v -18.00373650 -14.48733711 388.93151855
v -18.14577675 -1.81956828 389.23944092
v -18.14577675 -1.43074608 389.34344482
v -18.14577675 -1.06588852 389.51336670
v -18.14577675 -0.73608184 389.74407959
v -18.14577675 -0.45134693 390.02853394
v -18.14577675 -0.22033533 390.35812378
v -18.00373650 0.02102005 390.21862793
v -18.00373650 0.21184582 390.62738037
v -17.78250504 0.41970038 390.55160522
v -17.78250504 0.54665035 391.02450562
v -17.50373650 0.68652052 390.99978638
v -17.78250504 0.58955336 391.51226807
v -17.50373650 0.73159295 391.51220703
v -18.14577675 -0.05006624 390.72283936
v -18.00373650 0.32879746 391.06301880
v -18.00373650 0.36832160 391.51235962
v -18.14577675 0.05428684 391.11157227
v -18.14577675 0.08955333 391.51251221
v -17.19471931 0.73471648 390.99124146
v -17.50373650 0.55315125 390.50296021
v -17.19471931 0.59913528 390.48620605
v -17.50373650 0.33553752 390.03686523
v -17.19471931 0.37791243 390.01235962
v -17.50373650 0.04029138 389.61563110
v -17.19471931 0.07776959 389.58413696
v -17.50373650 -0.32361627 389.25204468
v -17.19471931 -0.29217348 389.21453857
v -17.50373650 -0.74512827 388.95721436
v -17.19471931 -0.72067630 388.91479492
v -17.50373650 -1.21143723 388.74002075
v -17.19471931 -1.19471896 388.69403076
v -17.50373650 -1.70837450 388.60711670
v -17.19471931 -1.69989800 388.55889893
v -17.78250504 -1.73297405 388.74700928
v -17.78250504 -1.25995529 388.87350464
v -17.78250504 -0.81609064 389.08023071
v -17.78250504 -0.41486675 389.36090088
v -17.78250504 -0.06847463 389.70697021
v -17.78250504 0.21256079 390.10794067
v -18.00373650 -1.77128887 388.96490479
v -18.00373650 -1.33552396 389.08145142
v -18.00373650 -0.92661709 389.27188110
v -18.00373650 -0.55699271 389.53045654
v -18.00373650 -0.23788165 389.84924316
v -18.14577675 0.09865661 411.01251221
v -18.14577675 0.09562218 404.51251221
v -18.14577675 0.09258775 398.01251221
v -18.00373650 0.37135604 398.01235962
v -17.78250504 0.59258783 398.01226807
v -17.50373650 0.73462737 398.01220703
v -17.50373650 0.73766178 404.51220703
v -17.50373650 0.74069619 411.01220703
v -17.78250504 0.59865665 411.01226807
v -17.78250504 0.60169107 417.51226807
v -18.00373650 0.38045931 417.51235962
v -18.00373650 0.38349375 424.01235962
v -18.14577675 0.10472546 424.01251221
v -18.14577675 0.10169104 417.51251221
v -18.00373650 0.37742490 411.01235962
v -18.00373650 0.37439045 404.51235962
v -17.78250504 0.59562224 404.51226807
v -17.78250504 0.60472554 424.01226807
v -17.50373650 0.74373060 417.51220703
v -17.50373650 0.74676508 424.01220703
v -23.04471970 -8.60721207 420.97720337
v -23.04471970 -8.55545712 421.51654053
v -23.04471970 -8.60670853 422.05593872
v -23.04471970 -8.75911427 422.57586670
v -23.04471970 -9.00716591 423.05758667
v -23.04471970 -9.34189701 423.48364258
v -23.04471970 -9.75121117 423.83865356
v -23.04471970 -10.22031403 424.10977173
v -23.04471970 -10.73225117 424.28723145
v -23.04471970 -11.26851940 424.36459351
v -23.04471970 -11.80973721 424.33905029
v -23.04471970 -12.33634377 424.21154785
v -23.04471970 -12.82930470 423.98669434
v -23.04471970 -13.27080441 423.67263794
v -23.04471970 -13.64488602 423.28067017
v -23.04471970 -13.93802834 422.82501221
v -23.04471970 -14.13963699 422.32208252
v -23.04471970 -14.24242496 421.79010010
v -23.04471970 -14.24267864 421.24829102
v -23.04471970 -14.14038658 420.71621704
v -23.04471970 -13.93924809 420.21310425
v -23.04471970 -13.64653111 419.75717163
v -23.04471970 -13.27281570 419.36486816
v -23.04471970 -12.83160973 419.05035400
v -23.04471970 -12.33885765 418.82504272
v -23.04471970 -11.81237125 418.69708252
v -23.04471970 -11.27117729 418.67102051
v -23.04471970 -10.73483753 418.74789429
v -23.04471970 -10.22273445 418.92486572
v -23.04471970 -9.75337887 419.19555664
v -23.04471970 -9.34373379 419.55017090
v -23.04471970 -9.00860405 419.97592163
v -23.04471970 -8.76010323 420.45739746
v -3.94471979 -22.06587982 388.57299805
v 3.05528021 -22.06587982 388.57299805
v 3.05528021 -22.48853683 388.72109985
v 3.05528021 -22.86763763 388.95956421
v 3.05528021 -23.18417358 389.27639771
v 3.05528021 -23.42226982 389.65570068
v 3.05528021 -23.56999207 390.07849121
v -3.94471979 -23.56999207 390.07849121
v -3.94471979 -23.42226982 389.65570068
v -3.94471979 -23.18417358 389.27639771
v -3.94471979 -22.86763763 388.95956421
v -3.94471979 -22.48853683 388.72109985
v 16.08941841 -17.56192589 388.54797363
v 16.19354057 -11.42083740 388.56900024
v 16.09551430 -5.28029537 388.54336548
v 16.34762955 -5.30457687 388.61648560
v 16.55547523 -11.42076683 388.71896362
v 16.36466789 -17.53470230 388.62890625
v 16.62139130 -17.48998451 388.76217651
v 16.86623573 -11.42065620 388.95751953
v 16.85039520 -17.42912674 388.94470215
v 17.04195404 -17.35363960 389.17169189
v 17.10462379 -11.42051029 389.26840210
v 17.18638420 -17.26530838 389.43566895
v 17.25437546 -11.42034149 389.63043213
v 17.27557182 -17.16965675 389.72326660
v 17.29370499 -5.70776320 389.82922363
v 16.53846741 -5.33449507 388.70642090
v 16.85042572 -5.41202688 388.93911743
v 17.07635307 -5.50489473 389.21862793
v 17.16486549 -5.55928516 389.38146973
v 17.25239754 -5.63877869 389.62039185
v 15.80527878 -18.53645325 389.26242065
v 15.90235806 -18.55055618 389.34057617
v 15.80512238 -18.57039452 389.52120972
v 15.99909687 -18.54114914 389.34402466
v 16.18266487 -18.52214050 389.53726196
v 16.09466934 -18.52561378 389.34970093
v 16.18844414 -18.50404549 389.35757446
v 16.11689186 -18.46717453 389.16571045
v 16.21694565 -18.44210625 389.17556763
v 16.13101959 -18.37000847 388.98867798
v 16.23473930 -18.34206581 389.00048828
v 16.13447762 -18.30750465 388.90658569
v 16.23888588 -18.27843857 388.91928101
v 16.13535500 -18.23667336 388.83074951
v 16.23963928 -18.20672607 388.84429932
v 16.13363457 -18.15907478 388.76281738
v 16.23698807 -18.12850952 388.77709961
v 16.12937737 -18.07560349 388.70333862
v 16.23101616 -18.04468155 388.71826172
v 16.12271118 -17.98769760 388.65304565
v 16.22189522 -17.95668411 388.66848755
v 16.11383247 -17.89688110 388.61230469
v 16.20988846 -17.86602974 388.62823486
v 16.10298920 -17.80466652 388.58129883
v 16.19532776 -17.77421570 388.59753418
v 16.09047127 -17.71249390 388.55975342
v 16.17859459 -17.68265915 388.57626343
v 15.91007328 -18.49631310 389.15414429
v 15.80556297 -18.49367142 389.13659668
v 15.91506958 -18.40261841 388.97479248
v 15.80520439 -18.36332321 388.91143799
v 15.91635227 -18.34148216 388.89163208
v 15.80527782 -18.27787209 388.81399536
v 15.91676140 -18.27173424 388.81481934
v 15.91629028 -18.19491196 388.74600220
v 16.02730179 -18.25843430 388.82089233
v 16.02628136 -18.18131065 388.75241089
v 15.80528641 -18.17830086 388.72674561
v 15.91495705 -18.11190414 388.68572998
v 16.02355194 -18.09811783 388.69244385
v 15.91280460 -18.02415466 388.63476562
v 15.80532169 -17.95234680 388.59655762
v 15.90989685 -17.93319130 388.59350586
v 15.80527973 -17.82968330 388.55493164
v 15.90631676 -17.84054756 388.56207275
v 15.90216255 -17.74768639 388.54025269
v 16.00614548 -17.82689857 388.56939697
v 15.99781799 -17.73429298 388.54769897
v 16.50450897 -17.58645630 388.69656372
v 16.33787155 -17.60193825 388.62066650
v 16.36309052 -17.69167519 388.64135742
v 16.38529015 -17.78224754 388.67114258
v 16.40390778 -17.87229919 388.71026611
v 16.41845322 -17.96037292 388.75857544
v 16.42852592 -18.04498672 388.81570435
v 16.43385887 -18.12470245 388.88095093
v 16.43431473 -18.19862556 388.95379639
v 16.42988014 -18.26512527 389.03262329
v 16.40720558 -18.37263870 389.20263672
v 16.36882591 -18.44378853 389.37936401
v 16.77287865 -17.52277374 388.87738037
v 16.64624596 -17.56130219 388.78182983
v 16.53459167 -17.67507172 388.72528076
v 16.67891502 -17.64844322 388.81820679
v 16.56030464 -17.76395798 388.76300049
v 16.70593452 -17.73534775 388.86312866
v 16.58099747 -17.85172462 388.80960083
v 16.72664070 -17.82061958 388.91625977
v 16.59613800 -17.93692398 388.86471558
v 16.74055290 -17.90285683 388.97692871
v 16.60535049 -18.01813126 388.92764282
v 16.74740982 -17.98117065 389.04467773
v 16.60843658 -18.09445381 388.99786377
v 16.74705315 -18.05383682 389.11798096
v 16.60532188 -18.16421127 389.07391357
v 16.72560883 -18.17840767 389.27609253
v 16.58144951 -18.28049660 389.23788452
v 16.67994499 -18.27153587 389.44046021
v 16.53723907 -18.36274529 389.40832520
v 16.53846169 -18.37895393 389.58483887
v 16.98007584 -17.41810608 389.08886719
v 16.80669022 -17.60812378 388.92068481
v 17.15813446 -17.36658287 389.37890625
v 17.03673172 -17.57983971 389.20431519
v 17.01271057 -17.49932861 389.14343262
v 16.85317802 -17.77553558 389.03033447
v 16.83365631 -17.69283295 388.97186279
v 17.24999619 -17.21787262 389.61734009
v 17.18566322 -17.51533508 389.51342773
v 17.05160141 -17.65787125 389.27023315
v 16.86492729 -17.85535240 389.09561157
v 17.29197121 -17.14900589 389.82208252
v 17.26604080 -17.35719109 389.75198364
v 17.24734306 -17.48308563 389.88314819
v 17.17596054 -17.64995956 389.65325928
v 17.09578705 -17.83485222 389.76586914
v 17.02324677 -17.92432594 389.56021118
v 16.98285866 -17.99944687 389.71112061
v 16.85042953 -18.14628410 389.66238403
v 16.80907631 -18.16672897 389.47695923
v 16.01333618 -17.91938591 388.60067749
v 16.01919365 -18.01029968 388.64172363
v 16.02656746 -18.32860374 388.89733887
v 16.02409744 -18.39026833 388.98007202
v 16.01431084 -18.48529816 389.15853882
v 16.85270309 -18.06287003 389.31860352
v 17.05409622 -17.80194855 389.41241455
v 16.86863899 -17.93053055 389.16622925
v 14.55528069 -17.87985611 388.56982422
v 14.55528069 -18.15855789 388.71200562
v 14.55528069 -18.37968636 388.93334961
v 14.55528069 -18.52159500 389.21215820
v 14.55528069 -18.57039452 389.52120972
v 14.55528069 -4.25125647 430.51452637
v 14.55528069 -3.11986518 428.71206665
v 14.55528069 -2.69720888 428.56396484
v 14.55528069 -2.25219035 428.51361084
v 14.55528069 -4.20132017 430.06945801
v 14.55528069 -4.05359936 429.64666748
v 14.55528069 -3.81550169 429.26733398
v 14.55528069 -3.49896622 428.95053101
v 14.55528069 -0.20219058 428.51263428
v 14.55528069 0.10680353 428.46356201
v 14.55528069 0.38550544 428.32138062
v 14.55528069 0.60663390 428.10003662
v 14.55528069 2.97611380 427.20980835
v 14.55528069 0.74854326 427.82122803
v 14.55528069 2.67565584 426.99792480
v 14.55528069 2.44350338 426.71282959
v 14.55528069 2.29687381 426.37570190
v 14.55528069 2.24664211 426.01150513
v 14.55528069 2.29653358 425.64724731
v 14.55528069 2.44284844 425.30996704
v 14.55528069 2.43556714 409.71286011
v 14.55528069 2.67473459 425.02465820
v 14.55528069 2.66771960 409.99792480
v 14.55528069 2.97499466 424.81250000
v 14.55528069 2.96817756 410.20980835
v 14.55528069 3.32135940 424.68923950
v 14.55528069 3.31465721 410.33276367
v 14.55528069 3.68814039 424.66397095
v 14.55528069 3.68146181 410.35766602
v 14.55528069 4.04138708 410.28271484
v 14.55528069 2.23870587 409.01150513
v 14.55528069 2.28893757 409.37570190
v 14.55528069 0.73284918 394.20318604
v 14.55528069 2.42763090 392.71286011
v 14.55528069 2.65978336 392.99792480
v 14.55528069 2.96024132 393.20980835
v 14.55528069 2.28100133 392.37570190
v 14.55528069 0.59067953 393.92446899
v 14.55528069 0.36934453 393.70333862
v 14.55528069 2.23076963 392.01150513
v 14.55528069 0.09051000 393.56143188
v 14.55528069 2.28066134 391.64724731
v 14.55528069 -0.21852981 393.51263428
v 14.55528069 -1.87456298 386.56539917
v 14.55528069 -2.14313769 386.81643677
v 14.55528069 -2.26852965 393.51361084
v 14.55528069 -2.46948957 386.98574829
v 14.55528069 -4.27039671 389.51452637
v 14.55528069 -2.82941484 387.06072998
v 14.55528069 -4.31948423 389.20553589
v 14.55528069 -3.19621944 387.03579712
v 14.55528069 -3.54269910 386.91284180
v 14.55528069 -4.46165419 388.92684937
v 14.55528069 -3.84315681 386.70095825
v 14.55528069 -4.68298912 388.70571899
v 14.55528069 -4.07530928 386.41589355
v 14.55528069 -4.96182346 388.56381226
v 14.55528069 -2.71359491 393.46365356
v 14.55528069 -4.26946306 391.51452637
v 14.55528069 -3.13638949 393.31594849
v 14.55528069 -3.51571274 393.07785034
v 14.55528069 -3.83254385 392.76132202
v 14.55528069 -4.07099581 392.38220215
v 14.55528069 -4.21911097 391.95956421
v 14.55528069 -4.22227907 385.35028076
v 14.55528069 -4.27217054 385.71453857
v 14.55528069 -4.22193909 386.07873535
v 14.55528069 -18.68368340 386.25909424
v 14.55528069 -18.58465767 385.90502930
v 14.55528069 -18.58482933 385.53738403
v 14.55528069 -18.87456131 386.57333374
v 14.55528069 -19.14313507 386.82440186
v 14.55528069 -19.46948814 386.99368286
v 14.55528069 -19.82941246 387.06866455
v 14.55528069 -20.19621658 387.04373169
v 14.55528069 -20.56852722 393.52215576
v 14.55528069 -20.54269791 386.92077637
v 14.55528069 -22.61852646 393.52310181
v 14.55528069 -20.84315491 386.70889282
v 14.55528069 -25.18124390 391.48645020
v 14.55528069 -21.07530785 386.42382812
v 14.55528069 -25.37241554 391.17242432
v 14.55528069 -21.22193718 386.08666992
v 14.55528069 -25.64122391 390.92160034
v 14.55528069 -25.96773338 390.75262451
v 14.55528069 -26.32772827 390.67797852
v 14.55528069 -20.12350845 393.47180176
v 14.55528069 -18.56946182 391.52120972
v 14.55528069 -19.70085335 393.32366943
v 14.55528069 -19.32175255 393.08523560
v 14.55528069 -19.00521660 392.76840210
v 14.55528069 -18.76711845 392.38906860
v 14.55528069 -18.61939812 391.96627808
v 14.55528069 -22.92752075 393.57220459
v 14.55528069 -25.08188629 391.84042358
v 14.55528069 -23.20622253 393.71435547
v 14.55528069 -25.08171463 392.20806885
v 14.55528069 -23.42735100 393.93569946
v 14.55528069 -25.18074036 392.56213379
v 14.55528069 -23.56926155 394.21453857
v 14.55528069 -25.37162018 392.87634277
v 14.55528069 -25.64019394 393.12741089
v 14.55528069 -25.96654510 393.29672241
v 14.55528069 -26.32647133 393.37167358
v 14.55528069 -26.31979179 407.67797852
v 14.55528069 -26.69327545 393.34677124
v 14.55528069 -26.68657303 407.70324707
v 14.55528069 -27.03975487 393.22381592
v 14.55528069 -27.03293800 407.82650757
v 14.55528069 -27.34021378 393.01193237
v 14.55528069 -27.33319855 408.03866577
v 14.55528069 -27.57236671 392.72686768
v 14.55528069 -27.56508446 408.32397461
v 14.55528069 -27.71899605 392.38970947
v 14.55528069 -27.71139908 408.66125488
v 14.55528069 -29.22067451 388.92617798
v 14.55528069 -27.76129150 409.02551270
v 14.55528069 -29.20265388 427.52618408
v 14.55528069 -27.71105957 409.38970947
v 14.55528069 -27.56443024 409.72683716
v 14.55528069 -25.07378006 409.20806885
v 14.55528069 -25.07395172 408.84042358
v 14.55528069 -25.17330742 408.48645020
v 14.55528069 -25.35574722 426.87634277
v 14.55528069 -25.16486931 426.56213379
v 14.55528069 -25.06584358 426.20806885
v 14.55528069 -25.62432098 427.12741089
v 14.55528069 -25.95067406 427.29672241
v 14.55528069 -26.31059837 427.37167358
v 14.55528069 -26.67740250 427.34677124
v 14.55528069 -27.02388382 427.22381592
v 14.55528069 -27.32434082 427.01193237
v 14.55528069 -27.55649376 426.72683716
v 14.55528069 -27.70312309 426.38970947
v 14.55528069 -27.75335503 426.02551270
v 14.55528069 -27.70346260 425.66125488
v 14.55528069 -27.55714798 425.32397461
v 14.55528069 -27.32526207 425.03866577
v 14.55528069 -27.33227730 410.01193237
v 14.55528069 -27.02500153 424.82650757
v 14.55528069 -27.03181839 410.22381592
v 14.55528069 -26.67863655 424.70324707
v 14.55528069 -26.68533897 410.34677124
v 14.55528069 -26.31185722 424.67797852
v 14.55528069 -26.31853485 410.37167358
v 14.55528069 -25.95861053 410.29672241
v 14.55528069 -26.69450951 390.70324707
v 14.55528069 -27.04087448 390.82650757
v 14.55528069 -3.19745350 384.39227295
v 14.55528069 -19.47067451 384.44958496
v 14.55528069 -19.83067131 384.37493896
v 14.55528069 3.67226791 390.66397095
v 14.55528069 3.30548692 390.68923950
v 14.55528069 2.95912218 390.81253052
v 14.55528069 4.92604589 408.82641602
v 14.55528069 4.82668972 408.47244263
v 14.55528069 4.81925583 392.54812622
v 14.55528069 4.63551807 408.15841675
v 14.55528069 4.62837744 392.86236572
v 14.55528069 4.36670923 407.90759277
v 14.55528069 4.35980272 393.11340332
v 14.55528069 4.04019928 407.73861694
v 14.55528069 4.03345060 393.28271484
v 14.55528069 3.68020415 407.66397095
v 14.55528069 3.67352557 393.35766602
v 14.55528069 3.30672097 393.33276367
v 14.55528069 4.04932308 427.28271484
v 14.55528069 4.37567520 427.11340332
v 14.55528069 4.64424992 426.86233521
v 14.55528069 3.32259345 427.33276367
v 14.55528069 3.68939781 427.35766602
v 14.55528069 4.83512831 426.54812622
v 14.55528069 4.93415356 426.19406128
v 14.55528069 4.93398190 425.82641602
v 14.55528069 4.83462572 425.47244263
v 14.55528069 4.82719183 409.54812622
v 14.55528069 4.92621756 409.19406128
v 14.55528069 4.64345455 425.15841675
v 14.55528069 4.63631344 409.86233521
v 14.55528069 4.37464523 424.90759277
v 14.55528069 4.36773872 410.11340332
v 14.55528069 4.04813528 424.73861694
v 14.55528069 3.31342316 407.68923950
v 14.55528069 2.96705842 407.81250000
v 14.55528069 2.66679859 408.02465820
v 14.55528069 2.43491220 408.30996704
v 14.55528069 2.28859758 408.64724731
v 14.55528069 2.42697597 391.30996704
v 14.55528069 -1.68368459 386.25115967
v 14.55528069 2.65886235 391.02465820
v 14.55528069 -1.58465910 385.89709473
v 14.55528069 -1.58483076 385.52944946
v 14.55528069 -1.68418682 385.17547607
v 14.55528069 -1.87535846 384.86145020
v 14.55528069 -2.14416742 384.61062622
v 14.55528069 -2.47067714 384.44165039
v 14.55528069 -2.83067226 384.36700439
v 14.55528069 -3.54381824 384.51556396
v 14.55528069 -19.14416504 384.61856079
v 14.55528069 -3.84407806 384.72772217
v 14.55528069 -18.87535667 384.86938477
v 14.55528069 -4.07596445 385.01300049
v 14.55528069 -18.68418503 385.18341064
v 14.55528069 -25.06601524 425.84042358
v 14.55528069 -25.16537094 425.48645020
v 14.55528069 -25.17280388 409.56213379
v 14.55528069 -25.35654259 425.17242432
v 14.55528069 -25.36368370 409.87634277
v 14.55528069 -25.62535095 424.92160034
v 14.55528069 -25.63225746 410.12741089
v 14.55528069 -25.95186043 424.75262451
v 14.55528069 -25.36447906 408.17242432
v 14.55528069 -25.63328743 407.92160034
v 14.55528069 -25.95979691 407.75262451
v 14.55528069 -21.22227669 385.35821533
v 14.55528069 -21.27216911 385.72247314
v 14.55528069 -20.19745255 384.40020752
v 14.55528069 -20.54381561 384.52349854
v 14.55528069 -20.84407616 384.73565674
v 14.55528069 -21.07596207 385.02093506
v 14.55528069 4.91828108 392.19406128
v 14.55528069 4.91810942 391.82641602
v 14.55528069 4.81875372 391.47244263
v 14.55528069 4.62758207 391.15841675
v 14.55528069 4.35877323 390.90759277
v 14.55528069 4.03226328 390.73861694
v 14.55528069 -27.71933556 391.66125488
v 14.55528069 -27.76922798 392.02551270
v 14.55528069 -27.34113503 391.03866577
v 14.55528069 -27.57302094 391.32397461
v 15.80527973 -0.20219061 428.51263428
v 17.27557182 -0.60339487 427.31011963
v 17.18638420 -0.50774354 427.59771729
v 17.04195404 -0.41941360 427.86169434
v 16.85039520 -0.34392563 428.08868408
v 16.62139130 -0.28306904 428.27120972
v 16.36466789 -0.23835042 428.40447998
v 16.08941841 -0.21112593 428.48541260
v 15.80527878 0.76339990 427.77096558
v 15.90235806 0.77750385 427.69281006
v 15.99909687 0.76809698 427.68936157
v 16.18266487 0.74908715 427.49612427
v 16.09466934 0.75256133 427.68368530
v 16.18844414 0.73099327 427.67581177
v 16.11689186 0.69412237 427.86767578
v 16.21694565 0.66905445 427.85781860
v 16.13101959 0.59695655 428.04470825
v 16.23473930 0.56901360 428.03289795
v 16.13447762 0.53445226 428.12680054
v 16.23888588 0.50538605 428.11410522
v 16.13535500 0.46361983 428.20263672
v 16.23963928 0.43367305 428.18908691
v 16.13363457 0.38602272 428.27056885
v 16.23698807 0.35545719 428.25628662
v 16.12937737 0.30254993 428.33004761
v 16.23101616 0.27162912 428.31512451
v 16.12271118 0.21464506 428.38034058
v 16.22189522 0.18363172 428.36489868
v 16.11383247 0.12382799 428.42108154
v 16.20988846 0.09297616 428.40515137
v 16.10298920 0.03161423 428.45208740
v 16.19532776 0.00116210 428.43585205
v 16.09047127 -0.06055852 428.47363281
v 16.17859459 -0.09039430 428.45712280
v 15.91007328 0.72326046 427.87924194
v 15.80556297 0.72061855 427.89678955
v 15.91506958 0.62956595 428.05859375
v 15.80520439 0.59026963 428.12194824
v 15.91635227 0.56843019 428.14175415
v 15.80527782 0.50481999 428.21939087
v 15.91676140 0.49868152 428.21856689
v 15.91629028 0.42185992 428.28738403
v 16.02730179 0.48538235 428.21249390
v 16.02628136 0.40825766 428.28097534
v 15.80528641 0.40524900 428.30664062
v 15.91495705 0.33885202 428.34765625
v 16.02355194 0.32506490 428.34094238
v 15.91280460 0.25110146 428.39862061
v 15.80532169 0.17929427 428.43682861
v 15.90989685 0.16013782 428.43988037
v 15.80527973 0.05663100 428.47845459
v 15.90631676 0.06749460 428.47131348
v 15.90216255 -0.02536552 428.49313354
v 16.00614548 0.05384525 428.46398926
v 15.99781799 -0.03876013 428.48568726
v 16.50450897 -0.18659665 428.33682251
v 16.33787155 -0.17111391 428.41271973
v 16.36309052 -0.08137675 428.39202881
v 16.38529015 0.00919517 428.36224365
v 16.40390778 0.09924585 428.32312012
v 16.41845322 0.18732071 428.27481079
v 16.42852592 0.27193478 428.21768188
v 16.43385887 0.35164988 428.15243530
v 16.43431473 0.42557240 428.07958984
v 16.42988014 0.49207219 428.00076294
v 16.40720558 0.59958571 427.83074951
v 16.36882591 0.67073607 427.65402222
v 16.77287865 -0.25027820 428.15600586
v 16.64624596 -0.21175028 428.25155640
v 16.53459167 -0.09798151 428.30810547
v 16.67891502 -0.12460991 428.21517944
v 16.56030464 -0.00909492 428.27038574
v 16.70593452 -0.03770512 428.17025757
v 16.58099747 0.07867116 428.22378540
v 16.72664070 0.04756778 428.11712646
v 16.59613800 0.16387109 428.16867065
v 16.74055290 0.12980451 428.05645752
v 16.60535049 0.24507906 428.10574341
v 16.74740982 0.20811823 427.98870850
v 16.60843658 0.32140204 428.03552246
v 16.74705315 0.28078461 427.91540527
v 16.60532188 0.39115831 427.95947266
v 16.72560883 0.40535584 427.75729370
v 16.58144951 0.50744504 427.79550171
v 16.67994499 0.49848396 427.59292603
v 16.53723907 0.58969229 427.62506104
v 16.53846169 0.60590166 427.44854736
v 16.98007584 -0.35494593 427.94451904
v 16.80669022 -0.16492939 428.11270142
v 17.15813446 -0.40647006 427.65447998
v 17.03673172 -0.19321285 427.82907104
v 17.01271057 -0.27372369 427.88995361
v 16.85317802 0.00248211 428.00305176
v 16.83365631 -0.08021892 428.06149292
v 17.24999619 -0.55518860 427.41604614
v 17.18566322 -0.25771663 427.51995850
v 17.05160141 -0.11518212 427.76315308
v 16.86492729 0.08229993 427.93777466
v 17.29197121 -0.62404603 427.21130371
v 17.26607323 -0.41602129 427.28134155
v 17.25239944 -0.30804875 427.14425659
v 17.18646622 -0.11783814 427.20748901
v 17.17596054 -0.12309292 427.38012695
v 17.05409431 0.02889670 427.62097168
v 16.86863899 0.15747844 427.86715698
v 17.09578705 0.06179975 427.26751709
v 17.02324677 0.15127429 427.47317505
v 16.85270309 0.28981799 427.71478271
v 16.98285866 0.22639342 427.32226562
v 16.85042953 0.37323186 427.37100220
v 16.80907631 0.39367720 427.55642700
v 16.01333618 0.14633229 428.43270874
v 16.01919365 0.23724778 428.39166260
v 16.02656746 0.55555135 428.13604736
v 16.02409744 0.61721551 428.05331421
v 16.01431084 0.71224505 427.87484741
v 16.19354057 0.73851973 411.01220703
v 16.19354057 0.73466831 402.76220703
v 16.08941841 0.75469917 394.52111816
v 16.36466789 0.67378879 394.54833984
v 16.55547523 0.58471364 402.76226807
v 16.62139130 0.54049957 394.59304810
v 16.86623573 0.34615335 402.76239014
v 16.85039520 0.35798332 394.65390015
v 17.04195404 0.13099332 394.72940063
v 17.10462379 0.03526071 402.76254272
v 17.18638420 -0.13298801 394.81771851
v 17.25437546 -0.32675686 402.76269531
v 17.27557182 -0.42059928 394.91339111
v 17.25437546 -0.32290545 411.01269531
v 17.25437546 -0.31905407 419.26269531
v 17.10462379 0.04296349 419.26254272
v 16.86623573 0.35385612 419.26239014
v 16.55547523 0.59241641 419.26226807
v 16.19354057 0.74237108 419.26220703
v 16.55547523 0.58856505 411.01226807
v 16.86623573 0.35000473 411.01239014
v 17.10462379 0.03911210 411.01254272
v 15.80527878 0.04026475 393.54660034
v 15.90235806 -0.03788982 393.53247070
v 15.80512238 -0.21852645 393.51263428
v 15.99909687 -0.04134286 393.54190063
v 16.18266487 -0.23456952 393.56091309
v 16.09466934 -0.04702243 393.55743408
v 16.18844414 -0.05488275 393.57897949
v 16.11689186 0.13698249 393.61587524
v 16.21694565 0.12711251 393.64093018
v 16.13101959 0.31401080 393.71304321
v 16.23473930 0.30220732 393.74096680
v 16.13447762 0.39608917 393.77554321
v 16.23888588 0.38338923 393.80459595
v 16.13535500 0.47192124 393.84637451
v 16.23963928 0.45839307 393.87631226
v 16.13363457 0.53985137 393.92395020
v 16.23698807 0.52558124 393.95452881
v 16.12937737 0.59933692 394.00744629
v 16.23101616 0.58441710 394.03836060
v 16.12271118 0.64964908 394.09533691
v 16.22189522 0.63417971 394.12634277
v 16.11383247 0.69037062 394.18615723
v 16.20988846 0.67445648 394.21701050
v 16.10298920 0.72139698 394.27838135
v 16.19532776 0.70514393 394.30883789
v 16.09047127 0.74291497 394.37054443
v 16.17859459 0.72642684 394.40039062
v 15.91007328 0.14853095 393.58673096
v 15.80556297 0.16607432 393.58935547
v 15.91506958 0.32788351 393.68041992
v 15.80520439 0.39125359 393.71972656
v 15.91635227 0.41103950 393.74154663
v 15.80527782 0.48867300 393.80517578
v 15.91676140 0.48786721 393.81130981
v 15.91629028 0.55668926 393.88812256
v 16.02730179 0.48179519 393.82461548
v 16.02628136 0.55027443 393.90173340
v 15.80528641 0.57594573 393.90472412
v 15.91495705 0.61695582 393.97113037
v 16.02355194 0.61024082 393.98492432
v 15.91280460 0.66792858 394.05889893
v 15.80532169 0.70611930 394.13070679
v 15.90989685 0.70918477 394.14984131
v 15.80527973 0.74773699 394.25335693
v 15.90631676 0.74061853 394.24249268
v 15.90216255 0.76241904 394.33535767
v 16.00614548 0.73328745 394.25613403
v 15.99781799 0.75497937 394.34875488
v 16.50450897 0.60613060 394.49658203
v 16.33787155 0.68200105 394.48110962
v 16.36309052 0.66133451 394.39135742
v 16.38529015 0.63153577 394.30078125
v 16.40390778 0.59242535 394.21075439
v 16.41845322 0.54410368 394.12268066
v 16.42852592 0.48697144 394.03805542
v 16.43385887 0.42172864 393.95834351
v 16.43431473 0.34889653 393.88442993
v 16.42988014 0.27006513 393.81790161
v 16.40720558 0.10003990 393.71038818
v 16.36882591 -0.07668610 393.63925171
v 16.77287865 0.42529628 394.56027222
v 16.64624596 0.52085388 394.52172852
v 16.53459167 0.57739210 394.40795898
v 16.67891502 0.48448312 394.43460083
v 16.56030464 0.53967315 394.31909180
v 16.70593452 0.43954596 394.34768677
v 16.58099747 0.49307045 394.23132324
v 16.72664070 0.38641500 394.26242065
v 16.59613800 0.43797055 394.14611816
v 16.74055290 0.32574123 394.18017578
v 16.60535049 0.37504846 394.06491089
v 16.74740982 0.25800940 394.10186768
v 16.60843658 0.30480692 393.98858643
v 16.74705315 0.18469819 394.02920532
v 16.60532188 0.22877941 393.91882324
v 16.72560883 0.02657841 393.90463257
v 16.58144951 0.06480141 393.80255127
v 16.67994499 -0.13777359 393.81149292
v 16.53723907 -0.10563926 393.72030640
v 16.53846169 -0.28216156 393.70407104
v 16.98007584 0.21381560 394.66494751
v 16.80669022 0.38199779 394.47491455
v 17.15813446 -0.07623692 394.71646118
v 17.03673172 0.09836072 394.50320435
v 17.01271057 0.15926170 394.58370972
v 16.85317802 0.27234218 394.30749512
v 16.83365631 0.33080399 394.39019775
v 17.24999619 -0.31466514 394.86517334
v 17.18566322 -0.21075553 394.56771851
v 17.05160141 0.03244223 394.42517090
v 16.86492729 0.20707932 394.22769165
v 17.29197121 -0.51940978 394.93402100
v 17.26607323 -0.44936171 394.72601318
v 17.29200363 -0.65122330 394.81420898
v 17.25239944 -0.58644527 394.61804199
v 17.18646622 -0.52321744 394.42782593
v 17.17596054 -0.35058123 394.43307495
v 17.09578705 -0.46320152 394.24819946
v 17.02324677 -0.25751835 394.15872192
v 16.98285866 -0.40843958 394.08358765
v 16.85042953 -0.35969305 393.93676758
v 16.80907631 -0.17427917 393.91632080
v 16.01333618 0.70201027 394.16366577
v 16.01919365 0.66095960 394.07275391
v 16.02656746 0.40535021 393.75442505
v 16.02409744 0.32260844 393.69277954
v 16.01431084 0.14414929 393.59774780
v 16.85270309 -0.01591659 394.02017212
v 17.05409622 -0.10973490 394.28109741
v 16.86863899 0.13644031 394.15249634
v 15.80528069 -2.26852965 393.51361084
v 16.19350815 -2.26850581 393.56472778
v 16.55528069 -2.26843572 393.71456909
v 16.86594009 -2.26832438 393.95294189
v 17.10431862 -2.26817942 394.26361084
v 17.25416946 -2.26801062 394.62536621
v 17.25416946 -2.71087646 394.59390259
v 17.25416946 -3.14475632 394.49972534
v 17.25416946 -3.56081772 394.34475708
v 17.25416946 -3.95059109 394.13217163
v 17.25416946 -4.30614138 393.86627197
v 17.25416946 -4.62023067 393.55249023
v 17.25416946 -4.88646555 393.19717407
v 17.10431862 -4.58221531 393.00143433
v 17.10431862 -4.77041674 392.65716553
v 16.86594009 -4.48789120 392.52798462
v 16.86594009 -4.60967112 392.20193481
v 16.55528069 -4.38098097 392.13467407
v 16.55528069 -4.44787598 391.82785034
v 16.19350815 -4.29956055 391.80645752
v 16.19350815 -4.32057428 391.51455688
v 15.80528069 -4.26946306 391.51452637
v 17.25416946 -5.09942532 392.80758667
v 17.10431862 -4.90770626 392.28961182
v 16.86594009 -4.68381119 391.86187744
v 16.55528069 -4.47042465 391.51461792
v 17.25416946 -5.25477552 392.39169312
v 17.10431862 -4.99128866 391.90625000
v 16.86594009 -4.70880222 391.51473999
v 17.25416946 -5.34935331 391.95788574
v 17.10431862 -5.01946211 391.51489258
v 17.25416946 -5.38123322 391.51504517
v 15.80528069 -4.21911097 391.95956421
v 16.19350815 -4.23722029 392.09237671
v 16.55528069 -4.27110147 392.42886353
v 16.86594009 -4.32095003 392.83337402
v 17.10431862 -4.34693289 393.31542969
v 15.80528069 -4.07099581 392.38220215
v 16.19350815 -4.13482141 392.36654663
v 16.55528069 -4.12047434 392.70440674
v 16.86594009 -4.11224699 393.11187744
v 17.10431862 -4.06935930 393.59274292
v 16.19350815 -3.99444985 392.62332153
v 15.80528069 -3.83254385 392.76132202
v 16.19350815 -3.81896234 392.85751343
v 15.80528069 -3.51571274 393.07785034
v 16.19350815 -3.61193156 393.06436157
v 16.19350815 -3.37757206 393.23962402
v 16.55528069 -3.45852852 393.36572266
v 16.55528069 -3.18284106 393.51608276
v 16.86594009 -3.28176546 393.73297119
v 16.86594009 -2.95561194 393.85446167
v 17.10431862 -3.04299569 394.15255737
v 17.10431862 -2.65955806 394.23577881
v 15.80528069 -3.13638949 393.31594849
v 16.19350815 -3.12065458 393.37976074
v 16.55528069 -2.88855982 393.62570190
v 16.86594009 -2.61549020 393.92828369
v 15.80528069 -2.71359491 393.46365356
v 16.19350815 -2.84640932 393.48190308
v 16.55528069 -2.58167577 393.69232178
v 16.19350815 -2.56041908 393.54397583
v 17.10431862 -3.41068625 394.01562500
v 16.86594009 -3.58731151 393.56631470
v 16.55528069 -3.71001005 393.17764282
v 17.10431862 -3.75514483 393.82772827
v 16.86594009 -3.86602998 393.35787964
v 16.55528069 -3.93216610 392.95568848
v 15.80527973 -4.27040863 389.51452637
v 17.27557182 -5.47293282 389.91574097
v 17.18638420 -5.18532181 389.82009888
v 17.04195404 -4.92134047 389.73175049
v 16.85039520 -4.69435024 389.65628052
v 16.62139130 -4.51183414 389.59542847
v 16.36466789 -4.37854481 389.55068970
v 16.08941841 -4.29763460 389.52346802
v 15.80527878 -5.01206875 388.54895020
v 15.90235806 -5.09022427 388.53485107
v 15.99909687 -5.09367704 388.54425049
v 16.09466934 -5.09935665 388.55978394
v 16.18844414 -5.10721731 388.58135986
v 16.11689186 -4.91535139 388.61822510
v 16.21694565 -4.92522144 388.64328003
v 16.13101959 -4.73832321 388.71539307
v 16.23473930 -4.75012636 388.74331665
v 16.13447762 -4.65624475 388.77789307
v 16.23888588 -4.66894436 388.80694580
v 16.13535500 -4.58041239 388.84872437
v 16.23963928 -4.59394073 388.87866211
v 16.13363457 -4.51248217 388.92633057
v 16.23698807 -4.52675247 388.95687866
v 16.12937737 -4.45299673 389.00979614
v 16.23101616 -4.46791649 389.04071045
v 16.12271118 -4.40268469 389.09768677
v 16.22189522 -4.41815376 389.12872314
v 16.11383247 -4.36196280 389.18850708
v 16.20988846 -4.37787724 389.21936035
v 16.10298920 -4.33093643 389.28073120
v 16.19532776 -4.34718990 389.31118774
v 16.09047127 -4.30941868 389.37289429
v 16.17859459 -4.32590675 389.40274048
v 15.91007328 -4.90380335 388.58908081
v 15.80556297 -4.88625908 388.59173584
v 15.91506958 -4.72445059 388.68276978
v 15.80520439 -4.66107988 388.72207642
v 15.91635227 -4.64129400 388.74392700
v 15.80527782 -4.56366062 388.80752563
v 15.91676140 -4.56446648 388.81365967
v 15.91629028 -4.49564457 388.89047241
v 16.02730179 -4.57053852 388.82696533
v 16.02628136 -4.50205898 388.90408325
v 15.80528641 -4.47638798 388.90710449
v 15.91495705 -4.43537760 388.97348022
v 16.02355194 -4.44209290 388.98727417
v 15.91280460 -4.38440514 389.06124878
v 15.80532169 -4.34621429 389.13305664
v 15.90989685 -4.34314871 389.15222168
v 15.80527973 -4.30459642 389.25570679
v 15.90631676 -4.31171513 389.24484253
v 15.90216255 -4.28991461 389.33770752
v 16.00614548 -4.31904602 389.25851440
v 15.99781799 -4.29735422 389.35110474
v 16.50450897 -4.44620323 389.49893188
v 16.33787155 -4.37033272 389.48345947
v 16.36309052 -4.39099932 389.39370728
v 16.38529015 -4.42079782 389.30316162
v 16.40390778 -4.45990849 389.21310425
v 16.41845322 -4.50822973 389.12503052
v 16.42852592 -4.56536198 389.04040527
v 16.43385887 -4.63060474 388.96069336
v 16.43431473 -4.70343733 388.88677979
v 16.42988014 -4.78226852 388.82028198
v 16.40720558 -4.95229435 388.71276855
v 16.36882591 -5.12902021 388.64160156
v 16.77287865 -4.62703753 389.56262207
v 16.64624596 -4.53147984 389.52410889
v 16.53459167 -4.47494173 389.41033936
v 16.67891502 -4.56785059 389.43695068
v 16.56030464 -4.51266050 389.32144165
v 16.70593452 -4.61278772 389.35003662
v 16.58099747 -4.55926323 389.23367310
v 16.72664070 -4.66591883 389.26477051
v 16.59613800 -4.61436319 389.14846802
v 16.74055290 -4.72659254 389.18255615
v 16.60535049 -4.67728519 389.06726074
v 16.74740982 -4.79432440 389.10421753
v 16.60843658 -4.74752665 388.99093628
v 16.74705315 -4.86763573 389.03155518
v 16.60532188 -4.82355452 388.92117310
v 16.72560883 -5.02575588 388.90698242
v 16.58144951 -4.98753262 388.80490112
v 16.67994499 -5.19010782 388.81387329
v 16.53723907 -5.15797377 388.72265625
v 16.98007584 -4.83851814 389.66729736
v 16.80669022 -4.67033577 389.47726440
v 17.15813446 -5.12857056 389.71881104
v 17.03673172 -4.95397282 389.50555420
v 17.01271057 -4.89307213 389.58605957
v 16.85317802 -4.77999163 389.30987549
v 16.83365631 -4.72152948 389.39257812
v 17.24999619 -5.36699915 389.86752319
v 17.18566322 -5.26308966 389.57006836
v 17.05160141 -5.01989174 389.42752075
v 16.86492729 -4.84525442 389.23004150
v 17.29197121 -5.57174397 389.93640137
v 17.26607323 -5.50169563 389.72836304
v 17.17596054 -5.40291548 389.43542480
v 17.02324677 -5.30985260 389.16107178
v 16.80907631 -5.22661352 388.91867065
v 16.01333618 -4.35032320 389.16601562
v 16.01919365 -4.39137411 389.07510376
v 16.02656746 -4.64698362 388.75680542
v 16.02409744 -4.72972536 388.69512939
v 16.01431084 -4.90818501 388.60009766
v 16.85270309 -5.06825066 389.02252197
v 17.05409431 -5.16206884 389.28344727
v 16.86863899 -4.91589355 389.15487671
v 15.80527973 -22.61852646 393.52310181
v 15.80527973 -22.87734985 393.55731201
v 15.80532169 -23.00001144 393.59890747
v 15.80528641 -23.22596741 393.72909546
v 15.80527782 -23.32553864 393.81637573
v 15.80520439 -23.41098785 393.91378784
v 15.80556297 -23.54133606 394.13897705
v 15.80527878 -23.58411789 394.26477051
v 15.90235806 -23.59822273 394.34292603
v 15.99909687 -23.58881569 394.34637451
v 16.09466934 -23.57327843 394.35205078
v 16.18844414 -23.55171204 394.35992432
v 16.11689186 -23.51484108 394.16806030
v 16.21694565 -23.48977280 394.17791748
v 16.13101959 -23.41767502 393.99102783
v 16.23473930 -23.38973236 394.00283813
v 16.13447762 -23.35516930 393.90893555
v 16.23888588 -23.32610321 393.92166138
v 16.13535500 -23.28433800 393.83312988
v 16.23963928 -23.25439072 393.84664917
v 16.13363457 -23.20674133 393.76519775
v 16.23698807 -23.17617607 393.77944946
v 16.12937737 -23.12326813 393.70568848
v 16.23101616 -23.09234619 393.72061157
v 16.12271118 -23.03536224 393.65539551
v 16.22189522 -23.00434875 393.67086792
v 16.11383247 -22.94454575 393.61465454
v 16.20988846 -22.91369438 393.63058472
v 16.10298920 -22.85233307 393.58364868
v 16.19532776 -22.82188034 393.59988403
v 16.09047127 -22.76015854 393.56213379
v 16.17859459 -22.73032379 393.57861328
v 16.08941841 -22.60959244 393.55035400
v 16.36466789 -22.58236694 393.63125610
v 15.91007328 -23.54397774 394.15649414
v 15.91506958 -23.45028305 393.97714233
v 15.91635227 -23.38914871 393.89401245
v 15.91676140 -23.31939888 393.81716919
v 15.91629028 -23.24257851 393.74835205
v 16.02730179 -23.30610085 393.82324219
v 16.02628136 -23.22897530 393.75476074
v 15.91495705 -23.15957069 393.68807983
v 16.02355194 -23.14578247 393.69479370
v 15.91280460 -23.07181931 393.63711548
v 15.90989685 -22.98085594 393.59585571
v 15.90631676 -22.88821220 393.56442261
v 15.90216255 -22.79535294 393.54263306
v 16.00614548 -22.87456322 393.57174683
v 15.99781799 -22.78195763 393.55004883
v 16.62139130 -22.53764915 393.76452637
v 16.50450897 -22.63412094 393.69891357
v 16.33787155 -22.64960480 393.62304688
v 16.36309052 -22.73934174 393.64370728
v 16.38529015 -22.82991219 393.67349243
v 16.40390778 -22.91996384 393.71261597
v 16.41845322 -23.00803947 393.76092529
v 16.42852592 -23.09265327 393.81805420
v 16.43385887 -23.17236710 393.88330078
v 16.43431473 -23.24629021 393.95614624
v 16.42988014 -23.31278992 394.03497314
v 16.40720558 -23.42030334 394.20498657
v 16.36882591 -23.49145317 394.38171387
v 16.85039520 -22.47679138 393.94705200
v 16.77287865 -22.57044029 393.87973022
v 16.64624596 -22.60896683 393.78417969
v 16.53459167 -22.72273636 393.72766113
v 16.67891502 -22.69610786 393.82055664
v 16.56030464 -22.81162262 393.76538086
v 16.70593452 -22.78301239 393.86547852
v 16.58099747 -22.89938927 393.81198120
v 16.72664070 -22.86828613 393.91860962
v 16.59613800 -22.98458862 393.86706543
v 16.74055290 -22.95052338 393.97930908
v 16.60535049 -23.06579781 393.92999268
v 16.74740982 -23.02883530 394.04702759
v 16.60843658 -23.14212036 394.00024414
v 16.74705315 -23.10150337 394.12033081
v 16.60532188 -23.21187592 394.07626343
v 16.72560883 -23.22607422 394.27847290
v 16.58144951 -23.32816315 394.24023438
v 16.67994499 -23.31920242 394.44281006
v 16.53723907 -23.41040993 394.41067505
v 17.04195404 -22.40130424 394.17404175
v 16.98007584 -22.46577263 394.09121704
v 16.80669022 -22.65578842 393.92303467
v 17.18638420 -22.31297493 394.43801880
v 17.15813446 -22.41424751 394.38128662
v 17.03673172 -22.62750435 394.20666504
v 17.01271057 -22.54699516 394.14578247
v 16.85317802 -22.82320023 394.03268433
v 16.83365631 -22.74049950 393.97424316
v 17.27557182 -22.21732330 394.72564697
v 17.24999619 -22.26552963 394.61968994
v 17.18566322 -22.56300163 394.51580811
v 17.05160141 -22.70553589 394.27258301
v 16.86492729 -22.90301704 394.09796143
v 17.29197121 -22.19667244 394.82446289
v 17.26607323 -22.40469742 394.75439453
v 17.17596054 -22.69762421 394.65560913
v 17.02324677 -22.97199249 394.56256104
v 16.80907631 -23.21439552 394.47930908
v 16.01333618 -22.96705055 393.60302734
v 16.01919365 -23.05796623 393.64407349
v 16.02656746 -23.37626839 393.89968872
v 16.02409744 -23.43793297 393.98242188
v 16.01431084 -23.53296280 394.16088867
v 16.85270309 -23.11053658 394.32095337
v 17.05409431 -22.84961510 394.41476440
v 16.86863899 -22.97819710 394.16860962
v 17.25416946 -20.56800842 394.63391113
v 17.10431862 -20.56817818 394.27215576
v 16.86594009 -20.56832314 393.96148682
v 16.55528069 -20.56843376 393.72311401
v 16.19350815 -20.56850433 393.57324219
v 15.80528069 -20.56852722 393.52215576
v 17.25416946 -17.45769119 391.52069092
v 17.25416946 -17.48915863 391.96356201
v 17.25416946 -17.58333015 392.39743042
v 17.25416946 -17.73829269 392.81350708
v 17.25416946 -17.95088768 393.20327759
v 17.25416946 -18.21679115 393.55883789
v 17.25416946 -18.53058815 393.87292480
v 17.25416946 -18.88588905 394.13916016
v 17.10431862 -19.08161926 393.83489990
v 17.10431862 -19.42590332 394.02310181
v 16.86594009 -19.55508804 393.74057007
v 16.86594009 -19.88112831 393.86236572
v 16.55528069 -19.94839287 393.63366699
v 16.55528069 -20.25521469 393.70056152
v 16.19350815 -20.27660942 393.55224609
v 17.25416946 -19.27546310 394.35211182
v 17.10431862 -19.79346466 394.16040039
v 16.86594009 -20.22117996 393.93649292
v 17.25416946 -19.69138145 394.50744629
v 17.10431862 -20.17682457 394.24395752
v 17.25416946 -20.12517166 394.60202026
v 15.80528069 -20.12350845 393.47180176
v 16.19350815 -19.99067688 393.48989868
v 16.55528069 -19.65421486 393.52377319
v 16.86594009 -19.24969673 393.57363892
v 17.10431862 -18.76762390 393.59960938
v 15.80528069 -19.70085335 393.32366943
v 16.19350815 -19.71652794 393.38751221
v 16.55528069 -19.37866783 393.37316895
v 16.86594009 -18.97117233 393.36492920
v 17.10431862 -18.49031067 393.32205200
v 16.19350815 -19.45974159 393.24713135
v 15.80528069 -19.32175255 393.08523560
v 16.19350815 -19.22554588 393.07165527
v 15.80528069 -19.00521660 392.76840210
v 16.19350815 -19.01870728 392.86462402
v 16.19350815 -18.84343910 392.63024902
v 16.55528069 -18.71733856 392.71121216
v 16.55528069 -18.56696892 392.43551636
v 16.86594009 -18.35008812 392.53445435
v 16.86594009 -18.22861099 392.20828247
v 17.10431862 -17.93049431 392.29568481
v 17.10431862 -17.84727097 391.91223145
v 15.80528069 -18.76711845 392.38906860
v 16.19350815 -18.70330811 392.37332153
v 16.55528069 -18.45736504 392.14123535
v 16.86594009 -18.15478897 391.86816406
v 17.10431862 -17.81946182 391.52087402
v 15.80528069 -18.61939812 391.96627808
v 16.19350815 -18.60116577 392.09909058
v 16.55528069 -18.39075661 391.83435059
v 16.86594009 -18.13012123 391.52099609
v 16.19350815 -18.53909111 391.81311035
v 15.80528069 -18.56946182 391.52120972
v 16.19350815 -18.51835060 391.52117920
v 16.55528069 -18.36849976 391.52111816
v 17.10431862 -18.06744003 392.66336060
v 16.86594009 -18.51674271 392.83999634
v 16.55528069 -18.90541267 392.96267700
v 17.10431862 -18.25532150 393.00781250
v 16.86594009 -18.72518539 393.11871338
v 16.55528069 -19.12736130 393.18484497
v -0.59471971 -23.24329376 404.73339844
v -0.59471971 -23.24909210 392.31338501
v -0.59471971 -27.96329308 404.73559570
v -0.59471971 -27.96909142 392.31561279
v -0.59471971 0.41670334 404.72235107
v -0.59471971 5.13670301 404.72015381
v -0.59471971 0.41090524 392.30233765
v -0.59471971 5.13090467 392.30014038
f 1 2 3
f 3 2 4
f 3 4 5
f 5 4 6
f 5 6 7
f 7 6 8
f 7 8 9
f 9 8 10
f 9 10 11
f 11 10 12
f 11 12 13
f 13 12 14
f 13 14 15
f 15 14 16
f 15 16 17
f 17 16 18
f 17 18 19
f 19 18 20
f 19 20 21
f 21 20 22
f 21 22 23
f 23 22 24
f 23 24 25
f 25 24 26
f 25 26 27
f 27 26 28
f 27 28 29
f 29 28 30
f 29 30 31
f 31 30 32
f 31 32 33
f 33 32 34
f 33 34 35
f 35 34 36
f 35 36 37
f 37 36 38
f 37 38 39
f 39 38 40
f 39 40 41
f 41 40 42
f 41 42 43
f 43 42 44
f 43 44 45
f 45 44 46
f 45 46 47
f 47 46 48
f 47 48 49
f 49 48 50
f 49 50 51
f 51 50 52
f 51 52 53
f 53 52 54
f 53 54 55
f 55 54 56
f 55 56 57
f 57 56 58
f 57 58 59
f 59 58 60
f 59 60 61
f 61 60 62
f 61 62 63
f 63 62 64
f 63 64 65
f 65 64 66
f 65 66 67
f 67 66 68
f 67 68 69
f 69 68 70
f 69 70 71
f 71 70 72
f 71 72 73
f 73 72 74
f 73 74 75
f 75 74 76
f 75 76 77
f 77 76 78
f 77 78 1
f 1 78 2
f 79 80 81
f 81 80 82
f 81 82 83
f 83 82 84
f 83 84 85
f 85 84 86
f 85 86 87
f 87 86 88
f 87 88 89
f 89 90 87
f 87 90 91
f 91 90 92
f 91 92 93
f 93 92 94
f 93 94 95
f 96 97 98
f 98 97 99
f 98 99 100
f 100 99 101
f 100 101 102
f 102 101 103
f 102 103 104
f 104 103 105
f 104 105 106
f 106 107 104
f 104 107 108
f 108 107 109
f 108 109 110
f 110 109 111
f 110 111 112
f 113 114 115
f 115 114 116
f 115 116 117
f 117 116 118
f 117 118 119
f 119 118 120
f 119 120 121
f 121 122 119
f 119 122 123
f 123 122 124
f 123 124 125
f 125 124 126
f 125 126 127
f 127 126 128
f 127 128 129
f 130 131 132
f 132 131 133
f 132 133 134
f 134 133 135
f 134 135 136
f 136 135 137
f 136 137 138
f 138 139 136
f 136 139 140
f 140 139 141
f 140 141 142
f 142 141 143
f 142 143 144
f 144 143 145
f 144 145 146
f 147 148 149
f 149 148 150
f 149 150 151
f 151 150 152
f 151 152 153
f 153 152 154
f 153 154 155
f 155 156 153
f 153 156 157
f 157 156 158
f 157 158 159
f 159 158 160
f 159 160 161
f 161 160 162
f 161 162 163
f 164 165 166
f 166 165 167
f 166 167 168
f 168 167 169
f 168 169 170
f 170 169 171
f 170 171 172
f 172 171 173
f 172 173 174
f 174 175 172
f 172 175 176
f 176 175 177
f 176 177 178
f 178 177 179
f 178 179 180
f 181 182 183
f 183 182 184
f 183 184 185
f 185 184 186
f 185 186 187
f 187 186 188
f 187 188 189
f 189 188 190
f 189 190 191
f 191 192 189
f 189 192 193
f 193 192 194
f 193 194 195
f 195 194 196
f 195 196 197
f 198 199 200
f 200 199 201
f 200 201 202
f 202 201 203
f 202 203 204
f 204 203 205
f 204 205 206
f 206 207 204
f 204 207 208
f 208 207 209
f 208 209 210
f 210 209 211
f 210 211 212
f 212 211 213
f 212 213 214
f 215 216 217
f 217 216 218
f 217 218 219
f 219 218 220
f 219 220 221
f 221 220 222
f 221 222 223
f 223 222 224
f 223 224 225
f 225 224 226
f 225 226 227
f 227 226 228
f 227 228 229
f 229 228 230
f 229 230 231
f 231 230 232
f 231 232 233
f 233 232 234
f 233 234 235
f 235 234 236
f 235 236 237
f 216 215 238
f 238 215 239
f 238 239 240
f 240 239 241
f 240 241 242
f 242 241 243
f 242 243 244
f 244 243 245
f 244 245 246
f 246 245 247
f 246 247 248
f 248 247 249
f 248 249 250
f 250 249 251
f 250 251 252
f 252 251 253
f 252 253 254
f 254 253 255
f 254 255 256
f 256 255 257
f 256 257 258
f 258 257 259
f 258 259 260
f 260 259 261
f 260 261 262
f 262 261 263
f 262 263 264
f 264 263 265
f 264 265 266
f 266 265 267
f 266 267 268
f 268 267 269
f 268 269 270
f 270 269 271
f 270 271 272
f 272 271 273
f 272 273 274
f 274 273 275
f 274 275 276
f 276 275 277
f 276 277 278
f 278 277 279
f 278 279 280
f 280 279 281
f 280 281 282
f 282 281 283
f 282 283 284
f 284 283 285
f 284 285 286
f 286 285 235
f 286 235 237
f 234 287 236
f 236 287 288
f 236 288 289
f 234 290 287
f 291 270 292
f 292 270 272
f 292 272 293
f 293 272 274
f 293 274 294
f 294 274 295
f 295 274 276
f 295 276 296
f 296 276 278
f 296 278 297
f 297 278 280
f 297 280 298
f 298 280 282
f 298 282 299
f 299 282 300
f 300 282 284
f 300 284 301
f 301 284 286
f 301 286 302
f 302 286 237
f 302 237 303
f 270 291 268
f 268 291 304
f 268 304 266
f 266 304 305
f 266 305 264
f 264 305 306
f 264 306 307
f 264 307 262
f 262 307 308
f 262 308 260
f 260 308 309
f 260 309 258
f 258 309 310
f 258 310 256
f 256 310 311
f 256 311 312
f 256 312 254
f 254 312 313
f 254 313 252
f 252 313 314
f 252 314 250
f 250 314 315
f 250 315 248
f 248 315 316
f 248 316 246
f 246 316 317
f 246 317 318
f 246 318 244
f 244 318 319
f 244 319 242
f 242 319 320
f 242 320 240
f 240 320 321
f 240 321 238
f 238 321 322
f 238 322 216
f 216 322 323
f 216 323 324
f 216 324 218
f 218 324 325
f 218 325 220
f 220 325 326
f 220 326 222
f 222 326 327
f 222 327 224
f 224 327 328
f 224 328 226
f 226 328 329
f 226 329 330
f 226 330 228
f 228 330 331
f 228 331 230
f 230 331 332
f 230 332 232
f 232 332 333
f 232 333 234
f 234 333 290
f 334 335 292
f 292 335 291
f 291 335 336
f 291 336 304
f 304 336 337
f 304 337 305
f 305 337 338
f 305 338 306
f 306 338 339
f 306 339 307
f 307 339 340
f 307 340 308
f 308 340 341
f 308 341 309
f 309 341 342
f 309 342 310
f 310 342 343
f 310 343 311
f 311 343 344
f 311 344 312
f 312 344 345
f 312 345 313
f 313 345 346
f 313 346 314
f 314 346 347
f 314 347 315
f 315 347 348
f 315 348 316
f 316 348 349
f 316 349 317
f 317 349 350
f 317 350 318
f 318 350 351
f 318 351 319
f 319 351 352
f 319 352 320
f 320 352 353
f 320 353 321
f 321 353 354
f 321 354 322
f 322 354 355
f 322 355 323
f 323 355 356
f 323 356 324
f 324 356 357
f 324 357 325
f 325 357 358
f 325 358 326
f 326 358 359
f 326 359 327
f 327 359 360
f 327 360 328
f 328 360 361
f 328 361 329
f 329 361 362
f 329 362 330
f 330 362 363
f 330 363 331
f 331 363 364
f 331 364 332
f 332 364 365
f 332 365 333
f 333 365 366
f 333 366 290
f 290 366 367
f 290 367 287
f 287 367 288
f 288 367 289
f 368 335 369
f 369 335 334
f 369 334 370
f 370 334 371
f 370 371 372
f 372 371 373
f 372 373 374
f 374 373 375
f 374 375 376
f 376 375 377
f 376 377 378
f 378 377 379
f 378 379 380
f 380 379 381
f 380 381 382
f 382 381 383
f 382 383 384
f 384 383 385
f 384 385 386
f 386 385 387
f 386 387 388
f 388 387 389
f 388 389 367
f 335 368 336
f 336 368 390
f 336 390 337
f 337 390 391
f 337 391 338
f 338 391 392
f 338 392 339
f 339 392 393
f 339 393 340
f 340 393 394
f 340 394 341
f 341 394 395
f 341 395 342
f 342 395 396
f 342 396 343
f 343 396 397
f 343 397 344
f 344 397 398
f 344 398 345
f 345 398 399
f 345 399 346
f 346 399 400
f 346 400 347
f 347 400 401
f 347 401 348
f 348 401 402
f 348 402 349
f 349 402 403
f 349 403 350
f 350 403 404
f 350 404 351
f 351 404 405
f 351 405 352
f 352 405 406
f 352 406 353
f 353 406 407
f 353 407 354
f 354 407 408
f 354 408 355
f 355 408 409
f 355 409 356
f 356 409 410
f 356 410 357
f 357 410 411
f 357 411 358
f 358 411 412
f 358 412 359
f 359 412 413
f 359 413 360
f 360 413 414
f 360 414 361
f 361 414 415
f 361 415 362
f 362 415 416
f 362 416 363
f 363 416 417
f 363 417 364
f 364 417 418
f 364 418 365
f 365 418 419
f 365 419 366
f 366 419 420
f 366 420 421
f 366 421 367
f 367 421 388
f 302 303 389
f 389 303 422
f 389 422 423
f 423 289 389
f 389 289 367
f 389 387 302
f 302 387 301
f 301 387 385
f 301 385 300
f 300 385 383
f 300 383 299
f 299 383 381
f 299 381 298
f 298 381 379
f 298 379 297
f 297 379 377
f 297 377 296
f 296 377 375
f 296 375 295
f 295 375 373
f 295 373 294
f 294 373 371
f 294 371 293
f 293 371 334
f 293 334 292
f 303 237 422
f 422 237 236
f 422 236 423
f 423 236 289
f 215 217 424
f 424 217 219
f 424 219 425
f 425 219 221
f 425 221 426
f 426 221 223
f 426 223 225
f 426 225 427
f 427 225 227
f 427 227 229
f 427 229 428
f 428 229 231
f 428 231 429
f 429 231 233
f 429 233 235
f 429 235 430
f 430 235 285
f 430 285 431
f 431 285 283
f 431 283 281
f 431 281 432
f 432 281 279
f 432 279 277
f 432 277 433
f 433 277 275
f 433 275 434
f 434 275 273
f 434 273 271
f 434 271 435
f 435 271 269
f 435 269 436
f 436 269 267
f 436 267 265
f 436 265 437
f 437 265 263
f 437 263 438
f 438 263 261
f 438 261 259
f 438 259 439
f 439 259 257
f 439 257 255
f 439 255 440
f 440 255 253
f 440 253 441
f 441 253 251
f 441 251 249
f 441 249 442
f 442 249 247
f 442 247 443
f 443 247 245
f 443 245 243
f 443 243 444
f 444 243 241
f 444 241 239
f 444 239 445
f 445 239 215
f 445 215 424
f 436 446 435
f 435 446 447
f 435 447 434
f 434 447 448
f 434 448 433
f 433 448 449
f 433 449 432
f 432 449 450
f 432 450 431
f 431 450 451
f 431 451 430
f 430 451 452
f 430 452 429
f 429 452 453
f 429 453 428
f 428 453 454
f 428 454 427
f 427 454 455
f 427 455 426
f 426 455 456
f 426 456 425
f 425 456 457
f 425 457 424
f 424 457 458
f 424 458 445
f 445 458 459
f 445 459 444
f 444 459 460
f 444 460 443
f 443 460 461
f 443 461 442
f 442 461 462
f 442 462 441
f 441 462 463
f 441 463 440
f 440 463 464
f 440 464 439
f 439 464 465
f 439 465 438
f 438 465 466
f 438 466 437
f 437 466 467
f 437 467 436
f 436 467 446
f 468 469 463
f 463 469 470
f 463 470 464
f 464 470 471
f 464 471 465
f 465 471 472
f 465 472 466
f 466 472 473
f 466 473 467
f 467 473 474
f 467 474 446
f 446 474 475
f 446 475 447
f 447 475 476
f 447 476 448
f 448 476 477
f 448 477 449
f 449 477 478
f 449 478 450
f 450 478 479
f 450 479 451
f 451 479 480
f 451 480 452
f 452 480 481
f 452 481 482
f 452 482 453
f 453 482 483
f 453 483 454
f 454 483 484
f 454 484 455
f 455 484 485
f 455 485 456
f 456 485 486
f 456 486 457
f 457 486 487
f 457 487 458
f 458 487 488
f 458 488 459
f 459 488 489
f 459 489 460
f 460 489 490
f 460 490 461
f 461 490 491
f 461 491 462
f 462 491 468
f 462 468 463
f 492 493 469
f 469 493 494
f 469 494 495
f 495 494 496
f 496 494 497
f 496 497 498
f 498 497 499
f 499 497 500
f 499 500 501
f 501 500 502
f 502 500 503
f 502 503 504
f 504 503 505
f 505 503 506
f 505 506 507
f 507 506 508
f 507 508 473
f 473 508 509
f 473 509 474
f 474 509 510
f 474 510 511
f 474 511 475
f 475 511 512
f 475 512 476
f 476 512 513
f 476 513 514
f 476 514 477
f 477 514 515
f 477 515 478
f 478 515 516
f 478 516 517
f 478 517 479
f 479 517 518
f 479 518 519
f 520 521 519
f 519 521 522
f 519 522 479
f 479 522 480
f 480 522 523
f 480 523 481
f 481 523 524
f 481 524 525
f 526 527 520
f 520 527 528
f 520 528 521
f 529 530 526
f 526 530 531
f 526 531 527
f 532 533 529
f 529 533 534
f 529 534 530
f 535 483 532
f 532 483 536
f 532 536 533
f 535 537 483
f 483 537 484
f 484 537 538
f 484 538 539
f 484 539 485
f 485 539 540
f 485 540 486
f 486 540 541
f 486 541 542
f 486 542 487
f 487 542 543
f 487 543 488
f 488 543 544
f 488 544 545
f 488 545 489
f 489 545 546
f 489 546 547
f 547 546 548
f 547 548 549
f 549 548 550
f 549 550 551
f 551 550 552
f 552 550 553
f 552 553 554
f 554 553 555
f 555 553 556
f 555 556 557
f 557 556 558
f 558 556 492
f 558 492 559
f 559 492 469
f 559 469 468
f 559 468 560
f 560 468 491
f 560 491 561
f 561 491 562
f 562 491 490
f 562 490 547
f 547 490 489
f 483 482 536
f 536 482 525
f 525 482 481
f 473 472 507
f 507 472 563
f 563 472 471
f 563 471 564
f 564 471 565
f 565 471 470
f 565 470 495
f 495 470 469
f 492 566 493
f 493 566 567
f 493 567 494
f 494 567 568
f 494 568 497
f 497 568 569
f 497 569 500
f 500 569 570
f 500 570 503
f 503 570 571
f 503 571 506
f 506 571 572
f 506 572 508
f 508 572 573
f 508 573 509
f 509 573 574
f 509 574 510
f 510 574 575
f 510 575 511
f 511 575 576
f 511 576 512
f 512 576 577
f 512 577 513
f 513 577 578
f 513 578 514
f 514 578 579
f 514 579 515
f 515 579 580
f 515 580 516
f 516 580 581
f 516 581 517
f 517 581 582
f 517 582 518
f 518 582 583
f 518 583 519
f 519 583 584
f 519 584 520
f 520 584 585
f 520 585 526
f 526 585 586
f 526 586 529
f 529 586 587
f 529 587 532
f 532 587 588
f 532 588 535
f 535 588 589
f 535 589 537
f 537 589 590
f 537 590 538
f 538 590 591
f 538 591 539
f 539 591 592
f 539 592 540
f 540 592 593
f 540 593 541
f 541 593 594
f 541 594 542
f 542 594 595
f 542 595 596
f 566 492 597
f 597 492 556
f 597 556 598
f 598 556 553
f 598 553 599
f 599 553 550
f 599 550 600
f 600 550 548
f 600 548 601
f 601 548 546
f 601 546 602
f 602 546 545
f 602 545 603
f 603 545 544
f 603 544 604
f 604 544 543
f 604 543 596
f 596 543 542
f 575 40 576
f 576 40 38
f 576 38 577
f 577 38 36
f 577 36 578
f 578 36 34
f 578 34 579
f 579 34 32
f 579 32 580
f 580 32 30
f 580 30 581
f 581 30 28
f 581 28 582
f 582 28 26
f 582 26 583
f 583 26 24
f 583 24 584
f 584 24 22
f 584 22 585
f 585 22 20
f 585 20 586
f 586 20 18
f 586 18 587
f 587 18 16
f 587 16 588
f 588 16 14
f 588 14 589
f 589 14 12
f 589 12 590
f 590 12 10
f 590 10 591
f 591 10 8
f 591 8 592
f 592 8 6
f 592 6 593
f 593 6 4
f 593 4 594
f 594 4 2
f 594 2 595
f 595 2 78
f 595 78 596
f 596 78 76
f 596 76 604
f 604 76 74
f 604 74 603
f 603 74 72
f 603 72 602
f 602 72 70
f 602 70 601
f 601 70 68
f 601 68 600
f 600 68 66
f 600 66 599
f 599 66 64
f 599 64 598
f 598 64 62
f 598 62 597
f 597 62 60
f 597 60 566
f 566 60 58
f 566 58 567
f 567 58 56
f 567 56 568
f 568 56 54
f 568 54 569
f 569 54 52
f 569 52 570
f 570 52 50
f 570 50 571
f 571 50 48
f 571 48 572
f 572 48 46
f 572 46 573
f 573 46 44
f 573 44 574
f 574 44 42
f 574 42 575
f 575 42 40
f 605 606 607
f 607 606 608
f 607 608 609
f 606 605 610
f 610 605 611
f 610 611 612
f 612 611 613
f 612 613 614
f 614 613 615
f 614 615 616
f 616 615 617
f 616 617 618
f 618 617 619
f 618 619 620
f 620 619 621
f 620 621 622
f 622 621 623
f 622 623 624
f 624 623 625
f 624 625 626
f 626 625 627
f 626 627 628
f 628 627 629
f 628 629 630
f 630 629 631
f 630 631 632
f 632 631 633
f 632 633 634
f 634 633 635
f 634 635 636
f 636 635 637
f 636 637 638
f 638 637 639
f 638 639 640
f 640 639 641
f 640 641 642
f 642 641 643
f 642 643 644
f 644 643 645
f 644 645 646
f 646 645 647
f 646 647 648
f 648 647 649
f 648 649 650
f 650 649 651
f 650 651 652
f 652 651 653
f 652 653 654
f 654 653 655
f 654 655 656
f 656 655 657
f 656 657 658
f 658 657 659
f 658 659 660
f 660 659 661
f 660 661 662
f 662 661 663
f 662 663 664
f 664 663 665
f 664 665 666
f 666 665 667
f 666 667 668
f 668 667 669
f 668 669 670
f 670 669 671
f 670 671 672
f 672 671 673
f 672 673 674
f 674 673 675
f 674 675 676
f 676 675 677
f 676 677 678
f 678 677 679
f 678 679 680
f 680 679 681
f 680 681 682
f 682 681 683
f 682 683 684
f 684 683 685
f 684 685 686
f 686 685 687
f 686 687 688
f 688 687 689
f 688 689 690
f 690 689 691
f 690 691 692
f 692 691 693
f 692 693 694
f 694 693 695
f 694 695 696
f 696 695 697
f 696 697 698
f 698 697 699
f 698 699 700
f 700 699 701
f 700 701 702
f 702 701 703
f 702 703 704
f 704 703 705
f 704 705 706
f 706 705 707
f 706 707 708
f 708 707 709
f 708 709 710
f 710 709 711
f 710 711 712
f 712 711 713
f 712 713 714
f 714 713 715
f 714 715 716
f 716 715 717
f 716 717 718
f 718 717 719
f 718 719 720
f 720 719 721
f 720 721 722
f 722 721 723
f 722 723 724
f 724 723 725
f 724 725 726
f 726 725 727
f 726 727 728
f 728 727 729
f 728 729 730
f 730 729 731
f 730 731 609
f 609 731 732
f 609 732 607
f 704 733 702
f 702 733 734
f 702 734 700
f 700 734 735
f 700 735 698
f 698 735 736
f 698 736 696
f 696 736 737
f 696 737 694
f 694 737 738
f 694 738 692
f 692 738 739
f 692 739 690
f 690 739 740
f 690 740 688
f 688 740 741
f 688 741 686
f 686 741 742
f 686 742 684
f 684 742 743
f 684 743 682
f 682 743 744
f 682 744 680
f 680 744 745
f 680 745 678
f 678 745 746
f 678 746 676
f 676 746 747
f 676 747 674
f 674 747 748
f 674 748 672
f 672 748 749
f 672 749 670
f 670 749 750
f 670 750 668
f 668 750 751
f 668 751 666
f 666 751 752
f 666 752 664
f 664 752 753
f 664 753 662
f 662 753 754
f 662 754 660
f 660 754 755
f 660 755 658
f 658 755 756
f 658 756 656
f 656 756 757
f 656 757 654
f 654 757 758
f 654 758 652
f 652 758 759
f 652 759 650
f 650 759 760
f 650 760 648
f 648 760 761
f 648 761 646
f 646 761 762
f 646 762 644
f 644 762 763
f 644 763 642
f 642 763 764
f 642 764 640
f 640 764 765
f 640 765 638
f 638 765 766
f 638 766 636
f 636 766 767
f 636 767 634
f 634 767 768
f 634 768 632
f 632 768 769
f 632 769 630
f 630 769 770
f 630 770 628
f 628 770 771
f 628 771 626
f 626 771 772
f 626 772 624
f 624 772 773
f 624 773 622
f 622 773 774
f 622 774 620
f 620 774 775
f 620 775 618
f 618 775 776
f 618 776 616
f 616 776 777
f 616 777 614
f 614 777 778
f 614 778 612
f 612 778 779
f 612 779 610
f 610 779 780
f 610 780 606
f 606 780 781
f 606 781 608
f 608 781 782
f 608 782 609
f 609 782 783
f 609 783 730
f 730 783 784
f 730 784 728
f 728 784 785
f 728 785 726
f 726 785 786
f 726 786 724
f 724 786 787
f 724 787 722
f 722 787 788
f 722 788 720
f 720 788 789
f 720 789 718
f 718 789 790
f 718 790 716
f 716 790 791
f 716 791 714
f 714 791 792
f 714 792 712
f 712 792 793
f 712 793 710
f 710 793 794
f 710 794 708
f 708 794 795
f 708 795 706
f 706 795 796
f 706 796 704
f 704 796 733
f 797 783 798
f 798 783 782
f 798 782 799
f 799 782 781
f 799 781 800
f 800 781 780
f 800 780 801
f 801 780 779
f 801 779 802
f 802 779 778
f 802 778 803
f 803 778 777
f 803 777 804
f 804 777 776
f 804 776 805
f 805 776 775
f 805 775 806
f 806 775 774
f 806 774 807
f 807 774 773
f 807 773 808
f 808 773 772
f 808 772 809
f 809 772 771
f 809 771 810
f 810 771 770
f 810 770 811
f 811 770 769
f 811 769 812
f 812 769 768
f 812 768 813
f 813 768 767
f 813 767 814
f 814 767 766
f 814 766 815
f 815 766 765
f 815 765 816
f 816 765 764
f 816 764 817
f 817 764 763
f 817 763 818
f 818 763 762
f 818 762 819
f 819 762 761
f 819 761 820
f 820 761 760
f 820 760 821
f 821 760 759
f 821 759 822
f 822 759 758
f 822 758 823
f 823 758 757
f 823 757 824
f 824 757 756
f 824 756 825
f 825 756 755
f 825 755 826
f 826 755 754
f 826 754 827
f 827 754 753
f 827 753 828
f 828 753 752
f 828 752 829
f 829 752 751
f 829 751 830
f 830 751 750
f 830 750 831
f 831 750 749
f 831 749 832
f 832 749 748
f 832 748 833
f 833 748 747
f 833 747 834
f 834 747 746
f 834 746 835
f 835 746 745
f 835 745 836
f 836 745 744
f 836 744 837
f 837 744 743
f 837 743 838
f 838 743 742
f 838 742 839
f 839 742 741
f 839 741 840
f 840 741 740
f 840 740 841
f 841 740 739
f 841 739 842
f 842 739 738
f 842 738 843
f 843 738 737
f 843 737 844
f 844 737 736
f 844 736 845
f 845 736 735
f 845 735 846
f 846 735 734
f 846 734 847
f 847 734 733
f 847 733 848
f 848 733 796
f 848 796 849
f 849 796 795
f 849 795 850
f 850 795 794
f 850 794 851
f 851 794 793
f 851 793 852
f 852 793 792
f 852 792 853
f 853 792 791
f 853 791 854
f 854 791 790
f 854 790 855
f 855 790 789
f 855 789 856
f 856 789 788
f 856 788 857
f 857 788 787
f 857 787 858
f 858 787 786
f 858 786 859
f 859 786 785
f 859 785 860
f 860 785 784
f 860 784 797
f 797 784 783
f 799 861 798
f 798 861 862
f 798 862 863
f 861 799 864
f 864 799 800
f 864 800 865
f 865 800 866
f 865 866 867
f 867 866 868
f 867 868 869
f 869 868 870
f 869 870 871
f 871 870 872
f 871 872 873
f 873 872 874
f 873 874 400
f 400 874 401
f 401 874 875
f 401 875 402
f 402 875 876
f 402 876 403
f 403 876 877
f 403 877 404
f 404 877 878
f 404 878 879
f 879 878 880
f 879 880 881
f 881 880 806
f 881 806 807
f 866 800 882
f 882 800 801
f 882 801 883
f 883 801 884
f 884 801 802
f 884 802 885
f 885 802 803
f 885 803 886
f 886 803 887
f 887 803 804
f 887 804 888
f 888 804 805
f 888 805 889
f 889 805 806
f 889 806 880
f 881 807 890
f 890 807 808
f 890 808 891
f 891 808 809
f 891 809 892
f 892 809 893
f 893 809 810
f 893 810 894
f 894 810 895
f 895 810 811
f 895 811 896
f 896 811 812
f 896 812 897
f 897 812 898
f 897 898 899
f 899 898 900
f 899 900 901
f 901 900 902
f 901 902 903
f 903 902 904
f 903 904 905
f 905 904 906
f 905 906 409
f 409 906 907
f 409 907 410
f 410 907 908
f 410 908 411
f 411 908 909
f 411 909 910
f 910 909 911
f 910 911 912
f 912 911 913
f 912 913 914
f 914 913 915
f 914 915 916
f 916 915 917
f 916 917 918
f 918 917 816
f 918 816 919
f 919 816 817
f 919 817 920
f 920 817 818
f 920 818 921
f 921 818 922
f 922 818 819
f 922 819 923
f 923 819 924
f 924 819 820
f 924 820 925
f 925 820 821
f 925 821 926
f 926 821 822
f 926 822 927
f 927 822 928
f 928 822 823
f 928 823 929
f 929 823 824
f 929 824 930
f 930 824 825
f 930 825 931
f 931 825 932
f 932 825 826
f 932 826 933
f 933 826 827
f 933 827 934
f 934 827 935
f 935 827 828
f 935 828 936
f 936 828 937
f 936 937 938
f 898 812 939
f 939 812 813
f 939 813 940
f 940 813 814
f 940 814 941
f 941 814 942
f 942 814 815
f 942 815 943
f 943 815 816
f 943 816 917
f 937 828 944
f 944 828 829
f 944 829 945
f 945 829 830
f 945 830 946
f 946 830 947
f 947 830 831
f 947 831 948
f 948 831 949
f 949 831 832
f 949 832 950
f 950 832 951
f 951 832 833
f 951 833 952
f 952 833 953
f 953 833 834
f 953 834 954
f 954 834 835
f 954 835 955
f 955 835 956
f 956 835 836
f 956 836 957
f 957 836 837
f 957 837 958
f 958 837 838
f 958 838 959
f 959 838 960
f 959 960 961
f 838 839 960
f 960 839 962
f 962 839 840
f 962 840 963
f 963 840 841
f 963 841 964
f 964 841 965
f 965 841 842
f 965 842 966
f 966 842 967
f 967 842 843
f 967 843 968
f 968 843 844
f 968 844 969
f 969 844 970
f 969 970 971
f 971 970 972
f 971 972 973
f 973 972 974
f 973 974 975
f 975 974 976
f 975 976 977
f 977 976 370
f 977 370 372
f 970 844 978
f 978 844 845
f 978 845 979
f 979 845 980
f 980 845 846
f 980 846 981
f 981 846 847
f 981 847 982
f 982 847 983
f 983 847 848
f 983 848 984
f 984 848 985
f 984 985 986
f 985 848 987
f 987 848 849
f 987 849 988
f 988 849 850
f 988 850 989
f 989 850 990
f 990 850 851
f 990 851 991
f 991 851 992
f 992 851 852
f 992 852 993
f 993 852 853
f 993 853 994
f 994 853 854
f 994 854 995
f 995 854 996
f 996 854 855
f 996 855 997
f 997 855 856
f 997 856 998
f 998 856 857
f 998 857 999
f 999 857 1000
f 1000 857 858
f 1000 858 1001
f 1001 858 859
f 1001 859 1002
f 1002 859 1003
f 1003 859 860
f 1003 860 1004
f 1004 860 1005
f 1004 1005 1006
f 860 797 1005
f 1005 797 1007
f 1007 797 863
f 863 797 798
f 370 1008 369
f 369 1008 1009
f 369 1009 1010
f 374 1011 372
f 372 1011 1012
f 372 1012 977
f 1011 374 1013
f 1013 374 376
f 1013 376 1014
f 1014 376 378
f 1014 378 961
f 961 378 380
f 961 380 1015
f 1015 380 1016
f 1016 380 382
f 1016 382 1017
f 1017 382 384
f 1017 384 1018
f 1018 384 386
f 1018 386 1019
f 1019 386 388
f 1019 388 1020
f 1020 388 1021
f 1021 388 421
f 1021 421 1022
f 1022 421 420
f 1022 420 1023
f 1023 420 1024
f 1023 1024 1025
f 420 419 1024
f 1024 419 1026
f 1026 419 418
f 1026 418 1027
f 1027 418 417
f 1027 417 1028
f 1028 417 416
f 1028 416 1029
f 1029 416 1030
f 1029 1030 927
f 927 1030 926
f 416 415 1030
f 1030 415 1031
f 1031 415 414
f 1031 414 1032
f 1032 414 413
f 1032 413 1033
f 1033 413 412
f 1033 412 1034
f 1034 412 910
f 910 412 411
f 409 408 905
f 905 408 1035
f 1035 408 1036
f 1036 408 407
f 1036 407 1037
f 1037 407 406
f 1037 406 1038
f 1038 406 405
f 1038 405 879
f 879 405 404
f 873 400 1039
f 1039 400 399
f 1039 399 1040
f 1040 399 398
f 1040 398 1041
f 1041 398 1042
f 1041 1042 1043
f 398 397 1042
f 1042 397 1044
f 1044 397 396
f 1044 396 1045
f 1045 396 395
f 1045 395 1046
f 1046 395 394
f 1046 394 1047
f 1047 394 1048
f 1047 1048 995
f 995 1048 994
f 394 393 1048
f 1048 393 1049
f 1049 393 392
f 1049 392 1050
f 1050 392 391
f 1050 391 1051
f 1051 391 390
f 1051 390 1052
f 1052 390 1053
f 1053 390 368
f 1053 368 1054
f 1054 368 1010
f 1010 368 369
f 1055 1056 1057
f 1057 1056 1058
f 1057 1058 1059
f 1059 1058 1060
f 1059 1060 950
f 950 1060 949
f 1056 1055 1020
f 1020 1055 1019
f 1015 959 961
f 984 986 1061
f 1061 986 1062
f 1061 1062 1063
f 1063 1062 1064
f 1063 1064 1054
f 1054 1064 1053
f 1065 1066 1067
f 1067 1066 1068
f 1067 1068 1043
f 1043 1068 1041
f 1066 1065 1006
f 1006 1065 1004
f 1023 1025 1069
f 1069 1025 1070
f 1069 1070 1071
f 1071 1070 1072
f 1071 1072 938
f 938 1072 936
f 976 1008 370
f 1073 1055 1074
f 1074 1055 1057
f 1074 1057 1075
f 1075 1057 1059
f 1075 1059 1076
f 1076 1059 950
f 1076 950 1077
f 1077 950 951
f 1077 951 1078
f 1078 951 952
f 1078 952 1079
f 1079 952 953
f 1079 953 1080
f 1080 953 954
f 1080 954 1081
f 1081 954 955
f 1081 955 1082
f 1082 955 956
f 1082 956 1083
f 1083 956 957
f 1083 957 1084
f 1084 957 958
f 1084 958 1085
f 1085 958 959
f 1085 959 1086
f 1086 959 1015
f 1086 1015 1087
f 1087 1015 1016
f 1087 1016 1088
f 1088 1016 1017
f 1088 1017 1089
f 1089 1017 1018
f 1089 1018 1090
f 1090 1018 1019
f 1090 1019 1073
f 1073 1019 1055
f 1091 96 1078
f 1078 96 98
f 1078 98 1077
f 1077 98 100
f 1077 100 1076
f 1076 100 102
f 1076 102 1075
f 1075 102 104
f 1075 104 1074
f 1074 104 108
f 1074 108 1073
f 1073 108 110
f 1073 110 112
f 1073 112 1090
f 1090 112 1092
f 1090 1092 1089
f 1089 1092 1093
f 1089 1093 1088
f 1088 1093 1094
f 1088 1094 1087
f 1087 1094 1095
f 1087 1095 1086
f 1086 1095 1096
f 1086 1096 1085
f 1085 1096 1097
f 1085 1097 1084
f 1084 1097 1098
f 1084 1098 1099
f 1084 1099 1083
f 1083 1099 1100
f 1083 1100 1082
f 1082 1100 1101
f 1082 1101 1081
f 1081 1101 1102
f 1081 1102 1080
f 1080 1102 1103
f 1080 1103 1079
f 1079 1103 1091
f 1079 1091 1078
f 1104 1011 1105
f 1105 1011 1013
f 1105 1013 1106
f 1106 1013 1014
f 1106 1014 1107
f 1107 1014 961
f 1107 961 1108
f 1108 961 960
f 1108 960 1109
f 1109 960 962
f 1109 962 1110
f 1110 962 963
f 1110 963 1111
f 1111 963 964
f 1111 964 1112
f 1112 964 965
f 1112 965 1113
f 1113 965 966
f 1113 966 1114
f 1114 966 967
f 1114 967 1115
f 1115 967 968
f 1115 968 1116
f 1116 968 969
f 1116 969 1117
f 1117 969 971
f 1117 971 1118
f 1118 971 973
f 1118 973 1119
f 1119 973 975
f 1119 975 1120
f 1120 975 977
f 1120 977 1121
f 1121 977 1012
f 1121 1012 1104
f 1104 1012 1011
f 1122 1105 214
f 214 1105 1106
f 214 1106 212
f 212 1106 1107
f 212 1107 210
f 210 1107 208
f 208 1107 1108
f 208 1108 204
f 204 1108 1109
f 204 1109 202
f 202 1109 1110
f 202 1110 200
f 200 1110 1111
f 200 1111 198
f 198 1111 1112
f 198 1112 1123
f 1123 1112 1113
f 1123 1113 1124
f 1124 1113 1125
f 1125 1113 1114
f 1125 1114 1126
f 1126 1114 1115
f 1126 1115 1127
f 1127 1115 1116
f 1127 1116 1128
f 1128 1116 1117
f 1128 1117 1129
f 1129 1117 1118
f 1129 1118 1130
f 1130 1118 1119
f 1130 1119 1131
f 1131 1119 1132
f 1132 1119 1120
f 1132 1120 1133
f 1133 1120 1121
f 1133 1121 1134
f 1134 1121 1104
f 1134 1104 1122
f 1122 1104 1105
f 1135 1049 1136
f 1136 1049 1050
f 1136 1050 1137
f 1137 1050 1051
f 1137 1051 1138
f 1138 1051 1052
f 1138 1052 1139
f 1139 1052 1053
f 1139 1053 1140
f 1140 1053 1064
f 1140 1064 1141
f 1141 1064 1062
f 1141 1062 1142
f 1142 1062 986
f 1142 986 1143
f 1143 986 985
f 1143 985 1144
f 1144 985 987
f 1144 987 1145
f 1145 987 988
f 1145 988 1146
f 1146 988 989
f 1146 989 1147
f 1147 989 990
f 1147 990 1148
f 1148 990 991
f 1148 991 1149
f 1149 991 992
f 1149 992 1150
f 1150 992 993
f 1150 993 1151
f 1151 993 994
f 1151 994 1152
f 1152 994 1048
f 1152 1048 1135
f 1135 1048 1049
f 1153 1138 197
f 197 1138 1139
f 197 1139 195
f 195 1139 1140
f 195 1140 193
f 193 1140 1141
f 193 1141 189
f 189 1141 1142
f 189 1142 187
f 187 1142 185
f 185 1142 1143
f 185 1143 183
f 183 1143 1144
f 183 1144 181
f 181 1144 1145
f 181 1145 1154
f 1154 1145 1146
f 1154 1146 1155
f 1155 1146 1147
f 1155 1147 1156
f 1156 1147 1157
f 1157 1147 1148
f 1157 1148 1158
f 1158 1148 1149
f 1158 1149 1159
f 1159 1149 1150
f 1159 1150 1160
f 1160 1150 1151
f 1160 1151 1161
f 1161 1151 1152
f 1161 1152 1162
f 1162 1152 1135
f 1162 1135 1163
f 1163 1135 1136
f 1163 1136 1164
f 1164 1136 1165
f 1165 1136 1137
f 1165 1137 1153
f 1153 1137 1138
f 1166 1065 1167
f 1167 1065 1067
f 1167 1067 1168
f 1168 1067 1043
f 1168 1043 1169
f 1169 1043 1042
f 1169 1042 1170
f 1170 1042 1044
f 1170 1044 1171
f 1171 1044 1045
f 1171 1045 1172
f 1172 1045 1046
f 1172 1046 1173
f 1173 1046 1047
f 1173 1047 1174
f 1174 1047 995
f 1174 995 1175
f 1175 995 996
f 1175 996 1176
f 1176 996 997
f 1176 997 1177
f 1177 997 998
f 1177 998 1178
f 1178 998 999
f 1178 999 1179
f 1179 999 1000
f 1179 1000 1180
f 1180 1000 1001
f 1180 1001 1181
f 1181 1001 1002
f 1181 1002 1182
f 1182 1002 1003
f 1182 1003 1183
f 1183 1003 1004
f 1183 1004 1166
f 1166 1004 1065
f 1184 1171 146
f 146 1171 1172
f 146 1172 144
f 144 1172 1173
f 144 1173 142
f 142 1173 1174
f 142 1174 140
f 140 1174 1175
f 140 1175 136
f 136 1175 1176
f 136 1176 134
f 134 1176 132
f 132 1176 1177
f 132 1177 130
f 130 1177 1178
f 130 1178 1185
f 1185 1178 1179
f 1185 1179 1186
f 1186 1179 1180
f 1186 1180 1187
f 1187 1180 1181
f 1187 1181 1188
f 1188 1181 1182
f 1188 1182 1189
f 1189 1182 1190
f 1190 1182 1183
f 1190 1183 1191
f 1191 1183 1166
f 1191 1166 1192
f 1192 1166 1167
f 1192 1167 1193
f 1193 1167 1168
f 1193 1168 1194
f 1194 1168 1169
f 1194 1169 1195
f 1195 1169 1170
f 1195 1170 1196
f 1196 1170 1171
f 1196 1171 1184
f 1197 887 1198
f 1198 887 888
f 1198 888 1199
f 1199 888 889
f 1199 889 1200
f 1200 889 880
f 1200 880 1201
f 1201 880 878
f 1201 878 1202
f 1202 878 877
f 1202 877 1203
f 1203 877 876
f 1203 876 1204
f 1204 876 875
f 1204 875 1205
f 1205 875 874
f 1205 874 1206
f 1206 874 872
f 1206 872 1207
f 1207 872 870
f 1207 870 1208
f 1208 870 868
f 1208 868 1209
f 1209 868 866
f 1209 866 1210
f 1210 866 882
f 1210 882 1211
f 1211 882 883
f 1211 883 1212
f 1212 883 884
f 1212 884 1213
f 1213 884 885
f 1213 885 1214
f 1214 885 886
f 1214 886 1197
f 1197 886 887
f 1215 1205 95
f 95 1205 1206
f 95 1206 93
f 93 1206 91
f 91 1206 1207
f 91 1207 87
f 87 1207 1208
f 87 1208 85
f 85 1208 1209
f 85 1209 83
f 83 1209 1210
f 83 1210 81
f 81 1210 1211
f 81 1211 79
f 79 1211 1216
f 1216 1211 1212
f 1216 1212 1217
f 1217 1212 1213
f 1217 1213 1218
f 1218 1213 1214
f 1218 1214 1219
f 1219 1214 1197
f 1219 1197 1220
f 1220 1197 1198
f 1220 1198 1221
f 1221 1198 1199
f 1221 1199 1222
f 1222 1199 1223
f 1223 1199 1200
f 1223 1200 1224
f 1224 1200 1201
f 1224 1201 1225
f 1225 1201 1202
f 1225 1202 1226
f 1226 1202 1203
f 1226 1203 1227
f 1227 1203 1204
f 1227 1204 1215
f 1215 1204 1205
f 1228 894 1229
f 1229 894 895
f 1229 895 1230
f 1230 895 896
f 1230 896 1231
f 1231 896 897
f 1231 897 1232
f 1232 897 899
f 1232 899 1233
f 1233 899 901
f 1233 901 1234
f 1234 901 903
f 1234 903 1235
f 1235 903 905
f 1235 905 1236
f 1236 905 1035
f 1236 1035 1237
f 1237 1035 1036
f 1237 1036 1238
f 1238 1036 1037
f 1238 1037 1239
f 1239 1037 1038
f 1239 1038 1240
f 1240 1038 879
f 1240 879 1241
f 1241 879 881
f 1241 881 1242
f 1242 881 890
f 1242 890 1243
f 1243 890 891
f 1243 891 1244
f 1244 891 892
f 1244 892 1245
f 1245 892 893
f 1245 893 1228
f 1228 893 894
f 1246 1238 163
f 163 1238 1239
f 163 1239 161
f 161 1239 1240
f 161 1240 159
f 159 1240 157
f 157 1240 1241
f 157 1241 153
f 153 1241 1242
f 153 1242 151
f 151 1242 1243
f 151 1243 149
f 149 1243 1244
f 149 1244 147
f 147 1244 1245
f 147 1245 1247
f 1247 1245 1228
f 1247 1228 1248
f 1248 1228 1249
f 1249 1228 1229
f 1249 1229 1250
f 1250 1229 1230
f 1250 1230 1251
f 1251 1230 1231
f 1251 1231 1252
f 1252 1231 1232
f 1252 1232 1253
f 1253 1232 1233
f 1253 1233 1254
f 1254 1233 1234
f 1254 1234 1255
f 1255 1234 1256
f 1256 1234 1235
f 1256 1235 1257
f 1257 1235 1236
f 1257 1236 1258
f 1258 1236 1237
f 1258 1237 1246
f 1246 1237 1238
f 1259 919 1260
f 1260 919 920
f 1260 920 1261
f 1261 920 921
f 1261 921 1262
f 1262 921 922
f 1262 922 1263
f 1263 922 923
f 1263 923 1264
f 1264 923 924
f 1264 924 1265
f 1265 924 925
f 1265 925 1266
f 1266 925 926
f 1266 926 1267
f 1267 926 1030
f 1267 1030 1268
f 1268 1030 1031
f 1268 1031 1269
f 1269 1031 1032
f 1269 1032 1270
f 1270 1032 1033
f 1270 1033 1271
f 1271 1033 1034
f 1271 1034 1272
f 1272 1034 910
f 1272 910 1273
f 1273 910 912
f 1273 912 1274
f 1274 912 914
f 1274 914 1275
f 1275 914 916
f 1275 916 1276
f 1276 916 918
f 1276 918 1259
f 1259 918 919
f 1277 1271 180
f 180 1271 1272
f 180 1272 178
f 178 1272 1273
f 178 1273 176
f 176 1273 1274
f 176 1274 172
f 172 1274 1275
f 172 1275 170
f 170 1275 168
f 168 1275 1276
f 168 1276 166
f 166 1276 1259
f 166 1259 164
f 164 1259 1260
f 164 1260 1278
f 1278 1260 1261
f 1278 1261 1279
f 1279 1261 1262
f 1279 1262 1280
f 1280 1262 1281
f 1281 1262 1263
f 1281 1263 1282
f 1282 1263 1264
f 1282 1264 1283
f 1283 1264 1265
f 1283 1265 1284
f 1284 1265 1266
f 1284 1266 1285
f 1285 1266 1267
f 1285 1267 1286
f 1286 1267 1268
f 1286 1268 1287
f 1287 1268 1269
f 1287 1269 1288
f 1288 1269 1289
f 1289 1269 1270
f 1289 1270 1277
f 1277 1270 1271
f 1290 928 1291
f 1291 928 929
f 1291 929 1292
f 1292 929 930
f 1292 930 1293
f 1293 930 931
f 1293 931 1294
f 1294 931 932
f 1294 932 1295
f 1295 932 933
f 1295 933 1296
f 1296 933 934
f 1296 934 1297
f 1297 934 935
f 1297 935 1298
f 1298 935 936
f 1298 936 1299
f 1299 936 1072
f 1299 1072 1300
f 1300 1072 1070
f 1300 1070 1301
f 1301 1070 1025
f 1301 1025 1302
f 1302 1025 1024
f 1302 1024 1303
f 1303 1024 1026
f 1303 1026 1304
f 1304 1026 1027
f 1304 1027 1305
f 1305 1027 1028
f 1305 1028 1306
f 1306 1028 1029
f 1306 1029 1307
f 1307 1029 927
f 1307 927 1290
f 1290 927 928
f 115 1292 113
f 113 1292 1293
f 113 1293 1308
f 1308 1293 1294
f 1308 1294 1309
f 1309 1294 1295
f 1309 1295 1310
f 1310 1295 1296
f 1310 1296 1311
f 1311 1296 1297
f 1311 1297 1312
f 1312 1297 1313
f 1313 1297 1298
f 1313 1298 1314
f 1314 1298 1299
f 1314 1299 1315
f 1315 1299 1300
f 1315 1300 1316
f 1316 1300 1301
f 1316 1301 1317
f 1317 1301 1302
f 1317 1302 1318
f 1318 1302 1303
f 1318 1303 1319
f 1319 1303 1304
f 1319 1304 1320
f 1320 1304 129
f 129 1304 1305
f 129 1305 127
f 127 1305 1306
f 127 1306 125
f 125 1306 1307
f 125 1307 123
f 123 1307 1290
f 123 1290 119
f 119 1290 1291
f 119 1291 117
f 117 1291 115
f 115 1291 1292
f 937 1321 938
f 938 1321 1322
f 938 1322 1071
f 1071 1322 1323
f 1071 1323 1069
f 1069 1323 1324
f 1069 1324 1023
f 1023 1324 1325
f 1023 1325 1022
f 1022 1325 1326
f 1022 1326 1021
f 1021 1326 1327
f 1021 1327 1020
f 1020 1327 1328
f 1020 1328 1056
f 1056 1328 1329
f 1056 1329 1058
f 1058 1329 1330
f 1058 1330 1060
f 1060 1330 1331
f 1060 1331 949
f 949 1331 1332
f 949 1332 948
f 948 1332 1333
f 948 1333 947
f 947 1333 1334
f 947 1334 946
f 946 1334 1335
f 946 1335 945
f 945 1335 1336
f 945 1336 944
f 944 1336 1337
f 944 1337 937
f 937 1337 1321
f 1008 1338 1009
f 1009 1338 1339
f 1009 1339 1010
f 1010 1339 1340
f 1010 1340 1054
f 1054 1340 1341
f 1054 1341 1063
f 1063 1341 1342
f 1063 1342 1061
f 1061 1342 1343
f 1061 1343 984
f 984 1343 1344
f 984 1344 983
f 983 1344 1345
f 983 1345 982
f 982 1345 1346
f 982 1346 981
f 981 1346 1347
f 981 1347 980
f 980 1347 1348
f 980 1348 979
f 979 1348 1349
f 979 1349 978
f 978 1349 1350
f 978 1350 970
f 970 1350 1351
f 970 1351 972
f 972 1351 1352
f 972 1352 974
f 974 1352 1353
f 974 1353 976
f 976 1353 1354
f 976 1354 1008
f 1008 1354 1338
f 869 1355 867
f 867 1355 1356
f 867 1356 865
f 865 1356 1357
f 865 1357 864
f 864 1357 1358
f 864 1358 861
f 861 1358 1359
f 861 1359 862
f 862 1359 1360
f 862 1360 863
f 863 1360 1361
f 863 1361 1007
f 1007 1361 1362
f 1007 1362 1005
f 1005 1362 1363
f 1005 1363 1006
f 1006 1363 1364
f 1006 1364 1066
f 1066 1364 1365
f 1066 1365 1068
f 1068 1365 1366
f 1068 1366 1041
f 1041 1366 1367
f 1041 1367 1040
f 1040 1367 1368
f 1040 1368 1039
f 1039 1368 1369
f 1039 1369 873
f 873 1369 1370
f 873 1370 871
f 871 1370 1371
f 871 1371 869
f 869 1371 1355
f 942 1372 941
f 941 1372 1373
f 941 1373 940
f 940 1373 1374
f 940 1374 939
f 939 1374 1375
f 939 1375 898
f 898 1375 1376
f 898 1376 900
f 900 1376 1377
f 900 1377 902
f 902 1377 1378
f 902 1378 904
f 904 1378 1379
f 904 1379 906
f 906 1379 1380
f 906 1380 907
f 907 1380 1381
f 907 1381 908
f 908 1381 1382
f 908 1382 909
f 909 1382 1383
f 909 1383 911
f 911 1383 1384
f 911 1384 913
f 913 1384 1385
f 913 1385 915
f 915 1385 1386
f 915 1386 917
f 917 1386 1387
f 917 1387 943
f 943 1387 1388
f 943 1388 942
f 942 1388 1372
f 565 1389 564
f 496 1389 495
f 499 1389 498
f 502 1389 501
f 505 1389 504
f 563 1389 507
f 564 1389 563
f 504 1389 502
f 498 1389 496
f 507 1389 505
f 501 1389 499
f 495 1389 565
f 523 1390 524
f 521 1390 522
f 527 1390 528
f 530 1390 531
f 533 1390 534
f 525 1390 536
f 524 1390 525
f 534 1390 530
f 528 1390 521
f 536 1390 533
f 531 1390 527
f 522 1390 523
f 562 1391 561
f 549 1391 547
f 552 1391 551
f 555 1391 554
f 558 1391 557
f 560 1391 559
f 561 1391 560
f 557 1391 555
f 551 1391 549
f 559 1391 558
f 554 1391 552
f 547 1391 562
f 1372 1380 1373
f 1373 1380 1379
f 1373 1379 1374
f 1374 1379 1378
f 1374 1378 1375
f 1375 1378 1377
f 1375 1377 1376
f 1380 1372 1381
f 1381 1372 1388
f 1381 1388 1382
f 1382 1388 1383
f 1383 1388 1384
f 1384 1388 1385
f 1385 1388 1386
f 1386 1388 1387
f 1355 1363 1356
f 1356 1363 1362
f 1356 1362 1357
f 1357 1362 1361
f 1357 1361 1358
f 1358 1361 1360
f 1358 1360 1359
f 1363 1355 1364
f 1364 1355 1371
f 1364 1371 1365
f 1365 1371 1366
f 1366 1371 1367
f 1367 1371 1368
f 1368 1371 1369
f 1369 1371 1370
f 1338 1346 1339
f 1339 1346 1345
f 1339 1345 1340
f 1340 1345 1344
f 1340 1344 1341
f 1341 1344 1343
f 1341 1343 1342
f 1346 1338 1347
f 1347 1338 1354
f 1347 1354 1348
f 1348 1354 1349
f 1349 1354 1350
f 1350 1354 1351
f 1351 1354 1352
f 1352 1354 1353
f 1321 1329 1322
f 1322 1329 1328
f 1322 1328 1323
f 1323 1328 1327
f 1323 1327 1324
f 1324 1327 1326
f 1324 1326 1325
f 1329 1321 1330
f 1330 1321 1337
f 1330 1337 1331
f 1331 1337 1332
f 1332 1337 1333
f 1333 1337 1334
f 1334 1337 1335
f 1335 1337 1336
f 79 1216 1392
f 1392 1216 1217
f 1392 1217 1393
f 1393 1217 1218
f 1393 1218 1394
f 1394 1218 1219
f 1394 1219 1395
f 1395 1219 1220
f 1395 1220 1221
f 1221 1222 1395
f 1395 1222 1396
f 1396 1222 1223
f 1396 1223 1224
f 1224 1225 1396
f 1396 1225 1397
f 1397 1225 1226
f 1397 1226 1398
f 1398 1226 1227
f 1398 1227 1399
f 1399 1227 1215
f 1399 1215 95
f 96 1091 1400
f 1400 1091 1103
f 1400 1103 1401
f 1401 1103 1102
f 1401 1102 1402
f 1402 1102 1101
f 1402 1101 1403
f 1403 1101 1100
f 1403 1100 1099
f 1099 1098 1403
f 1403 1098 1404
f 1404 1098 1097
f 1404 1097 1096
f 1096 1095 1404
f 1404 1095 1405
f 1405 1095 1094
f 1405 1094 1406
f 1406 1094 1093
f 1406 1093 1407
f 1407 1093 1092
f 1407 1092 112
f 113 1308 1408
f 1408 1308 1309
f 1408 1309 1409
f 1409 1309 1310
f 1409 1310 1410
f 1410 1310 1311
f 1410 1311 1312
f 1410 1312 1411
f 1411 1312 1313
f 1411 1313 1314
f 1411 1314 1412
f 1412 1314 1315
f 1412 1315 1316
f 1412 1316 1413
f 1413 1316 1317
f 1413 1317 1318
f 1413 1318 1414
f 1414 1318 1319
f 1414 1319 1415
f 1415 1319 1320
f 1415 1320 129
f 130 1185 1416
f 1416 1185 1186
f 1416 1186 1417
f 1417 1186 1187
f 1417 1187 1418
f 1418 1187 1188
f 1418 1188 1189
f 1418 1189 1419
f 1419 1189 1190
f 1419 1190 1191
f 1419 1191 1420
f 1420 1191 1192
f 1420 1192 1193
f 1420 1193 1421
f 1421 1193 1194
f 1421 1194 1195
f 1421 1195 1422
f 1422 1195 1196
f 1422 1196 1423
f 1423 1196 1184
f 1423 1184 146
f 147 1247 1424
f 1424 1247 1248
f 1424 1248 1425
f 1425 1248 1249
f 1425 1249 1426
f 1426 1249 1250
f 1426 1250 1251
f 1426 1251 1427
f 1427 1251 1252
f 1427 1252 1253
f 1427 1253 1428
f 1428 1253 1254
f 1428 1254 1255
f 1428 1255 1429
f 1429 1255 1256
f 1429 1256 1257
f 1429 1257 1430
f 1430 1257 1258
f 1430 1258 1431
f 1431 1258 1246
f 1431 1246 163
f 164 1278 1432
f 1432 1278 1279
f 1432 1279 1433
f 1433 1279 1280
f 1433 1280 1434
f 1434 1280 1281
f 1434 1281 1435
f 1435 1281 1282
f 1435 1282 1283
f 1283 1284 1435
f 1435 1284 1436
f 1436 1284 1285
f 1436 1285 1286
f 1286 1287 1436
f 1436 1287 1437
f 1437 1287 1288
f 1437 1288 1438
f 1438 1288 1289
f 1438 1289 1439
f 1439 1289 1277
f 1439 1277 180
f 181 1154 1440
f 1440 1154 1155
f 1440 1155 1441
f 1441 1155 1156
f 1441 1156 1442
f 1442 1156 1157
f 1442 1157 1443
f 1443 1157 1158
f 1443 1158 1159
f 1159 1160 1443
f 1443 1160 1444
f 1444 1160 1161
f 1444 1161 1162
f 1162 1163 1444
f 1444 1163 1445
f 1445 1163 1164
f 1445 1164 1446
f 1446 1164 1165
f 1446 1165 1447
f 1447 1165 1153
f 1447 1153 197
f 198 1123 1448
f 1448 1123 1124
f 1448 1124 1449
f 1449 1124 1125
f 1449 1125 1450
f 1450 1125 1126
f 1450 1126 1127
f 1450 1127 1451
f 1451 1127 1128
f 1451 1128 1129
f 1451 1129 1452
f 1452 1129 1130
f 1452 1130 1131
f 1452 1131 1453
f 1453 1131 1132
f 1453 1132 1133
f 1453 1133 1454
f 1454 1133 1134
f 1454 1134 1455
f 1455 1134 1122
f 1455 1122 214
f 1456 1457 1458
f 1459 1460 1461
f 1460 1462 1461
f 1461 1462 1463
f 1461 1463 1464
f 1464 1463 1465
f 1465 1463 1466
f 1466 1463 1467
f 1467 1463 1468
f 1467 1468 1469
f 1469 1468 1470
f 1469 1470 1471
f 1471 1470 1472
f 1471 1472 1473
f 1473 1472 1474
f 1473 1474 1475
f 1475 1474 1476
f 1475 1476 1477
f 1477 1476 1478
f 1477 1478 1479
f 1479 1478 1480
f 1479 1480 1481
f 1481 1480 1482
f 1481 1482 1483
f 1483 1482 1484
f 1483 1484 1485
f 1485 1484 1486
f 1485 1486 1487
f 1487 1486 1488
f 1487 1488 1489
f 1489 1488 1490
f 1489 1490 1491
f 1462 1492 1463
f 1493 1494 1463
f 1463 1494 1495
f 1463 1495 1496
f 1497 1498 1493
f 1493 1498 1499
f 1493 1499 1500
f 1500 1499 1501
f 1501 1499 1502
f 1502 1499 1503
f 1503 1499 1504
f 1503 1504 1505
f 1505 1504 1506
f 1505 1506 1507
f 1507 1506 1508
f 1507 1508 1509
f 1509 1508 1510
f 1509 1510 1511
f 1511 1510 1512
f 1511 1512 1513
f 1513 1512 1514
f 1513 1514 1515
f 1515 1514 1516
f 1515 1516 1517
f 1517 1516 1518
f 1517 1518 1519
f 1519 1518 1520
f 1519 1520 1521
f 1521 1520 1522
f 1521 1522 1523
f 1523 1522 1524
f 1523 1524 1525
f 1525 1524 1526
f 1525 1526 1527
f 1527 1526 1528
f 1527 1528 1529
f 1529 1528 1530
f 1529 1530 1531
f 1531 1530 1532
f 1531 1532 1533
f 1534 1535 1504
f 1504 1535 1536
f 1504 1536 1537
f 1538 1539 1534
f 1534 1539 1540
f 1534 1540 1541
f 1542 1543 1538
f 1538 1543 1544
f 1538 1544 1545
f 1546 1547 1542
f 1542 1547 1548
f 1542 1548 1549
f 1549 1548 1550
f 1549 1550 1551
f 1551 1550 1552
f 1551 1552 1553
f 1553 1552 1554
f 1553 1554 1555
f 1555 1554 1556
f 1555 1556 1557
f 1557 1556 1558
f 1557 1558 1559
f 1559 1558 1560
f 1559 1560 1561
f 1561 1560 1562
f 1561 1562 1563
f 1563 1562 1532
f 1563 1532 1530
f 1564 1565 1546
f 1546 1565 1566
f 1546 1566 1567
f 1567 1566 1568
f 1568 1566 1569
f 1569 1566 1570
f 1570 1566 1571
f 1571 1566 1572
f 1571 1572 1573
f 1573 1572 1574
f 1574 1572 1575
f 1575 1572 1576
f 1575 1576 1577
f 1578 1579 1572
f 1572 1579 1458
f 1572 1458 1580
f 1580 1458 1581
f 1581 1458 1582
f 1581 1582 1583
f 1583 1582 1584
f 1584 1582 1585
f 1584 1585 1586
f 1586 1585 1587
f 1587 1585 1588
f 1588 1585 1589
f 1588 1589 1590
f 1590 1589 1591
f 1590 1591 1592
f 1592 1591 1593
f 1592 1593 1594
f 1594 1593 1595
f 1594 1595 1596
f 1596 1595 1597
f 1596 1597 1598
f 1598 1597 1599
f 1598 1599 1600
f 1600 1599 1601
f 1600 1601 1602
f 1602 1601 1603
f 1602 1603 1604
f 1604 1603 1605
f 1604 1605 1606
f 1606 1605 1607
f 1606 1607 1608
f 1608 1607 1609
f 1608 1609 1610
f 1610 1609 1611
f 1610 1611 1612
f 1612 1611 1613
f 1612 1613 1614
f 1614 1613 1615
f 1614 1615 1616
f 1616 1615 1617
f 1616 1617 1618
f 1618 1617 1619
f 1618 1619 1620
f 1620 1619 1621
f 1621 1619 1622
f 1621 1622 1623
f 1623 1622 1624
f 1623 1624 1625
f 1625 1624 1626
f 1625 1626 1627
f 1627 1626 1628
f 1627 1628 1629
f 1629 1628 1630
f 1629 1630 1631
f 1631 1630 1632
f 1631 1632 1633
f 1633 1632 1634
f 1633 1634 1635
f 1635 1634 1636
f 1635 1636 1637
f 1637 1636 1638
f 1638 1636 1639
f 1639 1636 1640
f 1639 1640 1641
f 1641 1640 1642
f 1642 1640 1643
f 1643 1640 1644
f 1644 1640 1645
f 1644 1645 1646
f 1646 1645 1647
f 1647 1645 1648
f 1648 1645 1649
f 1649 1645 1650
f 1649 1650 1651
f 1651 1650 1652
f 1652 1650 1653
f 1653 1650 1654
f 1653 1654 1655
f 1655 1654 1656
f 1655 1656 1657
f 1657 1656 1658
f 1657 1658 1659
f 1659 1658 1660
f 1659 1660 1661
f 1661 1660 1662
f 1661 1662 1663
f 1663 1662 1664
f 1663 1664 1665
f 1665 1664 1666
f 1665 1666 1667
f 1667 1666 1668
f 1667 1668 1669
f 1669 1668 1670
f 1669 1670 1671
f 1671 1670 1672
f 1671 1672 1673
f 1673 1672 1674
f 1673 1674 1675
f 1675 1674 1676
f 1675 1676 1620
f 1620 1676 1618
f 1579 1456 1458
f 1677 1678 1582
f 1582 1678 1679
f 1582 1679 1585
f 1585 1679 1680
f 1461 1681 1677
f 1677 1681 1682
f 1677 1682 1683
f 1684 1685 1686
f 1686 1685 1687
f 1686 1687 1688
f 1688 1687 1689
f 1688 1689 1690
f 1690 1689 1691
f 1690 1691 1692
f 1692 1691 1693
f 1693 1691 1694
f 1693 1694 1695
f 1695 1694 1696
f 1695 1696 1697
f 1697 1696 1698
f 1697 1698 1668
f 1668 1698 1670
f 1685 1684 1699
f 1699 1684 1700
f 1699 1700 1701
f 1701 1700 1702
f 1701 1702 1703
f 1703 1702 1704
f 1703 1704 1705
f 1705 1704 1706
f 1705 1706 1707
f 1707 1706 1708
f 1707 1708 1709
f 1709 1708 1710
f 1709 1710 1711
f 1711 1710 1712
f 1711 1712 1713
f 1713 1712 1714
f 1713 1714 1715
f 1715 1714 1716
f 1716 1714 1683
f 1683 1714 1677
f 1712 1717 1714
f 1714 1717 1718
f 1714 1718 1719
f 1714 1719 1720
f 1720 1719 1721
f 1720 1721 1722
f 1722 1723 1720
f 1720 1723 1724
f 1720 1724 1725
f 1725 1724 1726
f 1725 1726 1727
f 1727 1728 1725
f 1725 1728 1650
f 1650 1728 1729
f 1650 1729 1654
f 1500 1730 1493
f 1493 1730 1731
f 1493 1731 1732
f 1732 1494 1493
f 1496 1468 1463
f 1489 1491 1733
f 1733 1491 1734
f 1733 1734 1735
f 1735 1734 1736
f 1735 1736 1737
f 1737 1736 1521
f 1737 1521 1523
f 1738 1739 1546
f 1546 1739 1547
f 1531 1533 1740
f 1740 1533 1741
f 1740 1741 1742
f 1742 1741 1743
f 1742 1743 1744
f 1744 1743 1745
f 1744 1745 1746
f 1746 1745 1747
f 1746 1747 1748
f 1748 1747 1749
f 1748 1749 1750
f 1750 1749 1751
f 1750 1751 1752
f 1752 1751 1753
f 1752 1753 1754
f 1754 1753 1755
f 1754 1755 1756
f 1756 1755 1757
f 1756 1757 1758
f 1758 1757 1759
f 1758 1759 1760
f 1760 1759 1761
f 1760 1761 1762
f 1762 1761 1763
f 1762 1763 1764
f 1764 1763 1765
f 1764 1765 1577
f 1577 1765 1575
f 1567 1738 1546
f 1634 1766 1636
f 1636 1766 1767
f 1636 1767 1768
f 1768 1767 1769
f 1768 1769 1770
f 1770 1771 1768
f 1768 1771 1772
f 1768 1772 1773
f 1773 1772 1774
f 1771 1775 1772
f 1772 1775 1776
f 1772 1776 1777
f 1777 1778 1772
f 1772 1778 1585
f 1585 1778 1779
f 1585 1779 1780
f 1780 1589 1585
f 1781 1782 1783
f 1783 1782 1784
f 1783 1784 1785
f 1785 1784 1786
f 1785 1786 1787
f 1787 1786 1788
f 1787 1788 1487
f 1487 1788 1485
f 1782 1781 1789
f 1789 1781 1790
f 1789 1790 1791
f 1791 1790 1689
f 1791 1689 1687
f 1606 1608 1792
f 1792 1608 1793
f 1792 1793 1794
f 1794 1793 1795
f 1794 1795 1796
f 1796 1795 1797
f 1797 1795 1798
f 1797 1798 1799
f 1799 1798 1800
f 1799 1800 1801
f 1801 1800 1748
f 1801 1748 1750
f 1580 1802 1572
f 1572 1802 1803
f 1572 1803 1576
f 1541 1804 1534
f 1534 1804 1535
f 1537 1506 1504
f 1549 1805 1542
f 1542 1805 1806
f 1542 1806 1543
f 1545 1807 1538
f 1538 1807 1539
f 1464 1681 1461
f 1808 1809 1677
f 1677 1809 1678
f 1810 1811 1725
f 1725 1811 1720
f 1812 1808 1714
f 1714 1808 1677
f 1813 1814 1815
f 1815 1814 1816
f 1815 1816 1817
f 1817 1818 1815
f 1819 1820 1821
f 1821 1820 1822
f 1821 1822 1823
f 1823 1822 1824
f 1823 1824 1825
f 1825 1824 1826
f 1825 1826 1827
f 1827 1826 1828
f 1827 1828 1829
f 1829 1828 1830
f 1829 1830 1831
f 1831 1830 1832
f 1831 1832 1833
f 1833 1832 1834
f 1833 1834 1835
f 1835 1834 1836
f 1835 1836 1837
f 1837 1836 1838
f 1837 1838 1839
f 1839 1838 1840
f 1839 1840 1841
f 1841 1840 1842
f 1841 1842 1843
f 1843 1842 1844
f 1843 1844 1845
f 1845 1844 1846
f 1845 1846 1847
f 1847 1846 1848
f 1847 1848 1849
f 1849 1848 1850
f 1849 1850 1851
f 1851 1850 1852
f 1851 1852 1853
f 1853 1852 1854
f 1853 1854 1855
f 1855 1854 1856
f 1855 1856 1857
f 1857 1856 1858
f 1857 1858 1817
f 1817 1858 1818
f 1859 1860 1861
f 1861 1860 1862
f 1862 1860 1819
f 1819 1860 1820
f 1863 1864 1865
f 1865 1864 1866
f 1866 1864 1867
f 1867 1864 1868
f 1869 1870 1871
f 1871 1870 1872
f 1872 1870 1873
f 1873 1870 1874
f 1867 1868 1875
f 1875 1868 1876
f 1875 1876 1877
f 1877 1876 1878
f 1877 1878 1879
f 1879 1878 1880
f 1879 1880 1881
f 1881 1880 1882
f 1881 1882 1883
f 1883 1882 1884
f 1883 1884 1885
f 1885 1884 1886
f 1885 1886 1887
f 1887 1886 1888
f 1887 1888 1889
f 1889 1888 1890
f 1889 1890 1891
f 1891 1890 1892
f 1891 1892 1893
f 1893 1892 1894
f 1893 1894 1895
f 1895 1894 1896
f 1895 1896 1897
f 1897 1896 1898
f 1897 1898 1899
f 1899 1898 1900
f 1899 1900 1901
f 1901 1900 1902
f 1901 1902 1903
f 1903 1902 1904
f 1903 1904 1905
f 1905 1904 1906
f 1905 1906 1907
f 1907 1906 1908
f 1907 1908 1909
f 1909 1908 1910
f 1909 1910 1911
f 1911 1910 1912
f 1911 1912 1871
f 1871 1912 1869
f 1867 1913 1866
f 1866 1913 1914
f 1866 1914 1915
f 1875 1916 1867
f 1867 1916 1917
f 1867 1917 1913
f 1916 1875 1918
f 1918 1875 1877
f 1918 1877 1919
f 1919 1877 1920
f 1920 1877 1879
f 1920 1879 1921
f 1921 1879 1881
f 1921 1881 1922
f 1922 1881 1883
f 1922 1883 1923
f 1923 1883 1885
f 1923 1885 1924
f 1924 1885 1887
f 1924 1887 1925
f 1925 1887 1926
f 1926 1887 1889
f 1926 1889 1927
f 1927 1889 1891
f 1927 1891 1893
f 1895 1928 1893
f 1893 1928 1929
f 1893 1929 1927
f 1928 1895 1930
f 1930 1895 1897
f 1930 1897 1931
f 1931 1897 1932
f 1932 1897 1899
f 1932 1899 1933
f 1933 1899 1901
f 1933 1901 1903
f 1933 1903 1934
f 1934 1903 1905
f 1934 1905 1935
f 1935 1905 1907
f 1935 1907 1936
f 1936 1907 1937
f 1937 1907 1909
f 1937 1909 1938
f 1938 1909 1911
f 1938 1911 1939
f 1939 1911 1871
f 1939 1871 1940
f 1940 1871 1941
f 1941 1871 1872
f 1941 1872 1942
f 1942 1872 1943
f 1943 1872 1944
f 1944 1872 1945
f 1945 1872 1946
f 1946 1872 1947
f 1947 1872 1948
f 1948 1872 1949
f 1948 1949 1950
f 1949 1872 1951
f 1951 1872 1952
f 1951 1952 1953
f 1953 1952 1954
f 1954 1952 1955
f 1955 1952 1956
f 1956 1952 1957
f 1957 1952 1958
f 1957 1958 1959
f 1960 1961 1952
f 1952 1961 1962
f 1952 1962 1963
f 1866 1964 1960
f 1960 1964 1965
f 1960 1965 1966
f 1932 1933 1967
f 1967 1933 1968
f 1967 1968 1969
f 1969 1968 1970
f 1969 1970 1971
f 1971 1970 1972
f 1971 1972 1973
f 1971 1973 1974
f 1974 1973 1975
f 1974 1975 1976
f 1976 1975 1977
f 1976 1977 1978
f 1978 1977 1979
f 1978 1979 1950
f 1950 1979 1948
f 1980 1981 1982
f 1982 1981 1983
f 1982 1983 1984
f 1981 1980 1927
f 1927 1980 1926
f 1925 1985 1924
f 1924 1985 1986
f 1986 1985 1987
f 1986 1987 1988
f 1988 1987 1989
f 1988 1989 1990
f 1990 1989 1991
f 1991 1989 1992
f 1991 1992 1993
f 1993 1992 1994
f 1993 1994 1995
f 1995 1994 1996
f 1995 1996 1997
f 1997 1996 1998
f 1997 1998 1999
f 1999 1998 1964
f 1999 1964 1866
f 1966 2000 1960
f 1960 2000 2001
f 1960 2001 2002
f 2002 2003 1960
f 1960 2003 2004
f 1960 2004 2005
f 2004 2003 2006
f 2006 2003 2007
f 2006 2007 2008
f 2006 2008 2009
f 2009 2008 2010
f 2009 2010 2011
f 2011 2010 2012
f 2011 2012 2013
f 2013 2012 2014
f 2013 2014 1984
f 1984 2014 1982
f 1957 1959 2015
f 2015 1959 2016
f 2015 2016 2017
f 2017 2016 2018
f 2018 2016 2019
f 2018 2019 2020
f 2020 2019 2021
f 2020 2021 2022
f 2022 2021 2023
f 2022 2023 2024
f 2024 2023 2025
f 2024 2025 2026
f 2024 2026 2027
f 2027 2026 1930
f 2027 1930 1931
f 1928 2028 1929
f 1929 2028 2029
f 2029 2028 2030
f 2029 2030 2031
f 2031 2030 2032
f 2031 2032 2033
f 2033 2032 2034
f 2033 2034 2035
f 2035 2034 2036
f 2035 2036 2037
f 2037 2036 2038
f 2037 2038 2039
f 2039 2038 2040
f 2039 2040 2041
f 2041 2040 1961
f 2041 1961 1960
f 1963 2042 1952
f 1952 2042 2043
f 1952 2043 2044
f 2044 1958 1952
f 1915 2045 1866
f 1866 2045 2046
f 1866 2046 2047
f 2047 1999 1866
f 2005 2048 1960
f 1960 2048 2049
f 1960 2049 2050
f 2050 2051 1960
f 1960 2051 2052
f 1960 2052 2041
f 1813 1815 2053
f 2053 1815 2054
f 1818 1858 1815
f 1815 1858 2054
f 2054 1858 1856
f 2054 1856 1854
f 1854 1852 2054
f 2054 1852 1850
f 2054 1850 1848
f 1848 1846 2054
f 2054 1846 1844
f 2054 1844 1842
f 1842 1840 2054
f 2054 1840 2055
f 2055 1840 1838
f 2055 1838 1836
f 1836 1834 2055
f 2055 1834 1832
f 2055 1832 1830
f 1830 1828 2055
f 2055 1828 1826
f 2055 1826 1824
f 1824 1822 2055
f 2055 1822 1860
f 1860 1822 1820
f 1874 1870 2056
f 2056 1870 2057
f 1864 1863 2058
f 2058 1863 2059
f 1860 1859 2055
f 2055 1859 2060
f 1865 2061 1863
f 1863 2061 2062
f 1863 2062 2063
f 1677 2064 1865
f 1865 2064 2065
f 1865 2065 2066
f 1582 2067 1677
f 1677 2067 2068
f 1677 2068 2069
f 1873 2070 1582
f 1582 2070 2071
f 1582 2071 2072
f 1874 2073 1873
f 1873 2073 2074
f 1873 2074 2075
f 2056 2076 1874
f 1874 2076 2077
f 1874 2077 2078
f 2059 2079 2056
f 2056 2079 2080
f 2056 2080 2081
f 1863 2082 2059
f 2059 2082 2083
f 2059 2083 2084
f 2084 2083 2085
f 2085 2083 2086
f 2085 2086 2087
f 2087 2086 2088
f 2087 2088 2089
f 2089 2088 2090
f 2089 2090 2091
f 2091 2090 2092
f 2091 2092 2093
f 2093 2092 2094
f 2093 2094 2095
f 2096 2097 1873
f 1873 2097 2098
f 1873 2098 2099
f 2099 2098 2100
f 2100 2098 2101
f 2100 2101 2102
f 2102 2101 2103
f 2102 2103 2104
f 2104 2103 2105
f 2104 2105 2106
f 2106 2105 2107
f 2106 2107 2108
f 2108 2107 2109
f 2108 2109 2110
f 2108 2110 2111
f 2111 2110 2112
f 2111 2112 2113
f 2113 2112 2114
f 2113 2114 2115
f 2115 2114 2116
f 2115 2116 2117
f 2117 2116 2076
f 2117 2076 2118
f 2118 2076 2056
f 2118 2056 2119
f 2119 2056 2120
f 2120 2056 2121
f 2121 2056 2122
f 2122 2056 2123
f 2123 2056 2124
f 2124 2056 2125
f 2125 2056 1582
f 2125 1582 2126
f 2126 1582 2127
f 2127 1582 2072
f 2078 2128 1874
f 1874 2128 2129
f 1874 2129 2130
f 2130 2073 1874
f 2075 2131 1873
f 1873 2131 2132
f 1873 2132 2096
f 2084 2133 2059
f 2059 2133 2134
f 2059 2134 2135
f 2135 2136 2059
f 2059 2136 2137
f 2059 2137 2138
f 2138 2139 2059
f 2059 2139 2140
f 2059 2140 1677
f 1677 2140 2141
f 1677 2141 2142
f 2142 2143 1677
f 1677 2143 2144
f 1677 2144 2064
f 2064 2145 2065
f 2065 2145 2146
f 2146 2145 2147
f 2146 2147 2148
f 2148 2147 2149
f 2148 2149 2150
f 2150 2149 2151
f 2150 2151 2095
f 2095 2151 2093
f 2152 2153 2056
f 2056 2153 2154
f 2056 2154 1582
f 1582 2154 2155
f 1582 2155 2156
f 2156 2157 1582
f 1582 2157 2158
f 1582 2158 2067
f 2067 2159 2068
f 2068 2159 2160
f 2160 2159 2161
f 2160 2161 2162
f 2162 2161 2163
f 2162 2163 2164
f 2164 2163 2165
f 2164 2165 2166
f 2166 2165 2167
f 2166 2167 2168
f 2168 2167 2169
f 2168 2169 2170
f 2170 2169 2171
f 2170 2171 2172
f 2172 2171 2173
f 2172 2173 2174
f 2174 2173 2175
f 2174 2175 2176
f 2176 2175 2080
f 2176 2080 2079
f 2081 2177 2056
f 2056 2177 2178
f 2056 2178 2179
f 2179 2180 2056
f 2056 2180 2152
f 2099 2070 1873
f 2066 2181 1865
f 1865 2181 2182
f 1865 2182 2183
f 2183 2184 1865
f 1865 2184 2061
f 2063 2185 1863
f 1863 2185 2186
f 1863 2186 2187
f 2187 2082 1863
f 2069 2188 1677
f 1677 2188 2189
f 1677 2189 2190
f 2190 2191 1677
f 1677 2191 2192
f 1677 2192 2059
f 2059 2192 2193
f 2059 2193 2194
f 2194 2195 2059
f 2059 2195 2196
f 2059 2196 2197
f 2197 2198 2059
f 2059 2198 2079
f 2199 2200 2201
f 2201 2200 2202
f 2201 2202 2203
f 2203 2202 2204
f 2203 2204 2205
f 2205 2204 2206
f 2205 2206 2207
f 2207 2206 2208
f 2207 2208 2209
f 2209 2208 2210
f 2209 2210 2211
f 2211 2210 2212
f 2211 2212 2213
f 2213 2212 2214
f 2213 2214 2215
f 2215 2214 2216
f 2215 2216 2217
f 2217 2216 2218
f 2217 2218 2219
f 2219 2218 2220
f 2219 2220 2221
f 2221 2220 2222
f 2221 2222 2223
f 2223 2222 2224
f 2223 2224 2225
f 2225 2224 2226
f 2225 2226 2227
f 2227 2226 2228
f 2227 2228 2229
f 2229 2228 2230
f 2229 2230 2231
f 2231 2230 2232
f 2231 2232 2233
f 2233 2232 2234
f 2233 2234 2235
f 2235 2234 2236
f 2235 2236 2237
f 2237 2236 2238
f 2237 2238 2239
f 2239 2238 2240
f 2239 2240 2241
f 2241 2240 2242
f 2241 2242 2243
f 2243 2242 2244
f 2243 2244 2199
f 2199 2244 2200
f 2245 2246 2247
f 2247 2246 2248
f 2247 2248 2249
f 2249 2248 2250
f 2249 2250 2251
f 2251 2250 2252
f 2251 2252 2253
f 2253 2252 2254
f 2253 2254 2255
f 2255 2254 2256
f 2255 2256 2257
f 2257 2256 2258
f 2257 2258 2259
f 2259 2258 2260
f 2259 2260 2261
f 2261 2260 2262
f 2261 2262 2263
f 2263 2262 2264
f 2263 2264 2265
f 2265 2264 2266
f 2265 2266 2267
f 2267 2266 2268
f 2267 2268 2269
f 2269 2268 2270
f 2269 2270 2271
f 2271 2270 2272
f 2271 2272 2273
f 2273 2272 2274
f 2273 2274 2275
f 2275 2274 2276
f 2275 2276 2277
f 2277 2276 2278
f 2277 2278 2279
f 2279 2278 2280
f 2279 2280 2281
f 2281 2280 2282
f 2281 2282 2283
f 2283 2282 2284
f 2283 2284 2285
f 2285 2284 2286
f 2285 2286 2287
f 2287 2286 2288
f 2287 2288 2289
f 2289 2288 2290
f 2289 2290 2245
f 2245 2290 2246
f 2291 2292 2293
f 2293 2292 2294
f 2293 2294 2295
f 2295 2294 2296
f 2295 2296 2297
f 2297 2296 2298
f 2297 2298 2299
f 2299 2298 2300
f 2299 2300 2301
f 2301 2300 2302
f 2301 2302 2303
f 2303 2302 2304
f 2303 2304 2305
f 2305 2304 2306
f 2305 2306 2307
f 2307 2306 2308
f 2307 2308 2309
f 2309 2308 2310
f 2309 2310 2311
f 2311 2310 2312
f 2311 2312 2313
f 2313 2312 2314
f 2313 2314 2315
f 2315 2314 2316
f 2315 2316 2317
f 2317 2316 2318
f 2317 2318 2319
f 2319 2318 2320
f 2319 2320 2321
f 2321 2320 2322
f 2321 2322 2323
f 2323 2322 2324
f 2323 2324 2325
f 2325 2324 2326
f 2325 2326 2327
f 2327 2326 2328
f 2327 2328 2329
f 2329 2328 2330
f 2329 2330 2331
f 2331 2330 2332
f 2331 2332 2333
f 2333 2332 2334
f 2333 2334 2335
f 2335 2334 2336
f 2335 2336 2291
f 2291 2336 2292
f 2337 2338 2339
f 2339 2338 2340
f 2339 2340 2341
f 2341 2340 2342
f 2341 2342 2343
f 2343 2342 2344
f 2343 2344 2345
f 2345 2344 2346
f 2345 2346 2347
f 2347 2346 2348
f 2347 2348 2349
f 2349 2348 2350
f 2349 2350 2351
f 2351 2350 2352
f 2351 2352 2353
f 2353 2352 2354
f 2353 2354 2355
f 2355 2354 2356
f 2355 2356 2357
f 2357 2356 2358
f 2357 2358 2359
f 2359 2358 2360
f 2359 2360 2361
f 2361 2360 2362
f 2361 2362 2363
f 2363 2362 2364
f 2363 2364 2365
f 2365 2364 2366
f 2365 2366 2367
f 2367 2366 2368
f 2367 2368 2369
f 2369 2368 2370
f 2369 2370 2371
f 2371 2370 2372
f 2371 2372 2373
f 2373 2372 2374
f 2373 2374 2375
f 2375 2374 2376
f 2375 2376 2377
f 2377 2376 2378
f 2377 2378 2379
f 2379 2378 2380
f 2379 2380 2381
f 2381 2380 2382
f 2381 2382 2337
f 2337 2382 2338
f 2383 2384 2385
f 2385 2384 2386
f 2385 2386 2387
f 2387 2386 2388
f 2387 2388 2389
f 2389 2388 2390
f 2389 2390 2391
f 2391 2390 2392
f 2391 2392 2393
f 2393 2392 2394
f 2393 2394 2395
f 2395 2394 2396
f 2395 2396 2397
f 2397 2396 2398
f 2397 2398 2399
f 2399 2398 2400
f 2399 2400 2401
f 2401 2400 2402
f 2401 2402 2403
f 2403 2402 2404
f 2403 2404 2405
f 2405 2404 2406
f 2405 2406 2407
f 2407 2406 2408
f 2407 2408 2409
f 2409 2408 2410
f 2409 2410 2411
f 2411 2410 2412
f 2411 2412 2413
f 2413 2412 2414
f 2413 2414 2415
f 2415 2414 2416
f 2415 2416 2417
f 2417 2416 2418
f 2417 2418 2419
f 2419 2418 2420
f 2419 2420 2421
f 2421 2420 2422
f 2421 2422 2423
f 2423 2422 2424
f 2423 2424 2425
f 2425 2424 2426
f 2425 2426 2427
f 2427 2426 2428
f 2427 2428 2383
f 2383 2428 2384
f 2429 2430 2431
f 2431 2430 2432
f 2431 2432 2433
f 2433 2432 2434
f 2433 2434 2435
f 2435 2434 2436
f 2435 2436 2437
f 2437 2436 2438
f 2437 2438 2439
f 2439 2438 2440
f 2439 2440 2441
f 2441 2440 2442
f 2441 2442 2443
f 2443 2442 2444
f 2443 2444 2445
f 2445 2444 2446
f 2445 2446 2447
f 2447 2446 2448
f 2447 2448 2449
f 2449 2448 2450
f 2449 2450 2451
f 2451 2450 2452
f 2451 2452 2453
f 2453 2452 2454
f 2453 2454 2455
f 2455 2454 2456
f 2455 2456 2457
f 2457 2456 2458
f 2457 2458 2459
f 2459 2458 2460
f 2459 2460 2461
f 2461 2460 2462
f 2461 2462 2463
f 2463 2462 2464
f 2463 2464 2465
f 2465 2464 2466
f 2465 2466 2467
f 2467 2466 2468
f 2467 2468 2469
f 2469 2468 2470
f 2469 2470 2471
f 2471 2470 2472
f 2471 2472 2473
f 2473 2472 2474
f 2473 2474 2429
f 2429 2474 2430
f 2035 2166 2033
f 2033 2166 2168
f 2033 2168 2031
f 2031 2168 2170
f 2031 2170 2029
f 2029 2170 2172
f 2029 2172 1929
f 1929 2172 2174
f 1929 2174 1927
f 1927 2174 2176
f 1927 2176 1981
f 1981 2176 2079
f 1981 2079 1983
f 1983 2079 2198
f 1983 2198 1984
f 1984 2198 2197
f 1984 2197 2013
f 2013 2197 2196
f 2013 2196 2011
f 2011 2196 2195
f 2011 2195 2009
f 2009 2195 2194
f 2009 2194 2006
f 2006 2194 2193
f 2006 2193 2004
f 2004 2193 2192
f 2004 2192 2005
f 2005 2192 2191
f 2005 2191 2048
f 2048 2191 2190
f 2048 2190 2049
f 2049 2190 2189
f 2049 2189 2050
f 2050 2189 2188
f 2050 2188 2051
f 2051 2188 2069
f 2051 2069 2052
f 2052 2069 2068
f 2052 2068 2041
f 2041 2068 2160
f 2041 2160 2039
f 2039 2160 2162
f 2039 2162 2037
f 2037 2162 2164
f 2037 2164 2035
f 2035 2164 2166
f 1922 2083 1921
f 1921 2083 2082
f 1921 2082 1920
f 1920 2082 2187
f 1920 2187 1919
f 1919 2187 2186
f 1919 2186 1918
f 1918 2186 2185
f 1918 2185 1916
f 1916 2185 2063
f 1916 2063 1917
f 1917 2063 2062
f 1917 2062 1913
f 1913 2062 2061
f 1913 2061 1914
f 1914 2061 2184
f 1914 2184 1915
f 1915 2184 2183
f 1915 2183 2045
f 2045 2183 2182
f 2045 2182 2046
f 2046 2182 2181
f 2046 2181 2047
f 2047 2181 2066
f 2047 2066 1999
f 1999 2066 2065
f 1999 2065 1997
f 1997 2065 2146
f 1997 2146 1995
f 1995 2146 2148
f 1995 2148 1993
f 1993 2148 2150
f 1993 2150 1991
f 1991 2150 2095
f 1991 2095 1990
f 1990 2095 2094
f 1990 2094 1988
f 1988 2094 2092
f 1988 2092 1986
f 1986 2092 2090
f 1986 2090 1924
f 1924 2090 2088
f 1924 2088 1923
f 1923 2088 2086
f 1923 2086 1922
f 1922 2086 2083
f 1953 2071 1951
f 1951 2071 2070
f 1951 2070 1949
f 1949 2070 2099
f 1949 2099 1950
f 1950 2099 2100
f 1950 2100 1978
f 1978 2100 2102
f 1978 2102 1976
f 1976 2102 2104
f 1976 2104 1974
f 1974 2104 2106
f 1974 2106 1971
f 1971 2106 2108
f 1971 2108 1969
f 1969 2108 2111
f 1969 2111 1967
f 1967 2111 2113
f 1967 2113 1932
f 1932 2113 2115
f 1932 2115 1931
f 1931 2115 2117
f 1931 2117 2027
f 2027 2117 2118
f 2027 2118 2024
f 2024 2118 2119
f 2024 2119 2022
f 2022 2119 2120
f 2022 2120 2020
f 2020 2120 2121
f 2020 2121 2018
f 2018 2121 2122
f 2018 2122 2017
f 2017 2122 2123
f 2017 2123 2015
f 2015 2123 2124
f 2015 2124 1957
f 1957 2124 2125
f 1957 2125 1956
f 1956 2125 2126
f 1956 2126 1955
f 1955 2126 2127
f 1955 2127 1954
f 1954 2127 2072
f 1954 2072 1953
f 1953 2072 2071
f 1958 2154 1959
f 1959 2154 2153
f 1959 2153 2016
f 2016 2153 2152
f 2016 2152 2019
f 2019 2152 2180
f 2019 2180 2021
f 2021 2180 2179
f 2021 2179 2023
f 2023 2179 2178
f 2023 2178 2025
f 2025 2178 2177
f 2025 2177 2026
f 2026 2177 2081
f 2026 2081 1930
f 1930 2081 2080
f 1930 2080 1928
f 1928 2080 2175
f 1928 2175 2028
f 2028 2175 2173
f 2028 2173 2030
f 2030 2173 2171
f 2030 2171 2032
f 2032 2171 2169
f 2032 2169 2034
f 2034 2169 2167
f 2034 2167 2036
f 2036 2167 2165
f 2036 2165 2038
f 2038 2165 2163
f 2038 2163 2040
f 2040 2163 2161
f 2040 2161 1961
f 1961 2161 2159
f 1961 2159 1962
f 1962 2159 2067
f 1962 2067 1963
f 1963 2067 2158
f 1963 2158 2042
f 2042 2158 2157
f 2042 2157 2043
f 2043 2157 2156
f 2043 2156 2044
f 2044 2156 2155
f 2044 2155 1958
f 1958 2155 2154
f 2014 2134 1982
f 1982 2134 2133
f 1982 2133 1980
f 1980 2133 2084
f 1980 2084 1926
f 1926 2084 2085
f 1926 2085 1925
f 1925 2085 2087
f 1925 2087 1985
f 1985 2087 2089
f 1985 2089 1987
f 1987 2089 2091
f 1987 2091 1989
f 1989 2091 2093
f 1989 2093 1992
f 1992 2093 2151
f 1992 2151 1994
f 1994 2151 2149
f 1994 2149 1996
f 1996 2149 2147
f 1996 2147 1998
f 1998 2147 2145
f 1998 2145 1964
f 1964 2145 2064
f 1964 2064 1965
f 1965 2064 2144
f 1965 2144 1966
f 1966 2144 2143
f 1966 2143 2000
f 2000 2143 2142
f 2000 2142 2001
f 2001 2142 2141
f 2001 2141 2002
f 2002 2141 2140
f 2002 2140 2003
f 2003 2140 2139
f 2003 2139 2007
f 2007 2139 2138
f 2007 2138 2008
f 2008 2138 2137
f 2008 2137 2010
f 2010 2137 2136
f 2010 2136 2012
f 2012 2136 2135
f 2012 2135 2014
f 2014 2135 2134
f 1948 2098 1947
f 1947 2098 2097
f 1947 2097 1946
f 1946 2097 2096
f 1946 2096 1945
f 1945 2096 2132
f 1945 2132 1944
f 1944 2132 2131
f 1944 2131 1943
f 1943 2131 2075
f 1943 2075 1942
f 1942 2075 2074
f 1942 2074 1941
f 1941 2074 2073
f 1941 2073 1940
f 1940 2073 2130
f 1940 2130 1939
f 1939 2130 2129
f 1939 2129 1938
f 1938 2129 2128
f 1938 2128 1937
f 1937 2128 2078
f 1937 2078 1936
f 1936 2078 2077
f 1936 2077 1935
f 1935 2077 2076
f 1935 2076 1934
f 1934 2076 2116
f 1934 2116 1933
f 1933 2116 2114
f 1933 2114 1968
f 1968 2114 2112
f 1968 2112 1970
f 1970 2112 2110
f 1970 2110 1972
f 1972 2110 2109
f 1972 2109 1973
f 1973 2109 2107
f 1973 2107 1975
f 1975 2107 2105
f 1975 2105 1977
f 1977 2105 2103
f 1977 2103 1979
f 1979 2103 2101
f 1979 2101 1948
f 1948 2101 2098
f 2056 2057 2059
f 2059 2057 2058
f 2053 2054 2060
f 2060 2054 2055
f 1868 1864 1876
f 1876 1864 2058
f 1876 2058 1878
f 1878 2058 1880
f 1880 2058 1882
f 1882 2058 1884
f 1884 2058 1886
f 1886 2058 1888
f 1888 2058 1890
f 1890 2058 1892
f 1892 2058 1894
f 1894 2058 2057
f 1894 2057 1896
f 1896 2057 1898
f 1898 2057 1900
f 1900 2057 1902
f 1902 2057 1904
f 1904 2057 1906
f 1906 2057 1908
f 1908 2057 1910
f 1910 2057 1912
f 1912 2057 1870
f 1912 1870 1869
f 2475 2476 2477
f 2477 2476 2478
f 2477 2478 2479
f 2479 2478 2480
f 2479 2480 2481
f 2481 2480 2482
f 2481 2482 2483
f 2483 2482 2484
f 2483 2484 2485
f 2485 2484 2486
f 2485 2486 2487
f 2487 2486 1659
f 2487 1659 1661
f 2488 2489 2475
f 2475 2489 2490
f 2475 2490 2476
f 2476 2490 2491
f 2476 2491 2492
f 2492 2491 2493
f 2492 2493 2494
f 2494 2493 2495
f 2494 2495 2496
f 2496 2495 1655
f 2496 1655 1657
f 2489 2488 2497
f 2497 2488 2498
f 2497 2498 2499
f 2499 2498 2500
f 2499 2500 2501
f 2501 2500 2502
f 2501 2502 2503
f 2503 2502 2504
f 2503 2504 2505
f 2505 2504 2506
f 2505 2506 2507
f 2507 2506 2508
f 2507 2508 1646
f 1646 2508 1644
f 1644 2508 2509
f 1644 2509 1643
f 1643 2509 2510
f 1643 2510 1642
f 1642 2510 2511
f 1642 2511 1641
f 1641 2511 2512
f 1641 2512 2513
f 2513 2512 2514
f 2513 2514 2515
f 2515 2514 2516
f 2515 2516 2517
f 2517 2516 2518
f 2517 2518 2519
f 2519 2518 2520
f 2519 2520 2521
f 2500 2522 2502
f 2502 2522 2523
f 2502 2523 2504
f 2504 2523 2524
f 2504 2524 2506
f 2506 2524 2525
f 2506 2525 2508
f 2508 2525 2509
f 2522 2526 2523
f 2523 2526 2527
f 2523 2527 2524
f 2524 2527 2528
f 2524 2528 2525
f 2525 2528 2529
f 2525 2529 2509
f 2509 2529 2510
f 2527 2526 2530
f 2530 2526 2531
f 2530 2531 2532
f 2532 2531 2533
f 2532 2533 2534
f 2534 2533 2535
f 2534 2535 2536
f 2536 2535 2518
f 2536 2518 2516
f 2535 2520 2518
f 2537 2538 2521
f 2521 2538 2539
f 2521 2539 2519
f 2519 2539 2540
f 2519 2540 2517
f 2517 2540 2541
f 2517 2541 2515
f 2515 2541 2542
f 2515 2542 2513
f 2513 2542 1639
f 2513 1639 1641
f 2538 2537 2543
f 2543 2537 2544
f 2543 2544 2545
f 2545 2544 2546
f 2545 2546 2547
f 2547 2546 2548
f 2547 2548 2549
f 2549 2548 2550
f 2549 2550 2551
f 2551 2550 2552
f 2551 2552 2553
f 2553 2552 2554
f 2553 2554 1627
f 1627 2554 1625
f 1625 2554 2555
f 1625 2555 1623
f 1623 2555 2556
f 1623 2556 1621
f 1621 2556 2557
f 1621 2557 1620
f 1620 2557 2558
f 1620 2558 1675
f 1675 2558 2559
f 1675 2559 1673
f 1673 2559 2560
f 1673 2560 2561
f 2561 2560 2562
f 2561 2562 2563
f 2563 2562 2564
f 2563 2564 2565
f 2565 2564 2566
f 2565 2566 2567
f 2567 2566 2568
f 2567 2568 2569
f 2546 2570 2548
f 2548 2570 2571
f 2548 2571 2550
f 2550 2571 2572
f 2550 2572 2552
f 2552 2572 2573
f 2552 2573 2554
f 2554 2573 2555
f 2570 2574 2571
f 2571 2574 2575
f 2571 2575 2572
f 2572 2575 2576
f 2572 2576 2573
f 2573 2576 2577
f 2573 2577 2555
f 2555 2577 2556
f 2575 2574 2578
f 2578 2574 2579
f 2578 2579 2580
f 2580 2579 2581
f 2580 2581 2582
f 2582 2581 2583
f 2582 2583 2584
f 2584 2583 2585
f 2584 2585 2586
f 2586 2585 2587
f 2586 2587 2588
f 2588 2587 2562
f 2588 2562 2560
f 2583 2589 2585
f 2585 2589 2590
f 2585 2590 2587
f 2587 2590 2564
f 2587 2564 2562
f 2589 2568 2590
f 2590 2568 2566
f 2590 2566 2564
f 2567 2569 2591
f 2591 2569 2592
f 2591 2592 2593
f 2593 2592 2594
f 2593 2594 2595
f 2595 2594 2596
f 2595 2596 2597
f 2597 2596 2598
f 2597 2598 2599
f 2599 2598 2485
f 2599 2485 2487
f 2594 2600 2596
f 2596 2600 2601
f 2596 2601 2598
f 2598 2601 2483
f 2598 2483 2485
f 2600 2602 2601
f 2601 2602 2481
f 2601 2481 2483
f 2602 2479 2481
f 1627 1629 2553
f 2553 1629 2603
f 2553 2603 2551
f 2551 2603 2604
f 2551 2604 2549
f 2549 2604 2605
f 2549 2605 2547
f 2547 2605 2545
f 2603 1629 2606
f 2606 1629 1631
f 2606 1631 2607
f 2607 1631 1633
f 2607 1633 2608
f 2608 1633 1635
f 2608 1635 2609
f 2609 1635 1637
f 2609 1637 2610
f 2610 1637 1638
f 2610 1638 2542
f 2542 1638 1639
f 1646 1647 2507
f 2507 1647 2611
f 2507 2611 2505
f 2505 2611 2612
f 2505 2612 2503
f 2503 2612 2613
f 2503 2613 2501
f 2501 2613 2499
f 1647 1648 2611
f 2611 1648 2614
f 2611 2614 2612
f 2612 2614 2615
f 2612 2615 2613
f 2613 2615 2616
f 2613 2616 2499
f 2499 2616 2497
f 2614 1648 2617
f 2617 1648 1649
f 2617 1649 2618
f 2618 1649 1651
f 2618 1651 2619
f 2619 1651 1652
f 2619 1652 2620
f 2620 1652 1653
f 2620 1653 2495
f 2495 1653 1655
f 2496 1657 2621
f 2621 1657 1659
f 2621 1659 2486
f 2487 1661 2622
f 2622 1661 1663
f 2622 1663 2623
f 2623 1663 1665
f 2623 1665 2624
f 2624 1665 1667
f 2624 1667 2625
f 2625 1667 1669
f 2625 1669 2626
f 2626 1669 1671
f 2626 1671 2561
f 2561 1671 1673
f 2588 2560 2559
f 2476 2492 2478
f 2478 2492 2627
f 2478 2627 2480
f 2480 2627 2482
f 2492 2494 2627
f 2627 2494 2628
f 2627 2628 2482
f 2482 2628 2484
f 2494 2496 2628
f 2628 2496 2621
f 2628 2621 2484
f 2484 2621 2486
f 2491 2490 2629
f 2629 2490 2489
f 2629 2489 2630
f 2630 2489 2497
f 2630 2497 2616
f 2493 2491 2631
f 2631 2491 2629
f 2631 2629 2632
f 2632 2629 2630
f 2632 2630 2633
f 2633 2630 2616
f 2633 2616 2615
f 2495 2493 2620
f 2620 2493 2631
f 2620 2631 2619
f 2619 2631 2632
f 2619 2632 2618
f 2618 2632 2633
f 2618 2633 2617
f 2617 2633 2615
f 2617 2615 2614
f 2527 2530 2528
f 2528 2530 2634
f 2528 2634 2529
f 2529 2634 2635
f 2529 2635 2510
f 2510 2635 2511
f 2530 2532 2634
f 2634 2532 2636
f 2634 2636 2635
f 2635 2636 2637
f 2635 2637 2511
f 2511 2637 2512
f 2532 2534 2636
f 2636 2534 2638
f 2636 2638 2637
f 2637 2638 2514
f 2637 2514 2512
f 2536 2516 2638
f 2638 2516 2514
f 2534 2536 2638
f 2540 2539 2639
f 2639 2539 2538
f 2639 2538 2640
f 2640 2538 2543
f 2640 2543 2641
f 2641 2543 2545
f 2641 2545 2605
f 2541 2540 2642
f 2642 2540 2639
f 2642 2639 2643
f 2643 2639 2640
f 2643 2640 2644
f 2644 2640 2641
f 2644 2641 2645
f 2645 2641 2605
f 2645 2605 2604
f 2542 2541 2610
f 2610 2541 2642
f 2610 2642 2609
f 2609 2642 2643
f 2609 2643 2608
f 2608 2643 2644
f 2608 2644 2607
f 2607 2644 2645
f 2607 2645 2606
f 2606 2645 2604
f 2606 2604 2603
f 2575 2578 2576
f 2576 2578 2646
f 2576 2646 2577
f 2577 2646 2647
f 2577 2647 2556
f 2556 2647 2557
f 2578 2580 2646
f 2646 2580 2648
f 2646 2648 2647
f 2647 2648 2649
f 2647 2649 2557
f 2557 2649 2558
f 2580 2582 2648
f 2648 2582 2650
f 2648 2650 2649
f 2649 2650 2651
f 2649 2651 2558
f 2558 2651 2559
f 2584 2586 2650
f 2650 2586 2651
f 2559 2651 2588
f 2588 2651 2586
f 2582 2584 2650
f 2565 2567 2652
f 2652 2567 2591
f 2652 2591 2653
f 2653 2591 2593
f 2653 2593 2654
f 2654 2593 2595
f 2654 2595 2597
f 2626 2561 2563
f 2563 2565 2655
f 2655 2565 2652
f 2655 2652 2656
f 2656 2652 2653
f 2656 2653 2657
f 2657 2653 2654
f 2657 2654 2658
f 2658 2654 2597
f 2658 2597 2599
f 2625 2626 2655
f 2655 2626 2563
f 2625 2655 2656
f 2624 2625 2656
f 2624 2656 2657
f 2624 2657 2623
f 2623 2657 2658
f 2623 2658 2622
f 2622 2658 2599
f 2622 2599 2487
f 2659 2475 2660
f 2660 2475 2477
f 2660 2477 2661
f 2661 2477 2479
f 2661 2479 2662
f 2662 2479 2602
f 2662 2602 2663
f 2663 2602 2600
f 2663 2600 2664
f 2664 2600 2594
f 2664 2594 2665
f 2665 2594 2592
f 2665 2592 2666
f 2666 2592 2569
f 2666 2569 2667
f 2667 2569 2568
f 2667 2568 2668
f 2668 2568 2589
f 2668 2589 2669
f 2669 2589 2583
f 2669 2583 2670
f 2670 2583 2581
f 2670 2581 2671
f 2671 2581 2579
f 2671 2579 2672
f 2672 2579 2574
f 2672 2574 2673
f 2673 2574 2570
f 2673 2570 2674
f 2674 2570 2546
f 2674 2546 2675
f 2675 2546 2544
f 2675 2544 2676
f 2676 2544 2537
f 2676 2537 2677
f 2677 2537 2521
f 2677 2521 2678
f 2678 2521 2520
f 2678 2520 2679
f 2679 2520 2535
f 2679 2535 2680
f 2680 2535 2533
f 2680 2533 2681
f 2681 2533 2531
f 2681 2531 2682
f 2682 2531 2526
f 2682 2526 2683
f 2683 2526 2522
f 2683 2522 2684
f 2684 2522 2500
f 2684 2500 2685
f 2685 2500 2498
f 2685 2498 2686
f 2686 2498 2488
f 2686 2488 2659
f 2659 2488 2475
f 2687 2688 2689
f 2689 2688 2690
f 2689 2690 2691
f 2691 2690 2692
f 2691 2692 2693
f 2693 2692 2694
f 2693 2694 2695
f 2695 2694 2696
f 2695 2696 2697
f 2697 2696 2698
f 2697 2698 2699
f 2699 2698 1710
f 2699 1710 1708
f 2700 2701 2687
f 2687 2701 2702
f 2687 2702 2688
f 2688 2702 2703
f 2688 2703 2704
f 2704 2703 2705
f 2704 2705 2706
f 2706 2705 2707
f 2706 2707 2708
f 2708 2707 1717
f 2708 1717 1712
f 2701 2700 2709
f 2709 2700 2710
f 2709 2710 2711
f 2711 2710 2712
f 2711 2712 2713
f 2713 2712 2714
f 2713 2714 2715
f 2715 2714 2716
f 2715 2716 2717
f 2717 2716 2718
f 2717 2718 2719
f 2719 2718 2720
f 2719 2720 1726
f 1726 2720 1727
f 1727 2720 2721
f 1727 2721 1728
f 1728 2721 2722
f 1728 2722 1729
f 1729 2722 2723
f 1729 2723 1654
f 1654 2723 2724
f 1654 2724 2725
f 2725 2724 2726
f 2725 2726 2727
f 2727 2726 2728
f 2727 2728 2729
f 2729 2728 2730
f 2729 2730 2731
f 2731 2730 2732
f 2731 2732 2733
f 2712 2734 2714
f 2714 2734 2735
f 2714 2735 2716
f 2716 2735 2736
f 2716 2736 2718
f 2718 2736 2737
f 2718 2737 2720
f 2720 2737 2721
f 2734 2738 2735
f 2735 2738 2739
f 2735 2739 2736
f 2736 2739 2740
f 2736 2740 2737
f 2737 2740 2741
f 2737 2741 2721
f 2721 2741 2722
f 2739 2738 2742
f 2742 2738 2743
f 2742 2743 2744
f 2744 2743 2745
f 2744 2745 2746
f 2746 2745 2747
f 2746 2747 2748
f 2748 2747 2730
f 2748 2730 2728
f 2747 2732 2730
f 2749 2750 2733
f 2733 2750 2751
f 2733 2751 2731
f 2731 2751 2752
f 2731 2752 2729
f 2729 2752 2753
f 2729 2753 2727
f 2727 2753 2754
f 2727 2754 2725
f 2725 2754 1656
f 2725 1656 1654
f 2750 2749 2755
f 2755 2749 2756
f 2755 2756 2757
f 2757 2756 2758
f 2757 2758 2759
f 2759 2758 2760
f 2759 2760 2761
f 2761 2760 2762
f 2761 2762 2763
f 2763 2762 2764
f 2763 2764 2765
f 2765 2764 2766
f 2765 2766 1697
f 1697 2766 1695
f 1695 2766 2767
f 1695 2767 1693
f 1693 2767 2768
f 1693 2768 1692
f 1692 2768 2769
f 1692 2769 1690
f 1690 2769 2770
f 1690 2770 1688
f 1688 2770 2771
f 1688 2771 1686
f 1686 2771 2772
f 1686 2772 2773
f 2773 2772 2774
f 2773 2774 2775
f 2775 2774 2776
f 2775 2776 2777
f 2777 2776 2778
f 2777 2778 2779
f 2779 2778 2780
f 2779 2780 2781
f 2758 2782 2760
f 2760 2782 2783
f 2760 2783 2762
f 2762 2783 2784
f 2762 2784 2764
f 2764 2784 2785
f 2764 2785 2766
f 2766 2785 2767
f 2782 2786 2783
f 2783 2786 2787
f 2783 2787 2784
f 2784 2787 2788
f 2784 2788 2785
f 2785 2788 2789
f 2785 2789 2767
f 2767 2789 2768
f 2787 2786 2790
f 2790 2786 2791
f 2790 2791 2792
f 2792 2791 2793
f 2792 2793 2794
f 2794 2793 2795
f 2794 2795 2796
f 2796 2795 2797
f 2796 2797 2798
f 2798 2797 2799
f 2798 2799 2800
f 2800 2799 2774
f 2800 2774 2772
f 2795 2801 2797
f 2797 2801 2802
f 2797 2802 2799
f 2799 2802 2776
f 2799 2776 2774
f 2801 2780 2802
f 2802 2780 2778
f 2802 2778 2776
f 2779 2781 2803
f 2803 2781 2804
f 2803 2804 2805
f 2805 2804 2806
f 2805 2806 2807
f 2807 2806 2808
f 2807 2808 2809
f 2809 2808 2810
f 2809 2810 2811
f 2811 2810 2697
f 2811 2697 2699
f 2806 2812 2808
f 2808 2812 2813
f 2808 2813 2810
f 2810 2813 2695
f 2810 2695 2697
f 2812 2814 2813
f 2813 2814 2693
f 2813 2693 2695
f 2814 2691 2693
f 1697 1668 2765
f 2765 1668 2815
f 2765 2815 2763
f 2763 2815 2816
f 2763 2816 2761
f 2761 2816 2817
f 2761 2817 2759
f 2759 2817 2757
f 2815 1668 2818
f 2818 1668 1666
f 2818 1666 2819
f 2819 1666 1664
f 2819 1664 2820
f 2820 1664 1662
f 2820 1662 2821
f 2821 1662 1660
f 2821 1660 2822
f 2822 1660 1658
f 2822 1658 2754
f 2754 1658 1656
f 1726 1724 2719
f 2719 1724 2823
f 2719 2823 2717
f 2717 2823 2824
f 2717 2824 2715
f 2715 2824 2825
f 2715 2825 2713
f 2713 2825 2711
f 1724 1723 2823
f 2823 1723 2826
f 2823 2826 2824
f 2824 2826 2827
f 2824 2827 2825
f 2825 2827 2828
f 2825 2828 2711
f 2711 2828 2709
f 2826 1723 2829
f 2829 1723 1722
f 2829 1722 2830
f 2830 1722 1721
f 2830 1721 2831
f 2831 1721 1719
f 2831 1719 2832
f 2832 1719 1718
f 2832 1718 2707
f 2707 1718 1717
f 2708 1712 2833
f 2833 1712 1710
f 2833 1710 2698
f 2699 1708 2834
f 2834 1708 1706
f 2834 1706 2835
f 2835 1706 1704
f 2835 1704 2836
f 2836 1704 1702
f 2836 1702 2837
f 2837 1702 1700
f 2837 1700 2838
f 2838 1700 1684
f 2838 1684 2773
f 2773 1684 1686
f 2800 2772 2771
f 2688 2704 2690
f 2690 2704 2839
f 2690 2839 2692
f 2692 2839 2694
f 2704 2706 2839
f 2839 2706 2840
f 2839 2840 2694
f 2694 2840 2696
f 2706 2708 2840
f 2840 2708 2833
f 2840 2833 2696
f 2696 2833 2698
f 2703 2702 2841
f 2841 2702 2701
f 2841 2701 2842
f 2842 2701 2709
f 2842 2709 2828
f 2705 2703 2843
f 2843 2703 2841
f 2843 2841 2844
f 2844 2841 2842
f 2844 2842 2845
f 2845 2842 2828
f 2845 2828 2827
f 2707 2705 2832
f 2832 2705 2843
f 2832 2843 2831
f 2831 2843 2844
f 2831 2844 2830
f 2830 2844 2845
f 2830 2845 2829
f 2829 2845 2827
f 2829 2827 2826
f 2739 2742 2740
f 2740 2742 2846
f 2740 2846 2741
f 2741 2846 2847
f 2741 2847 2722
f 2722 2847 2723
f 2742 2744 2846
f 2846 2744 2848
f 2846 2848 2847
f 2847 2848 2849
f 2847 2849 2723
f 2723 2849 2724
f 2744 2746 2848
f 2848 2746 2850
f 2848 2850 2849
f 2849 2850 2726
f 2849 2726 2724
f 2748 2728 2850
f 2850 2728 2726
f 2746 2748 2850
f 2752 2751 2851
f 2851 2751 2750
f 2851 2750 2852
f 2852 2750 2755
f 2852 2755 2853
f 2853 2755 2757
f 2853 2757 2817
f 2753 2752 2854
f 2854 2752 2851
f 2854 2851 2855
f 2855 2851 2852
f 2855 2852 2856
f 2856 2852 2853
f 2856 2853 2857
f 2857 2853 2817
f 2857 2817 2816
f 2754 2753 2822
f 2822 2753 2854
f 2822 2854 2821
f 2821 2854 2855
f 2821 2855 2820
f 2820 2855 2856
f 2820 2856 2819
f 2819 2856 2857
f 2819 2857 2818
f 2818 2857 2816
f 2818 2816 2815
f 2787 2790 2788
f 2788 2790 2858
f 2788 2858 2789
f 2789 2858 2859
f 2789 2859 2768
f 2768 2859 2769
f 2790 2792 2858
f 2858 2792 2860
f 2858 2860 2859
f 2859 2860 2861
f 2859 2861 2769
f 2769 2861 2770
f 2792 2794 2860
f 2860 2794 2862
f 2860 2862 2861
f 2861 2862 2863
f 2861 2863 2770
f 2770 2863 2771
f 2796 2798 2862
f 2862 2798 2863
f 2771 2863 2800
f 2800 2863 2798
f 2794 2796 2862
f 2777 2779 2864
f 2864 2779 2803
f 2864 2803 2865
f 2865 2803 2805
f 2865 2805 2866
f 2866 2805 2807
f 2866 2807 2809
f 2838 2773 2775
f 2775 2777 2867
f 2867 2777 2864
f 2867 2864 2868
f 2868 2864 2865
f 2868 2865 2869
f 2869 2865 2866
f 2869 2866 2870
f 2870 2866 2809
f 2870 2809 2811
f 2837 2838 2867
f 2867 2838 2775
f 2837 2867 2868
f 2836 2837 2868
f 2836 2868 2869
f 2836 2869 2835
f 2835 2869 2870
f 2835 2870 2834
f 2834 2870 2811
f 2834 2811 2699
f 2871 2687 2872
f 2872 2687 2689
f 2872 2689 2873
f 2873 2689 2691
f 2873 2691 2874
f 2874 2691 2814
f 2874 2814 2875
f 2875 2814 2812
f 2875 2812 2876
f 2876 2812 2806
f 2876 2806 2877
f 2877 2806 2804
f 2877 2804 2878
f 2878 2804 2781
f 2878 2781 2879
f 2879 2781 2780
f 2879 2780 2880
f 2880 2780 2801
f 2880 2801 2881
f 2881 2801 2795
f 2881 2795 2882
f 2882 2795 2793
f 2882 2793 2883
f 2883 2793 2791
f 2883 2791 2884
f 2884 2791 2786
f 2884 2786 2885
f 2885 2786 2782
f 2885 2782 2886
f 2886 2782 2758
f 2886 2758 2887
f 2887 2758 2756
f 2887 2756 2888
f 2888 2756 2749
f 2888 2749 2889
f 2889 2749 2733
f 2889 2733 2890
f 2890 2733 2732
f 2890 2732 2891
f 2891 2732 2747
f 2891 2747 2892
f 2892 2747 2745
f 2892 2745 2893
f 2893 2745 2743
f 2893 2743 2894
f 2894 2743 2738
f 2894 2738 2895
f 2895 2738 2734
f 2895 2734 2896
f 2896 2734 2712
f 2896 2712 2897
f 2897 2712 2710
f 2897 2710 2898
f 2898 2710 2700
f 2898 2700 2871
f 2871 2700 2687
f 2899 2900 2901
f 2901 2900 2902
f 2901 2902 2903
f 2903 2902 2904
f 2903 2904 2905
f 2905 2904 2906
f 2905 2906 2907
f 2907 2906 2908
f 2907 2908 2909
f 2909 2908 2910
f 2909 2910 2911
f 2911 2910 1464
f 2911 1464 1465
f 2912 2913 2899
f 2899 2913 2914
f 2899 2914 2900
f 2900 2914 2915
f 2900 2915 2916
f 2916 2915 2917
f 2916 2917 2918
f 2918 2917 2919
f 2918 2919 2920
f 2920 2919 1682
f 2920 1682 1681
f 2913 2912 2921
f 2921 2912 2922
f 2921 2922 2923
f 2923 2922 2924
f 2923 2924 2925
f 2925 2924 2926
f 2925 2926 2927
f 2927 2926 2928
f 2927 2928 2929
f 2929 2928 2930
f 2929 2930 2931
f 2931 2930 2932
f 2931 2932 1707
f 1707 2932 1705
f 1705 2932 2933
f 1705 2933 1703
f 1703 2933 2934
f 1703 2934 1701
f 1701 2934 2935
f 1701 2935 1699
f 1699 2935 2936
f 1699 2936 2937
f 2937 2936 2938
f 2937 2938 2939
f 2939 2938 2940
f 2939 2940 2941
f 2941 2940 2942
f 2941 2942 2943
f 2943 2942 2944
f 2943 2944 2945
f 2924 2946 2926
f 2926 2946 2947
f 2926 2947 2928
f 2928 2947 2948
f 2928 2948 2930
f 2930 2948 2949
f 2930 2949 2932
f 2932 2949 2933
f 2946 2950 2947
f 2947 2950 2951
f 2947 2951 2948
f 2948 2951 2952
f 2948 2952 2949
f 2949 2952 2953
f 2949 2953 2933
f 2933 2953 2934
f 2951 2950 2954
f 2954 2950 2955
f 2954 2955 2956
f 2956 2955 2957
f 2956 2957 2958
f 2958 2957 2959
f 2958 2959 2960
f 2960 2959 2942
f 2960 2942 2940
f 2959 2944 2942
f 2961 2962 2945
f 2945 2962 2963
f 2945 2963 2943
f 2943 2963 2964
f 2943 2964 2941
f 2941 2964 2965
f 2941 2965 2939
f 2939 2965 2966
f 2939 2966 2937
f 2937 2966 1685
f 2937 1685 1699
f 2962 2961 2967
f 2967 2961 2968
f 2967 2968 2969
f 2969 2968 2970
f 2969 2970 2971
f 2971 2970 2972
f 2971 2972 2973
f 2973 2972 2974
f 2973 2974 2975
f 2975 2974 2976
f 2975 2976 2977
f 2977 2976 2978
f 2977 2978 1788
f 1788 2978 1485
f 1485 2978 2979
f 1485 2979 1483
f 1483 2979 2980
f 1483 2980 1481
f 1481 2980 2981
f 1481 2981 1479
f 1479 2981 2982
f 1479 2982 1477
f 1477 2982 2983
f 1477 2983 1475
f 1475 2983 2984
f 1475 2984 2985
f 2985 2984 2986
f 2985 2986 2987
f 2987 2986 2988
f 2987 2988 2989
f 2989 2988 2990
f 2989 2990 2991
f 2991 2990 2992
f 2991 2992 2993
f 2970 2994 2972
f 2972 2994 2995
f 2972 2995 2974
f 2974 2995 2996
f 2974 2996 2976
f 2976 2996 2997
f 2976 2997 2978
f 2978 2997 2979
f 2994 2998 2995
f 2995 2998 2999
f 2995 2999 2996
f 2996 2999 3000
f 2996 3000 2997
f 2997 3000 3001
f 2997 3001 2979
f 2979 3001 2980
f 2999 2998 3002
f 3002 2998 3003
f 3002 3003 3004
f 3004 3003 3005
f 3004 3005 3006
f 3006 3005 3007
f 3006 3007 3008
f 3008 3007 3009
f 3008 3009 3010
f 3010 3009 3011
f 3010 3011 3012
f 3012 3011 2986
f 3012 2986 2984
f 3007 3013 3009
f 3009 3013 3014
f 3009 3014 3011
f 3011 3014 2988
f 3011 2988 2986
f 3013 2992 3014
f 3014 2992 2990
f 3014 2990 2988
f 2991 2993 3015
f 3015 2993 3016
f 3015 3016 3017
f 3017 3016 3018
f 3017 3018 3019
f 3019 3018 3020
f 3019 3020 3021
f 3021 3020 3022
f 3021 3022 3023
f 3023 3022 2909
f 3023 2909 2911
f 3018 3024 3020
f 3020 3024 3025
f 3020 3025 3022
f 3022 3025 2907
f 3022 2907 2909
f 3024 3026 3025
f 3025 3026 2905
f 3025 2905 2907
f 3026 2903 2905
f 1788 1786 2977
f 2977 1786 3027
f 2977 3027 2975
f 2975 3027 3028
f 2975 3028 2973
f 2973 3028 3029
f 2973 3029 2971
f 2971 3029 2969
f 3027 1786 3030
f 3030 1786 1784
f 3030 1784 3031
f 3031 1784 1782
f 3031 1782 3032
f 3032 1782 1789
f 3032 1789 3033
f 3033 1789 1791
f 3033 1791 3034
f 3034 1791 1687
f 3034 1687 2966
f 2966 1687 1685
f 1707 1709 2931
f 2931 1709 3035
f 2931 3035 2929
f 2929 3035 3036
f 2929 3036 2927
f 2927 3036 3037
f 2927 3037 2925
f 2925 3037 2923
f 1709 1711 3035
f 3035 1711 3038
f 3035 3038 3036
f 3036 3038 3039
f 3036 3039 3037
f 3037 3039 3040
f 3037 3040 2923
f 2923 3040 2921
f 3038 1711 3041
f 3041 1711 1713
f 3041 1713 3042
f 3042 1713 1715
f 3042 1715 3043
f 3043 1715 1716
f 3043 1716 3044
f 3044 1716 1683
f 3044 1683 2919
f 2919 1683 1682
f 2920 1681 3045
f 3045 1681 1464
f 3045 1464 2910
f 2911 1465 3046
f 3046 1465 1466
f 3046 1466 3047
f 3047 1466 1467
f 3047 1467 3048
f 3048 1467 1469
f 3048 1469 3049
f 3049 1469 1471
f 3049 1471 3050
f 3050 1471 1473
f 3050 1473 2985
f 2985 1473 1475
f 3012 2984 2983
f 2900 2916 2902
f 2902 2916 3051
f 2902 3051 2904
f 2904 3051 2906
f 2916 2918 3051
f 3051 2918 3052
f 3051 3052 2906
f 2906 3052 2908
f 2918 2920 3052
f 3052 2920 3045
f 3052 3045 2908
f 2908 3045 2910
f 2915 2914 3053
f 3053 2914 2913
f 3053 2913 3054
f 3054 2913 2921
f 3054 2921 3040
f 2917 2915 3055
f 3055 2915 3053
f 3055 3053 3056
f 3056 3053 3054
f 3056 3054 3057
f 3057 3054 3040
f 3057 3040 3039
f 2919 2917 3044
f 3044 2917 3055
f 3044 3055 3043
f 3043 3055 3056
f 3043 3056 3042
f 3042 3056 3057
f 3042 3057 3041
f 3041 3057 3039
f 3041 3039 3038
f 2951 2954 2952
f 2952 2954 3058
f 2952 3058 2953
f 2953 3058 3059
f 2953 3059 2934
f 2934 3059 2935
f 2954 2956 3058
f 3058 2956 3060
f 3058 3060 3059
f 3059 3060 3061
f 3059 3061 2935
f 2935 3061 2936
f 2956 2958 3060
f 3060 2958 3062
f 3060 3062 3061
f 3061 3062 2938
f 3061 2938 2936
f 2960 2940 3062
f 3062 2940 2938
f 2958 2960 3062
f 2964 2963 3063
f 3063 2963 2962
f 3063 2962 3064
f 3064 2962 2967
f 3064 2967 3065
f 3065 2967 2969
f 3065 2969 3029
f 2965 2964 3066
f 3066 2964 3063
f 3066 3063 3067
f 3067 3063 3064
f 3067 3064 3068
f 3068 3064 3065
f 3068 3065 3069
f 3069 3065 3029
f 3069 3029 3028
f 2966 2965 3034
f 3034 2965 3066
f 3034 3066 3033
f 3033 3066 3067
f 3033 3067 3032
f 3032 3067 3068
f 3032 3068 3031
f 3031 3068 3069
f 3031 3069 3030
f 3030 3069 3028
f 3030 3028 3027
f 2999 3002 3000
f 3000 3002 3070
f 3000 3070 3001
f 3001 3070 3071
f 3001 3071 2980
f 2980 3071 2981
f 3002 3004 3070
f 3070 3004 3072
f 3070 3072 3071
f 3071 3072 3073
f 3071 3073 2981
f 2981 3073 2982
f 3004 3006 3072
f 3072 3006 3074
f 3072 3074 3073
f 3073 3074 3075
f 3073 3075 2982
f 2982 3075 2983
f 3008 3010 3074
f 3074 3010 3075
f 2983 3075 3012
f 3012 3075 3010
f 3006 3008 3074
f 2989 2991 3076
f 3076 2991 3015
f 3076 3015 3077
f 3077 3015 3017
f 3077 3017 3078
f 3078 3017 3019
f 3078 3019 3021
f 3050 2985 2987
f 2987 2989 3079
f 3079 2989 3076
f 3079 3076 3080
f 3080 3076 3077
f 3080 3077 3081
f 3081 3077 3078
f 3081 3078 3082
f 3082 3078 3021
f 3082 3021 3023
f 3049 3050 3079
f 3079 3050 2987
f 3049 3079 3080
f 3048 3049 3080
f 3048 3080 3081
f 3048 3081 3047
f 3047 3081 3082
f 3047 3082 3046
f 3046 3082 3023
f 3046 3023 2911
f 3083 2899 3084
f 3084 2899 2901
f 3084 2901 3085
f 3085 2901 2903
f 3085 2903 3086
f 3086 2903 3026
f 3086 3026 3087
f 3087 3026 3024
f 3087 3024 3088
f 3088 3024 3018
f 3088 3018 3089
f 3089 3018 3016
f 3089 3016 3090
f 3090 3016 2993
f 3090 2993 3091
f 3091 2993 2992
f 3091 2992 3092
f 3092 2992 3013
f 3092 3013 3093
f 3093 3013 3007
f 3093 3007 3094
f 3094 3007 3005
f 3094 3005 3095
f 3095 3005 3003
f 3095 3003 3096
f 3096 3003 2998
f 3096 2998 3097
f 3097 2998 2994
f 3097 2994 3098
f 3098 2994 2970
f 3098 2970 3099
f 3099 2970 2968
f 3099 2968 3100
f 3100 2968 2961
f 3100 2961 3101
f 3101 2961 2945
f 3101 2945 3102
f 3102 2945 2944
f 3102 2944 3103
f 3103 2944 2959
f 3103 2959 3104
f 3104 2959 2957
f 3104 2957 3105
f 3105 2957 2955
f 3105 2955 3106
f 3106 2955 2950
f 3106 2950 3107
f 3107 2950 2946
f 3107 2946 3108
f 3108 2946 2924
f 3108 2924 3109
f 3109 2924 2922
f 3109 2922 3110
f 3110 2922 2912
f 3110 2912 3083
f 3083 2912 2899
f 3111 3112 3113
f 3113 3112 3114
f 3113 3114 3115
f 3115 3114 3116
f 3115 3116 3117
f 3117 3116 3118
f 3117 3118 3119
f 3119 3118 3120
f 3119 3120 3121
f 3121 3120 3122
f 3121 3122 3123
f 3123 3122 1495
f 3123 1495 1494
f 3124 3125 3111
f 3111 3125 3126
f 3111 3126 3112
f 3112 3126 3127
f 3112 3127 3128
f 3128 3127 3129
f 3128 3129 3130
f 3130 3129 3131
f 3130 3131 3132
f 3132 3131 1468
f 3132 1468 1496
f 3125 3124 3133
f 3133 3124 3134
f 3133 3134 3135
f 3135 3134 3136
f 3135 3136 3137
f 3137 3136 3138
f 3137 3138 3139
f 3139 3138 3140
f 3139 3140 3141
f 3141 3140 3142
f 3141 3142 3143
f 3143 3142 3144
f 3143 3144 1482
f 1482 3144 1484
f 1484 3144 3145
f 1484 3145 1486
f 1486 3145 3146
f 1486 3146 1488
f 1488 3146 3147
f 1488 3147 1490
f 1490 3147 3148
f 1490 3148 3149
f 3149 3148 3150
f 3149 3150 3151
f 3151 3150 3152
f 3151 3152 3153
f 3153 3152 3154
f 3153 3154 3155
f 3155 3154 3156
f 3155 3156 3157
f 3136 3158 3138
f 3138 3158 3159
f 3138 3159 3140
f 3140 3159 3160
f 3140 3160 3142
f 3142 3160 3161
f 3142 3161 3144
f 3144 3161 3145
f 3158 3162 3159
f 3159 3162 3163
f 3159 3163 3160
f 3160 3163 3164
f 3160 3164 3161
f 3161 3164 3165
f 3161 3165 3145
f 3145 3165 3146
f 3163 3162 3166
f 3166 3162 3167
f 3166 3167 3168
f 3168 3167 3169
f 3168 3169 3170
f 3170 3169 3171
f 3170 3171 3172
f 3172 3171 3154
f 3172 3154 3152
f 3171 3156 3154
f 3173 3174 3157
f 3157 3174 3175
f 3157 3175 3155
f 3155 3175 3176
f 3155 3176 3153
f 3153 3176 3177
f 3153 3177 3151
f 3151 3177 3178
f 3151 3178 3149
f 3149 3178 1491
f 3149 1491 1490
f 3174 3173 3179
f 3179 3173 3180
f 3179 3180 3181
f 3181 3180 3182
f 3181 3182 3183
f 3183 3182 3184
f 3183 3184 3185
f 3185 3184 3186
f 3185 3186 3187
f 3187 3186 3188
f 3187 3188 3189
f 3189 3188 3190
f 3189 3190 1513
f 1513 3190 1511
f 1511 3190 3191
f 1511 3191 1509
f 1509 3191 3192
f 1509 3192 1507
f 1507 3192 3193
f 1507 3193 1505
f 1505 3193 3194
f 1505 3194 1503
f 1503 3194 3195
f 1503 3195 1502
f 1502 3195 3196
f 1502 3196 3197
f 3197 3196 3198
f 3197 3198 3199
f 3199 3198 3200
f 3199 3200 3201
f 3201 3200 3202
f 3201 3202 3203
f 3203 3202 3204
f 3203 3204 3205
f 3182 3206 3184
f 3184 3206 3207
f 3184 3207 3186
f 3186 3207 3208
f 3186 3208 3188
f 3188 3208 3209
f 3188 3209 3190
f 3190 3209 3191
f 3206 3210 3207
f 3207 3210 3211
f 3207 3211 3208
f 3208 3211 3212
f 3208 3212 3209
f 3209 3212 3213
f 3209 3213 3191
f 3191 3213 3192
f 3211 3210 3214
f 3214 3210 3215
f 3214 3215 3216
f 3216 3215 3217
f 3216 3217 3218
f 3218 3217 3219
f 3218 3219 3220
f 3220 3219 3221
f 3220 3221 3222
f 3222 3221 3223
f 3222 3223 3224
f 3224 3223 3198
f 3224 3198 3196
f 3219 3225 3221
f 3221 3225 3226
f 3221 3226 3223
f 3223 3226 3200
f 3223 3200 3198
f 3225 3204 3226
f 3226 3204 3202
f 3226 3202 3200
f 3203 3205 3227
f 3227 3205 3228
f 3227 3228 3229
f 3229 3228 3230
f 3229 3230 3231
f 3231 3230 3232
f 3231 3232 3233
f 3233 3232 3234
f 3233 3234 3235
f 3235 3234 3121
f 3235 3121 3123
f 3230 3236 3232
f 3232 3236 3237
f 3232 3237 3234
f 3234 3237 3119
f 3234 3119 3121
f 3236 3238 3237
f 3237 3238 3117
f 3237 3117 3119
f 3238 3115 3117
f 1513 1515 3189
f 3189 1515 3239
f 3189 3239 3187
f 3187 3239 3240
f 3187 3240 3185
f 3185 3240 3241
f 3185 3241 3183
f 3183 3241 3181
f 3239 1515 3242
f 3242 1515 1517
f 3242 1517 3243
f 3243 1517 1519
f 3243 1519 3244
f 3244 1519 1521
f 3244 1521 3245
f 3245 1521 1736
f 3245 1736 3246
f 3246 1736 1734
f 3246 1734 3178
f 3178 1734 1491
f 1482 1480 3143
f 3143 1480 3247
f 3143 3247 3141
f 3141 3247 3248
f 3141 3248 3139
f 3139 3248 3249
f 3139 3249 3137
f 3137 3249 3135
f 1480 1478 3247
f 3247 1478 3250
f 3247 3250 3248
f 3248 3250 3251
f 3248 3251 3249
f 3249 3251 3252
f 3249 3252 3135
f 3135 3252 3133
f 3250 1478 3253
f 3253 1478 1476
f 3253 1476 3254
f 3254 1476 1474
f 3254 1474 3255
f 3255 1474 1472
f 3255 1472 3256
f 3256 1472 1470
f 3256 1470 3131
f 3131 1470 1468
f 3132 1496 3257
f 3257 1496 1495
f 3257 1495 3122
f 3123 1494 3258
f 3258 1494 1732
f 3258 1732 3259
f 3259 1732 1731
f 3259 1731 3260
f 3260 1731 1730
f 3260 1730 3261
f 3261 1730 1500
f 3261 1500 3262
f 3262 1500 1501
f 3262 1501 3197
f 3197 1501 1502
f 3224 3196 3195
f 3112 3128 3114
f 3114 3128 3263
f 3114 3263 3116
f 3116 3263 3118
f 3128 3130 3263
f 3263 3130 3264
f 3263 3264 3118
f 3118 3264 3120
f 3130 3132 3264
f 3264 3132 3257
f 3264 3257 3120
f 3120 3257 3122
f 3127 3126 3265
f 3265 3126 3125
f 3265 3125 3266
f 3266 3125 3133
f 3266 3133 3252
f 3129 3127 3267
f 3267 3127 3265
f 3267 3265 3268
f 3268 3265 3266
f 3268 3266 3269
f 3269 3266 3252
f 3269 3252 3251
f 3131 3129 3256
f 3256 3129 3267
f 3256 3267 3255
f 3255 3267 3268
f 3255 3268 3254
f 3254 3268 3269
f 3254 3269 3253
f 3253 3269 3251
f 3253 3251 3250
f 3163 3166 3164
f 3164 3166 3270
f 3164 3270 3165
f 3165 3270 3271
f 3165 3271 3146
f 3146 3271 3147
f 3166 3168 3270
f 3270 3168 3272
f 3270 3272 3271
f 3271 3272 3273
f 3271 3273 3147
f 3147 3273 3148
f 3168 3170 3272
f 3272 3170 3274
f 3272 3274 3273
f 3273 3274 3150
f 3273 3150 3148
f 3172 3152 3274
f 3274 3152 3150
f 3170 3172 3274
f 3176 3175 3275
f 3275 3175 3174
f 3275 3174 3276
f 3276 3174 3179
f 3276 3179 3277
f 3277 3179 3181
f 3277 3181 3241
f 3177 3176 3278
f 3278 3176 3275
f 3278 3275 3279
f 3279 3275 3276
f 3279 3276 3280
f 3280 3276 3277
f 3280 3277 3281
f 3281 3277 3241
f 3281 3241 3240
f 3178 3177 3246
f 3246 3177 3278
f 3246 3278 3245
f 3245 3278 3279
f 3245 3279 3244
f 3244 3279 3280
f 3244 3280 3243
f 3243 3280 3281
f 3243 3281 3242
f 3242 3281 3240
f 3242 3240 3239
f 3211 3214 3212
f 3212 3214 3282
f 3212 3282 3213
f 3213 3282 3283
f 3213 3283 3192
f 3192 3283 3193
f 3214 3216 3282
f 3282 3216 3284
f 3282 3284 3283
f 3283 3284 3285
f 3283 3285 3193
f 3193 3285 3194
f 3216 3218 3284
f 3284 3218 3286
f 3284 3286 3285
f 3285 3286 3287
f 3285 3287 3194
f 3194 3287 3195
f 3220 3222 3286
f 3286 3222 3287
f 3195 3287 3224
f 3224 3287 3222
f 3218 3220 3286
f 3201 3203 3288
f 3288 3203 3227
f 3288 3227 3289
f 3289 3227 3229
f 3289 3229 3290
f 3290 3229 3231
f 3290 3231 3233
f 3262 3197 3199
f 3199 3201 3291
f 3291 3201 3288
f 3291 3288 3292
f 3292 3288 3289
f 3292 3289 3293
f 3293 3289 3290
f 3293 3290 3294
f 3294 3290 3233
f 3294 3233 3235
f 3261 3262 3291
f 3291 3262 3199
f 3261 3291 3292
f 3260 3261 3292
f 3260 3292 3293
f 3260 3293 3259
f 3259 3293 3294
f 3259 3294 3258
f 3258 3294 3235
f 3258 3235 3123
f 3295 3111 3296
f 3296 3111 3113
f 3296 3113 3297
f 3297 3113 3115
f 3297 3115 3298
f 3298 3115 3238
f 3298 3238 3299
f 3299 3238 3236
f 3299 3236 3300
f 3300 3236 3230
f 3300 3230 3301
f 3301 3230 3228
f 3301 3228 3302
f 3302 3228 3205
f 3302 3205 3303
f 3303 3205 3204
f 3303 3204 3304
f 3304 3204 3225
f 3304 3225 3305
f 3305 3225 3219
f 3305 3219 3306
f 3306 3219 3217
f 3306 3217 3307
f 3307 3217 3215
f 3307 3215 3308
f 3308 3215 3210
f 3308 3210 3309
f 3309 3210 3206
f 3309 3206 3310
f 3310 3206 3182
f 3310 3182 3311
f 3311 3182 3180
f 3311 3180 3312
f 3312 3180 3173
f 3312 3173 3313
f 3313 3173 3157
f 3313 3157 3314
f 3314 3157 3156
f 3314 3156 3315
f 3315 3156 3171
f 3315 3171 3316
f 3316 3171 3169
f 3316 3169 3317
f 3317 3169 3167
f 3317 3167 3318
f 3318 3167 3162
f 3318 3162 3319
f 3319 3162 3158
f 3319 3158 3320
f 3320 3158 3136
f 3320 3136 3321
f 3321 3136 3134
f 3321 3134 3322
f 3322 3134 3124
f 3322 3124 3295
f 3295 3124 3111
f 3323 3324 3325
f 3325 3324 3326
f 3325 3326 3327
f 3327 3326 3328
f 3327 3328 3329
f 3329 3328 3330
f 3329 3330 3331
f 3331 3330 3332
f 3331 3332 3333
f 3333 3332 3334
f 3333 3334 3335
f 3335 3334 1506
f 3335 1506 1537
f 3336 3337 3323
f 3323 3337 3338
f 3323 3338 3324
f 3324 3338 3339
f 3324 3339 3340
f 3340 3339 3341
f 3340 3341 3342
f 3342 3341 3343
f 3342 3343 3344
f 3344 3343 1510
f 3344 1510 1508
f 3337 3336 3345
f 3345 3336 3346
f 3345 3346 3347
f 3347 3346 3348
f 3347 3348 3349
f 3349 3348 3350
f 3349 3350 3351
f 3351 3350 3352
f 3351 3352 3353
f 3353 3352 3354
f 3353 3354 3355
f 3355 3354 3356
f 3355 3356 1524
f 1524 3356 1526
f 1526 3356 3357
f 1526 3357 1528
f 1528 3357 3358
f 1528 3358 1530
f 1530 3358 3359
f 1530 3359 1563
f 1563 3359 3360
f 1563 3360 3361
f 3361 3360 3362
f 3361 3362 3363
f 3363 3362 3364
f 3363 3364 3365
f 3365 3364 3366
f 3365 3366 3367
f 3367 3366 3368
f 3367 3368 3369
f 3348 3370 3350
f 3350 3370 3371
f 3350 3371 3352
f 3352 3371 3372
f 3352 3372 3354
f 3354 3372 3373
f 3354 3373 3356
f 3356 3373 3357
f 3370 3374 3371
f 3371 3374 3375
f 3371 3375 3372
f 3372 3375 3376
f 3372 3376 3373
f 3373 3376 3377
f 3373 3377 3357
f 3357 3377 3358
f 3375 3374 3378
f 3378 3374 3379
f 3378 3379 3380
f 3380 3379 3381
f 3380 3381 3382
f 3382 3381 3383
f 3382 3383 3384
f 3384 3383 3366
f 3384 3366 3364
f 3383 3368 3366
f 3385 3386 3369
f 3369 3386 3387
f 3369 3387 3367
f 3367 3387 3388
f 3367 3388 3365
f 3365 3388 3389
f 3365 3389 3363
f 3363 3389 3390
f 3363 3390 3361
f 3361 3390 1561
f 3361 1561 1563
f 3386 3385 3391
f 3391 3385 3392
f 3391 3392 3393
f 3393 3392 3394
f 3393 3394 3395
f 3395 3394 3396
f 3395 3396 3397
f 3397 3396 3398
f 3397 3398 3399
f 3399 3398 3400
f 3399 3400 3401
f 3401 3400 3402
f 3401 3402 1805
f 1805 3402 1806
f 1806 3402 3403
f 1806 3403 1543
f 1543 3403 3404
f 1543 3404 1544
f 1544 3404 3405
f 1544 3405 1545
f 1545 3405 3406
f 1545 3406 1807
f 1807 3406 3407
f 1807 3407 1539
f 1539 3407 3408
f 1539 3408 3409
f 3409 3408 3410
f 3409 3410 3411
f 3411 3410 3412
f 3411 3412 3413
f 3413 3412 3414
f 3413 3414 3415
f 3415 3414 3416
f 3415 3416 3417
f 3394 3418 3396
f 3396 3418 3419
f 3396 3419 3398
f 3398 3419 3420
f 3398 3420 3400
f 3400 3420 3421
f 3400 3421 3402
f 3402 3421 3403
f 3418 3422 3419
f 3419 3422 3423
f 3419 3423 3420
f 3420 3423 3424
f 3420 3424 3421
f 3421 3424 3425
f 3421 3425 3403
f 3403 3425 3404
f 3423 3422 3426
f 3426 3422 3427
f 3426 3427 3428
f 3428 3427 3429
f 3428 3429 3430
f 3430 3429 3431
f 3430 3431 3432
f 3432 3431 3433
f 3432 3433 3434
f 3434 3433 3435
f 3434 3435 3436
f 3436 3435 3410
f 3436 3410 3408
f 3431 3437 3433
f 3433 3437 3438
f 3433 3438 3435
f 3435 3438 3412
f 3435 3412 3410
f 3437 3416 3438
f 3438 3416 3414
f 3438 3414 3412
f 3415 3417 3439
f 3439 3417 3440
f 3439 3440 3441
f 3441 3440 3442
f 3441 3442 3443
f 3443 3442 3444
f 3443 3444 3445
f 3445 3444 3446
f 3445 3446 3447
f 3447 3446 3333
f 3447 3333 3335
f 3442 3448 3444
f 3444 3448 3449
f 3444 3449 3446
f 3446 3449 3331
f 3446 3331 3333
f 3448 3450 3449
f 3449 3450 3329
f 3449 3329 3331
f 3450 3327 3329
f 1805 1549 3401
f 3401 1549 3451
f 3401 3451 3399
f 3399 3451 3452
f 3399 3452 3397
f 3397 3452 3453
f 3397 3453 3395
f 3395 3453 3393
f 3451 1549 3454
f 3454 1549 1551
f 3454 1551 3455
f 3455 1551 1553
f 3455 1553 3456
f 3456 1553 1555
f 3456 1555 3457
f 3457 1555 1557
f 3457 1557 3458
f 3458 1557 1559
f 3458 1559 3390
f 3390 1559 1561
f 1524 1522 3355
f 3355 1522 3459
f 3355 3459 3353
f 3353 3459 3460
f 3353 3460 3351
f 3351 3460 3461
f 3351 3461 3349
f 3349 3461 3347
f 1522 1520 3459
f 3459 1520 3462
f 3459 3462 3460
f 3460 3462 3463
f 3460 3463 3461
f 3461 3463 3464
f 3461 3464 3347
f 3347 3464 3345
f 3462 1520 3465
f 3465 1520 1518
f 3465 1518 3466
f 3466 1518 1516
f 3466 1516 3467
f 3467 1516 1514
f 3467 1514 3468
f 3468 1514 1512
f 3468 1512 3343
f 3343 1512 1510
f 3344 1508 3469
f 3469 1508 1506
f 3469 1506 3334
f 3335 1537 3470
f 3470 1537 1536
f 3470 1536 3471
f 3471 1536 1535
f 3471 1535 3472
f 3472 1535 1804
f 3472 1804 3473
f 3473 1804 1541
f 3473 1541 3474
f 3474 1541 1540
f 3474 1540 3409
f 3409 1540 1539
f 3436 3408 3407
f 3324 3340 3326
f 3326 3340 3475
f 3326 3475 3328
f 3328 3475 3330
f 3340 3342 3475
f 3475 3342 3476
f 3475 3476 3330
f 3330 3476 3332
f 3342 3344 3476
f 3476 3344 3469
f 3476 3469 3332
f 3332 3469 3334
f 3339 3338 3477
f 3477 3338 3337
f 3477 3337 3478
f 3478 3337 3345
f 3478 3345 3464
f 3341 3339 3479
f 3479 3339 3477
f 3479 3477 3480
f 3480 3477 3478
f 3480 3478 3481
f 3481 3478 3464
f 3481 3464 3463
f 3343 3341 3468
f 3468 3341 3479
f 3468 3479 3467
f 3467 3479 3480
f 3467 3480 3466
f 3466 3480 3481
f 3466 3481 3465
f 3465 3481 3463
f 3465 3463 3462
f 3375 3378 3376
f 3376 3378 3482
f 3376 3482 3377
f 3377 3482 3483
f 3377 3483 3358
f 3358 3483 3359
f 3378 3380 3482
f 3482 3380 3484
f 3482 3484 3483
f 3483 3484 3485
f 3483 3485 3359
f 3359 3485 3360
f 3380 3382 3484
f 3484 3382 3486
f 3484 3486 3485
f 3485 3486 3362
f 3485 3362 3360
f 3384 3364 3486
f 3486 3364 3362
f 3382 3384 3486
f 3388 3387 3487
f 3487 3387 3386
f 3487 3386 3488
f 3488 3386 3391
f 3488 3391 3489
f 3489 3391 3393
f 3489 3393 3453
f 3389 3388 3490
f 3490 3388 3487
f 3490 3487 3491
f 3491 3487 3488
f 3491 3488 3492
f 3492 3488 3489
f 3492 3489 3493
f 3493 3489 3453
f 3493 3453 3452
f 3390 3389 3458
f 3458 3389 3490
f 3458 3490 3457
f 3457 3490 3491
f 3457 3491 3456
f 3456 3491 3492
f 3456 3492 3455
f 3455 3492 3493
f 3455 3493 3454
f 3454 3493 3452
f 3454 3452 3451
f 3423 3426 3424
f 3424 3426 3494
f 3424 3494 3425
f 3425 3494 3495
f 3425 3495 3404
f 3404 3495 3405
f 3426 3428 3494
f 3494 3428 3496
f 3494 3496 3495
f 3495 3496 3497
f 3495 3497 3405
f 3405 3497 3406
f 3428 3430 3496
f 3496 3430 3498
f 3496 3498 3497
f 3497 3498 3499
f 3497 3499 3406
f 3406 3499 3407
f 3432 3434 3498
f 3498 3434 3499
f 3407 3499 3436
f 3436 3499 3434
f 3430 3432 3498
f 3413 3415 3500
f 3500 3415 3439
f 3500 3439 3501
f 3501 3439 3441
f 3501 3441 3502
f 3502 3441 3443
f 3502 3443 3445
f 3474 3409 3411
f 3411 3413 3503
f 3503 3413 3500
f 3503 3500 3504
f 3504 3500 3501
f 3504 3501 3505
f 3505 3501 3502
f 3505 3502 3506
f 3506 3502 3445
f 3506 3445 3447
f 3473 3474 3503
f 3503 3474 3411
f 3473 3503 3504
f 3472 3473 3504
f 3472 3504 3505
f 3472 3505 3471
f 3471 3505 3506
f 3471 3506 3470
f 3470 3506 3447
f 3470 3447 3335
f 3507 3323 3508
f 3508 3323 3325
f 3508 3325 3509
f 3509 3325 3327
f 3509 3327 3510
f 3510 3327 3450
f 3510 3450 3511
f 3511 3450 3448
f 3511 3448 3512
f 3512 3448 3442
f 3512 3442 3513
f 3513 3442 3440
f 3513 3440 3514
f 3514 3440 3417
f 3514 3417 3515
f 3515 3417 3416
f 3515 3416 3516
f 3516 3416 3437
f 3516 3437 3517
f 3517 3437 3431
f 3517 3431 3518
f 3518 3431 3429
f 3518 3429 3519
f 3519 3429 3427
f 3519 3427 3520
f 3520 3427 3422
f 3520 3422 3521
f 3521 3422 3418
f 3521 3418 3522
f 3522 3418 3394
f 3522 3394 3523
f 3523 3394 3392
f 3523 3392 3524
f 3524 3392 3385
f 3524 3385 3525
f 3525 3385 3369
f 3525 3369 3526
f 3526 3369 3368
f 3526 3368 3527
f 3527 3368 3383
f 3527 3383 3528
f 3528 3383 3381
f 3528 3381 3529
f 3529 3381 3379
f 3529 3379 3530
f 3530 3379 3374
f 3530 3374 3531
f 3531 3374 3370
f 3531 3370 3532
f 3532 3370 3348
f 3532 3348 3533
f 3533 3348 3346
f 3533 3346 3534
f 3534 3346 3336
f 3534 3336 3507
f 3507 3336 3323
f 3535 3536 3537
f 3537 3536 3538
f 3537 3538 3539
f 3539 3538 3540
f 3539 3540 3541
f 3541 3540 3542
f 3541 3542 3543
f 3543 3542 3544
f 3543 3544 3545
f 3545 3544 3546
f 3545 3546 3547
f 3547 3546 1558
f 3547 1558 1556
f 3548 3549 3535
f 3535 3549 3550
f 3535 3550 3536
f 3536 3550 3551
f 3536 3551 3552
f 3552 3551 3553
f 3552 3553 3554
f 3554 3553 3555
f 3554 3555 3556
f 3556 3555 1562
f 3556 1562 1560
f 3549 3548 3557
f 3557 3548 3558
f 3557 3558 3559
f 3559 3558 3560
f 3559 3560 3561
f 3561 3560 3562
f 3561 3562 3563
f 3563 3562 3564
f 3563 3564 3565
f 3565 3564 3566
f 3565 3566 3567
f 3567 3566 3568
f 3567 3568 1749
f 1749 3568 1751
f 1751 3568 3569
f 1751 3569 1753
f 1753 3569 3570
f 1753 3570 1755
f 1755 3570 3571
f 1755 3571 1757
f 1757 3571 3572
f 1757 3572 3573
f 3573 3572 3574
f 3573 3574 3575
f 3575 3574 3576
f 3575 3576 3577
f 3577 3576 3578
f 3577 3578 3579
f 3579 3578 3580
f 3579 3580 3581
f 3560 3582 3562
f 3562 3582 3583
f 3562 3583 3564
f 3564 3583 3584
f 3564 3584 3566
f 3566 3584 3585
f 3566 3585 3568
f 3568 3585 3569
f 3582 3586 3583
f 3583 3586 3587
f 3583 3587 3584
f 3584 3587 3588
f 3584 3588 3585
f 3585 3588 3589
f 3585 3589 3569
f 3569 3589 3570
f 3587 3586 3590
f 3590 3586 3591
f 3590 3591 3592
f 3592 3591 3593
f 3592 3593 3594
f 3594 3593 3595
f 3594 3595 3596
f 3596 3595 3578
f 3596 3578 3576
f 3595 3580 3578
f 3597 3598 3581
f 3581 3598 3599
f 3581 3599 3579
f 3579 3599 3600
f 3579 3600 3577
f 3577 3600 3601
f 3577 3601 3575
f 3575 3601 3602
f 3575 3602 3573
f 3573 3602 1759
f 3573 1759 1757
f 3598 3597 3603
f 3603 3597 3604
f 3603 3604 3605
f 3605 3604 3606
f 3605 3606 3607
f 3607 3606 3608
f 3607 3608 3609
f 3609 3608 3610
f 3609 3610 3611
f 3611 3610 3612
f 3611 3612 3613
f 3613 3612 3614
f 3613 3614 1571
f 1571 3614 1570
f 1570 3614 3615
f 1570 3615 1569
f 1569 3615 3616
f 1569 3616 1568
f 1568 3616 3617
f 1568 3617 1567
f 1567 3617 3618
f 1567 3618 1738
f 1738 3618 3619
f 1738 3619 1739
f 1739 3619 3620
f 1739 3620 3621
f 3621 3620 3622
f 3621 3622 3623
f 3623 3622 3624
f 3623 3624 3625
f 3625 3624 3626
f 3625 3626 3627
f 3627 3626 3628
f 3627 3628 3629
f 3606 3630 3608
f 3608 3630 3631
f 3608 3631 3610
f 3610 3631 3632
f 3610 3632 3612
f 3612 3632 3633
f 3612 3633 3614
f 3614 3633 3615
f 3630 3634 3631
f 3631 3634 3635
f 3631 3635 3632
f 3632 3635 3636
f 3632 3636 3633
f 3633 3636 3637
f 3633 3637 3615
f 3615 3637 3616
f 3635 3634 3638
f 3638 3634 3639
f 3638 3639 3640
f 3640 3639 3641
f 3640 3641 3642
f 3642 3641 3643
f 3642 3643 3644
f 3644 3643 3645
f 3644 3645 3646
f 3646 3645 3647
f 3646 3647 3648
f 3648 3647 3622
f 3648 3622 3620
f 3643 3649 3645
f 3645 3649 3650
f 3645 3650 3647
f 3647 3650 3624
f 3647 3624 3622
f 3649 3628 3650
f 3650 3628 3626
f 3650 3626 3624
f 3627 3629 3651
f 3651 3629 3652
f 3651 3652 3653
f 3653 3652 3654
f 3653 3654 3655
f 3655 3654 3656
f 3655 3656 3657
f 3657 3656 3658
f 3657 3658 3659
f 3659 3658 3545
f 3659 3545 3547
f 3654 3660 3656
f 3656 3660 3661
f 3656 3661 3658
f 3658 3661 3543
f 3658 3543 3545
f 3660 3662 3661
f 3661 3662 3541
f 3661 3541 3543
f 3662 3539 3541
f 1571 1573 3613
f 3613 1573 3663
f 3613 3663 3611
f 3611 3663 3664
f 3611 3664 3609
f 3609 3664 3665
f 3609 3665 3607
f 3607 3665 3605
f 3663 1573 3666
f 3666 1573 1574
f 3666 1574 3667
f 3667 1574 1575
f 3667 1575 3668
f 3668 1575 1765
f 3668 1765 3669
f 3669 1765 1763
f 3669 1763 3670
f 3670 1763 1761
f 3670 1761 3602
f 3602 1761 1759
f 1749 1747 3567
f 3567 1747 3671
f 3567 3671 3565
f 3565 3671 3672
f 3565 3672 3563
f 3563 3672 3673
f 3563 3673 3561
f 3561 3673 3559
f 1747 1745 3671
f 3671 1745 3674
f 3671 3674 3672
f 3672 3674 3675
f 3672 3675 3673
f 3673 3675 3676
f 3673 3676 3559
f 3559 3676 3557
f 3674 1745 3677
f 3677 1745 1743
f 3677 1743 3678
f 3678 1743 1741
f 3678 1741 3679
f 3679 1741 1533
f 3679 1533 3680
f 3680 1533 1532
f 3680 1532 3555
f 3555 1532 1562
f 3556 1560 3681
f 3681 1560 1558
f 3681 1558 3546
f 3547 1556 3682
f 3682 1556 1554
f 3682 1554 3683
f 3683 1554 1552
f 3683 1552 3684
f 3684 1552 1550
f 3684 1550 3685
f 3685 1550 1548
f 3685 1548 3686
f 3686 1548 1547
f 3686 1547 3621
f 3621 1547 1739
f 3648 3620 3619
f 3536 3552 3538
f 3538 3552 3687
f 3538 3687 3540
f 3540 3687 3542
f 3552 3554 3687
f 3687 3554 3688
f 3687 3688 3542
f 3542 3688 3544
f 3554 3556 3688
f 3688 3556 3681
f 3688 3681 3544
f 3544 3681 3546
f 3551 3550 3689
f 3689 3550 3549
f 3689 3549 3690
f 3690 3549 3557
f 3690 3557 3676
f 3553 3551 3691
f 3691 3551 3689
f 3691 3689 3692
f 3692 3689 3690
f 3692 3690 3693
f 3693 3690 3676
f 3693 3676 3675
f 3555 3553 3680
f 3680 3553 3691
f 3680 3691 3679
f 3679 3691 3692
f 3679 3692 3678
f 3678 3692 3693
f 3678 3693 3677
f 3677 3693 3675
f 3677 3675 3674
f 3587 3590 3588
f 3588 3590 3694
f 3588 3694 3589
f 3589 3694 3695
f 3589 3695 3570
f 3570 3695 3571
f 3590 3592 3694
f 3694 3592 3696
f 3694 3696 3695
f 3695 3696 3697
f 3695 3697 3571
f 3571 3697 3572
f 3592 3594 3696
f 3696 3594 3698
f 3696 3698 3697
f 3697 3698 3574
f 3697 3574 3572
f 3596 3576 3698
f 3698 3576 3574
f 3594 3596 3698
f 3600 3599 3699
f 3699 3599 3598
f 3699 3598 3700
f 3700 3598 3603
f 3700 3603 3701
f 3701 3603 3605
f 3701 3605 3665
f 3601 3600 3702
f 3702 3600 3699
f 3702 3699 3703
f 3703 3699 3700
f 3703 3700 3704
f 3704 3700 3701
f 3704 3701 3705
f 3705 3701 3665
f 3705 3665 3664
f 3602 3601 3670
f 3670 3601 3702
f 3670 3702 3669
f 3669 3702 3703
f 3669 3703 3668
f 3668 3703 3704
f 3668 3704 3667
f 3667 3704 3705
f 3667 3705 3666
f 3666 3705 3664
f 3666 3664 3663
f 3635 3638 3636
f 3636 3638 3706
f 3636 3706 3637
f 3637 3706 3707
f 3637 3707 3616
f 3616 3707 3617
f 3638 3640 3706
f 3706 3640 3708
f 3706 3708 3707
f 3707 3708 3709
f 3707 3709 3617
f 3617 3709 3618
f 3640 3642 3708
f 3708 3642 3710
f 3708 3710 3709
f 3709 3710 3711
f 3709 3711 3618
f 3618 3711 3619
f 3644 3646 3710
f 3710 3646 3711
f 3619 3711 3648
f 3648 3711 3646
f 3642 3644 3710
f 3625 3627 3712
f 3712 3627 3651
f 3712 3651 3713
f 3713 3651 3653
f 3713 3653 3714
f 3714 3653 3655
f 3714 3655 3657
f 3686 3621 3623
f 3623 3625 3715
f 3715 3625 3712
f 3715 3712 3716
f 3716 3712 3713
f 3716 3713 3717
f 3717 3713 3714
f 3717 3714 3718
f 3718 3714 3657
f 3718 3657 3659
f 3685 3686 3715
f 3715 3686 3623
f 3685 3715 3716
f 3684 3685 3716
f 3684 3716 3717
f 3684 3717 3683
f 3683 3717 3718
f 3683 3718 3682
f 3682 3718 3659
f 3682 3659 3547
f 3719 3535 3720
f 3720 3535 3537
f 3720 3537 3721
f 3721 3537 3539
f 3721 3539 3722
f 3722 3539 3662
f 3722 3662 3723
f 3723 3662 3660
f 3723 3660 3724
f 3724 3660 3654
f 3724 3654 3725
f 3725 3654 3652
f 3725 3652 3726
f 3726 3652 3629
f 3726 3629 3727
f 3727 3629 3628
f 3727 3628 3728
f 3728 3628 3649
f 3728 3649 3729
f 3729 3649 3643
f 3729 3643 3730
f 3730 3643 3641
f 3730 3641 3731
f 3731 3641 3639
f 3731 3639 3732
f 3732 3639 3634
f 3732 3634 3733
f 3733 3634 3630
f 3733 3630 3734
f 3734 3630 3606
f 3734 3606 3735
f 3735 3606 3604
f 3735 3604 3736
f 3736 3604 3597
f 3736 3597 3737
f 3737 3597 3581
f 3737 3581 3738
f 3738 3581 3580
f 3738 3580 3739
f 3739 3580 3595
f 3739 3595 3740
f 3740 3595 3593
f 3740 3593 3741
f 3741 3593 3591
f 3741 3591 3742
f 3742 3591 3586
f 3742 3586 3743
f 3743 3586 3582
f 3743 3582 3744
f 3744 3582 3560
f 3744 3560 3745
f 3745 3560 3558
f 3745 3558 3746
f 3746 3558 3548
f 3746 3548 3719
f 3719 3548 3535
f 3747 3748 3749
f 3749 3748 3750
f 3749 3750 3751
f 3751 3750 3752
f 3751 3752 3753
f 3753 3752 3754
f 3753 3754 3755
f 3755 3754 3756
f 3755 3756 3757
f 3757 3756 3758
f 3757 3758 3759
f 3759 3758 1799
f 3759 1799 1801
f 3760 3761 3747
f 3747 3761 3762
f 3747 3762 3748
f 3748 3762 3763
f 3748 3763 3764
f 3764 3763 3765
f 3764 3765 3766
f 3766 3765 3767
f 3766 3767 3768
f 3768 3767 1796
f 3768 1796 1797
f 3761 3760 3769
f 3769 3760 3770
f 3769 3770 3771
f 3771 3770 3772
f 3771 3772 3773
f 3773 3772 3774
f 3773 3774 3775
f 3775 3774 3776
f 3775 3776 3777
f 3777 3776 3778
f 3777 3778 3779
f 3779 3778 3780
f 3779 3780 1598
f 1598 3780 1596
f 1596 3780 3781
f 1596 3781 1594
f 1594 3781 3782
f 1594 3782 1592
f 1592 3782 3783
f 1592 3783 1590
f 1590 3783 3784
f 1590 3784 3785
f 3785 3784 3786
f 3785 3786 3787
f 3787 3786 3788
f 3787 3788 3789
f 3789 3788 3790
f 3789 3790 3791
f 3791 3790 3792
f 3791 3792 3793
f 3772 3794 3774
f 3774 3794 3795
f 3774 3795 3776
f 3776 3795 3796
f 3776 3796 3778
f 3778 3796 3797
f 3778 3797 3780
f 3780 3797 3781
f 3794 3798 3795
f 3795 3798 3799
f 3795 3799 3796
f 3796 3799 3800
f 3796 3800 3797
f 3797 3800 3801
f 3797 3801 3781
f 3781 3801 3782
f 3799 3798 3802
f 3802 3798 3803
f 3802 3803 3804
f 3804 3803 3805
f 3804 3805 3806
f 3806 3805 3807
f 3806 3807 3808
f 3808 3807 3790
f 3808 3790 3788
f 3807 3792 3790
f 3809 3810 3793
f 3793 3810 3811
f 3793 3811 3791
f 3791 3811 3812
f 3791 3812 3789
f 3789 3812 3813
f 3789 3813 3787
f 3787 3813 3814
f 3787 3814 3785
f 3785 3814 1588
f 3785 1588 1590
f 3810 3809 3815
f 3815 3809 3816
f 3815 3816 3817
f 3817 3816 3818
f 3817 3818 3819
f 3819 3818 3820
f 3819 3820 3821
f 3821 3820 3822
f 3821 3822 3823
f 3823 3822 3824
f 3823 3824 3825
f 3825 3824 3826
f 3825 3826 1802
f 1802 3826 1803
f 1803 3826 3827
f 1803 3827 1576
f 1576 3827 3828
f 1576 3828 1577
f 1577 3828 3829
f 1577 3829 1764
f 1764 3829 3830
f 1764 3830 1762
f 1762 3830 3831
f 1762 3831 1760
f 1760 3831 3832
f 1760 3832 3833
f 3833 3832 3834
f 3833 3834 3835
f 3835 3834 3836
f 3835 3836 3837
f 3837 3836 3838
f 3837 3838 3839
f 3839 3838 3840
f 3839 3840 3841
f 3818 3842 3820
f 3820 3842 3843
f 3820 3843 3822
f 3822 3843 3844
f 3822 3844 3824
f 3824 3844 3845
f 3824 3845 3826
f 3826 3845 3827
f 3842 3846 3843
f 3843 3846 3847
f 3843 3847 3844
f 3844 3847 3848
f 3844 3848 3845
f 3845 3848 3849
f 3845 3849 3827
f 3827 3849 3828
f 3847 3846 3850
f 3850 3846 3851
f 3850 3851 3852
f 3852 3851 3853
f 3852 3853 3854
f 3854 3853 3855
f 3854 3855 3856
f 3856 3855 3857
f 3856 3857 3858
f 3858 3857 3859
f 3858 3859 3860
f 3860 3859 3834
f 3860 3834 3832
f 3855 3861 3857
f 3857 3861 3862
f 3857 3862 3859
f 3859 3862 3836
f 3859 3836 3834
f 3861 3840 3862
f 3862 3840 3838
f 3862 3838 3836
f 3839 3841 3863
f 3863 3841 3864
f 3863 3864 3865
f 3865 3864 3866
f 3865 3866 3867
f 3867 3866 3868
f 3867 3868 3869
f 3869 3868 3870
f 3869 3870 3871
f 3871 3870 3757
f 3871 3757 3759
f 3866 3872 3868
f 3868 3872 3873
f 3868 3873 3870
f 3870 3873 3755
f 3870 3755 3757
f 3872 3874 3873
f 3873 3874 3753
f 3873 3753 3755
f 3874 3751 3753
f 1802 1580 3825
f 3825 1580 3875
f 3825 3875 3823
f 3823 3875 3876
f 3823 3876 3821
f 3821 3876 3877
f 3821 3877 3819
f 3819 3877 3817
f 3875 1580 3878
f 3878 1580 1581
f 3878 1581 3879
f 3879 1581 1583
f 3879 1583 3880
f 3880 1583 1584
f 3880 1584 3881
f 3881 1584 1586
f 3881 1586 3882
f 3882 1586 1587
f 3882 1587 3814
f 3814 1587 1588
f 1598 1600 3779
f 3779 1600 3883
f 3779 3883 3777
f 3777 3883 3884
f 3777 3884 3775
f 3775 3884 3885
f 3775 3885 3773
f 3773 3885 3771
f 1600 1602 3883
f 3883 1602 3886
f 3883 3886 3884
f 3884 3886 3887
f 3884 3887 3885
f 3885 3887 3888
f 3885 3888 3771
f 3771 3888 3769
f 3886 1602 3889
f 3889 1602 1604
f 3889 1604 3890
f 3890 1604 1606
f 3890 1606 3891
f 3891 1606 1792
f 3891 1792 3892
f 3892 1792 1794
f 3892 1794 3767
f 3767 1794 1796
f 3768 1797 3893
f 3893 1797 1799
f 3893 1799 3758
f 3759 1801 3894
f 3894 1801 1750
f 3894 1750 3895
f 3895 1750 1752
f 3895 1752 3896
f 3896 1752 1754
f 3896 1754 3897
f 3897 1754 1756
f 3897 1756 3898
f 3898 1756 1758
f 3898 1758 3833
f 3833 1758 1760
f 3860 3832 3831
f 3748 3764 3750
f 3750 3764 3899
f 3750 3899 3752
f 3752 3899 3754
f 3764 3766 3899
f 3899 3766 3900
f 3899 3900 3754
f 3754 3900 3756
f 3766 3768 3900
f 3900 3768 3893
f 3900 3893 3756
f 3756 3893 3758
f 3763 3762 3901
f 3901 3762 3761
f 3901 3761 3902
f 3902 3761 3769
f 3902 3769 3888
f 3765 3763 3903
f 3903 3763 3901
f 3903 3901 3904
f 3904 3901 3902
f 3904 3902 3905
f 3905 3902 3888
f 3905 3888 3887
f 3767 3765 3892
f 3892 3765 3903
f 3892 3903 3891
f 3891 3903 3904
f 3891 3904 3890
f 3890 3904 3905
f 3890 3905 3889
f 3889 3905 3887
f 3889 3887 3886
f 3799 3802 3800
f 3800 3802 3906
f 3800 3906 3801
f 3801 3906 3907
f 3801 3907 3782
f 3782 3907 3783
f 3802 3804 3906
f 3906 3804 3908
f 3906 3908 3907
f 3907 3908 3909
f 3907 3909 3783
f 3783 3909 3784
f 3804 3806 3908
f 3908 3806 3910
f 3908 3910 3909
f 3909 3910 3786
f 3909 3786 3784
f 3808 3788 3910
f 3910 3788 3786
f 3806 3808 3910
f 3812 3811 3911
f 3911 3811 3810
f 3911 3810 3912
f 3912 3810 3815
f 3912 3815 3913
f 3913 3815 3817
f 3913 3817 3877
f 3813 3812 3914
f 3914 3812 3911
f 3914 3911 3915
f 3915 3911 3912
f 3915 3912 3916
f 3916 3912 3913
f 3916 3913 3917
f 3917 3913 3877
f 3917 3877 3876
f 3814 3813 3882
f 3882 3813 3914
f 3882 3914 3881
f 3881 3914 3915
f 3881 3915 3880
f 3880 3915 3916
f 3880 3916 3879
f 3879 3916 3917
f 3879 3917 3878
f 3878 3917 3876
f 3878 3876 3875
f 3847 3850 3848
f 3848 3850 3918
f 3848 3918 3849
f 3849 3918 3919
f 3849 3919 3828
f 3828 3919 3829
f 3850 3852 3918
f 3918 3852 3920
f 3918 3920 3919
f 3919 3920 3921
f 3919 3921 3829
f 3829 3921 3830
f 3852 3854 3920
f 3920 3854 3922
f 3920 3922 3921
f 3921 3922 3923
f 3921 3923 3830
f 3830 3923 3831
f 3856 3858 3922
f 3922 3858 3923
f 3831 3923 3860
f 3860 3923 3858
f 3854 3856 3922
f 3837 3839 3924
f 3924 3839 3863
f 3924 3863 3925
f 3925 3863 3865
f 3925 3865 3926
f 3926 3865 3867
f 3926 3867 3869
f 3898 3833 3835
f 3835 3837 3927
f 3927 3837 3924
f 3927 3924 3928
f 3928 3924 3925
f 3928 3925 3929
f 3929 3925 3926
f 3929 3926 3930
f 3930 3926 3869
f 3930 3869 3871
f 3897 3898 3927
f 3927 3898 3835
f 3897 3927 3928
f 3896 3897 3928
f 3896 3928 3929
f 3896 3929 3895
f 3895 3929 3930
f 3895 3930 3894
f 3894 3930 3871
f 3894 3871 3759
f 3931 3747 3932
f 3932 3747 3749
f 3932 3749 3933
f 3933 3749 3751
f 3933 3751 3934
f 3934 3751 3874
f 3934 3874 3935
f 3935 3874 3872
f 3935 3872 3936
f 3936 3872 3866
f 3936 3866 3937
f 3937 3866 3864
f 3937 3864 3938
f 3938 3864 3841
f 3938 3841 3939
f 3939 3841 3840
f 3939 3840 3940
f 3940 3840 3861
f 3940 3861 3941
f 3941 3861 3855
f 3941 3855 3942
f 3942 3855 3853
f 3942 3853 3943
f 3943 3853 3851
f 3943 3851 3944
f 3944 3851 3846
f 3944 3846 3945
f 3945 3846 3842
f 3945 3842 3946
f 3946 3842 3818
f 3946 3818 3947
f 3947 3818 3816
f 3947 3816 3948
f 3948 3816 3809
f 3948 3809 3949
f 3949 3809 3793
f 3949 3793 3950
f 3950 3793 3792
f 3950 3792 3951
f 3951 3792 3807
f 3951 3807 3952
f 3952 3807 3805
f 3952 3805 3953
f 3953 3805 3803
f 3953 3803 3954
f 3954 3803 3798
f 3954 3798 3955
f 3955 3798 3794
f 3955 3794 3956
f 3956 3794 3772
f 3956 3772 3957
f 3957 3772 3770
f 3957 3770 3958
f 3958 3770 3760
f 3958 3760 3931
f 3931 3760 3747
f 3959 3960 3961
f 3961 3960 3962
f 3961 3962 3963
f 3963 3962 3964
f 3963 3964 3965
f 3965 3964 3966
f 3965 3966 3967
f 3967 3966 3968
f 3967 3968 3969
f 3969 3968 3970
f 3969 3970 3971
f 3971 3970 1619
f 3971 1619 1617
f 3972 3973 3959
f 3959 3973 3974
f 3959 3974 3960
f 3960 3974 3975
f 3960 3975 3976
f 3976 3975 3977
f 3976 3977 3978
f 3978 3977 3979
f 3978 3979 3980
f 3980 3979 1624
f 3980 1624 1622
f 3973 3972 3981
f 3981 3972 3982
f 3981 3982 3983
f 3983 3982 3984
f 3983 3984 3985
f 3985 3984 3986
f 3985 3986 3987
f 3987 3986 3988
f 3987 3988 3989
f 3989 3988 3990
f 3989 3990 3991
f 3991 3990 3992
f 3991 3992 1767
f 1767 3992 1769
f 1769 3992 3993
f 1769 3993 1770
f 1770 3993 3994
f 1770 3994 1771
f 1771 3994 3995
f 1771 3995 1775
f 1775 3995 3996
f 1775 3996 3997
f 3997 3996 3998
f 3997 3998 3999
f 3999 3998 4000
f 3999 4000 4001
f 4001 4000 4002
f 4001 4002 4003
f 4003 4002 4004
f 4003 4004 4005
f 3984 4006 3986
f 3986 4006 4007
f 3986 4007 3988
f 3988 4007 4008
f 3988 4008 3990
f 3990 4008 4009
f 3990 4009 3992
f 3992 4009 3993
f 4006 4010 4007
f 4007 4010 4011
f 4007 4011 4008
f 4008 4011 4012
f 4008 4012 4009
f 4009 4012 4013
f 4009 4013 3993
f 3993 4013 3994
f 4011 4010 4014
f 4014 4010 4015
f 4014 4015 4016
f 4016 4015 4017
f 4016 4017 4018
f 4018 4017 4019
f 4018 4019 4020
f 4020 4019 4002
f 4020 4002 4000
f 4019 4004 4002
f 4021 4022 4005
f 4005 4022 4023
f 4005 4023 4003
f 4003 4023 4024
f 4003 4024 4001
f 4001 4024 4025
f 4001 4025 3999
f 3999 4025 4026
f 3999 4026 3997
f 3997 4026 1776
f 3997 1776 1775
f 4022 4021 4027
f 4027 4021 4028
f 4027 4028 4029
f 4029 4028 4030
f 4029 4030 4031
f 4031 4030 4032
f 4031 4032 4033
f 4033 4032 4034
f 4033 4034 4035
f 4035 4034 4036
f 4035 4036 4037
f 4037 4036 4038
f 4037 4038 1593
f 1593 4038 1595
f 1595 4038 4039
f 1595 4039 1597
f 1597 4039 4040
f 1597 4040 1599
f 1599 4040 4041
f 1599 4041 1601
f 1601 4041 4042
f 1601 4042 1603
f 1603 4042 4043
f 1603 4043 1605
f 1605 4043 4044
f 1605 4044 4045
f 4045 4044 4046
f 4045 4046 4047
f 4047 4046 4048
f 4047 4048 4049
f 4049 4048 4050
f 4049 4050 4051
f 4051 4050 4052
f 4051 4052 4053
f 4030 4054 4032
f 4032 4054 4055
f 4032 4055 4034
f 4034 4055 4056
f 4034 4056 4036
f 4036 4056 4057
f 4036 4057 4038
f 4038 4057 4039
f 4054 4058 4055
f 4055 4058 4059
f 4055 4059 4056
f 4056 4059 4060
f 4056 4060 4057
f 4057 4060 4061
f 4057 4061 4039
f 4039 4061 4040
f 4059 4058 4062
f 4062 4058 4063
f 4062 4063 4064
f 4064 4063 4065
f 4064 4065 4066
f 4066 4065 4067
f 4066 4067 4068
f 4068 4067 4069
f 4068 4069 4070
f 4070 4069 4071
f 4070 4071 4072
f 4072 4071 4046
f 4072 4046 4044
f 4067 4073 4069
f 4069 4073 4074
f 4069 4074 4071
f 4071 4074 4048
f 4071 4048 4046
f 4073 4052 4074
f 4074 4052 4050
f 4074 4050 4048
f 4051 4053 4075
f 4075 4053 4076
f 4075 4076 4077
f 4077 4076 4078
f 4077 4078 4079
f 4079 4078 4080
f 4079 4080 4081
f 4081 4080 4082
f 4081 4082 4083
f 4083 4082 3969
f 4083 3969 3971
f 4078 4084 4080
f 4080 4084 4085
f 4080 4085 4082
f 4082 4085 3967
f 4082 3967 3969
f 4084 4086 4085
f 4085 4086 3965
f 4085 3965 3967
f 4086 3963 3965
f 1593 1591 4037
f 4037 1591 4087
f 4037 4087 4035
f 4035 4087 4088
f 4035 4088 4033
f 4033 4088 4089
f 4033 4089 4031
f 4031 4089 4029
f 4087 1591 4090
f 4090 1591 1589
f 4090 1589 4091
f 4091 1589 1780
f 4091 1780 4092
f 4092 1780 1779
f 4092 1779 4093
f 4093 1779 1778
f 4093 1778 4094
f 4094 1778 1777
f 4094 1777 4026
f 4026 1777 1776
f 1767 1766 3991
f 3991 1766 4095
f 3991 4095 3989
f 3989 4095 4096
f 3989 4096 3987
f 3987 4096 4097
f 3987 4097 3985
f 3985 4097 3983
f 1766 1634 4095
f 4095 1634 4098
f 4095 4098 4096
f 4096 4098 4099
f 4096 4099 4097
f 4097 4099 4100
f 4097 4100 3983
f 3983 4100 3981
f 4098 1634 4101
f 4101 1634 1632
f 4101 1632 4102
f 4102 1632 1630
f 4102 1630 4103
f 4103 1630 1628
f 4103 1628 4104
f 4104 1628 1626
f 4104 1626 3979
f 3979 1626 1624
f 3980 1622 4105
f 4105 1622 1619
f 4105 1619 3970
f 3971 1617 4106
f 4106 1617 1615
f 4106 1615 4107
f 4107 1615 1613
f 4107 1613 4108
f 4108 1613 1611
f 4108 1611 4109
f 4109 1611 1609
f 4109 1609 4110
f 4110 1609 1607
f 4110 1607 4045
f 4045 1607 1605
f 4072 4044 4043
f 3960 3976 3962
f 3962 3976 4111
f 3962 4111 3964
f 3964 4111 3966
f 3976 3978 4111
f 4111 3978 4112
f 4111 4112 3966
f 3966 4112 3968
f 3978 3980 4112
f 4112 3980 4105
f 4112 4105 3968
f 3968 4105 3970
f 3975 3974 4113
f 4113 3974 3973
f 4113 3973 4114
f 4114 3973 3981
f 4114 3981 4100
f 3977 3975 4115
f 4115 3975 4113
f 4115 4113 4116
f 4116 4113 4114
f 4116 4114 4117
f 4117 4114 4100
f 4117 4100 4099
f 3979 3977 4104
f 4104 3977 4115
f 4104 4115 4103
f 4103 4115 4116
f 4103 4116 4102
f 4102 4116 4117
f 4102 4117 4101
f 4101 4117 4099
f 4101 4099 4098
f 4011 4014 4012
f 4012 4014 4118
f 4012 4118 4013
f 4013 4118 4119
f 4013 4119 3994
f 3994 4119 3995
f 4014 4016 4118
f 4118 4016 4120
f 4118 4120 4119
f 4119 4120 4121
f 4119 4121 3995
f 3995 4121 3996
f 4016 4018 4120
f 4120 4018 4122
f 4120 4122 4121
f 4121 4122 3998
f 4121 3998 3996
f 4020 4000 4122
f 4122 4000 3998
f 4018 4020 4122
f 4024 4023 4123
f 4123 4023 4022
f 4123 4022 4124
f 4124 4022 4027
f 4124 4027 4125
f 4125 4027 4029
f 4125 4029 4089
f 4025 4024 4126
f 4126 4024 4123
f 4126 4123 4127
f 4127 4123 4124
f 4127 4124 4128
f 4128 4124 4125
f 4128 4125 4129
f 4129 4125 4089
f 4129 4089 4088
f 4026 4025 4094
f 4094 4025 4126
f 4094 4126 4093
f 4093 4126 4127
f 4093 4127 4092
f 4092 4127 4128
f 4092 4128 4091
f 4091 4128 4129
f 4091 4129 4090
f 4090 4129 4088
f 4090 4088 4087
f 4059 4062 4060
f 4060 4062 4130
f 4060 4130 4061
f 4061 4130 4131
f 4061 4131 4040
f 4040 4131 4041
f 4062 4064 4130
f 4130 4064 4132
f 4130 4132 4131
f 4131 4132 4133
f 4131 4133 4041
f 4041 4133 4042
f 4064 4066 4132
f 4132 4066 4134
f 4132 4134 4133
f 4133 4134 4135
f 4133 4135 4042
f 4042 4135 4043
f 4068 4070 4134
f 4134 4070 4135
f 4043 4135 4072
f 4072 4135 4070
f 4066 4068 4134
f 4049 4051 4136
f 4136 4051 4075
f 4136 4075 4137
f 4137 4075 4077
f 4137 4077 4138
f 4138 4077 4079
f 4138 4079 4081
f 4110 4045 4047
f 4047 4049 4139
f 4139 4049 4136
f 4139 4136 4140
f 4140 4136 4137
f 4140 4137 4141
f 4141 4137 4138
f 4141 4138 4142
f 4142 4138 4081
f 4142 4081 4083
f 4109 4110 4139
f 4139 4110 4047
f 4109 4139 4140
f 4108 4109 4140
f 4108 4140 4141
f 4108 4141 4107
f 4107 4141 4142
f 4107 4142 4106
f 4106 4142 4083
f 4106 4083 3971
f 4143 3959 4144
f 4144 3959 3961
f 4144 3961 4145
f 4145 3961 3963
f 4145 3963 4146
f 4146 3963 4086
f 4146 4086 4147
f 4147 4086 4084
f 4147 4084 4148
f 4148 4084 4078
f 4148 4078 4149
f 4149 4078 4076
f 4149 4076 4150
f 4150 4076 4053
f 4150 4053 4151
f 4151 4053 4052
f 4151 4052 4152
f 4152 4052 4073
f 4152 4073 4153
f 4153 4073 4067
f 4153 4067 4154
f 4154 4067 4065
f 4154 4065 4155
f 4155 4065 4063
f 4155 4063 4156
f 4156 4063 4058
f 4156 4058 4157
f 4157 4058 4054
f 4157 4054 4158
f 4158 4054 4030
f 4158 4030 4159
f 4159 4030 4028
f 4159 4028 4160
f 4160 4028 4021
f 4160 4021 4161
f 4161 4021 4005
f 4161 4005 4162
f 4162 4005 4004
f 4162 4004 4163
f 4163 4004 4019
f 4163 4019 4164
f 4164 4019 4017
f 4164 4017 4165
f 4165 4017 4015
f 4165 4015 4166
f 4166 4015 4010
f 4166 4010 4167
f 4167 4010 4006
f 4167 4006 4168
f 4168 4006 3984
f 4168 3984 4169
f 4169 3984 3982
f 4169 3982 4170
f 4170 3982 3972
f 4170 3972 4143
f 4143 3972 3959
f 3719 3720 4171
f 4171 3720 3721
f 4171 3721 4172
f 4172 3721 3722
f 4172 3722 4173
f 4173 3722 3723
f 4173 3723 3724
f 4173 3724 4174
f 4174 3724 3725
f 4174 3725 4175
f 4175 3725 3726
f 4175 3726 3727
f 4175 3727 4176
f 4176 3727 3728
f 4176 3728 4177
f 4177 3728 3729
f 4177 3729 3730
f 4177 3730 4178
f 4178 3730 3731
f 4178 3731 4179
f 4179 3731 3732
f 4179 3732 3733
f 4179 3733 4180
f 4180 3733 3734
f 4180 3734 4181
f 4181 3734 3735
f 4181 3735 4182
f 4182 3735 3736
f 4182 3736 3737
f 4182 3737 4183
f 4183 3737 3738
f 4183 3738 4184
f 4184 3738 3739
f 4184 3739 3740
f 4184 3740 4185
f 4185 3740 3741
f 4185 3741 4186
f 4186 3741 3742
f 4186 3742 3743
f 4186 3743 4187
f 4187 3743 3744
f 4187 3744 4188
f 4188 3744 3745
f 4188 3745 3746
f 4188 3746 4189
f 4189 3746 3719
f 4189 3719 4171
f 2871 2872 4190
f 4190 2872 2873
f 4190 2873 4191
f 4191 2873 2874
f 4191 2874 4192
f 4192 2874 2875
f 4192 2875 2876
f 4192 2876 4193
f 4193 2876 2877
f 4193 2877 4194
f 4194 2877 2878
f 4194 2878 2879
f 4194 2879 4195
f 4195 2879 2880
f 4195 2880 4196
f 4196 2880 2881
f 4196 2881 2882
f 4196 2882 4197
f 4197 2882 2883
f 4197 2883 4198
f 4198 2883 2884
f 4198 2884 2885
f 4198 2885 4199
f 4199 2885 2886
f 4199 2886 4200
f 4200 2886 2887
f 4200 2887 4201
f 4201 2887 2888
f 4201 2888 2889
f 4201 2889 4202
f 4202 2889 2890
f 4202 2890 4203
f 4203 2890 2891
f 4203 2891 2892
f 4203 2892 4204
f 4204 2892 2893
f 4204 2893 4205
f 4205 2893 2894
f 4205 2894 2895
f 4205 2895 4206
f 4206 2895 2896
f 4206 2896 4207
f 4207 2896 2897
f 4207 2897 2898
f 4207 2898 4208
f 4208 2898 2871
f 4208 2871 4190
f 3083 3084 4209
f 4209 3084 3085
f 4209 3085 4210
f 4210 3085 3086
f 4210 3086 4211
f 4211 3086 3087
f 4211 3087 3088
f 4211 3088 4212
f 4212 3088 3089
f 4212 3089 4213
f 4213 3089 3090
f 4213 3090 3091
f 4213 3091 4214
f 4214 3091 3092
f 4214 3092 4215
f 4215 3092 3093
f 4215 3093 3094
f 4215 3094 4216
f 4216 3094 3095
f 4216 3095 4217
f 4217 3095 3096
f 4217 3096 3097
f 4217 3097 4218
f 4218 3097 3098
f 4218 3098 4219
f 4219 3098 3099
f 4219 3099 4220
f 4220 3099 3100
f 4220 3100 3101
f 4220 3101 4221
f 4221 3101 3102
f 4221 3102 4222
f 4222 3102 3103
f 4222 3103 3104
f 4222 3104 4223
f 4223 3104 3105
f 4223 3105 4224
f 4224 3105 3106
f 4224 3106 3107
f 4224 3107 4225
f 4225 3107 3108
f 4225 3108 4226
f 4226 3108 3109
f 4226 3109 3110
f 4226 3110 4227
f 4227 3110 3083
f 4227 3083 4209
f 3931 3932 4228
f 4228 3932 3933
f 4228 3933 4229
f 4229 3933 3934
f 4229 3934 4230
f 4230 3934 3935
f 4230 3935 3936
f 4230 3936 4231
f 4231 3936 3937
f 4231 3937 4232
f 4232 3937 3938
f 4232 3938 3939
f 4232 3939 4233
f 4233 3939 3940
f 4233 3940 4234
f 4234 3940 3941
f 4234 3941 3942
f 4234 3942 4235
f 4235 3942 3943
f 4235 3943 4236
f 4236 3943 3944
f 4236 3944 3945
f 4236 3945 4237
f 4237 3945 3946
f 4237 3946 4238
f 4238 3946 3947
f 4238 3947 4239
f 4239 3947 3948
f 4239 3948 3949
f 4239 3949 4240
f 4240 3949 3950
f 4240 3950 4241
f 4241 3950 3951
f 4241 3951 3952
f 4241 3952 4242
f 4242 3952 3953
f 4242 3953 4243
f 4243 3953 3954
f 4243 3954 3955
f 4243 3955 4244
f 4244 3955 3956
f 4244 3956 4245
f 4245 3956 3957
f 4245 3957 3958
f 4245 3958 4246
f 4246 3958 3931
f 4246 3931 4228
f 3507 3508 4247
f 4247 3508 3509
f 4247 3509 4248
f 4248 3509 3510
f 4248 3510 4249
f 4249 3510 3511
f 4249 3511 3512
f 4249 3512 4250
f 4250 3512 3513
f 4250 3513 4251
f 4251 3513 3514
f 4251 3514 3515
f 4251 3515 4252
f 4252 3515 3516
f 4252 3516 4253
f 4253 3516 3517
f 4253 3517 3518
f 4253 3518 4254
f 4254 3518 3519
f 4254 3519 4255
f 4255 3519 3520
f 4255 3520 3521
f 4255 3521 4256
f 4256 3521 3522
f 4256 3522 4257
f 4257 3522 3523
f 4257 3523 4258
f 4258 3523 3524
f 4258 3524 3525
f 4258 3525 4259
f 4259 3525 3526
f 4259 3526 4260
f 4260 3526 3527
f 4260 3527 3528
f 4260 3528 4261
f 4261 3528 3529
f 4261 3529 4262
f 4262 3529 3530
f 4262 3530 3531
f 4262 3531 4263
f 4263 3531 3532
f 4263 3532 4264
f 4264 3532 3533
f 4264 3533 3534
f 4264 3534 4265
f 4265 3534 3507
f 4265 3507 4247
f 2659 2660 4266
f 4266 2660 2661
f 4266 2661 4267
f 4267 2661 2662
f 4267 2662 4268
f 4268 2662 2663
f 4268 2663 2664
f 4268 2664 4269
f 4269 2664 2665
f 4269 2665 4270
f 4270 2665 2666
f 4270 2666 2667
f 4270 2667 4271
f 4271 2667 2668
f 4271 2668 4272
f 4272 2668 2669
f 4272 2669 2670
f 4272 2670 4273
f 4273 2670 2671
f 4273 2671 4274
f 4274 2671 2672
f 4274 2672 2673
f 4274 2673 4275
f 4275 2673 2674
f 4275 2674 4276
f 4276 2674 2675
f 4276 2675 4277
f 4277 2675 2676
f 4277 2676 2677
f 4277 2677 4278
f 4278 2677 2678
f 4278 2678 4279
f 4279 2678 2679
f 4279 2679 2680
f 4279 2680 4280
f 4280 2680 2681
f 4280 2681 4281
f 4281 2681 2682
f 4281 2682 2683
f 4281 2683 4282
f 4282 2683 2684
f 4282 2684 4283
f 4283 2684 2685
f 4283 2685 2686
f 4283 2686 4284
f 4284 2686 2659
f 4284 2659 4266
f 3295 3296 4285
f 4285 3296 3297
f 4285 3297 4286
f 4286 3297 3298
f 4286 3298 4287
f 4287 3298 3299
f 4287 3299 3300
f 4287 3300 4288
f 4288 3300 3301
f 4288 3301 4289
f 4289 3301 3302
f 4289 3302 3303
f 4289 3303 4290
f 4290 3303 3304
f 4290 3304 4291
f 4291 3304 3305
f 4291 3305 3306
f 4291 3306 4292
f 4292 3306 3307
f 4292 3307 4293
f 4293 3307 3308
f 4293 3308 3309
f 4293 3309 4294
f 4294 3309 3310
f 4294 3310 4295
f 4295 3310 3311
f 4295 3311 4296
f 4296 3311 3312
f 4296 3312 3313
f 4296 3313 4297
f 4297 3313 3314
f 4297 3314 4298
f 4298 3314 3315
f 4298 3315 3316
f 4298 3316 4299
f 4299 3316 3317
f 4299 3317 4300
f 4300 3317 3318
f 4300 3318 3319
f 4300 3319 4301
f 4301 3319 3320
f 4301 3320 4302
f 4302 3320 3321
f 4302 3321 3322
f 4302 3322 4303
f 4303 3322 3295
f 4303 3295 4285
f 4143 4144 4304
f 4304 4144 4145
f 4304 4145 4305
f 4305 4145 4146
f 4305 4146 4306
f 4306 4146 4147
f 4306 4147 4148
f 4306 4148 4307
f 4307 4148 4149
f 4307 4149 4308
f 4308 4149 4150
f 4308 4150 4151
f 4308 4151 4309
f 4309 4151 4152
f 4309 4152 4310
f 4310 4152 4153
f 4310 4153 4154
f 4310 4154 4311
f 4311 4154 4155
f 4311 4155 4312
f 4312 4155 4156
f 4312 4156 4157
f 4312 4157 4313
f 4313 4157 4158
f 4313 4158 4314
f 4314 4158 4159
f 4314 4159 4315
f 4315 4159 4160
f 4315 4160 4161
f 4315 4161 4316
f 4316 4161 4162
f 4316 4162 4317
f 4317 4162 4163
f 4317 4163 4164
f 4317 4164 4318
f 4318 4164 4165
f 4318 4165 4319
f 4319 4165 4166
f 4319 4166 4167
f 4319 4167 4320
f 4320 4167 4168
f 4320 4168 4321
f 4321 4168 4169
f 4321 4169 4170
f 4321 4170 4322
f 4322 4170 4143
f 4322 4143 4304
f 213 4306 214
f 214 4306 4307
f 214 4307 1455
f 1455 4307 4308
f 1455 4308 1454
f 1454 4308 4309
f 1454 4309 1453
f 1453 4309 4310
f 1453 4310 1452
f 1452 4310 4311
f 1452 4311 1451
f 1451 4311 4312
f 1451 4312 1450
f 1450 4312 4313
f 1450 4313 1449
f 1449 4313 4314
f 1449 4314 1448
f 1448 4314 4315
f 1448 4315 198
f 198 4315 4316
f 198 4316 199
f 199 4316 4317
f 199 4317 201
f 201 4317 4318
f 201 4318 203
f 203 4318 4319
f 203 4319 205
f 205 4319 4320
f 205 4320 206
f 206 4320 4321
f 206 4321 207
f 207 4321 4322
f 207 4322 209
f 209 4322 4304
f 209 4304 211
f 211 4304 4305
f 211 4305 213
f 213 4305 4306
f 196 4228 197
f 197 4228 4229
f 197 4229 1447
f 1447 4229 4230
f 1447 4230 1446
f 1446 4230 4231
f 1446 4231 1445
f 1445 4231 4232
f 1445 4232 1444
f 1444 4232 4233
f 1444 4233 1443
f 1443 4233 4234
f 1443 4234 1442
f 1442 4234 4235
f 1442 4235 1441
f 1441 4235 4236
f 1441 4236 1440
f 1440 4236 4237
f 1440 4237 181
f 181 4237 4238
f 181 4238 182
f 182 4238 4239
f 182 4239 184
f 184 4239 4240
f 184 4240 186
f 186 4240 4241
f 186 4241 188
f 188 4241 4242
f 188 4242 190
f 190 4242 4243
f 190 4243 191
f 191 4243 4244
f 191 4244 192
f 192 4244 4245
f 192 4245 194
f 194 4245 4246
f 194 4246 196
f 196 4246 4228
f 179 4218 180
f 180 4218 4219
f 180 4219 1439
f 1439 4219 4220
f 1439 4220 1438
f 1438 4220 4221
f 1438 4221 1437
f 1437 4221 4222
f 1437 4222 1436
f 1436 4222 4223
f 1436 4223 1435
f 1435 4223 4224
f 1435 4224 1434
f 1434 4224 4225
f 1434 4225 1433
f 1433 4225 4226
f 1433 4226 1432
f 1432 4226 4227
f 1432 4227 164
f 164 4227 4209
f 164 4209 165
f 165 4209 4210
f 165 4210 167
f 167 4210 4211
f 167 4211 169
f 169 4211 4212
f 169 4212 171
f 171 4212 4213
f 171 4213 173
f 173 4213 4214
f 173 4214 174
f 174 4214 4215
f 174 4215 175
f 175 4215 4216
f 175 4216 177
f 177 4216 4217
f 177 4217 179
f 179 4217 4218
f 5 1781 3
f 3 1781 1783
f 3 1783 1
f 1 1783 1785
f 1 1785 77
f 77 1785 1787
f 77 1787 75
f 75 1787 1487
f 75 1487 73
f 73 1487 1489
f 73 1489 71
f 71 1489 1733
f 71 1733 69
f 69 1733 1735
f 69 1735 67
f 67 1735 1737
f 67 1737 65
f 65 1737 1523
f 65 1523 63
f 63 1523 1525
f 63 1525 61
f 61 1525 1527
f 61 1527 59
f 59 1527 1529
f 59 1529 57
f 57 1529 1531
f 57 1531 55
f 55 1531 1740
f 55 1740 53
f 53 1740 1742
f 53 1742 51
f 51 1742 1744
f 51 1744 49
f 49 1744 1746
f 49 1746 47
f 47 1746 1748
f 47 1748 45
f 45 1748 1800
f 45 1800 43
f 43 1800 1798
f 43 1798 41
f 41 1798 1795
f 41 1795 39
f 39 1795 1793
f 39 1793 37
f 37 1793 1608
f 37 1608 35
f 35 1608 1610
f 35 1610 33
f 33 1610 1612
f 33 1612 31
f 31 1612 1614
f 31 1614 29
f 29 1614 1616
f 29 1616 27
f 27 1616 1618
f 27 1618 25
f 25 1618 1676
f 25 1676 23
f 23 1676 1674
f 23 1674 21
f 21 1674 1672
f 21 1672 19
f 19 1672 1670
f 19 1670 17
f 17 1670 1698
f 17 1698 15
f 15 1698 1696
f 15 1696 13
f 13 1696 1694
f 13 1694 11
f 11 1694 1691
f 11 1691 9
f 9 1691 1689
f 9 1689 7
f 7 1689 1790
f 7 1790 5
f 5 1790 1781
f 1424 4286 147
f 147 4286 4287
f 147 4287 148
f 148 4287 4288
f 148 4288 4289
f 1424 1425 4286
f 4286 1425 4285
f 4285 1425 1426
f 4285 1426 4303
f 4303 1426 1427
f 4303 1427 4302
f 4302 1427 1428
f 4302 1428 4301
f 4301 1428 1429
f 4301 1429 4300
f 4300 1429 1430
f 4300 1430 4299
f 4299 1430 1431
f 4299 1431 4298
f 4298 1431 163
f 4298 163 4297
f 4297 163 162
f 4297 162 4296
f 4296 162 160
f 4296 160 4295
f 4295 160 158
f 4295 158 4294
f 4294 158 156
f 4294 156 4293
f 4293 156 155
f 4293 155 4292
f 4292 155 154
f 4292 154 4291
f 4291 154 152
f 4291 152 4290
f 4290 152 150
f 4290 150 4289
f 4289 150 148
f 1416 4177 130
f 130 4177 4178
f 130 4178 131
f 131 4178 4179
f 131 4179 133
f 133 4179 4180
f 133 4180 135
f 135 4180 4181
f 135 4181 137
f 137 4181 4182
f 137 4182 138
f 138 4182 4183
f 138 4183 139
f 139 4183 4184
f 139 4184 141
f 141 4184 4185
f 141 4185 143
f 143 4185 4186
f 143 4186 145
f 145 4186 4187
f 145 4187 146
f 146 4187 4188
f 146 4188 1423
f 1423 4188 4189
f 1423 4189 1422
f 1422 4189 4171
f 1422 4171 1421
f 1421 4171 4172
f 1421 4172 1420
f 1420 4172 4173
f 1420 4173 1419
f 1419 4173 4174
f 1419 4174 1418
f 1418 4174 4175
f 1418 4175 1417
f 1417 4175 4176
f 1417 4176 1416
f 1416 4176 4177
f 128 4197 129
f 129 4197 4198
f 129 4198 1415
f 1415 4198 4199
f 1415 4199 1414
f 1414 4199 4200
f 1414 4200 1413
f 1413 4200 4201
f 1413 4201 1412
f 1412 4201 4202
f 1412 4202 1411
f 1411 4202 4203
f 1411 4203 1410
f 1410 4203 4204
f 1410 4204 1409
f 1409 4204 4205
f 1409 4205 1408
f 1408 4205 4206
f 1408 4206 113
f 113 4206 4207
f 113 4207 114
f 114 4207 4208
f 114 4208 116
f 116 4208 4190
f 116 4190 118
f 118 4190 4191
f 118 4191 120
f 120 4191 4192
f 120 4192 121
f 121 4192 4193
f 121 4193 122
f 122 4193 4194
f 122 4194 124
f 124 4194 4195
f 124 4195 126
f 126 4195 4196
f 126 4196 128
f 128 4196 4197
f 111 4270 112
f 112 4270 4271
f 112 4271 1407
f 1407 4271 4272
f 1407 4272 1406
f 1406 4272 4273
f 1406 4273 1405
f 1405 4273 4274
f 1405 4274 1404
f 1404 4274 4275
f 1404 4275 1403
f 1403 4275 4276
f 1403 4276 1402
f 1402 4276 4277
f 1402 4277 1401
f 1401 4277 4278
f 1401 4278 1400
f 1400 4278 4279
f 1400 4279 96
f 96 4279 4280
f 96 4280 97
f 97 4280 4281
f 97 4281 99
f 99 4281 4282
f 99 4282 101
f 101 4282 4283
f 101 4283 103
f 103 4283 4284
f 103 4284 105
f 105 4284 4266
f 105 4266 106
f 106 4266 4267
f 106 4267 107
f 107 4267 4268
f 107 4268 109
f 109 4268 4269
f 109 4269 111
f 111 4269 4270
f 1392 4251 79
f 79 4251 4252
f 79 4252 80
f 80 4252 4253
f 80 4253 82
f 82 4253 4254
f 82 4254 84
f 84 4254 4255
f 84 4255 86
f 86 4255 4256
f 86 4256 88
f 88 4256 4257
f 88 4257 89
f 89 4257 4258
f 89 4258 90
f 90 4258 4259
f 90 4259 92
f 92 4259 4260
f 92 4260 94
f 94 4260 4261
f 94 4261 95
f 95 4261 4262
f 95 4262 1399
f 1399 4262 4263
f 1399 4263 1398
f 1398 4263 4264
f 1398 4264 1397
f 1397 4264 4265
f 1397 4265 1396
f 1396 4265 4247
f 1396 4247 1395
f 1395 4247 4248
f 1395 4248 1394
f 1394 4248 4249
f 1394 4249 1393
f 1393 4249 4250
f 1393 4250 1392
f 1392 4250 4251
f 1816 2260 1817
f 1817 2260 2258
f 1817 2258 2256
f 4323 2408 1816
f 1816 2408 2272
f 1816 2272 2270
f 4324 2326 4323
f 4323 2326 2470
f 4323 2470 2468
f 1862 2202 4324
f 4324 2202 2200
f 4324 2200 2244
f 1819 2352 1862
f 1862 2352 2350
f 1862 2350 2348
f 1821 2356 1819
f 1819 2356 2354
f 1819 2354 2352
f 2356 1821 2358
f 2358 1821 1823
f 2358 1823 2360
f 2360 1823 1825
f 2360 1825 2362
f 2362 1825 2364
f 2364 1825 1827
f 2364 1827 2366
f 2366 1827 1829
f 2366 1829 2368
f 2368 1829 1831
f 2368 1831 1833
f 2368 1833 2220
f 2220 1833 1835
f 2220 1835 2222
f 2222 1835 2308
f 2222 2308 2224
f 2224 2308 2306
f 2224 2306 2226
f 2226 2306 2304
f 2226 2304 2302
f 1835 1837 2308
f 2308 1837 2310
f 2310 1837 1839
f 2310 1839 2438
f 2438 1839 2440
f 2440 1839 1841
f 2440 1841 1843
f 2440 1843 2390
f 2390 1843 1845
f 2390 1845 2392
f 2392 1845 2288
f 2392 2288 2394
f 2394 2288 2286
f 2394 2286 2396
f 2396 2286 2284
f 2396 2284 2398
f 2398 2284 2282
f 2398 2282 2280
f 1845 1847 2288
f 2288 1847 2290
f 2290 1847 1849
f 2290 1849 2246
f 2246 1849 1851
f 2246 1851 2248
f 2248 1851 1853
f 2248 1853 2250
f 2250 1853 1855
f 2250 1855 2252
f 2252 1855 2254
f 2254 1855 1857
f 2254 1857 2256
f 2256 1857 1817
f 2244 2242 4324
f 4324 2242 2240
f 4324 2240 2238
f 2236 2294 2238
f 2238 2294 2292
f 2238 2292 4324
f 4324 2292 2336
f 4324 2336 2334
f 2294 2236 2296
f 2296 2236 2234
f 2296 2234 2232
f 2296 2232 2298
f 2298 2232 2230
f 2298 2230 2300
f 2300 2230 2228
f 2300 2228 2302
f 2302 2228 2226
f 2220 2218 2368
f 2368 2218 2370
f 2370 2218 2216
f 2370 2216 2372
f 2372 2216 2214
f 2372 2214 2374
f 2374 2214 2376
f 2376 2214 2212
f 2376 2212 2378
f 2378 2212 2210
f 2378 2210 2380
f 2380 2210 2208
f 2380 2208 2382
f 2382 2208 2206
f 2382 2206 2338
f 2338 2206 2204
f 2338 2204 1862
f 1862 2204 2202
f 2398 2280 2400
f 2400 2280 2278
f 2400 2278 2402
f 2402 2278 2276
f 2402 2276 2404
f 2404 2276 2274
f 2404 2274 2406
f 2406 2274 2272
f 2406 2272 2408
f 2270 2268 1816
f 1816 2268 2266
f 1816 2266 2264
f 2264 2262 1816
f 1816 2262 2260
f 2334 2332 4324
f 4324 2332 2330
f 4324 2330 2328
f 2328 2326 4324
f 2326 2324 2470
f 2470 2324 2472
f 2472 2324 2322
f 2472 2322 2474
f 2474 2322 2320
f 2474 2320 2430
f 2430 2320 2318
f 2430 2318 2432
f 2432 2318 2316
f 2432 2316 2434
f 2434 2316 2314
f 2434 2314 2436
f 2436 2314 2312
f 2436 2312 2438
f 2438 2312 2310
f 2342 2340 1862
f 1862 2340 2338
f 2348 2346 1862
f 1862 2346 2344
f 1862 2344 2342
f 2384 2446 2386
f 2386 2446 2444
f 2386 2444 2442
f 2446 2384 2448
f 2448 2384 2428
f 2448 2428 2450
f 2450 2428 2426
f 2450 2426 2452
f 2452 2426 2424
f 2452 2424 2454
f 2454 2424 2422
f 2454 2422 2420
f 2418 4323 2420
f 2420 4323 2456
f 2420 2456 2454
f 2418 2416 4323
f 4323 2416 2414
f 4323 2414 2412
f 2412 2410 4323
f 4323 2410 2408
f 2390 2388 2440
f 2440 2388 2442
f 2442 2388 2386
f 2468 2466 4323
f 4323 2466 2464
f 4323 2464 2462
f 2462 2460 4323
f 4323 2460 2458
f 4323 2458 2456
f 4325 4326 4327
f 4327 4326 4328
f 4329 4330 4331
f 4331 4330 4332
f 4330 4324 4332
f 4332 4324 4323
f 4327 677 4325
f 4325 677 675
f 4325 675 673
f 4329 709 4327
f 4327 709 707
f 4327 707 705
f 4331 613 4329
f 4329 613 611
f 4329 611 605
f 4325 645 4331
f 4331 645 643
f 4331 643 641
f 605 607 4329
f 4329 607 732
f 4329 732 731
f 731 729 4329
f 4329 729 727
f 4329 727 725
f 725 723 4329
f 4329 723 721
f 4329 721 719
f 719 717 4329
f 4329 717 715
f 4329 715 713
f 713 711 4329
f 4329 711 709
f 705 703 4327
f 4327 703 701
f 4327 701 699
f 699 697 4327
f 4327 697 695
f 4327 695 693
f 693 691 4327
f 4327 691 689
f 4327 689 687
f 687 685 4327
f 4327 685 683
f 4327 683 681
f 681 679 4327
f 4327 679 677
f 673 671 4325
f 4325 671 669
f 4325 669 667
f 667 665 4325
f 4325 665 663
f 4325 663 661
f 661 659 4325
f 4325 659 657
f 4325 657 655
f 655 653 4325
f 4325 653 651
f 4325 651 649
f 649 647 4325
f 4325 647 645
f 641 639 4331
f 4331 639 637
f 4331 637 635
f 635 633 4331
f 4331 633 631
f 4331 631 629
f 629 627 4331
f 4331 627 625
f 4331 625 623
f 623 621 4331
f 4331 621 619
f 4331 619 617
f 617 615 4331
f 4331 615 613
f 4326 1960 4328
f 4328 1960 1952
f 2429 2431 4333
f 4333 2431 2433
f 4333 2433 4334
f 4334 2433 2435
f 4334 2435 4335
f 4335 2435 2437
f 4335 2437 4336
f 4336 2437 2439
f 4336 2439 4337
f 4337 2439 2441
f 4337 2441 4338
f 4338 2441 2443
f 4338 2443 4339
f 4339 2443 4340
f 4340 2443 2445
f 4340 2445 4341
f 4341 2445 2447
f 4341 2447 4342
f 4342 2447 2449
f 4342 2449 4343
f 4343 2449 2451
f 4343 2451 4344
f 4344 2451 2453
f 4344 2453 2455
f 4344 2455 4345
f 4345 2455 2457
f 4345 2457 4346
f 4346 2457 2459
f 4346 2459 4347
f 4347 2459 2461
f 4347 2461 4348
f 4348 2461 2463
f 4348 2463 4349
f 4349 2463 2465
f 4349 2465 4350
f 4350 2465 4351
f 4351 2465 2467
f 4351 2467 4352
f 4352 2467 2469
f 4352 2469 4353
f 4353 2469 2471
f 4353 2471 4354
f 4354 2471 2473
f 4354 2473 4355
f 4355 2473 2429
f 4355 2429 4333
f 2383 2385 4356
f 4356 2385 2387
f 4356 2387 4357
f 4357 2387 2389
f 4357 2389 4358
f 4358 2389 2391
f 4358 2391 4359
f 4359 2391 2393
f 4359 2393 4360
f 4360 2393 2395
f 4360 2395 4361
f 4361 2395 2397
f 4361 2397 4362
f 4362 2397 4363
f 4363 2397 2399
f 4363 2399 4364
f 4364 2399 2401
f 4364 2401 4365
f 4365 2401 2403
f 4365 2403 4366
f 4366 2403 2405
f 4366 2405 4367
f 4367 2405 2407
f 4367 2407 2409
f 4367 2409 4368
f 4368 2409 2411
f 4368 2411 4369
f 4369 2411 2413
f 4369 2413 4370
f 4370 2413 2415
f 4370 2415 4371
f 4371 2415 2417
f 4371 2417 4372
f 4372 2417 2419
f 4372 2419 4373
f 4373 2419 4374
f 4374 2419 2421
f 4374 2421 4375
f 4375 2421 2423
f 4375 2423 4376
f 4376 2423 2425
f 4376 2425 4377
f 4377 2425 2427
f 4377 2427 4378
f 4378 2427 2383
f 4378 2383 4356
f 2337 2339 4379
f 4379 2339 2341
f 4379 2341 4380
f 4380 2341 2343
f 4380 2343 4381
f 4381 2343 2345
f 4381 2345 4382
f 4382 2345 2347
f 4382 2347 4383
f 4383 2347 2349
f 4383 2349 4384
f 4384 2349 2351
f 4384 2351 4385
f 4385 2351 4386
f 4386 2351 2353
f 4386 2353 4387
f 4387 2353 2355
f 4387 2355 4388
f 4388 2355 2357
f 4388 2357 4389
f 4389 2357 2359
f 4389 2359 4390
f 4390 2359 2361
f 4390 2361 2363
f 4390 2363 4391
f 4391 2363 2365
f 4391 2365 4392
f 4392 2365 2367
f 4392 2367 4393
f 4393 2367 2369
f 4393 2369 4394
f 4394 2369 2371
f 4394 2371 4395
f 4395 2371 2373
f 4395 2373 4396
f 4396 2373 4397
f 4397 2373 2375
f 4397 2375 4398
f 4398 2375 2377
f 4398 2377 4399
f 4399 2377 2379
f 4399 2379 4400
f 4400 2379 2381
f 4400 2381 4401
f 4401 2381 2337
f 4401 2337 4379
f 2291 2293 4402
f 4402 2293 2295
f 4402 2295 4403
f 4403 2295 2297
f 4403 2297 4404
f 4404 2297 2299
f 4404 2299 4405
f 4405 2299 2301
f 4405 2301 4406
f 4406 2301 2303
f 4406 2303 4407
f 4407 2303 2305
f 4407 2305 4408
f 4408 2305 4409
f 4409 2305 2307
f 4409 2307 4410
f 4410 2307 2309
f 4410 2309 4411
f 4411 2309 2311
f 4411 2311 4412
f 4412 2311 2313
f 4412 2313 4413
f 4413 2313 2315
f 4413 2315 2317
f 4413 2317 4414
f 4414 2317 2319
f 4414 2319 4415
f 4415 2319 2321
f 4415 2321 4416
f 4416 2321 2323
f 4416 2323 4417
f 4417 2323 2325
f 4417 2325 4418
f 4418 2325 2327
f 4418 2327 4419
f 4419 2327 4420
f 4420 2327 2329
f 4420 2329 4421
f 4421 2329 2331
f 4421 2331 4422
f 4422 2331 2333
f 4422 2333 4423
f 4423 2333 2335
f 4423 2335 4424
f 4424 2335 2291
f 4424 2291 4402
f 2245 2247 4425
f 4425 2247 2249
f 4425 2249 4426
f 4426 2249 2251
f 4426 2251 4427
f 4427 2251 2253
f 4427 2253 4428
f 4428 2253 2255
f 4428 2255 4429
f 4429 2255 2257
f 4429 2257 4430
f 4430 2257 2259
f 4430 2259 4431
f 4431 2259 4432
f 4432 2259 2261
f 4432 2261 4433
f 4433 2261 2263
f 4433 2263 4434
f 4434 2263 2265
f 4434 2265 4435
f 4435 2265 2267
f 4435 2267 4436
f 4436 2267 2269
f 4436 2269 2271
f 4436 2271 4437
f 4437 2271 2273
f 4437 2273 4438
f 4438 2273 2275
f 4438 2275 4439
f 4439 2275 2277
f 4439 2277 4440
f 4440 2277 2279
f 4440 2279 4441
f 4441 2279 2281
f 4441 2281 4442
f 4442 2281 4443
f 4443 2281 2283
f 4443 2283 4444
f 4444 2283 2285
f 4444 2285 4445
f 4445 2285 2287
f 4445 2287 4446
f 4446 2287 2289
f 4446 2289 4447
f 4447 2289 2245
f 4447 2245 4425
f 2199 2201 4448
f 4448 2201 2203
f 4448 2203 4449
f 4449 2203 2205
f 4449 2205 4450
f 4450 2205 2207
f 4450 2207 4451
f 4451 2207 2209
f 4451 2209 4452
f 4452 2209 2211
f 4452 2211 4453
f 4453 2211 2213
f 4453 2213 4454
f 4454 2213 4455
f 4455 2213 2215
f 4455 2215 4456
f 4456 2215 2217
f 4456 2217 4457
f 4457 2217 2219
f 4457 2219 4458
f 4458 2219 2221
f 4458 2221 4459
f 4459 2221 2223
f 4459 2223 2225
f 4459 2225 4460
f 4460 2225 2227
f 4460 2227 4461
f 4461 2227 2229
f 4461 2229 4462
f 4462 2229 2231
f 4462 2231 4463
f 4463 2231 2233
f 4463 2233 4464
f 4464 2233 2235
f 4464 2235 4465
f 4465 2235 4466
f 4466 2235 2237
f 4466 2237 4467
f 4467 2237 2239
f 4467 2239 4468
f 4468 2239 2241
f 4468 2241 4469
f 4469 2241 2243
f 4469 2243 4470
f 4470 2243 2199
f 4470 2199 4448
f 1813 4471 1814
f 1814 4471 4472
f 1814 4472 4473
f 2053 4474 1813
f 1813 4474 4475
f 1813 4475 4476
f 4476 4475 4477
f 4477 4475 4478
f 4478 4475 4479
f 4479 4475 4480
f 4480 4475 4481
f 4481 4475 4482
f 4482 4475 4483
f 4483 4475 4484
f 4483 4484 4485
f 4485 4484 4486
f 4485 4486 4487
f 2060 4488 2053
f 2053 4488 4489
f 2053 4489 4490
f 1859 4491 2060
f 2060 4491 4492
f 2060 4492 4493
f 1861 4494 1859
f 1859 4494 4495
f 1859 4495 4496
f 4497 4498 1861
f 1861 4498 4499
f 1861 4499 4500
f 4501 4502 4497
f 4497 4502 4503
f 4497 4503 4504
f 4505 4506 4501
f 4501 4506 4507
f 4501 4507 4508
f 4508 4509 4501
f 4501 4509 4510
f 4501 4510 4511
f 4511 4512 4501
f 4501 4512 4513
f 4501 4513 4514
f 4514 4513 4515
f 4514 4515 4516
f 4516 4515 4517
f 4517 4515 4518
f 4518 4515 4519
f 4519 4515 4520
f 4520 4515 4521
f 4521 4515 1859
f 4521 1859 4522
f 4522 1859 4523
f 4523 1859 4496
f 4515 4491 1859
f 4493 4524 2060
f 2060 4524 4525
f 2060 4525 4526
f 4526 4527 2060
f 2060 4527 4528
f 2060 4528 4529
f 4529 4530 2060
f 2060 4530 4488
f 4490 4531 2053
f 2053 4531 4532
f 2053 4532 4533
f 4533 4534 2053
f 2053 4534 4535
f 2053 4535 4536
f 4536 4474 2053
f 4487 4537 4485
f 4485 4537 4538
f 4485 4538 4539
f 4539 4540 4485
f 4485 4540 4541
f 4485 4541 4542
f 4483 4485 4543
f 4543 4485 4544
f 4543 4544 4545
f 4545 4544 4546
f 4546 4544 4547
f 4547 4544 4548
f 4548 4544 4549
f 4549 4544 4550
f 4550 4544 1814
f 4550 1814 4551
f 4551 1814 4473
f 4552 4553 4497
f 4497 4553 4554
f 4497 4554 4498
f 4500 4555 1861
f 1861 4555 4494
f 4514 4502 4501
f 4504 4556 4497
f 4497 4556 4552
f 4476 4557 1813
f 1813 4557 4558
f 1813 4558 4559
f 4559 4560 1813
f 1813 4560 4471
f 4561 4562 4563
f 4563 4562 4564
f 4563 4564 4565
f 4565 4564 4566
f 4565 4566 4567
f 4562 4561 4568
f 4568 4561 4569
f 4568 4569 4570
f 4570 4569 4571
f 4570 4571 4572
f 4572 4571 4573
f 4572 4573 4574
f 4574 4573 4575
f 4574 4575 4576
f 4577 4578 4576
f 4576 4578 4579
f 4576 4579 4580
f 4581 4582 4577
f 4577 4582 4583
f 4577 4583 4584
f 4581 4585 4582
f 4582 4585 4586
f 4586 4585 4587
f 4586 4587 4588
f 4588 4587 4589
f 4588 4589 4590
f 4590 4589 4591
f 4590 4591 4592
f 4592 4591 4593
f 4592 4593 4594
f 4594 4593 4595
f 4594 4595 4596
f 4596 4595 4597
f 4597 4595 4598
f 4597 4598 4599
f 4599 4598 4600
f 4600 4598 4601
f 4600 4601 4602
f 4602 4601 4603
f 4602 4603 4604
f 4604 4603 4605
f 4604 4605 4606
f 4606 4605 4607
f 4606 4607 4608
f 4608 4607 4609
f 4608 4609 4610
f 4610 4609 4611
f 4610 4611 4612
f 4612 4611 4613
f 4612 4613 4614
f 4614 4613 4615
f 4615 4613 4616
f 4615 4616 4617
f 4617 4616 4618
f 4618 4616 4619
f 4618 4619 4620
f 4620 4619 4621
f 4620 4621 4622
f 4622 4623 4620
f 4617 4624 4615
f 4615 4624 4625
f 4625 4624 4626
f 4626 4624 4627
f 4626 4627 4628
f 4628 4627 4629
f 4628 4629 4630
f 4630 4629 4631
f 4630 4631 4632
f 4632 4631 4633
f 4632 4633 4634
f 4634 4633 4635
f 4634 4635 4636
f 4636 4635 4637
f 4636 4637 4638
f 4638 4637 4639
f 4638 4639 4640
f 4640 4639 4567
f 4567 4639 4565
f 4584 4641 4577
f 4577 4641 4642
f 4577 4642 4643
f 4643 4644 4577
f 4577 4644 4645
f 4577 4645 4578
f 4580 4646 4576
f 4576 4646 4647
f 4576 4647 4648
f 4648 4649 4576
f 4576 4649 4650
f 4576 4650 4574
f 4651 4614 4652
f 4652 4614 4615
f 4652 4615 4653
f 4653 4615 4625
f 4653 4625 4626
f 4651 4654 4614
f 4614 4654 4612
f 4612 4654 4655
f 4612 4655 4610
f 4610 4655 4656
f 4610 4656 4608
f 4608 4656 4657
f 4608 4657 4606
f 4606 4657 4658
f 4606 4658 4604
f 4604 4658 4659
f 4604 4659 4602
f 4602 4659 4660
f 4602 4660 4600
f 4600 4660 4661
f 4600 4661 4599
f 4599 4661 4662
f 4599 4662 4597
f 4597 4662 4663
f 4597 4663 4596
f 4596 4663 4664
f 4596 4664 4594
f 4594 4664 4665
f 4594 4665 4592
f 4592 4665 4666
f 4592 4666 4590
f 4590 4666 4667
f 4590 4667 4588
f 4588 4667 4668
f 4588 4668 4586
f 4586 4668 4669
f 4586 4669 4582
f 4582 4669 4670
f 4582 4670 4583
f 4583 4670 4671
f 4583 4671 4584
f 4584 4671 4672
f 4584 4672 4641
f 4641 4672 4673
f 4641 4673 4642
f 4642 4673 4674
f 4642 4674 4643
f 4643 4674 4675
f 4643 4675 4644
f 4644 4675 4676
f 4644 4676 4645
f 4645 4676 4677
f 4645 4677 4578
f 4578 4677 4678
f 4578 4678 4579
f 4579 4678 4679
f 4579 4679 4580
f 4580 4679 4680
f 4580 4680 4646
f 4646 4680 4681
f 4646 4681 4647
f 4647 4681 4682
f 4647 4682 4648
f 4648 4682 4683
f 4648 4683 4649
f 4649 4683 4684
f 4649 4684 4650
f 4650 4684 4685
f 4650 4685 4574
f 4574 4685 4686
f 4574 4686 4572
f 4572 4686 4687
f 4572 4687 4570
f 4570 4687 4688
f 4570 4688 4568
f 4568 4688 4689
f 4568 4689 4562
f 4562 4689 4690
f 4562 4690 4564
f 4564 4690 4691
f 4564 4691 4566
f 4566 4691 4692
f 4566 4692 4567
f 4567 4692 4693
f 4567 4693 4640
f 4640 4693 4694
f 4640 4694 4638
f 4638 4694 4695
f 4638 4695 4636
f 4636 4695 4696
f 4636 4696 4634
f 4634 4696 4697
f 4634 4697 4632
f 4632 4697 4698
f 4632 4698 4630
f 4630 4698 4699
f 4630 4699 4628
f 4628 4699 4700
f 4628 4700 4626
f 4626 4700 4653
f 4651 4652 4701
f 4701 4652 4653
f 4701 4653 4702
f 4702 4653 4700
f 4702 4700 4703
f 4703 4700 4699
f 4703 4699 4704
f 4704 4699 4698
f 4704 4698 4705
f 4705 4698 4697
f 4705 4697 4696
f 4705 4696 4706
f 4706 4696 4695
f 4706 4695 4707
f 4707 4695 4694
f 4707 4694 4708
f 4708 4694 4693
f 4708 4693 4692
f 4708 4692 4709
f 4709 4692 4691
f 4709 4691 4710
f 4710 4691 4690
f 4710 4690 4711
f 4711 4690 4689
f 4711 4689 4712
f 4712 4689 4688
f 4712 4688 4687
f 4712 4687 4713
f 4713 4687 4686
f 4713 4686 4714
f 4714 4686 4685
f 4714 4685 4715
f 4715 4685 4684
f 4715 4684 4683
f 4715 4683 4716
f 4716 4683 4682
f 4716 4682 4717
f 4717 4682 4681
f 4717 4681 4718
f 4718 4681 4680
f 4718 4680 4719
f 4719 4680 4679
f 4719 4679 4678
f 4719 4678 4720
f 4720 4678 4677
f 4720 4677 4721
f 4721 4677 4676
f 4721 4676 4722
f 4722 4676 4675
f 4722 4675 4674
f 4722 4674 4723
f 4723 4674 4673
f 4723 4673 4724
f 4724 4673 4672
f 4724 4672 4725
f 4725 4672 4671
f 4725 4671 4726
f 4726 4671 4670
f 4726 4670 4669
f 4726 4669 4727
f 4727 4669 4668
f 4727 4668 4728
f 4728 4668 4667
f 4728 4667 4729
f 4729 4667 4666
f 4729 4666 4665
f 4729 4665 4730
f 4730 4665 4664
f 4730 4664 4731
f 4731 4664 4663
f 4731 4663 4732
f 4732 4663 4662
f 4732 4662 4733
f 4733 4662 4661
f 4733 4661 4660
f 4733 4660 4734
f 4734 4660 4659
f 4734 4659 4735
f 4735 4659 4658
f 4735 4658 4736
f 4736 4658 4657
f 4736 4657 4656
f 4736 4656 4737
f 4737 4656 4655
f 4737 4655 4738
f 4738 4655 4654
f 4738 4654 4739
f 4739 4654 4651
f 4739 4651 4701
f 4740 4739 4741
f 4741 4739 4701
f 4741 4701 4742
f 4742 4701 4702
f 4742 4702 4743
f 4743 4702 4703
f 4743 4703 4744
f 4744 4703 4704
f 4744 4704 4745
f 4745 4704 4705
f 4745 4705 4746
f 4746 4705 4706
f 4746 4706 4747
f 4747 4706 4707
f 4747 4707 4748
f 4748 4707 4708
f 4748 4708 4749
f 4749 4708 4709
f 4749 4709 4750
f 4750 4709 4710
f 4750 4710 4751
f 4751 4710 4711
f 4751 4711 4752
f 4752 4711 4712
f 4752 4712 4753
f 4753 4712 4713
f 4753 4713 4754
f 4754 4713 4714
f 4754 4714 4755
f 4755 4714 4715
f 4755 4715 4756
f 4756 4715 4716
f 4756 4716 4757
f 4757 4716 4717
f 4757 4717 4758
f 4758 4717 4718
f 4758 4718 4759
f 4759 4718 4719
f 4759 4719 4760
f 4760 4719 4720
f 4760 4720 4761
f 4761 4720 4721
f 4761 4721 4762
f 4762 4721 4722
f 4762 4722 4763
f 4763 4722 4723
f 4763 4723 4764
f 4764 4723 4724
f 4764 4724 4765
f 4765 4724 4725
f 4765 4725 4766
f 4766 4725 4726
f 4766 4726 4767
f 4767 4726 4727
f 4767 4727 4768
f 4768 4727 4728
f 4768 4728 4769
f 4769 4728 4729
f 4769 4729 4770
f 4770 4729 4730
f 4770 4730 4771
f 4771 4730 4731
f 4771 4731 4772
f 4772 4731 4732
f 4772 4732 4773
f 4773 4732 4733
f 4773 4733 4774
f 4774 4733 4734
f 4774 4734 4775
f 4775 4734 4735
f 4775 4735 4776
f 4776 4735 4736
f 4776 4736 4777
f 4777 4736 4737
f 4777 4737 4778
f 4778 4737 4738
f 4778 4738 4740
f 4740 4738 4739
f 4740 4741 4779
f 4779 4741 4742
f 4779 4742 4780
f 4780 4742 4743
f 4780 4743 4781
f 4781 4743 4744
f 4781 4744 4782
f 4782 4744 4745
f 4782 4745 4783
f 4783 4745 4746
f 4783 4746 4784
f 4784 4746 4747
f 4784 4747 4785
f 4785 4747 4748
f 4785 4748 4786
f 4786 4748 4749
f 4786 4749 4750
f 4786 4750 4787
f 4787 4750 4751
f 4787 4751 4788
f 4788 4751 4752
f 4788 4752 4789
f 4789 4752 4753
f 4789 4753 4790
f 4790 4753 4754
f 4790 4754 4791
f 4791 4754 4755
f 4791 4755 4792
f 4792 4755 4756
f 4792 4756 4793
f 4793 4756 4757
f 4793 4757 4758
f 4793 4758 4794
f 4794 4758 4759
f 4794 4759 4795
f 4795 4759 4760
f 4795 4760 4796
f 4796 4760 4761
f 4796 4761 4797
f 4797 4761 4762
f 4797 4762 4798
f 4798 4762 4763
f 4798 4763 4799
f 4799 4763 4764
f 4799 4764 4765
f 4799 4765 4800
f 4800 4765 4766
f 4800 4766 4801
f 4801 4766 4767
f 4801 4767 4802
f 4802 4767 4768
f 4802 4768 4803
f 4803 4768 4769
f 4803 4769 4804
f 4804 4769 4770
f 4804 4770 4805
f 4805 4770 4771
f 4805 4771 4806
f 4806 4771 4772
f 4806 4772 4773
f 4806 4773 4807
f 4807 4773 4774
f 4807 4774 4808
f 4808 4774 4775
f 4808 4775 4809
f 4809 4775 4776
f 4809 4776 4810
f 4810 4776 4777
f 4810 4777 4811
f 4811 4777 4778
f 4811 4778 4812
f 4812 4778 4740
f 4812 4740 4779
f 4797 4813 4796
f 4796 4813 4814
f 4796 4814 4795
f 4795 4814 4815
f 4795 4815 4794
f 4794 4815 4816
f 4794 4816 4793
f 4793 4816 4817
f 4793 4817 4792
f 4792 4817 4818
f 4792 4818 4791
f 4791 4818 4819
f 4791 4819 4790
f 4790 4819 4820
f 4790 4820 4789
f 4789 4820 4821
f 4789 4821 4788
f 4788 4821 4822
f 4788 4822 4787
f 4787 4822 4823
f 4787 4823 4786
f 4786 4823 4824
f 4786 4824 4785
f 4785 4824 4825
f 4785 4825 4784
f 4784 4825 4826
f 4784 4826 4783
f 4783 4826 4827
f 4783 4827 4782
f 4782 4827 4828
f 4782 4828 4781
f 4781 4828 4829
f 4781 4829 4780
f 4780 4829 4830
f 4780 4830 4779
f 4779 4830 4831
f 4779 4831 4812
f 4812 4831 4832
f 4812 4832 4811
f 4811 4832 4833
f 4811 4833 4810
f 4810 4833 4834
f 4810 4834 4809
f 4809 4834 4835
f 4809 4835 4808
f 4808 4835 4836
f 4808 4836 4807
f 4807 4836 4837
f 4807 4837 4806
f 4806 4837 4838
f 4806 4838 4805
f 4805 4838 4839
f 4805 4839 4804
f 4804 4839 4840
f 4804 4840 4803
f 4803 4840 4841
f 4803 4841 4802
f 4802 4841 4842
f 4802 4842 4801
f 4801 4842 4843
f 4801 4843 4800
f 4800 4843 4844
f 4800 4844 4799
f 4799 4844 4845
f 4799 4845 4798
f 4798 4845 4846
f 4798 4846 4797
f 4797 4846 4813
f 4813 4847 4814
f 4814 4847 4848
f 4814 4848 4815
f 4815 4848 4849
f 4815 4849 4816
f 4816 4849 4817
f 4817 4849 4850
f 4817 4850 4818
f 4818 4850 4851
f 4818 4851 4819
f 4819 4851 4852
f 4819 4852 4820
f 4820 4852 4821
f 4821 4852 4853
f 4821 4853 4822
f 4822 4853 4854
f 4822 4854 4823
f 4823 4854 4824
f 4824 4854 4855
f 4824 4855 4825
f 4825 4855 4856
f 4825 4856 4826
f 4826 4856 4857
f 4826 4857 4827
f 4827 4857 4828
f 4828 4857 4858
f 4828 4858 4829
f 4829 4858 4859
f 4829 4859 4830
f 4830 4859 4860
f 4830 4860 4831
f 4831 4860 4832
f 4832 4860 4861
f 4832 4861 4833
f 4833 4861 4862
f 4833 4862 4834
f 4834 4862 4863
f 4834 4863 4835
f 4835 4863 4836
f 4836 4863 4864
f 4836 4864 4837
f 4837 4864 4865
f 4837 4865 4838
f 4838 4865 4866
f 4838 4866 4839
f 4839 4866 4840
f 4840 4866 4867
f 4840 4867 4841
f 4841 4867 4868
f 4841 4868 4842
f 4842 4868 4843
f 4843 4868 4869
f 4843 4869 4844
f 4844 4869 4870
f 4844 4870 4845
f 4845 4870 4871
f 4845 4871 4846
f 4846 4871 4813
f 4813 4871 4847
f 4872 4861 4873
f 4873 4861 4860
f 4873 4860 4874
f 4874 4860 4859
f 4874 4859 4875
f 4875 4859 4858
f 4875 4858 4876
f 4876 4858 4857
f 4876 4857 4877
f 4877 4857 4856
f 4877 4856 4878
f 4878 4856 4855
f 4878 4855 4879
f 4879 4855 4854
f 4879 4854 4880
f 4880 4854 4853
f 4880 4853 4881
f 4881 4853 4852
f 4881 4852 4882
f 4882 4852 4851
f 4882 4851 4883
f 4883 4851 4850
f 4883 4850 4884
f 4884 4850 4849
f 4884 4849 4885
f 4885 4849 4848
f 4885 4848 4886
f 4886 4848 4847
f 4886 4847 4887
f 4887 4847 4871
f 4887 4871 4888
f 4888 4871 4870
f 4888 4870 4889
f 4889 4870 4869
f 4889 4869 4890
f 4890 4869 4868
f 4890 4868 4891
f 4891 4868 4867
f 4891 4867 4892
f 4892 4867 4866
f 4892 4866 4893
f 4893 4866 4865
f 4893 4865 4894
f 4894 4865 4864
f 4894 4864 4895
f 4895 4864 4863
f 4895 4863 4896
f 4896 4863 4862
f 4896 4862 4872
f 4872 4862 4861
f 4872 4873 4890
f 4890 4873 4874
f 4890 4874 4875
f 4875 4876 4890
f 4890 4876 4877
f 4890 4877 4878
f 4878 4879 4890
f 4890 4879 4880
f 4890 4880 4881
f 4890 4881 4889
f 4889 4881 4882
f 4889 4882 4888
f 4888 4882 4883
f 4888 4883 4887
f 4887 4883 4884
f 4887 4884 4886
f 4886 4884 4885
f 4891 4893 4890
f 4890 4893 4894
f 4890 4894 4895
f 4891 4892 4893
f 4895 4896 4890
f 4890 4896 4872
f 4897 4576 4898
f 4898 4576 4575
f 4898 4575 4899
f 4899 4575 4573
f 4899 4573 4900
f 4900 4573 4571
f 4900 4571 4901
f 4901 4571 4569
f 4901 4569 4902
f 4902 4569 4561
f 4902 4561 4903
f 4903 4561 4563
f 4903 4563 4904
f 4903 4904 4905
f 4905 4904 4906
f 4905 4906 4907
f 4907 4906 4908
f 4907 4908 4909
f 4909 4908 4910
f 4909 4910 4911
f 4911 4910 4912
f 4911 4912 4913
f 4913 4914 4911
f 4911 4914 4915
f 4911 4915 4916
f 4916 4915 4917
f 4916 4917 4918
f 4918 4917 4919
f 4918 4919 4920
f 4920 4919 4921
f 4920 4921 4899
f 4899 4921 4898
f 4914 4922 4915
f 4915 4922 4923
f 4915 4923 4917
f 4917 4923 4924
f 4917 4924 4919
f 4919 4924 4925
f 4919 4925 4921
f 4921 4925 4926
f 4921 4926 4898
f 4898 4926 4897
f 4922 4927 4923
f 4923 4927 4928
f 4923 4928 4924
f 4924 4928 4929
f 4924 4929 4925
f 4925 4929 4930
f 4925 4930 4926
f 4926 4930 4931
f 4926 4931 4897
f 4928 4927 4932
f 4932 4927 4933
f 4932 4933 4934
f 4934 4933 4935
f 4934 4935 4936
f 4934 4936 4937
f 4937 4936 4938
f 4937 4938 4939
f 4937 4939 4930
f 4930 4939 4931
f 4932 4934 4937
f 4932 4937 4929
f 4929 4937 4930
f 4928 4932 4929
f 4899 4900 4920
f 4920 4900 4940
f 4920 4940 4918
f 4918 4940 4941
f 4918 4941 4916
f 4916 4941 4909
f 4916 4909 4911
f 4900 4901 4940
f 4940 4901 4942
f 4940 4942 4941
f 4941 4942 4907
f 4941 4907 4909
f 4901 4902 4942
f 4942 4902 4905
f 4942 4905 4907
f 4903 4905 4902
f 4943 4944 4945
f 4945 4944 4946
f 4945 4946 4947
f 4947 4946 4948
f 4947 4948 4949
f 4949 4948 4950
f 4949 4950 4951
f 4951 4950 4952
f 4951 4952 4953
f 4953 4952 4954
f 4953 4954 4955
f 4955 4954 4956
f 4955 4956 4957
f 4957 4956 4958
f 4957 4958 4959
f 4959 4958 4960
f 4959 4960 4961
f 4961 4960 4939
f 4961 4939 4938
f 4950 4962 4952
f 4952 4962 4963
f 4952 4963 4954
f 4954 4963 4964
f 4954 4964 4956
f 4956 4964 4965
f 4956 4965 4958
f 4958 4965 4966
f 4958 4966 4960
f 4960 4966 4939
f 4962 4967 4963
f 4963 4967 4968
f 4963 4968 4964
f 4964 4968 4969
f 4964 4969 4965
f 4965 4969 4970
f 4965 4970 4966
f 4966 4970 4931
f 4966 4931 4939
f 4967 4971 4968
f 4968 4971 4972
f 4968 4972 4969
f 4969 4972 4973
f 4969 4973 4970
f 4970 4973 4931
f 4972 4971 4974
f 4974 4971 4576
f 4974 4576 4897
f 4974 4897 4973
f 4973 4897 4931
f 4936 4975 4938
f 4938 4975 4976
f 4938 4976 4961
f 4961 4976 4977
f 4961 4977 4959
f 4959 4977 4978
f 4959 4978 4957
f 4957 4978 4979
f 4957 4979 4955
f 4955 4979 4980
f 4955 4980 4953
f 4953 4980 4981
f 4953 4981 4951
f 4951 4981 4949
f 4975 4936 4982
f 4982 4936 4935
f 4982 4935 4983
f 4984 4985 4983
f 4983 4985 4986
f 4983 4986 4982
f 4982 4986 4987
f 4982 4987 4975
f 4975 4987 4988
f 4975 4988 4976
f 4976 4988 4977
f 4989 4990 4984
f 4984 4990 4991
f 4984 4991 4985
f 4985 4991 4992
f 4985 4992 4993
f 4993 4992 4994
f 4993 4994 4995
f 4995 4994 4996
f 4995 4996 4997
f 4997 4996 4998
f 4997 4998 4978
f 4978 4998 4979
f 4999 5000 4989
f 4989 5000 5001
f 4989 5001 5002
f 5002 5001 5003
f 5002 5003 5004
f 5004 5003 5005
f 5004 5005 5006
f 5006 5005 5007
f 5006 5007 5008
f 5008 5007 5009
f 5008 5009 5010
f 5010 5009 5011
f 5010 5011 5012
f 5012 5011 5013
f 5012 5013 5014
f 5014 5013 5015
f 5014 5015 4981
f 4981 5015 4949
f 5000 4999 5016
f 5016 4999 5017
f 5016 5017 5018
f 5016 5018 5019
f 5019 5018 5020
f 5019 5020 5021
f 5021 5020 5022
f 5021 5022 5023
f 5023 5022 5024
f 5023 5024 5005
f 5005 5024 5007
f 5020 5025 5022
f 5022 5025 5026
f 5022 5026 5024
f 5024 5026 5027
f 5024 5027 5007
f 5007 5027 5009
f 5026 5025 5028
f 5028 5025 5029
f 5028 5029 5030
f 5030 5029 5031
f 5030 5031 5032
f 5032 5031 5033
f 5032 5033 5013
f 5013 5033 5015
f 5029 4943 5031
f 5031 4943 4945
f 5031 4945 5033
f 5033 4945 4947
f 5033 4947 5015
f 5015 4947 4949
f 4989 5002 4990
f 4990 5002 5004
f 4990 5004 5034
f 5034 5004 5006
f 5034 5006 5035
f 5035 5006 5008
f 5035 5008 5036
f 5036 5008 5010
f 5036 5010 5037
f 5037 5010 5012
f 5037 5012 5038
f 5038 5012 5014
f 5038 5014 4980
f 4980 5014 4981
f 5027 5026 5028
f 5028 5030 5039
f 5039 5030 5032
f 5039 5032 5011
f 5011 5032 5013
f 5000 5016 5019
f 5019 5021 5040
f 5040 5021 5023
f 5040 5023 5003
f 5003 5023 5005
f 5009 5027 5039
f 5039 5027 5028
f 5009 5039 5011
f 5001 5000 5040
f 5040 5000 5019
f 5001 5040 5003
f 4980 4979 5038
f 5038 4979 4998
f 5038 4998 5037
f 5037 4998 4996
f 5037 4996 5036
f 5036 4996 4994
f 5036 4994 5035
f 5035 4994 4992
f 5035 4992 5034
f 5034 4992 4991
f 5034 4991 4990
f 4978 4977 4997
f 4997 4977 4988
f 4997 4988 4995
f 4995 4988 4987
f 4995 4987 4993
f 4993 4987 4986
f 4993 4986 4985
f 4974 4973 4972
f 4946 4944 5041
f 5041 4944 5042
f 5041 5042 5043
f 5043 5042 5044
f 5043 5044 5045
f 5045 5044 5046
f 5045 5046 5047
f 5047 5046 5048
f 5047 5048 5049
f 5041 5050 4946
f 4946 5050 4948
f 4948 5050 5051
f 4948 5051 5052
f 4948 5052 4950
f 4950 5052 5053
f 4950 5053 4962
f 4962 5053 5054
f 4962 5054 4967
f 4967 5054 5055
f 4967 5055 4971
f 4971 5055 4577
f 4971 4577 4576
f 5056 5057 5058
f 5058 5057 5059
f 5058 5059 5060
f 5060 5059 5061
f 5061 5059 5062
f 5061 5062 5063
f 5063 5062 5064
f 5063 5064 5065
f 5065 5064 5066
f 5066 5064 5067
f 5066 5067 5068
f 5068 5067 5069
f 5068 5069 5070
f 5070 5069 5071
f 5071 5069 5018
f 5071 5018 5017
f 5056 5048 5057
f 5057 5048 5046
f 5057 5046 5072
f 5072 5046 5044
f 5072 5044 5073
f 5073 5044 5042
f 5073 5042 4943
f 4943 5042 4944
f 4943 5029 5073
f 5073 5029 5074
f 5073 5074 5072
f 5072 5074 5075
f 5072 5075 5057
f 5057 5075 5059
f 5029 5025 5074
f 5074 5025 5076
f 5074 5076 5075
f 5075 5076 5077
f 5075 5077 5059
f 5059 5077 5062
f 5025 5020 5076
f 5076 5020 5078
f 5076 5078 5077
f 5077 5078 5067
f 5077 5067 5062
f 5062 5067 5064
f 5020 5018 5078
f 5078 5018 5069
f 5078 5069 5067
f 5070 5079 5068
f 5068 5079 5080
f 5068 5080 5081
f 5081 5066 5068
f 5056 5058 5048
f 5048 5058 5082
f 5048 5082 5083
f 5083 5082 4505
f 5083 4505 4501
f 5082 5058 5084
f 5084 5058 5085
f 5084 5085 5086
f 5087 4485 5082
f 5082 4485 4542
f 5082 4542 4505
f 4505 4542 5088
f 5088 4542 5089
f 4501 5090 5083
f 5091 5092 5083
f 5083 5092 5049
f 5083 5049 5048
f 5093 5094 5091
f 5091 5094 5092
f 5092 5095 5049
f 5047 5049 5096
f 5096 5049 5095
f 5096 5095 5092
f 5096 5092 5097
f 5097 5092 5098
f 5097 5098 5099
f 5097 5099 5100
f 5100 5099 5101
f 5100 5101 5102
f 5102 5101 5103
f 5102 5103 5104
f 5102 5104 5105
f 5105 5104 5106
f 5105 5106 5107
f 5107 5106 5108
f 5107 5108 5109
f 5109 5110 5107
f 5107 5110 5111
f 5107 5111 5112
f 5112 5111 5113
f 5112 5113 5114
f 5110 5115 5111
f 5111 5115 5113
f 5115 5116 5113
f 5112 5114 5117
f 5117 5114 5118
f 5117 5118 5119
f 5119 5118 5120
f 5119 5120 5121
f 5121 5120 5122
f 5121 5122 5043
f 5043 5122 5041
f 5043 5045 5121
f 5121 5045 5123
f 5121 5123 5124
f 5124 5123 5097
f 5124 5097 5100
f 5045 5047 5123
f 5123 5047 5096
f 5123 5096 5097
f 5100 5102 5125
f 5125 5102 5105
f 5125 5105 5117
f 5117 5105 5112
f 5112 5105 5107
f 5100 5125 5124
f 5124 5125 5119
f 5124 5119 5121
f 5119 5125 5117
f 5113 5116 5126
f 5126 5116 5127
f 5126 5127 5128
f 5128 5127 5129
f 5128 5129 5130
f 5130 5129 5131
f 5130 5131 5132
f 5132 5131 5133
f 5132 5133 5134
f 5134 5133 5135
f 5134 5135 5136
f 5136 5135 5137
f 5136 5137 5138
f 5138 5137 5139
f 5138 5139 5140
f 5133 5131 5141
f 5141 5131 5142
f 5141 5142 5143
f 5143 5142 5144
f 5143 5144 5145
f 5143 5145 5146
f 5146 5145 5139
f 5146 5139 5137
f 5147 5148 5140
f 5140 5148 5149
f 5140 5149 5138
f 5138 5149 5150
f 5138 5150 5136
f 5136 5150 5151
f 5136 5151 5134
f 5134 5151 5152
f 5134 5152 5132
f 5132 5152 5130
f 5153 5154 5147
f 5147 5154 5155
f 5147 5155 5148
f 5148 5155 5156
f 5148 5156 5157
f 5157 5156 5158
f 5157 5158 5159
f 5159 5158 5160
f 5159 5160 5161
f 5161 5160 5162
f 5161 5162 5163
f 5163 5162 5164
f 5163 5164 5128
f 5128 5164 5126
f 5154 5153 5165
f 5165 5153 4577
f 5165 4577 5055
f 5165 5055 5166
f 5166 5055 5054
f 5166 5054 5167
f 5167 5054 5053
f 5167 5053 5168
f 5168 5053 5052
f 5168 5052 5169
f 5169 5052 5170
f 5169 5170 5171
f 5171 5170 5172
f 5171 5172 5173
f 5173 5172 5120
f 5173 5120 5174
f 5174 5120 5118
f 5174 5118 5175
f 5175 5118 5176
f 5175 5176 5177
f 5177 5176 5178
f 5177 5178 5179
f 5179 5178 5180
f 5179 5180 5181
f 5181 5180 5160
f 5181 5160 5158
f 5052 5051 5170
f 5170 5051 5050
f 5170 5050 5182
f 5182 5050 5041
f 5182 5041 5122
f 5182 5122 5172
f 5172 5122 5120
f 5118 5114 5176
f 5176 5114 5183
f 5176 5183 5178
f 5178 5183 5184
f 5178 5184 5180
f 5180 5184 5162
f 5180 5162 5160
f 5183 5114 5185
f 5185 5114 5113
f 5185 5113 5126
f 5184 5183 5185
f 5184 5185 5164
f 5164 5185 5126
f 5174 5175 5186
f 5186 5175 5177
f 5186 5177 5187
f 5187 5177 5179
f 5187 5179 5188
f 5188 5179 5181
f 5188 5181 5189
f 5189 5181 5158
f 5189 5158 5156
f 5173 5174 5190
f 5190 5174 5186
f 5190 5186 5191
f 5191 5186 5187
f 5191 5187 5192
f 5192 5187 5188
f 5192 5188 5193
f 5193 5188 5189
f 5193 5189 5194
f 5194 5189 5156
f 5194 5156 5155
f 5170 5182 5172
f 5162 5184 5164
f 5173 5190 5171
f 5171 5190 5195
f 5171 5195 5169
f 5169 5195 5168
f 5195 5190 5191
f 5128 5130 5163
f 5163 5130 5152
f 5163 5152 5161
f 5161 5152 5151
f 5161 5151 5159
f 5159 5151 5150
f 5159 5150 5157
f 5157 5150 5149
f 5157 5149 5148
f 5195 5191 5196
f 5196 5191 5192
f 5196 5192 5197
f 5197 5192 5193
f 5197 5193 5198
f 5198 5193 5194
f 5198 5194 5154
f 5154 5194 5155
f 5133 5141 5135
f 5135 5141 5146
f 5135 5146 5137
f 5143 5146 5141
f 5198 5166 5197
f 5197 5166 5167
f 5197 5167 5196
f 5196 5167 5168
f 5196 5168 5195
f 5154 5165 5198
f 5198 5165 5166
f 5142 5199 5144
f 5144 5199 5200
f 5144 5200 5201
f 5201 5200 5202
f 5201 5202 5203
f 5203 5202 5204
f 5203 5204 5205
f 5205 5204 5206
f 5205 5206 5207
f 5207 5206 5208
f 5207 5208 5209
f 5142 5131 5199
f 5199 5131 5129
f 5199 5129 5210
f 5210 5129 5127
f 5210 5127 5211
f 5211 5127 5116
f 5144 5201 5145
f 5145 5201 5212
f 5145 5212 5139
f 5139 5212 5213
f 5139 5213 5140
f 5140 5213 5214
f 5140 5214 5147
f 5147 5214 5215
f 5147 5215 5153
f 5153 5215 5216
f 5153 5216 4577
f 4577 5216 4581
f 4581 5216 5217
f 4581 5217 4585
f 4585 5217 5218
f 4585 5218 4587
f 4587 5218 5219
f 4587 5219 4589
f 4589 5219 5220
f 4589 5220 4591
f 4591 5220 5221
f 4591 5221 4593
f 4593 5221 5222
f 5222 5221 5223
f 5222 5223 5224
f 5224 5223 5225
f 5224 5225 5226
f 5226 5225 5227
f 5226 5227 5228
f 5228 5227 5229
f 5228 5229 5230
f 5230 5229 5209
f 5209 5229 5207
f 5207 5229 5231
f 5207 5231 5205
f 5205 5231 5232
f 5205 5232 5203
f 5203 5232 5233
f 5203 5233 5234
f 5234 5233 5235
f 5234 5235 5236
f 5236 5235 5237
f 5236 5237 5238
f 5238 5237 5239
f 5238 5239 5240
f 5240 5239 5218
f 5240 5218 5217
f 5212 5201 5234
f 5234 5201 5203
f 5234 5236 5212
f 5212 5236 5213
f 5236 5238 5213
f 5213 5238 5214
f 5217 5216 5215
f 5238 5240 5214
f 5214 5240 5215
f 5240 5217 5215
f 5235 5233 5241
f 5241 5233 5232
f 5241 5232 5242
f 5242 5232 5231
f 5242 5231 5227
f 5227 5231 5229
f 5237 5235 5243
f 5243 5235 5241
f 5243 5241 5244
f 5244 5241 5242
f 5244 5242 5225
f 5225 5242 5227
f 5219 5218 5239
f 5239 5237 5245
f 5245 5237 5243
f 5245 5243 5246
f 5246 5243 5244
f 5246 5244 5223
f 5223 5244 5225
f 5246 5220 5245
f 5245 5220 5219
f 5245 5219 5239
f 5223 5221 5246
f 5246 5221 5220
f 5247 5248 5209
f 5209 5248 5230
f 5230 5248 5249
f 5230 5249 5228
f 5228 5249 5250
f 5228 5250 5226
f 5226 5250 5251
f 5226 5251 5252
f 5226 5252 5224
f 5224 5252 5253
f 5224 5253 5222
f 5222 5253 5254
f 5222 5254 4593
f 4593 5254 4595
f 5209 5208 5247
f 5247 5208 5255
f 5256 5257 5258
f 5258 5257 5259
f 5259 5257 5260
f 5259 5260 5261
f 5261 5260 5262
f 5261 5262 5263
f 5261 5263 5264
f 5264 5263 5265
f 5264 5265 5266
f 5266 5265 5267
f 5266 5267 5268
f 5247 5255 5268
f 5268 5255 5266
f 5268 5269 5247
f 5247 5269 5270
f 5247 5270 5248
f 5248 5270 5271
f 5248 5271 5272
f 5272 5271 5273
f 5272 5273 5274
f 5274 5273 5275
f 5274 5275 5276
f 5276 5275 5277
f 5276 5277 5278
f 5278 5277 5279
f 5278 5279 5280
f 5280 5279 5281
f 5280 5281 5282
f 5282 5281 5283
f 5282 5283 5284
f 5284 5283 5285
f 5284 5285 5286
f 5286 5285 5287
f 5286 5287 5288
f 5288 5287 5289
f 5288 5289 5290
f 5290 5289 5291
f 5290 5291 5292
f 5292 5291 5293
f 5292 5293 5294
f 5294 5293 5295
f 5294 5295 5296
f 5268 5267 5269
f 5269 5267 5297
f 5269 5297 5270
f 5270 5297 5298
f 5270 5298 5271
f 5271 5298 5273
f 5267 5265 5297
f 5297 5265 5299
f 5297 5299 5298
f 5298 5299 5300
f 5298 5300 5273
f 5273 5300 5275
f 5299 5265 5301
f 5301 5265 5263
f 5301 5263 5302
f 5302 5263 5303
f 5302 5303 5304
f 5304 5303 5305
f 5304 5305 5279
f 5279 5305 5281
f 5303 5263 5306
f 5306 5263 5262
f 5306 5262 5307
f 5307 5262 5308
f 5307 5308 5309
f 5309 5308 5310
f 5309 5310 5285
f 5285 5310 5287
f 5262 5260 5308
f 5308 5260 5311
f 5308 5311 5310
f 5310 5311 5312
f 5310 5312 5287
f 5287 5312 5289
f 5260 5257 5311
f 5311 5257 5313
f 5311 5313 5312
f 5312 5313 5314
f 5312 5314 5289
f 5289 5314 5291
f 5313 5257 5315
f 5315 5257 5256
f 5315 5256 5295
f 5316 5317 5296
f 5296 5317 5318
f 5296 5318 5294
f 5294 5318 5319
f 5294 5319 5292
f 5292 5319 5320
f 5292 5320 5290
f 5290 5320 5321
f 5290 5321 5288
f 5288 5321 5322
f 5288 5322 5286
f 5286 5322 5323
f 5286 5323 5284
f 5284 5323 5324
f 5284 5324 5282
f 5282 5324 5325
f 5282 5325 5280
f 5280 5325 5326
f 5280 5326 5278
f 5278 5326 5327
f 5278 5327 5276
f 5276 5327 5328
f 5276 5328 5274
f 5274 5328 5329
f 5274 5329 5272
f 5272 5329 5249
f 5272 5249 5248
f 5330 5331 5316
f 5316 5331 5332
f 5316 5332 5333
f 5333 5332 5334
f 5333 5334 5335
f 5335 5334 5336
f 5335 5336 5337
f 5337 5336 5338
f 5337 5338 5339
f 5339 5338 5340
f 5339 5340 5341
f 5341 5340 5342
f 5341 5342 5343
f 5343 5342 5344
f 5343 5344 5345
f 5345 5344 5346
f 5345 5346 5347
f 5347 5346 5348
f 5347 5348 5349
f 5349 5348 5350
f 5349 5350 5351
f 5351 5350 5250
f 5351 5250 5249
f 5352 5353 5330
f 5330 5353 5354
f 5330 5354 5331
f 5331 5354 5334
f 5331 5334 5332
f 5355 5356 5352
f 5352 5356 5357
f 5352 5357 5358
f 5358 5357 5359
f 5358 5359 5360
f 5360 5359 5338
f 5360 5338 5336
f 5361 5362 5355
f 5355 5362 5363
f 5355 5363 5364
f 5364 5363 5365
f 5364 5365 5366
f 5366 5365 5367
f 5366 5367 5368
f 5368 5367 5342
f 5368 5342 5340
f 4595 5369 5361
f 5361 5369 5370
f 5361 5370 5362
f 5362 5370 5363
f 4595 5254 5369
f 5369 5254 5370
f 5254 5253 5370
f 5370 5253 5371
f 5370 5371 5363
f 5363 5371 5372
f 5363 5372 5365
f 5365 5372 5373
f 5365 5373 5367
f 5367 5373 5344
f 5367 5344 5342
f 5253 5252 5371
f 5371 5252 5374
f 5371 5374 5372
f 5372 5374 5375
f 5372 5375 5373
f 5373 5375 5346
f 5373 5346 5344
f 5252 5251 5374
f 5374 5251 5376
f 5374 5376 5375
f 5375 5376 5348
f 5375 5348 5346
f 5251 5250 5376
f 5376 5250 5350
f 5376 5350 5348
f 5295 5293 5377
f 5377 5293 5291
f 5377 5291 5314
f 5314 5313 5315
f 5377 5314 5315
f 5305 5303 5306
f 5306 5307 5378
f 5378 5307 5309
f 5378 5309 5283
f 5283 5309 5285
f 5300 5299 5301
f 5301 5302 5379
f 5379 5302 5304
f 5379 5304 5277
f 5277 5304 5279
f 5379 5277 5275
f 5379 5275 5300
f 5378 5283 5281
f 5378 5281 5305
f 5295 5377 5315
f 5351 5249 5329
f 5349 5351 5328
f 5328 5351 5329
f 5347 5349 5327
f 5327 5349 5328
f 5345 5347 5326
f 5326 5347 5327
f 5343 5345 5325
f 5325 5345 5326
f 5341 5343 5324
f 5324 5343 5325
f 5339 5341 5323
f 5323 5341 5324
f 5337 5339 5322
f 5322 5339 5323
f 5335 5337 5321
f 5321 5337 5322
f 5333 5335 5320
f 5320 5335 5321
f 5320 5319 5333
f 5333 5319 5317
f 5333 5317 5316
f 5319 5318 5317
f 5368 5340 5359
f 5359 5340 5338
f 5360 5336 5354
f 5354 5336 5334
f 5358 5360 5353
f 5353 5360 5354
f 5366 5368 5357
f 5357 5368 5359
f 5352 5358 5353
f 5364 5366 5356
f 5356 5366 5357
f 5355 5364 5356
f 5378 5305 5306
f 5379 5300 5301
f 5380 5381 5256
f 5256 5381 5382
f 5256 5382 5295
f 5295 5382 5296
f 5296 5382 5383
f 5296 5383 5316
f 5316 5383 5384
f 5316 5384 5330
f 5330 5384 5352
f 5352 5384 5385
f 5352 5385 5355
f 5355 5385 5386
f 5355 5386 5361
f 5361 5386 4595
f 4595 5386 5387
f 4595 5387 5388
f 5388 5387 5389
f 5388 5389 5390
f 5390 5389 5391
f 5391 5389 5392
f 5391 5392 5393
f 5393 5392 5394
f 5393 5394 5395
f 5395 5394 5396
f 5395 5396 5397
f 5397 5396 5398
f 5398 5396 5399
f 5398 5399 5400
f 5400 5399 5380
f 5380 5399 5381
f 5388 4598 4595
f 5383 5382 5381
f 5381 5399 5401
f 5401 5399 5396
f 5401 5396 5402
f 5402 5396 5394
f 5402 5394 5403
f 5403 5394 5392
f 5403 5392 5387
f 5387 5392 5389
f 5384 5383 5401
f 5401 5383 5381
f 5384 5401 5402
f 5385 5384 5402
f 5385 5402 5403
f 5386 5385 5403
f 5386 5403 5387
f 5404 5405 5406
f 5406 5405 5407
f 5406 5407 5408
f 5404 5409 5405
f 5405 5410 5407
f 5407 5410 5411
f 5411 5410 5412
f 5411 5412 5413
f 5413 5412 5414
f 5413 5414 5415
f 5415 5414 5416
f 5415 5416 5417
f 5417 5416 5418
f 5418 5416 5419
f 5419 5416 5420
f 5421 5422 5414
f 5414 5422 5423
f 5414 5423 5416
f 5416 5423 5424
f 5416 5424 5425
f 5425 5426 5416
f 5416 5426 5427
f 5427 5426 5428
f 5428 5426 5429
f 5428 5429 5430
f 5430 5431 5428
f 5432 5433 5417
f 5417 5433 5415
f 5434 5435 5436
f 5436 5435 5437
f 5436 5437 5438
f 5436 5439 5434
f 5434 5439 5440
f 5441 5442 4515
f 4515 5442 4491
f 5256 5258 5380
f 5380 5258 5443
f 5444 5404 5445
f 5445 5404 5406
f 5445 5406 5446
f 5446 5406 5447
f 5446 5447 5448
f 5448 5447 5449
f 5448 5449 5450
f 5450 5449 5451
f 5450 5451 5452
f 5452 5451 5453
f 5452 5453 5454
f 5454 5453 5455
f 5454 5455 5456
f 5456 5455 5457
f 5456 5457 5091
f 5091 5083 5456
f 5456 5083 5458
f 5456 5458 5454
f 5454 5458 5459
f 5454 5459 5452
f 5452 5459 5460
f 5452 5460 5450
f 5450 5460 5461
f 5450 5461 5448
f 5448 5461 5462
f 5448 5462 5446
f 5446 5462 5445
f 5083 5463 5458
f 5458 5463 5459
f 5463 5464 5459
f 5459 5464 5460
f 5464 5465 5460
f 5460 5465 5461
f 5465 5466 5461
f 5461 5466 5462
f 5466 5467 5462
f 5462 5467 5445
f 5467 5444 5445
f 5421 5468 5422
f 5422 5468 5469
f 5429 5470 5430
f 5430 5470 5471
f 1538 1534 5472
f 5472 1534 5473
f 1578 5474 1579
f 1579 5474 5475
f 5476 5477 5478
f 5478 5477 5479
f 5480 5481 5482
f 5482 5481 5483
f 1492 1462 5484
f 5484 1462 5485
f 5083 5090 5463
f 5463 5090 5464
f 5464 5090 5465
f 5465 5090 5466
f 5466 5090 5467
f 5467 5090 5444
f 5444 5090 5486
f 5444 5486 5404
f 5404 5486 5409
f 5487 5488 5489
f 5489 5488 5490
f 5490 5488 5087
f 5490 5087 5491
f 5491 5087 5492
f 5492 5087 5493
f 5493 5087 5494
f 5494 5087 5495
f 5495 5087 5082
f 5414 5496 5421
f 5421 5496 5468
f 5497 1457 5498
f 5498 1457 5499
f 5498 5499 5500
f 5501 5502 5497
f 5497 5502 5471
f 5497 5471 1457
f 1457 5471 1862
f 1457 1862 4324
f 5471 5470 1862
f 1862 5470 5503
f 1862 5503 1861
f 1861 5503 5504
f 1861 5504 5469
f 5469 5504 5505
f 5505 5504 5506
f 5470 5507 5503
f 5503 5507 5508
f 5469 5468 1861
f 1861 5468 4497
f 4497 5468 5509
f 4497 5509 5510
f 5468 5496 5509
f 5509 5496 5511
f 1457 4324 1458
f 1458 4324 4330
f 1458 4330 4329
f 1458 4329 1582
f 1582 4329 4327
f 1582 4327 4328
f 4328 1952 1582
f 1582 1952 1872
f 1582 1872 1873
f 5512 5513 5514
f 5514 5513 5515
f 5514 5515 5516
f 5517 5518 5512
f 5512 5518 5519
f 5512 5519 5520
f 5521 5522 5517
f 5517 5522 5523
f 5517 5523 5524
f 5525 5526 5521
f 5521 5526 5527
f 5521 5527 5528
f 5529 5530 5525
f 5525 5530 5531
f 5525 5531 5532
f 5514 5533 5529
f 5529 5533 5534
f 5529 5534 5535
f 5528 5536 5521
f 5521 5536 5522
f 5524 5537 5517
f 5517 5537 5518
f 5520 5513 5512
f 5516 5533 5514
f 5535 5538 5529
f 5529 5538 5539
f 5529 5539 5530
f 5532 5540 5525
f 5525 5540 5526
f 5541 5542 5543
f 5543 5542 5544
f 5543 5544 5545
f 5546 5547 5541
f 5541 5547 5548
f 5541 5548 5549
f 5550 5551 5546
f 5546 5551 5552
f 5546 5552 5553
f 5554 5555 5550
f 5550 5555 5556
f 5550 5556 5557
f 5543 5558 5554
f 5554 5558 5559
f 5554 5559 5560
f 5557 5561 5550
f 5550 5561 5551
f 5553 5562 5546
f 5546 5562 5547
f 5549 5563 5541
f 5541 5563 5564
f 5541 5564 5542
f 5545 5565 5543
f 5543 5565 5566
f 5543 5566 5567
f 5567 5558 5543
f 5560 5568 5554
f 5554 5568 5555
f 1497 5569 1498
f 1498 5569 5570
f 1498 5570 5571
f 5572 5573 1497
f 1497 5573 5574
f 1497 5574 5575
f 5576 5577 5572
f 5572 5577 5578
f 5572 5578 5579
f 5580 5581 5576
f 5576 5581 5582
f 5576 5582 5583
f 1498 5584 5580
f 5580 5584 5585
f 5580 5585 5586
f 5586 5587 5580
f 5580 5587 5588
f 5580 5588 5581
f 5583 5589 5576
f 5576 5589 5577
f 5579 5590 5572
f 5572 5590 5573
f 5575 5591 1497
f 1497 5591 5592
f 1497 5592 5569
f 5571 5593 1498
f 1498 5593 5594
f 1498 5594 5584
f 1564 5595 1565
f 1565 5595 5596
f 1565 5596 5597
f 5598 5599 1564
f 1564 5599 5600
f 1564 5600 5601
f 5602 5603 5598
f 5598 5603 5604
f 5598 5604 5605
f 5606 5607 5602
f 5602 5607 5608
f 5602 5608 5609
f 1565 5610 5606
f 5606 5610 5611
f 5606 5611 5612
f 5612 5613 5606
f 5606 5613 5614
f 5606 5614 5607
f 5609 5615 5602
f 5602 5615 5603
f 5605 5616 5598
f 5598 5616 5599
f 5601 5617 1564
f 1564 5617 5618
f 1564 5618 5595
f 5597 5619 1565
f 1565 5619 5620
f 1565 5620 5610
f 5498 5621 5497
f 5497 5621 5622
f 5497 5622 5623
f 5624 5625 5498
f 5498 5625 5626
f 5498 5626 5627
f 5628 5629 5624
f 5624 5629 5630
f 5624 5630 5631
f 5632 5633 5628
f 5628 5633 5634
f 5628 5634 5635
f 5497 5636 5632
f 5632 5636 5637
f 5632 5637 5638
f 5623 5639 5497
f 5497 5639 5640
f 5497 5640 5636
f 5638 5641 5632
f 5632 5641 5633
f 5635 5642 5628
f 5628 5642 5643
f 5628 5643 5629
f 5631 5644 5624
f 5624 5644 5625
f 5627 5645 5498
f 5498 5645 5646
f 5498 5646 5621
f 5503 5647 5504
f 5504 5647 5648
f 5504 5648 5649
f 5650 5651 5503
f 5503 5651 5652
f 5503 5652 5653
f 5654 5655 5650
f 5650 5655 5656
f 5650 5656 5657
f 5658 5659 5654
f 5654 5659 5660
f 5654 5660 5661
f 5504 5662 5658
f 5658 5662 5663
f 5658 5663 5664
f 5649 5665 5504
f 5504 5665 5666
f 5504 5666 5662
f 5664 5667 5658
f 5658 5667 5659
f 5661 5668 5654
f 5654 5668 5669
f 5654 5669 5655
f 5657 5670 5650
f 5650 5670 5651
f 5653 5671 5503
f 5503 5671 5672
f 5503 5672 5647
f 5510 5673 5674
f 5674 5673 5675
f 5674 5675 5676
f 5509 5677 5510
f 5510 5677 5678
f 5510 5678 5679
f 5680 5681 5509
f 5509 5681 5682
f 5509 5682 5683
f 5684 5685 5680
f 5680 5685 5686
f 5680 5686 5687
f 5688 5689 5684
f 5684 5689 5690
f 5684 5690 5691
f 5674 5676 5688
f 5688 5676 5692
f 5688 5692 5693
f 5679 5694 5510
f 5510 5694 5673
f 5693 5695 5688
f 5688 5695 5689
f 5691 5696 5684
f 5684 5696 5697
f 5684 5697 5685
f 5687 5698 5680
f 5680 5698 5681
f 5683 5699 5509
f 5509 5699 5677
f 5700 5701 5702
f 5702 5701 5703
f 5702 5703 5704
f 5705 5706 5700
f 5700 5706 5707
f 5700 5707 5708
f 5709 5710 5705
f 5705 5710 5711
f 5705 5711 5712
f 5713 5714 5709
f 5709 5714 5715
f 5709 5715 5716
f 5702 5717 5713
f 5713 5717 5718
f 5713 5718 5719
f 5716 5720 5709
f 5709 5720 5710
f 5712 5721 5705
f 5705 5721 5706
f 5708 5722 5700
f 5700 5722 5723
f 5700 5723 5701
f 5704 5724 5702
f 5702 5724 5725
f 5702 5725 5726
f 5726 5717 5702
f 5719 5727 5713
f 5713 5727 5714
f 5514 4544 5512
f 5512 4544 5488
f 5512 5488 5728
f 4544 4485 5488
f 5488 4485 5087
f 5728 5729 5512
f 5729 5730 5512
f 5512 5730 5517
f 5730 5731 5517
f 5517 5731 5521
f 5521 5731 5732
f 5511 5496 5733
f 5733 5496 5414
f 5733 5414 5412
f 5410 5405 5734
f 5734 5405 5735
f 5734 5735 5736
f 5508 5507 5737
f 5737 5507 5426
f 5737 5426 5425
f 5424 5423 5738
f 5738 5423 5505
f 5738 5505 5506
f 1546 1542 5739
f 5739 1542 5740
f 5739 5740 5741
f 5729 5728 5730
f 5730 5728 5742
f 5730 5742 5731
f 5743 5744 5745
f 5745 5744 5746
f 5745 5746 5747
f 5748 5749 5750
f 5750 5749 5751
f 5750 5751 5752
f 5753 5754 5755
f 5755 5754 5756
f 5755 5756 5757
f 5758 5759 5760
f 5760 5759 1504
f 5760 1504 1499
f 5761 5762 5763
f 5763 5762 5764
f 5763 5764 5765
f 5765 5764 5766
f 5767 5768 5763
f 5763 5768 5761
f 5502 5769 5431
f 5431 5769 5440
f 5431 5440 5770
f 5502 5501 5769
f 5770 5771 5431
f 5431 5771 5428
f 5772 5773 5774
f 5774 5773 5775
f 5775 5773 5776
f 5776 5773 5777
f 5776 5777 5778
f 5778 5777 5779
f 5779 5777 5780
f 5780 5777 5781
f 5780 5781 5782
f 5782 5781 5783
f 5783 5781 5784
f 1493 1463 5773
f 5773 1463 5777
f 5777 5785 5781
f 5781 5785 5786
f 5786 5785 5787
f 5434 5788 5435
f 5435 5788 5789
f 5789 5788 5790
f 5790 5788 5791
f 5790 5791 5792
f 5792 5791 5793
f 5793 5791 5794
f 5794 5791 5795
f 5794 5795 5796
f 5796 5795 5797
f 5797 5795 5798
f 5791 5788 5799
f 5799 5788 5500
f 5799 5500 5499
f 5791 1572 5795
f 5795 1572 1566
f 5511 5733 5509
f 5509 5733 5680
f 5733 5412 5680
f 5680 5412 5684
f 5684 5412 5800
f 5734 5688 5410
f 5410 5688 5684
f 5410 5684 5800
f 5752 5753 5801
f 5772 5758 5802
f 5741 5798 5803
f 5425 5424 5804
f 5800 5412 5410
f 5732 5731 5743
f 5762 5784 5805
f 5434 5440 5806
f 5487 5489 5742
f 5742 5489 5807
f 5742 5807 5808
f 5808 5807 5809
f 5808 5810 5742
f 5742 5810 5731
f 5731 5810 5811
f 5731 5811 5743
f 5743 5811 5812
f 5743 5812 5744
f 5744 5812 5813
f 5744 5813 5751
f 5751 5813 5752
f 5752 5813 5753
f 5753 5813 5754
f 5754 5813 5814
f 5754 5814 5767
f 5815 5816 5812
f 5812 5816 5817
f 5812 5817 5813
f 5813 5817 5818
f 5813 5818 5819
f 5819 5820 5813
f 5763 5483 5767
f 5767 5483 5481
f 5767 5481 5754
f 5479 5477 5751
f 5751 5477 5744
f 5821 5822 5823
f 5823 5822 5783
f 5823 5783 5784
f 5762 5824 5784
f 5784 5824 5823
f 5825 5826 4474
f 4474 5826 4475
f 5827 5828 5829
f 5829 5828 5830
f 5495 5082 5831
f 5831 5082 5084
f 5831 5084 5832
f 5832 5084 5833
f 5832 5833 5834
f 5834 5833 5835
f 5834 5835 5836
f 5836 5835 5837
f 5836 5837 5838
f 5838 5837 5839
f 5838 5839 5840
f 5840 5839 5841
f 5840 5841 5842
f 5842 5841 5843
f 5842 5843 5807
f 5807 5489 5842
f 5842 5489 5844
f 5842 5844 5840
f 5840 5844 5845
f 5840 5845 5838
f 5838 5845 5846
f 5838 5846 5836
f 5836 5846 5847
f 5836 5847 5834
f 5834 5847 5848
f 5834 5848 5832
f 5832 5848 5831
f 5489 5490 5844
f 5844 5490 5845
f 5490 5491 5845
f 5845 5491 5846
f 5491 5492 5846
f 5846 5492 5847
f 5492 5493 5847
f 5847 5493 5848
f 5493 5494 5848
f 5848 5494 5831
f 5494 5495 5831
f 5849 5433 5850
f 5850 5433 5432
f 5851 5852 1640
f 1640 5852 1645
f 1680 1679 5853
f 5853 1679 5854
f 5815 5855 5816
f 5816 5855 5856
f 5857 1808 5858
f 5858 1808 1812
f 5859 5860 5861
f 5861 5860 5862
f 5863 5864 5865
f 5865 5864 5866
f 5408 5867 5406
f 5406 5867 5447
f 5447 5867 5093
f 5447 5093 5449
f 5449 5093 5451
f 5451 5093 5453
f 5453 5093 5455
f 5455 5093 5457
f 5457 5093 5091
f 5084 5086 5833
f 5833 5086 5835
f 5835 5086 5837
f 5837 5086 5839
f 5839 5086 5841
f 5841 5086 5843
f 5843 5086 5868
f 5843 5868 5807
f 5807 5868 5809
f 5433 5849 5415
f 5415 5849 5869
f 5870 5871 5872
f 5872 5871 1650
f 1650 5871 1725
f 5873 5874 5875
f 5875 5874 5817
f 5817 5874 5818
f 5811 5876 5812
f 5812 5876 5877
f 5877 5876 5878
f 5879 5880 5881
f 5881 5880 5808
f 5808 5880 5810
f 1768 5882 1636
f 1636 5882 5883
f 5883 5882 5884
f 5418 5885 5417
f 5417 5885 5886
f 5886 5885 5887
f 5411 5888 5407
f 5407 5888 5889
f 5889 5888 5890
f 5891 5892 5869
f 5869 5892 5415
f 5415 5892 5413
f 5419 5420 5893
f 5893 5420 5894
f 5893 5894 5895
f 5895 5894 5896
f 5896 5894 5897
f 5898 5899 5900
f 5900 5899 5901
f 5901 5899 5902
f 5902 5899 5820
f 5902 5820 5819
f 5903 5904 5905
f 5905 5904 5906
f 5907 5908 5909
f 5909 5908 5910
f 5821 5911 5822
f 5822 5911 5912
f 5822 5912 5913
f 5913 5912 5914
f 5914 5912 5915
f 5915 5912 5916
f 5915 5916 5917
f 5917 5916 5918
f 5918 5916 5919
f 5918 5919 5920
f 5920 5919 5921
f 5921 5919 5922
f 5916 5912 5923
f 5923 5912 5924
f 5923 5924 5925
f 5916 1714 5919
f 5919 1714 1720
f 5926 5927 5928
f 5928 5927 5929
f 5929 5927 5930
f 5930 5927 5931
f 5930 5931 5932
f 5932 5931 5933
f 5933 5931 5934
f 5933 5934 5935
f 5935 5934 5936
f 5936 5934 5437
f 5437 5934 5937
f 5437 5937 5438
f 1772 1585 5927
f 5927 1585 5931
f 5931 5938 5934
f 5934 5938 5939
f 5939 5938 5940
f 5871 5870 5941
f 5941 5870 5942
f 5942 5870 5943
f 1725 5871 1810
f 1810 5871 5941
f 5944 5945 5946
f 5946 5945 5947
f 5946 5947 5948
f 5949 5950 5944
f 5944 5950 5951
f 5944 5951 5952
f 5953 5954 5949
f 5949 5954 5955
f 5949 5955 5956
f 5957 5958 5953
f 5953 5958 5959
f 5953 5959 5960
f 5946 5961 5957
f 5957 5961 5962
f 5957 5962 5963
f 5963 5964 5957
f 5957 5964 5958
f 5960 5965 5953
f 5953 5965 5954
f 5956 5966 5949
f 5949 5966 5967
f 5949 5967 5968
f 5968 5950 5949
f 5952 5969 5944
f 5944 5969 5970
f 5944 5970 5945
f 5948 5971 5946
f 5946 5971 5961
f 5972 5973 5974
f 5974 5973 5975
f 5974 5975 5976
f 5977 5978 5972
f 5972 5978 5979
f 5972 5979 5980
f 5981 5982 5977
f 5977 5982 5983
f 5977 5983 5984
f 5985 5986 5981
f 5981 5986 5987
f 5981 5987 5988
f 5974 5989 5985
f 5985 5989 5990
f 5985 5990 5991
f 5984 5992 5977
f 5977 5992 5993
f 5977 5993 5978
f 5980 5994 5972
f 5972 5994 5973
f 5976 5995 5974
f 5974 5995 5996
f 5974 5996 5989
f 5991 5997 5985
f 5985 5997 5986
f 5988 5998 5981
f 5981 5998 5999
f 5981 5999 5982
f 6000 6001 6002
f 6002 6001 6003
f 6002 6003 6004
f 6005 6006 6000
f 6000 6006 6007
f 6000 6007 6008
f 6009 6010 6005
f 6005 6010 6011
f 6005 6011 6012
f 6013 6014 6009
f 6009 6014 6015
f 6009 6015 6016
f 6017 6018 6013
f 6013 6018 6019
f 6013 6019 6020
f 6002 6021 6017
f 6017 6021 6022
f 6017 6022 6023
f 6020 6024 6013
f 6013 6024 6014
f 6016 6025 6009
f 6009 6025 6010
f 6012 6026 6005
f 6005 6026 6027
f 6005 6027 6006
f 6008 6001 6000
f 6004 6021 6002
f 6023 6028 6017
f 6017 6028 6018
f 6029 6030 6031
f 6031 6030 6032
f 6031 6032 6033
f 6034 6035 6029
f 6029 6035 6036
f 6029 6036 6037
f 6038 6039 6034
f 6034 6039 6040
f 6034 6040 6041
f 6042 6043 6038
f 6038 6043 6044
f 6038 6044 6045
f 6031 6046 6042
f 6042 6046 6047
f 6042 6047 6048
f 6045 6049 6038
f 6038 6049 6039
f 6041 6050 6034
f 6034 6050 6035
f 6037 6051 6029
f 6029 6051 6052
f 6029 6052 6053
f 6053 6030 6029
f 6033 6054 6031
f 6031 6054 6055
f 6031 6055 6046
f 6048 6056 6042
f 6042 6056 6043
f 1810 6057 1811
f 1811 6057 6058
f 1811 6058 6059
f 5941 6060 1810
f 1810 6060 6061
f 1810 6061 6062
f 5942 6063 5941
f 5941 6063 6064
f 5941 6064 6065
f 6066 6067 5942
f 5942 6067 6068
f 5942 6068 6069
f 1811 6070 6066
f 6066 6070 6071
f 6066 6071 6072
f 6073 6074 5941
f 5941 6074 6060
f 6062 6075 1810
f 1810 6075 6076
f 1810 6076 6057
f 6059 6077 1811
f 1811 6077 6078
f 1811 6078 6070
f 6072 6079 6066
f 6066 6079 6067
f 6069 6080 5942
f 5942 6080 6063
f 6065 6073 5941
f 1774 6081 1773
f 1773 6081 6082
f 1773 6082 6083
f 6084 6085 1774
f 1774 6085 6086
f 1774 6086 6087
f 6088 6089 6084
f 6084 6089 6090
f 6084 6090 6091
f 6092 6093 6088
f 6088 6093 6094
f 6088 6094 6095
f 1773 6096 6092
f 6092 6096 6097
f 6092 6097 6098
f 6099 6100 6084
f 6084 6100 6085
f 6087 6101 1774
f 1774 6101 6102
f 1774 6102 6081
f 6083 6103 1773
f 1773 6103 6104
f 1773 6104 6096
f 6098 6105 6092
f 6092 6105 6093
f 6095 6106 6088
f 6088 6106 6089
f 6091 6099 6084
f 6107 6108 6109
f 6109 6108 6110
f 6109 6110 6111
f 6112 6113 6107
f 6107 6113 6114
f 6107 6114 6115
f 6116 6117 6112
f 6112 6117 6118
f 6112 6118 6119
f 6120 6121 6116
f 6116 6121 6122
f 6116 6122 6123
f 6109 6124 6120
f 6120 6124 6125
f 6120 6125 6126
f 6111 6127 6109
f 6109 6127 6128
f 6109 6128 6124
f 6126 6129 6120
f 6120 6129 6121
f 6123 6130 6116
f 6116 6130 6131
f 6116 6131 6117
f 6119 6132 6112
f 6112 6132 6113
f 6115 6133 6107
f 6107 6133 6134
f 6107 6134 6108
f 6135 6136 6137
f 6137 6136 6138
f 6137 6138 6139
f 6140 6141 6135
f 6135 6141 6142
f 6135 6142 6143
f 6144 6145 6140
f 6140 6145 6146
f 6140 6146 6141
f 6147 6148 6144
f 6144 6148 6149
f 6144 6149 6150
f 6151 6152 6147
f 6147 6152 6153
f 6147 6153 6154
f 6137 6155 6151
f 6151 6155 6156
f 6151 6156 6157
f 6143 6158 6135
f 6135 6158 6136
f 6139 6159 6137
f 6137 6159 6155
f 6157 6160 6151
f 6151 6160 6152
f 6154 6161 6147
f 6147 6161 6162
f 6147 6162 6148
f 6150 6163 6144
f 6144 6163 6145
f 5910 5944 5909
f 5909 5944 5946
f 5909 5946 6164
f 5903 6165 6166
f 6166 6165 6167
f 6167 6165 5937
f 5911 6168 6169
f 6169 6168 6164
f 6164 6168 5909
f 6165 5903 6170
f 6170 5903 5905
f 6170 5905 6171
f 6171 5905 5897
f 6171 5897 5894
f 5859 5861 5905
f 5905 5861 5897
f 6165 6170 5937
f 5937 6170 5436
f 5937 5436 5438
f 5436 6172 5439
f 5439 6172 6173
f 5439 6173 6174
f 6174 6173 6175
f 6174 6175 6176
f 6176 6175 5427
f 5427 6175 6177
f 5427 6177 5416
f 5416 6177 6171
f 6171 6177 6170
f 6170 6177 6172
f 6170 6172 5436
f 6178 5823 6179
f 6179 5823 5824
f 6179 5824 6180
f 6180 5824 6181
f 6180 6181 6182
f 6182 6181 6183
f 6182 6183 5814
f 6182 5814 6184
f 6184 5814 5813
f 6184 5813 6185
f 6185 6178 6184
f 6184 6178 6179
f 5439 6174 5440
f 5440 6174 5770
f 6174 6176 5770
f 5770 6176 5771
f 6176 5427 5771
f 5771 5427 5428
f 5416 6171 5420
f 5420 6171 5894
f 6168 5911 6178
f 6178 5911 5823
f 5823 5911 5821
f 6168 6178 5909
f 5909 6178 5907
f 5907 6178 6185
f 5907 6185 5898
f 5898 6185 5899
f 5863 5865 5898
f 5898 5865 5907
f 5865 5866 5907
f 5907 5866 5908
f 6000 5855 6005
f 6005 5855 5877
f 6005 5877 5878
f 6000 6186 5855
f 5855 6186 5856
f 5856 6186 5864
f 5856 5864 6031
f 6031 5864 6029
f 6029 5864 5900
f 6029 5900 5901
f 6186 6187 5864
f 5864 6187 5866
f 5866 6187 5949
f 5866 5949 5944
f 6187 5925 5949
f 5949 5925 5924
f 5910 5908 5944
f 5944 5908 5866
f 5873 5875 6031
f 6031 5875 5856
f 5878 5876 6005
f 6005 5876 6009
f 5876 5811 6009
f 6009 5811 6013
f 6013 5811 6188
f 5880 6017 5810
f 5810 6017 6013
f 5810 6013 6188
f 5819 5818 6189
f 5811 5810 6188
f 5870 5922 5943
f 5926 5884 6190
f 5418 5419 6191
f 5411 5413 6192
f 5902 5819 6034
f 6034 5819 6038
f 6038 5819 6189
f 5901 5902 6029
f 6029 5902 6034
f 5874 6042 5818
f 5818 6042 6038
f 5818 6038 6189
f 6031 6042 5873
f 5873 6042 5874
f 5921 5922 5774
f 5774 5922 5772
f 5772 5922 5870
f 5772 5870 5758
f 5758 5870 5872
f 5758 5872 5759
f 5759 5872 5883
f 5759 5883 5740
f 5740 5883 5884
f 5740 5884 5741
f 5741 5884 5926
f 5741 5926 5798
f 5798 5926 5928
f 5798 5928 5797
f 5852 5851 5872
f 5872 5851 5883
f 5472 5473 5740
f 5740 5473 5759
f 6193 6194 4530
f 4530 6194 4488
f 6195 6196 6197
f 6197 6196 6198
f 5782 5783 6199
f 6199 5783 5822
f 6199 5822 6200
f 6200 5822 5913
f 6200 5913 6201
f 6201 5913 5914
f 6201 5914 6202
f 6202 5914 5915
f 6202 5915 6203
f 6203 5915 5917
f 6203 5917 6204
f 6204 5917 5918
f 6204 5918 6205
f 6205 5918 5920
f 6205 5920 5921
f 5921 5774 6205
f 6205 5774 6206
f 6205 6206 6204
f 6204 6206 6207
f 6204 6207 6203
f 6203 6207 6208
f 6203 6208 6202
f 6202 6208 6209
f 6202 6209 6201
f 6201 6209 6210
f 6201 6210 6200
f 6200 6210 6199
f 5774 5775 6206
f 6206 5775 6207
f 5775 5776 6207
f 6207 5776 6208
f 5776 5778 6208
f 6208 5778 6209
f 5778 5779 6209
f 6209 5779 6210
f 5779 5780 6210
f 6210 5780 6199
f 5780 5782 6199
f 5473 1534 5759
f 5759 1534 1504
f 1493 5773 1497
f 1497 5773 5572
f 5773 5772 5572
f 5572 5772 5576
f 5576 5772 5802
f 5760 5580 5758
f 5758 5580 5576
f 5758 5576 5802
f 1498 5580 1499
f 1499 5580 5760
f 1492 5484 1463
f 1463 5484 5777
f 5484 5485 5777
f 5777 5485 5785
f 1462 1460 5485
f 5485 1460 1459
f 5485 1459 5787
f 5787 5785 5485
f 5514 5529 4544
f 4544 5529 5476
f 4544 5476 1814
f 1814 5476 5478
f 1814 5478 5541
f 5541 5478 5749
f 5541 5749 5748
f 5747 5746 5529
f 5529 5746 5476
f 5541 5543 1814
f 1814 5543 1816
f 1816 5543 5480
f 1816 5480 5482
f 5757 5756 5543
f 5543 5756 5480
f 5765 5700 5482
f 5482 5700 1459
f 5482 1459 1816
f 1816 1459 4323
f 4323 1459 1461
f 4323 1461 4332
f 4332 1461 4331
f 4331 1461 1677
f 4331 1677 4325
f 4325 1677 4326
f 4326 1677 1960
f 1960 1677 1866
f 1866 1677 1865
f 5765 5766 5700
f 5700 5702 1459
f 1459 5702 5787
f 5787 5702 5786
f 5527 4476 5528
f 5528 4476 4477
f 5528 4477 5536
f 5536 4477 4478
f 5536 4478 5522
f 5522 4478 4479
f 5522 4479 5523
f 5523 4479 4480
f 5523 4480 5524
f 5524 4480 4481
f 5524 4481 5537
f 5537 4481 4482
f 5537 4482 5518
f 5518 4482 4483
f 5518 4483 5519
f 5519 4483 4543
f 5519 4543 5520
f 5520 4543 4545
f 5520 4545 5513
f 5513 4545 4546
f 5513 4546 5515
f 5515 4546 4547
f 5515 4547 5516
f 5516 4547 4548
f 5516 4548 5533
f 5533 4548 4549
f 5533 4549 5534
f 5534 4549 4550
f 5534 4550 5535
f 5535 4550 4551
f 5535 4551 5538
f 5538 4551 4473
f 5538 4473 5539
f 5539 4473 4472
f 5539 4472 5530
f 5530 4472 4471
f 5530 4471 5531
f 5531 4471 4560
f 5531 4560 5532
f 5532 4560 4559
f 5532 4559 5540
f 5540 4559 4558
f 5540 4558 5526
f 5526 4558 4557
f 5526 4557 5527
f 5527 4557 4476
f 5556 4447 5557
f 5557 4447 4425
f 5557 4425 5561
f 5561 4425 4426
f 5561 4426 5551
f 5551 4426 4427
f 5551 4427 5552
f 5552 4427 4428
f 5552 4428 5553
f 5553 4428 4429
f 5553 4429 5562
f 5562 4429 4430
f 5562 4430 5547
f 5547 4430 4431
f 5547 4431 5548
f 5548 4431 4432
f 5548 4432 5549
f 5549 4432 4433
f 5549 4433 5563
f 5563 4433 4434
f 5563 4434 5564
f 5564 4434 4435
f 5564 4435 5542
f 5542 4435 4436
f 5542 4436 5544
f 5544 4436 4437
f 5544 4437 5545
f 5545 4437 4438
f 5545 4438 5565
f 5565 4438 4439
f 5565 4439 5566
f 5566 4439 4440
f 5566 4440 5567
f 5567 4440 4441
f 5567 4441 5558
f 5558 4441 4442
f 5558 4442 5559
f 5559 4442 4443
f 5559 4443 5560
f 5560 4443 4444
f 5560 4444 5568
f 5568 4444 4445
f 5568 4445 5555
f 5555 4445 4446
f 5555 4446 5556
f 5556 4446 4447
f 5584 4355 5585
f 5585 4355 4333
f 5585 4333 5586
f 5586 4333 4334
f 5586 4334 5587
f 5587 4334 4335
f 5587 4335 5588
f 5588 4335 4336
f 5588 4336 5581
f 5581 4336 4337
f 5581 4337 5582
f 5582 4337 4338
f 5582 4338 5583
f 5583 4338 4339
f 5583 4339 5589
f 5589 4339 4340
f 5589 4340 5577
f 5577 4340 4341
f 5577 4341 5578
f 5578 4341 4342
f 5578 4342 5579
f 5579 4342 4343
f 5579 4343 5590
f 5590 4343 4344
f 5590 4344 5573
f 5573 4344 4345
f 5573 4345 5574
f 5574 4345 4346
f 5574 4346 5575
f 5575 4346 4347
f 5575 4347 5591
f 5591 4347 4348
f 5591 4348 5592
f 5592 4348 4349
f 5592 4349 5569
f 5569 4349 4350
f 5569 4350 5570
f 5570 4350 4351
f 5570 4351 5571
f 5571 4351 4352
f 5571 4352 5593
f 5593 4352 4353
f 5593 4353 5594
f 5594 4353 4354
f 5594 4354 5584
f 5584 4354 4355
f 5677 4554 5678
f 5678 4554 4553
f 5678 4553 5679
f 5679 4553 4552
f 5679 4552 5694
f 5694 4552 4556
f 5694 4556 5673
f 5673 4556 4504
f 5673 4504 5675
f 5675 4504 4503
f 5675 4503 5676
f 5676 4503 4502
f 5676 4502 5692
f 5692 4502 4514
f 5692 4514 5693
f 5693 4514 4516
f 5693 4516 5695
f 5695 4516 4517
f 5695 4517 5689
f 5689 4517 4518
f 5689 4518 5690
f 5690 4518 4519
f 5690 4519 5691
f 5691 4519 4520
f 5691 4520 5696
f 5696 4520 4521
f 5696 4521 5697
f 5697 4521 4522
f 5697 4522 5685
f 5685 4522 4523
f 5685 4523 5686
f 5686 4523 4496
f 5686 4496 5687
f 5687 4496 4495
f 5687 4495 5698
f 5698 4495 4494
f 5698 4494 5681
f 5681 4494 4555
f 5681 4555 5682
f 5682 4555 4500
f 5682 4500 5683
f 5683 4500 4499
f 5683 4499 5699
f 5699 4499 4498
f 5699 4498 5677
f 5677 4498 4554
f 5672 4401 5647
f 5647 4401 4379
f 5647 4379 5648
f 5648 4379 4380
f 5648 4380 5649
f 5649 4380 4381
f 5649 4381 5665
f 5665 4381 4382
f 5665 4382 5666
f 5666 4382 4383
f 5666 4383 5662
f 5662 4383 4384
f 5662 4384 5663
f 5663 4384 4385
f 5663 4385 5664
f 5664 4385 4386
f 5664 4386 5667
f 5667 4386 4387
f 5667 4387 5659
f 5659 4387 4388
f 5659 4388 5660
f 5660 4388 4389
f 5660 4389 5661
f 5661 4389 4390
f 5661 4390 5668
f 5668 4390 4391
f 5668 4391 5669
f 5669 4391 4392
f 5669 4392 5655
f 5655 4392 4393
f 5655 4393 5656
f 5656 4393 4394
f 5656 4394 5657
f 5657 4394 4395
f 5657 4395 5670
f 5670 4395 4396
f 5670 4396 5651
f 5651 4396 4397
f 5651 4397 5652
f 5652 4397 4398
f 5652 4398 5653
f 5653 4398 4399
f 5653 4399 5671
f 5671 4399 4400
f 5671 4400 5672
f 5672 4400 4401
f 5610 4424 5611
f 5611 4424 4402
f 5611 4402 5612
f 5612 4402 4403
f 5612 4403 5613
f 5613 4403 4404
f 5613 4404 5614
f 5614 4404 4405
f 5614 4405 5607
f 5607 4405 4406
f 5607 4406 5608
f 5608 4406 4407
f 5608 4407 5609
f 5609 4407 4408
f 5609 4408 5615
f 5615 4408 4409
f 5615 4409 5603
f 5603 4409 4410
f 5603 4410 5604
f 5604 4410 4411
f 5604 4411 5605
f 5605 4411 4412
f 5605 4412 5616
f 5616 4412 4413
f 5616 4413 5599
f 5599 4413 4414
f 5599 4414 5600
f 5600 4414 4415
f 5600 4415 5601
f 5601 4415 4416
f 5601 4416 5617
f 5617 4416 4417
f 5617 4417 5618
f 5618 4417 4418
f 5618 4418 5595
f 5595 4418 4419
f 5595 4419 5596
f 5596 4419 4420
f 5596 4420 5597
f 5597 4420 4421
f 5597 4421 5619
f 5619 4421 4422
f 5619 4422 5620
f 5620 4422 4423
f 5620 4423 5610
f 5610 4423 4424
f 5715 4378 5716
f 5716 4378 4356
f 5716 4356 5720
f 5720 4356 4357
f 5720 4357 5710
f 5710 4357 4358
f 5710 4358 5711
f 5711 4358 4359
f 5711 4359 5712
f 5712 4359 4360
f 5712 4360 5721
f 5721 4360 4361
f 5721 4361 5706
f 5706 4361 4362
f 5706 4362 5707
f 5707 4362 4363
f 5707 4363 5708
f 5708 4363 4364
f 5708 4364 5722
f 5722 4364 4365
f 5722 4365 5723
f 5723 4365 4366
f 5723 4366 5701
f 5701 4366 4367
f 5701 4367 5703
f 5703 4367 4368
f 5703 4368 5704
f 5704 4368 4369
f 5704 4369 5724
f 5724 4369 4370
f 5724 4370 5725
f 5725 4370 4371
f 5725 4371 5726
f 5726 4371 4372
f 5726 4372 5717
f 5717 4372 4373
f 5717 4373 5718
f 5718 4373 4374
f 5718 4374 5719
f 5719 4374 4375
f 5719 4375 5727
f 5727 4375 4376
f 5727 4376 5714
f 5714 4376 4377
f 5714 4377 5715
f 5715 4377 4378
f 5646 4470 5621
f 5621 4470 4448
f 5621 4448 5622
f 5622 4448 4449
f 5622 4449 5623
f 5623 4449 4450
f 5623 4450 5639
f 5639 4450 4451
f 5639 4451 5640
f 5640 4451 4452
f 5640 4452 5636
f 5636 4452 4453
f 5636 4453 5637
f 5637 4453 4454
f 5637 4454 5638
f 5638 4454 4455
f 5638 4455 5641
f 5641 4455 4456
f 5641 4456 5633
f 5633 4456 4457
f 5633 4457 5634
f 5634 4457 4458
f 5634 4458 5635
f 5635 4458 4459
f 5635 4459 5642
f 5642 4459 4460
f 5642 4460 5643
f 5643 4460 4461
f 5643 4461 5629
f 5629 4461 4462
f 5629 4462 5630
f 5630 4462 4463
f 5630 4463 5631
f 5631 4463 4464
f 5631 4464 5644
f 5644 4464 4465
f 5644 4465 5625
f 5625 4465 4466
f 5625 4466 5626
f 5626 4466 4467
f 5626 4467 5627
f 5627 4467 4468
f 5627 4468 5645
f 5645 4468 4469
f 5645 4469 5646
f 5646 4469 4470
f 4475 5826 4484
f 4484 5826 6211
f 4484 6211 4486
f 4486 6211 6212
f 4486 6212 4487
f 4487 6212 6213
f 4487 6213 4537
f 4537 6213 6214
f 4537 6214 4538
f 4538 6214 6215
f 4538 6215 4539
f 4539 6215 6216
f 4539 6216 4540
f 4540 6216 6217
f 4540 6217 4541
f 4541 6217 6218
f 4541 6218 4542
f 4542 6218 5089
f 6219 6220 6221
f 6221 6220 6222
f 6221 6222 6223
f 6223 6222 6224
f 6223 6224 6225
f 6225 6224 6226
f 6225 6226 6227
f 6227 6226 6228
f 6227 6228 6229
f 6229 6228 6230
f 6229 6230 6231
f 6231 6230 6232
f 6231 6232 6233
f 6233 6232 6234
f 6233 6234 6235
f 6235 6234 6236
f 6235 6236 6237
f 6228 6238 6230
f 6230 6238 6239
f 6230 6239 6232
f 6232 6239 6240
f 6232 6240 6234
f 6234 6240 6241
f 6234 6241 6236
f 6238 6242 6239
f 6239 6242 6243
f 6239 6243 6240
f 6240 6243 6244
f 6240 6244 6241
f 6242 6245 6243
f 6243 6245 6244
f 5089 6218 6237
f 6237 6218 6235
f 6235 6218 6246
f 6246 6218 6217
f 6246 6217 6247
f 6247 6217 6216
f 6247 6216 6248
f 6248 6216 6215
f 6248 6215 6249
f 6249 6215 6214
f 6249 6214 6250
f 6250 6214 6213
f 6250 6213 6251
f 6251 6213 6212
f 6251 6212 6252
f 6252 6212 6211
f 6252 6211 6253
f 6253 6211 5826
f 6253 6254 6252
f 6252 6254 6255
f 6252 6255 6251
f 6251 6255 6256
f 6251 6256 6250
f 6250 6256 6257
f 6250 6257 6249
f 6249 6257 6258
f 6249 6258 6248
f 6248 6258 6259
f 6248 6259 6247
f 6247 6259 6260
f 6247 6260 6246
f 6246 6260 6233
f 6246 6233 6235
f 6254 6261 6255
f 6255 6261 6262
f 6255 6262 6256
f 6256 6262 6263
f 6256 6263 6257
f 6257 6263 6264
f 6257 6264 6258
f 6258 6264 6265
f 6258 6265 6259
f 6259 6265 6266
f 6259 6266 6260
f 6260 6266 6231
f 6260 6231 6233
f 6261 6219 6262
f 6262 6219 6221
f 6262 6221 6263
f 6263 6221 6223
f 6263 6223 6264
f 6264 6223 6225
f 6264 6225 6265
f 6265 6225 6227
f 6265 6227 6266
f 6266 6227 6229
f 6266 6229 6231
f 6267 6268 6269
f 6269 6268 6270
f 6269 6270 6271
f 6271 6272 6269
f 6269 6272 6273
f 6269 6273 6274
f 6245 6275 6274
f 6274 6275 6276
f 6274 6276 6277
f 6242 6220 6245
f 6245 6220 6278
f 6245 6278 6279
f 6242 6238 6220
f 6220 6238 6228
f 6220 6228 6226
f 6226 6224 6220
f 6220 6224 6222
f 6280 6281 6220
f 6220 6281 6282
f 6220 6282 6278
f 6283 6284 6280
f 6280 6284 6285
f 6280 6285 6286
f 6286 6287 6280
f 6280 6287 6288
f 6280 6288 6289
f 6290 6291 6289
f 6289 6291 6292
f 6289 6292 6293
f 6294 6295 6290
f 6290 6295 6296
f 6290 6296 6297
f 6294 6298 6295
f 6295 6298 6299
f 6295 6299 6300
f 6300 6301 6295
f 6295 6301 6302
f 6269 6303 6295
f 6295 6303 6304
f 6295 6304 6296
f 6279 6305 6245
f 6245 6305 6306
f 6245 6306 6307
f 6307 6308 6245
f 6245 6308 6309
f 6245 6309 6310
f 6310 6275 6245
f 6277 6311 6274
f 6274 6311 6312
f 6274 6312 6313
f 6313 6314 6274
f 6274 6314 6315
f 6274 6315 6316
f 6274 6316 6269
f 6269 6316 6317
f 6269 6317 6303
f 6297 6318 6290
f 6290 6318 6319
f 6290 6319 6320
f 6320 6291 6290
f 6293 6321 6289
f 6289 6321 6322
f 6289 6322 6280
f 6280 6322 6323
f 6280 6323 6281
f 6324 6274 6325
f 6325 6274 6273
f 6325 6273 6326
f 6326 6273 6272
f 6326 6272 6327
f 6327 6272 6271
f 6327 6271 6328
f 6328 6271 6270
f 6328 6270 6329
f 6329 6270 6330
f 6329 6330 6331
f 6331 6330 6332
f 6331 6332 6333
f 6333 6332 6334
f 6333 6334 6335
f 6335 6334 6336
f 6335 6336 6337
f 6270 6268 6330
f 6330 6268 6338
f 6330 6338 6332
f 6332 6338 6339
f 6332 6339 6334
f 6334 6339 6340
f 6334 6340 6336
f 6268 6267 6338
f 6338 6267 6341
f 6338 6341 6339
f 6339 6341 6342
f 6339 6342 6340
f 6267 6269 6341
f 6341 6269 6342
f 5441 6343 6337
f 6337 6343 6335
f 6335 6343 6344
f 6344 6343 6345
f 6344 6345 6346
f 6346 6345 6347
f 6346 6347 6348
f 6348 6347 6349
f 6348 6349 6350
f 6350 6349 6351
f 6350 6351 6352
f 6352 6351 6353
f 6352 6353 6354
f 6354 6353 6355
f 6354 6355 6356
f 6356 6355 6357
f 6356 6357 6358
f 6358 6357 5088
f 6358 6359 6356
f 6356 6359 6360
f 6356 6360 6354
f 6354 6360 6361
f 6354 6361 6352
f 6352 6361 6362
f 6352 6362 6350
f 6350 6362 6363
f 6350 6363 6348
f 6348 6363 6364
f 6348 6364 6346
f 6346 6364 6365
f 6346 6365 6344
f 6344 6365 6333
f 6344 6333 6335
f 6359 6366 6360
f 6360 6366 6367
f 6360 6367 6361
f 6361 6367 6368
f 6361 6368 6362
f 6362 6368 6369
f 6362 6369 6363
f 6363 6369 6370
f 6363 6370 6364
f 6364 6370 6371
f 6364 6371 6365
f 6365 6371 6331
f 6365 6331 6333
f 6366 6324 6367
f 6367 6324 6325
f 6367 6325 6368
f 6368 6325 6326
f 6368 6326 6369
f 6369 6326 6327
f 6369 6327 6370
f 6370 6327 6328
f 6370 6328 6371
f 6371 6328 6329
f 6371 6329 6331
f 6244 6245 6372
f 6372 6245 6274
f 6372 6274 6373
f 6373 6274 6324
f 6373 6324 6374
f 6374 6324 6366
f 6374 6366 6375
f 6375 6366 6359
f 6375 6359 6376
f 6376 6359 6358
f 6376 6358 5088
f 5088 5089 6376
f 6376 5089 6377
f 6376 6377 6375
f 6375 6377 6378
f 6375 6378 6374
f 6374 6378 6379
f 6374 6379 6373
f 6373 6379 6372
f 5089 6237 6377
f 6377 6237 6378
f 6237 6236 6378
f 6378 6236 6379
f 6236 6241 6379
f 6379 6241 6372
f 6241 6244 6372
f 4505 5088 4506
f 4506 5088 6357
f 4506 6357 4507
f 4507 6357 6355
f 4507 6355 4508
f 4508 6355 6353
f 4508 6353 4509
f 4509 6353 6351
f 4509 6351 4510
f 4510 6351 6349
f 4510 6349 4511
f 4511 6349 6347
f 4511 6347 4512
f 4512 6347 6345
f 4512 6345 4513
f 4513 6345 6343
f 4513 6343 4515
f 4515 6343 5441
f 6295 6380 6269
f 6269 6380 6381
f 6269 6381 6382
f 6382 6381 6383
f 6382 6383 6340
f 6340 6383 6336
f 6336 6383 6384
f 6336 6384 6337
f 6337 6384 6385
f 6337 6385 5441
f 5441 6385 6386
f 5441 6386 6387
f 6387 6386 6388
f 6387 6388 6389
f 6389 6388 6390
f 6389 6390 6391
f 6391 6390 6392
f 6391 6392 6393
f 6393 6392 6295
f 6295 6392 6394
f 6295 6394 6380
f 6380 6394 6395
f 6380 6395 6396
f 6396 6395 6397
f 6396 6397 6384
f 6384 6397 6385
f 6393 6398 6391
f 6391 6398 6399
f 6391 6399 6389
f 6389 6399 6400
f 6389 6400 6387
f 6387 6400 5442
f 6387 5442 5441
f 6398 6401 6399
f 6399 6401 6402
f 6399 6402 6400
f 6400 6402 5442
f 6401 6403 6402
f 6402 6403 5442
f 6340 6342 6382
f 6382 6342 6269
f 6395 6394 6390
f 6390 6394 6392
f 6383 6381 6396
f 6396 6381 6380
f 6397 6395 6388
f 6388 6395 6390
f 6384 6383 6396
f 6385 6397 6386
f 6386 6397 6388
f 6393 6295 6404
f 6404 6295 6302
f 6404 6302 6405
f 6405 6302 6301
f 6405 6301 6406
f 6406 6301 6300
f 6406 6300 6407
f 6407 6300 6299
f 6407 6299 6408
f 6408 6299 6409
f 6408 6409 6410
f 6410 6409 6411
f 6410 6411 6412
f 6412 6411 6413
f 6412 6413 6414
f 6414 6413 6415
f 6414 6415 6416
f 6299 6298 6409
f 6409 6298 6417
f 6409 6417 6411
f 6411 6417 6418
f 6411 6418 6413
f 6413 6418 6419
f 6413 6419 6415
f 6298 6294 6417
f 6417 6294 6420
f 6417 6420 6418
f 6418 6420 6421
f 6418 6421 6419
f 6294 6290 6420
f 6420 6290 6421
f 6193 6422 6416
f 6416 6422 6414
f 6414 6422 6423
f 6423 6422 6424
f 6423 6424 6425
f 6425 6424 6426
f 6425 6426 6427
f 6427 6426 6428
f 6427 6428 6429
f 6429 6428 6430
f 6429 6430 6431
f 6431 6430 6432
f 6431 6432 6433
f 6433 6432 6434
f 6433 6434 6435
f 6435 6434 6436
f 6435 6436 6403
f 6403 6436 5442
f 6403 6401 6435
f 6435 6401 6437
f 6435 6437 6433
f 6433 6437 6438
f 6433 6438 6431
f 6431 6438 6439
f 6431 6439 6429
f 6429 6439 6440
f 6429 6440 6427
f 6427 6440 6441
f 6427 6441 6425
f 6425 6441 6442
f 6425 6442 6423
f 6423 6442 6412
f 6423 6412 6414
f 6401 6398 6437
f 6437 6398 6443
f 6437 6443 6438
f 6438 6443 6444
f 6438 6444 6439
f 6439 6444 6445
f 6439 6445 6440
f 6440 6445 6446
f 6440 6446 6441
f 6441 6446 6447
f 6441 6447 6442
f 6442 6447 6410
f 6442 6410 6412
f 6398 6393 6443
f 6443 6393 6404
f 6443 6404 6444
f 6444 6404 6405
f 6444 6405 6445
f 6445 6405 6406
f 6445 6406 6446
f 6446 6406 6407
f 6446 6407 6447
f 6447 6407 6408
f 6447 6408 6410
f 4491 5442 4492
f 4492 5442 6436
f 4492 6436 4493
f 4493 6436 6434
f 4493 6434 4524
f 4524 6434 6432
f 4524 6432 4525
f 4525 6432 6430
f 4525 6430 4526
f 4526 6430 6428
f 4526 6428 4527
f 4527 6428 6426
f 4527 6426 4528
f 4528 6426 6424
f 4528 6424 4529
f 4529 6424 6422
f 4529 6422 4530
f 4530 6422 6193
f 6421 6290 6448
f 6448 6290 6289
f 6448 6289 6449
f 6449 6289 6450
f 6449 6450 6451
f 6451 6450 6452
f 6451 6452 6453
f 6453 6452 6454
f 6453 6454 6455
f 6455 6454 6456
f 6455 6456 6194
f 6194 6193 6455
f 6455 6193 6457
f 6455 6457 6453
f 6453 6457 6458
f 6453 6458 6451
f 6451 6458 6459
f 6451 6459 6449
f 6449 6459 6448
f 6193 6416 6457
f 6457 6416 6458
f 6416 6415 6458
f 6458 6415 6459
f 6415 6419 6459
f 6459 6419 6448
f 6419 6421 6448
f 6450 6289 6460
f 6460 6289 6288
f 6460 6288 6461
f 6461 6288 6287
f 6461 6287 6462
f 6462 6287 6286
f 6462 6286 6463
f 6463 6286 6285
f 6463 6285 6464
f 6464 6285 6465
f 6464 6465 6466
f 6466 6465 6467
f 6466 6467 6468
f 6468 6467 6469
f 6468 6469 6470
f 6470 6469 6471
f 6470 6471 6472
f 6285 6284 6465
f 6465 6284 6473
f 6465 6473 6467
f 6467 6473 6474
f 6467 6474 6469
f 6469 6474 6475
f 6469 6475 6471
f 6284 6283 6473
f 6473 6283 6476
f 6473 6476 6474
f 6474 6476 6477
f 6474 6477 6475
f 6283 6280 6476
f 6476 6280 6477
f 5825 6478 6472
f 6472 6478 6470
f 6470 6478 6479
f 6479 6478 6480
f 6479 6480 6481
f 6481 6480 6482
f 6481 6482 6483
f 6483 6482 6484
f 6483 6484 6485
f 6485 6484 6486
f 6485 6486 6487
f 6487 6486 6488
f 6487 6488 6489
f 6489 6488 6490
f 6489 6490 6491
f 6491 6490 6492
f 6491 6492 6456
f 6456 6492 6194
f 6456 6454 6491
f 6491 6454 6493
f 6491 6493 6489
f 6489 6493 6494
f 6489 6494 6487
f 6487 6494 6495
f 6487 6495 6485
f 6485 6495 6496
f 6485 6496 6483
f 6483 6496 6497
f 6483 6497 6481
f 6481 6497 6498
f 6481 6498 6479
f 6479 6498 6468
f 6479 6468 6470
f 6454 6452 6493
f 6493 6452 6499
f 6493 6499 6494
f 6494 6499 6500
f 6494 6500 6495
f 6495 6500 6501
f 6495 6501 6496
f 6496 6501 6502
f 6496 6502 6497
f 6497 6502 6503
f 6497 6503 6498
f 6498 6503 6466
f 6498 6466 6468
f 6452 6450 6499
f 6499 6450 6460
f 6499 6460 6500
f 6500 6460 6461
f 6500 6461 6501
f 6501 6461 6462
f 6501 6462 6502
f 6502 6462 6463
f 6502 6463 6503
f 6503 6463 6464
f 6503 6464 6466
f 4488 6194 4489
f 4489 6194 6492
f 4489 6492 4490
f 4490 6492 6490
f 4490 6490 4531
f 4531 6490 6488
f 4531 6488 4532
f 4532 6488 6486
f 4532 6486 4533
f 4533 6486 6484
f 4533 6484 4534
f 4534 6484 6482
f 4534 6482 4535
f 4535 6482 6480
f 4535 6480 4536
f 4536 6480 6478
f 4536 6478 4474
f 4474 6478 5825
f 6220 6504 6280
f 6280 6504 6505
f 6280 6505 6506
f 6506 6505 6507
f 6506 6507 6475
f 6475 6507 6471
f 6471 6507 6508
f 6471 6508 6472
f 6472 6508 6509
f 6472 6509 5825
f 5825 6509 6510
f 5825 6510 6511
f 6511 6510 6512
f 6511 6512 6513
f 6513 6512 6514
f 6513 6514 6515
f 6515 6514 6516
f 6515 6516 6219
f 6219 6516 6220
f 6220 6516 6517
f 6220 6517 6504
f 6504 6517 6518
f 6504 6518 6519
f 6519 6518 6520
f 6519 6520 6508
f 6508 6520 6509
f 6219 6261 6515
f 6515 6261 6521
f 6515 6521 6513
f 6513 6521 6522
f 6513 6522 6511
f 6511 6522 5826
f 6511 5826 5825
f 6261 6254 6521
f 6521 6254 6523
f 6521 6523 6522
f 6522 6523 5826
f 6254 6253 6523
f 6523 6253 5826
f 6475 6477 6506
f 6506 6477 6280
f 6518 6517 6514
f 6514 6517 6516
f 6507 6505 6519
f 6519 6505 6504
f 6520 6518 6512
f 6512 6518 6514
f 6508 6507 6519
f 6509 6520 6510
f 6510 6520 6512
f 6282 6524 6278
f 6278 6524 6525
f 6278 6525 6279
f 6279 6525 6526
f 6279 6526 6305
f 6305 6526 6527
f 6305 6527 6306
f 6306 6527 6528
f 6306 6528 6307
f 6307 6528 6529
f 6307 6529 6308
f 6308 6529 6530
f 6308 6530 6309
f 6309 6530 6531
f 6309 6531 6310
f 6310 6531 6532
f 6310 6532 6275
f 6275 6532 6533
f 6275 6533 6276
f 6276 6533 6534
f 6276 6534 6277
f 6277 6534 6535
f 6277 6535 6311
f 6311 6535 6536
f 6311 6536 6312
f 6312 6536 6537
f 6312 6537 6313
f 6313 6537 6538
f 6313 6538 6314
f 6314 6538 6539
f 6314 6539 6315
f 6315 6539 6540
f 6315 6540 6316
f 6316 6540 6541
f 6316 6541 6317
f 6317 6541 6542
f 6317 6542 6303
f 6303 6542 6543
f 6303 6543 6304
f 6304 6543 6544
f 6304 6544 6296
f 6296 6544 6545
f 6296 6545 6297
f 6297 6545 6546
f 6297 6546 6318
f 6318 6546 6547
f 6318 6547 6319
f 6319 6547 6548
f 6319 6548 6320
f 6320 6548 6549
f 6320 6549 6291
f 6291 6549 6550
f 6291 6550 6292
f 6292 6550 6551
f 6292 6551 6293
f 6293 6551 6552
f 6293 6552 6321
f 6321 6552 6553
f 6321 6553 6322
f 6322 6553 6554
f 6322 6554 6323
f 6323 6554 6555
f 6323 6555 6281
f 6281 6555 6556
f 6281 6556 6282
f 6282 6556 6524
f 6526 6525 6546
f 6546 6525 6524
f 6546 6524 6556
f 6556 6555 6546
f 6546 6555 6554
f 6546 6554 6553
f 6546 6553 6547
f 6547 6553 6552
f 6547 6552 6548
f 6548 6552 6551
f 6548 6551 6549
f 6549 6551 6550
f 6546 6545 6526
f 6526 6545 6527
f 6527 6545 6528
f 6528 6545 6529
f 6529 6545 6530
f 6530 6545 6531
f 6531 6545 6532
f 6532 6545 6533
f 6533 6545 6534
f 6534 6545 6535
f 6535 6545 6536
f 6536 6545 6537
f 6537 6545 6538
f 6538 6545 6544
f 6538 6544 6539
f 6539 6544 6543
f 6539 6543 6540
f 6540 6543 6542
f 6540 6542 6541
f 5510 5674 4497
f 4497 5674 5486
f 4497 5486 4501
f 4501 5486 5090
f 5736 5735 5674
f 5674 5735 5486
f 5409 5486 5405
f 5405 5486 5735
f 5674 5688 5736
f 5736 5688 5734
f 5799 5499 5475
f 5475 5499 1457
f 5475 1457 1456
f 1456 1579 5475
f 5475 5474 5799
f 5799 5474 5791
f 5474 1578 5791
f 5791 1578 1572
f 5781 5786 5713
f 5713 5786 5702
f 5781 5713 5784
f 5784 5713 5709
f 5784 5709 5805
f 5764 5762 5705
f 5705 5762 5709
f 5709 5762 5805
f 5766 5764 5700
f 5700 5764 5705
f 5763 5765 5483
f 5483 5765 5482
f 5481 5480 5754
f 5754 5480 5756
f 5543 5554 5757
f 5757 5554 5755
f 5755 5554 5753
f 5753 5554 5550
f 5753 5550 5801
f 5750 5752 5546
f 5546 5752 5550
f 5550 5752 5801
f 5748 5750 5541
f 5541 5750 5546
f 5751 5749 5479
f 5479 5749 5478
f 5477 5476 5744
f 5744 5476 5746
f 5529 5525 5747
f 5747 5525 5745
f 5745 5525 5743
f 5743 5525 5521
f 5743 5521 5732
f 1565 5606 1566
f 1566 5606 5795
f 5795 5606 5798
f 5798 5606 5602
f 5798 5602 5803
f 5739 5741 5598
f 5598 5741 5602
f 5602 5741 5803
f 1546 5739 1564
f 1564 5739 5598
f 5740 1542 5472
f 5472 1542 1538
f 5796 5797 6557
f 6557 5797 5928
f 6557 5928 6558
f 6558 5928 5929
f 6558 5929 6559
f 6559 5929 5930
f 6559 5930 6560
f 6560 5930 5932
f 6560 5932 6561
f 6561 5932 5933
f 6561 5933 6562
f 6562 5933 5935
f 6562 5935 6563
f 6563 5935 5936
f 6563 5936 5437
f 5437 5435 6563
f 6563 5435 6564
f 6563 6564 6562
f 6562 6564 6565
f 6562 6565 6561
f 6561 6565 6566
f 6561 6566 6560
f 6560 6566 6567
f 6560 6567 6559
f 6559 6567 6568
f 6559 6568 6558
f 6558 6568 6557
f 5435 5789 6564
f 6564 5789 6565
f 5789 5790 6565
f 6565 5790 6566
f 5790 5792 6566
f 6566 5792 6567
f 5792 5793 6567
f 6567 5793 6568
f 5793 5794 6568
f 6568 5794 6557
f 5794 5796 6557
f 5851 1640 5883
f 5883 1640 1636
f 5872 1650 5852
f 5852 1650 1645
f 6569 6195 6570
f 6570 6195 6197
f 6570 6197 6571
f 6571 6572 6570
f 6570 6572 6573
f 6570 6573 6574
f 6574 6573 6575
f 6575 6573 6576
f 6575 6576 6577
f 6577 6576 6578
f 6578 6576 6579
f 6578 6579 6580
f 6580 6579 6581
f 6580 6581 6582
f 6582 6581 4622
f 4622 6581 6583
f 4622 6583 4623
f 6572 6584 6573
f 6573 6584 6585
f 6573 6585 6576
f 6576 6585 6586
f 6576 6586 6579
f 6579 6586 6587
f 6579 6587 6581
f 6581 6587 6588
f 6581 6588 6583
f 6574 6569 6570
f 6589 6590 6591
f 6591 6590 6592
f 6591 6592 6593
f 6593 6592 6594
f 6593 6594 6595
f 6595 6594 6596
f 6595 6596 6597
f 6597 6596 6598
f 6597 6598 6599
f 6599 6598 6600
f 6599 6600 6601
f 6601 6600 6602
f 6601 6602 6603
f 6603 6602 6604
f 6603 6604 6605
f 6605 6604 6606
f 6605 6606 6607
f 6607 6606 6608
f 6607 6608 6609
f 6609 6608 6610
f 6609 6610 6611
f 6611 6610 6612
f 6611 6612 6613
f 6613 6612 6614
f 6613 6614 6615
f 6615 6614 6569
f 6615 6569 6574
f 6590 6589 6616
f 6616 6589 6617
f 6616 6617 6618
f 6618 6617 6619
f 6618 6619 6620
f 6620 6619 6621
f 6620 6621 6622
f 6622 6621 6623
f 6622 6623 6624
f 6624 6623 6625
f 6624 6625 6602
f 6602 6625 6604
f 6621 6626 6623
f 6623 6626 6627
f 6623 6627 6625
f 6625 6627 6628
f 6625 6628 6604
f 6604 6628 6606
f 6627 6626 6629
f 6629 6626 6630
f 6629 6630 6631
f 6631 6630 6632
f 6631 6632 6633
f 6633 6632 6634
f 6633 6634 6635
f 6635 6634 6636
f 6635 6636 6612
f 6612 6636 6614
f 6632 6195 6634
f 6634 6195 6569
f 6634 6569 6636
f 6636 6569 6614
f 6575 6637 6574
f 6574 6637 6638
f 6574 6638 6615
f 6615 6638 6639
f 6615 6639 6613
f 6613 6639 6640
f 6613 6640 6611
f 6611 6640 6641
f 6611 6641 6609
f 6609 6641 6642
f 6609 6642 6607
f 6607 6642 6643
f 6607 6643 6605
f 6605 6643 6644
f 6605 6644 6603
f 6603 6644 6645
f 6603 6645 6601
f 6601 6645 6646
f 6601 6646 6599
f 6599 6646 6647
f 6599 6647 6597
f 6597 6647 6648
f 6597 6648 6595
f 6595 6648 6593
f 6577 6649 6575
f 6575 6649 6650
f 6575 6650 6651
f 6651 6650 6652
f 6651 6652 6653
f 6653 6652 6654
f 6653 6654 6655
f 6655 6654 6656
f 6655 6656 6657
f 6657 6656 6658
f 6657 6658 6659
f 6659 6658 6660
f 6659 6660 6661
f 6661 6660 6662
f 6661 6662 6663
f 6663 6662 6664
f 6663 6664 6665
f 6665 6664 6666
f 6665 6666 6667
f 6667 6666 6668
f 6667 6668 6648
f 6648 6668 6593
f 6578 6669 6577
f 6577 6669 6670
f 6577 6670 6649
f 6649 6670 6652
f 6649 6652 6650
f 6580 6671 6578
f 6578 6671 6672
f 6578 6672 6673
f 6673 6672 6674
f 6673 6674 6675
f 6675 6674 6656
f 6675 6656 6654
f 6582 6676 6580
f 6580 6676 6677
f 6580 6677 6671
f 6671 6677 6678
f 6671 6678 6672
f 6672 6678 6679
f 6672 6679 6674
f 6674 6679 6658
f 6674 6658 6656
f 4622 6680 6582
f 6582 6680 6681
f 6582 6681 6676
f 6676 6681 6677
f 4622 6682 6680
f 6680 6682 6681
f 6681 6682 6683
f 6683 6682 6684
f 6683 6684 6685
f 6685 6684 6686
f 6685 6686 6687
f 6685 6687 6688
f 6688 6687 6668
f 6688 6668 6666
f 6631 6633 6689
f 6689 6633 6635
f 6689 6635 6610
f 6610 6635 6612
f 6628 6627 6629
f 6629 6631 6690
f 6690 6631 6689
f 6690 6689 6608
f 6608 6689 6610
f 6620 6622 6691
f 6691 6622 6624
f 6691 6624 6600
f 6600 6624 6602
f 6618 6620 6692
f 6692 6620 6691
f 6692 6691 6598
f 6598 6691 6600
f 6592 6590 6616
f 6616 6618 6693
f 6693 6618 6692
f 6693 6692 6596
f 6596 6692 6598
f 6693 6596 6594
f 6690 6608 6606
f 6690 6606 6628
f 6665 6667 6647
f 6647 6667 6648
f 6663 6665 6646
f 6646 6665 6647
f 6661 6663 6645
f 6645 6663 6646
f 6659 6661 6644
f 6644 6661 6645
f 6657 6659 6643
f 6643 6659 6644
f 6655 6657 6642
f 6642 6657 6643
f 6653 6655 6641
f 6641 6655 6642
f 6651 6653 6640
f 6640 6653 6641
f 6640 6639 6651
f 6651 6639 6637
f 6651 6637 6575
f 6639 6638 6637
f 6666 6664 6688
f 6688 6664 6694
f 6688 6694 6685
f 6685 6694 6695
f 6685 6695 6683
f 6683 6695 6677
f 6683 6677 6681
f 6664 6662 6694
f 6694 6662 6696
f 6694 6696 6695
f 6695 6696 6678
f 6695 6678 6677
f 6662 6660 6696
f 6696 6660 6679
f 6696 6679 6678
f 6660 6658 6679
f 6675 6654 6670
f 6670 6654 6652
f 6673 6675 6669
f 6669 6675 6670
f 6578 6673 6669
f 6690 6628 6629
f 6594 6592 6693
f 6693 6592 6616
f 6195 6632 6196
f 6196 6632 6697
f 6697 6632 6630
f 6697 6630 6698
f 6698 6630 6626
f 6698 6626 6621
f 6698 6621 6699
f 6699 6621 6619
f 6699 6619 6617
f 6699 6617 6700
f 6700 6617 6589
f 6700 6589 6701
f 6701 6589 6591
f 6702 6703 5079
f 5079 6703 6704
f 5079 6704 6705
f 6706 6707 6702
f 6702 6707 6708
f 6702 6708 6709
f 6709 6703 6702
f 6710 5085 6705
f 6705 5085 5080
f 6705 5080 5079
f 6710 6711 5085
f 5085 6711 6712
f 5085 6712 6713
f 5085 6713 6714
f 6714 6713 6715
f 6714 6715 6716
f 6716 6715 6717
f 6717 6715 5830
f 6717 5830 6718
f 6718 5830 6719
f 6719 5830 6720
f 6720 5830 6721
f 6721 5830 6722
f 6721 6722 6723
f 6723 6722 6724
f 6723 6724 6725
f 6725 6724 6726
f 6725 6726 6727
f 6727 6726 6728
f 6727 6728 6729
f 6729 6728 6730
f 6729 6730 6731
f 5828 6732 5830
f 5830 6732 6733
f 5830 6733 6722
f 6734 6735 5828
f 5828 6735 6736
f 5828 6736 6737
f 6735 6734 6738
f 6738 6734 6739
f 6738 6739 6740
f 6738 6740 6741
f 6741 6740 6742
f 6741 6742 6743
f 6743 6742 6744
f 6743 6744 6745
f 6745 6744 6746
f 6746 6744 6747
f 6746 6747 6748
f 6748 6747 6749
f 6748 6749 6750
f 6750 6749 6751
f 6750 6751 6752
f 6752 6751 6753
f 6753 6751 6754
f 6753 6754 6755
f 6755 6754 6756
f 6755 6756 6757
f 6757 6756 6758
f 6757 6758 6198
f 6747 6759 6749
f 6749 6759 6760
f 6760 6759 6761
f 6760 6761 6762
f 6762 6763 6760
f 6760 6763 6764
f 6760 6764 6765
f 6196 6766 6198
f 6198 6766 6767
f 6198 6767 6768
f 6697 6769 6196
f 6196 6769 6770
f 6196 6770 6771
f 6769 6697 6772
f 6772 6697 6698
f 6772 6698 6773
f 6773 6698 6699
f 6773 6699 6774
f 6774 6699 6700
f 6774 6700 6775
f 6775 6700 6701
f 6775 6701 6776
f 6776 6701 6777
f 6776 6777 6778
f 6778 6777 6779
f 6778 6779 6780
f 6780 6779 6781
f 6780 6781 6782
f 6782 6781 6783
f 6782 6783 6784
f 6784 6783 6785
f 6784 6785 1678
f 1678 6785 6786
f 1678 6786 6787
f 6777 6701 6788
f 6788 6701 6789
f 6788 6789 6790
f 6790 6789 6791
f 6791 6789 6792
f 6792 6789 6793
f 6793 6789 6794
f 6779 6795 6781
f 6781 6795 6796
f 6796 6795 6797
f 6796 6797 6798
f 6798 6797 6799
f 6798 6799 6800
f 6800 6799 6801
f 6800 6801 6802
f 6802 6801 5443
f 6802 5443 6803
f 6803 5443 6804
f 6804 5443 6805
f 6805 5443 6806
f 6805 6806 6807
f 6807 6806 6808
f 6807 6808 6809
f 6809 6808 6810
f 6809 6810 6811
f 6811 6810 6812
f 6811 6812 6813
f 6813 6812 6814
f 6813 6814 6815
f 6815 6814 6816
f 6815 6816 6817
f 6817 6816 6818
f 6817 6818 6819
f 6819 6818 6820
f 6819 6820 6821
f 5258 6822 5443
f 5443 6822 6823
f 5443 6823 6824
f 5259 6825 5258
f 5258 6825 6826
f 5258 6826 6827
f 6825 5259 6828
f 6828 5259 5261
f 6828 5261 6829
f 6829 5261 5094
f 6829 5094 6830
f 6830 5094 6831
f 6831 5094 6832
f 6832 5094 6819
f 6832 6819 6833
f 6833 6819 6834
f 6834 6819 6835
f 6835 6819 6836
f 6836 6819 6837
f 6837 6819 6838
f 6838 6819 6821
f 6838 6821 6839
f 6839 6821 6840
f 6839 6840 6841
f 6841 6840 6842
f 6841 6842 6843
f 6843 6842 6844
f 6843 6844 6845
f 6845 6844 6846
f 6845 6846 6847
f 5261 5264 5094
f 5094 5264 5266
f 5094 5266 5255
f 5255 5208 5094
f 5094 5208 5108
f 5094 5108 5106
f 5108 5208 5109
f 5109 5208 5206
f 5109 5206 5204
f 5109 5204 5211
f 5211 5204 5202
f 5211 5202 5200
f 5200 5199 5211
f 5211 5199 5210
f 5106 5104 5094
f 5094 5104 5103
f 5094 5103 5101
f 5101 5099 5094
f 5094 5099 5098
f 5094 5098 5092
f 1678 6787 6817
f 6817 6787 6848
f 6817 6848 6849
f 1809 6850 1678
f 1678 6850 6851
f 1678 6851 6852
f 6187 6853 1809
f 1809 6853 6854
f 1809 6854 6855
f 6186 6856 6187
f 6187 6856 6857
f 6187 6857 6858
f 6858 6857 6859
f 6858 6859 6860
f 6860 6859 6861
f 6860 6861 6862
f 6862 6861 6863
f 6862 6863 6864
f 6864 6863 6865
f 6864 6865 6866
f 6866 6865 5828
f 6866 5828 6867
f 6867 5828 6737
f 5085 6868 6186
f 6186 6868 6869
f 6186 6869 6870
f 5058 5060 5085
f 5085 5060 5061
f 5085 5061 5063
f 5063 5065 5085
f 5085 5065 5066
f 5085 5066 5081
f 5081 5080 5085
f 6714 6871 5085
f 5085 6871 6872
f 5085 6872 6868
f 6870 6873 6186
f 6186 6873 6874
f 6186 6874 6875
f 6875 6876 6186
f 6186 6876 6877
f 6186 6877 6878
f 6876 6879 6877
f 6877 6879 6880
f 6880 6879 6881
f 6880 6881 6882
f 6882 6881 6883
f 6882 6883 6731
f 6731 6883 6729
f 6878 6856 6186
f 6865 6884 5828
f 5828 6884 6885
f 5828 6885 6886
f 6886 6887 5828
f 5828 6887 6888
f 5828 6888 6732
f 6768 6757 6198
f 6743 6745 6889
f 6889 6745 6890
f 6889 6890 6891
f 6891 6890 6892
f 6891 6892 1809
f 1809 6892 6893
f 1809 6893 6894
f 6894 6895 1809
f 1809 6895 6896
f 1809 6896 6897
f 6897 6898 1809
f 1809 6898 6850
f 6850 6899 6851
f 6851 6899 6900
f 6900 6899 6901
f 6900 6901 6902
f 6902 6901 6903
f 6902 6903 6904
f 6904 6903 6766
f 6904 6766 6771
f 6771 6766 6196
f 6827 6905 5258
f 5258 6905 6906
f 5258 6906 6907
f 6907 6906 6908
f 6907 6908 6909
f 6909 6908 6910
f 6909 6910 6911
f 6911 6910 6912
f 6911 6912 6847
f 6847 6912 6845
f 6907 6822 5258
f 6824 6913 5443
f 5443 6913 6914
f 5443 6914 6915
f 6915 6806 5443
f 6916 6917 1678
f 1678 6917 6784
f 6852 6918 1678
f 1678 6918 6919
f 1678 6919 6920
f 6920 6921 1678
f 1678 6921 6916
f 6858 6922 6187
f 6187 6922 6923
f 6187 6923 6924
f 6924 6925 6187
f 6187 6925 6926
f 6187 6926 6927
f 6927 6853 6187
f 6855 6891 1809
f 6928 6929 6817
f 6817 6929 6815
f 6849 6930 6817
f 6817 6930 6931
f 6817 6931 6928
f 6720 6024 6719
f 6719 6024 6020
f 6719 6020 6718
f 6718 6020 6019
f 6718 6019 6717
f 6717 6019 6018
f 6717 6018 6716
f 6716 6018 6028
f 6716 6028 6714
f 6714 6028 6023
f 6714 6023 6871
f 6871 6023 6022
f 6871 6022 6872
f 6872 6022 6021
f 6872 6021 6868
f 6868 6021 6004
f 6868 6004 6869
f 6869 6004 6003
f 6869 6003 6870
f 6870 6003 6001
f 6870 6001 6873
f 6873 6001 6008
f 6873 6008 6874
f 6874 6008 6007
f 6874 6007 6875
f 6875 6007 6006
f 6875 6006 6876
f 6876 6006 6027
f 6876 6027 6879
f 6879 6027 6026
f 6879 6026 6881
f 6881 6026 6012
f 6881 6012 6883
f 6883 6012 6011
f 6883 6011 6729
f 6729 6011 6010
f 6729 6010 6727
f 6727 6010 6025
f 6727 6025 6725
f 6725 6025 6016
f 6725 6016 6723
f 6723 6016 6015
f 6723 6015 6721
f 6721 6015 6014
f 6721 6014 6720
f 6720 6014 6024
f 6888 6049 6732
f 6732 6049 6045
f 6732 6045 6733
f 6733 6045 6044
f 6733 6044 6722
f 6722 6044 6043
f 6722 6043 6724
f 6724 6043 6056
f 6724 6056 6726
f 6726 6056 6048
f 6726 6048 6728
f 6728 6048 6047
f 6728 6047 6730
f 6730 6047 6046
f 6730 6046 6731
f 6731 6046 6055
f 6731 6055 6882
f 6882 6055 6054
f 6882 6054 6880
f 6880 6054 6033
f 6880 6033 6877
f 6877 6033 6032
f 6877 6032 6878
f 6878 6032 6030
f 6878 6030 6856
f 6856 6030 6053
f 6856 6053 6857
f 6857 6053 6052
f 6857 6052 6859
f 6859 6052 6051
f 6859 6051 6861
f 6861 6051 6037
f 6861 6037 6863
f 6863 6037 6036
f 6863 6036 6865
f 6865 6036 6035
f 6865 6035 6884
f 6884 6035 6050
f 6884 6050 6885
f 6885 6050 6041
f 6885 6041 6886
f 6886 6041 6040
f 6886 6040 6887
f 6887 6040 6039
f 6887 6039 6888
f 6888 6039 6049
f 6766 6060 6767
f 6767 6060 6074
f 6767 6074 6768
f 6768 6074 6073
f 6768 6073 6757
f 6757 6073 6065
f 6757 6065 6755
f 6755 6065 6064
f 6755 6064 6753
f 6753 6064 6063
f 6753 6063 6752
f 6752 6063 6080
f 6752 6080 6750
f 6750 6080 6069
f 6750 6069 6748
f 6748 6069 6068
f 6748 6068 6746
f 6746 6068 6067
f 6746 6067 6745
f 6745 6067 6079
f 6745 6079 6890
f 6890 6079 6072
f 6890 6072 6892
f 6892 6072 6071
f 6892 6071 6893
f 6893 6071 6070
f 6893 6070 6894
f 6894 6070 6078
f 6894 6078 6895
f 6895 6078 6077
f 6895 6077 6896
f 6896 6077 6059
f 6896 6059 6897
f 6897 6059 6058
f 6897 6058 6898
f 6898 6058 6057
f 6898 6057 6850
f 6850 6057 6076
f 6850 6076 6899
f 6899 6076 6075
f 6899 6075 6901
f 6901 6075 6062
f 6901 6062 6903
f 6903 6062 6061
f 6903 6061 6766
f 6766 6061 6060
f 6837 6136 6836
f 6836 6136 6158
f 6836 6158 6835
f 6835 6158 6143
f 6835 6143 6834
f 6834 6143 6142
f 6834 6142 6833
f 6833 6142 6141
f 6833 6141 6832
f 6832 6141 6146
f 6832 6146 6831
f 6831 6146 6145
f 6831 6145 6830
f 6830 6145 6163
f 6830 6163 6829
f 6829 6163 6150
f 6829 6150 6828
f 6828 6150 6149
f 6828 6149 6825
f 6825 6149 6148
f 6825 6148 6826
f 6826 6148 6162
f 6826 6162 6827
f 6827 6162 6161
f 6827 6161 6905
f 6905 6161 6154
f 6905 6154 6906
f 6906 6154 6153
f 6906 6153 6908
f 6908 6153 6152
f 6908 6152 6910
f 6910 6152 6160
f 6910 6160 6912
f 6912 6160 6157
f 6912 6157 6845
f 6845 6157 6156
f 6845 6156 6843
f 6843 6156 6155
f 6843 6155 6841
f 6841 6155 6159
f 6841 6159 6839
f 6839 6159 6139
f 6839 6139 6838
f 6838 6139 6138
f 6838 6138 6837
f 6837 6138 6136
f 6816 6110 6818
f 6818 6110 6108
f 6818 6108 6820
f 6820 6108 6134
f 6820 6134 6821
f 6821 6134 6133
f 6821 6133 6840
f 6840 6133 6115
f 6840 6115 6842
f 6842 6115 6114
f 6842 6114 6844
f 6844 6114 6113
f 6844 6113 6846
f 6846 6113 6132
f 6846 6132 6847
f 6847 6132 6119
f 6847 6119 6911
f 6911 6119 6118
f 6911 6118 6909
f 6909 6118 6117
f 6909 6117 6907
f 6907 6117 6131
f 6907 6131 6822
f 6822 6131 6130
f 6822 6130 6823
f 6823 6130 6123
f 6823 6123 6824
f 6824 6123 6122
f 6824 6122 6913
f 6913 6122 6121
f 6913 6121 6914
f 6914 6121 6129
f 6914 6129 6915
f 6915 6129 6126
f 6915 6126 6806
f 6806 6126 6125
f 6806 6125 6808
f 6808 6125 6124
f 6808 6124 6810
f 6810 6124 6128
f 6810 6128 6812
f 6812 6128 6127
f 6812 6127 6814
f 6814 6127 6111
f 6814 6111 6816
f 6816 6111 6110
f 6916 6085 6917
f 6917 6085 6100
f 6917 6100 6784
f 6784 6100 6099
f 6784 6099 6782
f 6782 6099 6091
f 6782 6091 6780
f 6780 6091 6090
f 6780 6090 6778
f 6778 6090 6089
f 6778 6089 6776
f 6776 6089 6106
f 6776 6106 6775
f 6775 6106 6095
f 6775 6095 6774
f 6774 6095 6094
f 6774 6094 6773
f 6773 6094 6093
f 6773 6093 6772
f 6772 6093 6105
f 6772 6105 6769
f 6769 6105 6098
f 6769 6098 6770
f 6770 6098 6097
f 6770 6097 6771
f 6771 6097 6096
f 6771 6096 6904
f 6904 6096 6104
f 6904 6104 6902
f 6902 6104 6103
f 6902 6103 6900
f 6900 6103 6083
f 6900 6083 6851
f 6851 6083 6082
f 6851 6082 6852
f 6852 6082 6081
f 6852 6081 6918
f 6918 6081 6102
f 6918 6102 6919
f 6919 6102 6101
f 6919 6101 6920
f 6920 6101 6087
f 6920 6087 6921
f 6921 6087 6086
f 6921 6086 6916
f 6916 6086 6085
f 6743 5964 6741
f 6741 5964 5963
f 6741 5963 6738
f 6738 5963 5962
f 6738 5962 6735
f 6735 5962 5961
f 6735 5961 6736
f 6736 5961 5971
f 6736 5971 6737
f 6737 5971 5948
f 6737 5948 6867
f 6867 5948 5947
f 6867 5947 6866
f 6866 5947 5945
f 6866 5945 6864
f 6864 5945 5970
f 6864 5970 6862
f 6862 5970 5969
f 6862 5969 6860
f 6860 5969 5952
f 6860 5952 6858
f 6858 5952 5951
f 6858 5951 6922
f 6922 5951 5950
f 6922 5950 6923
f 6923 5950 5968
f 6923 5968 6924
f 6924 5968 5967
f 6924 5967 6925
f 6925 5967 5966
f 6925 5966 6926
f 6926 5966 5956
f 6926 5956 6927
f 6927 5956 5955
f 6927 5955 6853
f 6853 5955 5954
f 6853 5954 6854
f 6854 5954 5965
f 6854 5965 6855
f 6855 5965 5960
f 6855 5960 6891
f 6891 5960 5959
f 6891 5959 6889
f 6889 5959 5958
f 6889 5958 6743
f 6743 5958 5964
f 6928 5983 6929
f 6929 5983 5982
f 6929 5982 6815
f 6815 5982 5999
f 6815 5999 6813
f 6813 5999 5998
f 6813 5998 6811
f 6811 5998 5988
f 6811 5988 6809
f 6809 5988 5987
f 6809 5987 6807
f 6807 5987 5986
f 6807 5986 6805
f 6805 5986 5997
f 6805 5997 6804
f 6804 5997 5991
f 6804 5991 6803
f 6803 5991 5990
f 6803 5990 6802
f 6802 5990 5989
f 6802 5989 6800
f 6800 5989 5996
f 6800 5996 6798
f 6798 5996 5995
f 6798 5995 6796
f 6796 5995 5976
f 6796 5976 6781
f 6781 5976 5975
f 6781 5975 6783
f 6783 5975 5973
f 6783 5973 6785
f 6785 5973 5994
f 6785 5994 6786
f 6786 5994 5980
f 6786 5980 6787
f 6787 5980 5979
f 6787 5979 6848
f 6848 5979 5978
f 6848 5978 6849
f 6849 5978 5993
f 6849 5993 6930
f 6930 5993 5992
f 6930 5992 6931
f 6931 5992 5984
f 6931 5984 6928
f 6928 5984 5983
f 5079 5070 6702
f 6702 5070 5071
f 6702 5071 5017
f 5017 4999 6702
f 6702 4999 6706
f 6706 4999 4989
f 6706 4989 6707
f 6707 4989 4984
f 6707 4984 4983
f 4983 4935 6707
f 6707 4935 6708
f 6708 4935 4933
f 6708 4933 6709
f 6709 4933 4927
f 6709 4927 6703
f 6703 4927 4922
f 6703 4922 6704
f 6704 4922 4914
f 6704 4914 6705
f 6705 4914 4913
f 4913 6932 6705
f 6705 6932 6710
f 4565 6933 4563
f 4563 6933 4904
f 4904 6933 6934
f 4904 6934 4906
f 4906 6934 6935
f 4906 6935 4908
f 4908 6935 6936
f 4908 6936 6937
f 4908 6937 4910
f 4910 6937 6938
f 4910 6938 4912
f 4912 6938 6939
f 4912 6939 4913
f 4913 6939 6932
f 6940 6941 5829
f 5829 6941 6942
f 5829 6942 6943
f 6943 6942 6944
f 6943 6944 6945
f 6945 6944 6946
f 6945 6946 6947
f 6947 6946 6948
f 6947 6948 6949
f 6949 6948 6950
f 6949 6950 6951
f 6951 6950 6952
f 6951 6952 6953
f 6953 6952 6954
f 6953 6954 6955
f 6955 6954 6956
f 6955 6956 6957
f 6957 6956 6958
f 6957 6958 6959
f 6959 6958 6960
f 6959 6960 6961
f 6961 6960 6962
f 6961 6962 6963
f 6963 6962 6964
f 6963 6964 6965
f 6965 6964 6939
f 6965 6939 6938
f 6941 6940 6966
f 6966 6940 6967
f 6966 6967 6968
f 6968 6967 6969
f 6968 6969 6970
f 6970 6969 6971
f 6970 6971 6972
f 6972 6971 6973
f 6972 6973 6974
f 6974 6973 6975
f 6974 6975 6952
f 6952 6975 6954
f 6971 6976 6973
f 6973 6976 6977
f 6973 6977 6975
f 6975 6977 6978
f 6975 6978 6954
f 6954 6978 6956
f 6977 6976 6979
f 6979 6976 6980
f 6979 6980 6981
f 6981 6980 6982
f 6981 6982 6983
f 6983 6982 6984
f 6983 6984 6985
f 6985 6984 6986
f 6985 6986 6962
f 6962 6986 6964
f 6982 6932 6984
f 6984 6932 6939
f 6984 6939 6986
f 6986 6939 6964
f 6937 6987 6938
f 6938 6987 6988
f 6938 6988 6965
f 6965 6988 6989
f 6965 6989 6963
f 6963 6989 6990
f 6963 6990 6961
f 6961 6990 6991
f 6961 6991 6959
f 6959 6991 6992
f 6959 6992 6957
f 6957 6992 6993
f 6957 6993 6955
f 6955 6993 6994
f 6955 6994 6953
f 6953 6994 6995
f 6953 6995 6951
f 6951 6995 6996
f 6951 6996 6949
f 6949 6996 6997
f 6949 6997 6947
f 6947 6997 6998
f 6947 6998 6945
f 6945 6998 6943
f 6936 6999 6937
f 6937 6999 7000
f 6937 7000 7001
f 7001 7000 7002
f 7001 7002 7003
f 7003 7002 7004
f 7003 7004 7005
f 7005 7004 7006
f 7005 7006 7007
f 7007 7006 7008
f 7007 7008 7009
f 7009 7008 7010
f 7009 7010 7011
f 7011 7010 7012
f 7011 7012 7013
f 7013 7012 7014
f 7013 7014 7015
f 7015 7014 7016
f 7015 7016 7017
f 7017 7016 7018
f 7017 7018 6998
f 6998 7018 6943
f 6935 7019 6936
f 6936 7019 7020
f 6936 7020 6999
f 6999 7020 7002
f 6999 7002 7000
f 6934 7021 6935
f 6935 7021 7022
f 6935 7022 7023
f 7023 7022 7024
f 7023 7024 7025
f 7025 7024 7006
f 7025 7006 7004
f 6933 7026 6934
f 6934 7026 7027
f 6934 7027 7021
f 7021 7027 7028
f 7021 7028 7022
f 7022 7028 7029
f 7022 7029 7024
f 7024 7029 7008
f 7024 7008 7006
f 4565 7030 6933
f 6933 7030 7031
f 6933 7031 7026
f 7026 7031 7027
f 4565 7032 7030
f 7030 7032 7031
f 7032 7033 7031
f 7031 7033 7034
f 7031 7034 7027
f 7027 7034 7035
f 7027 7035 7028
f 7028 7035 7036
f 7028 7036 7029
f 7029 7036 7010
f 7029 7010 7008
f 7033 7037 7034
f 7034 7037 7038
f 7034 7038 7035
f 7035 7038 7039
f 7035 7039 7036
f 7036 7039 7012
f 7036 7012 7010
f 7037 7040 7038
f 7038 7040 7041
f 7038 7041 7042
f 7042 7041 7018
f 7042 7018 7016
f 6981 6983 7043
f 7043 6983 6985
f 7043 6985 6960
f 6960 6985 6962
f 6978 6977 6979
f 6979 6981 7044
f 7044 6981 7043
f 7044 7043 6958
f 6958 7043 6960
f 6970 6972 7045
f 7045 6972 6974
f 7045 6974 6950
f 6950 6974 6952
f 6968 6970 7046
f 7046 6970 7045
f 7046 7045 6948
f 6948 7045 6950
f 6942 6941 6966
f 6966 6968 7047
f 7047 6968 7046
f 7047 7046 6946
f 6946 7046 6948
f 7047 6946 6944
f 7044 6958 6956
f 7044 6956 6978
f 7015 7017 6997
f 6997 7017 6998
f 7013 7015 6996
f 6996 7015 6997
f 7011 7013 6995
f 6995 7013 6996
f 7009 7011 6994
f 6994 7011 6995
f 7007 7009 6993
f 6993 7009 6994
f 7005 7007 6992
f 6992 7007 6993
f 7003 7005 6991
f 6991 7005 6992
f 7001 7003 6990
f 6990 7003 6991
f 6990 6989 7001
f 7001 6989 6987
f 7001 6987 6937
f 6989 6988 6987
f 7016 7014 7042
f 7042 7014 7039
f 7042 7039 7038
f 7014 7012 7039
f 7025 7004 7020
f 7020 7004 7002
f 7023 7025 7019
f 7019 7025 7020
f 6935 7023 7019
f 7044 6978 6979
f 6944 6942 7047
f 7047 6942 6966
f 6932 6982 6710
f 6710 6982 6711
f 6711 6982 6980
f 6711 6980 6712
f 6712 6980 6976
f 6712 6976 6971
f 6712 6971 6713
f 6713 6971 6969
f 6713 6969 6967
f 6713 6967 6715
f 6715 6967 6940
f 6715 6940 5830
f 5830 6940 5829
f 5829 7048 5827
f 5827 7048 7049
f 5827 7049 7050
f 7050 7049 7051
f 7051 7049 7052
f 7051 7052 7053
f 7053 7052 7054
f 7053 7054 7055
f 7055 7054 7056
f 7056 7054 7057
f 7056 7057 7058
f 7058 7057 7059
f 7058 7059 7060
f 7060 7059 4639
f 4639 7059 7061
f 4639 7061 4565
f 4565 7061 7062
f 4565 7062 7032
f 7032 7062 7033
f 7033 7062 7063
f 7033 7063 7037
f 7037 7063 7040
f 7040 7063 7064
f 7040 7064 7041
f 7041 7064 7065
f 7041 7065 7018
f 7018 7065 7066
f 7018 7066 6943
f 6943 7066 5829
f 5829 7066 7048
f 7052 7049 7048
f 7048 7066 7067
f 7067 7066 7065
f 7067 7065 7068
f 7068 7065 7064
f 7068 7064 7069
f 7069 7064 7063
f 7069 7063 7061
f 7061 7063 7062
f 7054 7052 7067
f 7067 7052 7048
f 7054 7067 7068
f 7057 7054 7068
f 7057 7068 7069
f 7059 7057 7069
f 7059 7069 7061
f 7070 7071 7072
f 7072 7071 7073
f 7072 7073 7074
f 7074 7073 7075
f 7074 7075 7076
f 7076 7075 7077
f 7076 7077 7078
f 7078 7077 7079
f 7078 7079 7080
f 7080 7079 7081
f 7080 7081 7082
f 7082 7081 7083
f 7082 7083 7084
f 7084 7083 7085
f 7084 7085 7086
f 7086 7085 7087
f 7086 7087 7088
f 7088 7087 7089
f 7088 7089 7090
f 7090 7089 7091
f 7090 7091 7092
f 7092 7091 7093
f 7092 7093 7094
f 7094 7093 7095
f 7094 7095 7096
f 7096 7095 7050
f 7096 7050 7051
f 7071 7070 7097
f 7097 7070 7098
f 7097 7098 7099
f 7099 7098 7100
f 7099 7100 7101
f 7101 7100 7102
f 7101 7102 7103
f 7103 7102 7104
f 7103 7104 7105
f 7105 7104 7106
f 7105 7106 7083
f 7083 7106 7085
f 7102 7107 7104
f 7104 7107 7108
f 7104 7108 7106
f 7106 7108 7109
f 7106 7109 7085
f 7085 7109 7087
f 7108 7107 7110
f 7110 7107 7111
f 7110 7111 7112
f 7112 7111 7113
f 7112 7113 7114
f 7114 7113 7115
f 7114 7115 7116
f 7116 7115 7117
f 7116 7117 7093
f 7093 7117 7095
f 7113 5827 7115
f 7115 5827 7050
f 7115 7050 7117
f 7117 7050 7095
f 7053 7118 7051
f 7051 7118 7119
f 7051 7119 7096
f 7096 7119 7120
f 7096 7120 7094
f 7094 7120 7121
f 7094 7121 7092
f 7092 7121 7122
f 7092 7122 7090
f 7090 7122 7123
f 7090 7123 7088
f 7088 7123 7124
f 7088 7124 7086
f 7086 7124 7125
f 7086 7125 7084
f 7084 7125 7126
f 7084 7126 7082
f 7082 7126 7127
f 7082 7127 7080
f 7080 7127 7128
f 7080 7128 7078
f 7078 7128 7129
f 7078 7129 7076
f 7076 7129 7074
f 7055 7130 7053
f 7053 7130 7131
f 7053 7131 7132
f 7132 7131 7133
f 7132 7133 7134
f 7134 7133 7135
f 7134 7135 7136
f 7136 7135 7137
f 7136 7137 7138
f 7138 7137 7139
f 7138 7139 7140
f 7140 7139 7141
f 7140 7141 7142
f 7142 7141 7143
f 7142 7143 7144
f 7144 7143 7145
f 7144 7145 7146
f 7146 7145 7147
f 7146 7147 7148
f 7148 7147 7149
f 7148 7149 7129
f 7129 7149 7074
f 7056 7150 7055
f 7055 7150 7151
f 7055 7151 7130
f 7130 7151 7133
f 7130 7133 7131
f 7058 7152 7056
f 7056 7152 7153
f 7056 7153 7154
f 7154 7153 7155
f 7154 7155 7156
f 7156 7155 7137
f 7156 7137 7135
f 7060 7157 7058
f 7058 7157 7158
f 7058 7158 7152
f 7152 7158 7159
f 7152 7159 7153
f 7153 7159 7160
f 7153 7160 7155
f 7155 7160 7139
f 7155 7139 7137
f 4639 7161 7060
f 7060 7161 7162
f 7060 7162 7157
f 7157 7162 7158
f 4639 7163 7161
f 7161 7163 7164
f 7161 7164 7162
f 7162 7164 7165
f 7162 7165 7166
f 7166 7165 7167
f 7166 7167 7168
f 7168 7167 7169
f 7168 7169 7170
f 7168 7170 7171
f 7171 7170 7149
f 7171 7149 7147
f 7112 7114 7172
f 7172 7114 7116
f 7172 7116 7091
f 7091 7116 7093
f 7109 7108 7110
f 7110 7112 7173
f 7173 7112 7172
f 7173 7172 7089
f 7089 7172 7091
f 7101 7103 7174
f 7174 7103 7105
f 7174 7105 7081
f 7081 7105 7083
f 7099 7101 7175
f 7175 7101 7174
f 7175 7174 7079
f 7079 7174 7081
f 7073 7071 7097
f 7097 7099 7176
f 7176 7099 7175
f 7176 7175 7077
f 7077 7175 7079
f 7176 7077 7075
f 7173 7089 7087
f 7173 7087 7109
f 7146 7148 7128
f 7128 7148 7129
f 7144 7146 7127
f 7127 7146 7128
f 7142 7144 7126
f 7126 7144 7127
f 7140 7142 7125
f 7125 7142 7126
f 7138 7140 7124
f 7124 7140 7125
f 7136 7138 7123
f 7123 7138 7124
f 7134 7136 7122
f 7122 7136 7123
f 7132 7134 7121
f 7121 7134 7122
f 7121 7120 7132
f 7132 7120 7118
f 7132 7118 7053
f 7120 7119 7118
f 7147 7145 7171
f 7171 7145 7177
f 7171 7177 7168
f 7168 7177 7178
f 7168 7178 7166
f 7166 7178 7158
f 7166 7158 7162
f 7145 7143 7177
f 7177 7143 7179
f 7177 7179 7178
f 7178 7179 7159
f 7178 7159 7158
f 7143 7141 7179
f 7179 7141 7160
f 7179 7160 7159
f 7141 7139 7160
f 7156 7135 7151
f 7151 7135 7133
f 7154 7156 7150
f 7150 7156 7151
f 7056 7154 7150
f 7173 7109 7110
f 7075 7073 7176
f 7176 7073 7097
f 5827 7113 5828
f 5828 7113 6734
f 6734 7113 7111
f 6734 7111 6739
f 6739 7111 7107
f 6739 7107 7102
f 6739 7102 6740
f 6740 7102 7100
f 6740 7100 7098
f 6740 7098 6742
f 6742 7098 7070
f 6742 7070 6744
f 6744 7070 7072
f 7180 6747 7072
f 7072 6747 6744
f 7072 7074 7180
f 7180 7074 7181
f 7181 7074 7149
f 7181 7149 7182
f 7182 7149 7170
f 7182 7170 7183
f 7183 7170 7169
f 7183 7169 7184
f 7184 7169 7167
f 7184 7167 7165
f 7184 7165 7185
f 7185 7165 7164
f 7185 7164 7163
f 4639 4637 7163
f 7163 4637 7185
f 7185 4637 7186
f 7186 4637 4635
f 7186 4635 7187
f 7187 4635 4633
f 7187 4633 7188
f 7188 4633 4631
f 7188 4631 7189
f 7189 4631 4629
f 7189 4629 7190
f 7190 4629 4627
f 7190 4627 7191
f 7191 4627 7192
f 7191 7192 7193
f 7193 7192 7194
f 7193 7194 7195
f 7195 7194 7196
f 7195 7196 7197
f 7197 7196 7198
f 7197 7198 7199
f 7199 7198 7200
f 7199 7200 7201
f 4627 4624 7192
f 7192 4624 7202
f 7192 7202 7194
f 7194 7202 7203
f 7194 7203 7196
f 7196 7203 7204
f 7196 7204 7198
f 7198 7204 7205
f 7198 7205 7200
f 4624 4617 7202
f 7202 4617 7206
f 7202 7206 7203
f 7203 7206 7207
f 7203 7207 7204
f 7204 7207 7208
f 7204 7208 7205
f 4617 4618 7206
f 7206 4618 7209
f 7206 7209 7207
f 7207 7209 7210
f 7207 7210 7208
f 4618 4620 7209
f 7209 4620 7211
f 7209 7211 7210
f 7201 7212 7199
f 7199 7212 7213
f 7199 7213 7197
f 7197 7213 7214
f 7197 7214 7195
f 7195 7214 7215
f 7195 7215 7193
f 7193 7215 7216
f 7193 7216 7191
f 7191 7216 7190
f 7212 7217 7213
f 7213 7217 7218
f 7213 7218 7214
f 7214 7218 7219
f 7214 7219 7215
f 7215 7219 7220
f 7215 7220 7216
f 7216 7220 7221
f 7216 7221 7190
f 7190 7221 7189
f 7218 7217 7222
f 7222 7217 7223
f 7222 7223 7224
f 7224 7223 7225
f 7224 7225 7226
f 7226 7225 7227
f 7226 7227 7228
f 7228 7227 7229
f 7228 7229 7230
f 7230 7229 7231
f 7230 7231 7232
f 7232 7231 7233
f 7232 7233 7186
f 7186 7233 7185
f 7225 7234 7227
f 7227 7234 7235
f 7227 7235 7229
f 7229 7235 7236
f 7229 7236 7231
f 7231 7236 7237
f 7231 7237 7233
f 7233 7237 7184
f 7233 7184 7185
f 7234 7238 7235
f 7235 7238 7239
f 7235 7239 7236
f 7236 7239 7240
f 7236 7240 7237
f 7237 7240 7183
f 7237 7183 7184
f 7239 7238 7241
f 7241 7238 7180
f 7241 7180 7181
f 7181 7182 7241
f 7241 7182 7240
f 7241 7240 7239
f 7182 7183 7240
f 7186 7187 7232
f 7232 7187 7242
f 7232 7242 7230
f 7230 7242 7243
f 7230 7243 7228
f 7228 7243 7244
f 7228 7244 7226
f 7226 7244 7224
f 7187 7188 7242
f 7242 7188 7245
f 7242 7245 7243
f 7243 7245 7246
f 7243 7246 7244
f 7244 7246 7247
f 7244 7247 7224
f 7224 7247 7222
f 7188 7189 7245
f 7245 7189 7221
f 7245 7221 7246
f 7246 7221 7220
f 7246 7220 7247
f 7247 7220 7219
f 7247 7219 7222
f 7222 7219 7218
f 6747 7180 6759
f 6759 7180 7238
f 6759 7238 6761
f 6761 7238 7234
f 6761 7234 6762
f 6762 7234 7225
f 6762 7225 6763
f 6763 7225 7223
f 6763 7223 6764
f 6764 7223 7217
f 6764 7217 6765
f 6765 7217 7212
f 6765 7212 6760
f 6760 7212 7201
f 7201 7248 6760
f 6760 7248 6749
f 4623 7249 4620
f 4620 7249 7211
f 7211 7249 7250
f 7211 7250 7210
f 7210 7250 7251
f 7210 7251 7208
f 7208 7251 7252
f 7208 7252 7253
f 7208 7253 7205
f 7205 7253 7254
f 7205 7254 7200
f 7200 7254 7255
f 7200 7255 7201
f 7201 7255 7248
f 7256 7257 6197
f 6197 7257 7258
f 6197 7258 6571
f 6571 7258 7259
f 6571 7259 7260
f 7260 7259 7261
f 7260 7261 7262
f 7262 7261 7263
f 7262 7263 7264
f 7264 7263 7265
f 7264 7265 7266
f 7266 7265 7267
f 7266 7267 7268
f 7268 7267 7269
f 7268 7269 7270
f 7270 7269 7271
f 7270 7271 7272
f 7272 7271 7273
f 7272 7273 7274
f 7274 7273 7275
f 7274 7275 7276
f 7276 7275 7277
f 7276 7277 7278
f 7278 7277 7279
f 7278 7279 7280
f 7280 7279 7255
f 7280 7255 7254
f 7257 7256 7281
f 7281 7256 7282
f 7281 7282 7283
f 7283 7282 7284
f 7283 7284 7285
f 7285 7284 7286
f 7285 7286 7287
f 7287 7286 7288
f 7287 7288 7289
f 7289 7288 7290
f 7289 7290 7267
f 7267 7290 7269
f 7286 7291 7288
f 7288 7291 7292
f 7288 7292 7290
f 7290 7292 7293
f 7290 7293 7269
f 7269 7293 7271
f 7292 7291 7294
f 7294 7291 7295
f 7294 7295 7296
f 7296 7295 7297
f 7296 7297 7298
f 7298 7297 7299
f 7298 7299 7300
f 7300 7299 7301
f 7300 7301 7277
f 7277 7301 7279
f 7297 7248 7299
f 7299 7248 7255
f 7299 7255 7301
f 7301 7255 7279
f 7253 7302 7254
f 7254 7302 7303
f 7254 7303 7280
f 7280 7303 7304
f 7280 7304 7278
f 7278 7304 7305
f 7278 7305 7276
f 7276 7305 7306
f 7276 7306 7274
f 7274 7306 7307
f 7274 7307 7272
f 7272 7307 7308
f 7272 7308 7270
f 7270 7308 7309
f 7270 7309 7268
f 7268 7309 7310
f 7268 7310 7266
f 7266 7310 7311
f 7266 7311 7264
f 7264 7311 7312
f 7264 7312 7262
f 7262 7312 7313
f 7262 7313 7260
f 7260 7313 6572
f 7260 6572 6571
f 7252 7314 7253
f 7253 7314 7315
f 7253 7315 7316
f 7316 7315 7317
f 7316 7317 7318
f 7318 7317 7319
f 7318 7319 7320
f 7320 7319 7321
f 7320 7321 7322
f 7322 7321 7323
f 7322 7323 7324
f 7324 7323 7325
f 7324 7325 7326
f 7326 7325 7327
f 7326 7327 7328
f 7328 7327 7329
f 7328 7329 7330
f 7330 7329 7331
f 7330 7331 7332
f 7332 7331 6584
f 7332 6584 6572
f 7251 7333 7252
f 7252 7333 7334
f 7252 7334 7314
f 7314 7334 7317
f 7314 7317 7315
f 7250 7335 7251
f 7251 7335 7336
f 7251 7336 7337
f 7337 7336 7338
f 7337 7338 7339
f 7339 7338 7321
f 7339 7321 7319
f 7249 7340 7250
f 7250 7340 7341
f 7250 7341 7335
f 7335 7341 7342
f 7335 7342 7336
f 7336 7342 7343
f 7336 7343 7338
f 7338 7343 7323
f 7338 7323 7321
f 4623 7344 7249
f 7249 7344 7345
f 7249 7345 7340
f 7340 7345 7341
f 4623 6583 7344
f 7344 6583 6588
f 7344 6588 7345
f 7345 6588 6587
f 7345 6587 7346
f 7346 6587 6586
f 7346 6586 7347
f 7347 6586 6585
f 7347 6585 7348
f 7348 6585 6584
f 7348 6584 7331
f 7296 7298 7349
f 7349 7298 7300
f 7349 7300 7275
f 7275 7300 7277
f 7293 7292 7294
f 7294 7296 7350
f 7350 7296 7349
f 7350 7349 7273
f 7273 7349 7275
f 7285 7287 7351
f 7351 7287 7289
f 7351 7289 7265
f 7265 7289 7267
f 7283 7285 7352
f 7352 7285 7351
f 7352 7351 7263
f 7263 7351 7265
f 7258 7257 7281
f 7281 7283 7353
f 7353 7283 7352
f 7353 7352 7261
f 7261 7352 7263
f 7353 7261 7259
f 7350 7273 7271
f 7350 7271 7293
f 7332 6572 7313
f 7330 7332 7312
f 7312 7332 7313
f 7328 7330 7311
f 7311 7330 7312
f 7326 7328 7310
f 7310 7328 7311
f 7324 7326 7309
f 7309 7326 7310
f 7322 7324 7308
f 7308 7324 7309
f 7320 7322 7307
f 7307 7322 7308
f 7318 7320 7306
f 7306 7320 7307
f 7316 7318 7305
f 7305 7318 7306
f 7305 7304 7316
f 7316 7304 7302
f 7316 7302 7253
f 7304 7303 7302
f 7331 7329 7348
f 7348 7329 7354
f 7348 7354 7347
f 7347 7354 7355
f 7347 7355 7346
f 7346 7355 7341
f 7346 7341 7345
f 7329 7327 7354
f 7354 7327 7356
f 7354 7356 7355
f 7355 7356 7342
f 7355 7342 7341
f 7327 7325 7356
f 7356 7325 7343
f 7356 7343 7342
f 7325 7323 7343
f 7339 7319 7334
f 7334 7319 7317
f 7337 7339 7333
f 7333 7339 7334
f 7251 7337 7333
f 7350 7293 7294
f 7259 7258 7353
f 7353 7258 7281
f 7248 7297 6749
f 6749 7297 6751
f 6751 7297 7295
f 6751 7295 6754
f 6754 7295 7291
f 6754 7291 7286
f 6754 7286 6756
f 6756 7286 7284
f 6756 7284 7282
f 6756 7282 6758
f 6758 7282 7256
f 6758 7256 6198
f 6198 7256 6197
f 6000 6002 6186
f 6186 6002 5868
f 6186 5868 5085
f 5085 5868 5086
f 5879 5881 6002
f 6002 5881 5868
f 5809 5868 5808
f 5808 5868 5881
f 6002 6017 5879
f 5879 6017 5880
f 5923 5925 5857
f 5857 5925 6187
f 5857 6187 1809
f 1809 1808 5857
f 5857 5858 5923
f 5923 5858 5916
f 5858 1812 5916
f 5916 1812 1714
f 1679 1678 5854
f 5854 1678 6817
f 5854 6817 5940
f 5940 5938 5854
f 5853 5854 5931
f 5931 5854 5938
f 1680 5853 1585
f 1585 5853 5931
f 5977 5860 5981
f 5981 5860 5906
f 5981 5906 5904
f 5939 5940 5977
f 5977 5940 6817
f 5977 6817 5860
f 5860 6817 5862
f 5862 6817 6819
f 5862 6819 5850
f 5850 6819 5849
f 5849 6819 6135
f 5849 6135 6137
f 5891 5869 6137
f 6137 5869 5849
f 5886 6107 5850
f 5850 6107 6109
f 5850 6109 5862
f 5862 6109 5896
f 5896 6109 5895
f 5886 5887 6107
f 6166 5985 5903
f 5903 5985 5981
f 5903 5981 5904
f 6166 6167 5985
f 5985 6167 5974
f 5934 5972 5937
f 5937 5972 5974
f 5937 5974 6167
f 5977 5972 5939
f 5939 5972 5934
f 5905 5906 5859
f 5859 5906 5860
f 5861 5862 5897
f 5897 5862 5896
f 6109 6120 5895
f 5895 6120 5893
f 5893 6120 5419
f 5419 6120 6116
f 5419 6116 6191
f 5885 5418 6112
f 6112 5418 6116
f 6116 5418 6191
f 5887 5885 6107
f 6107 5885 6112
f 5417 5886 5432
f 5432 5886 5850
f 6137 6151 5891
f 5891 6151 5892
f 5892 6151 5413
f 5413 6151 6147
f 5413 6147 6192
f 5888 5411 6144
f 6144 5411 6147
f 6147 5411 6192
f 5890 5888 6140
f 6140 5888 6144
f 6135 6819 6140
f 6140 6819 5867
f 6140 5867 5889
f 6819 5094 5867
f 5867 5094 5093
f 5889 5890 6140
f 5407 5889 5408
f 5408 5889 5867
f 5116 5115 5211
f 5211 5115 5110
f 5211 5110 5109
f 7357 7358 6779
f 6779 7358 6795
f 6795 7358 7359
f 6795 7359 6797
f 6797 7359 7360
f 6797 7360 7361
f 6797 7361 6799
f 6799 7361 7362
f 6799 7362 7363
f 6799 7363 6801
f 6801 7363 7364
f 6801 7364 5443
f 5443 7364 5380
f 7364 7365 5380
f 5380 7365 7366
f 5380 7366 5400
f 5400 7366 7367
f 5400 7367 7368
f 7368 7367 7369
f 7368 7369 7370
f 7370 7369 7371
f 7370 7371 7372
f 7372 7371 7373
f 7372 7373 7374
f 7374 7373 7375
f 7374 7375 7376
f 7376 7375 7377
f 7376 7377 7378
f 7378 7377 7379
f 7378 7379 7380
f 7380 7379 7381
f 7380 7381 7382
f 7382 7381 7383
f 7382 7383 7384
f 7384 7383 7385
f 7384 7385 7386
f 7386 7385 7387
f 7386 7387 7388
f 7388 7387 7389
f 7388 7389 7390
f 7365 7364 7391
f 7391 7364 7363
f 7391 7363 7392
f 7392 7363 7362
f 7392 7362 7393
f 7393 7362 7361
f 7393 7361 7394
f 7394 7361 7395
f 7394 7395 7396
f 7396 7395 7397
f 7396 7397 7375
f 7375 7397 7377
f 7361 7360 7395
f 7395 7360 7398
f 7395 7398 7397
f 7397 7398 7399
f 7397 7399 7377
f 7377 7399 7379
f 7398 7360 7400
f 7400 7360 7359
f 7400 7359 7401
f 7401 7359 7358
f 7401 7358 7402
f 7402 7358 7403
f 7402 7403 7404
f 7404 7403 7405
f 7404 7405 7385
f 7385 7405 7387
f 7358 7357 7403
f 7403 7357 7389
f 7403 7389 7405
f 7405 7389 7387
f 7406 7407 7390
f 7390 7407 7408
f 7390 7408 7388
f 7388 7408 7409
f 7388 7409 7386
f 7386 7409 7410
f 7386 7410 7384
f 7384 7410 7411
f 7384 7411 7382
f 7382 7411 7412
f 7382 7412 7380
f 7380 7412 7413
f 7380 7413 7378
f 7378 7413 7414
f 7378 7414 7376
f 7376 7414 7415
f 7376 7415 7374
f 7374 7415 7416
f 7374 7416 7372
f 7372 7416 7417
f 7372 7417 7370
f 7370 7417 7418
f 7370 7418 7368
f 7368 7418 5398
f 7368 5398 5400
f 7419 7420 7406
f 7406 7420 7421
f 7406 7421 7422
f 7422 7421 7423
f 7422 7423 7424
f 7424 7423 7425
f 7424 7425 7426
f 7426 7425 7427
f 7426 7427 7428
f 7428 7427 7429
f 7428 7429 7430
f 7430 7429 7431
f 7430 7431 7432
f 7432 7431 7433
f 7432 7433 7434
f 7434 7433 7435
f 7434 7435 7436
f 7436 7435 7437
f 7436 7437 7438
f 7438 7437 5397
f 7438 5397 5398
f 7439 7440 7419
f 7419 7440 7441
f 7419 7441 7420
f 7420 7441 7423
f 7420 7423 7421
f 7442 7443 7439
f 7439 7443 7444
f 7439 7444 7445
f 7445 7444 7446
f 7445 7446 7447
f 7447 7446 7427
f 7447 7427 7425
f 7448 7449 7442
f 7442 7449 7450
f 7442 7450 7443
f 7443 7450 7451
f 7443 7451 7444
f 7444 7451 7452
f 7444 7452 7446
f 7446 7452 7429
f 7446 7429 7427
f 4598 7453 7448
f 7448 7453 7454
f 7448 7454 7449
f 7449 7454 7450
f 4598 5388 7453
f 7453 5388 5390
f 7453 5390 7454
f 7454 5390 5391
f 7454 5391 7455
f 7455 5391 5393
f 7455 5393 7456
f 7456 5393 5395
f 7456 5395 7457
f 7457 5395 5397
f 7457 5397 7437
f 7401 7402 7458
f 7458 7402 7404
f 7458 7404 7383
f 7383 7404 7385
f 7399 7398 7400
f 7400 7401 7459
f 7459 7401 7458
f 7459 7458 7381
f 7381 7458 7383
f 7393 7394 7460
f 7460 7394 7396
f 7460 7396 7373
f 7373 7396 7375
f 7392 7393 7461
f 7461 7393 7460
f 7461 7460 7371
f 7371 7460 7373
f 7366 7365 7391
f 7391 7392 7462
f 7462 7392 7461
f 7462 7461 7369
f 7369 7461 7371
f 7462 7369 7367
f 7459 7381 7379
f 7459 7379 7399
f 7438 5398 7418
f 7436 7438 7417
f 7417 7438 7418
f 7434 7436 7416
f 7416 7436 7417
f 7432 7434 7415
f 7415 7434 7416
f 7430 7432 7414
f 7414 7432 7415
f 7428 7430 7413
f 7413 7430 7414
f 7426 7428 7412
f 7412 7428 7413
f 7424 7426 7411
f 7411 7426 7412
f 7422 7424 7410
f 7410 7424 7411
f 7410 7409 7422
f 7422 7409 7407
f 7422 7407 7406
f 7409 7408 7407
f 7437 7435 7457
f 7457 7435 7463
f 7457 7463 7456
f 7456 7463 7464
f 7456 7464 7455
f 7455 7464 7450
f 7455 7450 7454
f 7435 7433 7463
f 7463 7433 7465
f 7463 7465 7464
f 7464 7465 7451
f 7464 7451 7450
f 7433 7431 7465
f 7465 7431 7452
f 7465 7452 7451
f 7431 7429 7452
f 7447 7425 7441
f 7441 7425 7423
f 7445 7447 7440
f 7440 7447 7441
f 7439 7445 7440
f 7459 7399 7400
f 7367 7366 7462
f 7462 7366 7391
f 4598 7448 4601
f 4601 7448 7466
f 7466 7448 7442
f 7466 7442 7467
f 7467 7442 7439
f 7467 7439 7468
f 7468 7439 7419
f 7468 7419 7406
f 7468 7406 7469
f 7469 7406 7390
f 7469 7390 7470
f 7470 7390 7389
f 7470 7389 7471
f 7471 7389 7357
f 7472 4621 7473
f 7473 4621 4619
f 7473 4619 7474
f 7474 4619 4616
f 7474 4616 7475
f 7475 4616 4613
f 7475 4613 7476
f 7476 4613 4611
f 7476 4611 7477
f 7477 4611 4609
f 7477 4609 7478
f 7478 4609 7479
f 7478 7479 7480
f 7480 7479 7481
f 7480 7481 7482
f 7482 7481 7483
f 7482 7483 7484
f 7484 7483 7485
f 7484 7485 7486
f 7486 7485 7470
f 7486 7470 7471
f 4609 4607 7479
f 7479 4607 7487
f 7479 7487 7481
f 7481 7487 7488
f 7481 7488 7483
f 7483 7488 7489
f 7483 7489 7485
f 7485 7489 7469
f 7485 7469 7470
f 4607 4605 7487
f 7487 4605 7490
f 7487 7490 7488
f 7488 7490 7491
f 7488 7491 7489
f 7489 7491 7468
f 7489 7468 7469
f 4605 4603 7490
f 7490 4603 7492
f 7490 7492 7491
f 7491 7492 7467
f 7491 7467 7468
f 4603 4601 7492
f 7492 4601 7466
f 7492 7466 7467
f 7471 7493 7486
f 7486 7493 7494
f 7486 7494 7484
f 7484 7494 7495
f 7484 7495 7482
f 7482 7495 7496
f 7482 7496 7480
f 7480 7496 7497
f 7480 7497 7478
f 7478 7497 7477
f 7493 7498 7494
f 7494 7498 7499
f 7494 7499 7495
f 7495 7499 7500
f 7495 7500 7496
f 7496 7500 7501
f 7496 7501 7497
f 7497 7501 7502
f 7497 7502 7477
f 7477 7502 7476
f 7499 7498 7503
f 7503 7498 7504
f 7503 7504 7505
f 7505 7504 7506
f 7505 7506 7507
f 7507 7506 7508
f 7507 7508 7509
f 7509 7508 7510
f 7509 7510 7511
f 7511 7510 7512
f 7511 7512 7513
f 7513 7512 7514
f 7513 7514 7473
f 7473 7514 7472
f 7506 7515 7508
f 7508 7515 7516
f 7508 7516 7510
f 7510 7516 7517
f 7510 7517 7512
f 7512 7517 7518
f 7512 7518 7514
f 7514 7518 7519
f 7514 7519 7472
f 7515 7520 7516
f 7516 7520 7521
f 7516 7521 7517
f 7517 7521 7522
f 7517 7522 7518
f 7518 7522 7523
f 7518 7523 7519
f 7521 7520 7524
f 7524 7520 7525
f 7524 7525 7526
f 7526 7527 7524
f 7524 7527 7522
f 7524 7522 7521
f 7527 7523 7522
f 7473 7474 7513
f 7513 7474 7528
f 7513 7528 7511
f 7511 7528 7529
f 7511 7529 7509
f 7509 7529 7530
f 7509 7530 7507
f 7507 7530 7505
f 7474 7475 7528
f 7528 7475 7531
f 7528 7531 7529
f 7529 7531 7532
f 7529 7532 7530
f 7530 7532 7533
f 7530 7533 7505
f 7505 7533 7503
f 7475 7476 7531
f 7531 7476 7502
f 7531 7502 7532
f 7532 7502 7501
f 7532 7501 7533
f 7533 7501 7500
f 7533 7500 7503
f 7503 7500 7499
f 6591 6593 7525
f 7525 6593 7526
f 7526 6593 6668
f 7526 6668 7527
f 7527 6668 6687
f 7527 6687 7523
f 7523 6687 6686
f 7523 6686 7519
f 7519 6686 6684
f 7519 6684 6682
f 7519 6682 7472
f 7472 6682 4622
f 7472 4622 4621
f 7525 6789 6591
f 6591 6789 6701
f 6789 7525 6794
f 6794 7525 7520
f 6794 7520 6793
f 6793 7520 7515
f 6793 7515 6792
f 6792 7515 7506
f 6792 7506 6791
f 6791 7506 7504
f 6791 7504 6790
f 6790 7504 7498
f 6790 7498 6788
f 6788 7498 7493
f 6788 7493 6777
f 6777 7493 7471
f 7471 7357 6777
f 6777 7357 6779
f 5919 6066 5922
f 5922 6066 5942
f 5922 5942 5943
f 1811 6066 1720
f 1720 6066 5919
f 5927 5926 6084
f 6084 5926 6088
f 6088 5926 6190
f 1772 5927 1774
f 1774 5927 6084
f 5882 6092 5884
f 5884 6092 6088
f 5884 6088 6190
f 1773 6092 1768
f 1768 6092 5882
f 5812 5877 5815
f 5815 5877 5855
f 5816 5856 5817
f 5817 5856 5875
f 5898 5900 5863
f 5863 5900 5864
f 5924 5912 5949
f 5949 5912 5953
f 6169 5957 5911
f 5911 5957 5953
f 5911 5953 5912
f 6169 6164 5957
f 5957 6164 5946
f 5820 5899 5813
f 5813 5899 6185
f 5814 6183 5767
f 5767 6183 5768
f 6183 6181 5768
f 5768 6181 5761
f 5824 5762 6181
f 6181 5762 5761
f 6175 6173 7534
f 7534 6173 7535
f 6177 6175 7536
f 7536 6175 7534
f 6172 6177 7537
f 7537 6177 7536
f 6173 6172 7535
f 7535 6172 7537
f 7535 7537 7534
f 7534 7537 7536
f 7538 7539 7540
f 7540 7539 7541
f 6182 6184 7538
f 7538 6184 7539
f 6180 6182 7540
f 7540 6182 7538
f 6179 6180 7541
f 7541 6180 7540
f 6184 6179 7539
f 7539 6179 7541
f 5742 5728 5487
f 5487 5728 5488
f 5737 5425 5650
f 5650 5425 5654
f 5654 5425 5804
f 5508 5737 5503
f 5503 5737 5650
f 5738 5658 5424
f 5424 5658 5654
f 5424 5654 5804
f 5504 5658 5506
f 5506 5658 5738
f 5788 5434 5624
f 5624 5434 5628
f 5628 5434 5806
f 5500 5788 5498
f 5498 5788 5624
f 5769 5632 5440
f 5440 5632 5628
f 5440 5628 5806
f 5497 5632 5501
f 5501 5632 5769
f 5426 5507 5429
f 5429 5507 5470
f 5422 5469 5423
f 5423 5469 5505
f 5430 5471 5431
f 5431 5471 5502

